step,nb14,eel14,vdwaals,eelec,case1,case2
1000,2403.4259,14261.3913,61769.6784,-515240.9335,-436806.4379,-453471.2551
2000,2370.338,14259.8415,62024.2664,-515759.4987,-437105.0528,-453735.2323
3000,2374.1656,14235.5948,61541.9899,-515281.9083,-437130.158,-453739.9184
4000,2370.3036,14312.8855,61851.291,-516100.0255,-437565.5454,-454248.7345
5000,2392.5036,14335.6041,61894.8402,-515334.5162,-436711.56830000004,-453439.67600000004
6000,2384.0115,14189.5754,62088.9519,-515955.8525,-437293.3137,-453866.9006
7000,2396.5375,14264.7087,62162.1036,-516227.8048,-437404.45499999996,-454065.7012
8000,2376.4886,14283.1279,62286.0126,-516127.9248,-437182.29569999996,-453841.91219999996
9000,2320.1779,14323.5784,61742.8908,-515559.7204,-437173.0733,-453816.8296
10000,2340.2612,14305.3011,62526.9621,-516925.6902,-437753.1658,-454398.7281
11000,2365.5096,14287.153,61322.6839,-514997.1041,-437021.7576,-453674.4202
12000,2355.2823,14339.0291,61642.1141,-515757.1793,-437420.7538,-454115.0652
13000,2370.4028,14356.5523,62240.2281,-515839.449,-436872.26580000005,-453599.2209
14000,2399.7289,14291.2986,61875.3093,-515722.2646,-437155.9278,-453846.9553
15000,2352.9046,14244.3508,62382.7201,-516608.1182,-437628.1427,-454225.39810000005
16000,2390.0746,14244.7876,62034.2947,-515823.8945,-437154.7376,-453789.59979999997
17000,2368.301,14261.3264,61560.0478,-515432.8251,-437243.1499,-453872.7773
18000,2395.1512,14340.5463,61725.9138,-515843.4019,-437381.7906,-454117.4881
19000,2376.3899,14335.7146,62131.896,-516154.5899,-437310.58940000006,-454022.6939
20000,2398.3339,14346.0677,62218.6626,-516695.1311,-437732.0669,-454476.4685
21000,2361.0326,14365.9442,62367.9274,-516341.7732,-437246.869,-453973.8458
22000,2393.0079,14376.6466,61573.5118,-514891.0106,-436547.8443,-453317.4988
23000,2380.9134,14213.0143,61844.5153,-515724.5554,-437286.1124,-453880.0401
24000,2385.9585,14392.4788,62134.1633,-516148.4771,-437235.8765,-454014.3138
25000,2375.778,14199.0386,61924.987,-515234.0558,-436734.2522,-453309.06879999995
26000,2361.3019,14192.9691,61813.6657,-516035.2539,-437667.31720000005,-454221.5882
27000,2389.4486,14245.3554,62096.3102,-516011.401,-437280.2868,-453915.0908
28000,2360.4457,14327.1167,61458.4622,-515550.8211,-437404.7965,-454092.3589
29000,2395.6957,14270.0152,62380.1586,-516187.9294,-437142.0599,-453807.7708
30000,2369.9099,14275.621,62268.9211,-516532.3783,-437617.9263,-454263.4572
31000,2394.8442,14314.3303,61757.8617,-516178.4426,-437711.4064,-454420.5809
32000,2358.0725,14281.463,62287.1344,-516634.0162,-437707.3463,-454346.88180000003
33000,2361.3722,14191.5655,61879.2587,-515483.2068,-437051.01039999997,-453603.9481
34000,2365.7369,14302.5817,61887.8797,-515820.6534,-437264.4551,-453932.7737
35000,2393.7643,14250.9295,62290.4075,-516464.5086,-437529.40729999996,-454174.10109999997
36000,2378.5013,14265.964,62349.2559,-516503.6364,-437509.91520000005,-454154.3805
37000,2374.5899,14241.1748,61989.5988,-515859.0007,-437253.6372,-453869.4019
38000,2404.8821,14290.4465,61461.5459,-515161.7713,-437004.8968,-453700.2254
39000,2380.2793,14256.8809,61845.3906,-516197.154,-437714.6032,-454351.7634
40000,2406.5273,14192.2611,61949.5477,-516780.4726,-438232.13649999996,-454830.9249
41000,2370.2382,14267.9157,62234.5337,-516433.4741,-437560.7865,-454198.94039999996
42000,2392.2476,14155.407,62294.6007,-516653.2904,-437811.0351,-454358.6897
43000,2402.1044,14290.0798,61965.2514,-516248.5792,-437591.14359999995,-454283.32779999997
44000,2380.3982,14319.6846,62000.1165,-516661.2281,-437961.02880000003,-454661.1116
45000,2373.5821,14171.6512,62181.6691,-516243.4082,-437516.50580000004,-454061.7391
46000,2368.5669,14198.921,62145.4692,-516377.9406,-437664.9835,-454232.4714
47000,2393.6507,14176.0094,61969.9145,-516420.6067,-437881.0321,-454450.6922
48000,2397.9747,14269.3328,61635.9457,-515219.6736,-436916.4204,-453583.7279
49000,2381.5369,14274.3925,61780.7717,-515781.3356,-437344.6345,-454000.5639
50000,2388.0007,14257.8668,61834.6301,-515935.611,-437455.1134,-454100.98089999997
51000,2370.8832,14321.5186,61754.0823,-515549.0502,-437102.5661,-453794.9679
52000,2372.3372,14294.9431,61768.9895,-515377.2708,-436941.001,-453608.2813
53000,2400.7091,14219.4686,62273.4167,-516278.1518,-437384.5574,-454004.7351
54000,2391.5015,14175.3785,62019.8556,-515809.6578,-437222.9222,-453789.8022
55000,2365.741,14169.8574,61903.0418,-516011.0849,-437572.4447,-454108.0431
56000,2371.5201,14249.5827,61915.7985,-516296.8525,-437759.9512,-454381.054
57000,2381.0272,14194.7077,61709.5846,-516456.53,-438171.21050000004,-454746.9454
58000,2388.0316,14195.195,62146.4238,-516294.1527,-437564.5023,-454147.7289
59000,2395.5099,14229.2171,62366.031,-515987.0986,-436996.3406,-453621.0676
60000,2367.1424,14376.9181,62305.2947,-516423.378,-437374.02280000004,-454118.08330000006
61000,2400.5511,14274.5165,61974.4295,-515964.6921,-437315.195,-453990.2626
62000,2378.0368,14193.1729,62177.8312,-516344.1155,-437595.07460000005,-454166.2843
63000,2390.0623,14210.0972,62028.2624,-515981.0406,-437352.6187,-453952.7782
64000,2381.7891,14181.0766,61824.868,-516298.9735,-437911.2398,-454474.1055
65000,2377.2156,14257.536,61704.7307,-515814.7208,-437475.2385,-454109.9901
66000,2356.0122,14191.0408,61657.491,-515501.7278,-437297.1838,-453844.2368
67000,2356.1394,14203.2816,61645.4151,-514767.0072,-436562.1711,-453121.5921
68000,2346.0234,14234.3369,61833.1682,-515286.5114,-436872.9829,-453453.3432
69000,2348.5352,14272.6738,62519.9302,-516436.885,-437295.74580000003,-453916.9548
70000,2375.2575,14184.3034,61785.9103,-515053.3966,-436707.92539999995,-453267.4863
71000,2416.0758,14268.4559,62022.9175,-515637.8621,-436930.4129,-453614.94460000005
72000,2375.2145,14223.1256,62645.9481,-517842.1927,-438597.9045,-455196.24460000003
73000,2365.3928,14348.0131,61819.2928,-516111.9989,-437579.3002,-454292.7061
74000,2378.2729,14164.4965,61749.3376,-515611.1196,-437319.0126,-453861.782
75000,2376.075,14316.0013,62474.2014,-516953.8846,-437787.6069,-454479.68319999997
76000,2365.735,14272.2044,61972.7328,-516285.705,-437675.03280000004,-454312.9722
77000,2366.8505,14255.8799,62252.4126,-516200.2483,-437325.10529999994,-453947.8357
78000,2403.4416,14217.1282,62106.5908,-517027.8455,-438300.6849,-454921.2547
79000,2401.2324,14241.877,61459.3059,-515760.0851,-437657.66980000003,-454300.77920000005
80000,2373.7023,14144.8105,62282.5144,-516555.6494,-437754.6222,-454273.135
81000,2386.6479,14237.2548,62435.8874,-516679.3099,-437619.5198,-454243.4225
82000,2391.8549,14307.494,62185.6201,-516835.7587,-437950.7897,-454650.1386
83000,2359.1147,14268.5375,62208.8975,-516353.0065,-437516.45680000004,-454144.109
84000,2378.5935,14294.8712,61922.9131,-515671.5774,-437075.1996,-453748.6643
85000,2387.5332,14345.4395,61650.352,-515782.6755,-437399.3508,-454132.3235
86000,2380.9074,14272.5476,62015.1422,-516092.5257,-437423.9285,-454077.3835
87000,2411.1732,14233.5924,62256.815,-516796.2281,-437894.6475,-454539.4131
88000,2379.8196,14238.5783,61919.9468,-517222.6701,-438684.3254,-455302.7233
89000,2362.7734,14342.722,61947.9598,-516517.4841,-437864.02890000003,-454569.5243
90000,2377.6291,14300.554,62306.0547,-517063.5378,-438079.3,-454757.4831
91000,2381.5941,14365.2711,62087.6158,-516325.3183,-437490.8373,-454237.7025
92000,2347.2057,14177.1041,62018.5316,-516273.7611,-437730.91969999997,-454255.2295
93000,2392.5046,14332.4753,61911.8553,-515281.1837,-436644.34849999996,-453369.3284
94000,2404.0523,14244.8064,62207.2222,-516262.025,-437405.9441,-454054.8028
95000,2379.8842,14307.5054,61917.4765,-516381.1078,-437776.2417,-454463.6313
96000,2396.7615,14305.3433,62351.3208,-516855.6984,-437802.2728,-454504.3776
97000,2353.2123,14211.7498,62119.8503,-515778.7077,-437093.89530000003,-453658.85740000004
98000,2375.4287,14254.8208,62095.1799,-515956.7197,-437231.2903,-453861.5398
99000,2394.1358,14183.3514,62132.6663,-516641.7414,-437931.5879,-454509.0751
100000,2346.9168,14222.7402,62586.033,-516763.6498,-437607.9598,-454177.6168
101000,2361.783,14248.3059,62305.8089,-516837.3146,-437921.4168,-454531.5057
102000,2380.0836,14403.3912,61932.5264,-516650.5536,-437934.5524,-454718.0272
103000,2389.139,14254.7072,61476.9792,-515563.0638,-437442.23840000003,-454086.0846
104000,2378.4712,14223.1071,61173.1719,-514279.4245,-436504.6743,-453106.2526
105000,2361.873,14313.0712,62140.8904,-516498.6586,-437682.824,-454357.76820000005
106000,2381.5055,14212.073,61504.6183,-515936.1389,-437837.9421,-454431.52060000005
107000,2365.5182,14361.6105,61739.4994,-516214.5058,-437747.87769999995,-454475.00639999995
108000,2394.988,14185.3951,62023.4708,-516025.6366,-437421.78270000004,-454002.1658
109000,2337.9531,14300.1454,61823.1826,-516147.2043,-437685.92319999996,-454324.0217
110000,2390.275,14233.4497,61740.7749,-515830.1072,-437465.60760000005,-454089.3323
111000,2423.8887,14260.6512,61539.6612,-515810.1459,-437585.9448,-454270.48470000003
112000,2379.6907,14281.0791,62198.1337,-516607.1445,-437748.241,-454409.0108
113000,2399.3121,14294.052,61748.6738,-516567.5788,-438125.5409,-454818.905
114000,2380.9218,14203.1539,61792.6235,-515377.689,-437000.9898,-453585.0655
115000,2351.898,14335.0002,61949.6909,-516013.6403,-437377.05120000005,-454063.94940000004
116000,2404.6259,14257.9778,62349.0297,-516894.5446,-437882.91120000003,-454545.5149
117000,2377.1454,14257.2598,61921.5319,-516048.3034,-437492.3663,-454126.7715
118000,2375.0365,14259.2527,62337.506,-517020.4984,-438048.7032,-454682.9924
119000,2372.1809,14200.6134,62101.3518,-516344.3528,-437670.2067,-454243.001
120000,2370.7131,14258.2789,62399.4011,-516807.3338,-437778.94070000004,-454407.9327
121000,2383.7333,14255.2271,61781.7881,-515676.4489,-437255.70040000003,-453894.6608
122000,2383.4345,14243.8791,62466.9108,-516733.8888,-437639.6644,-454266.978
123000,2390.7173,14291.5074,62270.9937,-516564.1643,-437610.9459,-454293.1706
124000,2383.3333,14281.3304,62063.2537,-516058.3256,-437330.40819999995,-453995.0719
125000,2396.6154,14285.9728,61649.6104,-514948.1054,-436615.9068,-453298.495
126000,2396.3203,14303.7339,62103.6387,-515799.7363,-436996.04339999997,-453696.0976
127000,2404.3386,14229.8008,61878.1925,-515285.1108,-436772.77890000003,-453406.9183
128000,2401.917,14269.3021,61868.5913,-515917.7577,-437377.9473,-454049.1664
129000,2368.2222,14218.3958,61849.485,-515374.0858,-436937.9828,-453524.6008
130000,2395.5365,14246.3619,61912.86,-515869.8444,-437315.086,-453956.9844
131000,2384.5045,14429.5566,62278.0578,-516195.1698,-437103.0509,-453917.11199999996
132000,2383.3504,14233.3452,62504.6988,-516118.7784,-436997.384,-453614.0796
133000,2400.5261,14182.3386,62008.1035,-515535.9848,-436945.0166,-453527.8813
134000,2375.3617,14189.1003,61496.7665,-514852.8556,-436791.62710000004,-453356.0891
135000,2372.9891,14285.851,61489.0976,-515954.9574,-437807.0197,-454465.85980000003
136000,2331.998,14273.0172,61529.217,-515642.011,-437507.7788,-454112.794
137000,2342.7617,14375.8206,62116.4737,-517091.3196,-438256.2636,-454974.84589999996
138000,2357.3211,14252.4644,61763.2646,-516044.6403,-437671.59020000004,-454281.37570000003
139000,2417.5977,14384.4115,62396.005,-516665.5229,-437467.5087,-454269.5179
140000,2369.9026,14304.5746,61773.912,-516006.0884,-437557.69920000003,-454232.1764
141000,2384.7678,14210.4762,61748.4419,-516549.9533,-438206.2674,-454801.5114
142000,2353.0615,14266.3589,62039.7075,-516798.5285,-438139.40060000005,-454758.821
143000,2425.8813,14215.5592,62387.1714,-516590.9951,-437562.3832,-454203.8237
144000,2351.1453,14275.0199,61843.2504,-515804.709,-437335.29339999997,-453961.45859999995
145000,2415.5252,14309.5348,61601.8371,-515289.3666,-436962.4695,-453687.5295
146000,2394.5972,14402.5939,61965.1173,-515836.668,-437074.3596,-453871.5507
147000,2401.9918,14242.7937,61850.8993,-515513.4488,-437017.764,-453662.5495
148000,2350.3427,14362.2576,62088.7406,-516143.993,-437342.6521,-454055.2524
149000,2409.5965,14297.2127,62116.8771,-516792.133,-437968.4467,-454675.2559
150000,2380.2878,14255.2541,62314.2369,-516882.2228,-437932.444,-454567.98589999997
151000,2392.1558,14211.1048,62103.5684,-516444.9318,-437738.1028,-454341.36340000003
152000,2373.3441,14284.2871,62181.242,-516371.3975,-437532.52430000005,-454190.1555
153000,2360.594,14212.3421,61862.4592,-514967.7263,-436532.331,-453105.2671
154000,2362.7944,14260.9831,62247.9981,-516661.4204,-437789.6448,-454413.4223
155000,2393.5644,14358.6573,62129.8968,-515912.993,-437030.87450000003,-453783.0962
156000,2370.7707,14329.9604,61990.0174,-515639.876,-436949.1275,-453649.8586
157000,2428.3931,14396.7873,62108.7616,-516965.5139,-438031.57190000004,-454856.75230000005
158000,2372.3603,14317.3662,62012.8494,-516167.622,-437465.0461,-454154.77259999997
159000,2391.6661,14266.6479,61578.6596,-515625.3499,-437388.3763,-454046.69029999996
160000,2373.3449,14278.2825,61941.237,-515728.1991,-437135.3347,-453786.9621
161000,2366.4988,14273.0086,62533.5883,-517154.7092,-437981.6135,-454621.1209
162000,2358.681,14223.0333,61734.9269,-516085.307,-437768.66579999996,-454350.38009999995
163000,2366.977,14283.735,61953.1959,-516164.0639,-437560.156,-454210.868
164000,2329.9511,14317.1533,62271.8938,-516797.0382,-437878.04000000004,-454525.1444
165000,2391.0011,14359.01,61609.8355,-515174.5245,-436814.6779,-453564.689
166000,2376.2357,14273.6549,62295.3719,-516468.632,-437523.3695,-454173.26009999996
167000,2400.2487,14300.2888,61718.3755,-515770.4256,-437351.5126,-454052.0501
168000,2380.7618,14259.5939,61873.1623,-515451.5737,-436938.0557,-453578.4114
169000,2376.9907,14200.0439,62167.5386,-516156.8569,-437412.2837,-453989.31830000004
170000,2320.9972,14215.8341,61499.4443,-515802.5919,-437766.3163,-454303.1476
171000,2351.6009,14441.518,61649.2698,-515067.7727,-436625.38399999996,-453418.50289999996
172000,2385.5021,14199.4243,62163.5051,-516342.7272,-437594.2957,-454179.2221
173000,2350.7376,14188.4202,61634.9886,-515133.1716,-436959.02520000003,-453498.183
174000,2338.2179,14304.8656,62096.931,-516027.9373,-437287.9228,-453931.0063
175000,2374.5437,14235.5871,61807.4018,-515921.4492,-437503.9166,-454114.0474
176000,2379.6918,14228.1614,62351.657,-516418.2895,-437458.7793,-454066.6325
177000,2360.5062,14261.3681,61309.0163,-515717.9531,-437787.0625,-454408.93679999997
178000,2341.3484,14190.9353,61741.9891,-515124.5217,-436850.2489,-453382.5326
179000,2362.6019,14266.6921,61316.5993,-514726.3906,-436780.4973,-453409.7913
180000,2383.4105,14268.9909,61953.418,-516067.543,-437461.7236,-454114.125
181000,2416.4875,14384.4279,61766.2466,-516018.6779,-437451.5159,-454252.4313
182000,2407.0433,14271.476,62018.3035,-516471.8154,-437774.9926,-454453.51190000004
183000,2418.3415,14333.6699,61891.1786,-515681.9247,-437038.7347,-453790.7461
184000,2418.3335,14253.3235,62037.6179,-516566.304,-437857.02910000004,-454528.6861
185000,2389.3001,14284.0807,61811.7982,-515678.7028,-437193.5238,-453866.9046
186000,2395.5654,14297.8819,61372.7939,-515161.8627,-437095.6215,-453789.0688
187000,2387.5375,14337.4042,61889.6942,-516231.152,-437616.5161,-454341.4578
188000,2370.8751,14265.4601,62185.336,-515876.1239,-437054.4527,-453690.7879
189000,2388.6383,14239.1688,61821.858,-516123.7735,-437674.1084,-454301.9155
190000,2331.2806,14281.4175,61723.9429,-515753.1786,-437416.5376,-454029.23569999996
191000,2360.7409,14304.0851,61532.2274,-515121.3382,-436924.2848,-453589.1108
192000,2381.9943,14300.4318,62732.6126,-516918.0243,-437502.9856,-454185.4117
193000,2395.9746,14257.9302,62142.6498,-515757.2499,-436960.6953,-453614.6001
194000,2360.946,14179.5848,62085.3674,-516281.3553,-437655.4571,-454195.9879
195000,2368.8831,14142.0276,62348.7257,-515731.3503,-436871.7139,-453382.6246
196000,2398.9768,14315.7494,62209.8317,-516145.6183,-437221.06039999996,-453935.7866
197000,2370.6271,14279.06,62142.7531,-515931.6739,-437139.2337,-453788.92079999996
198000,2333.6659,14237.685,61456.7407,-515389.9796,-437361.88800000004,-453933.2389
199000,2358.3375,14271.9858,62275.0703,-516170.4271,-437265.03349999996,-453895.35679999995
200000,2348.1068,14325.2298,62345.8258,-516553.3506,-437534.1882,-454207.5248
201000,2400.4105,14280.5171,62416.0688,-516404.5526,-437307.5562,-453988.4838
202000,2403.151,14263.5494,62231.5087,-516003.5892,-437105.38009999995,-453772.0805
203000,2377.8207,14303.7801,61783.7442,-516254.4932,-437789.14820000005,-454470.749
204000,2365.4611,14249.0928,61946.7682,-515437.219,-436875.8969,-453490.4508
205000,2386.6381,14356.8876,61966.796,-515860.9113,-437150.58959999995,-453894.11529999995
206000,2374.7253,14199.2471,61836.645,-515352.717,-436942.0996,-453516.072
207000,2360.6939,14282.6451,62129.9272,-515744.4601,-436971.1939,-453614.53290000005
208000,2372.0008,14243.6547,61918.9411,-515424.1465,-436889.5499,-453505.2054
209000,2378.4812,14281.0181,62142.3905,-516374.2931,-437572.4033,-454231.90260000003
210000,2385.8568,14182.6444,61625.68,-515347.6178,-437153.4366,-453721.9378
211000,2428.8658,14225.9732,62045.6895,-515951.301,-437250.77249999996,-453905.6115
212000,2366.2978,14266.6135,62359.4909,-516367.2489,-437374.8467,-454007.75800000003
213000,2402.4298,14290.8753,62570.0279,-516648.9743,-437385.6413,-454078.9464
214000,2353.7549,14369.4556,62782.9532,-517039.7456,-437533.5819,-454256.79240000003
215000,2371.1626,14221.9864,61202.1587,-514466.3919,-436671.0842,-453264.2332
216000,2366.7339,14282.2672,62331.6415,-516577.1934,-437596.55079999997,-454245.55189999996
217000,2376.9134,14308.2749,62210.1623,-516722.4675,-437827.1169,-454512.3052
218000,2344.1497,14204.182,62207.034,-516937.3792,-438182.0135,-454730.34520000004
219000,2391.334,14257.6439,62041.5342,-516472.0351,-437781.523,-454430.5009
220000,2391.1625,14195.1845,61621.8402,-515160.7884,-436952.60120000003,-453538.94820000004
221000,2359.5221,14318.6578,61823.0804,-515675.4316,-437174.17130000005,-453852.35120000003
222000,2387.2948,14324.3089,61871.035,-515986.2317,-437403.593,-454115.1967
223000,2376.711,14235.9585,61987.4237,-515553.305,-436953.2118,-453565.8813
224000,2391.5288,14327.5378,61163.7007,-514931.6696,-437048.9023,-453767.96890000004
225000,2380.3379,14243.5664,62018.1664,-515726.0049,-437083.9342,-453707.8385
226000,2381.4762,14270.5375,61837.7076,-516212.041,-437722.3197,-454374.3334
227000,2390.8299,14253.9015,61659.1271,-515786.1669,-437482.3084,-454127.0398
228000,2378.0269,14325.512,62144.4508,-515937.7035,-437089.7138,-453793.2527
229000,2407.077,14251.3844,61862.6202,-516626.4221,-438105.34050000005,-454763.8019
230000,2413.8472,14350.3844,61774.3119,-516139.0259,-437600.4824,-454364.71400000004
231000,2390.9086,14257.6401,61680.4844,-515466.2245,-437137.1914,-453785.7401
232000,2383.8415,14408.7043,61802.1104,-516186.4751,-437591.81889999995,-454384.3647
233000,2388.0529,14298.232,62270.4366,-516662.4184,-437705.69690000004,-454391.9818
234000,2395.0378,14302.8867,61547.5825,-515997.8049,-437752.2979,-454450.22239999997
235000,2382.2377,14334.5484,61504.4431,-515858.2424,-437637.0132,-454353.7993
236000,2376.7298,14348.8358,61817.3576,-516279.2352,-437736.312,-454461.8776
237000,2357.7395,14337.6421,62082.3599,-516718.4027,-437940.6612,-454636.0428
238000,2366.4504,14303.9609,62122.6053,-516695.7726,-437902.75600000005,-454573.16730000003
239000,2391.5291,14351.6781,62370.9459,-516844.1043,-437729.9512,-454473.1584
240000,2399.8351,14240.6302,61778.6787,-515712.0315,-437292.88749999995,-453933.3528
241000,2390.0656,14344.7341,61743.2606,-516033.9391,-437555.8788,-454290.67850000004
242000,2368.7828,14315.8743,62242.7818,-516684.1876,-437756.7487,-454441.4058
243000,2431.5513,14469.7434,62151.0133,-516629.2086,-437576.90060000005,-454478.1953
244000,2359.9076,14203.8394,62489.6407,-516320.0593,-437266.6716,-453830.41860000003
245000,2399.3073,14328.6061,61961.5845,-515753.7765,-437064.27859999996,-453792.192
246000,2428.4214,14371.727,61988.6028,-516120.4297,-437331.6785,-454131.8269
247000,2365.1412,14268.4181,62681.0368,-517203.331,-437888.73490000004,-454522.2942
248000,2363.7255,14350.8758,61789.0355,-515849.0005,-437345.36370000005,-454059.965
249000,2389.6815,14310.1894,61803.1115,-515409.4953,-436906.51290000003,-453606.3838
250000,2383.6274,14304.5162,61902.8099,-515702.5087,-437111.5552,-453799.6988
251000,2395.1804,14482.2119,61909.2249,-516052.8515,-437266.2343,-454143.62659999996
252000,2394.9472,14203.9457,61592.9507,-515399.4225,-437207.57889999996,-453806.4718
253000,2391.955,14301.7563,62287.7649,-516219.0444,-437237.5682,-453931.2795
254000,2394.658,14270.2273,62143.978,-516868.9335,-438060.07019999996,-454724.9555
255000,2401.5397,14426.3075,62159.7967,-516401.9435,-437414.2996,-454242.1468
256000,2366.0858,14327.1643,62185.0494,-516873.5516,-437995.2521,-454688.5022
257000,2382.2821,14317.4459,62450.0055,-517340.9872,-438191.2537,-454890.9817
258000,2376.8459,14248.6919,62518.3925,-516191.4214,-437047.4911,-453673.0289
259000,2396.4754,14418.0082,62047.0958,-516310.7342,-437449.1548,-454263.6384
260000,2416.5168,14267.7684,62354.2224,-516977.9243,-437939.4167,-454623.7019
261000,2389.9608,14220.802,62153.6033,-516074.7008,-437310.3347,-453921.0975
262000,2343.4029,14299.1729,62141.3972,-516249.4705,-437465.4975,-454108.0733
263000,2384.6543,14227.0985,61489.9042,-515848.3707,-437746.7137,-454358.46650000004
264000,2379.8729,14251.5498,61886.4956,-516054.5893,-437536.671,-454168.09369999997
265000,2355.5828,14271.8567,61868.3362,-516005.8022,-437510.0265,-454137.46599999996
266000,2347.2353,14225.6787,62224.75,-516219.5622,-437421.8982,-453994.8122
267000,2398.3114,14229.4112,61641.4718,-515525.9017,-437256.7073,-453884.4299
268000,2389.9273,14279.0606,61888.9255,-515523.2552,-436965.34180000005,-453634.3297
269000,2403.916,14384.4817,61617.6356,-515409.9771,-437003.9438,-453792.34150000004
270000,2427.1316,14239.9565,62293.3632,-515657.0841,-436696.63279999996,-453363.72089999996
271000,2357.8867,14292.1873,61886.5679,-515858.3607,-437321.71880000003,-453971.7928
272000,2399.1367,14272.6247,62039.4202,-516253.2825,-437542.10089999996,-454213.8623
273000,2398.1418,14426.447,61715.5186,-516059.549,-437519.4416,-454344.0304
274000,2405.1735,14442.3506,61743.215,-515978.1407,-437387.4016,-454234.9257
275000,2372.7443,14343.0025,61811.6501,-516182.1254,-437654.7285,-454370.47530000005
276000,2384.1184,14304.6318,61977.8496,-515788.3867,-437121.78689999995,-453810.53709999996
277000,2384.2489,14169.9152,61511.1328,-515091.7911,-437026.49419999996,-453580.65829999995
278000,2370.0036,14312.2276,62280.7528,-516916.6437,-437953.6597,-454635.8909
279000,2400.8483,14334.1014,62152.1967,-516724.54,-437837.39359999995,-454572.34329999995
280000,2380.5364,14408.8769,62392.855,-516510.6837,-437328.4154,-454117.8287
281000,2373.9065,14290.6323,62024.5424,-515931.9073,-437242.8261,-453907.36490000004
282000,2403.0072,14324.4711,61877.0109,-516195.3861,-437590.8969,-454318.3752
283000,2372.8074,14382.232,62402.8805,-516674.8741,-437516.95420000004,-454271.99360000005
284000,2403.6088,14372.2028,61792.0449,-515946.5965,-437378.74,-454154.5516
285000,2396.2559,14260.5304,62045.0859,-516133.4601,-437431.58790000004,-454088.3742
286000,2365.0049,14224.9776,61957.311,-516582.5072,-438035.21369999996,-454625.1962
287000,2378.9139,14314.9694,62128.794,-516385.271,-437562.59369999997,-454256.477
288000,2399.1868,14303.6252,61729.0431,-515805.9683,-437374.1132,-454076.9252
289000,2404.9437,14400.1613,62164.3548,-516000.1024,-437030.64259999996,-453835.7476
290000,2398.1683,14374.1633,62180.5576,-516686.51,-437733.62080000003,-454505.9524
291000,2362.1074,14254.8137,61959.9723,-516047.0702,-437470.1768,-454087.0979
292000,2363.8924,14397.8853,61642.9978,-515927.9916,-437523.2161,-454284.9938
293000,2358.0065,14309.2235,62284.7961,-516602.0375,-437650.01139999996,-454317.2414
294000,2375.3752,14306.2903,61642.3201,-515932.2634,-437608.2778,-454289.9433
295000,2371.6144,14396.9454,62283.2501,-516487.4724,-437435.66250000003,-454204.2223
296000,2373.2564,14367.1394,61958.7848,-516227.1872,-437528.00659999996,-454268.40239999996
297000,2372.3625,14392.8489,62134.9306,-516195.3646,-437295.2226,-454060.43399999995
298000,2376.9492,14322.7779,61723.6851,-515937.7774,-437514.3652,-454214.0923
299000,2352.397,14329.6146,62295.5545,-516790.3946,-437812.8285,-454494.84010000003
300000,2364.626,14261.3267,62506.4966,-516892.4045,-437759.95519999997,-454385.9079
301000,2389.5445,14386.9724,62230.889,-516837.2688,-437829.8629,-454606.3798
302000,2416.1072,14429.3219,61648.1517,-516011.2929,-437517.7121,-454363.1412
303000,2377.5773,14331.4456,61875.9792,-516192.3067,-437607.30460000003,-454316.3275
304000,2406.3184,14308.3685,62214.5402,-516774.9698,-437845.7427,-454560.42960000003
305000,2407.3348,14411.7302,62006.109,-516512.86,-437687.686,-454506.751
306000,2398.2991,14369.4664,61580.2986,-515137.1899,-436789.1258,-453556.8913
307000,2391.8617,14354.9071,61370.585,-515589.2452,-437471.8914,-454218.6602
308000,2406.6269,14336.1543,62039.5776,-516110.7773,-437328.4185,-454071.1997
309000,2382.6997,14388.6021,62247.1778,-515722.2457,-436703.7661,-453475.0679
310000,2387.3182,14418.1372,61992.8483,-515369.8251,-436571.5214,-453376.9768
311000,2362.7723,14270.5273,62225.1127,-516413.4879,-437555.0756,-454188.3752
312000,2396.9133,14288.8638,62120.778,-516849.0739,-438042.5188,-454728.2959
313000,2404.1248,14307.6061,61904.7816,-516863.3797,-438246.8672,-454958.5981
314000,2399.0967,14279.8169,62402.2708,-515960.5919,-436879.4075,-453558.3211
315000,2386.2729,14270.2701,61945.0764,-516299.8172,-437698.19779999997,-454354.74079999997
316000,2393.3769,14338.4175,62522.6671,-517170.4854,-437916.02390000003,-454647.8183
317000,2399.3061,14344.3002,62013.482,-516225.4232,-437468.3349,-454211.9412
318000,2425.8247,14281.3837,61575.669,-515762.5365,-437479.6591,-454186.8675
319000,2392.0103,14349.3755,61953.8125,-516353.8502,-437658.6519,-454400.0377
320000,2433.9858,14325.6516,61998.899,-516027.5807,-437269.0443,-454028.6817
321000,2373.1954,14232.9876,62061.7253,-516221.1795,-437553.2712,-454159.45420000004
322000,2392.5319,14251.0084,61964.5889,-516151.0859,-437542.9567,-454186.497
323000,2377.4871,14349.8448,61596.4604,-515683.5181,-437359.7258,-454087.0577
324000,2385.1333,14258.8745,62376.1006,-516842.4599,-437822.3515,-454466.3593
325000,2374.6245,14274.6337,61698.6728,-516117.7575,-437769.8265,-454419.0847
326000,2357.6046,14380.8333,62341.9232,-516876.4911,-437796.13,-454534.56789999997
327000,2345.985,14228.7577,62427.2779,-517069.2342,-438067.2136,-454641.9563
328000,2395.3938,14297.3825,61464.0243,-515974.3167,-437817.5161,-454510.29240000003
329000,2397.7209,14319.1789,61747.3418,-516694.7436,-438230.502,-454947.4018
330000,2402.9735,14245.4534,62018.9385,-516178.7238,-437511.35839999997,-454159.7853
331000,2383.6336,14280.2693,61856.9156,-516132.2239,-437611.4054,-454275.3083
332000,2361.4767,14219.1908,61153.2014,-514721.57,-436987.7011,-453568.3686
333000,2359.6204,14194.9662,62033.1214,-516544.2814,-437956.5734,-454511.16
334000,2385.5082,14339.4588,61527.516,-516217.1443,-437964.6613,-454689.6283
335000,2389.9092,14288.5389,62341.5621,-516713.676,-437693.66579999996,-454372.1139
336000,2361.0235,14321.2054,61753.4547,-515697.0674,-437261.3838,-453943.6127
337000,2388.7657,14301.3804,61591.4354,-516206.5532,-437924.9717,-454615.1178
338000,2404.422,14347.4644,62165.7899,-516242.8695,-437325.1932,-454077.07959999994
339000,2370.4308,14398.9368,62060.5342,-515673.2049,-436843.3031,-453612.6707
340000,2396.6729,14327.1579,61759.7262,-516120.3409,-437636.78390000004,-454360.61470000003
341000,2378.4615,14276.8626,62003.7039,-515711.7119,-437052.6839,-453708.008
342000,2376.7729,14325.3955,62582.4728,-517108.1689,-437823.5277,-454525.6961
343000,2382.2485,14271.5818,62489.546,-516535.374,-437391.9977,-454045.828
344000,2410.8869,14364.5579,62051.6224,-516481.4779,-437654.4107,-454429.8555
345000,2357.3902,14281.3678,61482.8375,-515277.1394,-437155.5439,-453794.30189999996
346000,2369.0609,14231.8266,62419.6897,-516116.8323,-437096.2551,-453697.1426
347000,2375.5664,14223.9777,62225.0351,-516086.4897,-437261.9105,-453861.4546
348000,2415.3263,14322.8837,62504.8387,-517278.3015,-438035.2528,-454773.4628
349000,2414.4784,14433.7548,61860.6379,-515939.6084,-437230.73730000004,-454078.97050000005
350000,2401.7401,14200.0542,62035.8055,-516681.4177,-438043.8179,-454645.6122
351000,2378.0575,14302.7767,61649.5548,-515484.4794,-437154.0904,-453834.9246
352000,2404.4097,14356.2948,61768.7226,-516076.1935,-437546.76639999996,-454307.4709
353000,2360.7294,14324.5717,61393.5912,-515589.8643,-437510.972,-454196.2731
354000,2407.5298,14386.1102,62150.4021,-515968.2162,-437024.17410000006,-453817.8141
355000,2393.9082,14340.8528,62016.8747,-516587.0404,-437835.4047,-454570.1657
356000,2388.8948,14290.7628,61764.3083,-516000.8109,-437556.845,-454236.5026
357000,2376.3096,14359.6786,61816.6865,-516083.8718,-437531.1971,-454267.1853
358000,2396.2685,14375.821,61695.7796,-515881.9454,-437414.0763,-454186.1658
359000,2380.7452,14414.0891,61937.6818,-515381.8488,-436649.33269999997,-453444.16699999996
360000,2411.2251,14390.732,62255.1391,-516827.5287,-437770.4325,-454572.3896
361000,2370.2021,14406.6447,61838.0263,-516211.9714,-437597.09829999995,-454373.9451
362000,2392.3559,14252.1392,61948.4126,-515980.5527,-437387.645,-454032.1401
363000,2408.6275,14278.4943,61878.971,-516341.4359,-437775.3431,-454462.46489999996
364000,2378.7152,14373.7809,62152.7194,-516655.3034,-437750.0879,-454502.584
365000,2358.5972,14246.0187,61980.4895,-516540.6195,-437955.5141,-454560.12999999995
366000,2378.6726,14276.0327,61766.3247,-516036.0895,-437615.0595,-454269.7648
367000,2387.9993,14334.3218,61768.7918,-516097.2754,-437606.1625,-454328.4836
368000,2389.8366,14305.5309,61671.0636,-515752.0276,-437385.5965,-454080.964
369000,2389.3062,14359.8678,61262.2329,-514398.2847,-436386.8778,-453136.0518
370000,2369.5217,14351.7852,61959.4808,-516089.5674,-437408.7797,-454130.0866
371000,2378.7752,14358.6528,62053.8508,-516225.8703,-437434.5915,-454172.0195
372000,2359.276,14405.2865,61314.207,-515226.3394,-437147.5699,-453912.1324
373000,2390.1317,14262.9247,61725.341,-515143.8177,-436765.4203,-453418.4767
374000,2416.6379,14229.5523,61814.8305,-515547.7308,-437086.7101,-453732.90030000004
375000,2366.1801,14302.4613,62354.5719,-517307.2332,-438284.0199,-454952.66130000004
376000,2400.6012,14323.6673,62464.9954,-516837.3557,-437648.09180000005,-454372.3603
377000,2399.2365,14329.9797,61413.41,-515524.3497,-437381.7235,-454110.9397
378000,2380.5511,14284.5869,61399.0546,-515070.362,-437006.1694,-453671.30740000005
379000,2390.162,14324.4206,62285.0762,-516460.8817,-437461.22290000005,-454175.8055
380000,2377.2834,14326.9813,62051.4948,-516088.7414,-437332.9819,-454037.2466
381000,2370.4742,14321.1871,62238.4759,-516253.5217,-437323.3845,-454015.04579999996
382000,2379.03,14373.64,61715.1998,-515415.753,-436947.88320000004,-453700.5532
383000,2353.8612,14332.4364,62181.3315,-517084.0142,-438216.38509999996,-454902.6827
384000,2363.2402,14361.3187,62154.982,-516186.7735,-437307.2326,-454031.7915
385000,2388.9167,14357.5346,62167.6174,-516660.9618,-437746.8931,-454493.3444
386000,2381.4447,14320.1418,61907.8169,-516494.4572,-437885.0538,-454586.6403
387000,2355.3666,14400.3936,62477.9924,-517161.5636,-437927.811,-454683.5712
388000,2387.9615,14399.7219,62014.868,-516612.6677,-437810.1163,-454597.7997
389000,2401.7078,14286.5342,62129.2975,-516282.4947,-437464.95519999997,-454153.1972
390000,2372.482,14303.8859,61951.3983,-516324.6026,-437696.8364,-454373.2043
391000,2382.8582,14280.5401,62309.1371,-516722.8711,-437750.3357,-454413.734
392000,2351.6837,14287.2616,62372.0232,-516949.455,-437938.4865,-454577.4318
393000,2385.7768,14368.909,61828.1708,-516636.6896,-438053.833,-454808.51879999996
394000,2389.4207,14311.5501,62108.2218,-516626.4454,-437817.2528,-454518.2236
395000,2380.0097,14282.8804,61729.0427,-515928.1418,-437536.209,-454199.0991
396000,2350.5856,14315.0391,62056.7666,-515608.0867,-436885.69539999997,-453551.3201
397000,2370.5791,14255.1078,61585.4912,-515574.7725,-437363.59440000006,-453989.28130000003
398000,2398.8737,14397.5907,62021.0593,-515944.3162,-437126.7925,-453923.2569
399000,2367.6967,14318.8727,61962.2228,-515918.321,-437269.5288,-453956.0982
400000,2367.3501,14278.3836,62367.5201,-516638.4441,-437625.1903,-454270.924
401000,2364.1804,14319.6758,61788.6238,-516235.4898,-437763.0098,-454446.866
402000,2422.8318,14347.1268,62127.2467,-516653.7147,-437756.5094,-454526.468
403000,2384.2636,14287.9647,61933.3789,-516261.0536,-437655.4464,-454327.6747
404000,2350.8954,14328.9491,62005.3022,-516122.4269,-437437.28020000004,-454117.12470000004
405000,2371.1297,14203.7153,61809.3338,-515310.9917,-436926.8129,-453501.6579
406000,2393.4758,14268.081,62046.4584,-515999.2835,-437291.2683,-453952.8251
407000,2391.4292,14344.7461,61636.3194,-515535.5716,-437163.07690000004,-453899.25220000005
408000,2374.385,14420.0651,61625.2655,-515721.0987,-437301.3831,-454095.8332
409000,2370.3148,14243.9313,61889.3327,-516298.0234,-437794.4446,-454408.69070000004
410000,2410.0366,14335.6311,62303.4853,-516695.6596,-437646.5066,-454392.1743
411000,2370.536,14326.3996,62012.673,-516251.1305,-437541.52190000005,-454238.4575
412000,2391.8878,14361.2685,62456.8398,-516860.0249,-437650.02880000003,-454403.1851
413000,2382.6187,14302.8409,61752.8179,-515692.0155,-437253.738,-453939.19759999996
414000,2371.5702,14391.097,62033.4387,-515762.3072,-436966.20129999996,-453728.8685
415000,2416.7881,14306.64,62032.0608,-515505.5118,-436750.0229,-453473.451
416000,2353.4204,14315.1764,61750.2139,-515010.3121,-436591.50139999995,-453260.0982
417000,2381.3134,14376.4054,61663.6648,-515629.992,-437208.6084,-453966.32720000006
418000,2405.894,14423.1401,61876.8236,-516555.0056,-437849.1479,-454678.182
419000,2379.3049,14338.1241,61780.8305,-515959.0257,-437460.7662,-454178.1952
420000,2357.317,14274.5608,61465.943,-514806.5744,-436708.7536,-453340.63139999995
421000,2401.8355,14204.0537,62132.6077,-516102.7484,-437364.2515,-453970.1407
422000,2406.1421,14356.096,61819.2524,-515646.9871,-437065.4966,-453827.73470000003
423000,2356.0568,14322.083,62374.0588,-516958.8521,-437906.6535,-454584.7933
424000,2433.6951,14343.31,62541.0906,-517151.0275,-437832.9318,-454609.93690000003
425000,2379.8178,14357.67,62353.7451,-517006.6354,-437915.4025,-454652.8903
426000,2387.7473,14329.865,61430.9052,-514920.1862,-436771.6687,-453489.281
427000,2411.4982,14386.1142,61852.3808,-515755.2122,-437105.21900000004,-453902.8314
428000,2374.5793,14317.5162,61711.0566,-515594.0671,-437190.915,-453883.0105
429000,2357.0466,14434.5008,61733.7614,-515739.1998,-437213.891,-454005.4384
430000,2390.5519,14339.329,62102.3923,-516844.7365,-438012.4633,-454742.3442
431000,2376.7057,14414.4829,61825.1858,-516057.1713,-437440.79689999996,-454231.9855
432000,2390.768,14309.394,62009.6034,-515852.7078,-437142.94239999994,-453843.10439999995
433000,2400.8388,14315.7253,61950.825,-516437.132,-437769.74289999995,-454486.307
434000,2408.3008,14388.5182,61634.6894,-515812.118,-437380.6096,-454177.4286
435000,2357.9016,14336.9553,61218.1541,-514929.1509,-437016.1399,-453710.9968
436000,2399.4794,14358.1966,61952.5484,-515654.3911,-436944.1667,-453701.84270000004
437000,2390.1155,14322.9653,61885.1391,-515558.3861,-436960.1662,-453673.247
438000,2380.786,14423.5496,62040.6519,-515802.1805,-436957.193,-453761.5286
439000,2429.7716,14396.6708,61971.8723,-515659.5423,-436861.2276,-453687.67
440000,2387.0131,14272.2998,61904.2815,-516000.7112,-437437.1168,-454096.42970000004
441000,2353.9216,14291.6081,62172.8198,-516529.0029,-437710.6534,-454356.1831
442000,2371.6665,14223.5778,62561.4568,-517035.7809,-437879.0798,-454474.3241
443000,2410.914,14316.4842,61633.0351,-515529.261,-437168.8277,-453896.2259
444000,2409.0938,14303.1729,61719.9887,-515788.0624,-437355.80700000003,-454068.0737
445000,2402.6691,14334.2591,62243.6948,-516973.0227,-437992.39969999995,-454729.3279
446000,2363.7252,14263.2912,61790.0669,-515573.6858,-437156.6025,-453783.6189
447000,2398.8417,14308.6209,61710.178,-515426.738,-437009.0974,-453716.56
448000,2381.4889,14234.4867,62334.5281,-516966.5049,-438016.0012,-454631.9768
449000,2413.0243,14321.4436,62072.206,-516321.1749,-437514.501,-454248.9689
450000,2381.6879,14378.2461,61691.0371,-515018.7965,-436567.8254,-453327.7594
451000,2396.3507,14235.704,61683.5551,-514980.2126,-436664.6028,-453296.65750000003
452000,2390.1445,14354.6247,61790.0507,-515753.6302,-437218.8103,-453963.5795
453000,2382.9009,14328.0751,62428.0987,-516495.4443,-437356.3696,-454067.3456
454000,2410.4395,14307.4283,62226.7213,-516436.7289,-437492.1398,-454210.0076
455000,2404.0674,14356.1284,61960.4766,-516127.3188,-437406.64639999997,-454166.8422
456000,2411.8806,14356.2422,61345.6329,-515234.1792,-437120.42350000003,-453888.54630000005
457000,2388.4342,14325.6768,61994.9559,-516717.5169,-438008.44999999995,-454722.561
458000,2372.6818,14304.5281,61697.5677,-515938.7893,-437564.01170000003,-454241.2216
459000,2393.7564,14403.425,62104.8196,-516807.7084,-437905.7074,-454702.8888
460000,2387.6807,14358.7715,62147.9074,-516756.8384,-437862.47880000004,-454608.931
461000,2370.0962,14332.8162,62115.6768,-516685.7907,-437867.2015,-454570.1139
462000,2371.5329,14326.4383,61566.9537,-515875.9912,-437611.0663,-454309.0375
463000,2398.1591,14341.7815,62259.0992,-516772.6771,-437773.63729999994,-454513.5779
464000,2393.7661,14228.6952,61750.187,-515845.8848,-437473.2365,-454095.6978
465000,2359.5785,14327.9891,61973.9342,-516161.7188,-437500.21699999995,-454187.78459999996
466000,2398.7009,14337.0183,61875.1473,-515682.2128,-437071.3463,-453807.06549999997
467000,2388.741,14345.4808,61824.8749,-515325.7887,-436766.692,-453500.9138
468000,2397.1821,14289.9891,61882.1841,-515759.5766,-437190.2213,-453877.39249999996
469000,2404.1584,14328.8328,61935.7853,-516384.3166,-437715.5401,-454448.53130000003
470000,2353.2837,14396.757,62118.7768,-516206.1551,-437337.33759999997,-454087.3783
471000,2367.0803,14301.5369,61698.233,-515793.493,-437426.64280000003,-454095.26
472000,2401.8343,14329.3129,62154.1474,-516542.1948,-437656.90020000003,-454388.0474
473000,2369.1065,14371.7599,62028.2375,-516197.3161,-437428.2122,-454169.0786
474000,2365.4511,14277.861,62235.9707,-516963.2889,-438084.0061,-454727.3182
475000,2370.5848,14237.5825,61921.2315,-515920.2299,-437390.83109999995,-453998.9984
476000,2406.5754,14435.7627,62125.6457,-516339.0542,-437371.0704,-454213.4085
477000,2408.0005,14259.9198,62014.6327,-516060.9195,-437378.3665,-454046.2868
478000,2375.3591,14350.2686,62195.671,-515917.2421,-436995.9434,-453721.57109999994
479000,2351.1221,14291.3989,61885.3791,-515653.8482,-437125.94810000004,-453768.4691
480000,2354.1354,14295.9982,61721.0695,-515732.3503,-437361.1472,-454011.2808
481000,2365.9241,14304.9879,62137.7799,-516286.3487,-437477.6568,-454148.56879999995
482000,2388.4697,14226.2807,61975.0272,-516068.4316,-437478.654,-454093.4044
483000,2368.2663,14385.7982,62192.4166,-516491.1211,-437544.64,-454298.7045
484000,2361.0664,14370.9253,62267.291,-516544.5983,-437545.31560000003,-454277.3073
485000,2325.7607,14165.6925,62389.8263,-516082.0512,-437200.7717,-453692.2249
486000,2378.9681,14370.3114,61887.424,-515691.9469,-437055.2434,-453804.5229
487000,2409.3215,14297.1018,62079.7483,-516173.5502,-437387.3786,-454093.8019
488000,2389.5482,14317.9193,62242.8369,-516223.7755,-437273.47109999997,-453980.9386
489000,2371.5591,14222.4846,62381.5424,-516284.2955,-437308.7094,-453902.75310000003
490000,2386.5611,14253.6825,62818.3022,-516830.1881,-437371.64230000007,-454011.88590000005
491000,2326.3338,14291.9617,61711.3032,-515556.7649,-437227.1662,-453845.4617
492000,2379.7608,14300.0707,61751.1966,-515786.789,-437355.7609,-454035.59239999996
493000,2403.0169,14231.3209,62043.0442,-516214.2852,-437536.9032,-454171.241
494000,2368.8472,14274.0852,61823.2487,-516197.9741,-437731.793,-454374.7254
495000,2387.7451,14227.2698,62226.8698,-516011.8693,-437169.9846,-453784.99950000003
496000,2386.3933,14254.0135,62138.0649,-516275.0995,-437496.6278,-454137.0346
497000,2398.2593,14367.7162,61715.1346,-515213.8215,-436732.71140000003,-453498.68690000003
498000,2374.7847,14362.9228,61866.5801,-516191.5483,-437587.26070000004,-454324.9682
499000,2406.6551,14385.4827,61816.7767,-515885.4877,-437276.5732,-454068.711
500000,2394.6691,14332.1033,61758.0582,-516153.9868,-437669.1562,-454395.9286
501000,2365.1012,14358.773,61917.0541,-516212.4432,-437571.51489999995,-454295.3891
502000,2369.5185,14388.7036,61692.5875,-516053.0491,-437602.2395,-454360.4616
503000,2385.4369,14338.9612,61978.8624,-515829.0245,-437125.76399999997,-453850.1621
504000,2445.277,14384.2895,61905.3237,-516396.0784,-437661.1882,-454490.7547
505000,2404.3263,14416.6642,61841.3819,-516075.5834,-437413.211,-454234.2015
506000,2372.9596,14307.131,62015.1964,-515610.3976,-436915.1106,-453595.2012
507000,2391.2896,14352.5013,61938.0242,-515677.0356,-436995.2205,-453739.0114
508000,2362.4151,14381.2282,62291.855,-516398.1212,-437362.62289999996,-454106.2662
509000,2386.5624,14321.0748,61830.1777,-516427.213,-437889.3981,-454597.0353
510000,2402.4143,14254.8426,62306.1116,-516133.3848,-437170.0163,-453827.2732
511000,2390.8144,14437.2987,62048.8177,-517066.3497,-438189.41890000005,-455017.532
512000,2385.6206,14332.1026,61459.7592,-515368.9677,-437191.48529999994,-453909.20849999995
513000,2389.4249,14316.4921,62410.9899,-516763.9556,-437647.0487,-454352.9657
514000,2389.136,14434.2582,61812.921,-516256.846,-437620.5308,-454443.92500000005
515000,2378.9583,14386.8265,61931.8711,-516130.0253,-437432.36939999997,-454198.1542
516000,2380.8441,14281.707,62175.5005,-516465.1644,-437627.1128,-454289.6639
517000,2432.7194,14336.1513,62284.3968,-516677.3812,-437624.1137,-454392.9844
518000,2370.773,14177.9056,61936.5606,-515842.7064,-437357.4672,-453906.14580000006
519000,2371.4131,14346.3537,61772.8158,-515686.4391,-437195.8565,-453913.62330000004
520000,2381.5552,14347.237,62306.5035,-516580.507,-437545.21129999997,-454274.0035
521000,2406.303,14363.7561,61734.0373,-515435.3962,-436931.29980000004,-453701.3589
522000,2377.7806,14286.4969,61770.6634,-515266.6696,-436831.72870000004,-453496.0062
523000,2387.8345,14278.2241,62058.8038,-516075.7009,-437350.8385,-454016.8971
524000,2375.1809,14338.1257,62098.9522,-516672.8945,-437860.6357,-454573.9423
525000,2365.3003,14233.5788,61370.9929,-515008.6322,-437038.7602,-453637.6393
526000,2376.109,14431.6635,61887.8804,-515605.1947,-436909.5418,-453717.31429999997
527000,2375.7182,14231.7453,62290.8545,-515954.9191,-437056.60109999997,-453664.0646
528000,2378.0027,14343.7165,61975.6294,-516213.7094,-437516.3608,-454238.08
529000,2388.8856,14269.5239,62511.3068,-516733.6622,-437563.94590000005,-454222.3554
530000,2367.6195,14292.8134,61855.3938,-516135.4158,-437619.5891,-454280.022
531000,2374.0852,14335.1838,62299.9412,-517298.5064,-438289.2962,-454998.5652
532000,2383.1364,14301.7654,62841.2411,-517167.0629,-437640.92000000004,-454325.82180000003
533000,2373.3677,14357.209,62555.8365,-516788.9707,-437502.5575,-454233.13420000003
534000,2355.4393,14290.8951,62064.9455,-516293.7859,-437582.50600000005,-454228.8404
535000,2386.1397,14249.5235,62200.2475,-516325.7521,-437489.8414,-454125.5046
536000,2426.3345,14422.5865,62453.7954,-516625.1221,-437322.4057,-454171.3267
537000,2398.3005,14377.2807,62073.4915,-516223.1436,-437374.07090000005,-454149.6521
538000,2325.7048,14331.1194,61921.5284,-516044.6355,-437466.2829,-454123.10709999996
539000,2396.7096,14299.6854,61941.3325,-515396.0087,-436758.2812,-453454.6762
540000,2429.1067,14422.1294,61671.9664,-515527.6046,-437004.4021,-453855.63820000004
541000,2400.929,14313.5926,61866.9824,-516103.6263,-437522.1223,-454236.6439
542000,2369.9147,14260.8771,61705.4895,-515465.2191,-437128.93779999996,-453759.72959999996
543000,2367.8444,14370.7053,61243.4163,-515382.7309,-437400.7649,-454139.31460000004
544000,2403.3808,14394.4727,62266.9685,-516378.1641,-437313.3421,-454111.1956
545000,2417.8056,14348.418,62044.1955,-516176.8884,-437366.4693,-454132.6929
546000,2368.0139,14336.507,62189.3054,-516264.2519,-437370.42559999996,-454074.94649999996
547000,2359.8659,14329.1093,62763.5833,-517142.278,-437689.7195,-454378.6947
548000,2408.7156,14310.0316,61509.7106,-515806.4306,-437577.9728,-454296.72000000003
549000,2405.5599,14389.1221,62110.533,-515980.0649,-437074.84990000003,-453869.5319
550000,2394.6025,14351.8151,61916.0627,-515782.2871,-437119.8068,-453866.2244
551000,2349.792,14317.809,61168.0703,-515103.5354,-437267.8641,-453935.4651
552000,2359.065,14346.4594,61749.4441,-515736.907,-437281.9385,-453987.4629
553000,2374.1724,14290.2049,61981.254,-516190.844,-437545.2127,-454209.58999999997
554000,2378.3965,14314.5178,61997.0126,-516088.8905,-437398.96359999996,-454091.87789999996
555000,2365.9511,14289.7461,62296.6462,-516892.0301,-437939.68669999996,-454595.38389999996
556000,2378.1843,14305.3214,62208.9895,-517025.163,-438132.6678,-454816.1735
557000,2378.2146,14375.7486,61642.8058,-516544.2112,-438147.44220000005,-454901.40540000005
558000,2362.4897,14337.5789,62658.9334,-517247.186,-437888.184,-454588.2526
559000,2356.1793,14402.8713,62311.3302,-517103.4754,-438033.0946,-454792.1452
560000,2370.3418,14377.4494,62454.4051,-516256.4418,-437054.24549999996,-453802.03669999994
561000,2372.844,14323.9184,61995.8455,-516262.3553,-437569.7474,-454266.5098
562000,2383.8065,14419.2767,62149.66,-516675.186,-437722.44279999996,-454525.52599999995
563000,2396.9968,14307.9669,61791.9837,-516006.8573,-437509.90989999997,-454214.8736
564000,2374.7836,14313.1808,62402.8163,-516862.5504,-437771.7697,-454459.7341
565000,2393.3318,14291.1745,62359.6861,-516877.2099,-437833.0175,-454517.5238
566000,2393.0769,14388.5938,61998.7103,-516714.0249,-437933.6439,-454715.31460000004
567000,2386.2015,14324.876,62300.8164,-516768.3478,-437756.45389999996,-454467.5314
568000,2408.1056,14407.4059,61984.2586,-516504.1948,-437704.4247,-454519.9362
569000,2376.7449,14303.0284,61809.7507,-515591.3332,-437101.8092,-453781.5825
570000,2368.7186,14286.135,62108.3746,-516758.655,-437995.4268,-454650.28040000005
571000,2406.0021,14406.869,61545.0359,-515544.3457,-437186.4387,-453999.3098
572000,2370.6018,14279.212,61316.5176,-515494.4905,-437528.15910000005,-454177.9729
573000,2387.0652,14365.9405,61408.2289,-515306.5146,-437145.28,-453898.2857
574000,2382.6396,14354.0933,61624.5978,-515911.4076,-437550.0769,-454286.8098
575000,2372.8979,14336.0899,62158.3912,-516617.0399,-437749.66089999996,-454458.64869999996
576000,2362.3454,14201.9389,61764.5204,-516004.2725,-437675.4678,-454239.75210000004
577000,2406.5524,14376.4811,61683.5553,-516941.8093,-438475.22050000005,-455258.254
578000,2362.5234,14305.8807,62163.602,-516928.3107,-438096.3046,-454764.70869999996
579000,2371.1503,14330.0127,62411.98,-516841.8929,-437728.74989999994,-454429.9129
580000,2369.1037,14408.749,62097.9653,-516549.1136,-437673.29559999995,-454451.1483
581000,2350.9036,14280.579,62052.623,-516661.8494,-437977.7438,-454609.2264
582000,2372.5928,14223.6004,61874.7902,-515722.1988,-437251.2154,-453847.4086
583000,2402.7645,14333.4559,62129.5271,-517007.7355,-438141.988,-454878.2084
584000,2367.3842,14288.4704,62412.2672,-517145.5788,-438077.45700000005,-454733.3116
585000,2361.6689,14289.5369,61961.6008,-515413.5362,-436800.72959999996,-453451.93539999996
586000,2389.473,14288.5071,61819.5045,-515791.6253,-437294.1407,-453972.12080000003
587000,2384.9516,14357.3985,62516.2095,-516814.6929,-437556.13330000004,-454298.4834
588000,2354.0493,14298.34,61440.1987,-514963.5873,-436870.9993,-453523.3886
589000,2371.7647,14360.178,61468.9835,-515263.1619,-437062.2357,-453794.1784
590000,2412.2199,14307.1068,61964.5013,-516568.52,-437884.69200000004,-454604.0187
591000,2373.3741,14438.1583,62149.1552,-516489.9921,-437529.30449999997,-454340.8369
592000,2325.1153,14213.7075,62105.6708,-516969.6893,-438325.19570000004,-454864.0185
593000,2372.8947,14308.7626,62088.4999,-516708.8699,-437938.7127,-454620.37
594000,2372.888,14330.8591,62037.4827,-516532.8909,-437791.6611,-454495.4082
595000,2368.341,14282.0329,61971.6002,-516565.3159,-437943.3418,-454593.7157
596000,2400.6584,14354.0355,62057.466,-516261.3396,-437449.1797,-454203.8736
597000,2369.5522,14257.744,61921.4405,-516653.2093,-438104.4726,-454731.76879999996
598000,2359.9376,14269.0184,61605.7172,-515960.8727,-437726.1995,-454355.1555
599000,2387.3452,14224.3949,61917.3278,-516411.6496,-437882.5817,-454494.32180000003
600000,2385.7817,14402.3146,61399.1899,-515638.2831,-437450.9969,-454239.0932
601000,2385.2169,14321.8354,61825.4634,-516032.1153,-437499.5996,-454206.6519
602000,2378.771,14244.6043,62222.7873,-516530.3342,-437684.1716,-454307.54689999996
603000,2372.6809,14292.709,62304.152,-516770.9339,-437801.392,-454466.7819
604000,2346.5111,14241.0087,62358.5997,-516877.749,-437931.62950000004,-454519.1493
605000,2373.7519,14438.1187,62219.1389,-516813.8493,-437782.8398,-454594.7104
606000,2379.8129,14344.6135,61823.6354,-515969.0048,-437420.94299999997,-454145.36939999997
607000,2382.3928,14387.263,61380.2315,-515432.9025,-437283.0152,-454052.67100000003
608000,2376.696,14235.0022,61815.8425,-516462.3169,-438034.77619999996,-454646.47439999995
609000,2385.0491,14301.8409,62203.4092,-516043.9576,-437153.6584,-453840.5484
610000,2364.6557,14327.8133,62228.3077,-516349.4713,-437428.6946,-454121.16359999997
611000,2365.633,14357.1533,62317.7621,-516352.8124,-437312.26399999997,-454035.0503
612000,2396.6027,14415.6359,61837.6725,-516357.9639,-437708.05279999995,-454520.2914
613000,2381.1318,14383.8047,62139.1246,-516173.7765,-437269.7154,-454034.6519
614000,2359.0889,14191.4083,61774.7884,-515828.0244,-437502.7388,-454053.236
615000,2356.3892,14310.8925,61822.1167,-516038.9419,-437549.54349999997,-454216.82519999996
616000,2383.4504,14223.4259,62775.1739,-517556.9402,-438174.89,-454781.7663
617000,2347.6245,14289.9069,61936.4119,-516346.1565,-437772.2132,-454409.7446
618000,2380.4681,14245.1546,62862.585,-516971.3744,-437483.16669999994,-454108.78939999995
619000,2350.4148,14366.7723,62190.8511,-516008.4329,-437100.3947,-453817.58180000004
620000,2331.8889,14273.1407,62116.7476,-516198.5675,-437476.7903,-454081.8199
621000,2371.3027,14281.3977,61898.5911,-516063.0563,-437511.7648,-454164.4652
622000,2376.6221,14292.563,62255.6799,-516290.0393,-437365.1743,-454034.3594
623000,2385.5854,14275.4131,61918.4894,-515862.0085,-437282.5206,-453943.5191
624000,2399.8749,14313.8198,61655.1705,-515885.3797,-437516.5145,-454230.2092
625000,2362.6516,14436.3855,61685.2628,-515795.6015,-437311.3016,-454110.33869999996
626000,2360.2144,14306.5716,61713.8626,-515810.05,-437429.4014,-454096.1874
627000,2377.1164,14310.7059,62093.0049,-516109.3312,-437328.504,-454016.3263
628000,2372.8443,14302.1025,62135.9173,-516145.4966,-437334.6325,-454009.5793
629000,2363.8272,14285.956,61804.5181,-516531.5817,-438077.2804,-454727.0636
630000,2362.1148,14204.1827,62106.9257,-516198.984,-437525.7608,-454092.0583
631000,2374.8086,14298.7124,62075.7557,-516716.6752,-437967.3985,-454640.9195
632000,2370.5851,14352.08,61270.0522,-515446.9346,-437454.2173,-454176.8824
633000,2381.9831,14306.9991,62194.212,-516688.715,-437805.52080000006,-454494.503
634000,2377.5674,14364.2753,61865.4677,-515602.3577,-436995.0473,-453736.89
635000,2364.9765,14349.1821,61659.8435,-515764.5413,-437390.5392,-454104.69779999997
636000,2416.6211,14318.4252,61849.7318,-515809.2603,-437224.4822,-453959.5285
637000,2369.6433,14382.7353,61294.3492,-515058.3093,-437011.58150000003,-453763.9601
638000,2378.7108,14214.626,62338.2946,-516815.5256,-437883.8942,-454477.23099999997
639000,2384.9517,14270.196,62268.1955,-516179.0752,-437255.732,-453910.87970000005
640000,2373.8516,14197.0837,62030.647,-515184.7039,-436583.1216,-453154.0569
641000,2357.0618,14365.8968,61769.6282,-515766.3619,-437273.7751,-453996.73370000004
642000,2388.1868,14293.9645,62247.8435,-516673.5382,-437743.5434,-454425.6947
643000,2357.8099,14269.8057,62038.4948,-516384.7073,-437718.5969,-454346.2125
644000,2345.5694,14249.5166,61888.297,-515979.9239,-437496.5409,-454091.6269
645000,2382.894,14369.3544,61918.7544,-516432.4054,-437761.4026,-454513.651
646000,2357.5668,14256.4275,61981.5246,-515720.5799,-437125.061,-453739.0553
647000,2371.5579,14335.5153,61991.4235,-516113.8203,-437415.3236,-454122.39680000005
648000,2334.3391,14287.0001,62273.1827,-516969.5478,-438075.0259,-454696.3651
649000,2377.7794,14199.9089,61977.7981,-516322.3369,-437766.8505,-454344.5388
650000,2376.0382,14307.7818,61787.3134,-516088.2492,-437617.1158,-454300.93580000004
651000,2379.9599,14407.7656,62322.5556,-517182.17,-438071.8889,-454859.61439999996
652000,2377.663,14399.4343,62612.951,-517459.1641,-438069.1158,-454846.2131
653000,2384.9526,14278.0158,61981.8965,-516539.492,-437894.62710000004,-454557.59550000005
654000,2402.5282,14314.9825,61621.5131,-515660.4542,-437321.43039999995,-454038.9411
655000,2395.7113,14355.4538,62046.8874,-516131.3851,-437333.3326,-454084.4977
656000,2372.7852,14169.6623,61942.5148,-515917.1124,-437432.15009999997,-453974.5976
657000,2415.7307,14338.5581,62184.4799,-516420.8542,-437482.0855,-454236.3743
658000,2361.5439,14298.4891,62214.4436,-515715.4724,-436840.99580000003,-453501.02880000003
659000,2403.333,14286.8902,62243.3907,-515990.2566,-437056.6427,-453746.86590000003
660000,2377.49,14443.1258,61545.5809,-515017.585,-436651.3883,-453472.0041
661000,2399.188,14261.0043,61581.2156,-514298.9657,-436057.5578,-452717.7501
662000,2362.0776,14232.7554,61956.3496,-516242.0717,-437690.8891,-454285.72209999996
663000,2393.6828,14145.8018,61962.0981,-515790.1243,-437288.5416,-453828.0262
664000,2384.3042,14322.2605,62512.6002,-516178.7712,-436959.6063,-453666.17100000003
665000,2389.4418,14348.5472,61960.6867,-515529.2272,-436830.55150000006,-453568.5405
666000,2379.1954,14230.5648,61641.1828,-515307.5373,-437056.5943,-453666.3545
667000,2394.0725,14326.02,61759.3464,-515975.3466,-437495.9077,-454216.0002
668000,2383.6727,14242.1969,61693.9132,-515629.4375,-437309.6547,-453935.5243
669000,2374.3986,14253.7094,62111.1431,-516243.6933,-437504.4422,-454132.5502
670000,2413.7382,14321.1957,62086.6577,-516161.6055,-437340.0139,-454074.9478
671000,2385.6516,14261.5091,62504.7548,-517591.7749,-438439.8594,-455087.0201
672000,2389.1537,14237.7023,62069.0719,-516577.8302,-437881.9023,-454508.75830000004
673000,2368.847,14297.8218,62399.6742,-516816.3603,-437750.0173,-454416.6861
674000,2356.3761,14176.3475,62257.737,-516256.7366,-437466.276,-453998.9996
675000,2390.285,14247.3044,61809.0684,-516162.6796,-437716.0218,-454353.6112
676000,2352.084,14325.3643,62079.8082,-516741.1263,-437983.8698,-454661.31810000003
677000,2367.2344,14378.7376,61814.1031,-515849.3962,-437289.3211,-454035.2931
678000,2379.8618,14274.9061,62300.6775,-516814.6368,-437859.1914,-454513.9593
679000,2353.2193,14147.7293,62394.6314,-516971.0201,-438075.4401,-454576.3887
680000,2371.2629,14250.2669,62298.9651,-516572.0995,-437651.6046,-454273.1344
681000,2383.2406,14263.1351,61875.396,-516114.7879,-437593.0162,-454239.3919
682000,2362.2656,14233.8492,62002.144,-515834.659,-437236.4002,-453832.515
683000,2393.9597,14225.9792,62139.7101,-515990.6825,-437231.0335,-453850.97239999997
684000,2345.1499,14319.5516,62071.5459,-516119.8334,-437383.586,-454048.2875
685000,2388.1201,14293.0057,62063.3139,-516221.226,-437476.78630000004,-454157.9121
686000,2375.9163,14235.6478,62359.6898,-516892.3073,-437921.0534,-454532.6175
687000,2382.1203,14279.0385,62067.8251,-515998.414,-437269.4301,-453930.5889
688000,2364.2422,14271.3817,62467.959,-516516.4204,-437412.8375,-454048.46140000003
689000,2370.5938,14290.5562,62376.9485,-516779.1965,-437741.098,-454402.248
690000,2374.3685,14323.8035,61802.5972,-515760.44,-437259.6708,-453957.8428
691000,2374.5387,14329.9595,62005.0167,-515618.2799,-436908.765,-453613.26320000004
692000,2382.286,14445.3437,62083.7032,-516301.181,-437389.84809999994,-454217.4778
693000,2350.8771,14354.7938,61917.317,-516583.0653,-437960.0774,-454665.74830000004
694000,2401.2139,14366.0886,62750.7803,-517687.7563,-438169.67350000003,-454936.976
695000,2374.4534,14336.161,62299.7508,-516515.6296,-437505.2644,-454215.8788
696000,2380.0702,14260.9731,62256.9421,-516902.3868,-438004.4014,-454645.4447
697000,2359.8718,14261.7726,61991.868,-515543.2631,-436929.7507,-453551.39509999997
698000,2363.5369,14341.3238,62047.3097,-515771.8069,-437019.6365,-453724.49720000004
699000,2399.8072,14368.6794,61829.7313,-515934.977,-437336.7591,-454105.2457
700000,2365.8088,14302.9195,62061.3459,-515931.3012,-437201.22699999996,-453869.9553
701000,2377.7932,14246.2485,62095.8345,-516316.2164,-437596.3402,-454220.3819
702000,2398.1649,14298.4875,62078.2671,-515403.8137,-436628.8942,-453325.5466
703000,2409.3965,14337.1247,61766.6451,-516192.9478,-437679.78150000004,-454426.3027
704000,2396.3771,14333.0828,61855.8654,-516130.3939,-437545.0686,-454274.5285
705000,2390.9532,14330.328,62025.9971,-516062.0623,-437314.784,-454036.0652
706000,2356.4997,14379.9339,61646.2727,-515315.2229,-436932.5166,-453668.95019999996
707000,2365.5146,14226.0704,62036.1504,-515428.6983,-436800.9629,-453392.5479
708000,2391.4905,14264.66,62192.7874,-516696.0871,-437847.1492,-454503.2997
709000,2378.6551,14332.2264,61961.5574,-515863.4452,-437191.0063,-453901.8878
710000,2378.0489,14287.3028,61417.7411,-515156.5831,-437073.4903,-453738.842
711000,2407.9177,14484.2665,61549.4778,-516129.6503,-437687.98829999997,-454580.1725
712000,2378.1205,14261.471,61499.8532,-515054.3944,-436914.9497,-453554.5412
713000,2415.1828,14321.5006,61779.1826,-516070.4802,-437554.6142,-454291.2976
714000,2352.8726,14313.7728,62052.696,-516256.2531,-437536.91169999994,-454203.5571
715000,2428.6436,14269.2754,62089.9874,-516081.1324,-437293.226,-453991.145
716000,2366.4516,14288.4175,61703.9255,-515805.2656,-437446.471,-454101.3401
717000,2436.8591,14332.2414,62283.5181,-516265.7071,-437213.0885,-453982.189
718000,2362.3789,14210.9807,62308.309,-516861.5233,-437979.8547,-454553.2143
719000,2385.8805,14246.0885,62401.7887,-516556.0836,-437522.3259,-454154.29490000004
720000,2386.9481,14294.1435,62080.0055,-515804.5976,-437043.50049999997,-453724.5921
721000,2405.6894,14259.7849,62106.8831,-516040.8659,-437268.5085,-453933.9828
722000,2397.1853,14260.6618,61595.6637,-515544.4961,-437290.9853,-453948.8324
723000,2420.8275,14258.4363,61968.4478,-516535.6132,-437887.9016,-454567.1654
724000,2380.8954,14296.775,61862.2664,-515840.4303,-437300.4935,-453978.1639
725000,2356.0316,14347.8655,61749.8507,-515772.2623,-437318.5145,-454022.4116
726000,2358.4573,14366.2048,61579.828,-515336.1633,-437031.6732,-453756.33530000004
727000,2370.78,14299.6081,61802.1043,-516044.3514,-437571.859,-454242.2471
728000,2369.0027,14431.6956,61489.6875,-515407.7868,-437117.401,-453918.0993
729000,2393.3729,14254.6333,62211.0838,-516248.8986,-437389.8086,-454037.8148
730000,2402.8269,14230.3611,62050.7128,-515393.3215,-436709.4207,-453342.60870000004
731000,2395.3789,14299.6226,62515.4174,-517083.881,-437873.4621,-454568.4636
732000,2374.6903,14393.855,62136.0515,-516006.8999,-437102.3031,-453870.8484
733000,2384.7589,14292.1835,61916.3521,-515785.2282,-437191.93370000005,-453868.8761
734000,2360.1392,14266.7931,61879.3439,-515983.3263,-437477.0501,-454103.98240000004
735000,2384.4425,14313.7251,61793.2073,-516055.6547,-437564.2798,-454262.4474
736000,2365.0038,14273.0514,61953.8427,-515833.9676,-437242.0697,-453880.1249
737000,2408.3478,14288.0142,62428.5184,-516557.6322,-437432.75179999997,-454129.1138
738000,2378.4579,14385.9808,61606.4798,-516410.9129,-438039.99439999997,-454804.4331
739000,2354.6248,14176.011,62259.956,-516724.4498,-437933.858,-454464.4938
740000,2371.4985,14313.6262,62102.5637,-516348.4906,-437560.80220000003,-454245.9269
741000,2380.015,14354.4461,62298.4175,-517113.6595,-438080.7809,-454815.242
742000,2368.8821,14325.0302,62396.222,-517155.8636,-438065.7293,-454759.6416
743000,2386.8019,14322.094,62643.2963,-517228.3811,-437876.1889,-454585.0848
744000,2383.6934,14354.7015,62307.8333,-516354.1337,-437307.9055,-454046.3004
745000,2383.2632,14262.8001,61846.175,-515967.0263,-437474.78800000006,-454120.85130000004
746000,2400.1654,14282.4375,61796.4012,-515503.601,-437024.5969,-453707.1998
747000,2385.4832,14292.713,61914.7817,-515488.6094,-436895.6315,-453573.8277
748000,2381.0814,14336.3901,62224.4836,-516416.9422,-437474.9871,-454192.4586
749000,2422.2226,14306.063,62199.7809,-517091.2538,-438163.1873,-454891.4729
750000,2373.2688,14378.4543,62292.8442,-516629.9775,-437585.4102,-454337.1333
751000,2376.7663,14319.7459,62451.2775,-516949.0185,-437801.22880000004,-454497.74100000004
752000,2372.4065,14328.7404,61870.9297,-516047.8381,-437475.7615,-454176.9084
753000,2353.1273,14285.6012,62362.6154,-516510.1533,-437508.8094,-454147.5379
754000,2397.8054,14333.9816,61946.8805,-515998.9188,-437320.2513,-454052.0383
755000,2366.3643,14272.3464,62231.1054,-516364.7003,-437494.88420000003,-454133.5949
756000,2393.4497,14385.3245,62152.2288,-516610.4418,-437679.4388,-454458.213
757000,2381.3622,14288.2161,62343.2935,-516643.7185,-437630.8467,-454300.42500000005
758000,2414.1909,14368.8066,61860.033,-515930.3146,-437287.2841,-454070.2816
759000,2388.6273,14354.1798,62603.7522,-517138.7284,-437792.16910000006,-454534.97620000003
760000,2428.7347,14325.2874,62182.8119,-516822.4424,-437885.6084,-454639.63049999997
761000,2402.6359,14301.9282,62146.2677,-516359.9188,-437509.087,-454213.6511
762000,2364.3967,14316.9886,62353.3587,-517135.1727,-438100.4287,-454781.814
763000,2340.5224,14211.5984,62276.4336,-516075.5043,-437246.9499,-453799.0707
764000,2378.2054,14227.3904,62164.7804,-516277.1886,-437506.8124,-454112.4082
765000,2391.4942,14353.2418,62507.74,-517419.5951,-438167.1191,-454911.8551
766000,2391.5771,14243.374,61855.7524,-516450.9003,-437960.1968,-454595.1479
767000,2358.1023,14209.7354,61698.1705,-515973.6197,-437707.6115,-454275.4492
768000,2412.0727,14346.201,61947.2928,-516289.855,-437584.28849999997,-454342.5622
769000,2398.2013,14200.362,61446.3524,-516116.256,-438071.3403,-454669.90359999996
770000,2347.1057,14278.2487,62024.0426,-515890.6778,-437241.2808,-453866.6352
771000,2397.8134,14254.5565,61831.823,-516498.4421,-438014.24919999996,-454666.6191
772000,2369.5614,14410.0916,61941.4914,-516751.8332,-438030.6888,-454810.3418
773000,2399.0788,14381.9081,62337.2098,-517156.7209,-438038.5242,-454819.5111
774000,2368.2695,14289.3601,61949.3826,-516737.7421,-438130.7299,-454788.35949999996
775000,2424.2753,14368.6919,61967.5045,-516779.3319,-438018.8602,-454811.8274
776000,2418.1707,14346.3197,61940.2569,-516246.9594,-437542.2121,-454306.7025
777000,2324.3888,14280.3654,61839.3501,-515539.1833,-437095.07899999997,-453699.8332
778000,2407.4071,14273.2873,61499.9477,-515174.9021,-436994.26,-453674.9544
779000,2378.9384,14307.4454,62147.2731,-516427.6822,-437594.0253,-454280.4091
780000,2380.7189,14378.5834,62002.9518,-517070.7583,-438308.50419999997,-455067.8065
781000,2367.7368,14245.5671,61534.3719,-515922.2724,-437774.59660000005,-454387.9005
782000,2359.6439,14366.0771,61628.4318,-515526.0085,-437171.8557,-453897.5767
783000,2360.2868,14263.1087,61865.8836,-516273.3789,-437784.0998,-454407.4953
784000,2344.1482,14330.0168,62458.1978,-516954.0765,-437821.7137,-454495.8787
785000,2366.6975,14284.3896,62254.3636,-516657.809,-437752.3583,-454403.4454
786000,2419.0203,14297.5903,62304.4257,-516389.6636,-437368.62730000005,-454085.2379
787000,2331.6759,14194.907,62142.86,-517408.879,-438739.43610000005,-455266.01900000003
788000,2421.1067,14203.5676,62258.8718,-516404.4657,-437520.9196,-454145.5939
789000,2359.9283,14330.8112,61983.6583,-515572.559,-436898.1612,-453588.9007
790000,2349.5422,14195.8703,61504.0565,-514885.5609,-436836.0919,-453381.5044
791000,2409.3767,14223.0489,61407.2449,-515239.0821,-437199.4116,-453831.8372
792000,2409.7321,14284.5928,61852.183,-515688.3813,-437141.87340000004,-453836.1983
793000,2364.7069,14278.9364,62100.996,-516656.2755,-437911.6362,-454555.2795
794000,2356.7424,14203.7275,62058.4972,-516543.4888,-437924.5217,-454484.9916
795000,2366.1285,14221.3045,62286.6102,-516659.7594,-437785.71619999997,-454373.1492
796000,2409.7345,14291.5328,61727.8124,-515327.3904,-436898.3107,-453599.578
797000,2359.2449,14295.8789,62347.429,-516174.1056,-437171.5528,-453826.6766
798000,2346.9946,14244.9394,61560.1893,-516163.8908,-438011.76749999996,-454603.70149999997
799000,2379.4077,14231.0753,62591.9643,-517228.6137,-438026.1664,-454636.6494
800000,2388.6024,14284.5859,61872.0854,-515621.6723,-437076.39859999996,-453749.5869
801000,2399.6629,14262.3668,61891.6438,-515454.2189,-436900.54539999994,-453562.57509999996
802000,2437.5284,14267.6221,62217.8379,-516410.9318,-437487.9434,-454193.09390000004
803000,2356.3883,14275.2007,62546.0777,-516630.9458,-437453.2791,-454084.86809999996
804000,2401.3717,14300.7525,62399.9393,-516961.6608,-437859.5973,-454561.7215
805000,2332.12,14290.6476,62479.0973,-517179.515,-438077.6501,-454700.4177
806000,2370.4435,14230.3659,61575.0616,-516072.6277,-437896.7567,-454497.5661
807000,2384.7137,14311.631,62499.697,-517165.3935,-437969.3518,-454665.6965
808000,2369.6282,14246.7214,62128.3478,-516144.7909,-437400.0935,-454016.44310000003
809000,2355.1337,14302.7202,61906.8238,-515854.5601,-437289.8824,-453947.7363
810000,2393.6689,14230.8837,62008.9603,-515789.9439,-437156.431,-453780.98360000004
811000,2382.1649,14306.4236,61743.5986,-516022.8814,-437590.69430000003,-454279.28280000004
812000,2356.1784,14224.6323,61646.9816,-515377.7653,-437149.973,-453730.7837
813000,2381.5078,14183.8466,61579.4492,-515604.4655,-437459.6619,-454025.0163
814000,2359.3705,14288.5293,61971.3692,-516275.1111,-437655.8421,-454303.74189999996
815000,2364.8188,14336.9593,61764.2354,-515789.6159,-437323.6024,-454025.38049999997
816000,2383.7573,14199.5428,62310.5707,-516630.6533,-437736.7825,-454320.0826
817000,2392.8768,14371.2421,62492.4357,-516891.6411,-437635.0865,-454399.2054
818000,2350.407,14250.8381,62228.2503,-516673.4882,-437843.9928,-454445.2379
819000,2341.0578,14406.0677,61759.1576,-515578.1114,-437071.8283,-453818.9538
820000,2306.9973,14264.3955,62034.3689,-516711.5269,-438105.7652,-454677.158
821000,2365.5254,14340.3914,62837.5801,-517344.0775,-437800.5806,-454506.4974
822000,2375.629,14228.5661,62332.5714,-516970.5408,-438033.77430000005,-454637.9694
823000,2357.6892,14308.9453,62255.508,-516445.3454,-437523.2029,-454189.83739999996
824000,2356.2664,14204.7311,62551.4901,-516297.6885,-437185.2009,-453746.1984
825000,2373.7466,14306.0385,61577.279,-515488.0616,-437230.9975,-453910.78260000004
826000,2392.1822,14351.7888,61141.1552,-514547.3459,-436662.2197,-453406.19070000004
827000,2337.5293,14195.8394,62143.6894,-516085.872,-437408.81389999995,-453942.18259999994
828000,2357.2156,14209.604,61480.3679,-515257.8162,-437210.6287,-453777.4483
829000,2348.3591,14264.6003,61513.9545,-515400.162,-437273.2481,-453886.2075
830000,2390.0236,14315.1347,61972.9368,-516275.89,-437597.7949,-454302.9532
831000,2361.7629,14268.1427,61649.143,-515598.5523,-437319.5037,-453949.4093
832000,2375.2448,14168.618,62450.2579,-516465.6642,-437471.5435,-454015.40630000003
833000,2380.3278,14346.281,62309.6268,-516607.7008,-437571.4652,-454298.074
834000,2352.6,14202.487,62078.3949,-515948.2197,-437314.7378,-453869.8248
835000,2376.2553,14293.428,62232.4237,-515866.6621,-436964.5551,-453634.23840000003
836000,2372.2854,14311.3784,62318.0315,-516776.0808,-437774.3855,-454458.0493
837000,2384.0127,14247.2441,61959.3406,-515942.5334,-437351.936,-453983.1928
838000,2360.7898,14325.4202,62372.2654,-516749.4673,-437690.9919,-454377.20190000004
839000,2376.8874,14349.706,61501.4287,-515442.9596,-437214.9375,-453941.5309
840000,2372.1231,14333.6631,61790.2811,-516429.8892,-437933.8219,-454639.60809999995
841000,2368.7336,14261.366,62691.7454,-517040.6989,-437718.8539,-454348.9535
842000,2367.0001,14308.2381,62318.5689,-516926.2569,-437932.44979999994,-454607.68799999997
843000,2361.5792,14206.5842,62112.4452,-516028.4346,-437347.826,-453915.98939999996
844000,2356.8666,14303.5628,62006.7178,-516373.4317,-437706.2845,-454366.71390000003
845000,2373.0921,14374.0622,61501.3549,-515762.9087,-437514.39950000006,-454261.55380000005
846000,2373.3955,14210.305,61524.0734,-515155.0643,-437047.29040000006,-453630.99090000003
847000,2395.925,14337.8864,62002.611,-516214.3873,-437477.9649,-454211.7763
848000,2362.3249,14275.345,61365.3683,-515546.3905,-437543.35229999997,-454181.0222
849000,2357.973,14300.7162,62002.9519,-516592.1655,-437930.5244,-454589.2136
850000,2378.629,14343.6031,62256.3811,-516893.3272,-437914.71400000004,-454636.9461
851000,2390.529,14358.3838,61692.6101,-515636.173,-437194.6501,-453943.5629
852000,2388.1464,14364.3198,61488.8503,-515480.2002,-437238.8837,-453991.34990000003
853000,2406.4171,14370.9465,62111.8615,-517082.2135,-438192.98840000003,-454970.352
854000,2365.2601,14269.1296,62065.1274,-516048.3184,-437348.8013,-453983.191
855000,2353.3397,14319.1014,62204.511,-516420.6177,-437543.6656,-454216.1067
856000,2393.872,14370.3601,61697.8754,-516157.3669,-437695.25940000004,-454459.4915
857000,2371.6073,14388.6446,62180.3525,-516832.1143,-437891.5099,-454651.76180000004
858000,2364.8684,14146.7543,62405.8431,-516900.8673,-437983.4015,-454495.0242
859000,2386.8522,14283.4217,61940.0113,-516336.2054,-437725.9202,-454396.19409999996
860000,2375.8237,14339.4965,61856.3914,-516032.4884,-437460.7768,-454176.09699999995
861000,2401.0889,14298.1227,62267.5451,-516866.8204,-437900.06370000006,-454599.27530000004
862000,2372.9126,14203.4405,61851.9541,-516935.262,-438506.95479999995,-455083.3079
863000,2363.4145,14285.7539,61813.1124,-515912.9401,-437450.6593,-454099.8277
864000,2355.7057,14291.355,61609.2736,-515516.1854,-437259.8511,-453906.9118
865000,2365.4624,14311.4188,62249.8908,-516416.6366,-437489.86460000003,-454166.74580000003
866000,2383.9951,14323.817,61927.5481,-515760.7958,-437125.4356,-453833.2477
867000,2371.3343,14180.5852,62179.141,-516663.5805,-437932.51999999996,-454484.4395
868000,2383.98,14250.916,62022.6854,-515767.1581,-437109.5767,-453744.4727
869000,2338.9667,14147.747,62266.9226,-515738.3528,-436984.7165,-453471.4302
870000,2316.8857,14195.1116,62072.3838,-516397.4424,-437813.0613,-454325.0586
871000,2417.414,14392.5738,62033.267,-516172.4613,-437329.20650000003,-454139.19430000003
872000,2367.5539,14306.6084,61874.6064,-516136.3523,-437587.5836,-454261.74590000004
873000,2368.4026,14230.8064,61950.6127,-515280.5686,-436730.7469,-453329.9559
874000,2358.7371,14220.4596,62064.2644,-515991.0423,-437347.58119999996,-453926.7779
875000,2356.2976,14342.5489,61911.7685,-515684.4172,-437073.80220000003,-453772.6487
876000,2366.9527,14301.9057,62420.9285,-516506.4664,-437416.67949999997,-454085.5379
877000,2352.982,14184.6561,61804.3776,-515610.082,-437268.0663,-453805.7044
878000,2397.7232,14330.9336,61690.6231,-516247.481,-437828.20110000006,-454556.85790000006
879000,2375.3898,14327.3827,62238.6365,-516632.8738,-437691.4648,-454394.2373
880000,2370.6758,14168.0512,62389.4282,-516442.2266,-437514.0714,-454052.79839999997
881000,2387.4358,14203.2027,61650.6733,-516142.0815,-437900.76969999995,-454491.40819999995
882000,2392.5119,14358.0235,61475.5478,-514930.4442,-436704.36100000003,-453454.8964
883000,2352.199,14243.7105,61989.645,-515268.1722,-436682.61769999994,-453278.52719999995
884000,2355.795,14277.7888,61620.5546,-515552.36,-437298.2216,-453931.80539999995
885000,2387.1246,14362.5988,61610.2968,-515882.484,-437522.4638,-454272.1872
886000,2380.1691,14261.1745,61727.7801,-515758.0394,-437388.9157,-454030.25930000003
887000,2357.1652,14355.0986,61645.0594,-515474.5887,-437117.26550000004,-453829.52930000005
888000,2356.2255,14231.3267,62147.7952,-516743.9754,-438008.628,-454596.1802
889000,2335.8408,14328.5855,62623.6902,-517305.6899,-438017.5734,-454681.9997
890000,2375.1453,14294.1976,62346.7947,-516771.2039,-437755.0663,-454424.4092
891000,2375.1807,14309.8241,61862.2717,-516481.5543,-437934.27780000004,-454619.28260000004
892000,2344.2604,14283.7698,61837.5208,-516296.0369,-437830.48589999997,-454458.5161
893000,2394.233,14270.1508,62269.1353,-516881.6954,-437948.17630000005,-454612.5601
894000,2366.2525,14225.5083,62192.4463,-516659.6928,-437875.4857,-454467.2465
895000,2417.0476,14319.8427,62217.4296,-516563.5801,-437609.2602,-454346.1505
896000,2398.5978,14329.6054,62001.3617,-516350.6936,-437621.1287,-454349.3319
897000,2387.5617,14344.7825,61599.1161,-515530.9725,-437199.5122,-453931.8564
898000,2386.859,14329.2037,61845.268,-516699.7795,-438138.4488,-454854.5115
899000,2369.0886,14368.0901,62298.7404,-517202.9771,-438167.058,-454904.2367
900000,2380.8829,14225.5627,61792.3329,-515110.2855,-436711.507,-453317.9526
901000,2367.3119,14306.5063,61543.2022,-515138.1144,-436921.09400000004,-453594.9122
902000,2393.8177,14313.9912,61935.9645,-516090.0701,-437446.2967,-454154.1056
903000,2392.977,14345.552,61761.4275,-515737.7811,-437237.82460000005,-453976.35360000003
904000,2377.2019,14405.0379,61836.4632,-515456.7552,-436838.05220000003,-453620.292
905000,2384.2181,14332.1504,62458.4033,-516922.0674,-437747.2956,-454463.6641
906000,2376.7141,14279.9136,62138.5787,-516252.7669,-437457.5605,-454114.1882
907000,2369.3819,14325.0805,61742.8625,-515688.1245,-437250.79959999997,-453945.262
908000,2392.8261,14434.0895,61855.8938,-516099.71,-437416.90060000005,-454243.8162
909000,2381.3546,14208.5489,62306.5301,-516580.9021,-437684.4685,-454274.372
910000,2388.1583,14317.4957,61918.97,-516418.2228,-437793.5988,-454499.2528
911000,2375.1661,14226.0853,61515.3108,-515775.529,-437658.9668,-454260.2182
912000,2369.2492,14329.6393,61841.4181,-515893.5178,-437353.21119999996,-454052.09969999996
913000,2331.8633,14236.0999,61577.4807,-515657.6785,-437512.23459999997,-454080.19779999997
914000,2371.0614,14326.8633,61758.3059,-516016.9549,-437560.7243,-454258.64900000003
915000,2369.4754,14338.1078,61932.5994,-516067.7629,-437427.5803,-454135.16349999997
916000,2406.7031,14292.0782,62103.9725,-516173.69,-437370.9362,-454069.7175
917000,2330.3666,14290.645,61915.3652,-515915.0242,-437378.6474,-453999.659
918000,2382.3127,14381.7279,61908.1401,-515749.5397,-437077.35900000005,-453841.3996
919000,2404.4652,14321.3732,62017.9994,-515567.1784,-436823.3406,-453549.179
920000,2387.4899,14256.7161,62144.1134,-515640.3369,-436852.01749999996,-453496.22349999996
921000,2426.7563,14361.1774,61626.4216,-515023.7273,-436609.37200000003,-453397.3057
922000,2354.4366,14265.8042,62071.4981,-516310.3391,-437618.6002,-454238.841
923000,2383.9306,14354.0842,62086.7799,-516602.5615,-437777.7668,-454515.7816
924000,2357.1599,14271.2006,61747.3523,-516070.3288,-437694.61600000004,-454322.9765
925000,2398.0106,14275.5855,61486.8742,-515298.4588,-437137.98850000004,-453811.5846
926000,2373.5483,14248.0676,62061.0242,-516268.3885,-437585.7484,-454207.3643
927000,2384.1016,14366.2395,61990.8806,-516080.2808,-437339.0591,-454089.40020000003
928000,2346.6968,14316.136,62217.1912,-516188.0414,-437308.0174,-453970.8502
929000,2423.2825,14292.8295,62030.1949,-516579.2159,-437832.909,-454549.021
930000,2411.1103,14363.1577,62579.5214,-516805.78,-437451.9906,-454226.25860000006
931000,2382.6683,14239.2918,61748.1035,-516358.8803,-437988.8167,-454610.7768
932000,2406.2972,14333.6693,61669.0927,-516032.9781,-437623.9189,-454363.8854
933000,2371.8495,14334.5126,62007.4375,-515640.9482,-436927.14859999996,-453633.5107
934000,2378.5013,14298.0782,61925.3607,-516488.4073,-437886.4671,-454563.0466
935000,2379.6546,14472.6886,62278.9824,-517121.8054,-437990.47980000003,-454842.82300000003
936000,2363.6198,14237.3026,61954.7283,-516225.3832,-437669.7325,-454270.65489999996
937000,2363.3663,14377.4569,62098.4963,-515930.954,-437091.63450000004,-453832.4577
938000,2380.8438,14274.3925,61726.7339,-515982.1224,-437600.1522,-454255.3885
939000,2409.5473,14298.8055,61750.8644,-515676.804,-437217.5868,-453925.9396
940000,2379.7397,14405.3982,62479.6062,-516766.3893,-437501.64519999997,-454286.7831
941000,2403.7153,14316.1666,62017.4333,-516410.7524,-437673.4372,-454393.3191
942000,2377.5712,14362.5254,62025.1507,-516161.1584,-437395.9111,-454136.0077
943000,2329.8866,14219.7198,62177.9639,-516172.6318,-437445.06149999995,-453994.6679
944000,2385.5414,14343.8792,62308.0959,-516867.966,-437830.4495,-454559.8701
945000,2382.2473,14246.857,61587.4046,-515510.2389,-437293.73,-453922.8343
946000,2386.2472,14311.0274,62289.3952,-517076.3235,-438089.6537,-454786.9283
947000,2361.5194,14306.5279,61721.2912,-515897.9248,-437508.58629999997,-454176.6336
948000,2396.9858,14367.8227,61889.0326,-515650.5527,-436996.71160000004,-453761.5201
949000,2365.8801,14337.5281,62139.9115,-516757.1186,-437913.7989,-454617.2071
950000,2368.7943,14380.846,62314.2116,-516864.3712,-437800.5193,-454550.1596
951000,2353.8259,14258.3725,61705.6711,-516181.0688,-437863.1993,-454475.39770000003
952000,2376.8457,14219.0694,62287.5593,-516919.8429,-438036.3685,-454632.28359999997
953000,2373.3417,14248.9292,61579.2495,-515789.57,-437588.0496,-454210.32050000003
954000,2395.7226,14271.5639,62107.2974,-515376.9931,-436602.4092,-453269.69570000004
955000,2410.2897,14339.2005,62094.2144,-516623.1958,-437779.4912,-454528.9814
956000,2380.7389,14332.0294,61852.9515,-515528.4789,-436962.75909999997,-453675.52739999996
957000,2367.7522,14250.0113,62193.4118,-516184.5217,-437373.3464,-453991.1099
958000,2404.1678,14303.8085,61718.5172,-514922.4715,-436495.978,-453203.9543
959000,2345.8767,14266.6608,61643.0012,-515227.9753,-436972.4366,-453584.9741
960000,2385.5414,14397.3966,62181.6783,-516642.9073,-437678.291,-454461.22900000005
961000,2375.4779,14323.7975,62067.8964,-516046.2769,-437279.1051,-453978.38049999997
962000,2374.5666,14330.4718,61483.2683,-516253.9007,-438065.594,-454770.6324
963000,2383.3696,14401.5162,61546.6838,-515013.9298,-436682.3602,-453467.246
964000,2402.4351,14337.2093,62014.4609,-516252.1735,-437498.0682,-454237.71259999997
965000,2351.7918,14333.391,61995.3451,-516867.7673,-438187.2394,-454872.42220000003
966000,2362.0211,14294.8876,62097.7749,-516193.5758,-437438.8922,-454095.8009
967000,2369.2629,14379.1911,61962.9584,-516159.9804,-437448.56799999997,-454197.022
968000,2360.3291,14289.189,62653.9789,-516555.7737,-437252.27670000005,-453901.79480000003
969000,2406.1721,14360.6922,62000.9318,-515985.013,-437217.2169,-453984.08119999996
970000,2369.5294,14304.0642,61476.4037,-514785.5487,-436635.5514,-453309.14499999996
971000,2362.4984,14336.8673,61694.0876,-515720.962,-437327.5087,-454026.8744
972000,2360.1383,14330.6894,61927.481,-515588.1614,-436969.8527,-453660.68039999995
973000,2368.4989,14301.7734,61819.9513,-515916.2205,-437425.9969,-454096.2692
974000,2386.3629,14413.0126,61897.318,-515274.2388,-436577.5453,-453376.92079999996
975000,2355.9918,14392.1964,62150.2337,-516256.0148,-437357.5929,-454105.7811
976000,2386.5469,14296.4705,61288.7664,-514868.3536,-436896.56979999994,-453579.58719999995
977000,2360.8198,14366.1143,61639.7914,-515622.809,-437256.0835,-453983.0176
978000,2373.0232,14353.4025,62072.3738,-516032.3651,-437233.5656,-453959.9913
979000,2405.8256,14350.7921,62416.7955,-517078.6695,-437905.2563,-454661.874
980000,2367.6533,14434.51,61673.868,-515817.19,-437341.1587,-454143.322
981000,2379.337,14385.2642,62298.8806,-516566.7848,-437503.303,-454267.90420000005
982000,2382.1231,14350.4783,62216.2692,-516068.3429,-437119.4723,-453852.0737
983000,2341.3082,14344.1126,62010.4059,-516123.6843,-437427.8576,-454113.2784
984000,2362.6087,14231.6726,62541.3268,-516567.2161,-437431.608,-454025.88930000004
985000,2406.2255,14377.2546,62107.4822,-516370.7715,-437479.80919999996,-454263.28929999995
986000,2372.6445,14213.0223,62448.8926,-517040.6676,-438006.1082,-454591.77499999997
987000,2355.0402,14332.5168,61979.3784,-515923.2672,-437256.3318,-453943.8888
988000,2395.9964,14433.4939,62134.7981,-516553.98,-437589.6916,-454419.18189999997
989000,2386.7361,14352.4505,62871.5167,-517354.8505,-437744.1472,-454483.3338
990000,2368.2729,14400.9044,62139.8816,-515700.8638,-436791.8049,-453560.98219999997
991000,2377.8476,14379.77,61983.1685,-516407.3723,-437666.5862,-454424.2038
992000,2391.9141,14371.2527,62037.2533,-515646.942,-436846.5219,-453609.6887
993000,2387.0672,14276.085,61784.1952,-515386.9738,-436939.62639999995,-453602.77859999996
994000,2390.0384,14278.0136,61731.9544,-515305.3463,-436905.33989999996,-453573.3919
995000,2349.6239,14355.9014,62237.3403,-516530.5994,-437587.7338,-454293.2591
996000,2364.6393,14212.4524,62036.4027,-515971.9798,-437358.4854,-453935.5771
997000,2354.2799,14236.5501,62594.3423,-516610.2979,-437425.1256,-454015.9556
998000,2352.6825,14355.1463,62303.3702,-516434.1992,-437423.0002,-454130.82899999997
999000,2418.9555,14406.338,61645.6993,-515623.7005,-437152.70769999997,-453978.0012
1000000,2379.8278,14409.7451,61743.0393,-515283.0885,-436750.4763,-453540.0492
1001000,2365.9972,14308.3298,61628.0002,-515755.1602,-437452.833,-454127.16
1002000,2396.9151,14314.0372,62042.3316,-515882.6909,-437129.407,-453840.3593
1003000,2329.1508,14330.2474,62425.234,-516015.4108,-436930.7786,-453590.1768
1004000,2380.2059,14278.4716,62292.7047,-515752.5895,-436801.2073,-453459.8848
1005000,2366.7382,14307.2042,62080.2187,-515640.8279,-436886.6668,-453560.60919999995
1006000,2385.3624,14251.0999,61484.8853,-514888.0403,-436766.6927,-453403.15499999997
1007000,2403.1639,14268.596,61920.9676,-516389.7752,-437797.0477,-454468.80759999994
1008000,2410.4238,14430.3897,62460.1027,-517321.1286,-438020.21239999996,-454861.0259
1009000,2429.7395,14366.1215,62203.8541,-516435.6699,-437435.95479999995,-454231.8158
1010000,2404.6512,14430.641,62135.4384,-516725.7879,-437755.0573,-454590.3495
1011000,2409.9632,14284.0453,62157.0229,-516855.6436,-438004.6122,-454698.6207
1012000,2346.1424,14365.0858,62283.3946,-516031.3217,-437036.69889999996,-453747.9271
1013000,2415.5818,14319.1421,62090.8713,-516694.763,-437869.1678,-454603.8917
1014000,2363.6176,14276.6601,62220.0863,-516700.2524,-437839.8884,-454480.1661
1015000,2362.5078,14396.5939,62365.6143,-516676.2235,-437551.5075,-454310.6092
1016000,2379.1389,14249.787,61680.7231,-516003.5312,-437693.8822,-454322.8081
1017000,2374.7353,14403.7862,61389.3364,-515507.2167,-437339.3588,-454117.88029999996
1018000,2394.0358,14469.5162,62242.1981,-517202.1191,-438096.369,-454959.92100000003
1019000,2383.4841,14348.8836,62236.748,-516610.4738,-437641.35809999995,-454373.72579999996
1020000,2368.0164,14273.1624,62457.642,-516794.5848,-437695.764,-454336.9428
1021000,2386.7002,14319.1634,62006.7337,-515998.4586,-437285.8613,-453991.72490000003
1022000,2386.5144,14337.2519,62089.4758,-515447.4828,-436634.24069999997,-453358.007
1023000,2418.208,14346.725,61921.1725,-515790.0769,-437103.9714,-453868.9044
1024000,2367.1709,14311.2915,62060.7536,-516417.4135,-437678.1975,-454356.6599
1025000,2358.2377,14345.4139,62064.0788,-516017.8571,-437250.1267,-453953.7783
1026000,2395.5338,14400.8259,61774.6076,-516192.62,-437621.6527,-454418.0124
1027000,2378.6654,14375.3978,61847.9514,-516286.6755,-437684.6609,-454438.7241
1028000,2350.898,14378.5472,61645.6107,-515707.7573,-437332.7014,-454062.1466
1029000,2365.9916,14240.5443,62050.1464,-516510.2293,-437853.547,-454460.08290000004
1030000,2327.456,14322.5719,61863.6105,-516456.378,-437942.73960000003,-454592.7675
1031000,2368.2911,14282.9966,62146.3439,-515646.375,-436848.74340000004,-453500.0311
1032000,2375.3468,14272.0735,61737.0556,-515499.1169,-437114.641,-453762.0613
1033000,2378.3033,14300.679,61806.8933,-516195.7374,-437709.86179999996,-454388.8441
1034000,2398.1535,14262.7791,61504.3008,-515385.3216,-437220.0882,-453881.02080000006
1035000,2399.4405,14222.9415,61817.5595,-515400.7216,-436960.7801,-453583.16209999996
1036000,2366.9699,14269.5131,61696.8453,-515947.3274,-437613.9991,-454250.4821
1037000,2386.7138,14331.6714,61682.2175,-515584.8147,-437184.212,-453902.59719999996
1038000,2421.1925,14367.1925,62531.4238,-517012.8128,-437693.004,-454481.389
1039000,2369.517,14285.6833,61849.4806,-515843.3162,-437338.63529999997,-453993.8356
1040000,2398.5526,14258.8766,61980.3771,-516879.398,-438241.5917,-454899.0209
1041000,2386.529,14391.949,61750.5114,-516205.759,-437676.7696,-454455.2476
1042000,2382.5053,14360.2694,61820.4755,-515784.5336,-437221.2834,-453964.0581
1043000,2367.9777,14359.3819,62211.7882,-517413.4247,-438474.27689999994,-455201.63649999996
1044000,2390.6163,14345.7867,61706.4501,-515856.1098,-437413.25669999997,-454149.65969999996
1045000,2360.9129,14293.3091,61697.9113,-515569.9419,-437217.8086,-453872.0306
1046000,2376.4281,14326.7995,62126.5597,-515936.1544,-437106.36710000003,-453809.5947
1047000,2362.4144,14270.4369,61347.3998,-515007.4395,-437027.1884,-453660.03969999996
1048000,2399.5755,14315.668,61649.9367,-515881.7459,-437516.5657,-454231.80919999996
1049000,2384.7198,14372.4174,62100.7121,-516723.7358,-437865.8865,-454623.0237
1050000,2341.318,14329.8339,61788.8052,-515901.2114,-437441.2543,-454112.40619999997
1051000,2376.1861,14294.5202,61924.1736,-515392.5358,-436797.6559,-453468.36220000003
1052000,2355.755,14414.0912,62138.1663,-516639.4864,-437731.4739,-454501.3201
1053000,2343.5884,14300.1673,61204.2693,-514917.8567,-437069.8317,-453713.5874
1054000,2368.9116,14377.1934,62302.9836,-516264.1194,-437215.0308,-453961.13580000005
1055000,2392.3225,14289.0989,61493.5536,-515347.6011,-437172.6261,-453854.04750000004
1056000,2372.4647,14273.7421,61948.4753,-516038.2044,-437443.52229999995,-454089.7291
1057000,2387.2981,14291.0802,61830.128,-516238.3183,-437729.812,-454408.1903
1058000,2411.7815,14261.2484,61579.0409,-515546.7253,-437294.6545,-453967.68439999997
1059000,2387.6628,14203.8267,61660.5029,-515998.2763,-437746.28390000004,-454337.7734
1060000,2394.0197,14237.671,61569.9132,-515668.4156,-437466.8117,-454098.5024
1061000,2374.5982,14430.9926,61841.8461,-516829.7282,-438182.29130000004,-454987.8821
1062000,2364.9125,14311.8381,62375.5833,-516351.5369,-437299.203,-453975.9536
1063000,2380.7832,14313.0973,62130.1107,-516011.4745,-437187.4833,-453881.3638
1064000,2357.9175,14274.5825,62076.6501,-516156.3353,-437447.18519999995,-454079.68519999995
1065000,2379.5673,14297.4619,61892.9074,-516641.0057,-438071.06909999996,-454748.09829999995
1066000,2351.2062,14296.0603,62347.1205,-517001.2096,-438006.8226,-454654.0891
1067000,2366.9927,14380.8995,62166.4087,-516103.5665,-437189.26560000004,-453937.15780000004
1068000,2377.1159,14375.5779,61989.2592,-516504.9634,-437763.0104,-454515.70420000004
1069000,2379.8991,14259.4153,61728.9888,-516309.101,-437940.79780000006,-454580.11220000003
1070000,2370.0703,14268.8771,61701.3544,-515473.2568,-437132.95499999996,-453771.90239999996
1071000,2386.5125,14292.6555,61473.5433,-515471.5566,-437318.84530000004,-453998.0133
1072000,2394.1514,14262.1148,61923.8429,-515782.1993,-437202.0902,-453858.3564
1073000,2348.806,14308.3848,61911.3145,-515946.1764,-437377.6711,-454034.8619
1074000,2383.7887,14393.0223,61932.9628,-515578.519,-436868.7452,-453645.5562
1075000,2383.3808,14296.3836,61796.298,-515339.3429,-436863.2805,-453543.0449
1076000,2371.2528,14442.6842,61446.4792,-515392.6219,-437132.20570000005,-453946.1427
1077000,2374.8347,14427.107,62082.7387,-516742.778,-437858.0976,-454660.0393
1078000,2354.6902,14313.8326,61692.5215,-516272.3407,-437911.2964,-454579.8192
1079000,2348.1596,14328.7545,62222.1309,-516358.1768,-437459.13180000003,-454136.0459
1080000,2403.1798,14355.8801,62088.4418,-516656.707,-437809.20530000003,-454568.2652
1081000,2393.6199,14313.7686,62247.4606,-516276.6005,-437321.7514,-454029.1399
1082000,2383.8303,14377.3325,62152.1691,-516041.7769,-437128.445,-453889.6078
1083000,2341.7338,14399.6632,62059.6902,-516248.4734,-437447.3862,-454188.7832
1084000,2399.1547,14327.4656,61758.3707,-516075.2505,-437590.25950000004,-454316.8798
1085000,2401.1264,14408.9766,62098.8558,-516771.943,-437862.98420000006,-454673.0872
1086000,2395.1234,14426.565,62743.6821,-517792.2483,-438226.8778,-455048.5662
1087000,2370.5983,14288.2327,61587.4536,-516127.0919,-437880.8073,-454539.6383
1088000,2372.6089,14348.3534,62376.8849,-516472.5906,-437374.74340000004,-454095.7057
1089000,2400.9321,14424.8748,61609.0551,-515583.0019,-437148.13989999995,-453973.9468
1090000,2351.2365,14268.6009,61710.0295,-515770.9222,-437441.0553,-454060.89269999997
1091000,2379.1803,14339.1958,61951.0225,-516602.3247,-437932.9261,-454651.3022
1092000,2359.0087,14298.3976,61856.424,-515923.7278,-437409.89749999996,-454067.3038
1093000,2375.7195,14228.4204,62440.341,-517103.1703,-438058.68940000003,-454662.8293
1094000,2379.6073,14334.4538,61768.1515,-515537.944,-437055.73140000005,-453769.79250000004
1095000,2391.37,14424.9456,62100.4,-517145.9391,-438229.2235,-455045.5391
1096000,2402.0311,14368.2193,61667.7312,-515743.4162,-437305.4346,-454075.685
1097000,2373.9929,14284.0432,61685.3006,-515653.8426,-437310.5059,-453968.54199999996
1098000,2370.0859,14298.9701,61893.8125,-515779.0342,-437216.1657,-453885.2217
1099000,2354.7403,14294.0149,61943.1077,-516400.2788,-437808.41589999996,-454457.1711
1100000,2385.9996,14293.2832,61757.5676,-516000.8516,-437564.0012,-454243.284
1101000,2368.516,14321.8717,61720.0425,-516541.3727,-438130.9425,-454821.3302
1102000,2339.4163,14323.7493,61941.0975,-516495.5311,-437891.26800000004,-454554.4336
1103000,2397.0035,14379.5901,62491.1271,-516890.9343,-437623.2136,-454399.80720000004
1104000,2397.772,14321.5955,61588.8252,-515465.113,-437156.9203,-453876.2878
1105000,2357.6722,14231.8914,61664.1712,-516043.1302,-437789.39540000004,-454378.95900000003
1106000,2377.7466,14301.9477,61873.7471,-515638.2089,-437084.7675,-453764.46180000005
1107000,2350.7817,14213.8019,62031.1153,-516087.2813,-437491.58239999996,-454056.16599999997
1108000,2375.0302,14264.3985,62134.8143,-516582.0839,-437807.8409,-454447.2696
1109000,2412.7682,14343.4777,61774.4216,-515954.7177,-437424.0502,-454180.2961
1110000,2394.4711,14338.2035,62364.6826,-516718.5458,-437621.1886,-454353.8632
1111000,2393.6437,14391.2029,61975.2409,-515912.3945,-437152.30700000003,-453937.1536
1112000,2408.1212,14298.5685,61835.2523,-516221.4807,-437679.53870000003,-454386.2284
1113000,2354.5089,14214.0938,61870.0864,-516305.2878,-437866.5987,-454435.2014
1114000,2381.2079,14241.2831,62331.6969,-517087.475,-438133.28709999996,-454755.7781
1115000,2365.8947,14404.0813,61998.6805,-516822.0065,-438053.35000000003,-454823.326
1116000,2360.6357,14297.6562,61115.3113,-514745.4095,-436971.8063,-453630.0982
1117000,2399.368,14281.0939,62221.8201,-516861.6001,-437959.3181,-454639.77999999997
1118000,2384.0779,14392.3393,62029.9612,-516791.3976,-437985.01920000004,-454761.4364
1119000,2363.2059,14427.2252,61833.664,-516257.5168,-437633.42169999995,-454423.8528
1120000,2371.633,14287.2346,61795.6603,-516473.4299,-438018.902,-454677.7696
1121000,2373.9065,14297.8495,62028.1096,-516547.7811,-437847.9155,-454519.6715
1122000,2376.3412,14294.5119,61969.4733,-515773.9807,-437133.65430000005,-453804.5074
1123000,2352.594,14370.9892,62145.9934,-516392.4182,-437522.84160000004,-454246.42480000004
1124000,2413.6266,14294.3108,61869.4249,-516114.8876,-437537.52530000004,-454245.46270000003
1125000,2405.6944,14230.5387,62119.5021,-516507.8761,-437752.1409,-454388.374
1126000,2394.2245,14309.8894,61333.2272,-515604.0393,-437566.6982,-454270.8121
1127000,2412.8184,14175.1759,61487.5385,-515658.6969,-437583.1641,-454171.15839999996
1128000,2384.0831,14296.8466,62232.1729,-517012.7244,-438099.6218,-454780.5515
1129000,2398.0541,14365.0206,61832.4588,-515350.2103,-436754.67679999996,-453517.75149999995
1130000,2381.7625,14321.7221,62547.8457,-517250.7524,-437999.42209999997,-454702.9067
1131000,2347.6575,14275.1588,62445.1971,-516904.8223,-437836.8089,-454459.6252
1132000,2381.7044,14330.6925,62058.619,-516457.0889,-437686.073,-454398.46989999997
1133000,2375.7269,14287.3312,61814.091,-516537.5387,-438060.3896,-454723.44769999996
1134000,2401.2043,14347.3415,62445.5268,-516914.6728,-437720.6002,-454469.146
1135000,2346.0389,14462.9679,61962.0151,-516400.7193,-437629.6974,-454438.7042
1136000,2432.8512,14390.6891,62183.5085,-516133.4053,-437126.3565,-453949.8968
1137000,2384.6507,14290.8041,62594.3429,-516916.783,-437646.9853,-454322.4401
1138000,2354.8989,14259.1682,61553.1966,-515481.9012,-437314.6375,-453928.7046
1139000,2376.0658,14353.7101,61290.3249,-515549.7865,-437529.6857,-454259.4616
1140000,2393.8784,14359.1565,62395.382,-516323.4051,-437174.98819999996,-453928.0231
1141000,2374.2545,14399.936,61790.6916,-516004.4209,-437439.53880000004,-454213.7293
1142000,2364.0359,14243.4647,61511.9161,-515845.8419,-437726.4252,-454333.92579999997
1143000,2394.0862,14401.6789,61683.5344,-515256.3225,-436777.02300000004,-453572.7881
1144000,2343.6254,14407.741,61988.4278,-515760.1895,-437020.3953,-453771.7617
1145000,2392.393,14334.9823,61569.5933,-515352.482,-437055.51340000005,-453782.8887
1146000,2400.908,14385.4993,61480.125,-515484.6794,-437218.14710000006,-454004.5544
1147000,2376.3301,14361.177,62303.3139,-516102.0195,-437061.1985,-453798.7056
1148000,2385.9485,14301.577,62813.5758,-517113.8823,-437612.781,-454300.3065
1149000,2395.2932,14433.538,62147.436,-516491.7955,-437515.5283,-454344.3595
1150000,2388.5574,14329.1304,62323.9507,-516458.9309,-437417.2924,-454134.9802
1151000,2385.8107,14407.9931,62070.6659,-516052.4172,-437187.9475,-453981.7513
1152000,2403.4415,14355.4491,61878.1838,-516367.4617,-437730.3873,-454489.2779
1153000,2402.3184,14313.1052,62317.2066,-516261.441,-437228.8108,-453944.2344
1154000,2411.7509,14418.778,62106.6845,-516139.0351,-437201.8217,-454032.3506
1155000,2348.6876,14283.6192,62069.3809,-516461.6437,-437759.956,-454392.2628
1156000,2377.4877,14296.0229,61916.5893,-516041.1913,-437451.09140000003,-454124.602
1157000,2411.108,14310.7685,61962.326,-516164.3841,-437480.1816,-454202.0581
1158000,2387.1688,14343.8754,62356.0788,-517216.5216,-438129.39859999996,-454860.44279999996
1159000,2377.5524,14230.8317,61969.6904,-515908.2585,-437330.184,-453938.5681
1160000,2367.9061,14286.7778,61815.7903,-516083.3177,-437612.8435,-454267.5274
1161000,2396.1177,14367.6009,61940.9803,-516168.4002,-437463.70129999996,-454227.4199
1162000,2374.5272,14357.879,61550.4052,-515315.94,-437033.1286,-453765.5348
1163000,2392.657,14399.5039,62114.1881,-516838.6168,-437932.26780000003,-454724.42870000005
1164000,2352.4387,14286.488,61629.0145,-516037.972,-437770.0308,-454408.9575
1165000,2361.8429,14303.1541,62286.3348,-516663.8429,-437712.5111,-454377.5081
1166000,2379.4696,14391.2882,61672.0494,-515907.0358,-437464.22860000003,-454234.9864
1167000,2357.3279,14384.4324,61921.3449,-516080.7143,-437417.6091,-454159.36939999997
1168000,2378.3243,14341.0945,62134.6224,-516213.4394,-437359.39819999994,-454078.817
1169000,2397.1272,14355.2824,61555.7922,-515496.6303,-437188.42850000004,-453940.8381
1170000,2400.7501,14320.3783,62677.9027,-517427.3525,-438028.3214,-454749.4498
1171000,2367.2321,14256.3974,62780.8802,-517458.7664,-438054.2567,-454677.8862
1172000,2380.259,14326.9334,62321.4902,-516585.1443,-437556.4617,-454263.6541
1173000,2375.9905,14408.8528,62301.6503,-516873.975,-437787.4814,-454572.3247
1174000,2416.6554,14437.1283,62036.71,-516442.0666,-437551.5729,-454405.3566
1175000,2392.2902,14371.2915,61746.0032,-515781.8222,-437272.2373,-454035.819
1176000,2390.3724,14326.4062,62127.6951,-516451.9229,-437607.44920000003,-454324.2278
1177000,2403.8162,14397.884,61884.6164,-515833.8006,-437147.48400000005,-453949.1842
1178000,2418.7703,14407.411,61679.2867,-515741.5579,-437236.0899,-454062.2712
1179000,2416.5941,14367.6241,62317.7824,-515834.087,-436732.08640000003,-453516.30460000003
1180000,2376.491,14382.2972,61793.1866,-516426.9907,-437875.0159,-454633.8041
1181000,2373.6985,14324.709,61495.1684,-515403.6164,-437210.0405,-453908.448
1182000,2356.7396,14420.0917,62361.7013,-516385.0734,-437246.54079999996,-454023.3721
1183000,2363.0297,14340.268,61998.2455,-515866.3363,-437164.7931,-453868.0908
1184000,2363.3441,14347.8721,61881.5317,-516041.535,-437448.78709999996,-454160.0033
1185000,2345.8972,14315.065,62636.7547,-517600.5162,-438302.7993,-454963.7615
1186000,2385.229,14382.4902,62323.9759,-516901.0991,-437809.404,-454577.1232
1187000,2394.2751,14318.2718,61648.9453,-515529.0681,-437167.57589999994,-453880.12279999995
1188000,2382.7192,14311.9802,62115.1251,-516340.8579,-437531.0334,-454225.7328
1189000,2392.0001,14340.0581,62466.1401,-517415.94,-438217.7417,-454949.7999
1190000,2392.0978,14330.1184,62602.3039,-516630.1323,-437305.6122,-454027.8284
1191000,2454.0745,14453.7855,62015.4459,-516201.2912,-437277.98529999994,-454185.8453
1192000,2408.7191,14372.015,61987.8225,-516393.274,-437624.71739999996,-454405.45149999997
1193000,2387.3053,14343.8489,61719.8986,-515855.6683,-437404.6155,-454135.7697
1194000,2354.8984,14332.7398,61818.0016,-516024.3963,-437518.7565,-454206.3947
1195000,2403.7999,14298.6993,61950.3922,-515596.7119,-436943.82050000003,-453646.3197
1196000,2411.5071,14436.3949,62070.938,-516026.0385,-437107.19850000006,-453955.1005
1197000,2380.0419,14335.6474,62020.4027,-515979.6308,-437243.5388,-453959.2281
1198000,2363.6221,14242.4426,61893.9078,-515573.8878,-437073.9153,-453679.98000000004
1199000,2411.1469,14289.3531,62122.2593,-515978.492,-437155.73270000005,-453856.23270000005
1200000,2389.1936,14378.0159,62065.2398,-516466.0524,-437633.60309999995,-454400.8126
1201000,2358.183,14318.7045,62125.9701,-516761.3688,-437958.5112,-454635.3987
1202000,2386.333,14356.1753,62569.8201,-517221.1691,-437908.8407,-454651.349
1203000,2380.1348,14334.1408,61847.7358,-516598.014,-438036.0026,-454750.2782
1204000,2367.2529,14365.2144,62333.7112,-516875.7712,-437809.59270000004,-454542.06
1205000,2352.6496,14261.0251,62207.2053,-516326.5479,-437505.6679,-454119.3426
1206000,2367.2545,14376.6211,62143.5402,-517198.1197,-438310.70389999996,-455054.5795
1207000,2386.6151,14338.5172,62244.0622,-517029.9431,-438060.7486,-454785.8809
1208000,2389.7228,14453.4933,62228.5668,-516555.4987,-437483.7158,-454326.93189999997
1209000,2365.2775,14317.6686,61941.3819,-516356.5738,-437732.24580000003,-454415.19190000003
1210000,2368.9374,14246.8369,61844.9878,-516280.3109,-437819.5488,-454435.3231
1211000,2369.9249,14391.7816,61875.6019,-515879.0331,-437241.7247,-454003.4312
1212000,2371.4184,14379.3905,62050.1309,-516010.1706,-437209.2308,-453960.0397
1213000,2376.2706,14301.5881,62956.9033,-517419.0637,-437784.3017,-454462.1604
1214000,2405.7287,14311.5443,61894.2373,-516064.0762,-437452.56590000005,-454169.83890000003
1215000,2347.1484,14279.7078,62080.9998,-515626.5617,-436918.70570000005,-453545.56190000003
1216000,2391.0378,14471.7723,61373.4669,-515181.8878,-436945.6108,-453808.4209
1217000,2366.9723,14397.9961,61977.7928,-516102.2237,-437359.46249999997,-454124.4309
1218000,2380.5592,14317.6838,61736.393,-515029.299,-436594.663,-453292.906
1219000,2377.2765,14230.9859,61741.5004,-515217.7407,-436867.97790000006,-453476.2403
1220000,2381.0137,14345.6698,61758.0881,-515548.4796,-437063.708,-453790.3915
1221000,2391.8594,14351.9485,61948.6513,-515973.6027,-437281.1435,-454024.9514
1222000,2368.7486,14360.2122,61882.4433,-515884.3483,-437272.9442,-454001.905
1223000,2384.9267,14194.196,61950.8292,-515902.0008,-437372.0489,-453951.1716
1224000,2396.8016,14401.0254,62417.6541,-517180.9334,-437965.4523,-454763.2793
1225000,2422.6974,14312.087,62044.0806,-516262.8343,-437483.9693,-454218.7537
1226000,2366.1781,14304.7114,61834.1502,-515627.6126,-437122.5729,-453793.4624
1227000,2364.0691,14430.7119,62592.1405,-517686.3004,-438299.3789,-455094.1599
1228000,2372.2494,14317.129,62123.805,-515793.2053,-436980.02189999993,-453669.4003
1229000,2405.0906,14392.2074,61461.5595,-515292.2286,-437033.3711,-453830.66909999994
1230000,2380.3566,14351.5232,62190.0031,-516464.0697,-437542.1868,-454274.0666
1231000,2387.3648,14374.7975,61919.3962,-515433.5043,-436751.9458,-453514.10809999995
1232000,2382.774,14367.1775,61676.4176,-515431.4003,-437005.03119999997,-453754.9827
1233000,2397.4338,14355.784,61297.7745,-514831.3983,-436780.406,-453533.6238
1234000,2390.3632,14437.3663,61247.4789,-515901.4449,-437826.2365,-454653.966
1235000,2388.1158,14314.7529,62110.4261,-515758.6585,-436945.3637,-453648.23240000004
1236000,2391.5487,14332.0129,61663.177,-515889.6929,-437502.9543,-454226.5159
1237000,2357.8415,14417.3349,61442.5182,-515178.583,-436960.8884,-453736.0648
1238000,2355.1801,14307.9077,61793.497,-515999.9141,-437543.3293,-454206.41709999996
1239000,2407.6731,14254.7201,61875.7428,-515533.7397,-436995.6037,-453657.99689999997
1240000,2377.3961,14354.0222,61622.8351,-515566.5794,-437212.326,-453943.7443
1241000,2416.6526,14389.6988,62280.7547,-517004.547,-437917.44090000005,-454723.79230000003
1242000,2356.6373,14364.9629,62423.1439,-516898.7262,-437753.98209999996,-454475.58229999995
1243000,2389.4844,14241.5763,62299.5135,-516457.6296,-437527.05539999995,-454158.1161
1244000,2387.7798,14366.7324,61902.9489,-516212.334,-437554.87289999996,-454309.38509999996
1245000,2402.0391,14359.7785,62687.1313,-517366.7649,-437917.816,-454679.6336
1246000,2387.3024,14488.3123,61863.9757,-516329.4712,-437589.88080000004,-454465.4955
1247000,2358.7082,14331.14,61626.6818,-515967.4248,-437650.8948,-454340.74299999996
1248000,2404.0843,14337.7014,62300.2588,-516067.8384,-437025.7939,-453767.5796
1249000,2382.3993,14375.4536,62098.5692,-515740.1608,-436883.7387,-453641.59160000004
1250000,2367.5732,14354.0283,62016.4122,-515732.2623,-436994.2486,-453715.8501
1251000,2379.5586,14382.3081,62347.646,-516032.6348,-436923.12210000004,-453684.9888
1252000,2377.7345,14311.7117,61835.8075,-515862.322,-437337.0683,-454026.5145
1253000,2397.7249,14344.5724,61784.3161,-515783.4146,-437256.8012,-453999.0985
1254000,2397.0807,14340.7608,61739.164,-515910.3426,-437433.3371,-454171.1786
1255000,2385.3583,14420.7785,61735.3516,-515764.0458,-437222.55740000005,-454028.6942
1256000,2404.0736,14334.3751,61582.2369,-516693.0733,-438372.38769999996,-455110.8364
1257000,2387.7445,14339.0261,62104.4575,-516073.5225,-437242.2944,-453969.065
1258000,2422.9289,14441.3221,62372.0231,-517113.7085,-437877.4344,-454741.6854
1259000,2388.7607,14489.1384,62947.1596,-517474.8065,-437649.7478,-454527.6469
1260000,2397.9322,14463.9114,61499.1359,-515151.5235,-436790.544,-453652.3876
1261000,2333.8757,14384.6006,62115.8141,-517008.6441,-438174.3537,-454892.82999999996
1262000,2374.2234,14378.2177,61913.5672,-516567.985,-437901.9767,-454654.4178
1263000,2377.9396,14361.6737,62448.142,-517103.8935,-437916.1382,-454655.7515
1264000,2399.6495,14315.454,61256.0985,-514661.2645,-436690.0625,-453405.16599999997
1265000,2358.846,14373.6685,62281.1195,-516617.4952,-437603.8612,-454336.3757
1266000,2396.3274,14449.7126,61956.4791,-516014.2414,-437211.7223,-454057.7623
1267000,2363.5413,14319.3647,61966.5868,-515735.6678,-437086.175,-453769.081
1268000,2382.942,14468.2268,62347.0469,-516321.8085,-437123.5928,-453974.76159999997
1269000,2382.6706,14297.5146,62279.1769,-516297.7273,-437338.3652,-454018.5504
1270000,2357.9228,14337.3283,61836.3064,-516096.2286,-437564.6711,-454259.9222
1271000,2366.6378,14367.2377,61644.864,-515398.998,-437020.2585,-453754.134
1272000,2367.477,14422.3524,62330.7734,-516633.1883,-437512.5855,-454302.4149
1273000,2366.3969,14350.8852,61566.8966,-515891.1804,-437607.0017,-454324.28380000003
1274000,2377.1205,14345.1711,62139.875,-515490.5496,-436628.38300000003,-453350.6746
1275000,2416.3738,14366.5232,61797.5349,-515532.6786,-436952.2467,-453735.1437
1276000,2352.606,14384.9631,61907.2278,-515551.195,-436906.3981,-453643.9672
1277000,2364.1902,14400.5897,62145.1635,-516422.2311,-437512.2877,-454277.06759999995
1278000,2365.1925,14342.644,62430.2917,-516800.8055,-437662.6773,-454370.5138
1279000,2381.734,14399.1829,61645.0683,-515579.0743,-437153.0891,-453934.006
1280000,2353.4677,14353.6197,61812.448,-515211.9007,-436692.3653,-453399.4527
1281000,2361.8459,14325.4002,61911.1567,-515881.6988,-437283.29600000003,-453970.5421
1282000,2375.5876,14297.5828,61826.4934,-516267.9438,-437768.28,-454441.45040000003
1283000,2397.4267,14328.6874,62421.0945,-517163.677,-438016.4684,-454742.5825
1284000,2388.2211,14514.1576,61402.4194,-515556.1297,-437251.3316,-454153.7103
1285000,2380.5957,14275.8344,61588.3858,-515871.7263,-437626.9104,-454283.3405
1286000,2386.2622,14325.5412,62151.6042,-516513.8199,-437650.41229999997,-454362.2157
1287000,2387.9064,14351.0288,62025.1829,-516154.7248,-437390.6067,-454129.5419
1288000,2382.659,14391.2886,61999.6641,-515917.3768,-437143.7651,-453917.71270000003
1289000,2394.751,14319.9642,62059.5672,-516449.1629,-437674.88049999997,-454389.5957
1290000,2384.5656,14349.0298,61909.4407,-516718.1913,-438075.15520000004,-454808.7506
1291000,2382.6166,14420.4529,62279.3604,-516922.5015,-437840.0716,-454643.1411
1292000,2377.9293,14439.9458,62210.0186,-517014.8595,-437986.9658,-454804.8409
1293000,2380.8801,14241.6596,62031.6725,-516513.6597,-437859.4475,-454481.98720000003
1294000,2348.3723,14349.9182,61842.0833,-516195.6239,-437655.2501,-454353.5406
1295000,2356.549,14381.1779,62354.9614,-516355.9667,-437263.27839999995,-454001.00529999996
1296000,2382.24,14380.6356,62291.9644,-516203.6773,-437148.8373,-453911.7129
1297000,2385.5713,14348.9226,62002.5006,-516102.3161,-437365.3216,-454099.8155
1298000,2381.3895,14310.6268,62329.9999,-515988.1937,-436966.1775,-453658.1938
1299000,2394.0483,14385.0454,61948.9827,-516203.513,-437475.43659999996,-454254.5303
1300000,2383.3013,14308.4956,62253.125,-516243.4913,-437298.5694,-453990.3663
1301000,2389.2003,14372.9601,62061.6445,-516603.7491,-437779.9442,-454542.1046
1302000,2369.2906,14337.0071,62254.6162,-516424.943,-437464.02910000004,-454170.32680000004
1303000,2390.8791,14184.3155,62169.7913,-516693.6068,-437948.6209,-454523.8155
1304000,2387.6442,14354.1437,62280.2429,-516485.8269,-437463.7961,-454205.584
1305000,2386.5591,14314.8198,62007.9198,-515881.0991,-437171.8004,-453873.17929999996
1306000,2378.1835,14313.6247,61799.8907,-515948.6922,-437456.9933,-454148.8015
1307000,2377.072,14368.9035,61917.8832,-515606.2717,-436942.413,-453688.3885
1308000,2368.7818,14267.1426,61785.3953,-515933.288,-437511.9683,-454147.8927
1309000,2376.8293,14364.1518,62011.4108,-516528.9854,-437776.5935,-454517.5746
1310000,2367.0715,14312.2654,61985.1911,-516311.8003,-437647.2723,-454326.6092
1311000,2368.6853,14441.7781,61749.1949,-515523.0683,-436963.41,-453773.8734
1312000,2388.0082,14437.71,61668.525,-515368.466,-436874.2228,-453699.941
1313000,2375.0436,14438.4924,61798.8455,-515263.697,-436651.31549999997,-453464.8515
1314000,2425.2052,14471.9381,62292.1798,-516237.9093,-437048.5862,-453945.7295
1315000,2389.3397,14271.857,61645.4274,-514932.6136,-436625.98949999997,-453287.1862
1316000,2384.4269,14451.8025,61890.74,-515488.1007,-436761.1313,-453597.3607
1317000,2373.8518,14371.9774,61672.4775,-515368.974,-436950.6673,-453696.4965
1318000,2367.8389,14379.9257,61846.1914,-515428.9215,-436834.9655,-453582.7301
1319000,2436.7152,14484.7002,62282.6535,-516288.7315,-437084.6626,-454006.078
1320000,2360.6435,14338.672,62392.4615,-516417.8506,-437326.0736,-454025.38910000003
1321000,2370.6283,14237.6889,61596.4935,-515124.7257,-436919.91500000004,-453528.2322
1322000,2354.6784,14333.7671,62255.411,-516796.2974,-437852.4409,-454540.88639999996
1323000,2386.8439,14445.4896,61755.9397,-516048.3599,-437460.0867,-454292.4202
1324000,2385.3397,14369.8335,61722.7417,-515929.0911,-437451.1762,-454206.3494
1325000,2396.3655,14375.6276,62344.0998,-516972.2384,-437856.1455,-454628.13859999995
1326000,2392.4972,14295.4156,62240.4142,-516390.5759,-437462.2489,-454150.1617
1327000,2408.471,14353.9832,62184.6685,-516404.9813,-437457.8586,-454220.31279999996
1328000,2342.2005,14307.6542,61906.0837,-516059.6027,-437503.6643,-454153.519
1329000,2356.0549,14296.2881,62131.1947,-515679.9018,-436896.3641,-453548.7071
1330000,2406.8902,14344.5407,61827.4378,-515973.4284,-437394.5597,-454145.99059999996
1331000,2361.1919,14494.1631,61871.2268,-516465.5293,-437738.9475,-454594.3025
1332000,2370.6323,14399.2757,62345.3091,-516707.3214,-437592.1043,-454362.0123
1333000,2370.2437,14388.7308,62070.7081,-516455.3467,-437625.6641,-454384.6386
1334000,2380.849,14369.4719,62291.5137,-517451.4296,-438409.595,-455159.91589999996
1335000,2347.164,14346.4793,62151.4153,-516612.4025,-437767.34390000004,-454460.98720000003
1336000,2355.7835,14222.3591,61762.2837,-515965.264,-437624.83770000003,-454202.98030000005
1337000,2389.8207,14499.5078,62358.1637,-517107.0649,-437859.5727,-454748.9012
1338000,2384.9797,14428.6041,62035.0425,-515717.1973,-436868.571,-453682.1548
1339000,2384.8852,14359.9439,61975.6622,-516000.0505,-437279.5592,-454024.3883
1340000,2376.917,14309.112,61844.2158,-516350.3114,-437820.0666,-454506.0956
1341000,2370.6951,14373.1399,62039.5068,-516239.6902,-437456.3484,-454200.1834
1342000,2344.0154,14332.0119,61979.5893,-516581.9925,-437926.3759,-454602.4032
1343000,2367.8797,14299.2934,62254.283,-516705.885,-437784.4289,-454451.602
1344000,2386.0891,14276.7886,61988.1058,-516070.5448,-437419.56129999994,-454082.43899999995
1345000,2425.2778,14383.1897,62078.7645,-516723.0287,-437835.79670000006,-454644.26420000003
1346000,2369.1352,14224.7654,62325.626,-516499.4027,-437579.8761,-454173.7767
1347000,2385.2133,14314.7977,62027.59,-516359.1711,-437631.5701,-454331.58109999995
1348000,2373.2621,14330.2672,62284.3084,-516696.5308,-437708.69310000003,-454412.2224
1349000,2406.3498,14320.1159,62424.0679,-517152.0861,-438001.5525,-454728.0182
1350000,2397.9955,14455.549,62339.4523,-516611.516,-437418.5192,-454272.0637
1351000,2370.4079,14369.2154,62570.6116,-517298.511,-437988.2761,-454727.8994
1352000,2382.2936,14377.0916,61797.5093,-516192.7462,-437635.8517,-454395.2369
1353000,2361.3459,14330.0675,61699.1472,-515184.3782,-436793.81759999995,-453485.23099999997
1354000,2379.2835,14341.291,62849.5986,-517334.6961,-437764.523,-454485.09750000003
1355000,2371.1357,14413.4792,62762.1531,-517294.5041,-437747.7361,-454532.351
1356000,2385.7022,14385.5427,62000.8779,-516662.5173,-437890.3945,-454661.6394
1357000,2356.2816,14402.833,61919.6403,-516521.1839,-437842.429,-454601.5436
1358000,2410.9853,14348.8039,61944.3985,-516426.6415,-437722.4538,-454482.243
1359000,2383.8365,14396.6962,61683.1794,-515583.2469,-437119.5348,-453900.0675
1360000,2374.7067,14367.0104,62581.0238,-516984.7866,-437662.0457,-454403.76279999997
1361000,2375.5502,14253.1991,62158.8629,-516305.8314,-437518.21920000005,-454146.9685
1362000,2419.3505,14387.0612,61883.4873,-516293.7797,-437603.8807,-454410.29240000003
1363000,2379.3156,14470.4125,61880.6087,-516327.7564,-437597.4196,-454447.14770000003
1364000,2376.5897,14291.894,62183.1246,-515732.0294,-436880.4211,-453548.9048
1365000,2404.8795,14384.3194,62393.8322,-516865.8003,-437682.7692,-454471.9681
1366000,2387.1368,14401.2835,61522.6076,-516142.6883,-437831.6604,-454620.0807
1367000,2366.8499,14384.4,62546.6766,-517366.6633,-438068.7368,-454819.9867
1368000,2401.026,14417.8435,62259.3239,-516627.3597,-437549.1663,-454368.03579999995
1369000,2400.2634,14461.229,61757.5025,-515868.3881,-437249.3932,-454110.8856
1370000,2392.5984,14289.7513,61771.0545,-515693.0408,-437239.6366,-453921.9863
1371000,2373.0106,14380.3083,62516.1497,-517245.4793,-437976.0107,-454729.3296
1372000,2374.2306,14349.0018,62196.3603,-515938.9365,-437019.34380000003,-453742.5762
1373000,2379.4374,14338.8472,62302.9635,-516505.3821,-437484.13399999996,-454202.4186
1374000,2362.9228,14380.822,62626.9286,-517066.4323,-437695.7589,-454439.5037
1375000,2391.3238,14397.3134,61948.024,-516233.4177,-437496.7565,-454285.3937
1376000,2371.0668,14426.4088,61619.9317,-516117.4844,-437700.0771,-454497.5527
1377000,2346.6816,14379.6643,61759.5434,-515852.0578,-437366.1685,-454092.5144
1378000,2367.2321,14343.3196,61795.5513,-515837.271,-437331.168,-454041.7197
1379000,2398.6825,14291.362,61523.4333,-515266.8938,-437053.416,-453743.46050000004
1380000,2412.1571,14381.039,61289.2769,-515082.0448,-436999.5718,-453792.7679
1381000,2386.9368,14299.0612,62155.6034,-516375.021,-437533.4196,-454219.4176
1382000,2386.2049,14318.7085,62028.3478,-516696.4873,-437963.22609999997,-454668.1395
1383000,2386.2983,14464.5993,61777.8176,-516509.0768,-437880.36159999995,-454731.2592
1384000,2353.7798,14363.5575,61722.2014,-515862.6474,-437423.1087,-454140.446
1385000,2390.7578,14347.1836,62069.7999,-516646.7994,-437839.0581,-454576.99950000003
1386000,2375.3939,14310.5782,61645.5698,-516466.5983,-438135.0564,-454821.0285
1387000,2394.1147,14386.4353,62433.3045,-516733.7244,-437519.8699,-454300.4199
1388000,2380.1615,14506.5182,62715.6962,-517411.092,-437808.7161,-454695.3958
1389000,2357.4081,14380.0712,61790.5179,-515754.0807,-437226.0835,-453963.5628
1390000,2390.8233,14449.3475,61583.8569,-515426.2459,-437002.2182,-453842.38899999997
1391000,2383.1463,14404.1116,62097.6348,-516366.2664,-437481.3737,-454268.6316
1392000,2364.0029,14359.8458,61721.61,-515968.4912,-437523.0325,-454246.8812
1393000,2366.3649,14348.4644,61792.2612,-516010.6726,-437503.5821,-454218.4114
1394000,2371.1817,14239.3926,62239.5749,-516100.8891,-437250.7399,-453861.31419999996
1395000,2407.0332,14369.5145,61974.1136,-516023.4141,-437272.7528,-454049.3005
1396000,2413.8302,14303.5026,62269.4256,-516853.7274,-437866.969,-454584.30179999996
1397000,2382.2559,14447.3933,61960.5191,-516151.4614,-437361.2931,-454190.9423
1398000,2375.8817,14261.2193,62346.2666,-516415.7771,-437432.4095,-454069.5105
1399000,2393.0477,14387.6264,62455.0051,-516616.5442,-437380.865,-454161.5391
1400000,2379.0327,14372.7867,61552.2237,-515739.6836,-437435.6405,-454187.4599
1401000,2408.233,14283.9242,62325.3252,-516405.3045,-437387.8221,-454079.9793
1402000,2395.6054,14283.5322,62443.5736,-516521.9738,-437399.26259999996,-454078.4002
1403000,2385.9754,14398.9472,62443.5009,-516946.4297,-437718.00619999995,-454502.9288
1404000,2391.0496,14409.9249,61720.1534,-516139.3323,-437618.2044,-454419.1789
1405000,2406.9079,14377.2311,62357.7823,-517213.4385,-438071.5172,-454855.65619999997
1406000,2373.318,14325.5939,62054.8021,-516456.3791,-437702.6651,-454401.57700000005
1407000,2406.514,14416.0758,62136.5935,-516277.6615,-437318.4782,-454141.06799999997
1408000,2345.4323,14246.0123,62174.1609,-515799.2278,-437033.6223,-453625.0669
1409000,2401.7635,14327.7201,62072.676,-516469.621,-437667.4614,-454396.945
1410000,2408.4491,14381.5788,61792.7985,-515265.6799,-436682.85349999997,-453472.8814
1411000,2396.5463,14307.8069,61737.026,-515375.1165,-436933.73730000004,-453638.0905
1412000,2358.3971,14374.3924,61709.6443,-515626.8747,-437184.4409,-453917.2304
1413000,2346.5121,14272.1691,62108.6059,-515920.9156,-437193.6285,-453812.3097
1414000,2384.0772,14247.7875,62150.5755,-516400.3742,-437617.934,-454249.79870000004
1415000,2353.9303,14264.196,62143.1622,-516288.8655,-437527.57700000005,-454145.7033
1416000,2369.8981,14395.5153,61776.4893,-516151.1748,-437609.27209999994,-454374.68549999996
1417000,2374.0408,14347.3977,62124.0388,-516837.9105,-437992.43319999997,-454713.8717
1418000,2412.954,14390.3152,62433.4079,-516960.3593,-437723.68220000004,-454526.9514
1419000,2381.9419,14344.9721,61959.2575,-516001.856,-437315.68450000003,-454042.5985
1420000,2365.5817,14392.504,61844.6796,-515915.0889,-437312.3236,-454070.40929999994
1421000,2398.2518,14368.4796,61605.5653,-515730.8406,-437358.5439,-454125.2753
1422000,2402.584,14482.9991,62148.2582,-516825.1874,-437791.34609999997,-454676.9292
1423000,2395.7066,14273.429,61841.4174,-515732.3848,-437221.8318,-453890.9674
1424000,2360.2868,14298.535,61478.3662,-515468.207,-437331.019,-453989.8408
1425000,2389.3317,14356.4985,61760.1892,-516431.2179,-437925.1985,-454671.02869999997
1426000,2392.0448,14413.618,61255.0448,-515430.3845,-437369.67689999996,-454175.3397
1427000,2402.0492,14419.9277,61744.8952,-516046.8757,-437480.00359999994,-454301.98049999995
1428000,2354.9179,14225.2977,61627.8577,-515805.681,-437597.6077,-454177.8233
1429000,2381.7972,14383.7612,61822.8187,-515305.8004,-436717.4233,-453482.9817
1430000,2403.4407,14323.4911,61890.8534,-515681.4559,-437063.6707,-453790.6025
1431000,2396.7053,14384.3423,61985.2699,-515718.0063,-436951.6888,-453732.7364
1432000,2359.3457,14366.214,61043.6498,-514826.9666,-437057.7571,-453783.3168
1433000,2347.8929,14390.4795,61794.4066,-516047.5487,-437514.76969999995,-454253.1421
1434000,2359.3895,14223.5097,61884.2247,-516507.0869,-438039.963,-454622.8622
1435000,2382.7707,14414.7786,61748.0828,-515741.5029,-437195.87080000003,-453993.42010000005
1436000,2339.7302,14327.3299,62200.5095,-517184.6149,-438317.0453,-454984.1054
1437000,2367.8344,14398.5431,62070.439,-516790.1284,-437953.3119,-454719.6894
1438000,2359.1142,14305.8803,61988.9604,-516793.7353,-438139.7804,-454804.7749
1439000,2397.2905,14410.1537,61869.8628,-516351.8198,-437674.5128,-454481.957
1440000,2376.2968,14377.3987,61157.828,-515804.6761,-437893.1526,-454646.8481
1441000,2400.2814,14336.985,61921.4933,-515906.4134,-437247.6537,-453984.9201
1442000,2373.4084,14335.9618,61841.1877,-516025.1113,-437474.5534,-454183.9236
1443000,2362.4117,14350.3265,61688.1399,-515830.6692,-437429.79110000003,-454142.5293
1444000,2363.9848,14331.3535,61715.9748,-515363.8408,-436952.5277,-453647.866
1445000,2392.581,14505.4368,61470.0534,-516304.7261,-437936.6549,-454834.67270000005
1446000,2391.2131,14488.8367,62331.6435,-516922.5587,-437710.8654,-454590.9152
1447000,2396.909,14353.4117,61665.5794,-516216.4326,-437800.5325,-454550.8532
1448000,2361.5954,14194.1476,61473.1478,-515070.3382,-437041.4474,-453597.1904
1449000,2362.5019,14383.8523,61587.7377,-515213.2802,-436879.1883,-453625.5425
1450000,2395.9461,14339.4327,62075.2488,-515991.423,-437180.7954,-453916.1742
1451000,2379.3875,14427.3282,62054.3272,-516568.3901,-437707.3472,-454514.0629
1452000,2388.1626,14375.3592,62306.4502,-516738.9928,-437669.0208,-454432.5426
1453000,2400.552,14284.4498,61812.3109,-516741.1746,-438243.8619,-454928.86370000005
1454000,2388.0382,14341.445,61741.5992,-515472.8936,-437001.8112,-453731.2944
1455000,2402.8623,14350.4741,62122.0814,-516483.8446,-437608.4268,-454361.7632
1456000,2366.5064,14295.1024,62178.4534,-516645.656,-437805.59380000003,-454467.2026
1457000,2343.3686,14407.3808,62006.0912,-516553.5729,-437796.73230000003,-454547.4817
1458000,2334.016,14284.8238,62037.3345,-516303.7767,-437647.6024,-454266.4422
1459000,2361.8833,14306.1834,62105.1069,-516013.4066,-437240.233,-453908.2997
1460000,2393.1215,14218.8128,62104.9477,-516726.2946,-438009.41260000004,-454621.3469
1461000,2386.1842,14349.1558,61731.7506,-515568.5777,-437101.4871,-453836.8271
1462000,2364.8176,14322.3747,61640.4673,-515613.116,-437285.45639999997,-453972.64869999996
1463000,2404.1825,14260.4603,62329.007,-516330.6714,-437337.0216,-454001.6644
1464000,2370.5134,14453.5816,62476.3941,-517146.3132,-437845.82409999997,-454669.9191
1465000,2378.2776,14360.5071,61831.3602,-514947.7775,-436377.6326,-453116.41730000003
1466000,2374.0907,14221.3979,61567.9894,-515487.5702,-437324.0922,-453919.5808
1467000,2372.5633,14246.4845,62020.2725,-516346.429,-437707.1087,-454326.1565
1468000,2381.7356,14339.218,62326.7765,-516525.7666,-437478.0365,-454198.9901
1469000,2385.8603,14366.9106,61988.315,-516077.9297,-437336.8438,-454089.6147
1470000,2417.0561,14342.7238,62124.1476,-516498.5503,-437614.6228,-454374.4027
1471000,2393.675,14279.3398,61941.6299,-516402.675,-437788.0303,-454461.0451
1472000,2403.6349,14276.2729,62412.1194,-516388.9583,-437296.9311,-453976.8389
1473000,2390.2339,14382.8188,62039.1645,-516769.465,-437957.2478,-454730.3005
1474000,2376.3216,14402.4362,61646.8211,-516367.8709,-437942.292,-454721.0498
1475000,2347.5606,14249.4435,62495.8709,-517056.0827,-437963.2077,-454560.21180000005
1476000,2402.6285,14265.9738,61553.0989,-515576.7399,-437355.0387,-454023.641
1477000,2364.3035,14247.2702,62222.1914,-517101.5318,-438267.7667,-454879.3404
1478000,2391.9851,14335.2069,61663.6093,-515484.535,-437093.7337,-453820.92569999996
1479000,2383.428,14287.3302,61289.091,-515156.8259,-437196.9767,-453867.7349
1480000,2383.1035,14328.5462,62453.7835,-517110.7781,-437945.3449,-454656.9946
1481000,2345.3522,14309.4044,62115.8643,-516783.8069,-438013.186,-454667.9426
1482000,2381.8402,14222.0137,61719.9562,-515571.1764,-437247.3663,-453851.2202
1483000,2392.3939,14377.998,62551.1647,-516963.9054,-437642.3488,-454412.74069999997
1484000,2383.8309,14369.492,62010.7371,-516264.0875,-437500.0275,-454253.3504
1485000,2354.9622,14334.5974,61836.8323,-515681.4423,-437155.0504,-453844.61
1486000,2371.5225,14185.2517,61779.1256,-516068.4587,-437732.5589,-454289.33310000005
1487000,2347.4381,14272.935,61762.2953,-516533.6881,-438151.01970000006,-454771.39280000003
1488000,2382.9095,14272.9316,61554.832,-515787.3108,-437576.63769999996,-454232.4788
1489000,2374.5666,14335.8669,61885.4359,-516297.2709,-437701.40150000004,-454411.835
1490000,2349.9196,14263.3514,62038.7498,-516260.5817,-437608.5609,-454221.8319
1491000,2364.1802,14261.0457,62147.6644,-516590.0277,-437817.1374,-454442.36329999997
1492000,2370.4404,14350.3212,62306.6886,-516741.1985,-437713.7483,-454434.5099
1493000,2377.5085,14276.2661,61705.4674,-515374.1225,-437014.88049999997,-453668.6551
1494000,2398.8335,14223.738,61784.8023,-516075.9715,-437668.5977,-454291.1692
1495000,2375.7833,14315.3225,61943.2711,-516398.8643,-437764.4874,-454455.5932
1496000,2392.7855,14279.2798,61733.5619,-516449.4525,-438043.8253,-454715.89060000004
1497000,2390.9197,14285.6734,62153.2326,-516212.1608,-437382.3351,-454058.9282
1498000,2381.9812,14216.0114,62134.1277,-516143.7526,-437411.6323,-454009.6249
1499000,2359.0777,14286.1865,61370.398,-515417.4564,-437401.7942,-454047.05840000004
1500000,2375.8659,14334.1048,62521.4276,-516820.2765,-437588.8782,-454298.8489
1501000,2373.3928,14240.4942,61764.2087,-515940.9714,-437562.8757,-454176.76269999996
1502000,2408.0826,14330.0248,62147.329,-516322.3318,-437436.8954,-454175.0028
1503000,2374.7372,14244.1494,62062.0806,-516358.469,-437677.50179999997,-454296.3884
1504000,2375.7803,14323.4133,62154.5378,-515933.1652,-437079.4338,-453778.6274
1505000,2389.178,14304.6198,61952.2322,-516242.509,-437596.47900000005,-454290.2768
1506000,2425.3563,14280.1647,62027.1075,-516325.0824,-437592.4539,-454297.97490000003
1507000,2352.5187,14258.9558,61966.6892,-516859.1871,-438281.02339999995,-454892.49789999996
1508000,2366.0102,14364.6317,61828.5032,-515816.7326,-437257.5875,-453988.2294
1509000,2368.726,14235.6765,62091.6533,-516531.0747,-437835.0189,-454439.4214
1510000,2375.1588,14347.354,61927.8794,-516555.6542,-437905.262,-454627.7748
1511000,2401.6522,14272.3723,62032.0292,-516144.8033,-437438.74960000004,-454112.77410000004
1512000,2396.3511,14364.1167,61684.4221,-515721.2873,-437276.3974,-454036.8652
1513000,2349.7918,14247.889,61692.151,-515997.8749,-437708.0431,-454305.7239
1514000,2373.7083,14331.2874,62006.7925,-516547.3997,-437835.6115,-454540.6072
1515000,2370.0359,14221.607,61602.8025,-515711.2062,-437516.76080000005,-454108.4037
1516000,2366.936,14417.1937,61326.5912,-515656.6943,-437545.97339999996,-454330.10309999995
1517000,2390.4992,14381.1663,61624.5248,-515971.7684,-437575.5781,-454347.2436
1518000,2337.012,14333.6175,61885.1335,-516247.0444,-437691.2814,-454361.9109
1519000,2395.0944,14340.6492,61942.513,-516087.9345,-437409.6779,-454145.4215
1520000,2375.1152,14380.2005,61965.2873,-517272.0358,-438551.4328,-455306.7485
1521000,2357.1752,14371.5035,62461.227,-517336.5636,-438146.6579,-454875.3366
1522000,2383.4485,14345.4409,62590.31,-517156.2379,-437837.0385,-454565.9279
1523000,2375.3843,14258.319,62349.1398,-516851.651,-437868.8079,-454502.5112
1524000,2376.2025,14229.3449,62583.2633,-516496.6534,-437307.84270000004,-453913.3901
1525000,2381.2172,14332.6976,62440.2835,-517139.1579,-437984.9596,-454698.8744
1526000,2374.7906,14341.3453,62361.9581,-516662.0328,-437583.9388,-454300.0747
1527000,2355.4151,14189.4646,61862.769,-515970.8032,-437563.15450000006,-454108.0342
1528000,2389.4959,14312.8883,61931.6006,-516569.4079,-437935.4231,-454637.8073
1529000,2410.1779,14452.5993,61638.1051,-516105.2147,-437604.3324,-454467.1096
1530000,2370.6927,14333.0266,61857.509,-516403.9473,-437842.719,-454546.4383
1531000,2366.5286,14304.9518,61844.5924,-515991.0212,-437474.9484,-454146.4288
1532000,2362.3386,14362.9073,62011.6201,-515983.2201,-437246.3541,-453971.6
1533000,2387.7113,14380.4102,61718.8987,-515176.6459,-436689.6257,-453457.7472
1534000,2371.37,14378.8191,61966.7346,-516224.8357,-437507.912,-454258.10109999997
1535000,2392.9372,14372.0598,62655.5047,-516256.981,-436836.4793,-453601.47630000004
1536000,2380.7824,14375.335,61860.8848,-515610.6412,-436993.639,-453749.7564
1537000,2344.408,14367.3671,62022.339,-515907.5466,-437173.4325,-453885.2076
1538000,2369.1579,14335.1819,61683.6876,-516015.5727,-437627.5453,-454331.8851
1539000,2374.4439,14347.4991,62178.845,-516268.3821,-437367.5941,-454089.53709999996
1540000,2364.3137,14365.2726,61905.1522,-515749.8038,-437115.0653,-453844.6516
1541000,2367.6579,14224.505,62176.2582,-516261.4628,-437493.0417,-454085.2046
1542000,2396.1162,14303.4208,62305.3117,-516934.3097,-437929.461,-454628.99799999996
1543000,2379.9226,14340.7931,61585.787,-516347.3038,-438040.8011,-454761.5168
1544000,2369.0322,14299.6249,62121.9393,-516334.5987,-437544.0023,-454212.6594
1545000,2367.6919,14374.5738,62110.4102,-516697.9843,-437845.3084,-454587.5741
1546000,2358.9419,14351.736,62278.9868,-516347.6535,-437357.98880000005,-454068.6667
1547000,2364.3409,14370.7211,61780.614,-515462.7217,-436947.0457,-453682.1077
1548000,2382.5426,14342.243,61780.3219,-515504.1236,-436999.0161,-453723.8017
1549000,2374.043,14274.7017,62195.7717,-516121.0646,-437276.54819999996,-453925.2929
1550000,2345.7122,14313.0851,62050.2454,-516338.5108,-437629.4681,-454288.2654
1551000,2370.4279,14244.6336,61955.8271,-516063.0217,-437492.1331,-454107.1946
1552000,2387.2567,14447.669,62059.7464,-515930.3845,-437035.71239999996,-453870.6381
1553000,2391.1552,14319.156,62439.2554,-516401.9866,-437252.42,-453962.7312
1554000,2403.3613,14292.9647,61770.9606,-515778.8757,-437311.5891,-454007.9151
1555000,2378.2344,14244.5033,61601.4877,-514804.1462,-436579.9208,-453202.6585
1556000,2355.8028,14306.8858,62549.6346,-516783.7914,-437571.4682,-454234.1568
1557000,2399.6389,14295.9284,62333.4831,-516575.7083,-437546.6579,-454242.2252
1558000,2411.1613,14303.2242,62038.0124,-516552.0831,-437799.6852,-454514.0707
1559000,2356.1347,14151.0989,62213.5779,-516776.4436,-438055.6321,-454562.8657
1560000,2363.8889,14188.2073,62574.2726,-516943.8189,-437817.4501,-454369.54630000005
1561000,2357.0562,14369.6344,61627.7018,-515632.3149,-437277.9225,-454004.6131
1562000,2373.2797,14260.4578,62190.4118,-516686.2147,-437862.0654,-454495.8029
1563000,2388.3243,14337.7822,62433.6878,-516745.7266,-437585.9323,-454312.0388
1564000,2367.8013,14375.6252,62147.328,-516658.4524,-437767.6979,-454511.12440000003
1565000,2395.975,14325.6104,61962.6355,-516749.2913,-438065.07039999997,-454786.6558
1566000,2400.7734,14249.4608,62412.1294,-516094.3568,-437031.9932,-453682.22740000003
1567000,2404.8341,14277.3349,62430.8221,-515996.9991,-436884.00800000003,-453566.177
1568000,2343.8238,14346.0522,61994.4316,-516227.304,-437542.9964,-454232.8724
1569000,2361.1156,14259.0565,61543.2233,-515252.6406,-437089.2452,-453709.4173
1570000,2419.8335,14349.947,61441.1394,-515772.2224,-437561.3025,-454331.08300000004
1571000,2367.956,14327.1441,61690.6639,-516141.567,-437755.80299999996,-454450.9031
1572000,2376.256,14298.4567,62131.7748,-516309.8626,-437503.3751,-454178.0878
1573000,2372.08,14336.9666,62270.9846,-517118.5884,-438138.55720000004,-454847.6038
1574000,2366.7991,14354.7792,62490.8047,-516322.9317,-437110.54870000004,-453832.12700000004
1575000,2395.6892,14267.9623,62631.8218,-516787.1952,-437491.7219,-454155.37340000004
1576000,2346.217,14337.3875,61972.1128,-516357.6167,-437701.8994,-454385.5039
1577000,2375.3987,14211.8294,62222.9398,-516383.6649,-437573.497,-454160.7251
1578000,2368.8138,14309.5451,61768.61,-516153.3723,-437706.40339999995,-454384.7623
1579000,2375.1099,14356.8009,61874.4103,-516058.5233,-437452.2022,-454184.113
1580000,2371.6129,14232.9461,62196.4071,-515668.9052,-436867.93909999996,-453472.49809999997
1581000,2412.344,14319.6723,62181.938,-515942.6371,-437028.6828,-453760.69909999997
1582000,2386.1007,14258.2259,61701.1486,-515270.2398,-436924.7646,-453569.09119999997
1583000,2380.5842,14362.5219,61827.4471,-516124.2169,-437553.66370000003,-454296.7698
1584000,2350.8207,14219.8172,61948.4812,-515700.8363,-437181.7172,-453752.35510000004
1585000,2361.4223,14365.4726,62085.0134,-515945.6723,-437133.76399999997,-453860.6589
1586000,2399.4679,14384.0699,61884.3568,-516022.5443,-437354.6497,-454138.1875
1587000,2391.6929,14312.7682,62363.9727,-516596.3324,-437527.8986,-454232.35970000003
1588000,2369.5542,14328.8248,61863.2947,-516062.5596,-437500.8859,-454199.26489999995
1589000,2400.053,14438.582,61932.7884,-515961.1859,-437189.76249999995,-454028.39749999996
1590000,2375.722,14232.217,62303.2525,-516210.8784,-437299.6869,-453907.6259
1591000,2372.1551,14335.3817,62620.1399,-517659.5045,-438331.82779999997,-455039.3646
1592000,2400.5714,14345.8079,62158.8185,-516603.6685,-437698.47070000006,-454444.85000000003
1593000,2383.8859,14345.8166,61679.0545,-515543.7119,-437134.9549,-453864.6574
1594000,2359.5243,14407.2245,62421.2023,-517036.8398,-437848.8887,-454615.6375
1595000,2345.7424,14287.1252,62124.2894,-516177.497,-437420.33999999997,-454053.20759999997
1596000,2414.7473,14379.8959,61865.4816,-515965.5976,-437305.4728,-454100.116
1597000,2334.245,14281.9737,62626.9419,-517242.0629,-437998.9023,-454615.12100000004
1598000,2380.4879,14295.5325,61930.5217,-515830.5667,-437224.0246,-453900.04500000004
1599000,2394.9895,14384.0001,62269.5406,-516436.9284,-437388.39819999994,-454167.38779999997
1600000,2344.827,14188.8997,62185.3499,-516843.4725,-438124.3959,-454658.1226
1601000,2379.3748,14377.0953,61939.956,-515817.8427,-437121.4166,-453877.8867
1602000,2391.6704,14347.7712,62148.2611,-516630.5002,-437742.7975,-454482.2391
1603000,2349.0745,14169.7247,61469.9771,-515608.7005,-437619.9242,-454138.72339999996
1604000,2376.4562,14337.9029,62122.8814,-516520.0623,-437682.8218,-454397.1809
1605000,2374.1053,14289.182,61396.0841,-515485.8971,-437426.5257,-454089.813
1606000,2388.0215,14374.784,61985.0876,-516173.3572,-437425.46410000004,-454188.2696
1607000,2358.7076,14312.5502,62113.7121,-516143.3861,-437358.4162,-454029.674
1608000,2386.2208,14337.8275,61518.2268,-515136.0773,-436893.80220000003,-453617.8505
1609000,2356.6396,14372.9044,62061.2254,-516432.8524,-437642.083,-454371.627
1610000,2374.3915,14235.4293,62358.3168,-516387.3364,-437419.19879999995,-454029.0196
1611000,2361.0331,14306.9342,62023.2561,-516294.9783,-437603.7549,-454271.7222
1612000,2426.3711,14412.5001,62694.567,-517541.366,-438007.92779999995,-454846.799
1613000,2392.5641,14312.4853,62383.776,-516834.8407,-437746.01529999997,-454451.0647
1614000,2337.5656,14196.6816,62106.3013,-516383.4088,-437742.86029999994,-454277.1075
1615000,2396.4863,14309.8817,61711.6521,-515289.0321,-436871.012,-453577.38
1616000,2369.8236,14362.37,62165.3105,-516931.4498,-438033.9457,-454766.1393
1617000,2385.6476,14308.4341,62203.566,-516118.195,-437220.5473,-453914.629
1618000,2399.1671,14307.272,61853.048,-515500.8217,-436941.33459999994,-453647.77369999996
1619000,2384.6588,14421.0838,61722.9413,-515774.1194,-437245.4355,-454051.1781
1620000,2388.1782,14441.8103,61815.4456,-515674.4275,-437028.9934,-453858.9819
1621000,2398.044,14365.1518,61289.2788,-515226.5045,-437174.02989999996,-453937.22569999995
1622000,2384.1181,14359.2892,61594.8215,-515439.0369,-437100.8081,-453844.2154
1623000,2357.1525,14317.6367,61624.538,-515654.1065,-437354.7793,-454029.5685
1624000,2387.3748,14267.9247,62084.193,-516366.3968,-437626.9043,-454282.2038
1625000,2374.9487,14256.3935,61666.8925,-515149.9724,-436851.73770000006,-453483.0799
1626000,2380.7911,14274.2127,62327.4562,-516217.4401,-437234.98010000004,-453889.9839
1627000,2389.5534,14455.4695,61849.5478,-516129.1668,-437434.5961,-454279.619
1628000,2381.6853,14299.5562,61444.5288,-515348.0817,-437222.3114,-453903.5529
1629000,2373.7457,14303.5349,61778.4976,-515394.6522,-436938.874,-453616.1546
1630000,2400.9625,14375.2277,61587.2478,-515300.9722,-436937.5342,-453713.7244
1631000,2371.4458,14317.8817,61912.7518,-516001.7036,-437399.6243,-454088.95180000004
1632000,2381.9944,14307.5699,62301.2841,-517006.5946,-438015.7462,-454705.3105
1633000,2391.4163,14364.2814,61840.7679,-515848.8389,-437252.3733,-454008.071
1634000,2346.0792,14322.9497,62179.0725,-516224.4001,-437376.29870000004,-454045.3276
1635000,2355.4449,14313.4659,61977.4924,-515378.9979,-436732.5947,-453401.5055
1636000,2374.6334,14274.0262,61749.3352,-516058.1467,-437660.1519,-454308.81149999995
1637000,2392.3197,14333.6904,62199.6863,-516528.6715,-437602.9751,-454328.9852
1638000,2413.168,14244.8802,62130.7423,-516339.5413,-437550.7508,-454208.799
1639000,2366.8981,14279.2859,62046.5331,-516377.5187,-437684.8016,-454330.9856
1640000,2366.4581,14351.0963,61459.9885,-515397.7616,-437220.2187,-453937.77310000005
1641000,2339.4235,14231.0505,61833.5294,-515816.3835,-437412.3801,-453982.8541
1642000,2382.8846,14361.5917,61595.845,-515626.3833,-437286.062,-454030.5383
1643000,2366.0856,14256.5326,61567.356,-515808.5218,-437618.5476,-454241.16579999996
1644000,2394.7885,14240.2445,61379.3606,-515878.8031,-437864.4095,-454499.4425
1645000,2348.848,14311.141,62213.3383,-517080.7448,-438207.4175,-454867.4065
1646000,2390.3268,14254.4675,62351.5183,-516340.7151,-437344.40249999997,-453989.1968
1647000,2411.6271,14418.0707,62205.6313,-516655.2227,-437619.89359999995,-454449.5914
1648000,2330.7262,14291.5114,61776.3817,-515937.5027,-437538.88340000005,-454161.12100000004
1649000,2358.5857,14310.3277,61988.3802,-516309.3687,-437652.0751,-454320.9885
1650000,2387.6435,14256.4367,62240.6119,-516418.02,-437533.32790000003,-454177.4081
1651000,2375.3933,14351.7242,62038.9153,-516559.8784,-437793.8456,-454520.9631
1652000,2387.6944,14325.4701,61862.4192,-516209.9136,-437634.3299,-454347.4944
1653000,2355.4417,14366.8134,62140.8613,-515631.1755,-436768.0591,-453490.3142
1654000,2362.1989,14313.6107,62032.7297,-516303.4663,-437594.92699999997,-454270.73659999995
1655000,2354.8052,14284.857,61767.6613,-515897.2857,-437489.9622,-454129.62440000003
1656000,2365.4261,14231.6442,62141.1102,-516062.3602,-437324.1797,-453921.25
1657000,2379.9677,14413.7541,61831.6065,-515784.7415,-437159.4132,-453953.135
1658000,2376.2053,14311.5492,62270.6589,-515999.9959,-437041.58249999996,-453729.337
1659000,2357.0606,14334.8125,62189.1511,-516112.1801,-437231.1559,-453923.029
1660000,2378.5402,14372.0135,61946.8641,-516829.7943,-438132.3765,-454882.9302
1661000,2345.1024,14304.5507,62098.2988,-516433.347,-437685.3951,-454335.0482
1662000,2404.6885,14275.9781,62125.1502,-516306.6895,-437500.87269999995,-454181.5393
1663000,2362.0721,14281.2902,62086.3127,-515870.5554,-437140.8804,-453784.2427
1664000,2404.3555,14377.0886,61645.3517,-515939.8412,-437513.04540000006,-454294.4895
1665000,2368.1806,14407.5322,61779.7389,-515761.5341,-437206.08239999996,-453981.7952
1666000,2416.0936,14400.7624,62101.1892,-516309.9336,-437391.8884,-454208.74439999997
1667000,2374.9965,14260.6526,61740.1181,-515515.0891,-437139.3219,-453774.97099999996
1668000,2407.0771,14409.8321,62302.9987,-517220.4244,-438100.5165,-454917.4257
1669000,2392.8017,14297.0388,62542.752,-517330.175,-438097.5825,-454787.423
1670000,2354.481,14353.2169,62348.9514,-516948.6921,-437892.0428,-454599.74069999997
1671000,2361.21,14260.8639,61648.3328,-515381.1001,-437110.6934,-453732.7673
1672000,2379.3494,14321.8173,61967.9891,-516427.2826,-437758.12679999997,-454459.29349999997
1673000,2386.4636,14319.7685,61985.5869,-515820.4888,-437128.6698,-453834.9019
1674000,2404.2618,14321.5486,61866.332,-515898.9515,-437306.8091,-454032.61950000003
1675000,2374.6102,14339.3111,61974.3592,-516280.8508,-437592.5703,-454306.4916
1676000,2395.4935,14250.6041,61993.7242,-516346.5461,-437706.7243,-454352.8219
1677000,2338.6598,14278.4439,62072.0966,-515969.1957,-437279.9954,-453897.0991
1678000,2413.931,14384.0395,61792.3772,-514950.2717,-436359.924,-453157.8945
1679000,2350.7773,14319.1353,62360.9526,-515712.1329,-436681.2677,-453351.1803
1680000,2363.118,14289.5583,62223.0371,-515754.6484,-436878.935,-453531.6113
1681000,2355.5896,14401.9808,61635.1478,-515325.5302,-436932.812,-453690.3824
1682000,2425.6321,14356.3223,62131.3769,-516529.8953,-437616.56399999995,-454398.51839999994
1683000,2353.4895,14389.6423,62407.0117,-516367.9414,-437217.7979,-453960.9297
1684000,2374.4459,14371.8393,61890.4392,-515864.7772,-437228.0528,-453974.338
1685000,2357.5484,14332.0804,61646.7092,-515478.748,-437142.41000000003,-453832.03880000004
1686000,2385.3574,14309.1653,62094.4641,-515808.7171,-437019.7303,-453714.253
1687000,2374.8257,14328.2829,61756.5738,-515580.9681,-437121.2857,-453824.3943
1688000,2388.278,14391.4383,61865.0362,-515524.3909,-436879.6384,-453659.3547
1689000,2375.5488,14285.4566,62401.6192,-516491.2808,-437428.6562,-454089.6616
1690000,2369.0569,14236.6542,61948.5156,-516512.6394,-437958.4127,-454564.1238
1691000,2366.9448,14276.0751,61526.1842,-515030.0158,-436860.81169999996,-453503.8316
1692000,2377.3158,14360.5056,61636.0352,-515180.5894,-436806.7328,-453544.5542
1693000,2404.1904,14340.2624,62202.2985,-515804.4506,-436857.6993,-453602.1521
1694000,2385.3875,14398.9965,61780.2344,-515846.4756,-437281.85719999997,-454066.2412
1695000,2345.7283,14331.3126,62488.4748,-517028.5193,-437863.0036,-454540.04449999996
1696000,2410.4585,14358.3664,61570.1754,-515478.5318,-437139.5315,-453908.3564
1697000,2383.738,14343.1366,61727.1033,-516177.2606,-437723.2827,-454450.15729999996
1698000,2393.3802,14327.9771,61575.9251,-515260.2095,-436962.9271,-453684.2844
1699000,2383.944,14270.93,62020.568,-515945.9848,-437270.5428,-453925.4168
1700000,2358.0077,14372.0158,61650.9913,-515603.6626,-437222.6478,-453952.6713
1701000,2370.2933,14297.2764,61699.6233,-515359.9584,-436992.76540000003,-453660.3351
1702000,2373.7502,14302.7759,61428.7801,-514965.7397,-436860.4335,-453536.95959999994
1703000,2384.7331,14363.3296,62550.9815,-516940.6247,-437641.5805,-454389.6432
1704000,2392.2822,14292.2929,61479.0049,-515540.7456,-437377.1656,-454061.7407
1705000,2360.2932,14399.1847,62174.0156,-516615.0471,-437681.55360000004,-454441.03150000004
1706000,2390.0055,14320.746,62131.9394,-516161.6316,-437318.94070000004,-454029.69220000005
1707000,2375.018,14360.0074,61816.7298,-516100.5584,-437548.80319999997,-454283.8286
1708000,2368.0445,14312.9535,61999.9655,-516359.3316,-437678.36809999996,-454359.3661
1709000,2375.2048,14278.2621,61557.6441,-515600.1077,-437388.9967,-454042.4636
1710000,2351.7588,14240.2454,62305.5617,-517027.383,-438129.8171,-454721.82129999995
1711000,2386.7809,14345.244,62075.9155,-516449.87,-437641.9296,-454373.9545
1712000,2387.1791,14384.9653,62058.3214,-516304.2764,-437473.81059999997,-454245.95499999996
1713000,2382.5028,14240.9301,62216.5651,-516360.8651,-437520.86710000003,-454144.3
1714000,2382.5526,14320.4166,62356.8802,-516759.7729,-437699.9235,-454402.89269999997
1715000,2366.7282,14282.2716,62262.3704,-516071.1678,-437159.7976,-453808.7974
1716000,2362.4135,14355.0903,61825.9808,-515587.4438,-437043.95920000004,-453761.463
1717000,2394.2234,14352.9849,62127.5609,-516308.298,-437433.52880000003,-454180.7371
1718000,2378.6371,14297.4608,61709.145,-514804.9256,-436419.6827,-453095.7806
1719000,2364.5513,14292.022,61652.3041,-515745.7435,-437436.8661,-454093.4394
1720000,2378.7246,14402.1187,62308.1139,-516602.4479,-437513.4907,-454294.33400000003
1721000,2342.9604,14228.6088,62009.0313,-515976.4813,-437395.8808,-453967.44999999995
1722000,2378.9284,14299.7707,61450.9109,-515169.5327,-437039.9227,-453718.62179999996
1723000,2319.4664,14187.9764,61931.5807,-515225.7036,-436786.6801,-453294.1229
1724000,2369.6403,14358.9874,61130.6932,-515044.5433,-437185.2224,-453913.85010000004
1725000,2370.1293,14245.707,62153.644,-515616.9159,-436847.4356,-453463.27190000005
1726000,2367.2738,14302.1412,61334.7635,-515058.3013,-437054.1228,-453723.5378
1727000,2407.4399,14359.844,62087.1306,-516000.3223,-437145.9078,-453913.1917
1728000,2340.9545,14295.2667,61505.3973,-515245.0301,-437103.4116,-453739.63279999996
1729000,2382.0574,14256.2542,61701.7357,-515613.9513,-437273.904,-453912.2156
1730000,2370.1894,14275.3359,62901.8023,-517311.7944,-437764.4668,-454409.99210000003
1731000,2373.1838,14368.8984,62350.8155,-516854.0864,-437761.18869999994,-454503.2709
1732000,2380.0972,14319.2727,61873.5386,-516674.7578,-438101.8493,-454801.21920000005
1733000,2369.1387,14227.9865,61676.3273,-516157.8398,-437884.3873,-454481.5125
1734000,2375.5663,14318.0217,61929.4975,-516477.3525,-437854.267,-454547.855
1735000,2384.7073,14281.1229,62081.3882,-516532.814,-437785.5956,-454451.4258
1736000,2376.1668,14202.0582,61985.7518,-515764.939,-437200.9622,-453779.18720000004
1737000,2422.1705,14286.6251,62134.9112,-516346.6763,-437502.9695,-454211.76509999996
1738000,2364.9232,14219.3275,62077.6502,-516143.1461,-437481.2452,-454065.49590000004
1739000,2359.8003,14249.2963,62345.0841,-516571.4104,-437617.2297,-454226.3263
1740000,2397.4418,14359.0958,61819.8542,-515949.7998,-437373.408,-454129.9456
1741000,2380.5915,14270.0022,62099.2255,-516170.616,-437420.7968,-454071.3905
1742000,2371.1531,14273.0924,62084.389,-516003.6635,-437275.02900000004,-453919.2745
1743000,2401.4893,14425.8559,62314.6833,-516290.3364,-437148.30789999996,-453975.6531
1744000,2360.4736,14224.803,62247.8112,-516592.9738,-437759.886,-454345.1626
1745000,2333.8269,14304.2643,61610.4131,-515762.2774,-437513.7731,-454151.8643
1746000,2343.8803,14276.0711,61742.7601,-515495.078,-437132.3665,-453752.31789999997
1747000,2351.8888,14339.4405,62180.6621,-516010.414,-437138.4226,-453829.7519
1748000,2415.9624,14321.7203,61698.3491,-515940.5094,-437504.4776,-454242.1603
1749000,2377.5294,14276.9799,62597.3298,-516600.6715,-437348.8324,-454003.3417
1750000,2341.7656,14335.3658,61936.6888,-516576.5989,-437962.77869999997,-454639.9101
1751000,2378.1512,14381.416,62294.2465,-516471.4867,-437417.673,-454177.2402
1752000,2362.3149,14357.2965,62118.077,-516407.7514,-437570.063,-454289.6744
1753000,2392.0818,14356.4961,61995.3559,-515797.0557,-437053.1219,-453801.6998
1754000,2364.8178,14317.2293,61930.7934,-515559.0673,-436946.2268,-453628.2739
1755000,2393.9165,14339.2752,61419.1147,-515003.4492,-436851.1428,-453584.3345
1756000,2370.2017,14346.3639,61803.3572,-515443.2798,-436923.357,-453639.92260000005
1757000,2396.4671,14277.3178,61890.1623,-516300.6753,-437736.7281,-454410.513
1758000,2385.8758,14292.898,62555.5764,-516715.0167,-437480.6665,-454159.44029999996
1759000,2378.7345,14214.8702,62282.0356,-516441.286,-437565.6457,-454159.2504
1760000,2381.5413,14281.2706,62120.8502,-515947.031,-437163.3689,-453826.18080000003
1761000,2345.103,14258.9941,62481.4278,-516836.5981,-437751.0732,-454355.1703
1762000,2405.0265,14344.7938,61898.8971,-515632.4786,-436983.76119999995,-453733.5815
1763000,2358.7832,14271.2397,62213.2224,-516349.972,-437506.7267,-454136.7496
1764000,2365.1911,14291.8729,62010.6294,-516297.5514,-437629.858,-454286.922
1765000,2368.3021,14357.5772,61425.8278,-515440.1554,-437288.4483,-454014.32759999996
1766000,2324.835,14222.2072,61913.195,-515546.0624,-437085.82519999996,-453632.8674
1767000,2390.9537,14324.925,62152.3077,-515766.7015,-436898.5151,-453614.3938
1768000,2361.1413,14377.761,61761.5128,-515419.1053,-436918.6902,-453657.5925
1769000,2348.3987,14325.9841,61722.8965,-516001.5911,-437604.3118,-454278.69460000005
1770000,2349.9405,14249.3656,61895.8085,-516277.9424,-437782.82779999997,-454382.1339
1771000,2372.5897,14299.4206,62160.9083,-515722.0143,-436889.09569999995,-453561.10599999997
1772000,2401.6374,14321.3699,61758.2028,-515671.5019,-437190.2918,-453913.29909999995
1773000,2330.508,14293.1128,61711.4922,-515727.0839,-437391.9709,-454015.59170000005
1774000,2387.5656,14413.8509,62197.099,-516501.5701,-437503.05460000003,-454304.4711
1775000,2361.1395,14319.4826,61701.5609,-515836.6387,-437454.45570000005,-454135.0778
1776000,2340.4655,14356.1996,62028.5547,-516242.3266,-437517.10679999995,-454213.7719
1777000,2355.0631,14289.1211,61935.9369,-515936.9454,-437356.82430000004,-454001.0085
1778000,2411.7422,14327.979,62544.7874,-516503.0031,-437218.4945,-453958.21569999994
1779000,2373.5337,14316.4405,62146.7242,-516487.5356,-437650.8372,-454340.8114
1780000,2409.4894,14332.5653,62259.76,-516458.5751,-437456.7604,-454198.8151
1781000,2366.1632,14385.4454,61769.1354,-516157.9214,-437637.1774,-454388.78599999996
1782000,2357.9437,14265.1412,61577.5756,-515217.7554,-437017.0949,-453640.17980000004
1783000,2389.2002,14324.886,62178.7021,-516186.3298,-437293.5415,-454007.6277
1784000,2361.3183,14335.2375,62223.5584,-516086.3846,-437166.2704,-453862.8262
1785000,2404.0463,14395.9666,61661.6881,-516236.389,-437774.688,-454574.70090000005
1786000,2364.1117,14345.9221,61877.8002,-516056.6234,-437468.7894,-454178.8232
1787000,2366.6622,14260.8193,62103.4328,-515348.9552,-436618.0409,-453245.5224
1788000,2389.086,14345.9896,62166.839,-516163.6955,-437261.78089999995,-453996.8565
1789000,2381.0242,14308.502,62234.0172,-516404.0925,-437480.54910000006,-454170.0753
1790000,2391.8223,14291.293,61717.4915,-515864.6518,-437464.045,-454147.1603
1791000,2395.691,14354.3395,62073.0535,-516421.5737,-437598.48970000003,-454348.5202
1792000,2374.051,14311.4695,61763.5124,-516406.0028,-437956.9699,-454642.4904
1793000,2372.5624,14289.1874,62621.9394,-517368.1458,-438084.4566,-454746.2064
1794000,2386.9589,14241.7236,62099.8214,-516743.8268,-438015.32289999997,-454644.00539999997
1795000,2361.8662,14259.0139,62329.8699,-516490.8601,-437540.1101,-454160.9902
1796000,2397.1812,14322.4924,61929.715,-515665.3078,-437015.9192,-453735.5928
1797000,2390.0724,14244.7062,62064.194,-515898.0995,-437199.12690000003,-453833.9055
1798000,2368.1424,14386.8797,61901.3853,-516426.7412,-437770.3338,-454525.35589999997
1799000,2416.1211,14281.8458,62191.5326,-516564.6879,-437675.1884,-454373.15530000004
1800000,2378.51,14304.3331,62382.8997,-516586.1674,-437520.42459999997,-454203.26769999997
1801000,2392.8226,14382.6647,62074.4455,-516471.3968,-437621.464,-454396.95129999996
1802000,2372.9089,14271.6167,61614.1818,-516158.3245,-437899.6171,-454544.14269999997
1803000,2372.9345,14215.9651,62015.7853,-515422.1522,-436817.4673,-453406.3669
1804000,2354.698,14279.7944,62260.2035,-516874.3738,-437979.6779,-454614.1703
1805000,2340.3633,14285.4264,62261.5934,-516811.7017,-437924.3186,-454550.10829999996
1806000,2383.9351,14327.3557,61965.5995,-516602.0178,-437925.12749999994,-454636.41829999996
1807000,2352.4901,14418.3729,61923.5553,-516602.9265,-437908.5082,-454679.3712
1808000,2385.0021,14274.5557,61906.101,-516798.4,-438232.74120000005,-454892.299
1809000,2348.6001,14344.4598,61894.56,-516797.8708,-438210.2509,-454903.3108
1810000,2453.1852,14312.7463,62271.722,-516471.0062,-437433.3527,-454199.2842
1811000,2387.8667,14369.1248,62321.172,-517307.3271,-438229.16359999997,-454986.1551
1812000,2370.8883,14398.8145,62313.6627,-517358.3817,-438275.0162,-455044.71900000004
1813000,2395.065,14296.3822,62263.4523,-516445.6278,-437490.7283,-454182.1755
1814000,2366.9777,14272.506,62436.7764,-516811.591,-437735.3309,-454374.81460000004
1815000,2390.1613,14379.3613,61864.9163,-516053.1682,-437418.7293,-454188.25190000003
1816000,2363.8566,14230.2641,62270.9523,-515944.9959,-437079.9229,-453674.0436
1817000,2361.1576,14331.3673,62062.9668,-515875.0244,-437119.5327,-453812.0576
1818000,2375.2957,14247.4533,62088.3565,-516677.4478,-437966.3423,-454589.09130000003
1819000,2364.7853,14252.1856,61824.799,-516555.7328,-438113.9629,-454730.9338
1820000,2387.1053,14292.7139,62546.551,-517164.7487,-437938.3785,-454618.1977
1821000,2401.7838,14355.1359,62267.4133,-517018.8552,-437994.5222,-454751.4419
1822000,2393.836,14275.6108,62034.4441,-516893.6943,-438189.8034,-454859.25019999995
1823000,2341.3156,14277.5669,61844.3134,-515408.5359,-436945.34,-453564.22250000003
1824000,2356.3395,14260.7686,62018.2375,-516407.5163,-437772.1707,-454389.27880000003
1825000,2406.0,14229.8084,61851.5423,-516071.3335,-437583.9828,-454219.7912
1826000,2333.2764,14240.3163,62267.3296,-516899.6474,-438058.72510000004,-454632.3178
1827000,2370.7508,14264.5345,61765.2498,-516600.0564,-438199.5213,-454834.8066
1828000,2400.6135,14358.8745,61890.0729,-516045.5597,-437395.9988,-454155.48679999996
1829000,2366.3226,14226.8138,62803.541,-517205.9344,-437809.25700000004,-454402.39340000006
1830000,2355.4687,14175.2367,61658.562,-516165.6288,-437976.3614,-454507.06680000003
1831000,2339.2783,14217.5151,62473.2123,-516717.6889,-437687.68319999997,-454244.4766
1832000,2362.6873,14341.8224,62050.4375,-516405.8101,-437650.8629,-454355.3726
1833000,2380.8708,14256.5456,61988.0508,-515883.4632,-437257.996,-453895.41240000003
1834000,2387.9459,14344.7828,62168.1992,-516084.2939,-437183.366,-453916.0947
1835000,2361.8185,14315.8917,61918.3572,-515789.5989,-437193.5315,-453871.2417
1836000,2368.2356,14285.4946,61798.3037,-515768.0479,-437316.014,-453969.7442
1837000,2345.8152,14252.0636,61812.1006,-516000.2289,-437590.2495,-454188.1283
1838000,2387.6126,14277.6725,62047.2164,-516057.6959,-437345.1944,-454010.4795
1839000,2372.0779,14296.2731,61924.8697,-515991.6054,-437398.3847,-454066.7357
1840000,2403.2579,14298.6077,61863.5482,-515912.0112,-437346.5974,-454048.463
1841000,2372.7931,14413.1706,62380.1865,-516902.7361,-437736.58589999995,-454522.54959999997
1842000,2361.4181,14265.4666,62076.2802,-516077.7679,-437374.603,-454001.4877
1843000,2399.5327,14311.0848,61732.5935,-514972.826,-436529.615,-453240.2325
1844000,2355.4292,14303.6075,62040.8307,-515393.3626,-436693.4952,-453352.5319
1845000,2383.1986,14348.1685,61806.6772,-515322.8885,-436784.8442,-453516.2113
1846000,2386.5757,14249.5459,61983.5337,-515925.8438,-437306.1885,-453942.3101
1847000,2346.3498,14326.5999,62314.6238,-516875.2022,-437887.6287,-454560.5784
1848000,2342.1846,14288.9211,62440.9685,-517640.949,-438568.8748,-455199.9805
1849000,2394.3579,14260.3824,61976.7847,-516290.1291,-437658.6041,-454313.3444
1850000,2371.1321,14278.5654,62283.1101,-516313.0993,-437380.2917,-454029.9892
1851000,2374.2247,14230.0589,61847.1887,-515702.8405,-437251.3682,-453855.6518
1852000,2382.6765,14384.7333,61302.2603,-515451.6336,-437381.9635,-454149.3733
1853000,2363.3997,14270.3015,62619.9639,-516287.1262,-437033.4611,-453667.16229999997
1854000,2336.4946,14240.9793,62127.9979,-516058.4027,-437352.9309,-453930.40479999996
1855000,2362.7099,14243.354,61987.2019,-515641.7137,-437048.4479,-453654.51180000004
1856000,2358.8516,14336.4735,62166.6389,-516759.7356,-437897.7716,-454593.0967
1857000,2361.669,14316.773,62280.6501,-516731.7404,-437772.6483,-454451.09030000004
1858000,2386.3688,14279.0191,62054.5225,-516700.2088,-437980.2984,-454645.6863
1859000,2344.19,14352.5948,62139.3973,-516574.4206,-437738.2385,-454435.0233
1860000,2369.3483,14312.9979,62545.4263,-516850.2743,-437622.50179999997,-454304.848
1861000,2387.1461,14344.6916,61874.3396,-515881.5298,-437275.35250000004,-454007.1902
1862000,2374.0637,14239.9732,62321.3996,-516100.698,-437165.26149999996,-453779.29839999997
1863000,2391.2902,14252.0366,61790.7019,-515219.0194,-436784.99069999997,-453428.3175
1864000,2371.4538,14174.5591,62366.9183,-516479.4915,-437566.5603,-454112.5732
1865000,2392.8811,14270.6927,62105.1306,-516177.86,-437409.1556,-454072.7294
1866000,2419.03,14355.4388,62286.9967,-516865.282,-437803.8165,-454578.2853
1867000,2356.6293,14216.4154,61767.7515,-515712.4361,-437371.6399,-453944.6846
1868000,2386.8023,14141.819,62057.5401,-515717.8849,-437131.7235,-453660.3448
1869000,2379.1924,14235.1483,62305.7594,-516187.3914,-437267.29130000004,-453881.63200000004
1870000,2406.465,14338.9247,61728.0964,-516061.6238,-437588.13769999996,-454333.5274
1871000,2412.8923,14350.0074,62123.8194,-516396.2851,-437509.566,-454272.4657
1872000,2406.926,14254.7284,61697.2446,-515844.178,-437485.279,-454146.93340000004
1873000,2364.6935,14219.4919,61865.9599,-515925.9674,-437475.8221,-454060.0075
1874000,2394.6654,14299.875,61946.1945,-515623.6416,-436982.9067,-453677.4471
1875000,2332.4388,14237.465,61583.0904,-515563.1454,-437410.15119999996,-453980.055
1876000,2383.0702,14149.0419,61712.8017,-515689.899,-437444.9852,-453977.09729999996
1877000,2363.2721,14224.9389,62956.8438,-516916.4798,-437371.425,-453959.63599999994
1878000,2370.9013,14220.5432,61791.4041,-515061.0838,-436678.2352,-453269.67970000004
1879000,2383.5846,14278.1772,61866.1195,-515674.6374,-437146.7561,-453808.5179
1880000,2383.8835,14334.3788,61638.3672,-515645.5798,-437288.9503,-454007.2126
1881000,2376.1732,14258.293,62252.1143,-516518.4676,-437631.8871,-454266.35329999996
1882000,2362.2203,14214.9875,61944.1522,-516387.9029,-437866.5429,-454443.7507
1883000,2377.0882,14214.0892,62335.9689,-516302.6071,-437375.4608,-453966.63820000004
1884000,2342.7946,14288.95,61766.6595,-515866.4258,-437468.02170000004,-454099.7663
1885000,2392.7804,14292.968,62275.7181,-516723.5402,-437762.0737,-454447.8221
1886000,2397.4022,14362.6228,61841.9824,-516188.0996,-437586.0922,-454346.11720000004
1887000,2355.4756,14205.8974,62184.1763,-515659.9055,-436914.3562,-453475.7292
1888000,2356.5981,14250.7015,62341.338,-516035.1389,-437086.5013,-453693.80090000003
1889000,2352.2378,14293.3748,62171.3073,-516593.8431,-437776.92319999996,-454422.5358
1890000,2386.8568,14302.2932,61755.3492,-515767.0544,-437322.55520000006,-454011.7052
1891000,2378.911,14350.266,62108.9397,-516125.5601,-437287.4434,-454016.6204
1892000,2332.4413,14281.5992,62013.3859,-515867.3475,-437239.9211,-453853.9616
1893000,2369.5777,14312.1429,61897.2252,-516189.1064,-437610.1606,-454291.8812
1894000,2349.873,14316.4878,62291.2621,-516851.8524,-437894.22949999996,-454560.5903
1895000,2365.2993,14279.2714,62422.9881,-516813.324,-437745.7652,-454390.3359
1896000,2374.1822,14191.9208,62969.5312,-517416.3892,-437880.755,-454446.858
1897000,2343.5195,14241.8974,62259.9603,-516553.6522,-437708.275,-454293.69190000003
1898000,2399.865,14303.9094,62131.7353,-516430.4636,-437594.9539,-454298.7283
1899000,2341.4069,14248.1615,61662.4376,-515777.8581,-437525.8521,-454115.4205
1900000,2403.8641,14417.1085,62242.0032,-516753.3295,-437690.3537,-454511.3263
1901000,2338.9822,14359.8527,62216.0827,-516890.7125,-437975.79490000004,-454674.6298
1902000,2366.3977,14202.1728,62072.37,-516429.7286,-437788.7881,-454357.3586
1903000,2330.4278,14188.0003,62618.2412,-516657.5876,-437520.9183,-454039.34640000004
1904000,2383.3024,14290.4817,61985.6568,-515722.9861,-437063.5452,-453737.3293
1905000,2342.9067,14272.8336,61644.3515,-515733.8803,-437473.7885,-454089.52880000003
1906000,2375.3801,14211.812,61736.8485,-516127.9684,-437803.9278,-454391.1199
1907000,2368.9394,14293.5123,62094.7495,-516351.2605,-437594.05929999996,-454256.511
1908000,2368.516,14288.5246,62214.7095,-516696.8706,-437825.1205,-454482.1611
1909000,2380.4547,14324.0861,62236.5399,-516511.3034,-437570.2227,-454274.7635
1910000,2364.0538,14172.6738,61865.8262,-515571.6674,-437169.1136,-453705.84119999997
1911000,2384.099,14259.1635,62039.1503,-516331.909,-437649.4962,-454292.7587
1912000,2400.1276,14218.0014,61757.7294,-515963.993,-437588.1346,-454206.2636
1913000,2378.033,14371.0512,62314.1861,-516992.239,-437928.96869999997,-454678.0529
1914000,2332.8665,14278.3229,62072.6522,-515631.2908,-436947.44920000003,-453558.6386
1915000,2409.5505,14245.8431,61959.5148,-515863.0994,-437248.191,-453903.5846
1916000,2351.1027,14202.4147,62166.9762,-516652.9762,-437932.4826,-454486.0
1917000,2402.1575,14228.1877,61816.269,-515464.64,-437018.0258,-453648.37100000004
1918000,2378.4553,14240.0761,61752.9352,-515538.1685,-437166.70190000004,-453785.2333
1919000,2390.6027,14281.7433,62019.6166,-515924.8488,-437232.88619999995,-453905.23219999997
1920000,2368.2947,14293.9723,61329.4053,-515304.6291,-437312.95680000004,-453975.22380000004
1921000,2364.0492,14296.8149,62300.0253,-516643.2183,-437682.3289,-454343.193
1922000,2377.5492,14263.0887,62276.0267,-516633.0495,-437716.3849,-454357.02280000004
1923000,2332.3272,14265.8635,61921.0159,-516465.1371,-437945.9305,-454544.1212
1924000,2358.9275,14266.6693,61825.0347,-516168.8883,-437718.2568,-454343.8536
1925000,2391.5489,14209.5458,62380.6703,-516774.6316,-437792.8666,-454393.9613
1926000,2367.4085,14235.2038,62187.1177,-515845.2933,-437055.56330000004,-453658.1756
1927000,2365.5063,14285.5302,61642.5941,-515490.2296,-437196.59900000005,-453847.63550000003
1928000,2371.3735,14209.328,62237.2001,-516040.5367,-437222.6351,-453803.3366
1929000,2396.5589,14235.963,61783.0651,-515919.8421,-437504.2551,-454136.777
1930000,2342.7444,14320.8553,62062.9771,-516275.6319,-437549.0551,-454212.65479999996
1931000,2397.3238,14266.0981,61914.9943,-516230.8988,-437652.4826,-454315.9045
1932000,2379.7082,14269.3099,62382.3085,-516931.076,-437899.7494,-454548.7675
1933000,2399.2956,14275.8749,62542.2269,-516984.3428,-437766.94539999997,-454442.1159
1934000,2349.7389,14317.3277,62602.2032,-517243.6938,-437974.424,-454641.4906
1935000,2376.9255,14259.7766,62572.7082,-517549.6862,-438340.2759,-454976.978
1936000,2346.613,14158.8096,62135.2612,-516207.7463,-437567.0625,-454072.4851
1937000,2392.1077,14290.223,62356.3142,-516966.8,-437928.1551,-454610.48579999997
1938000,2384.9565,14308.8592,61866.2612,-515655.6841,-437095.6072,-453789.4229
1939000,2403.6276,14311.8119,61833.2245,-516208.6294,-437659.9654,-454375.40489999996
1940000,2344.4367,14308.2538,61832.5084,-515987.749,-437502.5501,-454155.2406
1941000,2390.7715,14305.2204,61845.691,-515774.9609,-437233.278,-453929.2699
1942000,2360.0209,14263.127,62077.3767,-516402.1144,-437701.5898,-454324.7377
1943000,2382.2979,14394.5891,62376.2829,-516837.4005,-437684.2306,-454461.1176
1944000,2329.5699,14257.8887,62048.1123,-516420.2065,-437784.6356,-454372.0942
1945000,2385.0545,14304.4667,61936.4057,-516476.8381,-437850.9112,-454540.4324
1946000,2388.737,14362.2721,61818.6367,-515793.5045,-437223.8587,-453974.8678
1947000,2342.6725,14199.1928,61909.9708,-515008.1448,-436556.3087,-453098.174
1948000,2379.4635,14290.712,61658.2125,-515612.643,-437284.255,-453954.43049999996
1949000,2394.3733,14347.7628,61985.3005,-515466.6851,-436739.2485,-453481.3846
1950000,2402.8049,14376.148,62359.9776,-516754.9035,-437615.973,-454394.92590000003
1951000,2394.6315,14282.0952,61987.7508,-515983.3108,-437318.83329999994,-453995.56
1952000,2367.4779,14301.1802,62078.2407,-516095.2709,-437348.37210000004,-454017.0302
1953000,2382.4673,14333.8408,62083.8229,-516365.2141,-437565.0831,-454281.39119999995
1954000,2354.7481,14282.6697,62051.1984,-516563.6725,-437875.0563,-454512.4741
1955000,2371.2054,14299.1123,61701.7746,-516041.5698,-437669.47750000004,-454339.7952
1956000,2355.82,14180.952,62094.6577,-516211.5174,-437580.08770000003,-454116.85970000003
1957000,2367.2848,14348.2276,61687.6872,-516694.7445,-438291.5449,-455007.0573
1958000,2384.7147,14192.9794,62258.2908,-516461.9378,-437625.95290000003,-454203.647
1959000,2383.185,14266.6795,62548.2049,-516139.6408,-436941.5714,-453591.4359
1960000,2374.151,14337.8984,62233.5604,-516728.0029,-437782.3931,-454494.4425
1961000,2418.3534,14279.2445,61896.7364,-515856.7302,-437262.3959,-453959.9938
1962000,2362.7822,14195.0172,61237.994,-514428.5353,-436632.7419,-453190.5413
1963000,2380.5935,14366.8028,61970.6281,-516396.66,-437678.6356,-454426.03189999994
1964000,2401.93,14376.8964,61905.908,-515907.2182,-437222.4838,-454001.3102
1965000,2369.6576,14294.0934,62443.9922,-517094.6725,-437986.92929999996,-454650.6803
1966000,2403.156,14339.4687,61630.9103,-515528.4531,-437154.9181,-453897.5428
1967000,2373.3956,14235.7563,61632.1041,-515771.3873,-437530.1313,-454139.2832
1968000,2384.105,14358.0864,62428.0558,-516556.0069,-437385.7597,-454127.95109999995
1969000,2361.5238,14252.802,62242.6398,-516623.4613,-437766.4957,-454380.8215
1970000,2365.5862,14195.0581,62100.4816,-516316.5513,-437655.4254,-454216.0697
1971000,2371.5131,14252.8531,62353.9307,-516690.609,-437712.3121,-454336.6783
1972000,2383.0332,14233.8103,62151.0675,-517020.2792,-438252.3682,-454869.2117
1973000,2359.8933,14327.188,62068.9395,-516044.5017,-437288.4809,-453975.56220000004
1974000,2351.4086,14227.4511,62077.0418,-516433.3288,-437777.4273,-454356.287
1975000,2398.4311,14247.0576,61999.7569,-516060.6483,-437415.4027,-454060.8914
1976000,2366.5875,14209.7527,61854.8609,-515275.9768,-436844.7757,-453421.1159
1977000,2389.052,14205.6476,61646.4986,-515136.9966,-436895.7984,-453490.498
1978000,2361.4618,14275.7686,61559.5012,-515581.752,-437385.0204,-454022.2508
1979000,2338.3386,14274.313,62444.61,-516660.2244,-437602.9628,-454215.6144
1980000,2360.9827,14336.2791,61915.925,-515556.5531,-436943.3663,-453640.62810000003
1981000,2374.4205,14280.5692,62055.3554,-516010.3008,-437299.95570000005,-453954.9454
1982000,2386.1542,14354.3002,61961.1341,-516059.4398,-437357.8513,-454098.30569999997
1983000,2370.4782,14286.7905,62238.5005,-516534.242,-437638.4728,-454295.7415
1984000,2382.2315,14355.3839,62136.9222,-515768.8918,-436894.35419999994,-453631.96959999995
1985000,2390.6059,14241.1913,61806.434,-515696.9637,-437258.73250000004,-453890.5297
1986000,2392.9361,14342.2156,62170.0721,-516500.6369,-437595.4131,-454330.5648
1987000,2430.4992,14296.7196,62133.0495,-515922.008,-437061.7397,-453788.95849999995
1988000,2374.4718,14307.9327,62432.1282,-516488.6094,-437374.07670000003,-454056.48120000004
1989000,2380.9992,14274.6184,61593.5992,-515124.1806,-436874.9638,-453530.5814
1990000,2356.1688,14293.6133,62151.3013,-516298.3418,-437497.2584,-454147.0405
1991000,2371.6505,14351.7636,62034.922,-516234.4124,-437476.07629999996,-454199.49039999995
1992000,2403.2799,14233.1537,61251.9601,-515194.8293,-437306.43559999997,-453942.86919999996
1993000,2371.37,14251.2193,61775.6647,-515036.0459,-436637.7919,-453260.3812
1994000,2405.0261,14267.411,61940.5432,-515469.5596,-436856.5793,-453529.01639999996
1995000,2381.4985,14280.7674,61439.6028,-516038.9282,-437937.05950000003,-454599.32540000003
1996000,2379.3839,14244.8603,62011.899,-516139.1318,-437502.9886,-454127.2328
1997000,2352.3504,14336.9653,61211.0973,-515512.8612,-437612.4482,-454301.76389999996
1998000,2391.6673,14437.6787,61284.6081,-515440.6923,-437326.7382,-454156.0842
1999000,2425.9633,14442.1832,62376.2329,-517062.3534,-437817.97400000005,-454686.1205
2000000,2418.42,14287.561,62218.7089,-516572.6547,-437647.9648,-454353.9458
2001000,2385.235,14250.5026,62123.5725,-516264.2588,-437504.9487,-454140.6863
2002000,2395.6538,14276.1736,62563.7974,-516995.8966,-437760.2718,-454432.0992
2003000,2398.46,14244.9749,61985.5256,-516192.9612,-437564.00070000003,-454207.4356
2004000,2379.4562,14299.905,61953.3711,-516356.3634,-437723.6311,-454402.9923
2005000,2396.4287,14246.0224,61885.0511,-515253.4345,-436725.9323,-453368.3834
2006000,2362.2972,14118.6413,60990.097,-514730.6728,-437259.6373,-453740.5758
2007000,2371.7828,14270.8507,61879.8439,-515911.0811,-437388.6037,-454031.23720000003
2008000,2399.2848,14314.4621,62372.8675,-516822.8924,-437736.278,-454450.0249
2009000,2399.706,14355.5339,62433.8859,-516397.0183,-437207.89249999996,-453963.1324
2010000,2438.3546,14301.7049,61914.6456,-515921.0585,-437266.35339999996,-454006.4129
2011000,2375.6229,14238.8609,62267.8596,-516007.267,-437124.9236,-453739.40739999997
2012000,2383.0028,14280.8441,62180.5601,-516508.3495,-437663.9425,-454327.7894
2013000,2375.0881,14200.734,62317.3801,-516628.6559,-437735.4537,-454311.2758
2014000,2370.9822,14249.0792,61359.6487,-515503.7511,-437524.04099999997,-454144.1024
2015000,2387.0373,14268.2182,62227.1337,-516328.7625,-437446.3733,-454101.6288
2016000,2376.3852,14259.9108,61934.808,-515278.2599,-436707.1559,-453343.4519
2017000,2416.0277,14335.8331,61363.2443,-515375.6129,-437260.5078,-454012.3686
2018000,2377.8642,14304.2072,61820.9354,-515166.3156,-436663.3088,-453345.38019999996
2019000,2335.38,14287.9598,62121.0825,-516447.6613,-437703.23899999994,-454326.57879999996
2020000,2346.6511,14241.2923,61980.1486,-515897.1409,-437329.0489,-453916.9923
2021000,2366.2545,14328.7712,62032.6533,-516925.3501,-438197.6711,-454892.6968
2022000,2367.1462,14174.008,62101.6863,-516014.1745,-437371.33400000003,-453912.4882
2023000,2357.2047,14218.0876,61755.7088,-516247.486,-437916.4849,-454491.77719999995
2024000,2363.4479,14246.0416,62518.4217,-516896.1492,-437768.238,-454377.7275
2025000,2329.8318,14192.3109,61603.6202,-515235.6459,-437109.88300000003,-453632.0257
2026000,2349.8616,14305.0607,62383.0488,-516460.8581,-437422.887,-454077.8093
2027000,2410.4539,14272.3055,61478.6506,-515052.6977,-436891.2877,-453574.0471
2028000,2367.584,14233.9354,62046.8964,-515579.6706,-436931.2548,-453532.7742
2029000,2369.5898,14282.4014,61850.6611,-516375.1206,-437872.4683,-454524.4595
2030000,2413.0357,14261.8244,61891.5627,-516425.3688,-437858.946,-454533.8061
2031000,2390.4722,14236.9248,62210.8959,-516615.9398,-437777.6469,-454405.0439
2032000,2375.0445,14256.3073,61995.9983,-516879.7952,-438252.4451,-454883.7969
2033000,2402.2205,14307.6814,61705.1925,-515617.0273,-437201.9329,-453911.8348
2034000,2373.9395,14226.0225,62577.4192,-516746.511,-437569.1298,-454169.0918
2035000,2366.6591,14240.4084,62079.4234,-516259.318,-437572.8271,-454179.8946
2036000,2372.7381,14330.6882,62247.0463,-516251.9842,-437301.51159999997,-454004.9379
2037000,2391.1273,14315.2885,62797.5323,-517166.4792,-437662.5311,-454368.9469
2038000,2359.7636,14213.7875,62331.603,-516101.0716,-437195.91750000004,-453769.4686
2039000,2393.0619,14349.1354,62292.1363,-516045.2616,-437010.928,-453753.1253
2040000,2396.3786,14264.2412,62141.9127,-516123.7219,-437321.18940000003,-453981.8092
2041000,2364.2071,14148.7505,61289.366,-515011.6012,-437209.2776,-453722.2352
2042000,2383.3361,14234.7684,61759.2107,-515250.8069,-436873.4917,-453491.5962
2043000,2349.1225,14259.332,62211.3835,-516530.1362,-437710.2982,-454318.7527
2044000,2354.2599,14231.1049,62168.538,-516244.1146,-437490.2118,-454075.5766
2045000,2351.4768,14157.6657,62075.34,-515931.3574,-437346.8749,-453856.0174
2046000,2368.0941,14187.4492,61782.8588,-515259.4936,-436921.0915,-453476.6348
2047000,2386.5144,14255.3404,61676.7129,-515179.9964,-436861.4287,-453503.2835
2048000,2352.5392,14241.9995,62361.6032,-516418.0757,-437461.9338,-454056.4725
2049000,2390.2703,14238.4692,62015.8157,-515993.4541,-437348.8989,-453977.6384
2050000,2388.4406,14239.4566,62375.1484,-516814.9599,-437811.9143,-454439.8115
2051000,2383.3659,14240.7265,61571.0981,-515311.8646,-437116.67409999995,-453740.76649999997
2052000,2401.4867,14237.441,61877.4673,-516021.6421,-437505.24710000004,-454144.1748
2053000,2403.9126,14286.161,62132.2524,-516475.0974,-437652.7714,-454342.84500000003
2054000,2380.0843,14251.0447,62138.6386,-516015.8087,-437246.04110000003,-453877.1701
2055000,2365.904,14233.4214,62066.4406,-516452.2355,-437786.4695,-454385.7949
2056000,2419.3558,14373.6248,61733.1272,-515685.2296,-437159.1218,-453952.10240000003
2057000,2412.3781,14349.9672,62121.1018,-515703.1222,-436819.6751,-453582.0204
2058000,2382.7861,14310.6679,62099.6559,-515685.0931,-436891.9832,-453585.4372
2059000,2381.8478,14303.0967,62427.3846,-516150.6239,-437038.29480000003,-453723.2393
2060000,2335.746,14314.3557,62011.7464,-516035.7307,-437373.8826,-454023.9843
2061000,2388.5968,14328.7233,61998.4571,-515987.6947,-437271.9175,-453989.2376
2062000,2338.8424,14322.4758,62050.7341,-515498.493,-436786.44070000004,-453447.7589
2063000,2392.8115,14225.8701,61607.6874,-515728.7275,-437502.3585,-454121.0401
2064000,2430.2718,14259.3636,62022.6006,-515604.8151,-436892.5791,-453582.2145
2065000,2344.1228,14251.5921,61723.394,-516070.5865,-437751.4776,-454347.1925
2066000,2363.2368,14234.2874,62195.4191,-515795.6633,-437002.72000000003,-453600.2442
2067000,2422.746,14274.4364,62339.1532,-516532.6109,-437496.27530000004,-454193.4577
2068000,2395.487,14215.6465,61729.5458,-515711.472,-437370.7927,-453981.9262
2069000,2395.1347,14315.5274,61795.5573,-515297.592,-436791.3726,-453502.0347
2070000,2382.7535,14230.1023,62048.1867,-516539.6678,-437878.6253,-454491.4811
2071000,2370.3914,14290.3558,62296.734,-516557.7389,-437600.2577,-454261.0049
2072000,2355.8669,14249.0132,62376.4564,-516327.6773,-437346.3408,-453951.22089999996
2073000,2366.4712,14145.6082,61942.314,-516541.6342,-438087.24079999997,-454599.32019999996
2074000,2337.5337,14245.2302,61846.8603,-515822.7327,-437393.1085,-453975.8724
2075000,2386.3566,14241.8947,62492.7626,-516738.1225,-437617.1086,-454245.3599
2076000,2393.094,14387.9031,62154.1278,-516734.9721,-437799.8472,-454580.8443
2077000,2363.3161,14296.1125,62150.2799,-516370.6651,-437560.9566,-454220.38519999996
2078000,2356.4796,14269.4178,62314.5665,-517182.4276,-438241.96369999996,-454867.8611
2079000,2379.2204,14156.9773,61999.5059,-516513.839,-437978.13539999997,-454514.3331
2080000,2374.1112,14202.9147,61942.5631,-515606.7997,-437087.21069999994,-453664.23659999995
2081000,2387.1466,14266.8637,61735.3363,-516130.7325,-437741.3859,-454395.39619999996
2082000,2379.9987,14283.9791,61831.9706,-516672.2867,-438176.3383,-454840.3161
2083000,2370.4848,14214.1494,61773.4334,-516273.5659,-437915.4983,-454500.1325
2084000,2359.0133,14195.5221,62057.3444,-517065.526,-438453.6462,-455008.1816
2085000,2385.6939,14357.5255,62287.6052,-516875.27,-437844.4454,-454587.6648
2086000,2376.2061,14315.5031,61721.7596,-515662.8333,-437249.3645,-453941.0737
2087000,2372.2964,14285.9775,62005.0265,-515925.0429,-437261.7425,-453920.0164
2088000,2388.6326,14287.9814,62147.6303,-516026.7965,-437202.55220000003,-453879.1662
2089000,2402.2701,14249.5482,61992.3346,-516484.7442,-437840.59130000003,-454492.4096
2090000,2400.9251,14241.2842,61936.1176,-515643.7173,-437065.39040000003,-453707.5997
2091000,2330.606,14311.0281,61667.6895,-515651.1304,-437341.8068,-453983.44090000005
2092000,2388.6769,14256.0022,61732.776,-514834.0725,-436456.6174,-453101.2965
2093000,2364.7714,14294.8771,62048.9056,-515662.3106,-436953.7565,-453613.405
2094000,2374.2037,14211.1333,61993.4378,-515750.0499,-437171.27509999997,-453756.61209999997
2095000,2346.0073,14171.4684,61807.1488,-515647.3619,-437322.7374,-453840.2131
2096000,2364.4776,14234.105,62212.7065,-516671.46,-437860.1709,-454458.7535
2097000,2344.4147,14277.8921,62261.3633,-516890.2303,-438006.5602,-454628.86699999997
2098000,2377.2157,14396.6485,61982.0127,-516293.6488,-437537.77190000005,-454311.6361
2099000,2377.201,14241.8388,62261.8838,-516631.1833,-437750.25969999994,-454369.29949999996
2100000,2355.0617,14304.3253,61911.2586,-516407.4364,-437836.7908,-454496.1778
2101000,2360.8208,14375.095,62001.2324,-516024.7228,-437287.5746,-454023.4904
2102000,2392.5333,14266.3964,62077.4453,-516033.0853,-437296.7103,-453955.63999999996
2103000,2371.0951,14361.7459,61903.3628,-515960.1265,-437323.9227,-454056.7637
2104000,2384.1179,14280.1425,61753.0934,-515942.2146,-437524.8608,-454189.1212
2105000,2328.9567,14105.0064,62224.7511,-515833.356,-437174.64180000004,-453608.60490000003
2106000,2359.3712,14245.2033,61820.5,-515890.3414,-437465.2669,-454069.8414
2107000,2377.3773,14315.3925,62045.113,-516075.1036,-437337.2208,-454029.99059999996
2108000,2369.0264,14264.177,61651.9769,-515199.6177,-436914.4374,-453547.6408
2109000,2395.744,14309.9865,61985.491,-515177.6845,-436486.463,-453192.1935
2110000,2393.241,14357.4385,62063.7587,-515951.2239,-437136.7857,-453887.4652
2111000,2396.4134,14242.9616,61778.8109,-515377.4132,-436959.2273,-453598.6023
2112000,2397.983,14236.3959,61966.8287,-515682.9087,-437081.70110000006,-453716.08
2113000,2378.1512,14137.5078,61948.9357,-515164.5441,-436699.9494,-453215.6084
2114000,2382.7451,14211.821,61362.5108,-514987.5235,-437030.4466,-453625.0127
2115000,2388.905,14218.3969,61951.2668,-516084.9559,-437526.3872,-454133.6891
2116000,2332.713,14178.2245,61524.424,-515016.1229,-436980.7614,-453491.6989
2117000,2369.6217,14250.1763,61701.5888,-515245.2933,-436923.90650000004,-453543.7045
2118000,2373.2323,14320.5322,61910.5916,-515868.549,-437264.1929,-453957.9574
2119000,2389.8578,14210.4306,62187.5355,-516995.9261,-438208.10219999996,-454808.3906
2120000,2376.1201,14305.5393,62480.2095,-516762.0236,-437600.1547,-454281.8141
2121000,2372.5345,14351.7455,61432.4547,-515230.3459,-437073.61120000004,-453797.8912
2122000,2384.4983,14261.0817,61977.6438,-516206.5779,-437583.3541,-454228.93409999995
2123000,2384.4205,14313.0978,62313.9841,-516403.7207,-437392.2183,-454089.7366
2124000,2372.6826,14300.7513,61372.3894,-515769.5046,-437723.6813,-454397.1152
2125000,2375.3658,14329.3996,62301.9473,-516664.184,-437657.4713,-454362.2367
2126000,2410.5329,14304.2414,61692.53,-514959.0237,-436551.7194,-453266.4937
2127000,2325.3768,14321.1744,61816.2601,-516356.162,-437893.3507,-454539.9019
2128000,2337.6342,14119.2729,62452.5475,-516733.8545,-437824.3999,-454281.30700000003
2129000,2368.8846,14271.2101,61569.067,-515922.1092,-437712.9475,-454353.0422
2130000,2362.8142,14294.5433,62498.8797,-517704.466,-438548.22880000004,-455205.5863
2131000,2346.0336,14326.4212,61599.0341,-516606.3346,-438334.8457,-455007.3005
2132000,2382.3228,14241.4226,62351.139,-517001.8583,-438026.9739,-454650.7193
2133000,2393.6996,14403.2978,62708.2117,-517296.0099,-437790.80079999997,-454587.7982
2134000,2362.335,14250.51,62077.219,-516239.4333,-437549.36929999996,-454162.2143
2135000,2398.5123,14263.8014,61736.8452,-515649.5199,-437250.36100000003,-453912.67470000003
2136000,2367.6056,14323.223,62034.6144,-516114.4307,-437388.98770000006,-454079.8163
2137000,2386.9385,14379.8179,62119.7321,-516022.1166,-437135.6281,-453902.3845
2138000,2347.0944,14314.345,62022.8581,-516250.9743,-437566.6768,-454228.1162
2139000,2377.1155,14178.6711,61912.462,-516171.9138,-437703.6652,-454259.4518
2140000,2378.5453,14325.9976,61999.0803,-516780.3251,-438076.7019,-454781.2448
2141000,2385.1881,14333.1466,61858.8185,-516078.7069,-437501.5537,-454219.8884
2142000,2380.0254,14333.816,62083.4649,-516617.9583,-437820.652,-454534.4934
2143000,2397.5219,14354.0377,62704.6997,-517340.5065,-437884.2472,-454635.8068
2144000,2384.291,14297.1593,61685.8436,-516093.6527,-437726.3588,-454407.80909999995
2145000,2375.8591,14405.8678,61493.6453,-515640.2126,-437364.84040000004,-454146.56730000005
2146000,2342.1802,14261.7634,61819.8656,-516020.9567,-437597.14749999996,-454201.09109999996
2147000,2359.2837,14386.4019,61642.1285,-515406.504,-437018.6899,-453764.3755
2148000,2373.6942,14216.4891,61975.4474,-516089.1243,-437523.49360000005,-454113.6769
2149000,2381.3422,14214.5898,62001.8019,-515886.884,-437289.1501,-453885.0821
2150000,2385.196,14259.7082,62527.32,-517124.6472,-437952.423,-454597.3272
2151000,2367.9626,14224.4966,61755.0545,-515977.7275,-437630.21379999997,-454222.67299999995
2152000,2352.5529,14267.3649,62078.5611,-516551.2012,-437852.7223,-454472.6401
2153000,2370.1728,14298.166,61392.4014,-515224.307,-437163.5668,-453831.90559999994
2154000,2364.1331,14225.7649,61557.6408,-515061.5854,-436914.0466,-453503.9446
2155000,2361.0853,14347.7109,62034.0657,-516297.9004,-437555.03849999997,-454263.8347
2156000,2374.5568,14329.4562,61669.0765,-515546.554,-437173.4645,-453877.4775
2157000,2366.0812,14246.0201,61927.3187,-516051.8533,-437512.43330000003,-454124.5346
2158000,2377.8027,14322.21,61920.0842,-515931.1704,-437311.0735,-454011.0862
2159000,2335.8862,14144.0994,61895.2697,-515792.9891,-437417.73380000005,-453897.7194
2160000,2347.2916,14321.6327,62362.1618,-516102.1842,-437071.0981,-453740.0224
2161000,2384.9636,14387.7332,62222.4324,-516284.4192,-437289.29000000004,-454061.9868
2162000,2360.2208,14272.6519,62118.7817,-516001.8094,-437250.155,-453883.02770000004
2163000,2340.8155,14254.1241,62422.3948,-516062.0226,-437044.68820000003,-453639.6278
2164000,2384.4939,14267.2023,61754.011,-515504.0065,-437098.2993,-453749.9955
2165000,2357.4701,14299.7394,61570.5225,-515193.1402,-436965.4082,-453622.6177
2166000,2383.346,14307.7387,61982.6151,-515797.5538,-437123.854,-453814.9387
2167000,2371.4,14226.8081,62138.2832,-516052.4127,-437315.9214,-453914.1295
2168000,2346.9908,14192.5322,61939.1456,-516315.5967,-437836.9281,-454376.4511
2169000,2409.3097,14240.9283,62179.7663,-516645.0369,-437815.03260000004,-454465.2706
2170000,2377.0511,14216.1458,62232.2912,-516462.8053,-437637.3172,-454230.51410000003
2171000,2380.3988,14239.6833,61815.9313,-515408.9932,-436972.97980000003,-453593.06190000003
2172000,2375.0707,14254.6236,62318.9129,-515797.5166,-436848.9094,-453478.6037
2173000,2387.9346,14283.0534,62567.4125,-516936.5508,-437698.15030000004,-454369.13830000005
2174000,2400.7206,14204.8781,61981.3098,-516238.8576,-437651.94909999997,-454257.5478
2175000,2357.7885,14270.2577,62253.0974,-516639.4485,-437758.3049,-454386.35109999997
2176000,2347.1931,14253.8632,62108.5747,-515950.8343,-437241.2033,-453842.2596
2177000,2381.4545,14233.9613,62009.7365,-515653.863,-437028.7107,-453644.1265
2178000,2365.578,14166.5893,62366.8202,-516182.9764,-437283.9889,-453816.15619999997
2179000,2398.8019,14257.9866,61637.2667,-515767.5218,-437473.4666,-454130.2551
2180000,2390.5983,14227.1788,61919.4326,-516362.5126,-437825.3029,-454443.08
2181000,2370.5295,14234.3951,61283.1292,-515633.3721,-437745.3183,-454350.24289999995
2182000,2392.4057,14321.3557,62468.8499,-516861.5814,-437678.97010000004,-454392.7315
2183000,2388.8111,14302.1418,61855.0418,-515925.6979,-437379.70320000005,-454070.6561
2184000,2327.9899,14270.9074,61866.2555,-517013.4435,-438548.2907,-455147.18799999997
2185000,2366.1911,14249.9792,62324.4687,-517183.7621,-438243.12309999997,-454859.29339999997
2186000,2367.7309,14252.1478,62112.8855,-516451.6002,-437718.836,-454338.7147
2187000,2362.537,14338.4629,62565.3049,-517405.765,-438139.46020000003,-454840.4601
2188000,2362.4305,14270.7247,62618.8674,-517378.1704,-438126.14780000004,-454759.303
2189000,2372.0574,14217.0184,62687.1702,-517441.3228,-438165.07680000004,-454754.15260000003
2190000,2385.2461,14180.168,62130.284,-516152.1139,-437456.4158,-454021.8299
2191000,2373.7572,14214.4612,62121.318,-515481.7465,-436772.2101,-453360.42850000004
2192000,2373.2179,14268.9154,61856.1527,-515746.0112,-437247.7252,-453889.85850000003
2193000,2372.0766,14263.4199,61081.5085,-514886.1241,-437169.1191,-453804.6156
2194000,2387.8432,14188.1749,61884.9202,-515879.4348,-437418.4965,-453994.5146
2195000,2395.7235,14310.0541,62449.4213,-515605.727,-436450.5281,-453156.3057
2196000,2402.0828,14253.5277,61783.2454,-515265.5493,-436826.6934,-453482.3039
2197000,2422.8556,14152.6281,62515.2168,-517011.3003,-437920.59979999997,-454496.0835
2198000,2399.9108,14280.5918,61792.6906,-515565.4678,-437092.2746,-453772.7772
2199000,2363.9045,14257.8979,62471.2001,-517189.2846,-438096.2821,-454718.0845
2200000,2396.3169,14283.0073,62060.7157,-516254.0861,-437514.0462,-454193.3704
2201000,2365.7764,14249.6032,62136.4923,-516478.1185,-437726.24659999995,-454341.6262
2202000,2375.1081,14230.1913,62135.7616,-516424.1851,-437683.1241,-454288.42350000003
2203000,2339.5614,14323.6282,61638.9147,-515481.8377,-437179.73339999997,-453842.92299999995
2204000,2398.2449,14229.8938,62010.2243,-516277.1124,-437638.7494,-454266.8881
2205000,2417.7342,14262.0259,62049.4842,-516149.3611,-437420.11679999996,-454099.8769
2206000,2384.8823,14327.4147,62031.4465,-516393.9825,-437650.239,-454362.53599999996
2207000,2358.6281,14227.39,61666.6267,-515403.24,-437150.5952,-453736.61329999997
2208000,2378.3448,14318.113,61810.0267,-515647.868,-437141.3835,-453837.84130000003
2209000,2354.5883,14225.7189,62107.3826,-515991.2845,-437303.5947,-453883.9019
2210000,2362.2644,14236.3217,61907.497,-515971.2766,-437465.1935,-454063.7796
2211000,2369.9519,14358.5899,62194.663,-516743.0617,-437819.8569,-454548.3987
2212000,2399.3207,14295.7748,61822.3059,-516057.8005,-437540.39910000004,-454235.49460000003
2213000,2360.1748,14265.016,61879.2892,-516358.8518,-437854.3718,-454479.5626
2214000,2376.5346,14270.0894,62191.7883,-516707.1707,-437868.75840000005,-454515.3824
2215000,2384.5904,14306.825,62096.5036,-516786.3598,-437998.4408,-454689.8562
2216000,2313.916,14224.6683,62561.8674,-516566.7247,-437466.27300000004,-454004.85730000003
2217000,2358.3197,14299.0997,62420.7051,-516430.8924,-437352.7679,-454010.1873
2218000,2402.002,14358.7024,62287.7108,-517163.2378,-438114.8226,-454875.527
2219000,2367.202,14360.1434,61611.5082,-515724.2075,-437385.3539,-454112.69930000004
2220000,2360.0054,14288.4967,62382.1039,-516690.8511,-437660.24510000006,-454308.74720000004
2221000,2396.3616,14284.3502,61763.2314,-515870.1955,-437426.2523,-454106.9641
2222000,2391.4952,14278.2711,62487.5941,-516394.7908,-437237.4304,-453907.19670000003
2223000,2375.4697,14248.822,61624.0095,-516059.4581,-437811.1569,-454435.4486
2224000,2374.0769,14154.3277,62179.1715,-516424.7583,-437717.1822,-454245.5868
2225000,2339.8098,14299.9947,62581.4071,-517455.1739,-438233.9623,-454873.7668
2226000,2396.1444,14388.9053,62340.6198,-516036.0201,-436910.3506,-453695.40030000004
2227000,2335.9905,14261.1686,62953.8972,-516830.7594,-437279.7031,-453876.8622
2228000,2346.2545,14196.1525,62334.6801,-516125.0522,-437247.9651,-453790.3721
2229000,2384.2991,14308.7337,61852.0405,-516885.5192,-438340.4459,-455033.4787
2230000,2405.1131,14245.4639,62184.4831,-516522.9092,-437687.8491,-454338.4261
2231000,2383.5876,14249.2672,61965.5786,-516486.079,-437887.64560000005,-454520.5004
2232000,2383.1273,14312.9588,61469.2546,-515430.2135,-437264.8728,-453960.9589
2233000,2385.0184,14256.9782,62070.9919,-516255.5875,-437542.59900000005,-454184.5956
2234000,2394.1113,14257.9322,62075.3039,-516300.055,-437572.70759999997,-454224.7511
2235000,2358.4577,14307.6357,61754.0297,-516392.3889,-437972.26580000005,-454638.3592
2236000,2366.7633,14353.9498,62344.9746,-516566.2345,-437500.5468,-454221.2599
2237000,2378.8086,14231.8452,62292.9473,-516239.6087,-437336.0076,-453946.6614
2238000,2353.4425,14232.1254,62340.2061,-516875.5746,-437949.80059999996,-454535.3685
2239000,2350.9117,14181.1643,61855.6937,-515737.1971,-437349.4274,-453881.5034
2240000,2372.6834,14311.9544,62365.8285,-516478.7195,-437428.25320000004,-454112.891
2241000,2372.086,14323.2175,62208.2369,-516263.8188,-437360.2784,-454055.5819
2242000,2400.147,14216.0994,62163.5862,-516435.3785,-437655.5459,-454271.7923
2243000,2397.0888,14388.3162,62171.2573,-516243.0217,-437286.35939999996,-454071.7644
2244000,2356.4157,14311.3594,61851.6699,-515313.1115,-436793.6665,-453461.4416
2245000,2377.2923,14337.6438,61540.4408,-515419.3912,-437164.01430000004,-453878.95040000003
2246000,2372.3694,14245.4214,61632.9925,-515594.2134,-437343.4301,-453961.2209
2247000,2342.3473,14254.4137,61762.4191,-515433.377,-437074.1969,-453670.9579
2248000,2395.1219,14238.0474,61948.2045,-516310.6821,-437729.3083,-454362.4776
2249000,2350.3566,14236.0323,62125.3556,-516405.4814,-437693.7369,-454280.1258
2250000,2399.0652,14307.4993,61570.0053,-515760.9204,-437484.3506,-454190.9151
2251000,2382.1069,14141.0662,62175.3109,-516156.8852,-437458.4012,-453981.57430000004
2252000,2366.3978,14287.1079,62209.2476,-516246.996,-437384.24269999994,-454037.7484
2253000,2405.0054,14379.1203,62001.432,-515721.0339,-436935.4762,-453719.6019
2254000,2368.078,14276.9593,62288.8463,-516696.8054,-437762.9218,-454407.95910000004
2255000,2332.7977,14268.7572,62230.5671,-516682.2832,-437850.1612,-454451.7161
2256000,2401.56,14339.6218,61852.1193,-515729.7382,-437136.43710000004,-453877.6189
2257000,2412.8217,14281.9108,62095.6337,-515670.1134,-436879.7472,-453574.47969999997
2258000,2367.5756,14214.388,61795.6549,-515550.2623,-437172.64379999996,-453754.6074
2259000,2373.7375,14322.0701,61642.8307,-515572.1498,-437233.5115,-453929.3191
2260000,2364.1426,14359.7501,62020.6877,-515816.8245,-437072.2441,-453796.1368
2261000,2382.5441,14256.7171,62173.0417,-516560.0703,-437747.7674,-454387.0286
2262000,2353.3474,14192.1553,62466.2071,-516346.0225,-437334.3127,-453879.8154
2263000,2396.9548,14335.6362,61812.089,-515722.4719,-437177.7919,-453910.3829
2264000,2376.0368,14267.7309,62069.2809,-516367.1776,-437654.129,-454297.8967
2265000,2396.032,14349.568,61874.2823,-515748.2584,-437128.3761,-453873.97609999997
2266000,2366.5963,14291.538,62335.2784,-516850.1199,-437856.7072,-454514.8415
2267000,2337.0373,14325.4479,61847.6085,-516300.5102,-437790.41650000005,-454452.90170000005
2268000,2423.1328,14379.3314,62263.094,-516415.1906,-437349.6324,-454152.0966
2269000,2366.4551,14203.918,61644.1935,-515648.3284,-437433.7618,-454004.1349
2270000,2384.8745,14359.4567,62074.3211,-516515.6532,-437697.0009,-454441.3321
2271000,2386.0041,14369.1148,62213.9786,-516204.4836,-437235.3861,-453990.505
2272000,2368.1271,14353.7096,62059.5896,-516341.2204,-437559.7941,-454281.6308
2273000,2405.8725,14299.0642,61452.2177,-515468.0884,-437310.934,-454015.8707
2274000,2380.2959,14357.8532,61819.7446,-515918.203,-437360.30929999996,-454098.4584
2275000,2388.6635,14413.0025,62227.1636,-516625.488,-437596.6584,-454398.32440000004
2276000,2386.6334,14309.0952,61933.0266,-516290.2488,-437661.4936,-454357.2222
2277000,2386.0586,14313.1735,62011.6056,-516146.8627,-437436.025,-454135.2571
2278000,2387.9498,14301.576,62061.8977,-516427.5422,-437676.1187,-454365.64450000005
2279000,2350.3569,14381.4876,61876.9859,-516494.1012,-437885.27079999994,-454617.11529999995
2280000,2360.1398,14280.0738,62519.9895,-516499.8651,-437339.662,-453979.87559999997
2281000,2395.7491,14300.7852,61538.4851,-515715.4758,-437480.4564,-454176.9907
2282000,2379.8687,14169.1889,61839.3021,-515530.5619,-437142.20219999994,-453691.2598
2283000,2349.6335,14243.7918,61958.8997,-515936.6019,-437384.2769,-453977.7022
2284000,2357.8691,14253.2052,62485.7837,-516468.3057,-437371.4477,-453982.522
2285000,2364.7446,14328.1363,61755.9749,-515866.1779,-437417.3221,-454110.203
2286000,2394.6352,14274.2456,62396.7955,-516571.3025,-437505.6262,-454174.507
2287000,2377.181,14255.4896,61680.8186,-515775.3167,-437461.8275,-454094.4981
2288000,2354.7723,14264.4734,61954.9801,-517065.0174,-438490.7916,-455110.0373
2289000,2391.4023,14311.3056,62546.1912,-517235.3077,-437986.40859999997,-454689.1165
2290000,2375.7626,14391.4703,61569.2975,-515564.3469,-437227.8165,-453995.0494
2291000,2390.1377,14265.3397,62230.0001,-516336.2467,-437450.76920000004,-454106.2466
2292000,2350.6095,14343.8808,61846.2181,-516240.6683,-437699.9599,-454394.4502
2293000,2385.5668,14194.1776,62176.4454,-516592.236,-437836.0462,-454415.79059999995
2294000,2367.4609,14272.7862,62456.5365,-516637.1205,-437540.3369,-454180.58400000003
2295000,2377.9217,14259.2836,62039.5201,-515924.8359,-437248.1105,-453885.3158
2296000,2382.6936,14390.7445,61376.0267,-515040.8106,-436891.3458,-453664.78390000004
2297000,2359.2228,14318.3414,62110.7145,-516519.7084,-437731.4297,-454408.9939
2298000,2374.5305,14212.307,62180.4887,-516772.7288,-438005.4026,-454592.2401
2299000,2373.4611,14376.3699,62015.6188,-515806.3099,-437040.8601,-453790.6911
2300000,2378.8806,14387.0146,62013.7822,-516441.3145,-437661.6371,-454427.53229999996
2301000,2353.809,14326.5908,61814.8395,-515982.4715,-437487.23219999997,-454167.632
2302000,2392.7263,14284.5963,61869.3153,-515870.034,-437323.3961,-454000.71869999997
2303000,2381.6979,14223.9464,62165.8119,-516516.986,-437745.52979999996,-454351.17409999995
2304000,2360.0418,14226.7189,61649.4091,-515235.5185,-436999.3487,-453586.1094
2305000,2389.6303,14356.4534,61812.5436,-515303.2086,-436744.5813,-453490.66500000004
2306000,2395.9811,14318.4434,62354.5639,-516631.9282,-437562.93980000005,-454277.3643
2307000,2331.4525,14273.4231,62150.0868,-516430.5307,-437675.56830000004,-454280.4439
2308000,2390.0081,14278.2933,61919.3074,-516013.109,-437425.5002,-454093.8016
2309000,2424.686,14305.0553,61524.9748,-515510.4897,-437255.77359999996,-453985.51489999995
2310000,2392.9143,14252.4595,61986.1303,-516511.7179,-437880.2138,-454525.58759999997
2311000,2381.8438,14189.3912,61289.9131,-514659.8232,-436798.6751,-453369.9101
2312000,2389.336,14291.1836,62230.0339,-516072.1978,-437161.64430000004,-453842.16390000004
2313000,2375.9415,14330.9608,62736.751,-517067.1808,-437623.52749999997,-454330.4298
2314000,2384.5284,14299.7648,62558.1557,-516418.0159,-437175.567,-453859.8602
2315000,2380.3544,14327.225,61622.9555,-515180.4212,-436849.8863,-453557.4657
2316000,2382.2203,14316.4772,61894.5532,-515540.4078,-436947.15709999995,-453645.85459999996
2317000,2374.444,14414.9681,61772.7987,-516065.5747,-437503.3639,-454292.776
2318000,2378.3248,14366.1222,62130.2572,-517160.9594,-438286.2552,-455030.7022
2319000,2394.2661,14264.6162,61781.6474,-516271.1035,-437830.5738,-454489.4561
2320000,2401.3187,14373.5932,62345.3937,-516748.6226,-437628.31700000004,-454403.2289
2321000,2420.4537,14358.9749,62174.0778,-517120.0599,-438166.5535,-454945.9821
2322000,2362.3631,14330.4705,61648.9602,-515961.3367,-437619.5429,-454312.3765
2323000,2392.4234,14464.8781,61922.6752,-516001.9664,-437221.9897,-454079.2912
2324000,2410.6467,14333.7334,62276.7007,-516676.0562,-437654.9754,-454399.3555
2325000,2363.3912,14407.7541,62006.5262,-515653.4153,-436875.7438,-453646.8891
2326000,2374.879,14319.1516,61680.6692,-515761.5475,-437386.8477,-454080.8783
2327000,2375.6893,14364.6059,62776.244,-517591.726,-438075.1868,-454815.482
2328000,2356.1761,14310.6831,62033.8124,-516393.6886,-437693.017,-454359.8762
2329000,2381.0956,14353.9269,62194.5849,-516288.3666,-437358.7592,-454093.7817
2330000,2366.0265,14227.7883,61742.9262,-515925.6955,-437588.9545,-454182.7693
2331000,2393.3589,14326.1178,61553.1961,-515928.858,-437656.1852,-454375.6619
2332000,2377.6137,14240.1351,61580.6671,-515226.1601,-437027.74419999996,-453645.49299999996
2333000,2412.9398,14358.9555,62158.097,-516556.4024,-437626.41010000004,-454398.3054
2334000,2389.8522,14357.452,61822.8063,-515991.1191,-437421.0086,-454168.3128
2335000,2377.5742,14297.4788,61901.0011,-515491.1101,-436915.056,-453590.109
2336000,2395.8734,14283.296,62014.3494,-516646.019,-437952.5002,-454631.66959999996
2337000,2344.5698,14150.704,62088.9331,-516583.822,-437999.6151,-454494.88889999996
2338000,2365.931,14273.2462,62760.183,-518166.8734,-438767.5132,-455406.69039999996
2339000,2341.0499,14285.075,62167.4317,-516540.4261,-437746.8695,-454372.99439999997
2340000,2398.9417,14315.9638,62407.5991,-516263.9865,-437141.4819,-453856.3874
2341000,2377.4802,14276.858,62396.6813,-516474.7707,-437423.7512,-454078.0894
2342000,2387.3585,14362.0312,62166.3105,-516205.421,-437289.7208,-454039.11049999995
2343000,2386.6453,14341.7049,62189.1641,-516850.7604,-437933.2461,-454661.59630000003
2344000,2377.6942,14257.2186,61966.418,-516421.3786,-437820.0478,-454454.9606
2345000,2364.0293,14365.3433,62272.53,-516798.6948,-437796.7922,-454526.1648
2346000,2380.2599,14438.9467,61839.8626,-515868.9997,-437209.9305,-454029.1371
2347000,2379.4018,14270.9208,61418.0494,-515388.9735,-437320.6015,-453970.9241
2348000,2397.9858,14297.8607,61727.1791,-515778.4317,-437355.4061,-454051.2526
2349000,2356.6642,14289.7056,62041.6415,-516342.1102,-437654.0989,-454300.46869999997
2350000,2386.0481,14275.6985,62000.8934,-515996.1439,-437333.5039,-453995.2505
2351000,2376.8017,14253.0295,61870.9562,-516460.8856,-437960.0982,-454589.92939999996
2352000,2339.8387,14384.7844,62095.2815,-516395.8172,-437575.9126,-454300.5357
2353000,2364.957,14380.8633,61743.8374,-515451.9167,-436962.259,-453708.0793
2354000,2398.0557,14422.0494,62237.0721,-516054.01,-436996.8328,-453816.9379
2355000,2383.6375,14474.68,62159.4544,-516176.0847,-437158.3128,-454016.6303
2356000,2373.0285,14327.6366,61755.3623,-515783.9913,-437327.9639,-454028.629
2357000,2383.1814,14254.2728,62327.1776,-516516.2751,-437551.6433,-454189.09750000003
2358000,2367.1858,14281.3063,61669.333,-515429.0475,-437111.22239999997,-453759.7145
2359000,2392.2487,14421.0189,62015.1538,-517022.474,-438194.0526,-455007.32019999996
2360000,2377.8605,14333.7807,62026.4517,-515807.387,-437069.2941,-453780.9353
2361000,2364.3972,14293.3818,61937.134,-515976.49,-437381.577,-454039.35599999997
2362000,2389.8997,14267.8512,61977.3232,-515522.8878,-436887.81370000006,-453545.56460000004
2363000,2369.8384,14180.3571,61580.6379,-515475.3832,-437344.5498,-453894.74529999995
2364000,2388.0802,14272.9872,61601.1931,-515423.1702,-437160.90969999996,-453821.9771
2365000,2370.6705,14407.5605,62348.5213,-516839.2819,-437712.5296,-454490.7606
2366000,2392.1417,14317.0445,61756.5331,-515605.2854,-437139.5661,-453848.7523
2367000,2355.6447,14256.6934,62161.9941,-517048.1312,-438273.799,-454886.1371
2368000,2363.604,14220.5884,61863.6056,-516137.9783,-437690.1803,-454274.3727
2369000,2348.35,14210.1828,62246.1063,-516214.8289,-437410.18980000005,-453968.72260000004
2370000,2361.6392,14277.6282,61817.1259,-515276.7568,-436820.3635,-453459.6309
2371000,2402.099,14347.4708,62105.6056,-516009.2966,-437154.1212,-453903.691
2372000,2375.4762,14307.3529,61829.1389,-516285.0519,-437773.0839,-454455.913
2373000,2413.3285,14304.0583,62130.3423,-516393.5438,-437545.8147,-454263.20149999997
2374000,2379.3137,14361.9501,62015.601,-516713.4718,-437956.60699999996,-454697.8708
2375000,2414.5758,14283.8367,62565.3096,-517557.0637,-438293.3416,-454991.7541
2376000,2386.7196,14303.2763,61778.1613,-515340.2383,-436872.0811,-453562.07700000005
2377000,2364.8549,14223.9058,61874.4233,-515234.9341,-436771.7501,-453360.5108
2378000,2359.364,14163.0867,62158.2722,-515935.4445,-437254.7216,-453777.1723
2379000,2390.9034,14238.2381,62332.3184,-516619.7324,-437658.27249999996,-454287.414
2380000,2365.616,14345.0474,62224.9073,-516379.7135,-437444.14280000003,-454154.8062
2381000,2372.8694,14297.88,61634.0458,-515366.9664,-437062.1712,-453732.92059999995
2382000,2353.3711,14271.5531,61721.9564,-515820.1862,-437473.30559999996,-454098.2298
2383000,2334.7891,14197.8577,62356.5599,-517130.7701,-438241.5634,-454774.21020000003
2384000,2378.4397,14348.4171,61895.8679,-515856.92,-437234.1953,-453961.0521
2385000,2379.9324,14146.243,61801.3797,-515617.6148,-437290.0597,-453816.2351
2386000,2386.7727,14307.582,61641.4594,-516200.8343,-437865.02019999997,-454559.3749
2387000,2362.5159,14330.5078,62526.332,-517366.614,-438147.2583,-454840.282
2388000,2366.3082,14378.2643,61729.1488,-515871.6171,-437397.89579999994,-454142.46829999995
2389000,2379.2181,14275.1269,62039.5982,-515828.5237,-437134.58050000004,-453788.9255
2390000,2382.4763,14263.7751,61895.1584,-515780.2586,-437238.84880000004,-453885.1002
2391000,2373.4717,14288.2418,62129.5413,-516135.9577,-437344.70290000003,-454006.41640000005
2392000,2410.4648,14321.3124,61870.5359,-515472.528,-436870.2149,-453601.9921
2393000,2371.993,14251.5656,61782.9701,-514951.6357,-436545.10699999996,-453168.6656
2394000,2357.7268,14301.8977,62280.0549,-516152.5873,-437212.9079,-453872.5324
2395000,2360.9483,14263.5033,62356.1631,-516419.1713,-437438.5566,-454063.0082
2396000,2365.2699,14286.3031,62242.0759,-516420.4419,-437526.79299999995,-454178.366
2397000,2375.0246,14369.9827,61776.9295,-516433.3429,-437911.4061,-454656.41339999996
2398000,2355.5468,14283.3926,62223.4238,-516763.3391,-437900.97589999996,-454539.9153
2399000,2374.4037,14300.0417,62151.6039,-516238.7716,-437412.72229999996,-454087.1677
2400000,2377.534,14375.728,62526.6361,-516771.6919,-437491.7938,-454245.0558
2401000,2394.2201,14374.9425,61943.5313,-516271.0289,-437558.33499999996,-454327.4976
2402000,2353.4471,14230.1244,62129.7774,-516534.3504,-437821.0015,-454404.573
2403000,2385.3122,14295.3111,62106.9723,-515647.7047,-436860.1091,-453540.7324
2404000,2371.9415,14354.4312,62267.1839,-516270.9493,-437277.39269999997,-454003.7654
2405000,2370.1262,14264.9448,61690.9695,-515852.8869,-437526.8464,-454161.9174
2406000,2378.5901,14252.7174,61921.5949,-516273.124,-437720.22160000005,-454351.52910000004
2407000,2344.2824,14389.6609,61688.3563,-515620.42,-437198.1204,-453932.0637
2408000,2330.4696,14338.7346,61946.4557,-516166.098,-437550.4381,-454219.6423
2409000,2361.9426,14310.5496,62366.6642,-516439.8674,-437400.711,-454073.2032
2410000,2364.9201,14350.0452,62023.1591,-516926.4903,-438188.3659,-454903.3312
2411000,2378.6123,14322.4052,62338.3538,-516823.5814,-437784.2101,-454485.22760000004
2412000,2412.076,14411.8429,62245.2788,-516331.8933,-437262.6956,-454086.6145
2413000,2357.8869,14244.595,61997.854,-515926.5396,-437326.2037,-453928.6856
2414000,2429.1262,14376.8002,62747.8256,-517624.3146,-438070.5626,-454876.489
2415000,2425.8664,14315.5705,61981.6089,-516515.0906,-437792.04480000003,-454533.4817
2416000,2395.2797,14275.5101,62138.4145,-515785.4004,-436976.1961,-453646.98589999997
2417000,2383.506,14301.0548,62138.1877,-515871.9133,-437049.1648,-453733.7256
2418000,2376.5409,14357.8189,61946.9501,-516384.9854,-437703.6755,-454438.0353
2419000,2373.2598,14271.7396,62358.3499,-516480.8843,-437477.535,-454122.5344
2420000,2350.7143,14215.6372,62526.2407,-516840.6443,-437748.0521,-454314.40359999996
2421000,2405.1667,14251.7614,62437.0035,-516981.1121,-437887.1805,-454544.10860000004
2422000,2371.9631,14182.3933,62368.4178,-516605.8512,-437683.077,-454237.4334
2423000,2368.0884,14359.7967,61746.6439,-516232.914,-437758.385,-454486.27009999997
2424000,2383.7219,14317.9366,62041.8195,-515979.5168,-437236.0388,-453937.6973
2425000,2345.1656,14383.5753,62280.3372,-516079.3293,-437070.2512,-453798.9921
2426000,2373.2322,14348.7834,62125.6194,-516181.3487,-437333.71369999996,-454055.72929999995
2427000,2358.1264,14322.0031,62165.8432,-516126.8054,-437280.8327,-453960.9622
2428000,2381.436,14330.0515,62319.4863,-516671.2157,-437640.2419,-454351.7294
2429000,2413.3749,14372.9954,61847.1296,-516187.1582,-437553.6583,-454340.0286
2430000,2385.2672,14387.5893,62215.7999,-516159.928,-437171.27160000004,-453944.12810000003
2431000,2379.2545,14270.4486,61786.2958,-515665.8097,-437229.8108,-453879.51389999996
2432000,2357.8948,14273.843,61870.6474,-515805.6774,-437303.29219999997,-453935.02999999997
2433000,2415.5696,14407.5151,62427.8964,-516726.1768,-437475.19570000004,-454298.28040000005
2434000,2356.0075,14273.6061,61894.1559,-515741.4742,-437217.7047,-453847.3183
2435000,2377.3595,14318.2592,61738.1427,-516219.0398,-437785.27840000007,-454480.89710000006
2436000,2334.5762,14235.416,62175.1032,-516494.657,-437749.5616,-454319.5538
2437000,2375.9556,14352.5849,62534.3776,-516780.6883,-437517.77019999997,-454246.3107
2438000,2376.5608,14305.7767,62102.1886,-515938.5336,-437154.0075,-453836.34500000003
2439000,2367.5161,14271.8894,61786.4326,-516105.734,-437679.8959,-454319.3014
2440000,2344.0849,14300.7975,62265.7156,-516883.2357,-437972.6377,-454617.5201
2441000,2384.6132,14265.7403,62167.9515,-516446.9715,-437628.6665,-454279.01999999996
2442000,2384.3822,14427.4293,61963.7033,-516205.8787,-437430.3639,-454242.1754
2443000,2374.7379,14328.7269,61959.0247,-516811.59,-438149.10050000006,-454852.5653
2444000,2362.0626,14286.2037,62581.8576,-516851.5155,-437621.3916,-454269.6579
2445000,2360.0901,14300.5611,62015.9678,-516653.9694,-437977.3504,-454638.0016
2446000,2371.0284,14378.8255,61718.621,-516483.0543,-438014.57940000005,-454764.43330000003
2447000,2373.5975,14386.4513,61727.1025,-515672.7161,-437185.56480000005,-453945.61360000004
2448000,2333.6155,14301.5218,62106.9369,-517321.6211,-438579.54689999996,-455214.6842
2449000,2346.9776,14301.2489,62022.3672,-516115.1884,-437444.5947,-454092.8212
2450000,2355.9737,14287.6614,61792.5596,-515929.3178,-437493.1231,-454136.75820000004
2451000,2385.5759,14263.6403,61809.6346,-515939.1732,-437480.3224,-454129.5386
2452000,2364.6048,14272.1931,61917.3124,-515951.7226,-437397.6123,-454034.4102
2453000,2371.6082,14238.8415,61951.524,-515266.8671,-436704.89339999994,-453315.3431
2454000,2366.3496,14267.2759,61891.3177,-516726.6552,-438201.71199999994,-454835.33749999997
2455000,2375.6345,14228.4574,62377.5255,-516731.2122,-437749.5948,-454353.6867
2456000,2376.8784,14380.5668,61876.1695,-516092.9011,-437459.2864,-454216.7316
2457000,2393.5856,14283.9755,61302.5504,-515496.3417,-437516.2302,-454193.7913
2458000,2364.828,14166.128,62377.8369,-516417.5846,-437508.7917,-454039.7477
2459000,2388.3608,14337.1428,62260.6017,-516538.2288,-437552.1235,-454277.6271
2460000,2356.201,14281.2116,61522.2088,-515977.8274,-437818.206,-454455.6186
2461000,2351.3795,14322.9914,61977.6578,-516331.2554,-437679.2267,-454353.59760000004
2462000,2378.0442,14317.7488,62869.8286,-517156.7541,-437591.1325,-454286.9255
2463000,2365.6577,14364.3212,61853.6904,-516147.0941,-437563.4248,-454293.40369999997
2464000,2355.0116,14297.3942,62465.5417,-517207.2278,-438089.2803,-454741.6861
2465000,2363.4784,14253.6963,61780.8227,-515562.0411,-437164.0437,-453781.21839999995
2466000,2361.1997,14218.593,61183.8719,-514877.8699,-437114.2053,-453693.998
2467000,2385.3957,14316.6852,61636.375,-515481.7524,-437143.2965,-453845.3774
2468000,2404.6141,14362.6436,61647.2969,-515929.3864,-437514.83180000004,-454282.0895
2469000,2358.6456,14283.1216,61658.0398,-515316.8659,-437017.05889999995,-453658.82609999995
2470000,2388.1429,14297.9865,61645.01,-515486.5577,-437155.4183,-453841.5477
2471000,2351.3972,14353.5391,62196.1596,-516335.3288,-437434.2329,-454139.1692
2472000,2362.7657,14292.7063,61567.9619,-515428.3434,-437204.9095,-453860.3815
2473000,2365.7537,14277.8735,61997.1436,-516520.586,-437879.8152,-454523.4424
2474000,2372.0222,14296.0943,61149.3465,-515362.383,-437544.92,-454213.0365
2475000,2377.6729,14279.2372,62016.5989,-516056.9999,-437383.4909,-454040.401
2476000,2358.4308,14136.1014,61841.2779,-516259.474,-437923.6639,-454418.1961
2477000,2383.1345,14344.6377,62193.8366,-516403.9116,-437482.3028,-454210.075
2478000,2328.6865,14299.8405,61740.4666,-515799.7434,-437430.7498,-454059.2768
2479000,2352.8119,14268.7338,62126.3151,-516702.2538,-437954.39300000004,-454575.9387
2480000,2345.7325,14301.4984,61474.7854,-515442.648,-437320.63169999997,-453967.8626
2481000,2373.8117,14290.4883,62253.0674,-516643.9274,-437726.56,-454390.86
2482000,2380.6795,14310.388,61330.5382,-514914.6084,-436893.0027,-453584.0702
2483000,2361.8376,14344.425,61884.513,-515675.2731,-437084.4975,-453790.7601
2484000,2382.0661,14280.3924,62062.6967,-516618.9867,-437893.8315,-454556.29000000004
2485000,2375.2968,14181.4157,61681.5301,-515759.9647,-437521.7221,-454078.43460000004
2486000,2387.8124,14363.9753,61350.3194,-515959.3489,-437857.24179999996,-454609.0295
2487000,2377.8593,14266.2298,62227.9048,-516594.2726,-437722.2787,-454366.3678
2488000,2310.7439,14369.5564,62259.2784,-516325.9705,-437386.3918,-454066.6921
2489000,2393.1686,14316.789,62079.3132,-516704.7427,-437915.4719,-454625.4295
2490000,2401.3971,14287.6766,62797.6392,-517544.2186,-438057.50570000004,-454746.57940000005
2491000,2385.39,14255.6165,62348.7642,-516955.5352,-437965.7645,-454606.771
2492000,2368.6388,14315.9098,62452.3773,-517374.3159,-438237.39,-454921.9386
2493000,2359.5567,14330.8682,62209.4425,-516231.3531,-437331.4857,-454021.9106
2494000,2367.7569,14285.7154,62628.4681,-517040.8506,-437758.91020000004,-454412.3825
2495000,2366.9096,14355.171,61924.4648,-515951.8792,-437305.3338,-454027.4144
2496000,2374.8289,14275.7748,61916.8838,-516510.0044,-437942.5169,-454593.12059999997
2497000,2338.3166,14272.704,62477.452,-516550.8816,-437462.40900000004,-454073.42960000003
2498000,2379.6196,14342.7754,62120.2196,-516590.9111,-437748.29650000005,-454470.6915
2499000,2380.7487,14313.3185,61931.215,-516282.6534,-437657.37120000005,-454351.4384
2500000,2376.0465,14307.2086,62341.749,-516163.1586,-437138.1545,-453821.4096
2501000,2363.2339,14280.8798,61673.5148,-515821.2188,-437503.5903,-454147.70399999997
2502000,2360.8492,14243.7605,61987.0066,-516286.7047,-437695.0884,-454299.6981
2503000,2384.2269,14301.4491,61693.168,-515627.4932,-437248.64920000004,-453934.3252
2504000,2391.0986,14311.0455,62170.7099,-515792.0826,-436919.22860000003,-453621.3727
2505000,2343.6514,14426.601,61648.8414,-515111.8375,-436692.7437,-453462.99610000005
2506000,2386.8905,14350.895,61632.3596,-515288.09,-436917.9449,-453655.7304
2507000,2374.3954,14386.0672,61760.098,-516486.2447,-437965.68409999995,-454726.1467
2508000,2353.3079,14280.1303,61982.8599,-516254.7911,-437638.49299999996,-454271.9312
2509000,2363.8512,14355.9833,61551.5635,-515637.5632,-437366.1652,-454085.9997
2510000,2382.1643,14310.7905,62105.2661,-516743.7705,-437945.54959999997,-454638.5044
2511000,2370.9392,14312.4705,61727.9856,-516385.4826,-437974.0873,-454657.497
2512000,2401.5489,14303.4068,61901.99,-516106.8023,-437499.8566,-454204.8123
2513000,2350.2813,14322.0455,61996.6517,-516141.028,-437472.04949999996,-454144.3763
2514000,2369.2512,14266.5538,61793.9197,-515403.6782,-436973.95350000006,-453609.7585
2515000,2362.6592,14254.6379,62283.535,-516194.4741,-437293.642,-453910.93909999996
2516000,2366.9219,14251.6569,61851.601,-515191.2725,-436721.09270000004,-453339.6715
2517000,2389.9138,14358.6674,61690.3133,-515550.9643,-437112.0698,-453860.651
2518000,2399.0999,14375.403,61342.0043,-515046.9295,-436930.42230000003,-453704.92520000006
2519000,2401.2244,14391.9556,61686.5146,-515541.1163,-437061.4217,-453854.6017
2520000,2356.1503,14277.2238,62330.6023,-517063.3337,-438099.35730000003,-454732.73140000005
2521000,2382.6559,14284.3149,62253.0673,-516572.3574,-437652.3193,-454319.2901
2522000,2376.7833,14164.4694,61873.0907,-515860.2368,-437445.8934,-453987.1461
2523000,2360.7963,14169.2771,61660.4621,-515661.2488,-437470.7133,-454000.7867
2524000,2362.3005,14340.4618,61847.8386,-516226.4248,-437675.82389999996,-454378.58619999996
2525000,2395.2888,14280.0962,62027.8573,-516271.0368,-437567.7945,-454243.17949999997
2526000,2394.4655,14361.5899,62079.5788,-516423.5424,-437587.90819999995,-454343.96359999996
2527000,2363.4229,14276.8985,62279.4913,-516439.0937,-437519.281,-454159.60240000003
2528000,2378.393,14293.8025,61790.2885,-516066.1934,-437603.7094,-454275.90489999996
2529000,2407.9285,14374.1548,61921.3702,-516389.1073,-437685.6538,-454467.73709999997
2530000,2396.3133,14362.0487,61652.168,-515407.4326,-436996.90260000003,-453755.2646
2531000,2347.4701,14313.7167,62551.2082,-516389.598,-437177.203,-453838.3898
2532000,2370.0528,14316.3456,61731.4354,-515197.3802,-436779.5464,-453465.9448
2533000,2381.5761,14254.417,62001.5963,-516527.0683,-437889.4789,-454525.472
2534000,2373.1567,14253.4604,62361.7916,-516160.1817,-437171.77300000004,-453798.3901
2535000,2367.6691,14283.9351,62220.7352,-516751.8995,-437879.5601,-454531.1643
2536000,2352.3661,14271.5247,62253.4386,-516226.1873,-437348.8579,-453972.7487
2537000,2354.6947,14281.262,61924.8335,-516308.909,-437748.1188,-454384.0755
2538000,2380.8732,14379.8162,61905.1163,-515944.5481,-437278.7424,-454039.4318
2539000,2347.5572,14239.9044,62673.0607,-517360.2737,-438099.7514,-454687.213
2540000,2367.6305,14310.6481,62071.488,-516696.6206,-437946.85400000005,-454625.1326
2541000,2351.5808,14252.497,62367.91,-516646.9271,-437674.93929999997,-454279.01709999994
2542000,2361.0608,14238.2668,61573.8293,-515447.3221,-437274.1652,-453873.4928
2543000,2342.7106,14245.3305,62247.4752,-516191.5879,-437356.07159999997,-453944.1127
2544000,2369.8546,14242.5451,62293.0162,-516127.9317,-437222.51580000005,-453834.9155
2545000,2385.5055,14292.1122,62412.4708,-516736.2539,-437646.1654,-454323.7831
2546000,2374.7308,14282.5518,62409.6133,-517161.0599,-438094.164,-454751.4466
2547000,2388.5436,14293.1391,62208.7581,-517029.0195,-438138.5787,-454820.2614
2548000,2386.5255,14299.1002,62088.5832,-515867.9771,-437093.76820000005,-453779.3939
2549000,2350.5381,14237.6424,61888.9661,-516530.5292,-438053.3826,-454641.56309999997
2550000,2375.2913,14371.7553,62104.1277,-516140.1649,-437288.99059999996,-454036.03719999996
2551000,2371.3864,14257.1468,61778.6067,-515901.9061,-437494.7662,-454123.2994
2552000,2392.8142,14202.3752,62324.7307,-516382.301,-437462.3809,-454057.57029999996
2553000,2352.8882,14263.0945,61858.5675,-516456.0184,-437981.4682,-454597.4509
2554000,2322.9384,14106.393,62083.8107,-516097.1619,-437584.0198,-454013.35120000003
2555000,2356.4045,14192.7085,62040.1433,-516105.4735,-437516.2172,-454065.3302
2556000,2364.5694,14336.7515,62570.0127,-516636.3436,-437365.01,-454066.3309
2557000,2382.2036,14373.8842,61742.7514,-515982.5563,-437483.7171,-454239.8049
2558000,2364.8675,14289.2216,61876.9671,-516085.6238,-437554.5676,-454208.6567
2559000,2339.0521,14123.1439,62525.0803,-516932.1093,-437944.833,-454407.029
2560000,2386.9207,14297.8342,62445.5825,-516833.1976,-437702.8602,-454387.6151
2561000,2350.8415,14328.5648,62525.1001,-517173.5507,-437969.0443,-454648.45060000004
2562000,2371.5413,14320.3581,61955.8937,-516367.9184,-437720.1253,-454412.0247
2563000,2361.4291,14164.68,62109.0742,-517220.3849,-438585.20160000003,-455111.31070000003
2564000,2334.6852,14418.9211,62119.7288,-516745.5297,-437872.19460000005,-454625.80090000003
2565000,2348.4995,14205.3195,62104.6192,-516146.2889,-437487.85069999995,-454041.66969999997
2566000,2394.0883,14217.746,62423.4818,-516582.734,-437547.4179,-454159.2522
2567000,2374.8383,14329.3453,61866.4654,-515732.5141,-437161.86509999994,-453866.0487
2568000,2370.9164,14261.2891,61547.2444,-514998.726,-436819.2761,-453451.4816
2569000,2380.5662,14332.0425,61735.3615,-515325.5174,-436877.54720000003,-453590.1559
2570000,2367.2189,14306.2201,61884.8556,-515093.7098,-436535.41520000005,-453208.8542
2571000,2386.7502,14221.0589,61623.184,-514944.945,-436713.9519,-453321.761
2572000,2366.7457,14309.7589,61773.0573,-515968.7789,-437519.21699999995,-454195.7216
2573000,2374.1462,14142.638,62103.67,-515649.7684,-437029.3142,-453546.0984
2574000,2375.4722,14265.1228,61892.8499,-515955.7274,-437422.2825,-454062.87749999994
2575000,2375.2279,14275.0109,62394.2025,-516610.0317,-437565.5904,-454215.8292
2576000,2357.5824,14193.1764,62092.8003,-516350.154,-437706.59489999997,-454257.3537
2577000,2331.849,14202.8397,61539.5973,-514551.3777,-436477.0917,-453011.7804
2578000,2419.9167,14283.5073,62173.4082,-516094.0,-437217.1678,-453920.5918
2579000,2347.441,14248.2004,62164.6001,-516522.9134,-437762.6719,-454358.31330000004
2580000,2382.7159,14277.8832,62000.7649,-516336.6089,-437675.2449,-454335.844
2581000,2381.9747,14201.8095,61958.7392,-516647.1543,-438104.6309,-454688.4151
2582000,2397.5346,14201.294,62299.585,-516564.46,-437666.0464,-454264.875
2583000,2384.3794,14214.8956,62109.5072,-516163.7864,-437455.00419999997,-454054.2792
2584000,2389.2191,14339.5868,62080.2564,-516262.8458,-437453.7835,-454182.5894
2585000,2383.651,14288.8969,61816.538,-515798.8291,-437309.74319999997,-453982.2911
2586000,2344.9049,14246.7894,62511.9462,-516381.194,-437277.55350000004,-453869.2478
2587000,2401.174,14384.3044,62516.9293,-517033.3215,-437730.9138,-454516.3922
2588000,2383.3906,14321.8377,62303.5288,-516877.2733,-437868.5162,-454573.74450000003
2589000,2386.3571,14239.2975,61979.1364,-516568.1652,-437963.37419999996,-454589.0288
2590000,2356.1481,14360.8703,62404.9946,-517071.5676,-437949.55460000003,-454666.57300000003
2591000,2382.5643,14247.6194,61549.8985,-514952.8959,-436772.8137,-453402.9974
2592000,2390.442,14341.1805,61728.3486,-515107.9749,-436648.00379999995,-453379.6263
2593000,2407.3399,14347.8187,61638.5083,-515660.9735,-437267.3066,-454022.46520000004
2594000,2369.7468,14258.099,62016.8062,-516674.2439,-438029.5919,-454657.4377
2595000,2378.3509,14247.4762,62002.8161,-516582.7904,-437954.1472,-454579.9743
2596000,2392.7869,14280.7652,61908.7037,-515801.2135,-437218.9577,-453892.5098
2597000,2418.3608,14316.2679,62174.4924,-517253.1862,-438344.0651,-455078.6938
2598000,2360.6322,14280.7557,62320.6951,-516547.1822,-437585.0992,-454226.48709999997
2599000,2364.7739,14230.3927,62059.1058,-516341.6796,-437687.40719999996,-454282.57379999995
2600000,2381.1481,14233.4104,61997.2008,-516884.8602,-438273.10089999996,-454887.6594
2601000,2361.3364,14297.7062,61994.2332,-516262.6163,-437609.3405,-454268.3831
2602000,2408.8349,14325.9105,62215.3304,-516807.4344,-437857.35860000004,-454592.10400000005
2603000,2347.049,14336.5838,62007.0287,-516178.7558,-437488.0943,-454171.72709999996
2604000,2383.9269,14314.7904,61848.2668,-517182.6415,-438635.6574,-455334.37470000004
2605000,2377.0648,14324.6238,62038.8857,-516110.2419,-437369.66760000004,-454071.35620000004
2606000,2375.4267,14220.6385,62244.5443,-516225.5093,-437384.8998,-453980.96499999997
2607000,2382.5901,14232.8651,61879.5965,-515735.551,-437240.49929999997,-453855.9545
2608000,2347.7072,14262.113,62141.568,-516053.5914,-437302.2032,-453912.02339999995
2609000,2359.3858,14287.5303,62110.2082,-516441.8894,-437684.76509999996,-454331.6812
2610000,2372.1056,14333.2806,61956.5455,-516747.0764,-438085.1447,-454790.5309
2611000,2404.9761,14351.1473,62058.1205,-515669.7763,-436855.5324,-453611.6558
2612000,2373.6083,14261.2545,61876.0396,-516321.074,-437810.1716,-454445.0344
2613000,2334.2602,14295.479,61983.5336,-516498.2482,-437884.9754,-454514.71459999995
2614000,2401.8474,14308.6654,62442.7285,-517253.5549,-438100.3136,-454810.8264
2615000,2391.3039,14269.7621,62164.1739,-516814.9484,-437989.7085,-454650.7745
2616000,2374.1862,14334.4108,61888.2985,-515949.6744,-437352.77890000003,-454061.37590000004
2617000,2357.709,14322.5859,61829.9858,-516396.4179,-437886.1372,-454566.4321
2618000,2372.4079,14359.6241,61960.4891,-516332.1991,-437639.678,-454371.71
2619000,2382.3442,14224.2222,62267.6325,-516652.6537,-437778.4548,-454385.0212
2620000,2396.0208,14268.8408,62367.4823,-516904.6772,-437872.33329999994,-454537.1949
2621000,2378.7546,14269.9455,61862.0421,-516636.3404,-438125.5982,-454774.29829999997
2622000,2375.9928,14299.2817,61643.6951,-515496.7185,-437177.7489,-453853.0234
2623000,2355.6709,14188.2925,61831.09,-515427.155,-437052.10160000005,-453596.06500000006
2624000,2342.5609,14148.0818,61971.1915,-516644.4514,-438182.61720000004,-454673.2599
2625000,2370.048,14253.5479,61823.7423,-516085.9942,-437638.656,-454262.25190000003
2626000,2397.2867,14349.1192,61980.2237,-515838.517,-437111.8874,-453858.2933
2627000,2386.8683,14239.6944,61834.3771,-515331.6423,-436870.7025,-453497.2652
2628000,2348.3748,14238.1516,62319.5263,-516204.6724,-437298.6197,-453885.1461
2629000,2366.1899,14276.6852,62454.9844,-516741.0367,-437643.1772,-454286.0523
2630000,2346.6244,14352.6842,61898.9717,-515635.9701,-437037.6898,-453736.9984
2631000,2368.254,14252.4411,61688.0128,-515837.904,-437529.1961,-454149.89119999995
2632000,2371.4869,14286.357,62197.6005,-516584.4975,-437729.0531,-454386.897
2633000,2357.939,14277.9026,62136.2089,-516807.6019,-438035.5514,-454671.39300000004
2634000,2362.88,14171.6565,61791.4012,-515991.8555,-437665.9178,-454200.4543
2635000,2373.5675,14241.7921,62439.5539,-517087.6313,-438032.7178,-454648.0774
2636000,2347.3705,14204.5429,61730.5502,-515907.8104,-437625.3468,-454177.2602
2637000,2384.5104,14297.165,62186.4686,-516377.9058,-437509.7618,-454191.4372
2638000,2374.7418,14157.9104,62141.2639,-515859.2317,-437185.3156,-453717.9678
2639000,2390.1854,14322.4291,61957.6507,-516333.8149,-437663.5497,-454376.1642
2640000,2353.0767,14168.7211,62013.974,-515671.9389,-437136.1671,-453657.9649
2641000,2394.2149,14228.8924,61702.5233,-516083.2287,-437757.59809999994,-454380.7054
2642000,2367.2844,14312.5162,62291.5226,-516006.8791,-437035.55590000004,-453715.3565
2643000,2383.0985,14307.4756,61902.5053,-515679.3226,-437086.2432,-453776.8173
2644000,2432.8823,14251.0595,61874.6642,-515288.6169,-436730.0109,-453413.9527
2645000,2333.1454,14227.8202,62027.0867,-516527.0628,-437939.01050000003,-454499.9761
2646000,2369.6286,14339.068,62100.1067,-517166.5784,-438357.77509999997,-455066.4717
2647000,2340.8125,14206.1251,62019.135,-516400.2434,-437834.17079999996,-454381.10839999997
2648000,2367.3777,14242.8078,61852.7188,-516108.9313,-437646.027,-454256.2125
2649000,2315.7846,14152.8627,61726.1999,-516064.7542,-437869.907,-454338.5543
2650000,2369.1377,14237.5972,62172.6404,-516106.0526,-437326.6773,-453933.4122
2651000,2388.3597,14253.1877,61194.5074,-514989.228,-437153.1732,-453794.7206
2652000,2357.5091,14153.1773,62085.7172,-516000.5673,-437404.16370000003,-453914.8501
2653000,2367.9766,14292.9097,62243.3842,-517102.6081,-438198.3376,-454859.2239
2654000,2358.9204,14291.0859,62086.2397,-516839.2163,-438102.9703,-454752.9766
2655000,2358.1711,14190.6782,61752.8285,-516403.2934,-438101.6156,-454650.4649
2656000,2412.1983,14355.4459,62285.1005,-516611.9182,-437559.17350000003,-454326.8177
2657000,2389.0051,14268.4989,62469.6044,-517155.7863,-438028.6779,-454686.18189999997
2658000,2342.2474,14271.3074,62202.5805,-516607.8197,-437791.6844,-454405.2392
2659000,2377.8735,14235.1347,61969.9574,-516343.7638,-437760.7982,-454373.8064
2660000,2388.6321,14374.1082,61663.4098,-515721.2149,-437295.06480000005,-454057.8051
2661000,2367.243,14360.2805,62032.943,-516793.8652,-438033.3987,-454760.92220000003
2662000,2395.6512,14252.1434,62177.2135,-516467.8154,-437642.8073,-454290.6019
2663000,2365.2661,14242.749,62118.2455,-515646.8719,-436920.61130000005,-453528.6264
2664000,2390.8127,14312.5495,62068.1631,-515964.8401,-437193.3148,-453896.67699999997
2665000,2339.6286,14150.2285,62090.3014,-516042.6076,-437462.44909999997,-453952.3062
2666000,2370.6786,14339.0761,61952.9257,-516456.1926,-437793.5122,-454503.2669
2667000,2370.1588,14247.4851,62395.7553,-516404.8951,-437391.49590000004,-454009.1398
2668000,2399.9412,14333.6094,62020.7047,-516457.6581,-437703.4028,-454436.9534
2669000,2357.874,14316.1972,61279.1151,-515347.7339,-437394.5476,-454068.6188
2670000,2397.419,14356.8161,62465.3981,-516510.0088,-437290.3756,-454044.6107
2671000,2360.0514,14284.9273,61852.9897,-515736.5607,-437238.59229999996,-453883.571
2672000,2351.1695,14459.5266,62494.8054,-516815.5913,-437510.08979999996,-454320.78589999996
2673000,2368.9659,14304.0293,61796.0389,-516612.9857,-438143.95160000003,-454816.94680000003
2674000,2388.0558,14244.0154,62040.58,-516303.5486,-437630.8974,-454262.96859999996
2675000,2369.5769,14204.2862,62042.5254,-516117.7901,-437501.4016,-454075.2647
2676000,2412.5661,14390.2183,62371.6329,-516780.768,-437606.35069999995,-454409.13509999996
2677000,2375.6648,14291.393,62013.3367,-516278.0672,-437597.6727,-454264.7305
2678000,2369.3104,14215.3103,61853.9834,-516205.3806,-437766.7765,-454351.3972
2679000,2386.9353,14335.8611,62121.6981,-516276.2373,-437431.7428,-454154.5392
2680000,2346.9208,14311.3556,62179.7996,-516235.706,-437397.63,-454055.9064
2681000,2396.1536,14337.6522,61907.7971,-515889.3165,-437247.7136,-453981.5194
2682000,2369.884,14336.6198,62077.3189,-516674.978,-437891.1553,-454597.6591
2683000,2362.5047,14161.2539,61726.7221,-515713.0227,-437462.54199999996,-453986.30059999996
2684000,2389.1289,14257.2321,61978.3278,-516116.5261,-437491.8373,-454138.19830000005
2685000,2374.3744,14377.5662,61748.2273,-515909.0388,-437408.8709,-454160.81149999995
2686000,2399.5905,14279.8098,62644.1144,-516828.9104,-437505.3957,-454184.796
2687000,2370.1191,14312.0762,62266.4869,-516507.9169,-437559.23470000003,-454241.43
2688000,2382.855,14275.2347,62427.3471,-517094.4461,-438009.00930000003,-454667.099
2689000,2367.4932,14235.9748,62445.3532,-516443.0514,-437394.2302,-453997.6982
2690000,2349.7878,14300.7109,61736.1049,-516264.7665,-437878.1629,-454528.66160000005
2691000,2378.8237,14294.1644,62241.7981,-516584.5348,-437669.74860000005,-454342.7367
2692000,2356.8991,14226.7386,61650.364,-515524.9102,-437290.9085,-453874.5462
2693000,2366.3527,14219.2481,61469.0406,-515705.9919,-437651.35050000006,-454236.9513
2694000,2373.6211,14263.5678,62002.4806,-515942.1276,-437302.4581,-453939.647
2695000,2372.6472,14367.9893,61758.6528,-516398.4259,-437899.13659999997,-454639.7731
2696000,2351.3155,14160.5059,61754.4109,-515887.4797,-437621.2474,-454133.0688
2697000,2405.8935,14250.5848,61960.5067,-516177.8872,-437560.9022,-454217.38049999997
2698000,2349.0095,14324.2103,61700.0961,-516067.0484,-437693.73250000004,-454366.9523
2699000,2361.1088,14220.3742,61760.6833,-515287.4992,-436945.33290000004,-453526.81590000005
2700000,2361.4365,14287.2876,61866.9508,-515002.6455,-436486.9706,-453135.6947
2701000,2411.7972,14302.4521,62320.7519,-515922.4344,-436887.4332,-453601.6825
2702000,2377.6909,14228.4582,62186.1948,-515596.9415,-436804.59760000004,-453410.7467
2703000,2371.6543,14278.1881,61994.2031,-516534.4948,-437890.4493,-454540.2917
2704000,2394.1333,14183.6163,61793.0036,-516082.8329,-437712.0797,-454289.8293
2705000,2368.8679,14236.0969,62038.5934,-516286.5004,-437642.94220000005,-454247.907
2706000,2383.6394,14296.9616,62113.3306,-516193.2312,-437399.29959999997,-454079.9006
2707000,2355.248,14369.3329,61760.3765,-516122.6602,-437637.70279999997,-454362.28369999997
2708000,2348.5587,14285.5665,61804.1006,-515906.5707,-437468.34489999997,-454102.4701
2709000,2312.79,14190.0885,62139.2857,-516968.26,-438326.0958,-454828.9743
2710000,2336.8213,14260.401,61945.7603,-516379.7439,-437836.7613,-454433.9836
2711000,2394.132,14306.0905,62026.6384,-516309.3739,-437582.51300000004,-454282.7355
2712000,2366.7783,14235.608,62553.6844,-516856.4712,-437700.40050000005,-454302.7868
2713000,2364.0841,14285.6869,61575.7095,-515550.4353,-437324.9548,-453974.7258
2714000,2371.0838,14276.1503,61252.7344,-515321.8598,-437421.89129999996,-454069.12539999996
2715000,2327.6572,14164.8842,61734.8441,-515705.7483,-437478.3628,-453970.9042
2716000,2375.0156,14266.4284,61290.8011,-515285.0214,-437352.7763,-453994.22030000004
2717000,2355.7169,14272.6835,62361.2994,-516767.9993,-437778.2995,-454406.6999
2718000,2356.973,14184.0799,62100.3593,-516858.3856,-438216.9734,-454758.02629999997
2719000,2405.6188,14416.2424,62328.1275,-516863.1128,-437713.1241,-454534.9853
2720000,2369.492,14247.2244,61997.2684,-516163.2353,-437549.25049999997,-454165.9669
2721000,2373.2335,14284.2966,61938.165,-516537.5839,-437941.8888,-454599.41890000005
2722000,2388.5329,14336.4151,62156.0037,-517157.053,-438276.1013,-455001.0493
2723000,2394.2402,14288.4292,61975.3505,-516433.2992,-437775.2793,-454457.9487
2724000,2390.365,14256.6687,62044.4555,-516772.1559,-438080.6667,-454727.70040000003
2725000,2353.5714,14311.559,61549.0093,-515616.7426,-437402.6029,-454067.7333
2726000,2392.1034,14185.8181,62100.2129,-515931.4929,-437253.35850000003,-453831.28
2727000,2388.7088,14246.548,61813.5253,-515976.0982,-437527.3161,-454162.5729
2728000,2429.8425,14211.4137,62195.5628,-515873.881,-437037.062,-453678.3182
2729000,2374.2929,14314.1016,61538.3068,-515519.8504,-437293.1491,-453981.5436
2730000,2387.895,14226.8327,62641.5595,-517075.2523,-437818.9651,-454433.69279999996
2731000,2360.8199,14424.1837,62012.3491,-516448.6794,-437651.32670000003,-454436.33030000003
2732000,2396.8989,14325.6398,62001.0179,-515996.2308,-437272.6742,-453995.21290000004
2733000,2387.9337,14169.6201,62575.426,-517248.3549,-438115.37509999995,-454672.9289
2734000,2370.5533,14175.8037,62161.139,-516835.0077,-438127.51170000003,-454673.8687
2735000,2384.2281,14352.5659,62218.7426,-516714.5378,-437759.0012,-454495.7952
2736000,2347.4474,14278.3954,62639.3395,-516463.6196,-437198.4373,-453824.2801
2737000,2347.1477,14367.3715,61762.2213,-515780.7192,-437303.9787,-454018.4979
2738000,2377.8952,14281.2209,61834.5559,-515235.0243,-436741.3523,-453400.4684
2739000,2375.9288,14341.4372,61398.1905,-515106.4026,-436990.84609999997,-453708.2121
2740000,2380.6208,14261.5107,61297.8479,-515027.377,-437087.39759999997,-453729.5291
2741000,2374.354,14260.3057,62446.4798,-517068.3423,-437987.2028,-454621.86250000005
2742000,2348.2797,14355.376,62315.6083,-516670.0631,-437650.79910000006,-454354.4548
2743000,2368.906,14216.0433,61732.402,-515857.2796,-437539.9283,-454124.8776
2744000,2419.5481,14286.0979,61914.6026,-516090.1774,-437469.9288,-454175.5748
2745000,2368.1351,14203.8963,61791.6316,-515358.7937,-436995.1307,-453567.16209999996
2746000,2397.1007,14404.9699,61518.9939,-515551.8457,-437230.78119999997,-454032.8518
2747000,2354.7721,14283.2963,61470.0126,-514895.1515,-436787.0705,-453425.13889999996
2748000,2370.1453,14077.1117,61998.0132,-516048.1294,-437602.85919999995,-454050.1162
2749000,2394.3828,14285.7835,62180.6215,-516565.3925,-437704.6047,-454384.771
2750000,2390.4322,14301.6082,61612.0275,-516102.3757,-437798.30779999995,-454490.3482
2751000,2365.5831,14326.668,62190.1811,-516698.088,-437815.65579999995,-454507.9069
2752000,2379.8124,14325.6493,61589.4461,-515962.611,-437667.7032,-454373.1649
2753000,2369.9674,14273.6303,61942.9656,-516573.1509,-437986.58759999997,-454630.1853
2754000,2378.837,14190.7137,61537.4195,-516010.9937,-437904.0235,-454473.5742
2755000,2410.6131,14297.0373,61506.3919,-515526.3686,-437312.32629999996,-454019.9767
2756000,2399.6492,14345.8325,61737.3005,-515698.6511,-437215.8689,-453961.3506
2757000,2350.7755,14286.8774,61969.2433,-516093.9325,-437487.0363,-454124.6892
2758000,2345.084,14211.0646,61592.7902,-515463.2794,-437314.3406,-453870.4892
2759000,2349.3844,14262.6032,62018.2111,-516025.3904,-437395.19169999997,-454007.17929999996
2760000,2362.2314,14297.6309,61944.7605,-516073.1945,-437468.5717,-454128.434
2761000,2382.0996,14234.7621,61854.3875,-516192.6887,-437721.4395,-454338.3012
2762000,2367.4082,14316.7928,61737.4362,-515570.645,-437149.0078,-453833.2088
2763000,2396.9537,14253.6375,62241.299,-516870.67,-437978.7798,-454629.371
2764000,2377.7212,14288.0967,62304.6211,-516857.8352,-437887.39619999996,-454553.2141
2765000,2395.4096,14305.1413,61497.7376,-515875.8177,-437677.5292,-454378.0801
2766000,2386.7768,14248.5338,61882.6755,-515903.0345,-437385.0484,-454020.359
2767000,2379.5141,14301.4666,62427.8704,-517078.416,-437969.5649,-454650.5456
2768000,2371.6989,14284.1781,62204.7032,-516412.717,-437552.1368,-454208.0138
2769000,2354.5255,14187.6716,62478.9765,-517036.477,-438015.30340000003,-454557.5005
2770000,2343.8848,14209.0649,62028.0826,-516247.5007,-437666.4684,-454219.41809999995
2771000,2370.0981,14332.5863,61850.2563,-516032.0583,-437479.1176,-454181.80199999997
2772000,2387.8298,14219.4568,61660.4282,-515636.8385,-437369.1237,-453976.4103
2773000,2407.8648,14282.1193,61839.9515,-516494.5468,-437964.61120000004,-454654.5953
2774000,2391.2745,14233.635,62637.9897,-516861.011,-437598.1118,-454223.0213
2775000,2387.5251,14299.1863,61797.7106,-515849.4351,-437365.0131,-454051.7245
2776000,2361.3382,14195.6769,61879.7239,-515473.8599,-437037.1209,-453594.136
2777000,2415.8477,14269.6874,61552.1073,-515526.9269,-437289.2845,-453974.81960000005
2778000,2381.6212,14337.8079,61960.9432,-516427.647,-437747.2747,-454466.7038
2779000,2374.3177,14214.0287,62215.2744,-516332.6071,-437528.9863,-454117.3327
2780000,2397.538,14338.4562,62049.2133,-515664.4978,-436879.2903,-453615.2845
2781000,2343.7753,14230.2665,61892.558,-516446.3325,-437979.73270000005,-454553.7745
2782000,2399.1722,14189.4989,62249.8036,-516593.1801,-437754.7054,-454343.3765
2783000,2381.485,14275.1976,61627.3073,-515361.304,-437077.3141,-453733.9967
2784000,2389.2016,14353.2497,61972.1512,-516341.4266,-437626.82409999997,-454369.2754
2785000,2397.1817,14296.8621,62144.7169,-516376.56,-437537.7993,-454231.8431
2786000,2391.0655,14360.916,62167.135,-516506.5409,-437587.4244,-454339.4059
2787000,2378.6086,14278.2234,62326.2848,-516451.2434,-437468.12659999996,-454124.95859999995
2788000,2369.6223,14292.7516,62300.3023,-516568.8185,-437606.1423,-454268.5162
2789000,2374.2354,14227.1292,62127.5793,-516378.3651,-437649.4212,-454250.7858
2790000,2373.6094,14175.709,61500.4005,-515265.83,-437216.1111,-453765.4295
2791000,2406.6038,14284.8417,61776.5851,-515947.4273,-437479.3967,-454170.84219999996
2792000,2369.7506,14182.3924,62265.1532,-516535.9656,-437718.6694,-454270.8124
2793000,2367.8857,14288.4628,62451.6197,-516693.5009,-437585.5327,-454241.8812
2794000,2409.0451,14288.2638,62591.535,-517151.0754,-437862.2315,-454559.54039999994
2795000,2348.8786,14229.5479,62645.6056,-517809.4932,-438585.4611,-455163.8876
2796000,2373.4715,14218.5579,62691.8525,-517405.0937,-438121.21180000005,-454713.24120000005
2797000,2403.6341,14265.7242,62687.3817,-516793.5383,-437436.7983,-454106.1566
2798000,2377.3094,14211.161,61824.8244,-516148.6434,-437735.3486,-454323.819
2799000,2396.3615,14356.9955,62733.2525,-517659.1933,-438172.58379999996,-454925.9408
2800000,2379.8115,14230.1663,61896.7169,-516106.8195,-437600.1248,-454210.1026
2801000,2409.688,14368.883,61746.731,-515931.2583,-437405.95629999996,-454184.52729999996
2802000,2392.7329,14239.449,62054.6162,-516375.3059,-437688.50779999996,-454320.6897
2803000,2360.894,14168.4428,62004.9641,-516152.632,-437618.33109999995,-454147.6679
2804000,2356.9225,14299.3506,61133.9724,-514632.685,-436842.4395,-453498.71259999997
2805000,2388.5451,14287.8425,62336.3652,-516189.0267,-437176.2739,-453852.6615
2806000,2386.079,14266.8382,62049.0115,-516020.6896,-437318.7609,-453971.67809999996
2807000,2362.0595,14207.0548,61790.3203,-515462.581,-437103.14639999997,-453672.2607
2808000,2402.1427,14280.6986,61468.6758,-515223.7919,-437072.2748,-453755.1161
2809000,2373.8155,14296.074,61966.5097,-515903.7809,-437267.3817,-453937.2712
2810000,2366.0794,14131.0461,61692.7281,-515569.7778,-437379.9242,-453877.0497
2811000,2409.0839,14326.9355,61839.4611,-515607.8912,-437032.4107,-453768.4301
2812000,2379.0578,14245.3042,61269.1151,-515011.978,-437118.5009,-453742.8629
2813000,2369.4384,14278.5415,61819.8864,-515756.4535,-437288.5872,-453936.5671
2814000,2388.1841,14222.3106,62118.4679,-516251.5262,-437522.5636,-454133.05830000003
2815000,2388.8987,14334.5186,61738.9729,-515156.2183,-436693.82810000004,-453417.2454
2816000,2412.1288,14270.5032,61488.3819,-514951.9415,-436780.92760000005,-453463.55960000004
2817000,2342.0087,14235.121,61831.0021,-515489.335,-437081.2032,-453658.33290000004
2818000,2371.696,14353.9993,61966.1435,-515860.8899,-437169.05110000004,-453894.7464
2819000,2344.595,14330.072,62040.4985,-516243.9126,-437528.7471,-454203.4141
2820000,2352.8287,14275.2431,62614.3987,-516867.6135,-437625.143,-454253.21479999996
2821000,2348.6403,14282.5511,62108.302,-516864.1312,-438124.6378,-454755.8292
2822000,2352.6155,14393.0117,61830.3471,-516687.2928,-438111.3185,-454856.9457
2823000,2364.3474,14354.1701,62331.0177,-517403.0766,-438353.5414,-455072.05889999995
2824000,2392.1008,14359.7932,62453.3985,-516774.557,-437569.26449999993,-454321.15849999996
2825000,2355.3937,14347.9777,62002.6353,-516318.7863,-437612.7796,-454316.15099999995
2826000,2380.9499,14292.5186,62189.5636,-516573.6758,-437710.6437,-454384.11220000003
2827000,2394.6094,14250.1416,61936.462,-516244.7241,-437663.5111,-454308.2621
2828000,2381.9448,14276.8817,62289.2275,-516614.4874,-437666.4334,-454325.2599
2829000,2422.9043,14307.5967,62204.296,-516184.7034,-437249.9064,-453980.4074
2830000,2378.8035,14241.216,62141.2205,-515773.6376,-437012.3976,-453632.4171
2831000,2370.349,14333.1984,62531.8322,-517262.4791,-438027.0995,-454730.6469
2832000,2387.6843,14342.2209,62080.8962,-516325.3722,-437514.5708,-454244.47599999997
2833000,2368.1183,14257.6035,62663.0247,-517607.2052,-438318.4587,-454944.1805
2834000,2368.8359,14308.095,62664.292,-517072.4448,-437731.2219,-454408.1528
2835000,2367.583,14213.4225,61863.7871,-516016.8607,-437572.06810000003,-454153.0736
2836000,2372.6011,14343.9387,62061.8843,-517006.2816,-438227.8575,-454944.3973
2837000,2354.4756,14174.8371,62088.2761,-516340.8305,-437723.2417,-454252.55439999996
2838000,2362.1321,14275.6351,62292.7814,-516227.1149,-437296.5663,-453934.3335
2839000,2388.7118,14252.8541,61767.7049,-516156.8411,-437747.5703,-454389.1362
2840000,2369.4132,14412.9205,61842.897,-515639.6133,-437014.3826,-453796.71630000003
2841000,2365.4214,14259.6668,61724.6588,-515532.7941,-437183.04709999997,-453808.1353
2842000,2379.7256,14344.1572,61962.0385,-515835.8792,-437149.95790000004,-453873.8407
2843000,2355.8511,14256.2535,61779.3352,-515245.3274,-436853.8876,-453465.9922
2844000,2377.1001,14371.1872,62221.446,-516545.9316,-437576.1983,-454324.4856
2845000,2384.102,14333.4432,62396.7717,-516570.8152,-437456.4983,-454174.0435
2846000,2350.4546,14256.5628,61774.778,-515509.1642,-437127.3688,-453734.3862
2847000,2404.8549,14374.5976,62103.1114,-516572.0914,-437689.52749999997,-454468.98
2848000,2382.1218,14269.2196,61840.9227,-515982.2744,-437490.01029999997,-454141.3517
2849000,2359.9136,14281.8798,62387.7618,-516763.6109,-437734.0557,-454375.84910000005
2850000,2331.6657,14189.2295,62287.0208,-516675.3222,-437867.40619999997,-454388.3014
2851000,2388.9815,14288.6717,62471.5432,-516898.6946,-437749.4982,-454427.1514
2852000,2359.8849,14318.9905,62081.324,-515930.2183,-437170.0189,-453848.8943
2853000,2347.87,14280.4703,62255.1799,-515890.9732,-437007.453,-453635.7933
2854000,2390.8099,14401.557,62200.2744,-516653.6123,-437660.97099999996,-454453.3379
2855000,2381.0703,14382.0345,61985.605,-515729.3904,-436980.68059999996,-453743.7854
2856000,2364.5609,14239.381,62029.6063,-516375.8245,-437742.2763,-454346.2182
2857000,2368.8618,14319.3653,61897.559,-517050.6033,-438464.81720000005,-455153.0443
2858000,2339.3439,14287.5495,62670.8958,-516686.1617,-437388.3725,-454015.2659
2859000,2386.1044,14389.5394,62037.7785,-516228.4439,-437415.0216,-454190.6654
2860000,2371.2825,14280.3314,62477.4104,-516883.0983,-437754.074,-454405.6879
2861000,2354.4396,14197.6046,62279.938,-516408.4843,-437576.50210000004,-454128.5463
2862000,2337.2185,14298.3631,61799.2715,-515440.1471,-437005.294,-453640.8756
2863000,2396.7673,14309.2753,62090.2469,-516411.3534,-437615.0639,-454321.1065
2864000,2382.7753,14336.7826,61898.4447,-515847.9442,-437229.9416,-453949.49950000003
2865000,2377.9821,14290.2944,61956.2974,-516794.1913,-438169.6174,-454837.8939
2866000,2359.3244,14335.4657,61831.0512,-516077.9388,-437552.09750000003,-454246.8876
2867000,2387.7952,14279.8302,62068.0796,-515684.0954,-436948.3904,-453616.0158
2868000,2382.4468,14328.7717,61883.795,-515958.3126,-437363.2991,-454074.5176
2869000,2348.3424,14300.4883,61741.1087,-514983.5419,-436593.60250000004,-453242.4332
2870000,2344.195,14270.7327,62132.0824,-515906.6716,-437159.6615,-453774.5892
2871000,2389.1182,14314.4515,61847.4868,-515916.3059,-437365.2494,-454068.81909999996
2872000,2375.6581,14239.6876,61759.5805,-515881.1782,-437506.25200000004,-454121.59770000004
2873000,2381.9138,14262.4218,61762.1882,-515483.4923,-437076.96849999996,-453721.3041
2874000,2406.9294,14255.307,61761.2462,-515542.1509,-437118.6683,-453780.9047
2875000,2379.6006,14300.3467,61774.3722,-515769.5415,-437315.222,-453995.1693
2876000,2375.5996,14272.1326,62313.6126,-516397.9276,-437436.5828,-454084.315
2877000,2399.6895,14218.5745,62544.517,-516907.7096,-437744.9286,-454363.1926
2878000,2378.1179,14243.5956,62498.1962,-516498.6837,-437378.774,-454000.4875
2879000,2346.6867,14155.9103,61767.5593,-515193.1951,-436923.0388,-453425.6358
2880000,2394.3909,14302.4628,62567.4372,-516675.2796,-437410.9887,-454107.8424
2881000,2400.8611,14233.6314,61712.3565,-515512.8545,-437166.0055,-453800.498
2882000,2395.1384,14270.7844,61998.4033,-515963.507,-437299.1809,-453965.1037
2883000,2382.4537,14360.1462,61615.202,-515938.4493,-437580.6474,-454323.2473
2884000,2397.5864,14268.1851,61966.563,-516103.7944,-437471.4599,-454137.2314
2885000,2416.1871,14207.7729,61920.1443,-515826.8197,-437282.7154,-453906.6754
2886000,2366.7413,14285.3769,62501.9315,-517258.9381,-438104.88840000005,-454757.0066
2887000,2344.0698,14267.9752,62239.6001,-516235.1138,-437383.46869999997,-453995.5137
2888000,2354.3973,14275.94,62087.3657,-516189.2938,-437471.5908,-454101.92809999996
2889000,2381.1523,14202.1077,61882.3016,-515369.5589,-436903.9973,-453487.2573
2890000,2337.2979,14238.1425,61486.4934,-515317.1602,-437255.2264,-453830.6668
2891000,2339.1578,14197.8141,61626.1735,-515318.9153,-437155.7699,-453692.7418
2892000,2363.0596,14300.0827,62298.193,-516651.1574,-437689.8221,-454352.96440000006
2893000,2372.9284,14301.0951,61941.4058,-516000.0213,-437384.592,-454058.6155
2894000,2374.1433,14184.387,61664.4302,-514931.754,-436708.7935,-453267.3238
2895000,2368.6436,14235.6727,61988.3871,-516357.1907,-437764.4873,-454368.8036
2896000,2376.5155,14165.1027,62133.8509,-516203.1213,-437527.6522,-454069.2704
2897000,2379.5687,14253.0457,61694.3088,-515688.1618,-437361.23860000004,-453993.853
2898000,2386.9957,14308.6363,61939.0555,-515655.3403,-437020.6528,-453716.28479999996
2899000,2362.4963,14279.5954,61963.9889,-516394.5865,-437788.5059,-454430.5976
2900000,2369.389,14290.0595,62060.484,-516297.4681,-437577.5356,-454236.9841
2901000,2377.4448,14402.8155,62205.7645,-516857.0988,-437871.07399999996,-454651.3343
2902000,2392.9936,14249.0754,62333.4674,-516389.4751,-437413.9387,-454056.00769999996
2903000,2363.1694,14274.4482,62468.7959,-517122.065,-438015.65150000004,-454653.26910000003
2904000,2352.4811,14297.8634,61734.2194,-516797.2062,-438412.6423,-455062.9868
2905000,2377.4372,14318.1102,62193.929,-516757.6727,-437868.1963,-454563.7437
2906000,2366.9072,14221.3349,62211.5698,-516808.1306,-438008.31869999995,-454596.5608
2907000,2369.4244,14291.2354,61835.9929,-516182.2232,-437685.57050000003,-454346.2303
2908000,2394.8525,14172.3767,61682.7107,-515736.4997,-437486.5598,-454053.789
2909000,2361.8385,14319.0333,62088.7242,-516618.0384,-437848.44240000006,-454529.3142
2910000,2373.1232,14342.1896,62118.9386,-516716.5807,-437882.3293,-454597.6421
2911000,2404.4045,14235.8921,61213.0565,-515152.7578,-437299.4047,-453939.7013
2912000,2371.1549,14183.7678,61956.3042,-515967.9544,-437456.7275,-454011.6502
2913000,2349.4284,14307.551,61730.8623,-516313.0091,-437925.16740000003,-454582.14680000005
2914000,2363.4028,14300.4879,62076.9311,-516447.7159,-437706.89410000003,-454370.7848
2915000,2393.9827,14231.254,61705.473,-516051.1077,-437720.398,-454345.6347
2916000,2397.3953,14316.8373,61967.5537,-516331.3256,-437649.5393,-454363.7719
2917000,2380.5021,14238.9827,62070.8723,-515180.8552,-436490.49809999997,-453109.9829
2918000,2369.289,14226.7679,61889.7515,-515632.0384,-437146.23000000004,-453742.2869
2919000,2390.6967,14319.333,61928.9525,-516125.0232,-437486.04099999997,-454196.0707
2920000,2384.0323,14276.8298,61525.4677,-515403.1475,-437216.8177,-453877.67980000004
2921000,2402.524,14352.8042,61846.801,-515930.6176,-437328.48840000003,-454083.8166
2922000,2364.117,14315.5264,62012.0757,-516106.6035,-437414.88440000004,-454094.52780000004
2923000,2389.6734,14205.5948,61308.9737,-515277.8316,-437373.58969999995,-453968.85789999994
2924000,2370.4371,14388.5803,62000.5955,-516272.0379,-437512.425,-454271.4424
2925000,2401.384,14300.4902,62429.5547,-517176.8068,-438045.3779,-454747.25210000004
2926000,2372.9566,14267.8887,62098.3862,-516246.7075,-437507.476,-454148.3213
2927000,2398.7871,14322.3202,62107.0982,-516476.0766,-437647.8711,-454368.97839999996
2928000,2375.4209,14258.0529,61829.1255,-516070.3713,-437607.772,-454241.2458
2929000,2417.8337,14329.1239,61607.2718,-515684.1491,-437329.91969999997,-454076.8773
2930000,2369.3433,14191.2155,61804.2471,-516014.5656,-437649.75969999994,-454210.3185
2931000,2391.8708,14309.3081,61562.6951,-515337.6772,-437073.80319999997,-453774.98209999996
2932000,2373.1135,14307.1793,61444.4245,-514728.8977,-436604.18039999995,-453284.47319999995
2933000,2384.3739,14250.3114,61771.9453,-515480.8814,-437074.25080000004,-453708.9361
2934000,2342.8409,14306.8899,61797.4592,-516461.606,-438014.416,-454664.14680000005
2935000,2375.848,14229.4065,62153.7974,-516832.4453,-438073.3934,-454678.64790000004
2936000,2394.1272,14272.1678,61710.8463,-516325.1789,-437948.03760000004,-454614.3326
2937000,2390.1763,14324.1645,62111.2106,-516746.2229,-437920.6715,-454635.0123
2938000,2382.4122,14338.4044,62092.0966,-516471.5885,-437658.6753,-454379.4919
2939000,2352.8044,14326.0929,61787.8411,-516065.5277,-437598.78929999995,-454277.68659999996
2940000,2352.4312,14265.7185,62612.6475,-516222.4547,-436991.6575,-453609.8072
2941000,2376.1081,14273.8012,61605.1935,-515831.2046,-437576.1018,-454226.0111
2942000,2397.8227,14292.3564,62189.1173,-516778.11,-437898.8136,-454588.9927
2943000,2388.2588,14303.6603,62099.9762,-516758.8411,-437966.9458,-454658.86490000004
2944000,2380.4732,14322.5981,61944.4438,-515401.9366,-436754.4215,-453457.4928
2945000,2384.9394,14337.4747,61809.3085,-515908.4535,-437376.73089999997,-454099.145
2946000,2379.2604,14370.3493,62622.7299,-516605.9741,-437233.6345,-453983.2442
2947000,2382.9512,14332.13,62050.416,-516183.3401,-437417.8429,-454132.92409999995
2948000,2360.0213,14269.1684,61737.4876,-515463.9768,-437097.2995,-453726.4892
2949000,2379.8042,14270.7836,62225.5137,-515616.4134,-436740.31190000003,-453390.8997
2950000,2394.7779,14342.8378,61753.2256,-515954.6211,-437463.7798,-454201.3955
2951000,2376.5899,14249.4733,62167.8606,-516043.3537,-437249.4299,-453875.49309999996
2952000,2393.2951,14279.653,62130.381,-516806.1871,-438002.858,-454675.8061
2953000,2367.3317,14256.0772,61671.7894,-515612.9254,-437317.7271,-453941.136
2954000,2425.357,14299.7211,61591.4044,-515655.2534,-437338.7709,-454063.849
2955000,2369.6558,14299.2459,62098.8376,-516758.5597,-437990.82039999997,-454659.7221
2956000,2391.6734,14295.3122,61802.6589,-515838.7951,-437349.1506,-454036.1362
2957000,2340.4403,14235.9018,61587.158,-515518.049,-437354.5489,-453930.891
2958000,2379.41,14300.7663,61727.5529,-515801.4859,-437393.7567,-454073.933
2959000,2374.8558,14323.7791,61641.7419,-516359.4685,-438019.0917,-454717.7266
2960000,2395.1375,14235.1762,62046.9168,-515935.7461,-437258.5156,-453888.8293
2961000,2383.9141,14281.3055,61681.8939,-516326.8691,-437979.75560000003,-454644.9752
2962000,2354.1829,14163.7811,61860.4303,-515544.2988,-437165.9045,-453683.8685
2963000,2423.0533,14284.7838,61855.6077,-515315.8204,-436752.3756,-453460.21270000003
2964000,2353.0125,14231.3565,61466.7212,-515239.5677,-437188.47750000004,-453772.8465
2965000,2413.3456,14224.3394,61976.142,-516596.8348,-437983.0078,-454620.6928
2966000,2383.1816,14284.8804,62085.2627,-516268.408,-437515.0833,-454183.1453
2967000,2384.7558,14321.2494,62337.6357,-517019.1916,-437975.5507,-454681.55590000004
2968000,2348.099,14182.773,61735.8895,-515624.02,-437357.2585,-453888.1305
2969000,2387.2628,14284.5645,61693.3935,-515588.4488,-437223.228,-453895.0553
2970000,2379.4595,14313.7962,62353.7422,-516485.2018,-437438.20389999996,-454131.4596
2971000,2360.8483,14360.9238,61483.2357,-515241.3073,-437036.29949999996,-453758.07159999997
2972000,2389.9014,14266.0092,62052.6794,-516130.8812,-437422.2912,-454078.2018
2973000,2380.1956,14257.0343,62637.7328,-516769.8289,-437494.86620000005,-454132.0961
2974000,2331.9399,14359.8647,61920.3089,-516069.2361,-437457.1226,-454148.9272
2975000,2345.7419,14143.7604,62050.462,-516347.6147,-437807.6504,-454297.1527
2976000,2401.7345,14369.0767,61839.854,-516052.8076,-437442.1424,-454212.9536
2977000,2387.2945,14317.8049,62013.1491,-515811.4171,-437093.16860000003,-453798.26800000004
2978000,2350.7154,14290.5993,61976.7257,-515584.4591,-436966.4187,-453607.73339999997
2979000,2394.9834,14326.1596,61749.1644,-515862.497,-437392.1896,-454113.33259999997
2980000,2358.778,14298.8469,61723.4071,-515865.4841,-437484.4521,-454142.077
2981000,2407.8633,14317.6072,62261.1034,-516832.5701,-437845.9962,-454571.4667
2982000,2346.4032,14316.8534,61836.3392,-516220.4559,-437720.8601,-454384.1167
2983000,2381.0888,14393.969,62085.6486,-517389.9241,-438529.21770000004,-455304.2755
2984000,2365.687,14245.3973,62308.2517,-516888.2919,-437968.9559,-454580.0402
2985000,2411.4566,14261.5765,62175.8594,-516305.3164,-437456.4239,-454129.457
2986000,2353.848,14190.066,62064.3367,-516063.4622,-437455.2115,-453999.1255
2987000,2377.9064,14277.4006,61885.4766,-517012.5074,-438471.72380000004,-455127.0308
2988000,2409.1601,14261.7382,61718.7464,-516089.0085,-437699.3638,-454370.2621
2989000,2387.8454,14272.5086,62480.6844,-517213.3989,-438072.36049999995,-454732.7145
2990000,2415.9093,14310.3698,62012.9149,-516849.9834,-438110.7894,-454837.06850000005
2991000,2350.0129,14247.6208,62589.1061,-516730.7214,-437543.9816,-454141.6153
2992000,2377.3833,14253.214,62021.1828,-515769.8668,-437118.0867,-453748.684
2993000,2387.3161,14357.9106,62574.9072,-517072.1283,-437751.99439999997,-454497.22109999997
2994000,2366.7223,14339.0816,62393.4528,-517225.6411,-438126.3844,-454832.18830000004
2995000,2343.536,14233.5373,62236.0754,-517047.1014,-438233.95269999997,-454811.02599999995
2996000,2369.9639,14292.0133,62183.1537,-516562.4538,-437717.3229,-454379.3001
2997000,2372.0873,14295.2738,62087.1684,-516823.1102,-438068.5807,-454735.9418
2998000,2361.2129,14283.0327,62198.7561,-516352.746,-437509.7443,-454153.9899
2999000,2366.2169,14272.5057,62533.4563,-516632.8306,-437460.6517,-454099.37429999997
3000000,2357.243,14198.5514,61622.3274,-515441.1706,-437263.0488,-453818.8432
3001000,2398.024,14238.0468,61848.0451,-516322.7594,-437838.6435,-454474.7143
3002000,2349.3301,14251.5386,61699.4956,-515758.1166,-437457.7523,-454058.621
3003000,2369.838,14311.1191,62304.8694,-516928.9921,-437943.16559999995,-454624.12269999995
3004000,2398.5366,14360.3293,62237.2944,-516234.9781,-437238.8178,-453997.6837
3005000,2360.9537,14234.4667,61901.2968,-516452.7728,-437956.05559999996,-454551.47599999997
3006000,2405.3052,14324.4783,61335.3834,-515424.0797,-437358.9128,-454088.6963
3007000,2384.3529,14413.1928,61915.781,-516111.6403,-437398.3136,-454195.8593
3008000,2362.8772,14275.733,62031.5109,-516369.44,-437699.3189,-454337.9291
3009000,2368.2263,14277.4354,62059.0861,-516682.5278,-437977.77999999997,-454623.44169999997
3010000,2373.4757,14328.8959,61947.3686,-516237.4887,-437587.7485,-454290.1201
3011000,2409.0352,14355.5204,62153.1507,-516253.9059,-437336.19960000005,-454100.7552
3012000,2353.9661,14337.832,62178.0008,-516647.7855,-437777.9866,-454469.7847
3013000,2400.0072,14262.1964,61932.1433,-515295.467,-436701.1201,-453363.3237
3014000,2389.4512,14358.4312,61546.5558,-515892.1121,-437597.67390000005,-454345.55630000005
3015000,2348.7863,14342.7361,61985.3564,-516034.5241,-437357.6453,-454049.1677
3016000,2375.4357,14319.9866,62478.8256,-516462.7611,-437288.51320000004,-453983.9355
3017000,2370.3343,14373.646,61765.418,-515734.7816,-437225.3833,-453969.3636
3018000,2374.0103,14387.6582,61805.0055,-516058.0901,-437491.4161,-454253.08459999994
3019000,2373.8721,14355.4406,62258.3781,-516969.9574,-437982.26660000003,-454711.5793
3020000,2397.8852,14399.1616,62224.8464,-517003.3411,-437981.4479,-454778.49470000004
3021000,2396.4407,14335.8308,62438.9825,-517249.1083,-438077.8543,-454810.12580000004
3022000,2389.5019,14331.2932,62364.6791,-516899.9087,-437814.43450000003,-454535.2296
3023000,2392.497,14307.021,61784.6079,-515810.146,-437326.0201,-454025.5381
3024000,2342.2631,14278.7026,61717.1319,-516604.7947,-438266.6971,-454887.66280000005
3025000,2394.3878,14413.3057,61905.0899,-516711.5961,-437998.8127,-454806.5062
3026000,2437.5321,14364.6861,61833.8495,-515792.7283,-437156.6606,-453958.8788
3027000,2370.3512,14244.3044,62529.2496,-517151.2181,-438007.3129,-454621.9685
3028000,2384.7495,14305.9603,62364.0833,-516322.9244,-437268.1313,-453958.8411
3029000,2382.0289,14279.9557,62023.0255,-516028.4043,-437343.3942,-454005.3788
3030000,2368.3804,14197.7973,61695.14,-515822.8093,-437561.4916,-454127.6693
3031000,2363.6139,14284.8011,62493.4057,-516556.3022,-437414.4815,-454062.8965
3032000,2316.7728,14279.6096,62287.4808,-516302.4253,-437418.5621,-454014.9445
3033000,2365.916,14258.4433,61745.7035,-515987.2925,-437617.22969999997,-454241.589
3034000,2385.5155,14275.161,62060.8083,-516785.6779,-438064.19310000003,-454724.86960000003
3035000,2399.9787,14288.3769,61894.864,-515520.1224,-436936.9028,-453625.2584
3036000,2378.9634,14369.3291,62433.09,-517105.3453,-437923.9628,-454672.25529999996
3037000,2434.0292,14322.8356,62384.8253,-516625.1464,-437483.4563,-454240.32110000006
3038000,2366.6769,14339.7529,62006.275,-515706.1754,-436993.4706,-453699.9004
3039000,2401.4406,14331.7367,61747.5828,-516156.2989,-437675.5388,-454408.7161
3040000,2412.1894,14316.3558,61846.754,-515726.4901,-437151.1909,-453879.7361
3041000,2360.9707,14291.7629,62151.4958,-516317.8632,-437513.6338,-454166.36740000005
3042000,2363.007,14268.8559,61364.5793,-515355.8022,-437359.36,-453991.2229
3043000,2376.9349,14168.9282,61434.1103,-514648.8379,-436668.86449999997,-453214.7276
3044000,2372.7987,14233.6892,61386.074,-515043.7745,-437051.21259999997,-453657.7005
3045000,2403.0103,14239.9331,62277.6736,-516625.9023,-437705.2853,-454348.22870000004
3046000,2389.3082,14289.49,61510.5113,-515451.4025,-437262.093,-453940.8912
3047000,2378.0781,14304.2911,61628.291,-516122.6243,-437811.96410000004,-454494.33330000006
3048000,2406.3662,14283.1451,61880.2265,-515615.1818,-437045.444,-453734.95530000003
3049000,2370.6791,14280.792,61397.9448,-515309.5749,-437260.159,-453911.6301
3050000,2389.635,14259.3115,61596.7875,-515771.4545,-437525.7205,-454174.667
3051000,2358.5961,14263.2271,62054.4595,-515515.6726,-436839.3899,-453461.2131
3052000,2383.9725,14272.796,61889.8694,-516062.8104,-437516.1725,-454172.941
3053000,2385.067,14283.3472,61750.6259,-515589.2348,-437170.1947,-453838.6089
3054000,2403.7089,14264.2776,61954.6717,-515854.4151,-437231.7569,-453899.7434
3055000,2390.4027,14254.3507,62718.5913,-516512.0466,-437148.7019,-453793.45530000003
3056000,2353.0767,14203.2544,61928.0541,-515392.5746,-436908.1894,-453464.5205
3057000,2383.2856,14244.0826,62361.1718,-515591.3376,-436602.79760000005,-453230.1658
3058000,2349.6949,14211.6011,61840.3649,-515686.7498,-437285.0889,-453846.3849
3059000,2391.5347,14251.9419,61869.0477,-516526.2344,-438013.7101,-454657.1867
3060000,2383.7749,14228.0604,61855.9504,-515795.9209,-437328.1352,-453939.97050000005
3061000,2405.4852,14312.5481,62025.5518,-516543.6032,-437800.0181,-454518.0514
3062000,2373.2464,14238.0474,61506.0699,-515479.413,-437362.0493,-453973.3431
3063000,2352.1322,14290.6751,61597.9879,-515654.3648,-437413.5696,-454056.3769
3064000,2400.9732,14265.3094,61503.3991,-515951.4174,-437781.73569999996,-454448.0183
3065000,2395.2752,14321.1014,62135.9198,-516272.3945,-437420.0981,-454136.4747
3066000,2382.146,14305.6156,62672.2367,-516556.2783,-437196.28,-453884.0416
3067000,2382.0916,14236.0348,61950.1464,-516187.9668,-437619.694,-454237.82039999997
3068000,2396.6899,14250.8004,62020.7601,-515798.8836,-437130.6332,-453778.1235
3069000,2359.5228,14304.5386,61939.8211,-515792.596,-437188.7135,-453852.7749
3070000,2408.2523,14225.5273,61012.6208,-514647.706,-437001.3056,-453635.08520000003
3071000,2380.5796,14267.2099,61626.3606,-515842.9025,-437568.7524,-454216.5419
3072000,2372.3456,14302.0429,62020.8408,-516674.4131,-437979.1838,-454653.5723
3073000,2375.6027,14232.784,62007.8158,-515713.2272,-437097.0247,-453705.41140000004
3074000,2400.1568,14300.3364,62147.7923,-516265.1888,-437416.9033,-454117.39650000003
3075000,2417.416,14405.3285,62191.6004,-516429.5113,-437415.1664,-454237.9109
3076000,2382.5007,14235.8937,62533.9383,-516405.2158,-437252.8831,-453871.2775
3077000,2391.5505,14298.5428,61958.304,-516027.4479,-437379.0506,-454069.1439
3078000,2405.3497,14218.8324,61581.9905,-515358.6935,-437152.5209,-453776.703
3079000,2379.418,14313.7419,61663.0244,-515285.6311,-436929.4468,-453622.6067
3080000,2364.4022,14220.6695,61869.9766,-515561.9331,-437106.8848,-453691.95650000003
3081000,2379.5551,14317.2923,61986.2671,-516371.8134,-437688.69889999996,-454385.5463
3082000,2378.0849,14240.3956,62523.6479,-516720.0613,-437577.9329,-454196.4134
3083000,2374.1115,14318.3277,61956.5166,-516171.5046,-437522.5488,-454214.988
3084000,2356.6309,14261.9921,62050.8081,-515756.7854,-437087.3543,-453705.97729999997
3085000,2375.3977,14322.4886,61680.5629,-515571.474,-437193.0248,-453890.91109999997
3086000,2388.9416,14265.2445,62131.145,-515986.2304,-437200.8993,-453855.0854
3087000,2381.5492,14187.9261,61997.0228,-515535.1591,-436968.66099999996,-453538.1363
3088000,2369.6407,14232.5263,62227.5518,-516935.5227,-438105.80389999994,-454707.97089999996
3089000,2413.5551,14238.0192,62062.1208,-515815.3244,-437101.6293,-453753.2036
3090000,2366.0348,14290.6157,62467.0634,-516867.9869,-437744.27300000004,-454400.92350000003
3091000,2421.2495,14217.2255,61518.2104,-514873.3621,-436716.6767,-453355.15170000005
3092000,2363.0143,14189.2004,61912.4125,-515556.8165,-437092.1893,-453644.40400000004
3093000,2363.1826,14160.0952,62419.1827,-516764.5236,-437822.0631,-454345.3409
3094000,2372.1322,14232.4911,62646.747,-516709.1513,-437457.781,-454062.40430000005
3095000,2363.8224,14234.3691,62611.6979,-516835.799,-437625.9096,-454224.10109999997
3096000,2409.854,14290.3959,62171.6201,-516535.2578,-437663.3878,-454363.6377
3097000,2398.2353,14339.2727,61759.1167,-516294.1813,-437797.5566,-454535.0646
3098000,2387.1013,14263.1255,62217.2594,-516691.9856,-437824.49940000003,-454474.72620000003
3099000,2378.208,14313.1053,61807.2257,-515953.0493,-437454.5103,-454145.8236
3100000,2376.768,14297.2462,61444.6503,-515972.904,-437854.23949999997,-454528.2537
3101000,2387.7157,14307.0596,62064.3577,-516270.4935,-437511.36049999995,-454206.1358
3102000,2404.8696,14217.5847,62352.7947,-516540.6595,-437565.4105,-454187.8648
3103000,2361.4574,14332.4529,61878.9835,-515463.8377,-436890.94389999995,-453584.85419999994
3104000,2374.4113,14259.7743,61553.3404,-515601.9937,-437414.4677,-454048.6533
3105000,2347.7408,14303.4051,61994.9301,-516656.3006,-438010.2246,-454661.3705
3106000,2381.0949,14156.9929,62033.6169,-516522.2785,-437950.5738,-454488.6616
3107000,2379.6323,14303.5588,61295.098,-514738.2934,-436760.00430000003,-453443.1954
3108000,2379.9231,14311.5309,61659.3077,-515652.4069,-437301.6452,-453993.0992
3109000,2357.6532,14183.0763,61388.4369,-514809.5473,-436880.3809,-453421.1104
3110000,2403.6646,14395.6149,61628.9684,-515198.9799,-436770.73199999996,-453570.01149999996
3111000,2389.1806,14366.7878,61779.7462,-515824.3231,-437288.6085,-454044.5769
3112000,2395.0242,14290.4242,61719.2814,-516075.1301,-437670.4003,-454355.84870000003
3113000,2397.9934,14334.1734,61983.8907,-515993.6174,-437277.5599,-454009.7267
3114000,2372.3915,14294.1626,61896.3616,-516100.6681,-437537.7524,-454204.3065
3115000,2374.7438,14320.9616,62263.6423,-516300.685,-437341.3373,-454037.0427
3116000,2375.166,14230.7153,62186.7333,-516201.7495,-437409.13489999995,-454015.01619999995
3117000,2404.18,14321.1452,61843.7294,-516055.6544,-437486.59979999997,-454211.925
3118000,2376.2372,14250.9887,62221.6221,-516979.8704,-438131.0224,-454758.24830000004
3119000,2402.8453,14266.4005,61562.8559,-515307.9564,-437075.8547,-453745.1005
3120000,2350.8684,14307.1244,61743.5245,-515995.1977,-437593.6804,-454251.6732
3121000,2383.186,14227.6004,61645.5754,-515778.0104,-437521.6486,-454132.43500000006
3122000,2379.2278,14448.3121,62068.3167,-515604.6377,-436708.7811,-453536.321
3123000,2401.1819,14248.9009,61436.6867,-514781.8816,-436695.1121,-453345.1949
3124000,2354.6066,14256.6532,61964.7277,-515876.5938,-437300.6063,-453911.8661
3125000,2379.8376,14269.4061,62443.2514,-516375.6796,-437283.1845,-453932.42819999997
3126000,2351.5868,14261.6645,61108.2135,-514870.632,-437149.16719999997,-453762.41849999997
3127000,2405.1326,14427.905,61753.8436,-515655.3826,-437068.5014,-453901.539
3128000,2411.0941,14372.2441,61956.9219,-515672.0238,-436931.7637,-453715.1019
3129000,2392.7732,14250.2928,61909.7723,-515824.1937,-437271.3554,-453914.4214
3130000,2365.2131,14273.6564,61577.0599,-515280.1176,-437064.1882,-453703.0577
3131000,2412.162,14283.6263,62224.1057,-515886.6181,-436966.7241,-453662.5124
3132000,2377.8536,14345.6014,61728.1456,-516009.2203,-437557.6197,-454281.0747
3133000,2386.2564,14377.6432,62523.4119,-516768.485,-437481.1735,-454245.0731
3134000,2398.6466,14284.0525,61969.2205,-516211.2023,-437559.2827,-454241.9818
3135000,2403.2232,14324.773,61569.0046,-515034.8687,-436737.8679,-453465.8641
3136000,2403.5144,14375.2867,62139.4093,-516421.0514,-437502.841,-454281.6421
3137000,2401.3218,14263.9457,61743.5538,-515508.9222,-437100.10089999996,-453765.3684
3138000,2386.8545,14280.2322,61377.0347,-515228.7266,-437184.6052,-453851.6919
3139000,2394.8394,14353.3246,62138.65,-515762.6633,-436875.8493,-453624.0133
3140000,2373.1567,14288.3573,62223.817,-515675.4857,-436790.1547,-453451.66870000004
3141000,2375.6166,14390.8837,62200.0905,-516400.5681,-437433.97729999997,-454200.4776
3142000,2373.1796,14296.9345,62282.7026,-516183.0647,-437230.248,-453900.36209999997
3143000,2362.5672,14364.1737,62256.8172,-516180.7631,-437197.20499999996,-453923.9459
3144000,2378.3629,14307.8824,61854.5422,-516010.1895,-437469.402,-454155.64729999995
3145000,2366.4322,14282.4358,61985.5194,-516338.3946,-437704.0072,-454352.8752
3146000,2343.9526,14247.2338,61850.5746,-515802.74,-437360.979,-453952.1654
3147000,2382.1385,14287.7416,62203.5301,-516615.0098,-437741.5996,-454411.4797
3148000,2384.9192,14272.2103,61955.8061,-516332.5798,-437719.6442,-454376.7737
3149000,2403.6168,14422.9178,61723.3073,-516439.9964,-437890.1545,-454716.6891
3150000,2357.3106,14346.8056,62333.4059,-516686.8441,-437649.322,-454353.4382
3151000,2394.1635,14221.8458,61814.0546,-516092.1413,-437662.0774,-454278.0867
3152000,2378.8449,14362.2427,62208.123,-516964.5432,-438015.3326,-454756.4202
3153000,2339.7067,14343.1489,62337.7576,-516688.3113,-437667.69810000004,-454350.5537
3154000,2380.3633,14227.2744,62833.2107,-517290.8923,-437850.0439,-454457.6816
3155000,2384.7968,14275.5909,62185.2252,-516581.0938,-437735.48089999997,-454395.8686
3156000,2375.9321,14285.0131,62018.8453,-516649.869,-437970.0785,-454631.0237
3157000,2399.5806,14377.7117,61563.1435,-515989.9509,-437649.51509999996,-454426.8074
3158000,2386.3218,14279.8185,62107.3969,-516284.9649,-437511.4277,-454177.568
3159000,2358.2038,14308.7247,62221.7325,-516832.1806,-437943.5196,-454610.44810000004
3160000,2389.2195,14257.6726,61654.9163,-516094.9037,-437793.09530000004,-454439.98740000004
3161000,2362.7873,14209.8445,61725.6393,-516069.6926,-437771.4215,-454344.0533
3162000,2365.4815,14243.1638,62459.9989,-516866.8769,-437798.2327,-454406.87799999997
3163000,2357.2671,14202.9597,61851.0146,-515928.1304,-437516.889,-454077.1158
3164000,2389.6426,14272.9778,62021.4102,-515339.5179,-436655.4873,-453318.1077
3165000,2398.3793,14307.5535,61903.1182,-515593.6478,-436984.5968,-453690.5296
3166000,2390.1618,14243.8217,61840.0253,-516493.8732,-438019.86439999996,-454653.8479
3167000,2385.14,14257.4261,61522.6831,-515462.6449,-437297.3957,-453939.9618
3168000,2404.8342,14390.7918,61750.9617,-515412.9898,-436866.40209999995,-453662.0281
3169000,2393.6295,14361.7285,62142.4172,-515888.5643,-436990.78910000005,-453746.1471
3170000,2369.7469,14315.3969,61566.7262,-515055.1447,-436803.2747,-453488.4185
3171000,2374.9568,14309.4015,62275.0624,-516869.9278,-437910.5071,-454594.8654
3172000,2365.0553,14231.6415,61844.4031,-516283.4703,-437842.3704,-454439.0672
3173000,2360.7767,14348.5861,61410.083,-516096.233,-437976.7872,-454686.15
3174000,2398.4898,14356.2501,61825.0174,-516254.6353,-437674.878,-454429.6179
3175000,2371.9048,14232.454,61400.0647,-514320.1582,-436315.73470000003,-452920.0935
3176000,2359.0897,14264.6327,62069.6723,-516173.3641,-437479.9694,-454103.69180000003
3177000,2416.2343,14297.3423,61568.8932,-516590.9603,-438308.49049999996,-455022.0671
3178000,2403.7963,14313.7649,61964.9956,-516445.5479,-437762.9911,-454480.5523
3179000,2402.7073,14351.7998,61665.6465,-516030.9976,-437610.844,-454365.35109999997
3180000,2387.2423,14331.0518,62049.4066,-516458.9025,-437691.20180000004,-454409.49590000004
3181000,2357.3141,14292.627,61983.4992,-516333.8886,-437700.4483,-454350.3894
3182000,2384.6393,14337.4455,62153.1498,-516256.8896,-437381.655,-454103.7398
3183000,2384.1103,14364.8272,61889.2565,-515840.7286,-437202.53459999996,-453951.47209999996
3184000,2357.546,14244.2419,61993.1117,-516323.4596,-437728.56,-454330.3479
3185000,2376.7195,14298.0957,62204.1402,-516184.346,-437305.39060000004,-453980.2058
3186000,2373.7353,14293.3023,61840.4413,-515520.7705,-437013.2916,-453680.3292
3187000,2352.5305,14209.2342,62084.9279,-516366.7738,-437720.0812,-454281.8459
3188000,2381.3842,14288.8048,62214.6789,-516923.0215,-438038.15359999996,-454708.3426
3189000,2423.565,14271.513,61908.9934,-515830.797,-437226.7256,-453921.80360000004
3190000,2385.1806,14265.8913,62123.5219,-515950.7329,-437176.13910000003,-453827.211
3191000,2384.4521,14293.7601,61691.5396,-515688.3259,-437318.57409999997,-453996.7863
3192000,2369.4994,14260.6031,62347.1548,-517195.1925,-438217.9352,-454848.0377
3193000,2388.4695,14337.2414,61769.5334,-516129.4988,-437634.2545,-454359.9654
3194000,2380.1757,14277.7787,61758.1551,-515633.3867,-437217.27719999995,-453875.23159999994
3195000,2413.5682,14383.4397,62257.7207,-516357.5721,-437302.84349999996,-454099.8514
3196000,2423.3663,14374.0474,62646.3422,-517268.0788,-437824.3229,-454621.7366
3197000,2374.8493,14245.5082,62200.9053,-516621.3367,-437800.07389999996,-454420.4314
3198000,2397.4603,14295.77,62416.8713,-516710.0712,-437599.9696,-454293.1999
3199000,2348.4672,14337.5202,62466.2108,-516946.8066,-437794.6084,-454480.5958
3200000,2351.6453,14331.6884,61485.2989,-515120.7226,-436952.08999999997,-453635.4237
3201000,2402.2783,14286.7802,62080.2897,-515613.7419,-436844.3937,-453533.4522
3202000,2358.3393,14347.3964,61829.9594,-516050.9321,-437515.23699999996,-454220.9727
3203000,2388.7988,14359.2598,61615.3016,-515433.6009,-437070.2407,-453818.2993
3204000,2394.2967,14390.6327,61780.7934,-515847.4094,-437281.6866,-454066.616
3205000,2399.6475,14338.8347,61980.2661,-515850.0856,-437131.3373,-453869.8195
3206000,2412.7412,14320.8187,62060.5236,-515797.7074,-437003.6239,-453737.1838
3207000,2355.6892,14276.8716,62051.712,-516026.403,-437342.1302,-453974.691
3208000,2394.64,14311.13,61936.4267,-515774.2144,-437132.01769999997,-453837.7877
3209000,2391.2974,14240.0184,61790.7012,-516398.5603,-437976.5433,-454607.8591
3210000,2382.7498,14356.1468,62482.2654,-516837.3937,-437616.2317,-454355.12830000004
3211000,2359.8201,14213.9167,61773.9704,-515510.9829,-437163.2757,-453737.0125
3212000,2351.8279,14258.5654,61635.1228,-515553.8414,-437308.32529999997,-453918.71859999996
3213000,2364.0254,14279.4619,61828.6799,-516451.2528,-437979.0856,-454622.5729
3214000,2341.4575,14273.9065,61708.9494,-516439.3445,-438115.0311,-454730.3951
3215000,2362.3756,14304.4473,61553.4029,-515642.0372,-437421.8114,-454088.63430000003
3216000,2335.1427,14323.004,62334.3631,-516545.3486,-437552.8388,-454210.9855
3217000,2401.1304,14239.446,61952.4609,-515754.1793,-437161.142,-453801.7184
3218000,2424.1544,14361.3611,62369.0668,-516978.0128,-437823.4305,-454608.946
3219000,2365.8585,14339.9781,62267.4785,-516437.146,-437463.8309,-454169.6675
3220000,2360.6665,14185.1731,62123.8637,-516194.8411,-437525.1378,-454070.97740000003
3221000,2388.4539,14186.4994,62011.9897,-516437.6966,-437850.75360000005,-454425.70690000005
3222000,2432.3904,14244.7832,62216.1226,-516563.6709,-437670.37470000004,-454347.5483
3223000,2409.4023,14322.6416,61975.3849,-515990.1421,-437282.7133,-454014.7572
3224000,2391.9468,14291.8271,62362.4461,-516634.2985,-437588.07849999995,-454271.8524
3225000,2414.92,14308.2402,62423.3973,-516886.6657,-437740.1082,-454463.2684
3226000,2414.506,14262.4499,62037.1312,-516433.0776,-437718.9905,-454395.9464
3227000,2322.5861,14238.0925,61329.3304,-515065.6915,-437175.6825,-453736.36110000004
3228000,2386.4997,14251.2555,62375.1885,-516560.2297,-437547.286,-454185.04120000004
3229000,2375.6264,14228.1646,62319.6165,-516827.2868,-437903.87930000003,-454507.6703
3230000,2365.1526,14277.69,61890.475,-516497.8207,-437964.5031,-454607.3457
3231000,2344.8715,14232.0988,62551.5444,-517275.4038,-438146.8891,-454723.85939999996
3232000,2385.9155,14164.9281,62320.853,-517212.9361,-438341.2395,-454892.0831
3233000,2359.3607,14223.0378,62081.6255,-516954.1786,-438290.1546,-454872.55309999996
3234000,2421.7194,14226.2422,61887.8281,-515377.4657,-436841.676,-453489.6376
3235000,2392.8012,14267.0118,61836.8945,-515657.2304,-437160.5229,-453820.3359
3236000,2405.1167,14295.2215,61762.2945,-516209.2467,-437746.614,-454446.9522
3237000,2370.7067,14164.9677,61926.5674,-515635.0089,-437172.7671,-453708.4415
3238000,2410.2853,14316.3301,62460.0887,-516794.7225,-437608.01839999994,-454334.63379999995
3239000,2401.1081,14338.4673,61834.8563,-515827.4695,-437253.0378,-453992.6132
3240000,2412.5695,14326.8349,61956.1283,-516459.2721,-437763.7394,-454503.1438
3241000,2356.5373,14234.0101,61876.6513,-516430.1688,-437962.9701,-454553.51749999996
3242000,2341.5103,14205.1457,62260.6742,-516183.8811,-437376.55090000003,-453923.2069
3243000,2380.2531,14280.0734,61494.5008,-515974.1692,-437819.3419,-454479.6684
3244000,2334.6215,14305.7313,61646.4076,-515483.7376,-437196.97719999996,-453837.33
3245000,2413.5292,14379.0461,62161.5166,-516569.3191,-437615.2272,-454407.8025
3246000,2363.6383,14280.1036,62095.2127,-516284.2803,-437545.3257,-454189.0676
3247000,2403.1053,14256.5466,62442.762,-516965.6751,-437863.2612,-454522.9131
3248000,2399.3445,14350.9168,61828.2366,-515864.8534,-437286.3555,-454036.6168
3249000,2442.2703,14357.62,61775.5482,-515875.9242,-437300.4857,-454100.376
3250000,2367.0966,14351.3499,62165.9414,-516062.8711,-437178.4832,-453896.9297
3251000,2377.095,14213.8786,61845.0202,-515315.1605,-436879.1667,-453470.14029999997
3252000,2375.4174,14231.0146,61846.0027,-515973.1393,-437520.7046,-454127.13659999997
3253000,2388.038,14303.5933,62069.5045,-516393.6726,-437632.5368,-454324.1681
3254000,2381.6404,14359.2146,62006.6817,-517346.5079,-438598.9712,-455339.8262
3255000,2372.0838,14276.8102,61530.8187,-515442.4703,-437262.7576,-453911.6516
3256000,2368.0122,14386.9419,61560.3307,-515831.4989,-437516.2141,-454271.1682
3257000,2376.6628,14360.314,61586.5674,-515776.7223,-437453.1781,-454190.1549
3258000,2352.5812,14264.7363,62401.105,-517115.8534,-438097.43090000004,-454714.74840000004
3259000,2358.7287,14360.1681,62140.6241,-516320.3602,-437460.8393,-454179.7361
3260000,2410.9228,14330.1225,62233.0648,-516618.8429,-437644.7328,-454385.7781
3261000,2406.3135,14383.7939,61686.8681,-515156.0641,-436679.0886,-453469.196
3262000,2345.0556,14470.7299,61848.868,-515984.2168,-437319.5633,-454135.3488
3263000,2407.3222,14201.3735,62019.1576,-515974.6918,-437346.83849999995,-453955.5342
3264000,2375.7976,14359.443,61828.3574,-516435.9692,-437872.3712,-454607.6118
3265000,2408.3908,14342.9206,61706.279,-515600.7517,-437143.16130000004,-453894.47270000004
3266000,2377.5248,14411.4773,62063.3312,-516499.7593,-437647.426,-454436.42809999996
3267000,2388.652,14382.2145,62391.0346,-516682.145,-437520.2439,-454291.1104
3268000,2360.6966,14320.8787,62236.5552,-516187.7231,-437269.5926,-453951.1679
3269000,2411.072,14369.9016,61985.7691,-516387.3285,-437620.5858,-454401.5594
3270000,2398.1207,14311.9969,61741.6509,-515780.7575,-437328.989,-454039.1066
3271000,2369.4445,14243.8344,62029.9865,-516129.9661,-437486.70070000004,-454099.9796
3272000,2377.2596,14278.267,62376.8213,-515981.0355,-436948.6876,-453604.2142
3273000,2394.1548,14366.8657,61718.3732,-515631.355,-437151.96129999997,-453912.98179999995
3274000,2401.5273,14287.5394,61783.0639,-515983.3276,-437511.19700000004,-454200.2637
3275000,2354.9993,14247.4941,62210.1125,-517078.8341,-438266.2282,-454868.7216
3276000,2429.7028,14334.6543,62687.0414,-517305.2205,-437853.822,-454618.1791
3277000,2366.0316,14167.5083,62653.2558,-517035.3897,-437848.594,-454382.1339
3278000,2366.843,14273.6708,61867.1572,-516068.8195,-437561.1485,-454201.66229999997
3279000,2358.4655,14299.8228,62145.4057,-516841.0732,-438037.37919999997,-454695.6675
3280000,2377.851,14324.7921,62316.152,-516533.3924,-437514.5973,-454217.2404
3281000,2395.3198,14371.6881,61668.2654,-515585.1195,-437149.84619999997,-453916.8541
3282000,2413.247,14228.0834,62233.0331,-516526.4474,-437652.08389999997,-454293.4143
3283000,2355.0494,14249.782,61840.0064,-515736.9367,-437292.09890000004,-453896.9303
3284000,2397.9121,14266.1569,61780.948,-515874.8515,-437429.8345,-454093.9035
3285000,2372.6427,14199.7731,62079.8381,-516762.719,-438110.4651,-454682.8809
3286000,2384.292,14178.0188,61881.8813,-516368.4,-437924.20790000004,-454486.5187
3287000,2381.2916,14217.8181,61776.7153,-516373.4746,-437997.6496,-454596.75930000003
3288000,2398.6704,14263.0215,61805.0529,-515442.0349,-436975.29010000004,-453636.982
3289000,2411.4876,14281.1311,62287.0818,-516734.3366,-437754.6361,-454447.2548
3290000,2389.146,14191.1404,61746.9234,-515449.3132,-437122.10339999996,-453702.3898
3291000,2402.2569,14304.0981,62051.0528,-515800.3129,-437042.90510000003,-453749.2601
3292000,2396.6991,14345.7412,61874.6063,-516177.9986,-437560.952,-454303.3923
3293000,2414.1669,14307.0726,61517.7357,-515885.511,-437646.5358,-454367.7753
3294000,2402.2676,14246.2666,62388.8074,-516693.5012,-437656.1596,-454304.6938
3295000,2415.8306,14309.8138,61792.7642,-515926.919,-437408.5104,-454134.1548
3296000,2416.1029,14385.7897,61603.8399,-515343.8574,-436938.1249,-453740.01749999996
3297000,2395.3796,14400.1814,61943.4767,-516377.2097,-437638.172,-454433.733
3298000,2371.1162,14361.7404,62275.6363,-516534.6317,-437526.1388,-454258.9954
3299000,2403.3355,14355.4958,62054.171,-516800.5275,-437987.52520000003,-454746.3565
3300000,2369.3575,14270.2611,62119.5763,-516790.5687,-438031.3738,-454670.9924
3301000,2393.7072,14346.8304,61693.2283,-515422.5186,-436988.7527,-453729.2903
3302000,2359.4744,14298.1205,61970.9622,-516054.8616,-437426.30449999997,-454083.8994
3303000,2385.2282,14378.3195,61899.3038,-515987.6183,-437324.7668,-454088.3145
3304000,2414.6692,14379.0919,61332.0499,-515028.8114,-436903.0004,-453696.7615
3305000,2360.6959,14378.1684,61772.4191,-516225.2396,-437713.95619999996,-454452.8205
3306000,2366.4888,14347.4295,61374.6817,-515628.2916,-437539.6916,-454253.6099
3307000,2416.4568,14321.22,62056.1172,-516024.3224,-437230.5284,-453968.2052
3308000,2399.1602,14342.8021,61851.7042,-516375.6036,-437781.9371,-454523.8994
3309000,2364.1266,14212.8686,62079.3746,-516330.9009,-437674.5311,-454251.5263
3310000,2334.8723,14353.9788,61626.4516,-515713.7264,-437398.4237,-454087.2748
3311000,2423.7855,14317.4062,61537.6538,-515275.6143,-436996.7688,-453737.96050000004
3312000,2373.0168,14382.1134,61819.5943,-515945.9623,-437371.2378,-454126.368
3313000,2366.6881,14272.2754,62239.0917,-516871.4995,-437993.4443,-454632.4078
3314000,2399.1994,14306.012,61368.7125,-516069.6442,-437995.7203,-454700.93169999996
3315000,2369.0327,14295.6972,61607.1709,-515626.7378,-437354.837,-454019.5669
3316000,2395.7686,14348.3059,61555.3136,-515976.1127,-437676.7246,-454420.7991
3317000,2390.0355,14310.9375,62356.1944,-516265.2813,-437208.1139,-453909.0869
3318000,2354.2254,14267.2572,62260.7764,-516433.7981,-437551.5391,-454173.02170000004
3319000,2376.9094,14229.5662,61456.9009,-515015.8309,-436952.4544,-453558.93
3320000,2399.822,14292.0216,62128.3926,-516233.0359,-437412.79970000003,-454104.6433
3321000,2363.3369,14324.3042,61561.6988,-515691.035,-437441.6951,-454129.33619999996
3322000,2350.9262,14269.019,61881.9559,-515601.5164,-437099.6153,-453719.5605
3323000,2379.3441,14277.5522,61912.8389,-515583.9498,-437014.2146,-453671.11089999997
3324000,2395.7634,14264.8145,61679.8187,-515982.7259,-437642.3293,-454302.9072
3325000,2378.2242,14277.2071,62110.0481,-515852.8522,-437087.3728,-453742.8041
3326000,2409.5305,14422.3895,62032.7615,-516204.9783,-437340.2968,-454172.2168
3327000,2365.454,14373.4473,62109.7849,-516250.9688,-437402.2826,-454141.18389999995
3328000,2392.0001,14362.0374,62065.9757,-516329.3838,-437509.3706,-454263.4081
3329000,2397.4997,14340.0585,61989.9223,-516093.7223,-437366.2418,-454103.80000000005
3330000,2400.7605,14497.6094,61792.3498,-516112.3279,-437421.60819999996,-454319.97809999995
3331000,2345.4046,14318.6081,61755.4439,-515276.7879,-436857.33129999996,-453521.344
3332000,2369.8837,14268.2875,61740.9575,-515780.1036,-437400.9749,-454039.14609999995
3333000,2407.971,14324.603,61771.5282,-516176.7611,-437672.65890000004,-454405.2329
3334000,2392.7995,14302.3574,62336.0271,-516629.9794,-437598.7954,-454293.9523
3335000,2359.3788,14263.1623,62276.2469,-516688.0637,-437789.2757,-454411.81680000003
3336000,2373.6827,14311.4559,61488.5767,-515578.7709,-437405.0556,-454090.1942
3337000,2401.2983,14401.6541,61810.7847,-515741.6679,-437127.9308,-453930.8832
3338000,2346.1159,14341.1265,62232.7963,-516243.3915,-437323.3528,-454010.59520000004
3339000,2384.977,14414.7516,62136.4102,-516187.3324,-437251.1936,-454050.92220000003
3340000,2399.3949,14319.341,61802.238,-515333.16,-436812.1861,-453530.92199999996
3341000,2373.4841,14345.3774,62029.9405,-516229.2398,-437480.43779999996,-454199.29929999996
3342000,2396.4601,14321.2048,61955.5867,-516392.3128,-437719.0612,-454436.7261
3343000,2389.7358,14342.1214,61260.0049,-515084.5613,-437092.69920000003,-453824.5564
3344000,2359.2554,14349.44,61998.5629,-516200.6509,-437493.3926,-454202.088
3345000,2404.5522,14409.7518,61300.1613,-515228.8435,-437114.37820000004,-453928.68220000004
3346000,2359.1979,14402.106,61936.0004,-516708.1986,-438010.89430000004,-454772.1982
3347000,2391.4068,14320.7758,62141.0465,-516883.7259,-438030.4968,-454742.6794
3348000,2402.3236,14450.406,62279.3584,-517242.4807,-438110.3927,-454963.12230000005
3349000,2348.5048,14273.7684,62627.3594,-517777.1927,-438527.5601,-455149.8333
3350000,2363.4769,14237.2593,62554.3487,-517008.3529,-437853.268,-454454.00419999997
3351000,2371.2661,14440.7684,61660.3907,-516088.3307,-437615.9055,-454427.94
3352000,2355.5618,14379.9855,62402.4192,-517032.7901,-437894.8236,-454630.3709
3353000,2357.0619,14224.0568,62053.453,-516631.4501,-437996.87840000005,-454577.99710000004
3354000,2391.3724,14302.2676,62032.4265,-516519.9545,-437793.888,-454487.528
3355000,2377.593,14326.9675,62013.6781,-516478.5323,-437760.29370000004,-454464.8542
3356000,2351.9123,14153.8144,61803.5905,-516051.3223,-437742.0051,-454247.7318
3357000,2349.4524,14459.1524,62004.7906,-516039.9617,-437226.56629999995,-454035.1711
3358000,2378.7935,14365.2075,61786.4729,-515701.4209,-437170.94700000004,-453914.94800000003
3359000,2376.4373,14258.2659,62037.1046,-516585.1315,-437913.3237,-454548.0269
3360000,2375.6576,14323.52,62018.6103,-516358.974,-437641.1861,-454340.3637
3361000,2353.177,14330.7399,62227.1628,-516926.4791,-438015.3994,-454699.3163
3362000,2404.4524,14258.8601,62030.5259,-516184.7507,-437490.91229999997,-454154.22479999997
3363000,2391.0355,14406.655,61926.2952,-516171.9109,-437447.9252,-454245.6157
3364000,2387.7062,14373.8859,61543.8471,-515385.4654,-437080.02619999996,-453841.6183
3365000,2392.4695,14372.7205,62358.5885,-516718.1335,-437594.355,-454359.545
3366000,2346.5253,14387.3624,61915.3206,-516347.2441,-437698.0358,-454431.92350000003
3367000,2397.2004,14263.2125,61672.9054,-515941.8262,-437608.5079,-454268.9208
3368000,2373.1309,14370.6008,61901.6168,-516152.6146,-437507.26609999995,-454250.99779999995
3369000,2351.9972,14336.4102,61630.577,-515831.6834,-437512.69899999996,-454201.1064
3370000,2399.5011,14336.968,61632.6403,-515753.7187,-437384.6093,-454121.0784
3371000,2379.8953,14363.9751,62119.4857,-516371.6344,-437508.2783,-454252.14869999996
3372000,2396.6854,14407.9909,61916.1445,-517070.6232,-438349.8024,-455154.4787
3373000,2421.8652,14397.6096,61849.0441,-516082.2389,-437413.72,-454233.1948
3374000,2395.1052,14363.3449,62040.0123,-517094.9268,-438296.4644,-455054.9145
3375000,2383.0187,14314.627,61617.7352,-515670.4335,-437355.0526,-454052.6983
3376000,2406.5743,14358.7846,61561.5823,-515690.9738,-437364.0326,-454129.39149999997
3377000,2361.8816,14387.1064,61261.7455,-515732.9335,-437722.19999999995,-454471.18799999997
3378000,2391.5999,14232.7604,61806.4527,-516025.7622,-437594.94920000003,-454219.3095
3379000,2382.0164,14405.5821,61950.976,-516097.2278,-437358.6533,-454146.25179999997
3380000,2388.5174,14484.5737,62063.9618,-516714.6739,-437777.621,-454650.7121
3381000,2400.998,14371.6608,61437.1924,-515599.2209,-437389.36970000004,-454162.0285
3382000,2354.1978,14276.0263,62017.1484,-515961.7497,-437314.3772,-453944.6013
3383000,2362.6363,14368.9042,61516.1339,-515143.7308,-436896.0564,-453627.5969
3384000,2363.0011,14356.3907,62414.3409,-516461.5645,-437327.8318,-454047.22359999997
3385000,2398.7552,14362.486,61764.3103,-515920.6871,-437395.1356,-454156.37679999997
3386000,2358.1411,14306.8723,62044.4325,-516070.8648,-437361.4189,-454026.4323
3387000,2421.144,14302.799,61993.7609,-516885.4934,-438167.78949999996,-454891.7325
3388000,2385.2848,14352.1719,61958.3308,-516173.7787,-437477.99120000005,-454215.4479
3389000,2375.3526,14328.4549,62046.483,-516654.7604,-437904.4699,-454608.2774
3390000,2423.9622,14290.6414,62137.0653,-516610.7845,-437759.1156,-454473.7192
3391000,2404.4438,14379.2807,62029.3365,-515922.0994,-437109.0384,-453892.76290000003
3392000,2433.2183,14349.573,61967.7405,-515703.6244,-436953.0926,-453735.88389999996
3393000,2367.7656,14296.1318,61885.5078,-516155.1138,-437605.7086,-454269.60599999997
3394000,2401.3178,14337.5621,61902.6732,-515809.7486,-437168.19550000003,-453907.0754
3395000,2364.945,14413.7013,61791.7218,-516412.5227,-437842.1546,-454620.8009
3396000,2368.0592,14289.4562,62301.1632,-516219.2967,-437260.6181,-453918.1335
3397000,2358.7503,14371.2321,61808.9654,-516022.6224,-437483.6746,-454213.657
3398000,2344.7929,14319.6476,61773.8921,-515733.3708,-437295.03819999995,-453959.4787
3399000,2387.6542,14366.5115,62310.5198,-516522.666,-437457.9805,-454212.1462
3400000,2388.804,14202.0907,61615.6794,-515374.6056,-437168.03150000004,-453758.9262
3401000,2384.1274,14312.846,61718.2171,-515342.2052,-436927.01470000006,-453623.9881
3402000,2373.69,14260.0765,61752.449,-515673.3955,-437287.18,-453920.94649999996
3403000,2364.6159,14373.1537,62221.2555,-516915.2837,-437956.25860000006,-454694.02820000006
3404000,2389.8777,14276.7307,61912.7655,-515666.2958,-437086.9219,-453753.53030000004
3405000,2367.8967,14304.6443,60959.0074,-514712.2908,-437080.7424,-453753.2834
3406000,2349.7897,14278.3899,61758.9449,-515652.9024,-437265.7779,-453893.9575
3407000,2356.6465,14235.182,61537.1897,-515164.0448,-437035.0266,-453626.8551
3408000,2398.5879,14420.3805,61669.8651,-515971.7072,-437482.8737,-454301.8421
3409000,2389.4505,14349.5302,62383.4015,-515888.3353,-436765.9531,-453504.9338
3410000,2364.3878,14332.8628,61797.1863,-515635.5808,-437141.1439,-453838.3945
3411000,2400.6901,14351.0504,62326.0247,-516616.7636,-437538.99840000004,-454290.7389
3412000,2346.1096,14328.1255,61833.9373,-516148.4038,-437640.2314,-454314.4665
3413000,2365.1785,14272.2444,61925.9575,-515858.2844,-437294.904,-453932.3269
3414000,2372.7815,14480.8947,62184.4422,-516674.5229,-437636.40449999995,-454490.0807
3415000,2373.8067,14323.8551,61792.7188,-515865.4951,-437375.1145,-454072.7763
3416000,2399.0939,14358.8111,61571.1033,-515290.1557,-436961.1474,-453719.0524
3417000,2389.6307,14338.0968,62216.3605,-515948.16,-437004.072,-453731.79949999996
3418000,2362.4445,14189.2538,61704.9175,-516053.2373,-437796.6215,-454348.3198
3419000,2388.4423,14269.2106,62171.232,-516314.3367,-437485.4518,-454143.10469999997
3420000,2391.258,14339.2935,62589.7782,-516933.479,-437613.1493,-454343.7008
3421000,2386.8969,14382.3505,62388.9264,-516820.7843,-437662.6105,-454431.8579
3422000,2398.0606,14344.2981,62007.8691,-516263.3075,-437513.0797,-454255.4384
3423000,2398.1517,14376.9947,62180.7045,-516624.598,-437668.74710000004,-454443.8935
3424000,2398.2419,14364.2042,61431.8442,-515813.3231,-437619.0328,-454381.4789
3425000,2365.1493,14297.0497,61709.5916,-515684.0293,-437312.2387,-453974.4377
3426000,2371.9565,14224.143,61860.176,-515565.2666,-437108.9911,-453705.0906
3427000,2358.4554,14235.1656,61966.3271,-516582.9976,-438023.04949999996,-454616.6705
3428000,2369.3517,14278.0809,61755.876,-516062.0935,-437658.7849,-454306.2175
3429000,2367.8326,14363.8752,62291.7796,-516818.0062,-437794.5188,-454526.2266
3430000,2357.2667,14253.5011,61764.3042,-515834.1365,-437459.06450000004,-454069.8323
3431000,2376.7566,14298.7498,62269.1501,-516570.1026,-437625.4461,-454300.9525
3432000,2376.7886,14263.4888,62123.2551,-516135.7058,-437372.1733,-454012.4507
3433000,2377.8565,14341.5489,61784.656,-515967.0301,-437462.96869999997,-454182.37409999996
3434000,2376.9095,14334.9092,61629.463,-515476.4676,-437135.1859,-453847.0046
3435000,2377.8006,14335.7854,61847.7586,-516482.0456,-437920.701,-454634.287
3436000,2399.3141,14403.7599,62680.7581,-517542.9934,-438059.1613,-454862.2353
3437000,2376.1451,14360.304,62277.5972,-517030.1319,-438016.0856,-454752.53469999996
3438000,2417.088,14329.9834,62017.4727,-516238.0018,-437473.4577,-454220.52910000004
3439000,2387.3534,14320.2113,62559.1857,-517371.9327,-438105.1823,-454812.747
3440000,2380.8465,14377.4766,62330.6445,-516724.2809,-437635.31330000004,-454393.6364
3441000,2434.1447,14386.5481,62264.6091,-516809.0074,-437723.7055,-454544.3983
3442000,2356.6261,14424.9151,62383.5525,-517051.5433,-437886.44960000005,-454667.9908
3443000,2387.3448,14311.2361,61749.4512,-516238.688,-437790.6559,-454489.2368
3444000,2403.2394,14355.0023,62021.0034,-516351.9836,-437572.7385,-454330.9802
3445000,2405.2743,14390.5248,62612.9657,-517641.872,-438233.10719999997,-455028.9063
3446000,2380.6443,14455.3936,62749.0273,-517635.6149,-438050.5497,-454886.58759999997
3447000,2370.6694,14310.9568,61835.8373,-516492.7722,-437975.3087,-454656.9349
3448000,2363.8199,14370.8638,62335.2736,-517567.9046,-438497.9473,-455232.631
3449000,2367.1663,14334.5446,62354.7415,-516486.5448,-437430.09239999996,-454131.80329999997
3450000,2417.2221,14395.6102,61890.2867,-516575.0717,-437871.95269999997,-454684.785
3451000,2407.7791,14338.9053,62016.283,-516188.7777,-437425.81029999995,-454172.4947
3452000,2336.3525,14395.405,61708.5429,-516143.2028,-437702.9024,-454434.6599
3453000,2353.5219,14345.3951,61581.0724,-515858.5017,-437578.51230000006,-454277.4293
3454000,2375.5742,14378.4762,62308.5715,-516631.8406,-437569.21869999997,-454323.2691
3455000,2365.398,14322.1025,61972.1575,-516617.3117,-437957.6537,-454645.1542
3456000,2361.6325,14308.9471,62038.7861,-516300.7405,-437591.3748,-454261.95440000005
3457000,2400.2913,14390.6086,61814.3397,-515868.6716,-437263.43200000003,-454054.3319
3458000,2383.3322,14408.3951,62246.8055,-516880.9082,-437842.3754,-454634.1027
3459000,2381.3962,14283.5349,62216.9922,-516815.2716,-437933.34829999995,-454598.2794
3460000,2355.9358,14300.5508,62279.4664,-516672.5488,-437736.5958,-454393.0824
3461000,2354.3498,14371.4627,61636.3472,-515489.8042,-437127.64450000005,-453853.457
3462000,2370.8967,14332.0638,62138.1456,-515905.2378,-437064.1317,-453767.0922
3463000,2352.5761,14279.7361,61508.6971,-515129.8881,-436988.87879999995,-453621.191
3464000,2395.0968,14296.9374,61845.6125,-515857.5047,-437319.858,-454011.8922
3465000,2375.9866,14324.5438,62740.9659,-517335.1084,-437893.6121,-454594.1425
3466000,2372.8203,14258.5854,61700.4766,-515849.991,-437518.1087,-454149.5144
3467000,2406.7859,14337.9721,62223.7638,-516361.7731,-437393.2513,-454138.0093
3468000,2403.6292,14301.9117,62031.9091,-516818.0588,-438080.6088,-454786.1497
3469000,2401.9342,14242.6597,61929.8721,-516022.1921,-437447.72609999997,-454092.32
3470000,2384.5189,14361.6507,61919.9413,-516196.8198,-437530.70889999997,-454276.8785
3471000,2361.5207,14272.5927,62317.8842,-516929.7563,-437977.7587,-454611.87210000004
3472000,2362.7795,14425.0772,61718.5591,-515576.7202,-437070.30439999996,-453858.16109999997
3473000,2378.6902,14261.4175,62093.1309,-516417.7979,-437684.5593,-454324.667
3474000,2376.3345,14348.3315,62238.2683,-517119.9025,-438156.9682,-454881.63420000003
3475000,2402.6215,14356.6183,61859.7975,-516148.1937,-437529.1564,-454288.3962
3476000,2341.538,14318.6084,61946.7767,-515711.2965,-437104.3734,-453764.5198
3477000,2364.2704,14271.3997,61787.9724,-515800.3622,-437376.71969999996,-454012.3898
3478000,2432.6907,14418.3208,61318.1994,-514947.0833,-436777.8724,-453628.8839
3479000,2391.3925,14376.4142,62028.948,-515758.6236,-436961.8689,-453729.6756
3480000,2368.2516,14375.2476,62660.429,-516604.631,-437200.70279999997,-453944.202
3481000,2365.5074,14297.4759,62101.0769,-515752.9318,-436988.8716,-453651.85490000003
3482000,2374.9267,14351.5712,62111.7331,-516655.6728,-437817.44180000003,-454543.9397
3483000,2370.7201,14383.5203,61603.6866,-515697.3244,-437339.3974,-454093.63779999997
3484000,2393.6523,14397.8382,61793.2622,-516251.4917,-437666.739,-454458.2295
3485000,2403.702,14363.0767,61893.1438,-515781.8564,-437121.9339,-453888.71259999997
3486000,2388.0263,14334.7197,61819.1741,-515664.2819,-437122.3618,-453845.1078
3487000,2417.6511,14356.1303,61576.378,-515797.5504,-437447.391,-454221.17240000004
3488000,2370.2025,14400.247,61993.7162,-515886.9784,-437122.8127,-453893.2622
3489000,2355.6349,14384.5651,62190.2293,-516412.1012,-437481.67189999996,-454221.87189999997
3490000,2391.0603,14322.7946,62258.2529,-516147.1102,-437175.0024,-453888.8573
3491000,2375.8947,14437.2868,62664.7943,-517159.7509,-437681.77509999997,-454494.9566
3492000,2412.4678,14397.2533,62367.1459,-516273.5121,-437096.64509999997,-453906.3662
3493000,2352.3292,14429.0881,61772.4711,-516925.1888,-438371.3004,-455152.7177
3494000,2393.1759,14383.6745,62190.156,-515942.0991,-436975.0927,-453751.9431
3495000,2376.7198,14308.7231,62622.3917,-516917.5912,-437609.7566,-454295.19950000005
3496000,2390.7088,14468.1434,62341.0717,-517105.3498,-437905.42590000003,-454764.2781
3497000,2382.1607,14388.4235,62178.7125,-517305.3455,-438356.0488,-455126.633
3498000,2353.7533,14310.1293,61595.7634,-516181.2422,-437921.59619999997,-454585.4788
3499000,2431.4392,14439.3791,62153.7652,-516573.6611,-437549.0776,-454419.8959
3500000,2389.6746,14362.3063,61692.7621,-515936.9685,-437492.2255,-454244.2064
3501000,2379.119,14334.6783,61821.0235,-515723.1189,-437188.2981,-453902.0954
3502000,2355.415,14190.1698,62254.3098,-516788.2069,-437988.3123,-454533.8971
3503000,2391.6922,14249.2988,61623.4953,-516101.2868,-437836.8005,-454477.7915
3504000,2364.519,14308.2511,61860.1405,-516093.3561,-437560.4455,-454233.2156
3505000,2400.6883,14264.5888,61858.0485,-515664.1952,-437140.86960000003,-453806.14670000004
3506000,2379.8985,14311.4225,61310.2722,-514791.1757,-436789.5825,-453480.9035
3507000,2419.9728,14314.6599,62182.6734,-516483.1132,-437565.80710000003,-454300.43980000005
3508000,2415.875,14402.5395,61875.5848,-516305.8706,-437611.8713,-454430.2858
3509000,2397.1239,14383.2757,61944.8685,-515892.8839,-437167.6158,-453948.01540000003
3510000,2381.7613,14394.6006,62059.11,-516168.6825,-437333.2106,-454109.5725
3511000,2369.444,14453.0019,61460.3175,-515612.5011,-437329.7377,-454152.1836
3512000,2363.4874,14304.9078,62564.0805,-517182.846,-437950.3703,-454618.76550000004
3513000,2398.9117,14284.6389,62006.0347,-516207.3893,-437517.804,-454201.35459999996
3514000,2358.3783,14238.6262,61860.7497,-516230.7519,-437772.99769999995,-454370.0022
3515000,2376.6304,14334.0641,61978.2705,-516588.687,-437899.72199999995,-454610.4165
3516000,2380.1436,14281.6613,62669.6051,-517003.3196,-437671.9096,-454333.7145
3517000,2383.3216,14294.9054,61886.5426,-516425.9958,-437861.2262,-454539.4532
3518000,2376.1608,14255.2547,62163.613,-516120.1814,-437325.1529,-453956.5684
3519000,2397.4752,14251.1923,61697.1263,-515254.4528,-436908.65900000004,-453557.3265
3520000,2399.6812,14306.1856,61947.0934,-515741.0691,-437088.1089,-453793.9757
3521000,2355.4858,14365.7103,61898.321,-515970.0244,-437350.5073,-454071.7034
3522000,2350.569,14220.1834,62540.1041,-516617.1356,-437506.2791,-454077.0315
3523000,2365.3363,14267.04,62009.0307,-516296.6529,-437655.2459,-454287.6222
3524000,2371.8595,14280.0616,62302.2832,-516401.6914,-437447.4871,-454099.4082
3525000,2405.6046,14329.7975,62339.5885,-516653.5526,-437578.56200000003,-454313.9641
3526000,2392.5231,14315.7864,62057.8342,-515625.9599,-436859.8162,-453568.12570000003
3527000,2345.9887,14339.5047,62177.0309,-515783.2875,-436920.7632,-453606.25659999996
3528000,2391.7911,14316.6777,61892.0248,-515909.7756,-437309.282,-454017.7508
3529000,2377.9644,14243.6945,62653.9524,-516757.4668,-437481.8555,-454103.5144
3530000,2356.5109,14353.2421,62464.9555,-516658.9111,-437484.2026,-454193.95560000004
3531000,2383.1943,14315.8192,62170.8413,-517166.7293,-438296.87450000003,-454995.88800000004
3532000,2402.8598,14337.7945,62020.1826,-516727.4,-437966.5631,-454707.2174
3533000,2374.0153,14273.386,62202.7096,-517303.1613,-438453.05039999995,-455100.4517
3534000,2361.6976,14299.9212,62375.7434,-517079.3455,-438041.98329999996,-454703.6021
3535000,2360.5382,14319.1856,62200.2886,-516042.1272,-437162.1148,-453841.8386
3536000,2426.727,14287.8827,61354.9322,-514668.8009,-436599.25899999996,-453313.8687
3537000,2357.3044,14218.4041,61662.4044,-515541.5266,-437303.4137,-453879.1222
3538000,2397.8531,14375.4998,61848.9202,-515449.397,-436827.1239,-453600.4768
3539000,2373.4087,14186.9194,61737.65,-516267.9085,-437969.9304,-454530.2585
3540000,2414.6675,14255.3085,62194.1622,-516014.177,-437150.03880000004,-453820.0148
3541000,2382.3557,14313.3731,62380.729,-516275.353,-437198.8952,-453894.624
3542000,2373.5434,14289.8997,62182.2885,-516395.6903,-437549.9587,-454213.4018
3543000,2424.5915,14329.8892,61488.5713,-515498.8859,-437255.83389999997,-454010.3146
3544000,2338.5562,14284.4594,61949.9603,-515746.8056,-437173.8297,-453796.84530000004
3545000,2348.7572,14405.3818,62011.5268,-515524.266,-436758.6002,-453512.7392
3546000,2398.2143,14341.8093,61905.1167,-515334.3602,-436689.2199,-453429.2435
3547000,2381.5313,14345.5466,61267.2453,-514940.238,-436945.9148,-453672.9927
3548000,2378.8751,14366.6461,61568.802,-515559.0424,-437244.7192,-453990.24039999995
3549000,2396.2567,14353.7493,62233.6878,-517283.0483,-438299.3545,-455049.3605
3550000,2373.1842,14379.1095,61844.8812,-516445.7513,-437848.5764,-454600.8701
3551000,2344.8245,14193.7153,62262.691,-516690.1519,-437888.92110000004,-454427.4609
3552000,2382.7055,14280.5451,62067.7757,-516960.2663,-438229.24,-454892.4906
3553000,2349.3614,14313.5922,62495.684,-517154.9364,-437996.2988,-454659.2524
3554000,2376.0106,14375.106,62004.3085,-516691.8144,-437936.3893,-454687.5059
3555000,2383.8906,14326.521,61780.1276,-516129.6743,-437639.1351,-454349.5467
3556000,2376.2459,14230.0554,61909.9658,-515970.3119,-437454.0448,-454060.34609999997
3557000,2398.4915,14326.3185,62311.2006,-516236.492,-437200.48140000005,-453925.29140000005
3558000,2412.4363,14364.4747,61969.7039,-516349.3923,-437602.7774,-454379.6884
3559000,2359.6378,14218.8522,61649.107,-515389.253,-437161.656,-453740.146
3560000,2326.3075,14348.0345,61780.7365,-516118.7702,-437663.6917,-454338.0337
3561000,2344.655,14261.7116,61996.0684,-516008.0903,-437405.6553,-454012.0219
3562000,2373.7529,14366.5197,61469.3711,-515717.2336,-437507.58989999996,-454247.8625
3563000,2422.977,14407.4891,61658.4314,-516444.3239,-437955.4264,-454785.8925
3564000,2353.5875,14294.3963,62091.2388,-516293.6718,-437554.44920000003,-454202.433
3565000,2385.9259,14337.5338,61865.901,-516092.2762,-437502.9155,-454226.3752
3566000,2383.5341,14377.2647,62721.3476,-517188.2722,-437706.12580000004,-454466.9246
3567000,2389.8778,14267.764,61955.5152,-516091.1285,-437477.9715,-454135.61329999997
3568000,2360.0533,14282.8864,62196.3326,-516367.8165,-437528.5442,-454171.4839
3569000,2409.9489,14434.1674,62387.0731,-516521.3253,-437290.1359,-454134.25220000005
3570000,2388.1977,14309.9368,62124.6165,-516540.044,-437717.293,-454415.4275
3571000,2369.8673,14381.8559,61572.4196,-515795.6484,-437471.50560000003,-454223.2288
3572000,2387.1469,14335.988,61560.4133,-516204.3281,-437920.77989999996,-454643.91479999997
3573000,2396.5849,14289.6329,62021.6932,-516269.463,-437561.552,-454247.7698
3574000,2374.7335,14334.7469,61333.0824,-514811.1088,-436768.546,-453478.0264
3575000,2382.0226,14184.1185,61989.6759,-515942.0504,-437386.2334,-453952.37450000003
3576000,2376.8245,14395.3854,61635.3828,-515545.3053,-437137.7126,-453909.9225
3577000,2352.3415,14309.851,61811.8688,-515997.6415,-437523.5802,-454185.77270000003
3578000,2369.4758,14170.6375,61801.4216,-515470.847,-437129.3121,-453669.4254
3579000,2363.6386,14204.7524,61978.9736,-515803.9983,-437256.6337,-453825.02469999995
3580000,2432.203,14368.0299,61830.413,-516040.1958,-437409.5499,-454209.7828
3581000,2433.2916,14395.3666,61776.3818,-515734.8691,-437129.8291,-453958.48730000004
3582000,2378.1239,14308.3115,61558.9866,-515624.1374,-437378.7154,-454065.1508
3583000,2385.1009,14333.1811,62132.71,-516396.8277,-437545.83570000005,-454264.1177
3584000,2361.8358,14366.7211,62301.2564,-516749.8095,-437719.9962,-454448.55309999996
3585000,2406.5451,14346.8856,62244.1543,-516858.2168,-437860.6318,-454614.0625
3586000,2363.295,14275.6093,62659.1124,-516752.4204,-437454.4037,-454093.308
3587000,2383.9455,14337.1431,61954.5375,-516732.697,-438057.0709,-454778.1595
3588000,2393.9394,14371.0138,61851.9708,-516160.1574,-437543.2334,-454308.1866
3589000,2368.6414,14317.1211,62023.9042,-516699.7033,-437990.0366,-454675.7991
3590000,2393.2413,14446.9001,61438.9571,-515594.2543,-437315.15579999995,-454155.2972
3591000,2396.4955,14394.991,60893.8264,-515223.4081,-437538.0952,-454329.5817
3592000,2351.622,14382.5377,62055.7662,-515936.1274,-437146.20149999997,-453880.3612
3593000,2400.4234,14332.3955,61661.1775,-515549.192,-437155.1956,-453888.0145
3594000,2364.7844,14289.4092,62017.7977,-515889.0435,-437217.05220000003,-453871.24580000003
3595000,2364.5493,14278.0878,61857.4803,-516469.0565,-437968.9391,-454611.5762
3596000,2386.777,14350.2548,61558.4603,-514989.728,-436694.23589999997,-453431.2677
3597000,2433.4029,14402.664,62493.0569,-516209.8873,-436880.7635,-453716.8304
3598000,2394.4057,14255.2864,61990.4561,-515475.9877,-436835.8395,-453485.5316
3599000,2404.5859,14310.8301,62289.6759,-516946.8521,-437941.7602,-454657.1762
3600000,2402.985,14420.2467,61901.9408,-516116.1967,-437391.0242,-454214.2559
3601000,2400.2067,14375.5612,61772.5,-515863.7918,-437315.52390000003,-454091.2918
3602000,2346.451,14330.0146,62042.6542,-515935.9351,-437216.8153,-453893.2809
3603000,2380.6314,14276.9159,62092.2995,-516649.5805,-437899.7337,-454557.28099999996
3604000,2384.2554,14231.1456,62126.2322,-516448.0769,-437706.4437,-454321.8447
3605000,2366.8949,14265.4505,62224.5857,-516718.0115,-437861.08040000004,-454493.4258
3606000,2409.5289,14369.3501,61958.8398,-515972.379,-437234.66020000004,-454013.5392
3607000,2346.7604,14300.0957,61194.0453,-515451.9429,-437611.04150000005,-454257.8976
3608000,2410.4115,14358.0573,61953.6869,-515750.9342,-437028.7785,-453797.24730000005
3609000,2428.0949,14278.2716,61975.5495,-516398.981,-437717.06500000006,-454423.4315
3610000,2366.3597,14332.8616,61694.5025,-515852.2309,-437458.50710000005,-454157.7284
3611000,2372.9953,14313.0081,62164.179,-516322.8536,-437472.6712,-454158.67459999997
3612000,2429.2691,14284.8107,61350.1771,-515246.7514,-437182.49450000003,-453896.5743
3613000,2380.0104,14323.1186,61617.2636,-515550.7281,-437230.33550000004,-453933.4645
3614000,2389.7445,14421.7528,62211.5372,-516802.0364,-437779.0019,-454590.49919999996
3615000,2371.7095,14295.888,61927.4219,-516180.4842,-437585.4648,-454253.0623
3616000,2371.2873,14331.905,61886.621,-516449.3027,-437859.48939999996,-454562.6817
3617000,2347.2053,14313.8626,61751.6395,-516087.5954,-437674.888,-454335.9559
3618000,2391.4128,14351.0447,62022.7555,-516494.516,-437729.303,-454471.7605
3619000,2372.1551,14301.3967,61843.6469,-515980.5559,-437463.35719999997,-454136.909
3620000,2405.9288,14480.9662,62277.6537,-517041.3341,-437876.7854,-454763.68039999995
3621000,2390.6994,14365.4768,62157.5723,-516375.229,-437461.4805,-454217.6567
3622000,2417.4364,14411.6686,61934.2488,-516418.7135,-437655.35970000003,-454484.4647
3623000,2397.4876,14335.0905,62272.6419,-516731.8194,-437726.59939999995,-454459.1775
3624000,2408.227,14309.3166,62353.5468,-517131.6556,-438060.5652,-454778.1088
3625000,2372.7055,14311.3009,62294.7143,-516986.7702,-438008.0495,-454692.05590000004
3626000,2382.2242,14344.3521,62109.469,-516192.7237,-437356.6784,-454083.2547
3627000,2381.1248,14281.3836,62281.0017,-516201.4455,-437257.93539999996,-453920.44379999995
3628000,2366.9034,14305.6067,61336.3672,-515250.8213,-437241.944,-453914.45410000003
3629000,2401.4247,14365.279,61812.3564,-515286.0026,-436706.9425,-453473.6462
3630000,2368.1052,14386.9348,61890.4276,-515483.7777,-436838.3101,-453593.3501
3631000,2383.0785,14394.7922,61825.0803,-515494.6875,-436891.7365,-453669.60719999997
3632000,2409.0007,14318.8084,61886.7799,-516205.5192,-437590.93019999994,-454318.73929999996
3633000,2361.6102,14265.8768,62291.7618,-516550.7662,-437631.5174,-454259.00440000003
3634000,2379.2519,14333.2602,62192.3895,-515760.8839,-436855.98230000003,-453568.4944
3635000,2341.1253,14281.6176,62014.4466,-516305.1574,-437667.96790000005,-454290.7108
3636000,2384.2473,14321.9057,62534.0292,-516926.8925,-437686.71030000004,-454392.8633
3637000,2399.9658,14437.3091,62448.6288,-517122.4121,-437836.50840000005,-454673.7833
3638000,2362.1459,14309.4692,62440.009,-516596.5236,-437484.8995,-454156.5146
3639000,2393.1456,14337.8405,61825.081,-516333.1896,-437777.1225,-454508.1086
3640000,2378.9299,14339.7128,62391.5386,-516202.9601,-437092.77880000003,-453811.42150000005
3641000,2413.641,14424.3253,61841.9956,-515909.2427,-437229.2808,-454067.2471
3642000,2358.2247,14285.9319,61822.0744,-516317.9564,-437851.7254,-454495.88200000004
3643000,2405.2476,14391.164,62345.5965,-517099.0593,-437957.0512,-454753.46280000004
3644000,2368.5676,14323.0229,61755.2785,-515800.799,-437353.93,-454045.5205
3645000,2374.1047,14367.075,62198.3274,-515909.7767,-436970.2696,-453711.4493
3646000,2349.5939,14278.8841,62118.322,-516189.3749,-437442.5749,-454071.0529
3647000,2381.9264,14401.7681,61838.6832,-515948.0174,-437325.6397,-454109.33420000004
3648000,2365.7013,14257.0056,62028.4121,-516389.1857,-437738.06669999997,-454360.77359999996
3649000,2394.126,14297.5014,62428.7038,-516802.35,-437682.01879999996,-454373.64619999996
3650000,2365.9023,14354.7193,62494.132,-516956.0301,-437741.2765,-454461.8981
3651000,2376.1596,14330.4271,62221.0074,-516498.4679,-437570.8738,-454277.4605
3652000,2357.3904,14402.6739,62067.9901,-516752.6374,-437924.583,-454684.6473
3653000,2369.2943,14314.9333,62327.4474,-517177.7797,-438166.1047,-454850.3323
3654000,2415.5741,14293.4662,62513.6823,-517051.7783,-437829.0557,-454538.096
3655000,2419.1788,14317.2928,61922.9252,-516338.8511,-437679.45430000004,-454415.92590000003
3656000,2401.8795,14364.8395,61892.6358,-516112.7087,-437453.3539,-454220.0729
3657000,2394.3432,14266.5903,62372.9485,-517144.7527,-438110.8707,-454771.8042
3658000,2362.7463,14316.8574,61615.9322,-515606.4365,-437310.9006,-453990.50430000003
3659000,2368.5008,14245.8398,61866.6167,-515959.0191,-437478.06179999997,-454092.40239999996
3660000,2422.487,14323.0827,61446.8276,-515397.6928,-437205.2955,-453950.8652
3661000,2364.6193,14378.1451,62024.0467,-516235.6755,-437468.8644,-454211.6288
3662000,2388.5704,14392.1982,61953.0827,-516583.8696,-437850.0183,-454630.78689999995
3663000,2386.6054,14365.3484,62075.1596,-516275.8675,-437448.7541,-454200.7079
3664000,2384.5418,14363.1507,61307.169,-515440.7683,-437385.9068,-454133.5993
3665000,2350.5217,14384.9127,61604.5161,-516213.2859,-437873.3354,-454608.7698
3666000,2399.6213,14382.5658,61978.7225,-516302.2985,-437541.38889999996,-454323.576
3667000,2377.1202,14306.2661,61747.5444,-516174.0833,-437743.15260000003,-454426.5389
3668000,2385.4268,14405.1634,61877.3913,-516030.9739,-437362.9924,-454153.58259999997
3669000,2367.313,14389.8194,61828.219,-515900.5384,-437315.18700000003,-454072.31940000004
3670000,2401.4474,14243.9326,62600.665,-516608.1789,-437362.1339,-454007.5139
3671000,2360.6852,14371.5023,62069.7613,-516176.9633,-437375.0145,-454107.202
3672000,2395.3869,14370.6923,61652.4379,-515913.7654,-437495.2483,-454261.32749999996
3673000,2388.0374,14370.7651,62074.0932,-517080.0679,-438247.17220000003,-455005.9747
3674000,2388.3593,14405.543,62856.022,-517386.5266,-437736.60229999997,-454530.5046
3675000,2365.1876,14407.3918,62419.9709,-517409.4624,-438216.9121,-454989.4915
3676000,2406.9474,14311.9695,62304.6693,-516671.7513,-437648.1651,-454367.082
3677000,2400.3361,14326.571,62546.634,-516880.8193,-437607.27819999994,-454334.18529999995
3678000,2363.2213,14325.5425,62368.0763,-516256.0463,-437199.2062,-453887.97
3679000,2396.0352,14426.3428,61785.6978,-516115.0036,-437506.9278,-454329.3058
3680000,2350.9541,14338.7341,61856.0787,-515987.8887,-437442.1218,-454131.81
3681000,2364.8686,14174.06,62282.056,-516655.6256,-437834.64100000006,-454373.56960000005
3682000,2389.8733,14408.444,62311.7552,-517217.6449,-438107.5724,-454905.8897
3683000,2415.6475,14423.8149,62350.8627,-516983.5238,-437793.1987,-454632.6611
3684000,2380.1558,14386.9827,61631.2536,-516162.43,-437764.0379,-454531.1764
3685000,2383.3162,14348.4459,62326.884,-517105.8083,-438047.16219999996,-454778.92429999996
3686000,2393.7991,14246.5327,61722.5851,-515451.2563,-437088.3394,-453728.6712
3687000,2380.3607,14357.1752,62228.185,-516207.6676,-437241.9467,-453979.4826
3688000,2373.0643,14275.5341,61739.5049,-515781.0478,-437392.9445,-454041.5429
3689000,2373.4799,14340.062,62119.2656,-516340.4956,-437507.6881,-454221.23000000004
3690000,2399.6918,14357.2195,62012.9599,-515440.6505,-436670.7793,-453427.6906
3691000,2372.6578,14356.0676,62046.3714,-516038.4646,-437263.3678,-453992.0932
3692000,2396.986,14311.919,62219.0472,-517301.2609,-438373.3087,-455082.21369999996
3693000,2389.3053,14280.9668,61550.5673,-515911.5915,-437690.7521,-454361.0242
3694000,2370.5589,14418.8037,62411.7137,-517097.3357,-437896.2594,-454685.622
3695000,2379.5133,14299.4757,61954.8491,-516253.7632,-437619.9251,-454298.9141
3696000,2410.4147,14420.8153,61838.8567,-516662.7878,-437992.7011,-454823.9311
3697000,2431.1672,14379.1555,61758.687,-515652.612,-437083.6023,-453893.92500000005
3698000,2397.0016,14406.2516,61583.3684,-516235.7349,-437849.11329999997,-454652.3665
3699000,2376.4539,14325.9179,61672.8087,-516040.1984,-437665.0179,-454367.3897
3700000,2417.5492,14403.2921,62455.386,-516669.2453,-437393.01800000004,-454213.8593
3701000,2409.1218,14392.0052,62082.3997,-516013.3811,-437129.8544,-453930.9814
3702000,2364.2065,14380.3546,61750.41,-515789.6598,-437294.68870000006,-454039.2498
3703000,2390.405,14324.9645,61647.1793,-515562.17,-437199.6212,-453914.99069999997
3704000,2376.0027,14292.1635,62145.2279,-516306.1007,-437492.70660000003,-454160.8728
3705000,2406.372,14356.2415,61863.142,-515924.7568,-437299.0013,-454061.6148
3706000,2337.5655,14316.2102,61822.4822,-515526.2511,-437049.9932,-453703.7689
3707000,2361.2581,14342.049,62126.1259,-515888.9809,-437059.5479,-453762.85500000004
3708000,2358.1442,14328.2866,61724.0158,-515268.5355,-436858.0889,-453544.5197
3709000,2368.1378,14274.8574,61456.7221,-515075.734,-436976.0167,-453619.0119
3710000,2362.6639,14295.0982,61934.5012,-515672.9596,-437080.6963,-453738.4584
3711000,2376.2582,14340.2155,62059.0802,-516694.5318,-437918.9779,-454635.45160000003
3712000,2394.9883,14350.1063,62423.8553,-517516.465,-438347.5151,-455092.60970000003
3713000,2354.9704,14325.2592,62183.0521,-516440.2721,-437576.9904,-454257.22
3714000,2384.6782,14349.2576,62060.623,-516547.0971,-437752.5383,-454486.4741
3715000,2397.273,14286.4306,61580.6749,-516079.4261,-437815.0476,-454498.7512
3716000,2383.8357,14262.4327,62282.6223,-516880.5658,-437951.6751,-454597.9435
3717000,2406.2461,14348.2499,61881.5657,-516453.3441,-437817.2824,-454571.7784
3718000,2387.1685,14271.0976,61746.277,-516052.2154,-437647.6723,-454305.9384
3719000,2365.2951,14303.0047,62221.5293,-516671.6686,-437781.8395,-454450.1393
3720000,2373.549,14294.9132,61977.863,-516577.7157,-437931.3905,-454599.8527
3721000,2363.4979,14187.5399,62433.8172,-516926.4022,-437941.54720000003,-454492.585
3722000,2372.0642,14517.0046,61983.8882,-515777.366,-436904.409,-453793.4778
3723000,2379.1077,14273.778,62044.9255,-516381.6069,-437683.7957,-454336.6814
3724000,2386.8689,14333.4425,61645.7818,-515976.0831,-437609.9899,-454330.3013
3725000,2387.1766,14304.3448,62050.7001,-516592.6797,-437850.4582,-454541.97959999996
3726000,2387.6044,14315.1297,61841.593,-516216.8639,-437672.5368,-454375.2709
3727000,2410.3351,14269.111,62409.5359,-517010.8825,-437921.9005,-454601.3466
3728000,2420.6105,14409.1336,61982.8469,-515620.0208,-436807.4298,-453637.1739
3729000,2394.5228,14219.371,61817.6976,-515914.9248,-437483.3334,-454097.22719999996
3730000,2365.0064,14350.4528,61770.5332,-515576.1167,-437090.1243,-453805.5835
3731000,2408.0637,14367.0157,62074.6078,-515867.3684,-437017.6812,-453792.7606
3732000,2405.9587,14273.0867,61849.5549,-515472.5102,-436943.9099,-453622.95530000003
3733000,2393.9499,14377.2584,61686.8371,-515543.0764,-437085.031,-453856.2393
3734000,2388.8353,14313.0071,62094.7839,-515477.9575,-436681.3312,-453383.17360000004
3735000,2360.0352,14323.538,61701.6329,-515138.3599,-436753.1538,-453436.72699999996
3736000,2376.9408,14398.3707,61658.3257,-515310.4945,-436876.8573,-453652.1688
3737000,2385.8696,14387.2985,61856.6154,-515817.7814,-437187.99789999996,-453961.16599999997
3738000,2384.2176,14423.7792,62186.2701,-516524.316,-437530.0491,-454338.04589999997
3739000,2364.757,14307.7615,61368.0684,-515033.6858,-436993.0989,-453665.6174
3740000,2368.4246,14387.2185,62045.3244,-516134.2338,-437333.2663,-454088.9094
3741000,2386.1718,14393.4296,61941.6966,-515452.1645,-436730.8665,-453510.4679
3742000,2381.0844,14287.8397,62016.3395,-516497.0828,-437811.81919999997,-454480.7433
3743000,2392.9327,14281.9046,61785.7146,-516390.2746,-437929.72270000004,-454604.56
3744000,2356.4521,14452.0813,62262.5221,-516859.5062,-437788.4507,-454596.9841
3745000,2343.6744,14197.0303,62231.4723,-516537.816,-437765.63899999997,-454306.34369999997
3746000,2381.8724,14235.2257,62254.0635,-516490.4898,-437619.3282,-454236.4263
3747000,2381.4422,14485.6775,62001.7039,-516169.7739,-437300.95029999997,-454168.06999999995
3748000,2345.6201,14248.5746,61855.2837,-515624.007,-437174.52859999996,-453768.72329999995
3749000,2346.2309,14316.1886,61990.6797,-515495.8399,-436842.7407,-453505.16020000004
3750000,2362.2957,14372.6808,62320.0365,-516406.2761,-437351.2631,-454086.23960000003
3751000,2385.4366,14320.2085,62065.6395,-516053.3968,-437282.1122,-453987.7573
3752000,2399.8464,14343.8494,62140.7837,-516365.1973,-437480.7178,-454224.41359999997
3753000,2386.2926,14256.8838,61381.7124,-515042.5833,-437017.6945,-453660.8709
3754000,2396.3826,14297.4297,61537.7314,-515644.5984,-437413.05470000004,-454106.867
3755000,2381.8682,14454.7024,61894.3794,-515878.3551,-437147.4051,-453983.9757
3756000,2405.6132,14293.8416,62062.0749,-516502.8181,-437741.28839999996,-454440.74319999997
3757000,2420.8178,14413.8085,61918.4753,-516345.21,-437592.1084,-454426.73470000003
3758000,2360.066,14316.383,61975.6613,-515930.2954,-437278.1851,-453954.6341
3759000,2359.6306,14279.2409,61143.8779,-515312.9371,-437530.1877,-454169.05919999996
3760000,2385.4826,14336.1972,62108.6809,-516426.5075,-437596.1468,-454317.82660000003
3761000,2396.5783,14193.5963,62212.5243,-516110.245,-437307.54610000004,-453897.7207
3762000,2370.2205,14380.4576,61498.2225,-515126.4868,-436877.5862,-453628.26430000004
3763000,2358.7604,14304.7791,61990.0534,-515923.6351,-437270.0422,-453933.58170000004
3764000,2364.0146,14260.9115,62114.0492,-516357.5008,-437618.5255,-454243.4516
3765000,2369.2744,14345.6624,61961.8884,-516231.2036,-437554.3784,-454269.3152
3766000,2366.3122,14222.8437,61986.4432,-516116.4651,-437540.866,-454130.0219
3767000,2392.477,14316.8229,61722.5199,-515259.667,-436827.8472,-453537.1471
3768000,2415.548,14417.1304,61539.5743,-515869.9066,-437497.6539,-454330.3323
3769000,2402.9379,14369.7321,62009.6482,-516325.6694,-437543.35120000003,-454316.0212
3770000,2386.9998,14248.2035,61802.4678,-516297.0163,-437859.3452,-454494.54850000003
3771000,2394.5291,14325.0679,62056.2776,-516432.4333,-437656.55869999994,-454376.1557
3772000,2381.6719,14325.4066,61887.8287,-515547.6832,-436952.776,-453659.8545
3773000,2377.8904,14218.7027,61788.6127,-516091.332,-437706.1262,-454302.7193
3774000,2373.2495,14296.6416,61799.9877,-516390.4344,-437920.5556,-454590.44670000003
3775000,2360.2488,14187.0624,61633.7419,-515610.9292,-437429.8761,-453977.1873
3776000,2359.8248,14252.9213,62058.5511,-516457.9782,-437786.681,-454399.42710000003
3777000,2362.9906,14292.5024,61882.9569,-515701.4132,-437162.9633,-453818.4563
3778000,2398.299,14304.3942,61322.4777,-514641.548,-436616.37710000004,-453319.0703
3779000,2366.3245,14237.7203,62154.3638,-516745.522,-437987.11340000003,-454591.1582
3780000,2382.0926,14326.1637,62526.7589,-516305.6939,-437070.67870000005,-453778.935
3781000,2382.5165,14198.2743,61683.2435,-515560.3162,-437296.2819,-453877.0727
3782000,2394.1264,14331.6126,61975.2857,-516411.7638,-437710.7391,-454436.4781
3783000,2363.58,14331.6819,61652.7349,-515268.3256,-436920.3288,-453615.5907
3784000,2396.9545,14376.5591,62401.6672,-516295.0623,-437119.8815,-453893.39509999997
3785000,2407.9548,14263.8107,61788.3263,-515654.8599,-437194.7681,-453866.53359999997
3786000,2389.302,14316.4626,61908.1799,-515768.649,-437154.7045,-453860.4691
3787000,2420.7955,14404.6053,62226.163,-516093.0698,-437041.506,-453866.9068
3788000,2360.0715,14308.2988,61973.1253,-515711.3149,-437069.8193,-453738.1896
3789000,2422.9241,14292.5124,61090.3417,-514900.1577,-437094.3795,-453809.816
3790000,2407.8534,14297.3807,61599.7569,-515727.3779,-437422.38690000004,-454127.62100000004
3791000,2382.8468,14331.4387,61610.5094,-516160.0317,-437835.23679999996,-454549.5223
3792000,2423.8489,14369.3483,62042.7012,-516825.164,-437989.2656,-454782.4628
3793000,2378.1865,14348.3001,61698.5149,-515998.4161,-437573.41459999996,-454299.90119999996
3794000,2400.2779,14321.8745,62006.2069,-516787.574,-438059.2147,-454781.36710000003
3795000,2386.8755,14261.2572,61944.8949,-515870.7049,-437277.6773,-453925.81
3796000,2407.1686,14299.2679,62282.7843,-516719.2095,-437729.9887,-454436.4252
3797000,2396.9514,14318.6661,61547.7318,-515510.6885,-437247.3392,-453962.9567
3798000,2406.5988,14280.8763,61935.4165,-516026.8188,-437403.92720000003,-454091.4023
3799000,2369.6772,14284.0141,62497.4663,-517260.4324,-438109.2748,-454762.96609999996
3800000,2394.6086,14206.3213,61652.1522,-515701.7748,-437448.6927,-454049.6226
3801000,2364.2524,14289.3617,61983.0857,-515761.5838,-437124.884,-453778.4981
3802000,2393.9913,14370.7159,62426.2573,-516623.6214,-437432.6569,-454197.3641
3803000,2386.4374,14330.5884,62124.0849,-516712.4755,-437871.3648,-454588.3906
3804000,2387.4023,14332.9503,62192.9602,-517035.357,-438122.0442,-454842.3968
3805000,2380.4993,14320.5213,62222.0487,-516413.9235,-437490.85419999994,-454191.8748
3806000,2376.1393,14228.3317,62095.9347,-516368.2072,-437667.8015,-454272.2725
3807000,2358.8529,14225.971,62007.1586,-515573.2572,-436981.2747,-453566.09859999997
3808000,2392.0508,14333.3588,61975.0344,-515364.3796,-436663.93559999997,-453389.3452
3809000,2392.4691,14328.2372,62040.6341,-516532.4803,-437771.1399,-454491.84619999997
3810000,2393.9141,14362.2725,61827.413,-515737.8409,-437154.2413,-453910.4279
3811000,2355.7479,14417.8314,62114.9524,-515876.7187,-436988.18700000003,-453761.7663
3812000,2376.4606,14302.3047,61971.2506,-516211.3059,-437561.29,-454240.0553
3813000,2356.0591,14383.7875,61953.7512,-516117.1348,-437423.537,-454163.3836
3814000,2343.0834,14370.1959,61912.2043,-516325.0518,-437699.5682,-454412.84750000003
3815000,2407.6264,14372.667,62376.1603,-516904.2171,-437747.7634,-454528.0568
3816000,2382.6693,14351.5082,61817.4829,-516636.2122,-438084.5518,-454818.7293
3817000,2360.0262,14195.4968,62125.6957,-516056.896,-437375.6773,-453931.2003
3818000,2384.3421,14288.6314,62058.1272,-516352.3467,-437621.246,-454294.2195
3819000,2359.0488,14331.5351,61485.9359,-515767.2095,-437590.6897,-454281.2736
3820000,2404.9088,14269.8618,62152.7459,-516667.3638,-437839.8473,-454514.6179
3821000,2409.9563,14281.0158,62116.4162,-516414.291,-437606.90270000004,-454297.87480000005
3822000,2379.1087,14229.2138,62039.8797,-516552.2005,-437903.9983,-454512.3208
3823000,2355.3648,14301.0625,61692.4179,-516434.3261,-438085.4809,-454741.9082
3824000,2383.2976,14302.2097,62763.5615,-517196.2033,-437747.1345,-454432.6418
3825000,2369.6752,14343.975,62156.1823,-516259.4465,-437389.614,-454103.26420000003
3826000,2364.6608,14303.8963,62574.4473,-517912.4797,-438669.47530000005,-455338.0324
3827000,2356.4989,14226.4718,61927.441,-516392.9405,-437882.52880000003,-454465.49950000003
3828000,2382.7696,14324.3715,62021.7627,-516342.1116,-437613.2078,-454320.3489
3829000,2389.7297,14327.8102,61437.0933,-516786.7677,-438632.13450000004,-455349.6744
3830000,2418.5405,14372.2436,61956.5476,-516591.6227,-437844.291,-454635.0751
3831000,2374.248,14234.5023,61453.7751,-515578.5982,-437516.0728,-454124.82310000004
3832000,2364.0723,14220.4167,61687.0765,-515414.6336,-437143.06810000003,-453727.5571
3833000,2354.0668,14352.5643,61998.6604,-516088.6324,-437383.3409,-454089.972
3834000,2379.5747,14266.6893,62764.0552,-516853.6304,-437443.3112,-454089.5752
3835000,2347.3869,14312.5153,62692.7838,-517843.1821,-438490.4961,-455150.3983
3836000,2353.317,14329.01,62467.972,-516895.5155,-437745.2165,-454427.54349999997
3837000,2367.7621,14172.7358,62112.2593,-516091.9649,-437439.2077,-453979.70560000004
3838000,2389.8777,14348.2655,61990.4715,-516010.1383,-437281.52359999996,-454019.6668
3839000,2394.26,14397.5354,62293.4996,-516614.3492,-437529.0542,-454320.8496
3840000,2360.9738,14310.5525,62367.1048,-516249.4719,-437210.8408,-453882.36710000003
3841000,2377.2949,14323.6972,61702.1393,-516315.1554,-437912.024,-454613.0161
3842000,2392.2062,14305.2214,61980.5719,-515936.5122,-437258.51269999996,-453955.9403
3843000,2361.7728,14345.0013,61859.7219,-515806.4452,-437239.94920000003,-453946.7233
3844000,2378.8682,14305.4833,61967.3627,-516156.9575,-437505.24330000003,-454189.5948
3845000,2413.2678,14333.6479,62249.9209,-517067.6369,-438070.8003,-454817.716
3846000,2389.3405,14368.8687,62179.1001,-516540.1629,-437602.8536,-454361.0628
3847000,2383.128,14238.2581,61840.3111,-515834.2745,-437372.5773,-453993.9634
3848000,2380.8058,14327.3317,62017.5652,-515839.7958,-437114.09310000006,-453822.2306
3849000,2413.8912,14388.0662,61995.9198,-516446.5736,-437648.6964,-454450.6538
3850000,2365.6161,14264.4728,61645.6229,-515420.758,-437145.0462,-453775.13509999996
3851000,2387.1321,14366.226,62300.5578,-516050.4457,-436996.52979999996,-453749.8879
3852000,2390.5427,14370.3454,61720.04,-515923.5317,-437442.6036,-454203.4917
3853000,2398.3874,14411.1668,61765.8088,-515545.3078,-436969.9448,-453779.499
3854000,2381.0517,14285.5476,61652.1841,-515298.0765,-436979.2931,-453645.8924
3855000,2380.6784,14359.4912,61895.981,-515907.0231,-437270.8725,-454011.04209999996
3856000,2374.8874,14269.3218,61403.5881,-514593.6548,-436545.85750000004,-453190.0667
3857000,2414.276,14258.6049,61648.0368,-515879.6181,-437558.70040000003,-454231.5813
3858000,2392.2567,14371.3407,62163.3246,-516319.4094,-437392.4874,-454156.0848
3859000,2399.3276,14308.6339,61828.0989,-516053.7676,-437517.7072,-454225.66870000004
3860000,2423.8218,14383.3822,62362.7383,-516549.321,-437379.3787,-454186.5827
3861000,2395.2492,14379.8902,61767.7247,-515533.719,-436990.8549,-453765.99429999996
3862000,2391.3276,14275.3181,62015.2709,-516177.455,-437495.5384,-454162.1841
3863000,2363.8343,14336.7794,62224.0862,-515966.1276,-437041.4277,-453742.0414
3864000,2406.7646,14298.2263,61981.0083,-515828.3282,-437142.32899999997,-453847.3199
3865000,2341.8564,14325.4898,61470.6661,-515357.9728,-437219.9605,-453887.30669999996
3866000,2390.1789,14375.0635,61940.1495,-516260.8626,-437555.4707,-454320.7131
3867000,2354.1687,14266.8091,62627.7484,-516949.794,-437701.06779999996,-454322.0456
3868000,2394.7177,14414.7851,61662.6535,-516051.7825,-437579.62619999994,-454389.12899999996
3869000,2373.1763,14320.3277,62515.9176,-516207.8768,-436998.4552,-453691.95920000004
3870000,2369.3367,14297.5897,61790.092,-515867.5272,-437410.5088,-454077.4352
3871000,2369.9289,14407.5375,61848.3014,-515870.77,-437245.0022,-454022.4686
3872000,2409.3223,14377.3074,62576.5035,-516672.266,-437309.1328,-454095.7625
3873000,2373.0483,14211.2427,61604.2095,-515533.5339,-437345.03339999996,-453929.3244
3874000,2361.1549,14258.2452,61816.4315,-515487.6252,-437051.7936,-453671.1937
3875000,2372.4201,14346.5902,61956.7256,-516078.724,-437402.98809999996,-454121.9984
3876000,2397.3623,14432.9187,62151.9556,-516734.8864,-437752.6498,-454582.93080000003
3877000,2363.2556,14394.8706,61821.723,-516420.6432,-437840.794,-454598.9202
3878000,2338.6644,14338.9289,61689.9674,-515422.0282,-437054.4675,-453732.0608
3879000,2395.1109,14341.9989,61857.3444,-516254.5851,-437660.1309,-454397.2407
3880000,2371.3298,14263.8742,61701.1745,-515142.8828,-436806.50430000003,-453441.7083
3881000,2343.127,14329.7117,61968.5665,-516299.6547,-437658.24950000003,-454331.0882
3882000,2402.4911,14316.6064,62107.2743,-516488.8682,-437662.49640000006,-454381.59390000004
3883000,2375.1142,14427.4756,61608.0031,-515480.8717,-437070.27880000003,-453872.86860000005
3884000,2434.0803,14404.2428,62253.0524,-516795.4601,-437704.08460000006,-454542.40770000004
3885000,2373.9396,14331.3156,62126.535,-516170.2845,-437338.4943,-454043.74950000003
3886000,2412.2833,14414.1575,62570.0891,-516829.5257,-437432.99580000003,-454259.4366
3887000,2366.3409,14402.0833,61409.3728,-514714.974,-436537.177,-453305.6012
3888000,2388.1656,14371.0603,61630.5912,-516024.8883,-437635.0712,-454394.29709999997
3889000,2420.0736,14329.8277,62087.4695,-516851.4357,-438014.0649,-454763.96619999997
3890000,2369.0427,14156.9992,61900.9798,-516121.6104,-437694.5887,-454220.63060000003
3891000,2366.1375,14280.0419,61867.8348,-516387.3325,-437873.31830000004,-454519.4977
3892000,2382.4452,14320.1484,62033.7652,-517201.7891,-438465.4303,-455168.0239
3893000,2382.1532,14438.5268,61706.893,-516544.099,-438016.52599999995,-454837.206
3894000,2377.6679,14337.329,61929.8026,-516355.5312,-437710.7317,-454425.72860000003
3895000,2337.5071,14269.1989,61802.4534,-515876.0355,-437466.8761,-454073.5821
3896000,2392.0975,14387.5838,62031.2783,-516326.4703,-437515.5107,-454295.192
3897000,2395.2088,14294.8316,61936.0663,-516037.9682,-437411.8615,-454101.9019
3898000,2368.8958,14323.7611,61939.116,-516490.0391,-437858.2662,-454550.9231
3899000,2377.7425,14325.6416,62255.3578,-516803.6629,-437844.921,-454548.3051
3900000,2391.7693,14363.7642,62025.2214,-516042.9012,-437262.1463,-454017.67980000004
3901000,2400.0515,14390.5963,61399.8079,-515529.0838,-437338.62810000003,-454129.2759
3902000,2384.8876,14368.5342,61888.1009,-516018.6778,-437377.1551,-454130.5769
3903000,2393.2441,14336.263,62016.7012,-516241.8901,-437495.6818,-454225.1889
3904000,2350.3344,14301.7648,62057.7856,-516452.5863,-437742.7015,-454394.8007
3905000,2392.2731,14336.1117,61873.9833,-516072.2156,-437469.84750000003,-454198.2323
3906000,2362.9988,14257.3594,62431.8091,-517160.0223,-438107.855,-454728.2132
3907000,2384.2982,14244.7296,61659.0067,-516088.9411,-437800.9066,-454429.9344
3908000,2359.454,14298.9559,61943.5868,-516322.5296,-437720.5329,-454378.9428
3909000,2379.7385,14382.8142,61581.35,-515934.2112,-437590.30850000004,-454352.86120000004
3910000,2382.8603,14282.5884,62308.9738,-516832.4468,-437858.0243,-454523.473
3911000,2373.5391,14172.0536,62176.0071,-516420.2229,-437698.62309999997,-454244.2158
3912000,2377.1523,14238.5097,62246.4366,-516956.1555,-438094.05689999997,-454709.7189
3913000,2383.6632,14338.619,61562.9656,-515368.0518,-437082.804,-453805.0862
3914000,2415.2534,14299.1861,61622.9285,-515146.9502,-436809.5822,-453524.02170000004
3915000,2405.7619,14283.9442,61608.2228,-515589.508,-437291.5791,-453981.2852
3916000,2391.9081,14231.2732,61972.649,-515767.5032,-437171.6729,-453794.8542
3917000,2362.7564,14334.728,61933.1016,-515735.7495,-437105.16349999997,-453802.6479
3918000,2344.6515,14282.5271,61269.4215,-514988.8094,-437092.20930000005,-453719.38790000003
3919000,2379.7834,14365.0641,62378.7906,-516525.5333,-437401.8952,-454146.7427
3920000,2364.7306,14360.4075,61573.9301,-514950.2972,-436651.229,-453376.3671
3921000,2372.6924,14332.8576,62337.0326,-516016.3563,-436973.7737,-453679.3237
3922000,2398.1066,14384.7692,62750.9648,-516698.5869,-437164.7463,-453947.6221
3923000,2339.2707,14313.3758,62271.7192,-516688.3328,-437763.9671,-454416.6136
3924000,2358.2762,14394.0356,61095.4278,-515055.9539,-437208.2143,-453960.5261
3925000,2381.7481,14287.8527,61481.9508,-515471.1778,-437319.6262,-453989.227
3926000,2381.7966,14217.5362,61822.3723,-515879.298,-437457.5929,-454056.9257
3927000,2353.8273,14239.8915,61934.4685,-515923.7779,-437395.5906,-453989.30939999997
3928000,2366.0116,14328.71,61637.7764,-515375.2012,-437042.7032,-453737.42480000004
3929000,2385.2472,14269.5533,62103.1516,-515911.9211,-437153.969,-453808.7695
3930000,2372.7375,14372.4351,61947.9517,-515987.9434,-437294.81909999996,-454039.9917
3931000,2347.222,14288.7495,62094.4058,-515927.3572,-437196.97990000003,-453832.9514
3932000,2353.8404,14258.9319,62020.3941,-515762.4477,-437129.28130000003,-453742.05360000004
3933000,2378.8585,14332.8657,61800.0216,-515675.0635,-437163.3177,-453875.0419
3934000,2385.2996,14348.0189,61956.7538,-516416.7435,-437726.6712,-454459.9897
3935000,2352.8519,14361.1937,62326.8259,-516776.5694,-437735.69789999997,-454449.7435
3936000,2403.6633,14338.0745,61683.0922,-515939.9828,-437515.1528,-454256.8906
3937000,2389.6925,14343.7945,62451.1804,-516620.166,-437435.49860000005,-454168.9856
3938000,2362.36,14285.7491,61980.9944,-515908.2548,-437279.1513,-453927.26039999997
3939000,2374.5875,14287.126,62462.5246,-516684.9433,-437560.70519999997,-454222.4187
3940000,2390.2961,14375.2377,62191.9812,-516436.0794,-437478.5644,-454244.0982
3941000,2378.8459,14242.2576,61703.1021,-515839.0211,-437514.8155,-454135.919
3942000,2365.7089,14315.6758,62242.2921,-516774.2185,-437850.5417,-454531.9264
3943000,2358.6491,14345.0611,61785.1914,-515979.9101,-437491.0085,-454194.71869999997
3944000,2345.6387,14296.4891,62327.1415,-516863.649,-437894.3797,-454536.50749999995
3945000,2385.3543,14290.9661,61940.58,-515959.2533,-437342.3529,-454018.67329999997
3946000,2388.1641,14288.1579,61916.2349,-516243.4829,-437650.926,-454327.248
3947000,2413.57,14330.0104,62318.1968,-516465.6965,-437403.9193,-454147.49970000004
3948000,2362.9837,14264.2583,61502.0728,-515485.8535,-437356.53870000003,-453983.7807
3949000,2364.204,14365.9713,61850.1492,-516108.8153,-437528.4908,-454258.66610000003
3950000,2393.7733,14347.6143,62782.1215,-517200.0202,-437676.5111,-454417.8987
3951000,2367.135,14315.1931,61896.4594,-515648.3375,-437069.55000000005,-453751.87810000003
3952000,2382.821,14364.4583,62460.823,-516888.9371,-437680.83479999995,-454428.1141
3953000,2381.1158,14336.8846,61843.463,-515911.4548,-437349.9914,-454067.9918
3954000,2375.3956,14320.7289,62000.8186,-515974.1437,-437277.2006,-453973.3251
3955000,2372.4825,14378.8105,61532.3559,-515849.7941,-437566.1452,-454317.4382
3956000,2384.8011,14331.3452,61716.7801,-516217.1754,-437784.249,-454500.3953
3957000,2377.3922,14332.3375,61964.851,-516180.8019,-437506.2212,-454215.9509
3958000,2398.6441,14323.7358,62214.5133,-516428.7344,-437491.8412,-454214.2211
3959000,2367.2982,14311.6658,61825.8245,-516454.782,-437949.9935,-454628.9575
3960000,2423.987,14421.3579,61678.9974,-516193.6524,-437669.3101,-454514.655
3961000,2341.4462,14267.8352,62418.5447,-516459.7363,-437431.9102,-454041.1916
3962000,2356.3961,14386.3168,61825.9116,-515383.1123,-436814.4878,-453557.2007
3963000,2374.2217,14422.5988,61641.7765,-515608.8231,-437170.22609999997,-453967.0466
3964000,2349.7728,14376.9292,62304.8508,-516880.2532,-437848.7004,-454575.40239999996
3965000,2388.3286,14348.0203,61737.6449,-516451.7526,-437977.7588,-454714.1077
3966000,2402.5775,14414.7024,61962.3795,-516395.9743,-437616.3149,-454433.5948
3967000,2428.513,14349.7266,62167.9237,-516267.3643,-437321.201,-454099.44060000003
3968000,2383.1423,14323.4759,61916.7382,-515741.2549,-437117.8985,-453824.5167
3969000,2388.4519,14399.0709,62018.6445,-515763.7246,-436957.5573,-453745.0801
3970000,2376.1594,14413.5819,61838.6055,-515866.1881,-437237.84130000003,-454027.5826
3971000,2366.1858,14284.6081,61800.827,-515744.4071,-437292.78620000003,-453943.5801
3972000,2404.6087,14404.3658,61845.9422,-515959.1888,-437304.2721,-454113.2466
3973000,2420.1882,14256.0648,61919.6021,-516468.4633,-437872.6082,-454548.8612
3974000,2390.5,14369.3788,62222.6228,-516431.7674,-437449.26580000005,-454209.1446
3975000,2401.984,14320.544,61825.5295,-515229.2138,-436681.15630000003,-453403.6843
3976000,2364.8572,14332.3564,61658.8635,-515683.6148,-437327.5377,-454024.7513
3977000,2365.4827,14294.2038,61650.5871,-515889.8064,-437579.5328,-454239.2193
3978000,2371.3324,14436.6494,61762.3942,-515944.7382,-437374.36220000003,-454182.34400000004
3979000,2374.5862,14337.9111,62418.2506,-517214.9431,-438084.19519999996,-454796.6925
3980000,2386.9275,14234.7014,61818.8943,-515964.185,-437523.6618,-454145.2907
3981000,2391.6296,14417.2827,61720.2564,-516381.6544,-437852.4857,-454661.398
3982000,2377.8635,14274.1121,61670.8533,-516011.532,-437688.7031,-454340.6787
3983000,2355.7737,14337.0029,61434.6517,-515224.5964,-437097.1681,-453789.9447
3984000,2355.5229,14368.2731,62219.9569,-516142.3344,-437198.5815,-453922.3775
3985000,2364.9427,14374.5171,61508.1852,-515642.3752,-437394.7302,-454134.19
3986000,2396.2478,14330.2612,61651.2954,-516422.8758,-438045.07139999996,-454771.5804
3987000,2374.1823,14402.6523,61854.057,-516915.6817,-438284.7901,-455061.62470000004
3988000,2392.4078,14324.5997,61742.1127,-516057.8879,-437598.76769999997,-454315.7752
3989000,2387.8705,14333.1848,62426.901,-517298.9201,-438150.9638,-454872.0191
3990000,2410.4955,14389.3924,62155.1759,-517194.7203,-438239.6565,-455039.5444
3991000,2374.1497,14251.9678,62264.8746,-516704.352,-437813.35990000004,-454439.47740000003
3992000,2383.2687,14396.0879,62164.7179,-516648.9488,-437704.8743,-454484.2309
3993000,2384.9053,14315.2916,62151.585,-517146.6203,-438294.8384,-454995.0353
3994000,2379.571,14376.4287,61596.3706,-516212.5247,-437860.1544,-454616.1541
3995000,2367.8901,14422.1753,62723.3577,-517304.2274,-437790.80429999996,-454580.8697
3996000,2375.6168,14314.5004,62020.2204,-515894.9585,-437184.6209,-453874.7381
3997000,2385.5993,14431.5139,62212.8975,-516318.2921,-437288.28140000004,-454105.3946
3998000,2387.388,14365.3242,62090.129,-516426.0421,-437583.20090000005,-454335.9131
3999000,2395.0402,14382.6754,61669.7111,-515719.5744,-437272.1477,-454049.86329999997
4000000,2402.7163,14360.1861,61653.0478,-515730.3394,-437314.3892,-454077.2916
4001000,2332.6991,14320.9948,62008.13,-516172.5848,-437510.7609,-454164.4548
4002000,2369.1057,14425.6197,62012.2249,-515780.1841,-436973.23380000005,-453767.95920000004
4003000,2379.6076,14410.549,62145.206,-516741.7539,-437806.3913,-454596.5479
4004000,2373.2956,14336.2494,62355.0467,-516861.502,-437796.9103,-454506.4553
4005000,2375.926,14297.6648,62390.8931,-516941.6504,-437877.1665,-454550.7573
4006000,2372.343,14377.1613,61995.2718,-515972.2044,-437227.42829999997,-453976.9326
4007000,2377.2241,14372.7647,62177.9902,-516435.4068,-437507.4278,-454257.4166
4008000,2385.8129,14335.0938,61788.5835,-516329.9697,-437820.4795,-454541.3862
4009000,2395.5963,14378.0362,62483.569,-517252.4148,-437995.21330000006,-454768.8458
4010000,2366.9799,14382.1958,61633.934,-516077.803,-437694.69330000004,-454443.869
4011000,2378.8469,14300.3054,62224.3554,-516405.2207,-437501.713,-454180.8653
4012000,2335.0376,14317.6737,62037.9433,-516757.6268,-438066.9722,-454719.68350000004
4013000,2369.9925,14324.3513,62150.4192,-516781.7652,-437937.00220000005,-454631.346
4014000,2367.4779,14389.49,62212.5214,-516247.743,-437278.2537,-454035.22160000005
4015000,2351.7418,14271.254,61935.521,-515642.1336,-437083.6168,-453706.6126
4016000,2354.0815,14365.8587,62108.1935,-515753.4668,-436925.3331,-453645.2733
4017000,2400.2844,14328.6157,61965.8545,-515841.578,-437146.8234,-453875.72349999996
4018000,2358.8506,14238.4039,61981.9704,-516985.5297,-438406.30480000004,-455003.5593
4019000,2383.8364,14299.3907,62253.7033,-517150.0619,-438213.13149999996,-454896.3586
4020000,2360.595,14295.7222,62056.7569,-516101.2827,-437388.2086,-454044.5258
4021000,2423.1991,14358.505,61885.092,-516573.4999,-437906.7038,-454688.4079
4022000,2372.2689,14373.7506,61787.1485,-515507.3686,-436974.2006,-453720.2201
4023000,2369.6809,14289.1625,61627.3074,-515545.8754,-437259.7246,-453918.568
4024000,2400.9661,14251.2094,61795.4811,-516465.1033,-438017.44670000003,-454669.62220000004
4025000,2346.8341,14340.9903,62229.2567,-516424.7259,-437507.6448,-454195.46920000005
4026000,2380.9176,14330.0384,61898.4295,-516369.8871,-437760.50159999996,-454471.45759999997
4027000,2364.3107,14392.4695,61841.6044,-515764.369,-437165.9844,-453922.7646
4028000,2360.7199,14324.4166,61685.4634,-515505.4244,-437134.8245,-453819.961
4029000,2387.9831,14361.4223,62143.5425,-515910.6056,-437017.6577,-453767.0631
4030000,2361.1985,14313.0717,61648.883,-515497.8858,-437174.7326,-453849.0028
4031000,2349.8367,14321.8459,62212.7313,-516031.4005,-437146.9866,-453818.6692
4032000,2422.2505,14291.1562,61671.1014,-516138.2746,-437753.7665,-454467.1732
4033000,2397.9667,14352.619,62699.5276,-517055.3839,-437605.27060000005,-454355.8563
4034000,2407.5464,14299.8777,62276.6405,-517278.3901,-438294.32550000004,-455001.74960000004
4035000,2397.8256,14331.3501,61308.7476,-515503.4442,-437465.5209,-454194.6966
4036000,2390.6733,14283.3017,62095.8073,-515884.0862,-437114.30390000006,-453788.27890000003
4037000,2377.8956,14346.0482,62081.1127,-516861.9641,-438056.9076,-454780.8514
4038000,2413.4177,14349.4409,61811.9425,-516969.6826,-438394.8815,-455157.7401
4039000,2410.5058,14398.6084,62020.6376,-516591.0839,-437761.3321,-454570.4463
4040000,2408.7686,14290.4692,61877.0059,-515416.4662,-436840.22250000003,-453539.46030000004
4041000,2377.8646,14272.6479,61847.5494,-515790.9986,-437292.93669999996,-453943.4492
4042000,2406.7609,14301.1176,61152.5383,-514709.9693,-436849.5525,-453557.431
4043000,2398.2165,14282.5729,62133.9415,-516298.514,-437483.7831,-454164.5725
4044000,2365.0359,14365.3036,62086.9732,-515838.6338,-437021.3211,-453751.6606
4045000,2382.4644,14406.9624,61610.1354,-516177.1824,-437777.6202,-454567.047
4046000,2382.5239,14405.9603,61836.8093,-515902.9079,-437277.61439999996,-454066.09859999997
4047000,2412.8974,14355.6936,61823.5572,-516393.8222,-437801.674,-454570.265
4048000,2369.9901,14305.0199,61713.8041,-515663.5771,-437274.763,-453949.773
4049000,2422.4271,14440.6873,62569.8386,-516365.8149,-436932.8619,-453795.9763
4050000,2364.9242,14321.3111,62206.5271,-516308.4246,-437415.6622,-454101.8975
4051000,2355.3872,14251.2576,62127.1466,-516905.2483,-438171.4569,-454778.1017
4052000,2386.1656,14276.6035,62031.7005,-515583.9319,-436889.4623,-453552.23140000005
4053000,2379.9669,14431.9031,61560.6805,-515696.2695,-437323.719,-454135.589
4054000,2342.0448,14413.679,61520.3354,-515493.325,-437217.2658,-453972.98960000003
4055000,2367.1424,14275.8869,61783.7048,-515929.3331,-437502.599,-454145.6283
4056000,2380.5616,14406.8758,61579.2472,-515594.7075,-437228.02290000004,-454015.46030000004
4057000,2358.5632,14342.2917,62581.374,-517157.4723,-437875.24340000004,-454576.0983
4058000,2397.069,14396.5216,61665.7262,-515606.937,-437147.6202,-453941.2108
4059000,2349.4305,14350.2677,62147.6636,-516389.4717,-437542.1099,-454241.8081
4060000,2370.6162,14356.3344,61890.1841,-516782.3925,-438165.2578,-454892.2084
4061000,2369.7486,14265.3616,62029.2843,-515741.5825,-437077.188,-453712.2982
4062000,2379.9889,14282.5342,61907.0374,-516192.7997,-437623.23919999995,-454285.76229999994
4063000,2371.522,14359.0776,62136.1227,-516807.5602,-437940.83790000004,-454671.4375
4064000,2383.5635,14352.136,62014.0145,-515906.3556,-437156.6416,-453892.3411
4065000,2399.2524,14362.4955,61742.6022,-516093.0384,-437588.68830000004,-454350.4362
4066000,2405.6376,14317.5862,61836.5702,-515682.2151,-437122.4211,-453845.64489999996
4067000,2365.4075,14356.8717,62491.7588,-516634.9292,-437420.8912,-454143.1704
4068000,2336.8583,14285.3177,62436.7986,-517296.2323,-438237.25769999996,-454859.4337
4069000,2351.2336,14323.7572,61896.4389,-516024.8905,-437453.4608,-454128.4516
4070000,2405.5333,14347.7693,62514.6992,-517368.1886,-438100.1868,-454853.48939999996
4071000,2387.8341,14258.4053,61640.0343,-515866.0443,-437579.77060000005,-454226.01
4072000,2403.1615,14316.6368,61952.7418,-516751.7344,-438079.1943,-454798.9926
4073000,2376.1627,14312.0024,61822.681,-516595.9586,-438085.11250000005,-454773.27760000003
4074000,2369.719,14382.7121,62380.9544,-517159.9592,-438026.57369999995,-454779.0048
4075000,2406.6499,14417.6685,62083.3419,-516641.6123,-437733.952,-454558.2704
4076000,2405.2376,14135.5015,62170.6891,-516040.9272,-437329.49899999995,-453870.23809999996
4077000,2389.8457,14268.0011,61900.1175,-516515.9777,-437958.0134,-454615.8602
4078000,2388.3285,14425.8328,62610.5327,-516625.7678,-437201.07379999995,-454015.2351
4079000,2385.449,14364.7462,61953.3059,-515985.3413,-437281.8402,-454032.0354
4080000,2386.149,14382.6218,61806.0976,-515975.3554,-437400.48699999996,-454169.2578
4081000,2399.1489,14273.6172,61641.0233,-515416.7605,-437102.97109999997,-453775.7372
4082000,2405.8395,14406.5752,62185.6449,-516268.6421,-437270.5825,-454082.9972
4083000,2389.2881,14274.6582,61944.9767,-515908.9553,-437300.03229999996,-453963.9786
4084000,2339.2692,14248.809,61854.8267,-515753.2988,-437310.3939,-453898.4721
4085000,2387.7911,14322.204,62056.9277,-516497.36,-437730.4372,-454440.4323
4086000,2362.8467,14279.5617,61877.8498,-515432.3875,-436912.12930000003,-453554.5377
4087000,2366.3676,14357.2291,62187.2438,-516837.1925,-437926.352,-454649.9487
4088000,2396.5431,14286.3952,61887.0237,-516482.2512,-437912.2892,-454595.2275
4089000,2381.5924,14414.0479,62525.7591,-517374.6771,-438053.2777,-454848.91799999995
4090000,2375.9661,14308.7218,61651.8749,-515767.5188,-437430.956,-454115.6439
4091000,2387.7902,14411.108,62492.7208,-517098.8511,-437807.2321,-454606.1303
4092000,2377.7384,14355.7755,62476.5785,-517266.8946,-438056.80220000003,-454790.3161
4093000,2367.0442,14293.2985,62184.6256,-516403.544,-437558.5757,-454218.91839999997
4094000,2401.5083,14380.6536,62130.5781,-516456.9501,-437544.2101,-454326.37200000003
4095000,2379.7929,14330.0838,62339.1029,-516867.3403,-437818.36069999996,-454528.2374
4096000,2389.8386,14404.0097,62176.3182,-516951.4482,-437981.2817,-454775.13
4097000,2373.3586,14340.9195,61854.7939,-515388.4737,-436819.4017,-453533.6798
4098000,2385.1308,14334.9253,61961.602,-516288.5352,-437606.8771,-454326.93319999997
4099000,2408.3592,14388.1557,62027.1297,-516655.8475,-437832.2029,-454628.7178
4100000,2342.0009,14351.8372,61220.844,-514887.4736,-436972.79150000005,-453666.62960000004
4101000,2399.1853,14371.8041,61892.8797,-516361.3147,-437697.4456,-454468.435
4102000,2351.6548,14379.9065,61783.5027,-515545.678,-437030.614,-453762.1753
4103000,2404.2315,14355.5037,62118.1616,-516289.0234,-437411.1266,-454170.8618
4104000,2367.0914,14378.9153,62682.0383,-517060.0136,-437631.9686,-454377.9753
4105000,2385.6612,14329.9251,61957.6242,-516673.5636,-438000.3531,-454715.9394
4106000,2341.9748,14254.4598,61644.1912,-516268.1386,-438027.5128,-454623.9474
4107000,2387.5392,14355.8036,61819.5557,-515724.0648,-437161.1663,-453904.5091
4108000,2388.0677,14419.2696,62219.7033,-516130.66,-437103.61939999997,-453910.9567
4109000,2387.9895,14426.9205,61684.463,-515988.0396,-437488.6666,-454303.57660000003
4110000,2365.5614,14308.6242,61934.811,-516330.2851,-437721.28849999997,-454395.4741
4111000,2361.6416,14404.731,62460.7774,-517205.2715,-437978.1215,-454744.49409999995
4112000,2397.2164,14258.2228,61738.9748,-516074.2378,-437679.8238,-454335.263
4113000,2379.0592,14329.2122,61820.6381,-516087.3377,-437558.42819999997,-454266.6996
4114000,2387.0036,14284.7708,62888.2113,-517850.5335,-438290.5478,-454962.3222
4115000,2374.8715,14330.4739,61629.7104,-515745.5526,-437410.49679999996,-454115.8422
4116000,2397.8825,14343.3365,61897.7617,-516854.6984,-438215.7177,-454956.93669999996
4117000,2409.3077,14279.3729,61786.3323,-515982.426,-437507.4131,-454196.09369999997
4118000,2408.7243,14388.4881,61579.7721,-515749.3112,-437372.3267,-454169.5391
4119000,2385.0587,14257.0754,62495.3273,-517002.1281,-437864.66669999994,-454506.80079999997
4120000,2372.9629,14448.0183,62064.9419,-516261.2865,-437375.3634,-454196.3446
4121000,2387.165,14322.5042,62093.2045,-516524.0122,-437721.1385,-454430.8077
4122000,2384.85,14296.9992,61720.8486,-515712.6197,-437309.92189999996,-453991.7711
4123000,2357.1289,14348.6385,61537.7062,-515581.5529,-437338.0793,-454043.8467
4124000,2402.8923,14347.955,61759.3746,-516308.9591,-437798.7372,-454549.5845
4125000,2393.3092,14368.9631,62275.7118,-516523.4459,-437485.4618,-454247.7341
4126000,2395.1612,14359.7674,62152.217,-516807.7695,-437900.6239,-454655.5525
4127000,2362.2224,14213.2257,61609.1851,-515522.9235,-437338.2903,-453913.7384
4128000,2362.6694,14236.499,61661.2516,-515019.1339,-436758.71390000003,-453357.8823
4129000,2399.4934,14437.7989,61593.8491,-515636.8656,-437205.72420000006,-454043.0165
4130000,2403.6504,14349.0069,62174.2915,-516297.2436,-437370.2948,-454122.9521
4131000,2381.6557,14320.7825,61411.5873,-515439.1462,-437325.1207,-454027.5589
4132000,2394.3225,14292.6504,61669.2363,-515540.1042,-437183.895,-453870.8679
4133000,2401.5018,14326.452,62525.6302,-517054.2076,-437800.62360000005,-454528.5774
4134000,2370.2448,14281.1497,62155.475,-515706.3876,-436899.5181,-453550.91260000004
4135000,2401.5406,14339.4411,61717.8246,-515491.191,-437032.3847,-453773.3664
4136000,2367.5535,14298.2144,62194.4489,-516426.9128,-437566.696,-454232.4639
4137000,2389.9316,14390.8484,62222.983,-516366.4348,-437362.6718,-454143.4518
4138000,2334.2809,14186.6139,62091.6872,-516520.1392,-437907.5572,-454428.452
4139000,2370.1805,14360.4407,61918.5266,-516147.4363,-437498.2885,-454228.9097
4140000,2397.2129,14358.5235,61733.9887,-515999.1426,-437509.41750000004,-454265.15390000003
4141000,2393.6435,14405.2625,62600.2374,-516897.3949,-437498.2515,-454297.15750000003
4142000,2365.9012,14299.8439,61983.164,-516413.4376,-437764.5285,-454430.2736
4143000,2398.4202,14316.2359,62034.0633,-516217.5958,-437468.8764,-454183.53250000003
4144000,2377.1184,14327.8193,62136.5566,-516658.1796,-437816.68529999995,-454521.62299999996
4145000,2367.9049,14312.6358,62388.1214,-517334.5258,-438265.8637,-454946.4044
4146000,2404.1523,14251.3752,61809.9897,-515639.7236,-437174.2064,-453829.73390000005
4147000,2381.675,14308.3182,62119.3265,-516414.8093,-437605.48960000003,-454295.4828
4148000,2428.8057,14244.0131,62414.9775,-517149.1836,-438061.3873,-454734.2061
4149000,2341.6188,14188.793,61892.6619,-516329.3908,-437906.3171,-454436.7289
4150000,2394.2408,14230.4365,61920.9258,-515704.1276,-437158.5245,-453783.20180000004
4151000,2382.1363,14266.2685,61942.5751,-516076.6639,-437485.684,-454134.08879999997
4152000,2342.3627,14306.1089,62736.1419,-516835.2168,-437450.60329999996,-454099.0749
4153000,2375.6497,14271.5586,62204.6046,-516362.8799,-437511.06700000004,-454158.2753
4154000,2413.4533,14223.2085,62140.3424,-516440.0405,-437663.03630000004,-454299.6981
4155000,2396.6076,14354.9984,62130.2663,-517003.0533,-438121.18100000004,-454872.787
4156000,2384.1121,14290.8652,61880.8047,-516324.7755,-437768.9935,-454443.9708
4157000,2421.8422,14291.7238,61730.6261,-516163.8891,-437719.697,-454433.263
4158000,2353.9085,14283.732,61890.9448,-516327.8184,-437799.23309999995,-454436.8736
4159000,2355.4327,14234.3791,62214.3374,-516520.4705,-437716.3213,-454306.1331
4160000,2434.4993,14344.8079,62193.4201,-517139.7363,-438167.00899999996,-454946.3162
4161000,2365.6213,14262.8877,62230.9868,-516953.0583,-438093.5625,-454722.07149999996
4162000,2403.8134,14382.7418,61816.5685,-516441.8779,-437838.7542,-454625.3094
4163000,2378.7818,14305.3808,62057.5004,-516451.9141,-437710.2511,-454394.4137
4164000,2394.1346,14318.7629,62053.5469,-516398.3425,-437631.8981,-454344.7956
4165000,2389.2431,14305.5005,61840.7507,-515843.1542,-437307.65989999997,-454002.4035
4166000,2383.698,14273.862,62200.6179,-516668.1667,-437809.9888,-454467.5488
4167000,2386.041,14360.2784,61922.7605,-516011.2841,-437342.2042,-454088.5236
4168000,2357.8665,14260.9667,61837.5435,-515509.9968,-437053.62010000006,-453672.45330000005
4169000,2351.9758,14283.7145,61788.3157,-515718.9561,-437294.9501,-453930.64040000003
4170000,2390.5325,14273.8754,61807.0525,-515959.1394,-437487.679,-454152.0869
4171000,2378.5245,14341.1565,61845.2717,-515375.3423,-436810.3896,-453530.07060000004
4172000,2356.663,14307.3826,61615.1199,-515903.1654,-437623.9999,-454288.0455
4173000,2383.4614,14321.2762,61901.8867,-516045.7112,-437439.0869,-454143.8245
4174000,2365.8358,14340.1272,61900.5277,-516098.3626,-437491.8719,-454197.8349
4175000,2347.5771,14327.0919,61577.1097,-516091.315,-437839.53630000004,-454514.20530000003
4176000,2401.0261,14264.9996,62343.2562,-516967.987,-437958.7051,-454624.7308
4177000,2376.5785,14263.4684,62520.9371,-517170.125,-438009.141,-454649.1879
4178000,2399.4277,14179.2749,61950.8775,-516602.4811,-438072.90099999995,-454651.6036
4179000,2359.6671,14306.1746,61842.8869,-516241.2201,-437732.4915,-454398.3332
4180000,2387.8722,14401.183,61419.6187,-515362.4913,-437153.8174,-453942.8726
4181000,2385.2242,14358.8587,61959.273,-516177.9524,-437474.5965,-454218.6794
4182000,2347.9181,14232.3223,61497.8253,-515644.3363,-437566.27060000005,-454146.51100000006
4183000,2360.9103,14333.1029,62135.0538,-516265.2824,-437436.2154,-454130.22860000003
4184000,2354.654,14288.2024,62199.317,-516763.6933,-437921.51989999996,-454564.3763
4185000,2370.9121,14255.6817,61683.5293,-516018.3336,-437708.21050000004,-454334.8043
4186000,2357.5298,14282.0195,61537.6204,-515658.376,-437481.20629999996,-454120.7556
4187000,2365.9776,14259.6178,61379.7752,-515793.7989,-437788.4283,-454414.0237
4188000,2375.7886,14304.6939,62160.2634,-516214.7736,-437374.0277,-454054.5102
4189000,2354.0707,14303.2374,61920.4973,-515926.7449,-437348.9395,-454006.2476
4190000,2380.0208,14262.0908,62412.3354,-516819.2416,-437764.7946,-454406.9062
4191000,2373.8481,14310.7555,62274.7663,-516565.1993,-437605.8294,-454290.43299999996
4192000,2379.0802,14309.6411,61489.7362,-515592.1833,-437413.72579999996,-454102.4471
4193000,2371.401,14294.5694,61608.7812,-515922.5782,-437647.82660000003,-454313.797
4194000,2349.034,14298.0266,61871.1367,-515440.1489,-436921.9516,-453569.0122
4195000,2372.8161,14267.7889,62040.2688,-515971.0567,-437290.1829,-453930.7879
4196000,2408.6055,14319.7589,62145.0029,-516641.3006,-437767.93330000003,-454496.2977
4197000,2378.5365,14242.6282,61583.2134,-516271.6736,-438067.2955,-454688.4602
4198000,2389.2658,14271.1504,61908.9365,-515967.6792,-437398.3265,-454058.7427
4199000,2391.4083,14334.7847,62024.0742,-516031.6561,-437281.3889,-454007.5819
4200000,2385.9176,14302.5067,61830.4352,-515954.5014,-437435.64190000005,-454124.0662
4201000,2384.5154,14369.1137,61996.8068,-517036.4662,-438286.03030000004,-455039.6594
4202000,2383.9557,14282.1275,61751.491,-515909.2243,-437491.65009999997,-454157.7333
4203000,2357.7583,14288.3101,62405.7685,-516283.3246,-437231.4877,-453877.5561
4204000,2436.6797,14424.4608,61548.796,-515162.953,-436753.01649999997,-453614.157
4205000,2397.6267,14363.3117,61866.3541,-515781.588,-437154.2955,-453915.2339
4206000,2354.8992,14340.3578,61883.7367,-515737.7306,-437158.7369,-453853.9939
4207000,2423.1779,14369.8569,61978.5275,-515820.6285,-437049.0662,-453842.101
4208000,2391.4158,14340.6199,61721.9959,-515616.9393,-437162.90770000004,-453894.94340000005
4209000,2358.7578,14319.2057,62188.1365,-516325.315,-437459.21499999997,-454137.1785
4210000,2359.7798,14248.2237,62493.7854,-517127.9377,-438026.1488,-454634.1523
4211000,2343.245,14249.7136,62142.7129,-516597.6987,-437862.0272,-454454.9858
4212000,2378.2857,14355.1386,61560.8332,-515775.8873,-437481.6298,-454215.0541
4213000,2368.9156,14305.85,62161.3215,-516538.1356,-437702.0485,-454376.81409999996
4214000,2367.04,14293.4671,61929.0576,-516330.6392,-437741.0745,-454401.5816
4215000,2390.7967,14225.6306,61880.1478,-516325.0562,-437828.4811,-454444.9084
4216000,2353.9884,14364.1547,62004.8074,-516269.6215,-437546.671,-454264.8141
4217000,2372.0644,14264.4814,61925.8178,-516361.9202,-437799.5566,-454436.1024
4218000,2368.1239,14321.8362,61801.5519,-515804.0759,-437312.5639,-454002.524
4219000,2406.5264,14370.7455,62084.7551,-516783.0406,-437921.0136,-454698.2855
4220000,2376.9503,14287.9312,62028.5985,-516208.8714,-437515.3914,-454180.2729
4221000,2394.5988,14270.395,62365.2473,-516888.7274,-437858.4863,-454523.4801
4222000,2382.2917,14319.7834,61921.687,-516710.423,-438086.6609,-454788.73600000003
4223000,2364.5771,14414.2564,62652.4999,-517373.1023,-437941.7689,-454720.60240000003
4224000,2363.6013,14298.4776,61832.1261,-515827.331,-437333.126,-453995.2049
4225000,2397.8464,14337.0224,62377.3669,-517147.1415,-438034.9058,-454769.7746
4226000,2358.4059,14287.5974,62087.8188,-516536.152,-437802.3299,-454448.3332
4227000,2354.9993,14302.0046,61911.1453,-515798.6684,-437230.51920000004,-453887.52310000005
4228000,2378.3397,14286.9872,61853.6239,-515328.2067,-436809.2559,-453474.5828
4229000,2367.3479,14337.8875,62225.1446,-515820.265,-436889.885,-453595.1204
4230000,2360.3913,14268.6672,61525.5836,-516034.622,-437879.9799,-454509.03839999996
4231000,2374.6666,14266.8284,62215.4061,-516885.0246,-438028.1235,-454669.6185
4232000,2366.3575,14288.5704,62017.0004,-515942.6728,-437270.74450000003,-453925.6724
4233000,2379.8288,14331.1492,61832.5137,-515805.6145,-437262.1228,-453973.1008
4234000,2367.3932,14372.7029,62343.3599,-516578.9554,-437495.4994,-454235.5955
4235000,2402.387,14365.5972,61446.168,-515508.9529,-437294.80069999996,-454062.78489999997
4236000,2348.5602,14269.8816,62262.5621,-516675.8982,-437794.8943,-454413.3361
4237000,2356.2532,14301.4719,62295.9856,-516933.2668,-437979.5561,-454637.28119999997
4238000,2355.0564,14270.8864,61631.6095,-516039.1062,-437781.5539,-454407.49669999996
4239000,2393.9821,14355.2351,61802.6764,-516418.3835,-437866.4899,-454615.7071
4240000,2344.6602,14451.474,62555.9355,-517166.8806,-437814.8109,-454610.94509999995
4241000,2355.7966,14413.0219,62301.8093,-516821.2333,-437750.6055,-454519.424
4242000,2355.802,14391.432,62171.5909,-516866.3285,-437947.5036,-454694.7376
4243000,2352.5449,14314.7009,61910.4329,-515792.648,-437214.9693,-453882.2151
4244000,2369.0843,14356.663,61571.5825,-515497.2218,-437199.892,-453925.6393
4245000,2381.9257,14342.1821,61525.3912,-515434.8548,-437185.35579999996,-453909.46359999996
4246000,2383.9569,14253.4433,62016.0435,-516276.9267,-437623.483,-454260.88320000004
4247000,2375.8369,14297.5705,62046.7961,-515993.1248,-437272.9213,-453946.3287
4248000,2395.246,14343.5493,61994.2399,-516030.0039,-437296.9687,-454035.764
4249000,2390.8971,14355.4919,62259.9549,-516933.1529,-437926.809,-454673.198
4250000,2394.3085,14334.6769,62009.5699,-516369.8562,-437631.3009,-454360.2863
4251000,2405.0543,14316.3352,62381.2662,-517162.652,-438059.9963,-454781.3858
4252000,2375.6471,14268.0931,62530.1744,-516783.8713,-437609.9567,-454253.6969
4253000,2355.337,14336.5057,62032.5995,-516211.3061,-437486.8639,-454178.7066
4254000,2390.2517,14237.0498,61695.4007,-515206.0475,-436883.3453,-453510.6468
4255000,2388.356,14397.68,62218.2903,-516404.1279,-437399.8016,-454185.8376
4256000,2375.0526,14356.8098,61562.1122,-515391.2368,-437097.2622,-453829.1246
4257000,2359.443,14326.594,61570.2536,-515656.5763,-437400.2857,-454086.3227
4258000,2338.3568,14256.3132,62173.6809,-516379.0503,-437610.6994,-454205.3694
4259000,2394.0622,14260.4056,62175.8234,-516287.2847,-437456.9935,-454111.4613
4260000,2375.6646,14343.1453,61730.8183,-516175.0829,-437725.4547,-454444.2646
4261000,2365.6877,14420.7867,61709.5483,-516108.0865,-437612.0638,-454398.53819999995
4262000,2386.5189,14346.6952,62086.2512,-516095.8362,-437276.37090000004,-454009.585
4263000,2378.5994,14346.1999,61522.0913,-515272.4847,-437025.5941,-453750.39339999994
4264000,2386.8293,14243.6245,62247.1959,-515648.2795,-436770.6298,-453401.0836
4265000,2414.53,14296.52,62298.1873,-516550.014,-437540.77670000005,-454251.82670000003
4266000,2374.091,14291.8072,61528.0346,-515433.0589,-437239.1261,-453905.0243
4267000,2367.5054,14219.9057,61878.0259,-515637.2485,-437171.81149999995,-453759.2226
4268000,2380.2714,14274.7218,61606.1328,-515794.9694,-437533.8434,-454188.8366
4269000,2407.036,14377.2195,61704.9718,-515647.69,-437158.46270000003,-453942.7182
4270000,2400.6098,14357.175,62423.2301,-516964.0807,-437783.0658,-454540.8506
4271000,2407.4087,14369.208,61515.9753,-515747.7602,-437455.1682,-454231.7849
4272000,2370.8839,14270.7614,61946.6076,-515822.6845,-437234.43159999995,-453876.0769
4273000,2359.0422,14326.5198,61804.1436,-515643.9138,-437154.2082,-453839.77019999997
4274000,2384.0553,14356.1888,61968.1516,-516004.5051,-437296.1094,-454036.3535
4275000,2380.3391,14196.4332,62132.6471,-516608.8591,-437899.4397,-454476.212
4276000,2409.5302,14371.7964,61671.277,-515517.5452,-437064.9416,-453846.2682
4277000,2363.3738,14293.3231,61988.6287,-516445.4637,-437800.13810000004,-454456.835
4278000,2335.391,14331.4763,61947.9641,-515800.1818,-437185.3504,-453852.21770000004
4279000,2378.8159,14416.3993,61186.1536,-515464.8453,-437483.4765,-454278.69169999997
4280000,2371.052,14317.0581,61896.0952,-515384.3561,-436800.15079999994,-453488.2609
4281000,2359.1664,14190.5568,62744.351,-517144.8902,-437850.816,-454400.5392
4282000,2378.1894,14318.4162,62045.9423,-516277.6495,-437535.1016,-454231.7072
4283000,2391.7,14282.7475,61498.5646,-515736.0598,-437563.0477,-454237.4952
4284000,2339.3086,14222.267,62042.9669,-516627.5493,-438023.00680000003,-454584.5824
4285000,2393.6145,14275.8473,61547.52,-515469.9463,-437252.9645,-453922.4263
4286000,2421.3141,14342.6756,61794.343,-515538.1772,-436979.8445,-453743.8342
4287000,2413.4282,14372.9445,61857.9167,-515806.3172,-437162.0278,-453948.4005
4288000,2381.6391,14286.4683,62104.62,-516897.055,-438124.32759999996,-454792.435
4289000,2371.9413,14384.8115,62025.2818,-515809.3438,-437027.30919999996,-453784.062
4290000,2379.7122,14285.9641,61814.3851,-515901.1186,-437421.0572,-454086.7335
4291000,2366.4323,14264.9484,61857.6353,-516007.3425,-437518.3265,-454149.7072
4292000,2391.2971,14310.0594,61627.5837,-515865.3872,-437536.447,-454237.8035
4293000,2377.4435,14267.3353,62022.1402,-516441.5183,-437774.5993,-454419.3781
4294000,2347.9534,14294.2331,62094.4761,-516271.532,-437534.8694,-454177.05590000004
4295000,2347.5374,14250.4677,62489.6826,-517431.6183,-438343.93059999996,-454941.9357
4296000,2402.4943,14363.0128,62122.5937,-516369.3602,-437481.2594,-454246.7665
4297000,2396.4204,14326.0973,61966.2313,-516167.9368,-437479.1878,-454201.70550000004
4298000,2365.4556,14260.0732,62040.7327,-516512.401,-437846.13950000005,-454471.6683
4299000,2380.8553,14281.3548,61420.0369,-515138.7529,-437056.5059,-453718.716
4300000,2361.9788,14382.3521,62494.3085,-517082.3941,-437843.7547,-454588.0856
4301000,2379.6312,14352.099,62045.2513,-516863.9342,-438086.9527,-454818.6829
4302000,2365.2435,14258.0237,62118.343,-516887.5061,-438145.8959,-454769.1631
4303000,2397.4512,14281.626,62305.2357,-516477.7091,-437493.39619999996,-454172.47339999996
4304000,2403.3595,14252.0165,62631.1737,-517241.7716,-437955.2219,-454610.5979
4305000,2368.4088,14275.6187,61656.2723,-515546.5829,-437246.2831,-453890.31059999997
4306000,2370.5003,14316.5565,61571.0606,-515374.0946,-437115.9772,-453803.034
4307000,2366.4867,14266.4719,62298.4254,-516808.9485,-437877.5645,-454510.5231
4308000,2371.5629,14256.2215,61933.5032,-515878.6817,-437317.39410000003,-453945.17850000004
4309000,2354.4542,14295.2269,61850.9126,-515752.6143,-437252.02060000005,-453901.70170000003
4310000,2374.1434,14275.7555,61949.6102,-515917.9348,-437318.4257,-453968.3246
4311000,2389.1212,14275.7851,61623.4004,-515804.5689,-437516.2622,-454181.1685
4312000,2370.6884,14300.231,61866.5511,-515765.8903,-437228.41980000003,-453899.33920000005
4313000,2384.9383,14208.3615,61771.8759,-515949.7429,-437584.56720000005,-454177.867
4314000,2358.158,14290.6159,62121.3934,-516655.7199,-437885.55260000005,-454534.3265
4315000,2364.8187,14238.3647,61857.3004,-516039.5867,-437579.1029,-454182.2863
4316000,2357.5509,14260.2765,62028.9781,-515849.9611,-437203.1556,-453820.983
4317000,2356.7932,14225.5529,61210.4205,-514809.4657,-437016.69909999997,-453599.0452
4318000,2381.4233,14323.7618,62371.2568,-516658.1752,-437581.73329999996,-454286.91839999997
4319000,2375.4416,14270.113,61622.0852,-516056.0627,-437788.4229,-454433.97750000004
4320000,2366.2927,14273.0483,62508.1331,-517437.2215,-438289.7474,-454929.0884
4321000,2358.1946,14338.1863,62042.4478,-516591.3045,-437852.4758,-454548.8567
4322000,2396.3752,14302.3265,61841.8996,-516877.6061,-438337.0048,-455035.7065
4323000,2346.5709,14247.1286,62123.9504,-516776.1811,-438058.53119999997,-454652.23069999996
4324000,2381.6371,14210.1854,62338.3779,-517118.8834,-438188.68299999996,-454780.50549999997
4325000,2336.9615,14196.5684,62467.876,-517425.0489,-438423.643,-454957.1729
4326000,2369.2389,14267.4114,62777.3183,-516913.6395,-437499.6709,-454136.3212
4327000,2424.2865,14259.9846,62513.4529,-517012.4983,-437814.7743,-454499.0454
4328000,2365.5475,14288.981,61529.3521,-516036.588,-437852.70739999996,-454507.23589999997
4329000,2361.5048,14285.6079,61873.8075,-515762.0333,-437241.1131,-453888.2258
4330000,2390.337,14270.9059,61380.0001,-515402.6133,-437361.3703,-454022.6132
4331000,2391.6429,14265.446,61770.4843,-516359.1357,-437931.5625,-454588.6514
4332000,2359.0139,14255.8175,62622.79,-516813.5554,-437575.934,-454190.76540000003
4333000,2367.2597,14161.5991,62097.4693,-516354.9352,-437728.6071,-454257.4659
4334000,2386.8325,14388.0988,61941.9155,-516453.7962,-437736.9494,-454511.8807
4335000,2369.2655,14299.1014,61597.0758,-515847.0989,-437581.65619999997,-454250.0231
4336000,2393.5566,14320.2637,62289.7745,-516837.5867,-437833.9919,-454547.8122
4337000,2380.0791,14209.5374,62241.3669,-516292.3047,-437461.32129999995,-454050.93779999996
4338000,2399.3533,14247.8721,61686.3905,-515602.9713,-437269.3554,-453916.5808
4339000,2337.262,14229.5241,61682.1897,-515937.635,-437688.6592,-454255.4453
4340000,2371.2409,14288.7957,61950.2097,-516395.2934,-437785.0471,-454445.0837
4341000,2371.7509,14338.7449,61474.8256,-515873.438,-437688.1166,-454398.61240000004
4342000,2383.8633,14294.5638,61892.2453,-516465.978,-437895.30559999996,-454573.7327
4343000,2373.1483,14340.1356,61818.494,-515280.2348,-436748.4569,-453461.74079999997
4344000,2368.8173,14213.6806,61592.4159,-515540.7024,-437365.7886,-453948.2865
4345000,2354.3868,14272.2383,62115.0475,-516103.287,-437361.6144,-453988.2395
4346000,2398.1759,14351.1018,61801.1123,-515536.2564,-436985.8664,-453735.14410000003
4347000,2369.7954,14183.714,61979.2338,-516111.338,-437578.59479999996,-454132.1042
4348000,2353.5196,14298.1049,62064.8159,-516632.5864,-437916.14599999995,-454567.7705
4349000,2402.274,14216.7003,61919.3216,-516409.767,-437871.47109999997,-454490.44539999997
4350000,2362.7818,14120.5976,61847.1209,-515975.3371,-437644.8368,-454128.2162
4351000,2389.7745,14309.3542,62266.7479,-516432.3013,-437466.4247,-454165.5534
4352000,2343.2521,14209.4561,62021.1887,-516667.1881,-438093.29120000004,-454645.99940000003
4353000,2353.6643,14267.2946,61746.3881,-516022.0513,-437654.7043,-454275.6632
4354000,2386.5838,14318.2119,61647.76,-515917.918,-437565.36230000004,-454270.158
4355000,2379.9695,14316.6887,61953.11,-516329.2072,-437679.439,-454376.0972
4356000,2415.8824,14259.4187,62009.6524,-516875.1125,-438190.159,-454865.46009999997
4357000,2362.1453,14266.9267,62576.1801,-516544.8883,-437339.6362,-453968.7082
4358000,2350.5836,14236.0895,62432.2819,-516377.5049,-437358.5499,-453945.223
4359000,2382.0789,14231.1252,61796.2021,-515360.5279,-436951.1217,-453564.3258
4360000,2384.1071,14244.0941,62154.7635,-516604.8728,-437821.9081,-454450.1093
4361000,2395.5492,14231.1695,62187.7041,-515537.0922,-436722.6694,-453349.3881
4362000,2386.6959,14223.5452,62322.0497,-516299.679,-437367.3882,-453977.62930000003
4363000,2364.6475,14148.1636,62138.7662,-516966.317,-438314.7397,-454827.55079999997
4364000,2368.8934,14338.1492,61810.1689,-516006.3027,-437489.0912,-454196.1338
4365000,2374.0686,14212.3769,62123.1076,-516640.7275,-437931.17439999996,-454517.6199
4366000,2395.8762,14234.5567,61717.7781,-516194.6154,-437846.4044,-454476.8373
4367000,2379.8657,14125.255,62475.1671,-516522.7759,-437542.4881,-454047.6088
4368000,2375.6824,14226.7931,62280.3475,-516248.0873,-437365.26430000004,-453967.7398
4369000,2406.339,14274.0644,62069.78,-516417.4131,-437667.2297,-454347.6331
4370000,2360.6226,14216.4506,61335.3294,-515551.592,-437639.18940000003,-454216.2626
4371000,2407.9478,14343.4185,61671.1986,-516256.99,-437834.4251,-454585.7914
4372000,2385.154,14301.8541,61897.6523,-516476.6729,-437892.0125,-454579.0206
4373000,2405.0371,14201.8187,62249.8118,-516926.9974,-438070.3298,-454677.18559999997
4374000,2386.8265,14309.3512,62506.7443,-516799.655,-437596.733,-454292.9107
4375000,2376.8846,14189.8334,61997.9889,-516235.7413,-437671.0344,-454237.7524
4376000,2352.6447,14307.3652,61761.4058,-516192.9088,-437771.49309999996,-454431.50299999997
4377000,2374.9904,14252.3576,62259.738,-516792.0499,-437904.9639,-454532.3119
4378000,2381.7424,14231.3125,62007.3356,-515939.8126,-437319.4221,-453932.477
4379000,2389.1638,14221.4678,61775.813,-515428.6517,-437042.2071,-453652.83869999996
4380000,2384.4915,14247.5861,61837.7857,-515656.3638,-437186.50049999997,-453818.5781
4381000,2385.0057,14263.7631,61942.4362,-516506.3196,-437915.1146,-454563.8834
4382000,2367.0047,14190.7528,61312.2499,-515346.8463,-437476.8389,-454034.5964
4383000,2401.4737,14239.9524,61823.5408,-515867.0084,-437402.0415,-454043.4676
4384000,2368.9275,14266.7911,61921.3003,-515643.8353,-437086.8164,-453722.535
4385000,2374.1383,14270.4609,62017.9176,-516415.4652,-437752.9484,-454397.5476
4386000,2364.9611,14391.6232,61923.1824,-515961.7507,-437281.984,-454038.5683
4387000,2410.872,14264.082,62403.9734,-516737.1376,-437658.21020000003,-454333.1642
4388000,2424.6166,14312.5611,61904.4193,-516370.2689,-437728.6719,-454465.8496
4389000,2383.4911,14318.3044,61478.314,-516208.1317,-438028.0222,-454729.8177
4390000,2353.1217,14270.9524,61793.3176,-516103.7018,-437686.3101,-454310.3842
4391000,2340.6994,14217.0032,61918.0243,-516392.6047,-437916.8778,-454474.58040000004
4392000,2354.5861,14312.8547,62147.2735,-516499.6916,-437684.9773,-454352.4181
4393000,2377.2863,14398.451,62144.2883,-517222.9376,-438302.912,-455078.6493
4394000,2359.1169,14240.5811,61489.4439,-515845.7341,-437756.5922,-454356.2902
4395000,2405.4291,14188.3602,61983.0101,-516469.3544,-437892.555,-454486.3443
4396000,2373.1258,14264.3455,61174.7859,-515373.4514,-437561.1942,-454198.6655
4397000,2376.412,14195.129,61901.4079,-516129.3151,-437656.3662,-454227.9072
4398000,2373.3802,14297.3146,61902.3322,-516211.5685,-437638.5415,-454309.2363
4399000,2353.286,14211.2328,62283.6013,-516692.521,-437844.4009,-454408.9197
4400000,2405.1638,14226.517,61798.615,-516216.0394,-437785.74360000005,-454417.4244
4401000,2342.0237,14262.0161,62641.3804,-517059.4024,-437813.9822,-454418.022
4402000,2390.8536,14151.0613,62325.4766,-516776.6257,-437909.23419999995,-454451.1491
4403000,2357.3513,14209.4894,61978.2,-517012.4099,-438467.3692,-455034.2099
4404000,2393.5085,14254.452,62082.531,-516768.1773,-438037.6858,-454685.64629999996
4405000,2382.4811,14244.2955,61863.3792,-516383.1728,-437893.017,-454519.7936
4406000,2367.1521,14116.4863,62125.7074,-516475.3443,-437865.9985,-454349.6369
4407000,2378.4736,14259.6388,62292.7977,-516821.3726,-437890.4625,-454528.5749
4408000,2368.0145,14257.7456,61948.6658,-515390.101,-436815.6751,-453441.4352
4409000,2393.3701,14306.8901,62045.9779,-515801.3437,-437055.1056,-453755.3658
4410000,2356.0738,14224.506,62458.2321,-516497.2019,-437458.39,-454038.96979999996
4411000,2371.9031,14316.995,61850.2768,-516471.2395,-437932.06460000004,-454620.96270000003
4412000,2359.1683,14353.5303,62480.8993,-517197.5607,-438003.9628,-454716.6614
4413000,2411.6533,14342.9317,62056.6906,-516346.5313,-437535.2557,-454289.84069999994
4414000,2380.9203,14352.4885,62262.7477,-516353.5154,-437357.3589,-454090.76769999997
4415000,2366.6102,14356.6967,61768.173,-515511.2934,-437019.81350000005,-453743.1204
4416000,2341.7605,14210.9593,61834.2138,-515480.7304,-437093.7968,-453646.5166
4417000,2389.9983,14213.8423,61586.1229,-515319.3649,-437129.4014,-453733.24199999997
4418000,2386.4497,14266.0965,61666.483,-515340.9787,-437021.9495,-453674.49569999997
4419000,2340.7732,14201.2286,61762.7763,-515665.488,-437360.7099,-453902.7117
4420000,2350.9306,14200.1914,62113.5053,-515821.821,-437157.1937,-453708.3157
4421000,2375.2093,14323.9841,61930.7041,-516467.0689,-437837.1714,-454536.3648
4422000,2362.4431,14248.8506,61833.6786,-515984.0978,-437539.12549999997,-454150.4192
4423000,2347.5197,14302.905,61914.941,-516221.1809,-437655.81519999995,-454306.2399
4424000,2383.1513,14229.3903,61744.9742,-515530.8315,-437173.3157,-453785.8573
4425000,2400.1232,14315.9101,62155.9563,-516058.558,-437186.5684,-453902.6017
4426000,2336.3418,14221.5137,62021.7625,-515701.9154,-437122.29740000004,-453680.1529
4427000,2435.0387,14287.5783,61961.8848,-516365.4362,-437680.9344,-454403.5514
4428000,2401.6508,14341.2433,62280.7986,-515918.7508,-436895.05809999997,-453637.9522
4429000,2394.1872,14290.098,62181.2637,-515982.0323,-437116.4834,-453800.7686
4430000,2372.5881,14208.0913,61858.595,-515590.635,-437151.3606,-453732.04000000004
4431000,2387.9539,14291.6983,61647.6282,-515404.3172,-437077.0368,-453756.689
4432000,2365.7678,14215.341,61904.3292,-516120.9882,-437635.55020000006,-454216.65900000004
4433000,2391.1367,14259.6269,62197.7476,-516227.3367,-437378.8255,-454029.5891
4434000,2435.7145,14393.0824,61794.7927,-515305.7847,-436682.1951,-453510.992
4435000,2407.6145,14351.2867,62211.4896,-516045.1396,-437074.7488,-453833.65
4436000,2385.8515,14267.1207,62028.7914,-516042.224,-437360.4604,-454013.4326
4437000,2390.9216,14342.1169,62028.799,-516308.1658,-437546.32830000005,-454279.3668
4438000,2379.7647,14208.6225,62161.3609,-515810.4503,-437060.70220000006,-453649.08940000006
4439000,2369.4398,14282.8442,62041.996,-515945.6378,-437251.3578,-453903.64180000004
4440000,2421.4959,14243.3049,62177.8298,-516288.292,-437445.6614,-454110.4622
4441000,2372.8405,14289.0538,62308.4133,-515457.5412,-436487.2336,-453149.12789999996
4442000,2368.5497,14247.9757,61456.5729,-515291.1378,-437218.0395,-453834.5649
4443000,2419.2009,14272.6895,61343.6748,-515428.3648,-437392.79959999997,-454084.69
4444000,2416.7961,14304.5716,61572.051,-515269.6097,-436976.191,-453697.5587
4445000,2398.23,14211.7888,62122.4842,-516479.5959,-437747.09290000005,-454357.1117
4446000,2334.819,14238.2627,61714.2897,-516235.7356,-437948.3642,-454521.4459
4447000,2375.2981,14241.1199,61964.1146,-516565.0632,-437984.53059999994,-454600.9486
4448000,2357.1956,14315.688,62073.4239,-516493.778,-437747.4705,-454420.3541
4449000,2346.8521,14192.7148,62162.0043,-516523.445,-437821.8738,-454361.44070000004
4450000,2379.1875,14314.5579,61707.8517,-516135.1443,-437733.5472,-454427.2926
4451000,2358.3071,14205.9248,62161.3898,-516773.3087,-438047.68700000003,-454611.9189
4452000,2369.1642,14194.8171,62105.9873,-516070.7431,-437400.77450000006,-453964.75580000004
4453000,2347.0043,14219.3303,61989.6174,-516170.9429,-437614.99090000003,-454181.32550000004
4454000,2415.7744,14310.0793,61985.0314,-516051.4351,-437340.55,-454066.4037
4455000,2391.2794,14350.3892,62032.3498,-515655.1114,-436881.093,-453622.76159999997
4456000,2342.3463,14212.2685,62320.5938,-516733.6386,-437858.43,-454413.04480000003
4457000,2364.1512,14219.6164,62352.1088,-516611.0454,-437675.169,-454258.9366
4458000,2387.8409,14272.3691,61700.3937,-515630.2092,-437269.60549999995,-453929.81549999997
4459000,2369.1206,14165.1415,62210.0714,-516524.21,-437779.8765,-454314.1386
4460000,2407.0615,14249.4998,62103.5376,-516429.679,-437669.5801,-454326.1414
4461000,2384.7112,14380.2289,61935.8012,-516128.0521,-437427.3108,-454192.2509
4462000,2372.5582,14250.9197,61755.2641,-515836.5319,-437457.7899,-454081.26780000003
4463000,2377.173,14159.9583,61695.8989,-515471.1335,-437238.10329999996,-453775.23459999997
4464000,2392.6817,14229.184,61677.6789,-516243.4728,-437943.92819999997,-454565.7939
4465000,2373.9961,14312.8126,61982.6599,-516167.3519,-437497.8833,-454184.69200000004
4466000,2383.8507,14256.6259,62007.0303,-515182.1415,-436534.63460000005,-453175.11120000004
4467000,2412.1506,14187.3393,61984.4692,-516096.7085,-437512.7494,-454112.2393
4468000,2382.7767,14130.4356,62067.8218,-516010.8339,-437429.79980000004,-453943.01210000005
4469000,2413.6104,14163.2559,61721.5309,-515600.1644,-437301.7672,-453878.6335
4470000,2356.0944,14281.2572,62252.7998,-516400.1192,-437509.9678,-454147.31940000004
4471000,2356.2186,14158.3823,61788.3426,-515728.4847,-437425.5412,-453940.14209999994
4472000,2355.2913,14233.3134,62927.7613,-517115.8937,-437599.52770000004,-454188.1324
4473000,2353.407,14201.1668,61863.0286,-515956.9527,-437539.35030000005,-454093.9241
4474000,2397.0253,14253.7637,62017.5591,-516112.9808,-437444.6327,-454095.4217
4475000,2407.2969,14342.022,62282.4412,-516573.7426,-437541.9825,-454291.3014
4476000,2377.7347,14307.5894,62171.9374,-516694.0181,-437836.75659999996,-454522.0807
4477000,2362.2402,14169.1358,61527.1923,-514930.053,-436871.48470000003,-453402.8607
4478000,2350.6894,14154.7112,61975.6077,-515781.4976,-437300.4893,-453805.8899
4479000,2362.9957,14135.9125,61817.2727,-516052.4154,-437736.2345,-454235.14269999997
4480000,2343.0979,14261.4507,61931.5781,-515817.6192,-437281.49250000005,-453886.04110000003
4481000,2416.147,14116.5205,62095.4152,-515998.7467,-437370.664,-453903.33150000003
4482000,2377.6203,14235.3998,62135.1872,-516416.9719,-437668.7646,-454281.7847
4483000,2374.5889,14361.0581,61856.7234,-516463.1404,-437870.76999999996,-454606.41699999996
4484000,2359.5138,14262.0172,61949.2944,-515500.7381,-436929.9127,-453551.4437
4485000,2380.946,14318.4964,61895.6022,-516290.9649,-437695.9203,-454395.3627
4486000,2351.7747,14193.4364,61721.5347,-515881.783,-437615.0372,-454160.2483
4487000,2376.1251,14185.2072,61979.6979,-515612.8583,-437071.82810000004,-453633.16040000005
4488000,2397.758,14378.141,62275.6186,-516867.8529,-437816.33530000004,-454592.2343
4489000,2383.5708,14356.2721,61435.2213,-515536.8835,-437361.8193,-454101.6622
4490000,2343.3836,14283.617,62214.1534,-516850.2494,-438009.0954,-454636.09599999996
4491000,2374.5126,14225.8474,62357.1007,-516393.6074,-437436.1467,-454036.50669999997
4492000,2391.2916,14275.3471,62023.8546,-516604.9636,-437914.47030000004,-454581.109
4493000,2371.4753,14336.0219,61677.1187,-515336.3001,-436951.6842,-453659.1814
4494000,2408.2535,14287.1172,62035.6337,-516526.8715,-437795.86710000003,-454491.2378
4495000,2385.9515,14270.5458,61685.5475,-516141.7303,-437799.6855,-454456.1828
4496000,2376.2191,14225.8087,62685.4151,-516458.4799,-437171.037,-453773.0648
4497000,2372.1421,14288.553,61551.9304,-515555.5822,-437342.9567,-454003.6518
4498000,2374.0994,14307.7162,62689.0587,-517180.6259,-437809.75159999996,-454491.5672
4499000,2370.2432,14320.978,62031.7604,-516622.934,-437899.9524,-454591.1736
4500000,2401.7102,14351.153,62057.5283,-516274.059,-437463.6675,-454216.5307
4501000,2339.0823,14172.6078,61951.5961,-515715.3956,-437252.10939999996,-453763.79949999996
4502000,2391.0776,14315.0209,61794.0956,-516671.4497,-438171.25560000003,-454877.3541
4503000,2376.8809,14291.4772,61794.0561,-515898.288,-437435.8738,-454104.2319
4504000,2343.8762,14168.847,62109.9673,-516162.2128,-437539.52229999995,-454052.24549999996
4505000,2343.2994,14196.5002,61649.0503,-516376.98,-438188.13009999995,-454727.9297
4506000,2361.3433,14241.5209,62321.2704,-516553.2346,-437629.10000000003,-454231.96420000005
4507000,2390.7625,14199.778,62224.1618,-517001.3889,-438186.6866,-454777.2271
4508000,2388.8007,14116.7885,62430.9537,-516891.4045,-437954.8616,-454460.4508
4509000,2367.7596,14243.8833,62375.7796,-516988.8183,-438001.3958,-454613.0387
4510000,2395.3556,14207.6958,61986.0875,-516362.8101,-437773.6712,-454376.7226
4511000,2359.998,14164.9759,62012.5794,-516369.2465,-437831.6932,-454356.6671
4512000,2374.813,14232.8946,62138.6107,-516960.8472,-438214.52890000003,-454822.2365
4513000,2368.1921,14161.3987,61639.4355,-515866.09,-437697.06370000006,-454226.6545
4514000,2383.0325,14224.2301,61680.7281,-515720.8773,-437432.88659999997,-454040.1492
4515000,2388.9533,14225.8177,62295.9288,-517054.8475,-438144.1477,-454758.9187
4516000,2375.4967,14289.8938,62282.4031,-516808.4009,-437860.60730000003,-454525.9978
4517000,2387.8597,14298.5501,61892.7649,-516279.8815,-437700.70680000004,-454387.1166
4518000,2383.1809,14274.1739,62306.1678,-516407.1972,-437443.6746,-454101.0294
4519000,2340.9637,14262.4426,61675.6448,-515796.3495,-437517.2984,-454120.7047
4520000,2381.3311,14337.6006,62350.4501,-516788.579,-437719.19720000005,-454438.1289
4521000,2355.6254,14206.3911,62157.7456,-516858.3553,-438138.5932,-454700.6097
4522000,2370.1165,14379.1,62068.9841,-516467.989,-437649.78839999996,-454399.0049
4523000,2410.6855,14234.0603,61767.7545,-515561.9242,-437149.4239,-453794.1697
4524000,2371.3935,14168.1293,62136.7197,-516193.7343,-437517.4918,-454057.0146
4525000,2423.2606,14278.1811,61852.8856,-515836.7087,-437282.3814,-453983.82310000004
4526000,2378.8205,14320.5136,61731.0175,-515744.2539,-437313.9023,-454013.2364
4527000,2391.7223,14231.7625,61642.7825,-515472.3986,-437206.1313,-453829.6161
4528000,2374.5071,14213.3972,61511.1652,-515325.2373,-437226.1678,-453814.0721
4529000,2360.2825,14335.7748,62365.8686,-516873.9503,-437812.0244,-454508.08170000004
4530000,2330.039,14164.3646,62121.4901,-515987.6342,-437371.74049999996,-453866.1441
4531000,2367.2678,14279.1918,61952.8202,-515905.0356,-437305.7558,-453952.2154
4532000,2374.5979,14287.1063,62083.2896,-516234.535,-437489.5412,-454151.24539999996
4533000,2374.4331,14269.3735,61699.0881,-516090.0416,-437747.1469,-454390.9535
4534000,2360.2951,14281.222,62186.4429,-516226.1805,-437398.2205,-454039.7376
4535000,2377.3293,14194.7276,61937.7288,-515755.17,-437245.3843,-453817.4412
4536000,2369.0415,14243.2523,61634.8103,-515238.5206,-436991.4165,-453603.7103
4537000,2333.8802,14245.2439,61748.5161,-515799.3328,-437471.69259999995,-454050.81669999997
4538000,2393.9933,14284.7449,61838.6163,-516124.177,-437606.8225,-454285.56070000003
4539000,2391.8841,14235.393,62030.6174,-515919.5947,-437261.7002,-453888.9773
4540000,2374.6186,14333.6891,62331.9038,-516641.7698,-437601.55830000003,-454309.86600000004
4541000,2385.5889,14287.4211,62151.8427,-516646.9382,-437822.0855,-454495.0955
4542000,2391.6576,14226.6631,62172.7056,-516435.8906,-437644.8643,-454263.185
4543000,2360.8984,14220.6041,61821.5653,-516205.6813,-437802.6135,-454384.116
4544000,2378.5285,14341.1883,62370.7873,-516889.6747,-437799.17059999995,-454518.88739999995
4545000,2385.9096,14231.0893,62211.7864,-515594.0843,-436765.299,-453382.2979
4546000,2357.9044,14149.2848,61941.1581,-515673.1122,-437224.76489999995,-453731.9541
4547000,2412.6109,14376.0749,61628.8169,-515493.691,-437076.1883,-453864.8741
4548000,2384.4612,14291.0283,61817.2565,-515909.5276,-437416.7816,-454092.27109999995
4549000,2371.9827,14310.3292,62494.3132,-517057.37,-437880.7449,-454563.0568
4550000,2390.1239,14207.9218,61852.859,-516672.3313,-438221.4266,-454819.4723
4551000,2356.7874,14248.449,62117.1199,-516507.575,-437785.2187,-454390.4551
4552000,2372.6043,14306.6498,61939.7366,-516675.8135,-438056.82279999997,-454736.0769
4553000,2347.9208,14245.2674,61834.9287,-515550.6815,-437122.56460000004,-453715.7528
4554000,2336.9789,14240.3521,62270.6792,-516123.0355,-437275.0253,-453852.3563
4555000,2340.0014,14240.4302,62038.8971,-516068.7305,-437449.4018,-454029.8334
4556000,2369.5702,14185.6369,61899.5517,-515741.6469,-437286.8881,-453842.0952
4557000,2395.6159,14262.4851,62162.4555,-516202.9949,-437382.4384,-454040.5394
4558000,2397.7521,14269.3949,62250.0184,-516121.3722,-437204.2068,-453871.3538
4559000,2355.4599,14362.8351,61992.2955,-516489.3375,-437778.74700000003,-454497.042
4560000,2350.0251,14288.3881,62084.4364,-516422.9573,-437700.1077,-454338.5209
4561000,2388.3043,14261.4533,62147.8353,-516473.494,-437675.9011,-454325.6587
4562000,2357.2983,14210.1017,61620.8796,-515716.8671,-437528.58749999997,-454095.9875
4563000,2386.6657,14199.9972,62372.502,-517117.0269,-438157.86199999996,-454744.5249
4564000,2380.4423,14190.8004,62068.9972,-515688.5992,-437048.3593,-453619.602
4565000,2359.3809,14267.9606,61817.3998,-515797.5363,-437352.795,-453980.13649999996
4566000,2372.5215,14263.9611,62074.6339,-516115.2409,-437404.1244,-454040.60699999996
4567000,2366.2602,14188.7471,61941.7881,-516360.1552,-437863.3598,-454418.3671
4568000,2362.4522,14363.3696,62731.1203,-517471.6922,-438014.7501,-454740.5719
4569000,2384.0373,14289.9141,62064.4961,-516328.8599,-437590.4124,-454264.3638
4570000,2395.5399,14179.9698,62183.1668,-516637.9433,-437879.2668,-454454.7765
4571000,2374.0026,14138.0978,62278.1266,-516844.078,-438053.85099999997,-454565.95139999996
4572000,2375.2055,14205.9554,62157.3062,-516584.9472,-437846.4801,-454427.641
4573000,2406.3658,14268.2308,62238.5209,-517149.3175,-438236.2,-454910.7966
4574000,2355.0297,14201.0531,62520.929,-516906.4288,-437829.417,-454385.4998
4575000,2351.8401,14131.8699,61658.3475,-515755.6174,-437613.5599,-454097.26989999996
4576000,2387.8016,14230.3684,61746.0643,-515549.8368,-437185.6025,-453803.77249999996
4577000,2358.7032,14311.3491,61707.2051,-515773.9689,-437396.7115,-454066.76379999996
4578000,2402.2812,14350.3498,62234.339,-516872.5867,-437885.6167,-454638.2477
4579000,2384.5633,14179.5361,61727.4598,-515669.0526,-437377.49340000004,-453941.5928
4580000,2406.06,14338.7633,62286.784,-517160.6411,-438129.0338,-454873.8571
4581000,2385.5447,14293.7866,62112.0372,-516514.7243,-437723.3558,-454402.6871
4582000,2412.2996,14322.0081,62400.5866,-516939.9115,-437805.0172,-454539.3249
4583000,2373.0375,14255.5984,61865.357,-515823.8467,-437329.8538,-453958.4897
4584000,2360.7194,14318.9187,61977.2698,-516111.4109,-437454.503,-454134.1411
4585000,2415.0449,14236.5111,62800.8918,-516948.0404,-437495.5926,-454147.1486
4586000,2357.1276,14245.3086,62063.5674,-516310.6385,-437644.6349,-454247.0711
4587000,2375.4807,14304.95,61945.8361,-516180.3845,-437554.1177,-454234.54839999997
4588000,2377.8239,14187.2041,61965.7746,-516513.1579,-437982.3553,-454547.3833
4589000,2379.6471,14246.8184,61715.2374,-515832.7255,-437491.0226,-454117.4881
4590000,2362.1247,14162.7071,61842.9488,-515651.6224,-437283.8418,-453808.6736
4591000,2357.6527,14350.8391,61927.0074,-516023.4485,-437387.9493,-454096.4411
4592000,2374.5567,14357.2686,62286.6606,-517153.9178,-438135.43189999997,-454867.2572
4593000,2389.2499,14200.0544,62581.7611,-517506.9185,-438335.8531,-454925.1574
4594000,2383.8992,14273.3476,61670.4432,-516047.9437,-437720.2537,-454377.5005
4595000,2363.6252,14261.5155,62172.5959,-516410.6522,-437612.9156,-454238.0563
4596000,2371.0047,14256.2858,62125.1828,-516397.1541,-437644.6808,-454271.9713
4597000,2405.8837,14274.8526,62161.3207,-516492.7286,-437650.6716,-454331.4079
4598000,2391.2314,14211.3581,61663.8541,-515665.0462,-437398.6026,-454001.1921
4599000,2370.9022,14319.8954,61946.0217,-515960.8966,-437324.0773,-454014.8749
4600000,2358.452,14364.7388,61752.6802,-516372.8759,-437897.0049,-454620.1957
4601000,2431.5232,14252.1085,61786.3458,-516312.247,-437842.26949999994,-454525.90119999996
4602000,2380.9266,14406.8687,61760.924,-516420.7412,-437872.0219,-454659.8172
4603000,2378.5018,14329.8367,62333.4684,-516606.2717,-437564.46479999996,-454272.80329999997
4604000,2387.0954,14279.5711,61987.2804,-515684.4525,-437030.50560000003,-453697.1721
4605000,2404.5569,14360.1868,61736.3367,-515785.3754,-437284.29500000004,-454049.03870000003
4606000,2391.6735,14336.8589,62123.1114,-516241.1511,-437389.5073,-454118.0397
4607000,2366.1687,14180.9646,61602.7795,-514939.3783,-436789.4655,-453336.5988
4608000,2356.0607,14291.9421,62008.8681,-515989.1265,-437332.25560000003,-453980.2584
4609000,2381.7995,14254.2198,61701.2818,-515554.6671,-437217.36600000004,-453853.3853
4610000,2358.7959,14250.2628,62335.86,-516323.6404,-437378.7217,-453987.7804
4611000,2391.3188,14307.2752,62169.3806,-517173.632,-438305.65739999997,-455004.2514
4612000,2362.4646,14326.466,61727.4004,-516447.4417,-438031.1107,-454720.04130000004
4613000,2385.547,14243.3105,61954.0495,-516130.7202,-437547.8132,-454176.67069999996
4614000,2354.4809,14198.3431,62359.701,-516755.0068,-437842.48179999995,-454395.3058
4615000,2411.8342,14292.7183,61926.5138,-516316.9998,-437685.9335,-454390.486
4616000,2391.1535,14291.9091,61886.1854,-516351.9023,-437782.6543,-454465.7169
4617000,2386.8609,14294.4142,62243.234,-516508.297,-437583.7879,-454265.063
4618000,2374.2977,14421.3105,61939.28,-515924.7817,-437189.8935,-453985.5017
4619000,2356.4025,14269.6349,62066.5023,-515359.3336,-436666.79390000005,-453292.8313
4620000,2380.4397,14293.7378,62092.3705,-516021.9522,-437255.4042,-453929.5817
4621000,2362.1851,14266.0891,62517.7774,-517107.9873,-437961.9357,-454590.20989999996
4622000,2371.8076,14357.8271,62162.6617,-516347.0177,-437454.72130000003,-454184.356
4623000,2427.0599,14354.7865,62438.4507,-517016.3574,-437796.0603,-454577.9067
4624000,2397.8558,14339.0678,61410.2306,-515710.6531,-437563.4989,-454300.4225
4625000,2388.5629,14364.4178,62774.7828,-517931.5578,-438403.7943,-455156.775
4626000,2402.8876,14257.4901,62287.3457,-516840.736,-437893.01259999996,-454553.39029999997
4627000,2407.747,14322.1727,62426.5786,-516782.0451,-437625.5468,-454355.4665
4628000,2396.1939,14310.7983,62060.5078,-516568.2282,-437800.7282,-454507.7204
4629000,2430.2841,14305.2463,61357.6176,-515829.7165,-437736.5685,-454472.0989
4630000,2395.2511,14352.6941,62113.9757,-516720.4904,-437858.5695,-454606.5147
4631000,2361.7496,14289.5163,62053.1984,-516059.6529,-437355.1886,-454006.4545
4632000,2385.1942,14308.4502,61502.8527,-515924.5498,-437728.0527,-454421.6971
4633000,2409.3827,14338.918,62000.1628,-516224.0207,-437475.5572,-454223.8579
4634000,2392.3689,14154.1501,62166.358,-516288.2029,-437575.32589999994,-454121.84489999997
4635000,2408.2678,14293.0703,61963.4218,-515555.3374,-436890.5775,-453591.9156
4636000,2359.0659,14254.5315,61800.6304,-515667.8045,-437253.57670000003,-453867.1741
4637000,2367.84,14211.8562,62382.7856,-516176.3035,-437213.8217,-453793.5179
4638000,2375.1735,14220.2956,62116.029,-516383.3565,-437671.8584,-454267.3275
4639000,2406.07,14316.9074,61477.1935,-515408.7327,-437208.5618,-453931.5392
4640000,2371.4849,14255.907,61682.5849,-515431.6981,-437121.7213,-453749.11319999996
4641000,2395.3242,14263.4193,61780.6772,-515250.1241,-436810.7034,-453469.44690000004
4642000,2366.1739,14276.1748,61909.6817,-515929.5323,-437377.50190000003,-454019.8506
4643000,2362.6657,14312.2753,62074.2657,-516186.5369,-437437.33019999997,-454112.2712
4644000,2363.4723,14302.5481,62380.7745,-516903.6084,-437856.81350000005,-454522.8339
4645000,2371.7745,14318.0113,61667.5808,-516050.4282,-437693.0616,-454382.8474
4646000,2347.5652,14239.7026,62259.3653,-516385.3857,-437538.7526,-454126.0204
4647000,2402.4616,14216.364,62174.7727,-516499.4303,-437705.832,-454324.65760000004
4648000,2373.0846,14217.7235,62126.803,-515992.5034,-437274.89229999995,-453865.7004
4649000,2384.1273,14235.926,62077.0028,-516030.3965,-437333.3404,-453953.39369999996
4650000,2363.6907,14275.0383,62100.4052,-516170.2208,-437431.08660000004,-454069.81560000003
4651000,2386.6277,14249.0084,62273.5284,-516243.4375,-437334.273,-453969.9091
4652000,2405.9322,14352.9374,62316.6601,-516755.1112,-437679.5815,-454438.4511
4653000,2400.0459,14265.1376,61930.4841,-516175.2501,-437579.5825,-454244.766
4654000,2386.8213,14196.0933,61939.8374,-515595.8473,-437073.09530000004,-453656.0099
4655000,2386.9986,14301.4326,62017.8687,-515907.4931,-437201.19320000004,-453889.62440000003
4656000,2359.5112,14269.3387,62354.3956,-516229.9128,-437246.6673,-453875.5172
4657000,2384.7736,14330.2791,61901.1549,-516063.0918,-437446.8842,-454161.9369
4658000,2400.1224,14308.4242,61212.9029,-515046.0817,-437124.6322,-453833.1788
4659000,2401.5195,14302.0169,61462.9234,-515600.6189,-437434.1591,-454137.69550000003
4660000,2388.2872,14233.2089,61744.6641,-515806.0584,-437439.8982,-454061.3943
4661000,2377.069,14310.222,61934.7925,-516087.2457,-437465.1622,-454152.45320000005
4662000,2357.1048,14177.3834,61613.4578,-514960.4868,-436812.5408,-453347.02900000004
4663000,2381.8813,14223.5506,61658.0312,-515519.8866,-437256.42350000003,-453861.8554
4664000,2383.1666,14257.9557,61510.3055,-515273.4064,-437121.9786,-453763.10089999996
4665000,2414.3522,14251.4079,61670.8578,-515318.5144,-436981.8965,-453647.6566
4666000,2380.749,14233.7178,61359.4257,-515433.2088,-437459.3163,-454073.7831
4667000,2380.7213,14311.2944,62181.3434,-515754.7954,-436881.4363,-453573.452
4668000,2378.392,14241.8763,62007.5464,-515799.5914,-437171.7767,-453792.045
4669000,2361.7092,14237.3203,62412.3532,-516950.9039,-437939.52119999996,-454538.55069999996
4670000,2355.7775,14294.026,62241.848,-516788.1043,-437896.45279999997,-454546.2563
4671000,2378.9595,14301.3379,61714.3685,-515846.1202,-437451.4543,-454131.7517
4672000,2369.1562,14348.6907,62316.8914,-517070.2603,-438035.522,-454753.3689
4673000,2417.2056,14385.5039,62106.2858,-516614.4996,-437705.5043,-454508.21379999997
4674000,2364.0207,14205.0204,61952.7055,-516898.732,-438376.9854,-454946.02650000004
4675000,2360.8896,14274.5348,61872.6293,-515945.6595,-437437.6058,-454073.03020000004
4676000,2409.2616,14318.4933,61519.9772,-515657.7278,-437409.99569999997,-454137.75059999997
4677000,2354.2449,14202.497,61761.6939,-515913.1694,-437594.73360000004,-454151.4755
4678000,2390.0856,14270.4356,61811.1595,-515935.3756,-437463.6949,-454124.2161
4679000,2381.4993,14095.3636,61823.4745,-515581.0328,-437280.69539999997,-453757.5583
4680000,2353.0846,14342.1978,62045.6519,-517126.9408,-438386.0065,-455081.2889
4681000,2399.4935,14212.1267,62041.4677,-516044.3755,-437391.28760000004,-454002.90780000004
4682000,2417.8263,14239.438,61634.4986,-516480.2976,-438188.53469999996,-454845.799
4683000,2364.3621,14305.4881,62448.2872,-516470.5853,-437352.44789999997,-454022.29809999996
4684000,2398.3959,14296.0937,62317.1272,-517122.6841,-438111.0673,-454805.5569
4685000,2422.3126,14261.7265,62094.458,-516614.1971,-437835.69999999995,-454519.7391
4686000,2389.9387,14346.4931,62579.9112,-516767.0498,-437450.7068,-454187.13859999995
4687000,2385.2761,14281.1342,62031.3859,-516857.5248,-438159.72860000003,-454826.1389
4688000,2372.3085,14343.6142,62191.045,-516512.0783,-437605.1106,-454321.0333
4689000,2346.9138,14161.752,62289.1199,-516447.8071,-437650.02139999997,-454158.6872
4690000,2368.4311,14117.0359,61940.6164,-516062.8156,-437636.73219999997,-454122.1992
4691000,2343.0378,14213.0542,62329.4197,-516653.9277,-437768.41599999997,-454324.50800000003
4692000,2384.368,14274.5681,61672.2138,-515368.6802,-437037.5303,-453696.46640000003
4693000,2362.9168,14149.9729,62056.1751,-515416.3346,-436847.2698,-453360.1595
4694000,2368.0499,14294.8599,61812.4336,-515329.9349,-436854.5915,-453517.5013
4695000,2370.319,14332.2322,62168.3345,-516235.7103,-437364.8246,-454067.3758
4696000,2386.7559,14195.3659,62018.3011,-516155.2055,-437554.7826,-454136.9044
4697000,2374.4024,14280.672,61810.1306,-516264.5736,-437799.3686,-454454.443
4698000,2359.2306,14322.1095,61660.4727,-515963.5542,-437621.7414,-454303.08150000003
4699000,2400.0026,14277.4382,61848.2945,-515852.0513,-437326.316,-454003.7568
4700000,2353.7912,14187.7399,61853.1328,-515951.7058,-437557.0419,-454098.573
4701000,2406.3366,14244.469,61786.1684,-515741.5595,-437304.5855,-453955.39109999995
4702000,2388.7257,14361.2883,62117.046,-516685.1173,-437818.0573,-454568.07129999995
4703000,2390.8722,14285.3689,61515.3,-515847.5025,-437655.96140000003,-454332.2025
4704000,2375.1818,14307.6031,62057.2454,-516148.0428,-437408.0125,-454090.7974
4705000,2394.4111,14251.3418,61958.1964,-516569.2307,-437965.2814,-454611.0343
4706000,2378.5226,14349.1222,62459.3606,-517050.7839,-437863.7785,-454591.42329999997
4707000,2347.5479,14255.3534,62083.4377,-516713.1235,-438026.78449999995,-454629.6858
4708000,2354.6278,14299.7547,62010.8377,-516210.5958,-437545.3756,-454199.75810000004
4709000,2365.9201,14104.0173,61846.7428,-516133.2038,-437816.5236,-454286.461
4710000,2360.7191,14179.1634,61955.4158,-515976.6782,-437481.37990000006,-454021.2624
4711000,2367.2129,14297.8711,62182.781,-516117.4193,-437269.5543,-453934.6383
4712000,2390.4517,14287.4414,62236.2485,-516462.253,-437548.11140000005,-454226.00450000004
4713000,2369.6,14190.0943,62128.7384,-516108.6425,-437420.2098,-453979.90410000004
4714000,2352.1016,14362.8465,61673.4701,-515661.5511,-437273.13289999997,-453988.081
4715000,2386.1824,14249.2837,62186.9641,-515910.4803,-437088.0501,-453723.5162
4716000,2344.1297,14262.3645,62139.3037,-516390.9511,-437645.1532,-454251.6474
4717000,2345.5124,14227.3892,62037.3799,-516207.7038,-437597.42230000003,-454170.3239
4718000,2384.2015,14251.8131,61890.0173,-515435.7177,-436909.6858,-453545.7004
4719000,2401.8047,14263.4216,61659.0643,-515481.1073,-437156.81669999997,-453822.04299999995
4720000,2380.4259,14279.3796,61984.6441,-516091.2695,-437446.8199,-454106.6254
4721000,2400.591,14344.4455,61333.9447,-515215.8261,-437136.8449,-453881.8814
4722000,2424.2898,14362.4741,61882.622,-515999.637,-437330.2511,-454117.015
4723000,2416.1073,14369.1718,61863.4889,-516577.8649,-437929.0969,-454714.376
4724000,2378.1135,14286.115,62103.9734,-516620.8041,-437852.6022,-454516.8307
4725000,2363.8484,14357.0795,61964.8666,-516307.4423,-437621.6478,-454342.5757
4726000,2413.9371,14329.6581,62340.0129,-517051.8853,-437968.2772,-454711.8724
4727000,2382.8224,14398.7974,62263.7712,-516745.8094,-437700.4184,-454482.0382
4728000,2385.251,14307.4421,62052.4919,-516521.4595,-437776.2745,-454468.9676
4729000,2396.2572,14309.2201,61714.0883,-515916.7141,-437497.1485,-454202.6258
4730000,2360.5668,14217.0757,61819.7257,-515768.0137,-437370.6455,-453948.288
4731000,2379.9112,14315.8904,61711.463,-515685.9768,-437278.7122,-453974.5138
4732000,2377.6502,14406.238,61624.1095,-516190.8956,-437782.8979,-454566.78609999997
4733000,2361.4856,14105.533,62717.7227,-517060.9408,-437876.1995,-454343.2181
4734000,2373.9414,14170.2163,61792.9588,-515999.3264,-437662.2099,-454206.3676
4735000,2411.4484,14252.5344,61950.8006,-516110.9078,-437496.1244,-454160.10719999997
4736000,2377.0321,14208.1349,61930.1346,-516551.4111,-438036.1095,-454621.27650000004
4737000,2359.8257,14102.5235,61842.847,-516167.5711,-437862.3749,-454324.7241
4738000,2374.3657,14274.4314,61884.6486,-516465.5985,-437932.15280000004,-454580.9499
4739000,2361.0297,14250.6212,61784.1474,-516157.576,-437761.7777,-454373.4286
4740000,2372.2644,14317.3363,61987.6851,-516078.1818,-437400.896,-454090.4967
4741000,2400.4154,14287.1355,61905.7663,-516557.2577,-437963.9405,-454651.4914
4742000,2332.324,14259.5694,61783.3634,-516303.2481,-437927.9913,-454519.88470000005
4743000,2399.5552,14291.4419,62135.7334,-516484.3596,-437657.6291,-454348.62620000006
4744000,2389.102,14310.9591,61933.7251,-516441.8498,-437808.0636,-454508.12470000004
4745000,2372.4919,14297.967,61718.2609,-515962.8501,-437574.13029999996,-454244.5892
4746000,2370.3617,14293.3494,61276.9857,-515132.3025,-437191.60569999996,-453855.3168
4747000,2347.8872,14213.9091,61833.689,-516534.6604,-438139.1751,-454700.9714
4748000,2381.9943,14334.4153,62572.3297,-517833.2527,-438544.5134,-455260.923
4749000,2382.7711,14333.2431,61842.8792,-516574.9199,-438016.0265,-454732.04069999995
4750000,2372.3941,14344.3701,62245.2598,-516525.6328,-437563.60880000005,-454280.373
4751000,2374.9706,14325.5522,62323.5074,-516283.7891,-437259.7589,-453960.2817
4752000,2379.7018,14213.1348,62192.7842,-516427.8969,-437642.2761,-454235.1127
4753000,2370.55,14262.1619,61573.1399,-515810.9111,-437605.0593,-454237.7712
4754000,2391.0333,14272.7739,62085.3403,-516055.4045,-437306.257,-453970.0642
4755000,2401.9438,14274.1989,62195.9619,-516875.222,-438003.1174,-454679.2601
4756000,2352.6875,14201.179,61880.6532,-516335.4843,-437900.9646,-454454.8311
4757000,2380.2295,14253.9203,61650.4979,-516139.6023,-437854.95460000006,-454489.1044
4758000,2376.4139,14305.7176,61853.8916,-516374.0223,-437837.9992,-454520.1307
4759000,2413.8278,14331.306,62094.5585,-516149.2429,-437309.5506,-454054.6844
4760000,2357.9577,14306.6952,62261.4613,-515880.2062,-436954.092,-453618.7449
4761000,2351.6382,14210.3996,61544.7003,-516031.399,-437924.66089999996,-454486.69869999995
4762000,2329.7051,14279.0287,61654.3307,-515861.4707,-437598.40619999997,-454207.14
4763000,2366.4163,14206.5903,62263.9453,-516335.6688,-437498.7169,-454071.72349999996
4764000,2396.0741,14366.1359,62118.7347,-516595.2251,-437714.2804,-454476.4904
4765000,2354.5398,14331.9159,62161.5821,-516348.3945,-437500.3567,-454186.8124
4766000,2347.4696,14209.4759,61599.5898,-515722.3721,-437565.8368,-454122.78229999996
4767000,2400.8749,14358.2737,62011.375,-516405.185,-437634.6614,-454393.81
4768000,2368.1115,14311.9532,62077.0285,-516234.4025,-437477.3093,-454157.374
4769000,2327.9484,14159.0018,62246.2809,-516394.6164,-437661.38529999997,-454148.3355
4770000,2358.8519,14253.6126,61515.477,-515131.2944,-437003.3529,-453615.8174
4771000,2377.8194,14281.5609,61870.2695,-515781.2086,-437251.5588,-453910.9391
4772000,2367.1921,14273.8356,61792.3797,-515527.9633,-437094.55590000004,-453735.5836
4773000,2389.441,14232.2605,61846.4841,-515595.7131,-437127.52749999997,-453749.229
4774000,2422.7269,14344.8861,62368.8276,-516869.4448,-437733.00419999997,-454500.6172
4775000,2400.5658,14362.8448,62142.6881,-516265.1008,-437359.00210000004,-454122.4127
4776000,2343.9311,14229.5427,62020.9018,-516154.1086,-437559.733,-454133.2068
4777000,2406.4964,14258.6721,62195.3281,-516776.8172,-437916.3206,-454581.4891
4778000,2347.7299,14224.9805,61964.186,-516445.4227,-437908.5263,-454481.2367
4779000,2389.9592,14267.8977,61811.8811,-516052.3823,-437582.6443,-454240.5012
4780000,2399.7317,14231.2212,62299.0437,-516869.302,-437939.3054,-454570.25830000004
4781000,2356.5128,14219.3325,61521.9582,-515883.52,-437785.7165,-454361.5618
4782000,2401.8379,14261.0804,61375.1587,-515597.6998,-437559.6228,-454222.54110000003
4783000,2378.1284,14313.0128,61658.1438,-515786.8447,-437437.5597,-454128.7009
4784000,2422.0743,14267.4073,62263.3919,-516726.6825,-437773.809,-454463.2906
4785000,2341.6379,14243.1484,61930.223,-515728.1856,-437213.17630000005,-453797.9626
4786000,2396.3644,14393.0089,62344.5604,-516847.0622,-437713.1285,-454502.50179999997
4787000,2382.7943,14229.7468,61823.1858,-515646.0621,-437210.3352,-453822.8763
4788000,2394.7008,14362.632,62289.8651,-516860.4877,-437813.2898,-454570.6226
4789000,2415.616,14259.6192,62054.1318,-515967.1687,-437237.80169999995,-453913.03689999995
4790000,2400.8605,14376.7157,62147.3119,-516696.5202,-437771.63210000005,-454549.20830000006
4791000,2387.5032,14263.0216,61724.8307,-515639.6514,-437264.29589999997,-453914.8207
4792000,2430.1127,14242.0538,61994.1732,-515836.3119,-437169.97219999996,-453842.13869999995
4793000,2378.8836,14340.3785,61903.3388,-516495.3385,-437872.7376,-454591.99970000004
4794000,2368.2196,14274.9169,61478.9877,-515918.2758,-437796.1516,-454439.2881
4795000,2364.0642,14286.8586,61743.9908,-515899.3425,-437504.42890000006,-454155.3517
4796000,2377.4326,14247.727,61980.3824,-515688.1324,-437082.5904,-453707.75
4797000,2370.4105,14208.2459,62027.3155,-515966.1295,-437360.1576,-453938.814
4798000,2365.782,14311.0345,62043.1259,-516203.0871,-437483.1447,-454159.9612
4799000,2418.0228,14337.0016,62066.1361,-516157.924,-437336.7635,-454091.7879
4800000,2364.1712,14208.9803,62428.5247,-516774.2216,-437772.5454,-454345.6969
4801000,2355.1719,14288.0349,61602.965,-515583.982,-437337.8102,-453981.017
4802000,2397.6308,14325.8515,61693.4649,-515657.442,-437240.4948,-453963.97709999996
4803000,2371.1005,14306.2926,62156.9573,-516269.609,-437435.2586,-454112.6517
4804000,2343.3459,14239.2926,61681.22,-515833.1529,-437569.2944,-454151.9329
4805000,2390.3555,14330.4379,62444.9775,-516883.8778,-437718.1069,-454438.90030000004
4806000,2350.5394,14227.0466,62346.8963,-516094.4624,-437169.98010000004,-453747.5661
4807000,2372.6373,14275.8824,61539.3407,-516003.5689,-437815.7085,-454464.2282
4808000,2399.539,14266.6238,61409.5315,-515494.15,-437418.45570000005,-454084.61850000004
4809000,2379.3811,14358.1059,61501.3869,-515939.4853,-437700.6114,-454438.0984
4810000,2388.9952,14296.6326,62268.0213,-515853.5504,-436899.9013,-453585.5291
4811000,2397.2275,14282.2011,62147.3737,-516712.6848,-437885.8825,-454565.3111
4812000,2360.0126,14260.6827,61387.7188,-515293.1169,-437284.7028,-453905.3981
4813000,2405.9234,14322.9184,61611.716,-515712.5085,-437371.9507,-454100.7925
4814000,2399.6243,14329.3559,61926.4555,-516089.0617,-437433.62600000005,-454162.60620000004
4815000,2391.7554,14227.7978,61709.5549,-515706.7483,-437377.64019999997,-453997.1934
4816000,2379.6551,14216.9344,61830.9423,-516723.4996,-438295.9678,-454892.5573
4817000,2371.9438,14267.5242,62336.4041,-516526.1557,-437550.28359999997,-454189.7516
4818000,2394.1558,14287.271,62048.0274,-515631.1914,-436901.7372,-453583.164
4819000,2427.806,14330.8464,62140.5896,-515968.2649,-437069.0229,-453827.6753
4820000,2399.5379,14311.7244,61947.0007,-515740.9667,-437082.7037,-453793.966
4821000,2390.7383,14121.7937,61970.658,-515780.7601,-437297.5701,-453810.1021
4822000,2397.6362,14323.3693,62434.2559,-516388.7337,-437233.4723,-453954.4778
4823000,2401.7446,14291.9636,62194.5323,-516281.8547,-437393.6142,-454087.3224
4824000,2372.6161,14334.2343,62025.0533,-515236.2263,-436504.32259999996,-453211.17299999995
4825000,2405.3232,14267.9123,62308.293,-516444.5034,-437462.9749,-454136.2104
4826000,2400.3689,14308.1211,62155.4728,-516048.6371,-437184.67429999996,-453893.1643
4827000,2363.204,14317.9129,62213.0765,-516116.2057,-437222.0123,-453903.12919999997
4828000,2407.5544,14261.0024,62181.5014,-516197.1521,-437347.0939,-454015.6507
4829000,2377.9424,14296.9164,62154.1194,-516268.841,-437439.8628,-454114.7216
4830000,2402.5356,14197.551,61589.0392,-515299.0296,-437109.90380000003,-453709.9904
4831000,2409.5486,14343.8361,61735.1358,-515651.4414,-437162.9209,-453916.3056
4832000,2407.4754,14381.9676,61455.946,-515340.3008,-437094.9118,-453884.35480000003
4833000,2396.7252,14439.5855,61682.0161,-515913.448,-437395.1212,-454231.43189999997
4834000,2363.9162,14441.4528,62004.1225,-517010.334,-438200.84249999997,-455006.2115
4835000,2402.7622,14215.2262,62427.517,-517422.0709,-438376.5655,-454994.5539
4836000,2357.1448,14264.1924,61999.1761,-516318.7498,-437698.2365,-454319.5737
4837000,2409.3197,14324.8874,61775.7172,-516507.4566,-437997.53229999996,-454731.73939999996
4838000,2369.9021,14226.5397,61888.2311,-516054.0015,-437569.3286,-454165.77040000004
4839000,2383.3388,14267.8635,61709.786,-516297.1276,-437936.13930000004,-454587.3416
4840000,2370.7956,14252.7116,62333.7669,-516332.7066,-437375.4325,-453998.9397
4841000,2402.2618,14319.0956,61383.5335,-515654.215,-437549.3241,-454270.6815
4842000,2425.7072,14448.7447,61963.2556,-515999.5951,-437161.8876,-454036.3395
4843000,2396.0649,14283.8403,62136.6796,-516446.6019,-437630.0171,-454309.9223
4844000,2393.0362,14205.1446,61738.289,-516004.7316,-437668.2618,-454266.4426
4845000,2363.337,14274.9052,61819.3541,-515913.3605,-437455.7642,-454094.0064
4846000,2373.1648,14263.1072,61642.8456,-515691.8014,-437412.6838,-454048.9558
4847000,2379.883,14300.0642,61733.0191,-515291.423,-436878.4567,-453558.40390000003
4848000,2409.4418,14374.7653,62138.0534,-516434.5091,-437512.24860000005,-454296.45570000005
4849000,2385.8942,14244.0023,62172.4081,-516314.4083,-437512.1037,-454142.0002
4850000,2372.6196,14200.1477,61817.7183,-516276.4471,-437885.9615,-454458.7288
4851000,2389.6822,14313.4295,61445.2937,-515699.4351,-437551.0297,-454254.1414
4852000,2381.7141,14287.9398,61613.6228,-515637.3856,-437354.1089,-454023.76279999997
4853000,2363.6288,14253.7901,61890.6344,-515530.8549,-437022.8016,-453640.2205
4854000,2366.2508,14322.0395,61625.6906,-515610.8682,-437296.88730000006,-453985.17760000005
4855000,2376.1412,14338.5394,61753.5061,-515543.1482,-437074.9615,-453789.6421
4856000,2379.8715,14312.3049,62008.7808,-515954.7312,-437253.774,-453945.9504
4857000,2403.0974,14362.8556,62544.1709,-516926.3366,-437616.2127,-454382.1657
4858000,2377.3356,14282.9225,61642.7062,-516371.2414,-438068.2771,-454728.5352
4859000,2389.9671,14318.7583,61882.8125,-516124.0184,-437532.4805,-454241.2059
4860000,2378.9987,14310.9525,62107.2234,-516781.6583,-437984.4837,-454674.4349
4861000,2352.2783,14394.2139,61887.2778,-516249.252,-437615.48199999996,-454361.9742
4862000,2383.3257,14259.8891,62382.3801,-516379.7856,-437354.19070000004,-453997.4055
4863000,2404.6445,14336.1657,62509.3217,-517609.9103,-438359.77839999995,-455100.5886
4864000,2396.0151,14270.8437,61711.8027,-516512.1171,-438133.4556,-454800.3144
4865000,2353.6075,14234.7653,62183.0801,-517310.1137,-438538.66079999995,-455127.03359999997
4866000,2375.6037,14295.0753,62808.6436,-517522.92,-438043.59739999997,-454714.2764
4867000,2403.4134,14190.3716,61885.292,-515863.7635,-437384.6865,-453978.4715
4868000,2389.5723,14274.5294,62501.6403,-517193.7288,-438027.98679999996,-454692.08849999995
4869000,2416.125,14220.4206,62079.2511,-516847.0486,-438131.2519,-454767.7975
4870000,2383.8953,14241.2242,62011.1449,-516270.582,-437634.3176,-454259.4371
4871000,2374.2308,14305.1077,61770.4127,-515859.9706,-437410.2194,-454089.5579
4872000,2409.3063,14312.2591,61829.5396,-515731.0082,-437179.9032,-453901.46859999996
4873000,2380.1763,14353.9805,61912.9528,-515570.4208,-436923.3112,-453657.468
4874000,2410.4246,14268.6657,61836.8406,-515971.1343,-437455.2034,-454134.2937
4875000,2358.7471,14376.5777,61777.0317,-516063.632,-437551.2755,-454286.6003
4876000,2389.3004,14255.23,62249.9328,-516162.9313,-437268.4681,-453912.9985
4877000,2384.4944,14287.5378,61705.2085,-515601.2736,-437224.0329,-453896.0651
4878000,2411.417,14295.2864,61656.5063,-515476.8577,-437113.648,-453820.3514
4879000,2378.8905,14316.5933,62280.1382,-516656.9076,-437681.28559999994,-454376.7694
4880000,2410.537,14349.145,62439.4615,-516558.9212,-437359.7777,-454119.4597
4881000,2399.7641,14322.8882,61506.7972,-515030.1163,-436800.6668,-453523.31909999996
4882000,2363.4967,14323.7608,62112.1095,-515929.9848,-437130.6178,-453817.87529999996
4883000,2356.8894,14296.372,62010.3504,-516232.7095,-437569.0977,-454222.3591
4884000,2384.4115,14312.8562,62389.6978,-516812.3436,-437725.37810000003,-454422.6458
4885000,2392.0552,14292.481,61782.0441,-516270.9953,-437804.41500000004,-454488.9512
4886000,2358.7456,14201.5949,61855.4822,-516019.017,-437603.1943,-454163.5348
4887000,2344.0627,14278.8171,62234.0615,-516688.1732,-437831.2319,-454454.1117
4888000,2364.447,14250.8493,61833.182,-516207.8623,-437759.38399999996,-454374.6803
4889000,2361.4537,14237.8571,62063.2877,-516407.7284,-437745.12990000006,-454344.44070000004
4890000,2395.23,14228.9588,62087.1132,-517274.6092,-438563.30720000004,-455187.496
4891000,2344.3771,14265.2478,61893.4675,-516321.4379,-437818.34550000005,-454427.9704
4892000,2392.9567,14369.2385,61898.8162,-515496.7232,-436835.7118,-453597.907
4893000,2393.9727,14206.0653,62135.9474,-516722.8918,-437986.9064,-454586.9444
4894000,2368.5754,14294.8312,62151.7949,-516324.8752,-437509.67370000004,-454173.08030000003
4895000,2405.7984,14370.8394,61879.6215,-515902.409,-437246.14969999995,-454022.7875
4896000,2392.4289,14281.101,61763.6353,-516533.6946,-438096.5294,-454770.05929999996
4897000,2400.7853,14378.784,62693.6982,-516993.7897,-437520.5222,-454300.09150000004
4898000,2411.2572,14353.0521,62265.633,-516836.3105,-437806.3682,-454570.6775
4899000,2363.8504,14272.0842,62175.0801,-516492.8126,-437681.7979,-454317.7325
4900000,2365.4384,14317.9079,62197.943,-516546.2357,-437664.9464,-454348.2927
4901000,2388.1589,14317.9782,61963.2492,-516274.5648,-437605.1785,-454311.3156
4902000,2353.5176,14274.1163,62074.4425,-516365.9095,-437663.83310000005,-454291.467
4903000,2396.9599,14233.7491,62044.7354,-516016.7276,-437341.28319999995,-453971.9922
4904000,2383.1969,14280.6139,61740.4427,-516159.335,-437755.08150000003,-454418.8923
4905000,2367.2714,14306.7189,61213.9833,-515393.4956,-437505.522,-454179.5123
4906000,2364.7839,14339.6427,62089.955,-516191.4571,-437397.07550000004,-454101.5021
4907000,2402.5679,14319.8569,61543.9511,-515068.8954,-436802.5195,-453524.9443
4908000,2367.98,14201.0441,61505.9996,-514988.2792,-436913.25549999997,-453482.2796
4909000,2375.689,14172.2078,61617.9162,-515714.3209,-437548.50789999997,-454096.4047
4910000,2358.616,14211.1151,62104.7032,-516198.6213,-437524.187,-454093.9181
4911000,2380.9048,14320.2163,62203.4321,-516173.6622,-437269.10900000005,-453970.23010000004
4912000,2378.367,14275.2561,62260.5984,-516839.2246,-437925.00310000003,-454578.6262
4913000,2361.6094,14281.0757,61984.121,-516009.1043,-437382.2982,-454024.9833
4914000,2392.1043,14280.9311,61922.363,-516241.263,-437645.8646,-454318.89999999997
4915000,2358.7477,14236.8108,62478.2957,-516563.3349,-437489.4807,-454085.0392
4916000,2361.6775,14241.2538,62355.6554,-516704.911,-437746.32430000004,-454349.25560000003
4917000,2363.5095,14265.8441,62040.4056,-516510.4992,-437840.74,-454470.0936
4918000,2371.6796,14235.5919,61888.0167,-516652.9109,-438157.6227,-454764.89420000004
4919000,2375.7756,14270.1893,61837.1067,-515972.4789,-437489.40729999996,-454135.3722
4920000,2407.7972,14254.4028,61992.0004,-516122.6733,-437468.47290000005,-454130.6729
4921000,2379.4895,14315.274,62405.3865,-516449.8405,-437349.6905,-454044.45399999997
4922000,2394.944,14243.2716,61980.6529,-515725.249,-437106.3805,-453744.5961
4923000,2377.6845,14309.392,62260.5983,-516382.391,-437434.7162,-454121.7927
4924000,2370.3851,14146.1275,61718.8801,-516007.0338,-437771.6411,-454288.15369999997
4925000,2373.4197,14332.1062,61759.3614,-515528.9397,-437064.0524,-453769.5783
4926000,2356.6231,14211.6446,62229.4949,-516151.8619,-437354.0993,-453922.367
4927000,2369.8069,14228.2329,61733.8837,-516438.3599,-438106.4364,-454704.4762
4928000,2396.3055,14321.5684,62446.3491,-516992.998,-437828.775,-454546.64890000003
4929000,2382.697,14269.6777,62470.4888,-517274.3335,-438151.47,-454803.8447
4930000,2402.2572,14297.3459,62001.4967,-515819.0958,-437117.99600000004,-453817.5991
4931000,2360.1672,14258.8299,62233.0483,-516937.2389,-438085.1935,-454704.1906
4932000,2380.1174,14280.2349,62288.8167,-516472.112,-437522.943,-454183.2953
4933000,2373.9947,14269.6347,61894.6903,-515643.3782,-437105.0585,-453748.68789999996
4934000,2370.3451,14274.4699,62404.1594,-516743.9061,-437694.9317,-454339.7467
4935000,2383.4686,14159.628,62201.4647,-516320.3846,-437575.8233,-454118.9199
4936000,2393.6398,14313.8022,61510.6545,-515576.0778,-437357.98130000004,-454065.4233
4937000,2389.3821,14323.0316,61721.7293,-516090.2546,-437656.1116,-454368.5253
4938000,2396.2099,14228.5084,62242.1261,-516700.5652,-437833.7208,-454458.4391
4939000,2398.7681,14411.0445,62154.1311,-516414.2232,-437450.2795,-454260.0921
4940000,2410.7583,14286.2601,61831.9224,-515480.0861,-436951.1453,-453648.16370000003
4941000,2365.2067,14181.3316,61838.8978,-515629.8336,-437244.3975,-453790.93580000004
4942000,2390.7344,14300.5584,61924.5977,-516113.7339,-437497.8434,-454189.1362
4943000,2375.9697,14243.7836,61639.4795,-515761.6018,-437502.369,-454122.1223
4944000,2390.0603,14318.5261,62215.6762,-516278.1583,-437353.8957,-454062.4821
4945000,2372.8243,14223.5417,62117.6402,-516285.134,-437571.1278,-454167.4938
4946000,2352.5608,14314.3557,61995.0196,-516328.0796,-437666.1435,-454333.06
4947000,2367.7628,14276.945,62176.9758,-516327.2803,-437505.5967,-454150.30449999997
4948000,2388.8643,14283.6209,61897.4918,-515974.2065,-437404.22949999996,-454076.71469999995
4949000,2420.3741,14289.9475,61579.7924,-515411.9735,-437121.8595,-453832.18110000005
4950000,2371.2023,14267.1408,61739.6164,-515888.7253,-437510.7658,-454149.1089
4951000,2372.1718,14373.9372,61970.9719,-516150.0374,-437432.9565,-454179.06549999997
4952000,2398.9308,14251.9586,61770.0823,-515823.4388,-437402.4671,-454053.3565
4953000,2377.9695,14269.3857,62187.7102,-516290.1254,-437455.06,-454102.41520000005
4954000,2380.0935,14315.4304,62663.6921,-516881.8188,-437522.6028,-454218.1267
4955000,2365.1621,14224.0135,61415.6011,-515381.066,-437376.2893,-453965.4649
4956000,2376.4945,14241.7733,61770.2482,-515487.1202,-437098.6042,-453716.872
4957000,2378.2637,14256.1261,61536.8429,-515619.7815,-437448.5488,-454082.9386
4958000,2399.4177,14301.3442,62348.9139,-516035.2633,-436985.5875,-453686.3494
4959000,2392.5543,14228.9164,62054.9042,-515810.4969,-437134.12200000003,-453755.59270000004
4960000,2414.1612,14191.0287,62797.9093,-517239.0376,-437835.9384,-454441.1283
4961000,2381.147,14333.1789,61942.7116,-516356.2754,-437699.23789999995,-454413.5638
4962000,2380.6345,14405.7556,61894.9523,-516304.1527,-437622.8103,-454409.2004
4963000,2401.9681,14240.5119,61812.5432,-515610.9298,-437155.9066,-453798.38659999997
4964000,2388.9077,14220.6509,61505.1263,-515060.3327,-436945.64780000004,-453555.2064
4965000,2348.8978,14224.3044,62015.9498,-515223.717,-436634.565,-453207.7672
4966000,2387.448,14367.7051,62253.3512,-516633.4831,-437624.97880000004,-454380.13190000004
4967000,2405.0516,14359.2421,61349.293,-514813.6047,-436700.01800000004,-453464.3117
4968000,2418.7141,14330.9076,62141.659,-516085.5414,-437194.2607,-453943.8824
4969000,2373.3515,14177.4701,62057.4129,-516530.9354,-437922.7009,-454473.5225
4970000,2420.1433,14314.3118,61772.3665,-515736.1217,-437229.3001,-453963.7552
4971000,2371.7576,14272.4892,61442.2836,-515432.5062,-437345.9758,-453990.2226
4972000,2412.0824,14316.7024,61869.3796,-515269.0511,-436670.8867,-453399.6715
4973000,2394.4557,14332.9055,61789.4618,-515710.3692,-437193.5462,-453920.9074
4974000,2408.8055,14291.4986,62663.1312,-516991.8346,-437628.3993,-454328.7034
4975000,2407.0591,14289.2047,62303.6503,-516595.3542,-437595.4401,-454291.7039
4976000,2380.0301,14233.3513,62018.6985,-515639.9546,-437007.8747,-453621.2561
4977000,2382.4284,14295.018,61794.8372,-515793.1439,-437320.86030000006,-453998.3067
4978000,2418.9097,14309.4835,62164.1266,-516341.9382,-437449.41839999997,-454177.81159999996
4979000,2377.0524,14247.417,61945.5635,-516215.8599,-437645.827,-454270.2964
4980000,2383.1406,14299.26,62386.5341,-517311.4943,-438242.55960000004,-454924.96020000003
4981000,2374.2402,14365.6487,61792.1663,-516132.571,-437600.5158,-454340.4047
4982000,2390.6537,14331.0768,62016.9353,-516049.9493,-437311.28349999996,-454033.01399999997
4983000,2365.1706,14228.6967,61604.4781,-515838.5331,-437640.1877,-454234.055
4984000,2394.1249,14290.6647,62109.6495,-517012.6739,-438218.2348,-454903.0244
4985000,2396.6975,14199.3464,62104.3469,-516527.9959,-437827.6051,-454423.649
4986000,2360.133,14345.7434,62134.6378,-516611.8772,-437771.363,-454477.23939999996
4987000,2412.5967,14272.8893,61526.8459,-515393.4676,-437181.1357,-453866.62169999996
4988000,2377.7731,14259.8676,62188.6123,-517087.3087,-438261.0557,-454898.6964
4989000,2403.8157,14273.6497,62462.526,-516694.76,-437554.7686,-454232.234
4990000,2375.4722,14307.8273,62464.086,-516927.1249,-437779.73939999996,-454463.0389
4991000,2373.8184,14241.3973,62131.6892,-515969.6398,-437222.73490000004,-453837.9506
4992000,2375.6923,14142.0214,62190.2939,-517020.8464,-438312.83879999997,-454830.5525
4993000,2351.9657,14174.428,62143.1041,-516646.4906,-437976.9928,-454503.3865
4994000,2363.4754,14302.8609,62061.527,-516115.245,-437387.3817,-454053.718
4995000,2388.8502,14245.2029,62180.1238,-516711.5453,-437897.3684,-454531.4215
4996000,2379.4974,14227.8663,61830.9861,-516213.0546,-437774.70479999995,-454382.0685
4997000,2372.2315,14332.0198,62003.2116,-516140.1945,-437432.7316,-454136.9829
4998000,2348.0845,14095.5813,61777.6048,-516071.7326,-437850.462,-454294.1278
4999000,2393.4845,14262.1422,62017.7782,-516285.6765,-437612.2716,-454267.8983
5000000,2380.2294,14240.5987,61932.2703,-517009.8709,-438456.77249999996,-455077.6006
5001000,2377.2744,14339.8618,62203.5989,-516592.7054,-437671.9703,-454389.1065
5002000,2350.6218,14208.0718,62187.4849,-516206.8605,-437460.68200000003,-454019.3756
5003000,2400.3209,14301.7363,61997.4448,-516211.7185,-437512.21650000004,-454214.2737
5004000,2371.5977,14315.4072,62177.6354,-516701.5401,-437836.8998,-454523.90469999996
5005000,2397.1875,14395.2522,62063.9738,-516451.4429,-437595.0294,-454387.46910000005
5006000,2400.7551,14303.4927,61388.4743,-515621.4546,-437528.7325,-454232.9803
5007000,2376.5164,14301.4104,61526.5007,-515566.2442,-437361.8167,-454039.74350000004
5008000,2390.821,14244.8273,62259.0024,-516658.9187,-437764.268,-454399.9163
5009000,2378.974,14309.5599,61782.1125,-516685.2322,-438214.5858,-454903.11970000004
5010000,2344.9145,14269.7918,62442.2458,-517418.8668,-438361.9147,-454976.62100000004
5011000,2380.897,14235.129,62522.6342,-517248.6882,-438110.028,-454726.054
5012000,2362.3941,14226.1813,62277.2626,-516882.0482,-438016.21020000003,-454604.7856
5013000,2363.5045,14236.3913,61833.6065,-516030.2477,-437596.7454,-454196.6412
5014000,2375.982,14272.8955,61945.7207,-516378.1798,-437783.5816,-454432.4591
5015000,2400.0278,14356.0786,61780.4949,-516345.1613,-437808.56,-454564.6664
5016000,2372.0609,14202.5876,62467.7457,-516700.8984,-437658.5042,-454233.1527
5017000,2385.488,14264.9921,62489.426,-516476.0335,-437336.1274,-453986.60750000004
5018000,2364.9351,14229.3291,62497.3814,-516045.9375,-436954.2919,-453548.5561
5019000,2382.6086,14285.5278,62185.6122,-517125.2553,-438271.5067,-454939.6431
5020000,2410.925,14257.4573,61803.3093,-516468.8432,-437997.1516,-454665.5339
5021000,2357.7125,14312.269,62177.3039,-516938.1581,-438090.8727,-454760.8542
5022000,2390.0559,14307.9282,61865.4937,-516073.2616,-437509.78380000003,-454207.76790000004
5023000,2400.4989,14391.9776,61919.3778,-516329.4003,-437617.546,-454410.02249999996
5024000,2374.9974,14224.7278,62159.4485,-516137.9771,-437378.80340000003,-453978.5286
5025000,2361.6364,14389.9088,62208.8915,-516291.3844,-437330.9477,-454082.49289999995
5026000,2371.2079,14369.7361,61370.1377,-515030.7547,-436919.673,-453660.61699999997
5027000,2405.4185,14294.5844,62072.6717,-516812.873,-438040.1984,-454740.2013
5028000,2406.1547,14308.0224,61859.0509,-516128.1822,-437554.9542,-454269.1313
5029000,2413.2767,14373.9574,62377.6572,-516644.0219,-437479.1306,-454266.3647
5030000,2404.9784,14315.9713,62017.9096,-516327.6844,-437588.8251,-454309.7748
5031000,2381.6981,14339.0986,62128.0614,-516839.5082,-437990.65009999997,-454711.4468
5032000,2387.4429,14377.2204,61870.1106,-516161.0672,-437526.2933,-454290.9566
5033000,2356.8265,14195.4644,62390.2077,-516899.6835,-437957.1849,-454509.4758
5034000,2360.2138,14297.4341,62562.921,-516613.2359,-437392.667,-454050.3149
5035000,2397.8246,14198.942,61671.8451,-516029.331,-437760.7193,-454357.4859
5036000,2351.2503,14218.8265,62079.4614,-516435.1035,-437785.5653,-454355.64210000006
5037000,2382.1236,14298.1729,62040.8864,-515989.3181,-437268.13519999996,-453948.43169999996
5038000,2415.2549,14275.8444,62299.8158,-516512.7069,-437521.7918,-454212.8911
5039000,2380.5141,14305.2624,61887.6945,-516002.6012,-437429.1302,-454114.9067
5040000,2409.4223,14329.3206,61878.023,-515695.9804,-437079.2145,-453817.9574
5041000,2360.3442,14177.6406,62215.0917,-516153.6375,-437400.561,-453938.5458
5042000,2386.3461,14200.141,62055.6721,-516402.5035,-437760.3443,-454346.83139999997
5043000,2409.7176,14239.6984,61858.9665,-516374.9452,-437866.5627,-454515.97870000004
5044000,2405.6682,14233.2546,62270.3795,-516473.7728,-437564.47049999994,-454203.3933
5045000,2359.3812,14190.3584,61840.2836,-516124.9935,-437734.9703,-454284.70989999996
5046000,2377.9649,14285.8621,62779.7198,-517596.3634,-438152.81659999996,-454816.64359999995
5047000,2395.2332,14253.5157,61576.1207,-516146.0187,-437921.14910000004,-454569.89800000004
5048000,2366.1132,14279.7841,61961.0446,-516358.808,-437751.8661,-454397.7634
5049000,2372.4854,14277.5223,62124.9418,-516165.4676,-437390.5181,-454040.52579999994
5050000,2393.3792,14206.2996,61635.1958,-515377.8903,-437143.0157,-453742.69450000004
5051000,2407.8923,14267.4959,61817.322,-515432.1076,-436939.3974,-453614.7856
5052000,2382.1841,14250.6952,61597.2798,-515352.1782,-437122.01910000003,-453754.8984
5053000,2398.1562,14277.0263,61761.0478,-515977.7552,-437541.5249,-454216.7074
5054000,2376.4643,14330.924,61767.6566,-515721.4323,-437246.3874,-453953.7757
5055000,2404.8941,14309.4934,61264.6091,-515859.2139,-437880.21729999996,-454594.6048
5056000,2349.4922,14244.4584,62164.6816,-516175.9568,-437417.3246,-454011.2752
5057000,2410.5521,14293.7608,62087.6994,-515704.241,-436912.2287,-453616.5416
5058000,2364.1409,14316.8576,61585.7419,-515370.4371,-437103.6967,-453784.69519999996
5059000,2392.3143,14348.8996,62230.6314,-515972.758,-437000.9127,-453742.12659999996
5060000,2383.2886,14222.4423,61634.5582,-514829.6993,-436589.4102,-453195.1411
5061000,2385.5847,14263.2065,61288.0393,-514336.5577,-436399.7272,-453048.5184
5062000,2411.2731,14313.7023,61789.9461,-515842.4351,-437327.5136,-454052.489
5063000,2402.0622,14228.9346,61713.2269,-515252.4022,-436908.17850000004,-453539.1753
5064000,2385.3522,14331.3776,62001.3211,-516691.6391,-437973.5882,-454690.31799999997
5065000,2397.795,14362.1189,62113.7628,-516364.0695,-437490.3928,-454250.30669999996
5066000,2374.1576,14282.6204,61871.4948,-516563.7886,-438035.51580000005,-454692.29380000004
5067000,2416.1088,14199.2376,62132.9564,-516933.7995,-438185.4967,-454800.8431
5068000,2386.6898,14362.3071,62020.4612,-516593.2451,-437823.787,-454572.7839
5069000,2371.6561,14362.8564,61914.2423,-515526.1512,-436877.3964,-453611.90890000004
5070000,2370.6622,14244.9256,61699.9131,-515918.3277,-437602.82680000004,-454218.4146
5071000,2399.5507,14326.8612,62554.5079,-516713.2579,-437432.33810000005,-454158.75
5072000,2397.9746,14217.0448,62365.576,-515993.2468,-437012.65140000003,-453627.6708
5073000,2411.8631,14216.1027,62109.0932,-516258.6652,-437521.6062,-454149.572
5074000,2406.7283,14217.2927,62024.66,-516053.9752,-437405.2942,-454029.31519999995
5075000,2351.6105,14235.948,61631.3745,-515991.0061,-437772.07310000004,-454359.6316
5076000,2387.9445,14183.1516,62117.429,-515822.1265,-437133.60140000004,-453704.6975
5077000,2378.5323,14212.1236,61554.776,-515892.8604,-437747.42850000004,-454338.0844
5078000,2396.2111,14238.2079,61936.1219,-516079.0407,-437508.4998,-454142.9188
5079000,2340.2514,14193.3376,62013.1623,-516049.6373,-437502.886,-454036.475
5080000,2368.4468,14291.0939,62394.2507,-516542.5183,-437488.7269,-454148.2676
5081000,2357.1458,14190.7503,62179.8191,-516858.0078,-438130.29260000004,-454678.1887
5082000,2363.0189,14235.2499,62141.5638,-515543.2085,-436803.3759,-453401.6447
5083000,2385.7969,14262.8566,61809.1733,-515975.155,-437517.3282,-454165.9817
5084000,2393.8595,14305.775,61560.4812,-516418.719,-438158.60329999996,-454858.2378
5085000,2394.6945,14211.2614,62376.3781,-517104.5523,-438122.21829999995,-454728.1742
5086000,2387.7485,14214.7673,62546.1671,-516862.6817,-437713.9988,-454316.5146
5087000,2352.2825,14150.7849,61885.0858,-515432.085,-437043.9318,-453546.9992
5088000,2398.1929,14200.2484,61866.2412,-515864.2253,-437399.5428,-453997.9841
5089000,2403.9113,14359.6331,62728.6025,-517262.2726,-437770.12570000003,-454533.67010000005
5090000,2394.3873,14216.2119,61847.7919,-516134.1278,-437675.7367,-454286.3359
5091000,2412.579,14330.1622,61716.055,-516037.2569,-437578.4607,-454321.2019
5092000,2395.2995,14285.1662,62395.3347,-517053.3722,-437977.5718,-454658.0375
5093000,2358.1563,14175.0118,61648.7666,-515629.1118,-437447.17710000003,-453980.3452
5094000,2387.0825,14327.9704,61840.8449,-515480.2057,-436924.3079,-453639.3608
5095000,2421.1814,14324.2225,61887.5457,-515932.4327,-437299.4831,-454044.887
5096000,2396.6594,14233.6376,62178.1369,-516473.7012,-437665.2673,-454295.5643
5097000,2393.4775,14263.7415,61987.5985,-516034.7809,-437389.9634,-454047.1824
5098000,2357.7253,14207.9305,61186.4332,-515052.9172,-437300.8282,-453866.48400000005
5099000,2376.4192,14290.5769,61291.8031,-514693.3195,-436734.5203,-453401.51639999996
5100000,2393.1352,14297.2155,61898.039,-515350.1585,-436761.7688,-453452.11950000003
5101000,2394.8005,14321.3983,62070.9345,-516583.4165,-437796.2832,-454512.48199999996
5102000,2410.144,14224.7924,61987.4281,-516044.7025,-437422.338,-454057.2744
5103000,2407.7368,14329.5132,62340.8709,-516762.9901,-437684.86919999996,-454422.1192
5104000,2417.9843,14263.7604,61739.1221,-516497.9427,-438077.0759,-454758.82060000004
5105000,2386.3418,14067.3186,62383.165,-516749.26,-437912.43460000004,-454366.09500000003
5106000,2375.9145,14230.2566,61931.959,-516040.7363,-437502.6062,-454108.77729999996
5107000,2375.9388,14302.2287,61306.649,-515576.6462,-437591.8297,-454269.99720000004
5108000,2399.2553,14374.0743,61951.7476,-516739.1838,-438014.1066,-454787.4362
5109000,2356.4608,14156.047,61976.8025,-516049.356,-437560.0457,-454072.55350000004
5110000,2375.0559,14142.8533,62226.9562,-516240.0616,-437495.1962,-454013.1054
5111000,2377.8697,14317.8001,62028.3397,-516016.8179,-437292.80840000004,-453988.4782
5112000,2364.411,14117.2279,61791.62,-515688.2193,-437414.9604,-453896.5993
5113000,2354.6312,14235.9222,61723.2478,-515390.5684,-437076.7672,-453667.3206
5114000,2369.9035,14212.4885,61860.8114,-515607.8014,-437164.598,-453746.99
5115000,2367.3669,14158.0491,62144.1637,-515851.2326,-437181.6529,-453707.0689
5116000,2435.3546,14209.774,62056.9885,-516481.4182,-437779.30110000004,-454424.42970000004
5117000,2352.9966,14246.7901,61905.7337,-516260.6513,-437755.13090000005,-454354.91760000004
5118000,2370.8438,14303.205,61733.9886,-515758.2822,-437350.2448,-454024.29360000003
5119000,2373.3404,14295.5308,62027.4859,-516209.2136,-437512.8565,-454181.72770000005
5120000,2380.9508,14236.5908,61958.1679,-516180.9225,-437605.213,-454222.7546
5121000,2357.3967,14185.9993,61930.9739,-515579.7124,-437105.3425,-453648.73850000004
5122000,2394.5891,14276.2446,62061.4955,-516696.9685,-437964.63930000004,-454635.473
5123000,2342.3062,14227.9339,61935.7861,-516636.848,-438130.82180000003,-454701.0619
5124000,2364.8072,14244.3162,62390.2833,-516456.8552,-437457.4485,-454066.5719
5125000,2420.353,14441.6071,62524.279,-517466.051,-438079.8119,-454941.772
5126000,2417.3438,14302.1649,62372.9642,-516441.7981,-437349.3252,-454068.8339
5127000,2393.2461,14285.1865,62103.4835,-516499.7813,-437717.8652,-454396.29779999994
5128000,2389.3011,14282.9663,62399.4444,-516426.6899,-437354.9781,-454027.2455
5129000,2375.7831,14327.0632,62203.9218,-516701.6278,-437794.85970000003,-454497.706
5130000,2419.4556,14308.186,61871.8541,-516136.539,-437537.0433,-454264.6849
5131000,2387.3476,14277.1554,62126.3686,-515977.1247,-437186.2531,-453850.7561
5132000,2402.3733,14341.9155,61732.8482,-516132.9101,-437655.7731,-454400.0619
5133000,2368.482,14251.5492,62228.3265,-516644.7441,-437796.3864,-454416.4176
5134000,2398.2588,14288.7688,61558.2405,-515571.4498,-437326.1817,-454013.2093
5135000,2370.0484,14305.571,62014.9793,-515847.6117,-437157.01300000004,-453832.6324
5136000,2357.0275,14276.1179,62000.6657,-515768.1729,-437134.3618,-453767.5072
5137000,2378.9749,14281.1462,61989.4783,-516118.2247,-437468.6253,-454128.7464
5138000,2388.8328,14187.5135,61689.5619,-515540.7456,-437274.8374,-453851.18370000005
5139000,2368.5311,14285.2213,62448.2992,-515908.446,-436806.3944,-453460.1468
5140000,2366.3998,14231.461,61220.51,-515070.8057,-437252.4349,-453850.2957
5141000,2365.635,14337.963,62940.7592,-517091.5871,-437447.22990000003,-454150.82790000003
5142000,2382.347,14142.3762,61783.2735,-515852.7944,-437544.7977,-454069.5209
5143000,2387.591,14218.4637,61931.3238,-515814.9302,-437277.5517,-453883.6064
5144000,2376.6827,14305.0518,61791.1548,-515551.2248,-437078.33550000004,-453760.07
5145000,2350.1448,14233.9105,61854.0796,-515817.8926,-437379.7577,-453963.813
5146000,2420.6962,14304.8445,62020.0653,-516163.0734,-437417.46739999996,-454143.0081
5147000,2389.5967,14274.6968,62406.074,-516574.7466,-437504.3791,-454168.6726
5148000,2395.0184,14243.8257,61875.2038,-515317.3908,-436803.3429,-453442.187
5149000,2395.1098,14261.6204,61867.0843,-515594.5497,-437070.7352,-453727.4654
5150000,2367.0227,14373.3741,61948.3344,-515624.6637,-436935.9325,-453676.3293
5151000,2395.2854,14330.1547,61654.6407,-515715.5397,-437335.4589,-454060.89900000003
5152000,2398.6215,14183.9941,61893.8616,-515660.2308,-437183.75360000005,-453766.3692
5153000,2387.8995,14170.7005,61794.2484,-515152.2728,-436799.42439999996,-453358.0244
5154000,2396.0966,14184.1774,62300.8171,-516253.3662,-437372.27509999997,-453952.5491
5155000,2359.438,14310.1474,61711.54,-515593.2773,-437212.1519,-453881.73730000004
5156000,2385.5014,14211.8633,61754.3267,-515867.2273,-437515.5359,-454112.90060000005
5157000,2396.8379,14233.1317,62057.0985,-516444.0039,-437756.9358,-454386.9054
5158000,2407.4707,14284.113,61878.1301,-515679.7407,-437110.02690000006,-453801.6106
5159000,2393.1774,14270.574,61944.4189,-515943.547,-437335.3767,-453999.12810000003
5160000,2392.5471,14405.26,61915.8582,-515966.0896,-437252.4243,-454050.2314
5161000,2348.2698,14197.9553,62109.3778,-515402.7097,-436747.1068,-453293.3319
5162000,2356.2146,14277.1597,61676.1233,-515991.4651,-437681.96749999997,-454315.3418
5163000,2409.6783,14272.0417,62072.0605,-515998.953,-437245.1725,-453926.89249999996
5164000,2388.0043,14199.8385,61450.9796,-514913.5536,-436874.7312,-453462.57399999996
5165000,2387.1327,14214.9633,61464.9074,-515947.6079,-437880.6045,-454482.70050000004
5166000,2376.4764,14340.9256,61624.0442,-515551.9132,-437210.467,-453927.869
5167000,2397.1702,14235.7369,62369.3488,-516832.1619,-437829.906,-454462.8131
5168000,2387.2771,14339.373,61996.32,-516055.9299,-437332.95979999995,-454059.6099
5169000,2381.2296,14258.6844,62235.998,-516483.9207,-437608.0087,-454247.9227
5170000,2395.2515,14229.6738,61753.2369,-515525.2373,-437147.07509999996,-453772.00039999996
5171000,2363.1864,14331.0091,61624.3042,-515299.1135,-436980.6138,-453674.80929999996
5172000,2390.5458,14218.1402,61836.3256,-516372.8445,-437927.83290000004,-454536.5189
5173000,2370.5129,14277.0901,62199.4723,-517055.9555,-438208.8802,-454856.48319999996
5174000,2366.3615,14213.7346,62081.3538,-516426.1161,-437764.6662,-454344.7623
5175000,2388.6898,14264.5263,62078.7311,-516712.6031,-437980.6559,-454633.87200000003
5176000,2351.7574,14201.5452,62016.0069,-516164.46,-437595.1505,-454148.45310000004
5177000,2376.7841,14145.9699,62261.9661,-516892.9985,-438108.27839999995,-454631.03239999997
5178000,2391.2292,14176.0126,62301.7201,-517327.3512,-438458.3893,-455025.6311
5179000,2370.0552,14195.5744,61423.64,-515523.4636,-437534.194,-454099.8236
5180000,2374.2341,14209.9653,62533.1677,-516669.0397,-437551.67260000005,-454135.87200000003
5181000,2330.7437,14189.1862,61897.8563,-516086.8158,-437669.0296,-454188.9595
5182000,2420.8023,14350.1234,62292.4053,-516617.7209,-437554.3899,-454325.31560000003
5183000,2381.2392,14273.9401,61962.6616,-516412.5796,-437794.7387,-454449.918
5184000,2368.3639,14243.1078,61757.5202,-516277.9883,-437908.99640000006,-454520.46810000006
5185000,2376.5827,14223.8613,62256.2761,-515996.7591,-437140.039,-453740.483
5186000,2368.9459,14247.3427,62524.4222,-516210.3871,-437069.6763,-453685.9649
5187000,2336.1377,14246.2088,62116.7856,-516410.0459,-437710.91380000004,-454293.2603
5188000,2387.8638,14318.3626,62087.8432,-515973.9305,-437179.8609,-453886.0873
5189000,2393.1926,14313.6341,62326.445,-516842.6245,-437809.3528,-454516.17949999997
5190000,2360.4696,14285.1692,62175.2713,-516617.7522,-437796.8421,-454442.48089999997
5191000,2398.6098,14224.0912,62044.2265,-516426.0427,-437759.1152,-454381.8162
5192000,2414.4356,14338.4791,61982.0106,-516545.6991,-437810.7738,-454563.68850000005
5193000,2364.642,14179.5111,62306.9414,-517391.0701,-438539.9756,-455084.1287
5194000,2363.5042,14219.8924,62703.0973,-517617.7392,-438331.2453,-454914.6419
5195000,2350.8112,14284.1315,62259.15,-516892.6061,-437998.51339999994,-454633.45609999995
5196000,2386.5321,14266.5323,61756.1899,-516483.8305,-438074.5762,-454727.6406
5197000,2391.0956,14345.035,61791.4326,-516350.791,-437823.2278,-454559.3584
5198000,2394.1294,14313.1516,62200.678,-516973.9876,-438066.02859999996,-454773.3096
5199000,2392.9845,14297.3227,62050.2877,-516297.7674,-437557.1725,-454247.4797
5200000,2387.605,14318.0945,61932.8183,-516140.9781,-437502.46030000004,-454208.1598
5201000,2413.2309,14294.4427,61992.9084,-515797.3914,-437096.8094,-453804.483
5202000,2407.3711,14214.6275,61842.4908,-515540.1837,-437075.6943,-453697.6929
5203000,2376.5785,14303.0664,62074.0964,-516191.6575,-437437.9162,-454117.5611
5204000,2388.8692,14348.0272,62277.0471,-516813.4097,-437799.4662,-454536.3626
5205000,2375.5031,14302.9285,62120.5617,-516606.4156,-437807.4223,-454485.8539
5206000,2376.343,14279.3144,61651.145,-515219.1201,-436912.3177,-453567.9751
5207000,2382.6952,14303.2861,61813.6639,-515774.4032,-437274.75800000003,-453960.7393
5208000,2388.729,14262.4958,61895.9778,-516255.3713,-437708.1687,-454359.3935
5209000,2368.5821,14253.286,62139.6475,-516486.4409,-437724.9253,-454346.79339999997
5210000,2358.3022,14169.8847,61483.332,-514644.1831,-436632.6642,-453160.8511
5211000,2353.8229,14286.266,62216.9474,-515860.3249,-437003.2886,-453643.3775
5212000,2368.9557,14347.1089,62485.9262,-517115.5466,-437913.5558,-454629.6204
5213000,2382.4067,14195.8937,62386.9815,-516437.3983,-437472.1164,-454050.4168
5214000,2375.8313,14226.7476,61869.2896,-515855.7956,-437383.92710000003,-453986.506
5215000,2359.3577,14166.1876,61806.5074,-515681.3907,-437349.338,-453874.8833
5216000,2374.9348,14226.9666,62058.0038,-515396.7788,-436736.8736,-453338.77499999997
5217000,2392.1186,14259.3194,62074.2968,-516258.0271,-437532.2923,-454183.7303
5218000,2404.2417,14268.6754,62418.4209,-516314.0264,-437222.6884,-453895.60549999995
5219000,2357.7474,14223.7199,61514.2664,-515000.2939,-436904.5602,-453486.02749999997
5220000,2379.1531,14380.5488,61834.0898,-516325.3215,-437731.5298,-454491.2317
5221000,2391.2808,14275.7381,61894.4272,-516486.9308,-437925.4847,-454592.5036
5222000,2384.022,14190.3799,62192.7866,-516420.4403,-437653.2518,-454227.6537
5223000,2353.5011,14214.0847,62058.3149,-516011.562,-437385.6613,-453953.2471
5224000,2337.7363,14210.7949,62404.7244,-516411.9821,-437458.7265,-454007.2577
5225000,2332.6261,14262.867,62301.0097,-516320.1232,-437423.62039999996,-454019.1135
5226000,2339.3432,14263.4977,61637.3412,-515639.2384,-437399.05629999994,-454001.89719999995
5227000,2336.8037,14277.0352,62381.3699,-516605.523,-437610.3142,-454224.1531
5228000,2364.5574,14224.3631,61762.5711,-516130.4226,-437778.931,-454367.8515
5229000,2356.3689,14376.1663,61561.4082,-515552.0793,-437258.1359,-453990.6711
5230000,2374.2416,14230.4005,62153.1759,-516455.5857,-437697.76769999997,-454302.4098
5231000,2370.9439,14225.1352,62349.6504,-516860.5152,-437914.7857,-454510.86480000004
5232000,2371.6467,14293.1273,61942.8005,-515358.7673,-436751.1928,-453415.9668
5233000,2391.7247,14321.8371,61927.7349,-515827.8655,-437186.5688,-453900.13060000003
5234000,2386.2384,14282.9832,62546.188,-516692.3003,-437476.8907,-454146.1123
5235000,2373.8841,14226.1146,61616.4385,-515169.1718,-436952.7346,-453552.7333
5236000,2383.4832,14236.275,62469.5994,-516539.9354,-437450.5778,-454070.336
5237000,2423.7631,14369.4136,61729.31,-515855.2534,-437332.7667,-454125.9434
5238000,2372.6091,14276.0859,61447.001,-514705.3345,-436609.6385,-453258.3335
5239000,2344.1275,14152.8242,61939.092,-515954.9795,-437518.93580000004,-454015.8875
5240000,2380.1,14232.3022,61853.9498,-515921.9693,-437455.6173,-454068.0195
5241000,2420.0749,14230.7007,62263.223,-516789.9713,-437875.9727,-454526.7483
5242000,2383.2093,14230.4793,61748.3411,-516042.5552,-437680.5255,-454294.2141
5243000,2350.9211,14258.045,62126.855,-516726.5654,-437990.7443,-454599.71040000004
5244000,2351.6289,14288.8801,62089.9867,-516802.91,-438072.41429999995,-454712.92329999997
5245000,2371.4304,14237.9703,61577.1755,-515731.4183,-437544.8421,-454154.2428
5246000,2388.1607,14266.1736,62669.1918,-517041.4878,-437717.9617,-454372.296
5247000,2372.7073,14197.1099,62663.1732,-516940.9823,-437707.99189999996,-454277.80909999995
5248000,2374.5371,14277.6978,62415.0191,-516652.4133,-437585.1593,-454237.39420000004
5249000,2382.6476,14267.5792,61869.0559,-515825.073,-437305.7903,-453956.0171
5250000,2351.0982,14117.0607,62413.6274,-516678.6736,-437796.8873,-454265.0462
5251000,2366.2025,14279.8112,62168.9669,-516417.9683,-437602.9877,-454249.0014
5252000,2373.7167,14195.4789,61803.7231,-515587.3713,-437214.45259999996,-453783.6482
5253000,2391.8951,14257.6052,61464.0113,-515331.0768,-437217.56519999995,-453867.06549999997
5254000,2416.1898,14359.6215,62179.4912,-516402.165,-437446.8625,-454222.6738
5255000,2366.4324,14253.694,62029.024,-515723.0986,-437073.94820000004,-453694.07460000005
5256000,2352.5932,14196.3481,61883.1466,-516296.0174,-437863.9295,-454412.87080000003
5257000,2415.541,14212.5894,62152.8489,-516506.8669,-437725.8876,-454354.01800000004
5258000,2364.1071,14297.709,61846.9499,-515456.4015,-436947.6355,-453609.4516
5259000,2372.1247,14316.4944,61942.9395,-515294.6516,-436663.093,-453351.7121
5260000,2370.9833,14247.6191,62115.3902,-516063.8605,-437329.8679,-453948.4703
5261000,2385.2076,14230.4215,61811.6765,-515735.9565,-437308.65089999995,-453924.27999999997
5262000,2335.0982,14114.0957,62360.4957,-516468.9487,-437659.2591,-454108.453
5263000,2391.0116,14279.7145,61473.0843,-515869.0621,-437725.25169999996,-454395.9778
5264000,2404.6415,14214.2829,61465.7936,-515473.2504,-437388.5324,-454007.45680000004
5265000,2366.6527,14228.4105,61828.5361,-515701.5183,-437277.919,-453872.98219999997
5266000,2368.3268,14368.1757,62288.1422,-516622.5379,-437597.8932,-454334.3957
5267000,2394.8513,14312.4985,61440.8424,-515399.0758,-437250.8836,-453958.23339999997
5268000,2388.4129,14328.5017,62236.4094,-515972.2551,-437018.93110000005,-453735.8457
5269000,2415.0878,14281.5942,61253.9573,-514826.8307,-436876.1914,-453572.8734
5270000,2378.4037,14323.2389,61968.4686,-516092.0988,-437421.9876,-454123.63019999996
5271000,2366.0853,14262.5339,61888.4628,-516307.2308,-437790.1488,-454418.76800000004
5272000,2341.0237,14240.0926,61439.2079,-515414.1431,-437393.81889999995,-453974.9352
5273000,2352.3667,14272.6025,62126.9916,-516489.4563,-437737.4955,-454362.4647
5274000,2365.4929,14358.2226,62213.7297,-517099.3798,-438161.9346,-454885.65009999997
5275000,2373.7849,14274.1474,61910.1892,-516620.8086,-438062.6871,-454710.61939999997
5276000,2379.5977,14373.5707,61952.0313,-516036.1804,-437330.9807,-454084.14910000004
5277000,2379.6403,14233.9813,62115.6739,-516308.5976,-437579.3021,-454192.9237
5278000,2367.7682,14280.0545,62420.7021,-516672.8734,-437604.34859999997,-454252.1713
5279000,2368.6115,14258.4241,61330.9391,-515090.5896,-437132.6149,-453759.6505
5280000,2416.3513,14346.5575,61316.236,-515334.0088,-437254.864,-454017.77280000004
5281000,2385.9134,14207.077,61939.247,-515269.0534,-436736.816,-453329.8064
5282000,2380.4389,14319.3713,61521.0169,-514924.0345,-436703.2074,-453403.0176
5283000,2376.204,14361.5642,62150.2862,-516053.4858,-437165.4314,-453903.19960000005
5284000,2360.1356,14279.2425,61934.5031,-515767.9357,-437194.05449999997,-453833.43259999994
5285000,2379.9202,14237.3846,61803.391,-516014.5276,-437593.8318,-454211.13659999997
5286000,2403.3352,14369.9721,62124.2604,-516028.6675,-437131.09979999997,-453904.40709999995
5287000,2384.9081,14297.3122,62335.0534,-516801.5106,-437784.2369,-454466.4572
5288000,2371.1771,14270.1229,62334.3915,-516735.2766,-437759.58509999997,-454400.88509999996
5289000,2384.8167,14290.6453,61888.6863,-516461.0616,-437896.9133,-454572.3753
5290000,2380.1167,14226.804,62062.8559,-516297.4312,-437627.6546,-454234.57529999997
5291000,2364.5194,14250.3148,61757.0971,-515563.0372,-437191.1059,-453805.9401
5292000,2412.0397,14373.4607,62132.5273,-515637.2004,-436719.1727,-453504.67309999996
5293000,2373.8394,14360.1589,62054.7865,-516117.5113,-437328.7265,-454062.7248
5294000,2375.5345,14334.2677,61342.6798,-515454.4127,-437401.93069999997,-454111.7329
5295000,2392.1133,14267.8509,61947.3652,-516117.5963,-437510.2669,-454170.2311
5296000,2375.0677,14339.7657,62276.6969,-516616.8781,-437625.3478,-454340.1812
5297000,2358.676,14306.8776,61838.556,-516853.6477,-438349.5381,-455015.0917
5298000,2389.8956,14464.9394,62045.9281,-516192.1183,-437291.3552,-454146.19019999995
5299000,2429.71,14295.99,62153.5567,-516117.7886,-437238.53190000006,-453964.2319
5300000,2352.3014,14188.7234,61868.7291,-515922.1897,-437512.4358,-454053.4606
5301000,2372.9481,14293.4523,62167.6334,-516288.4776,-437454.4438,-454120.8442
5302000,2367.5584,14274.259,61536.7484,-515706.1713,-437527.6055,-454169.4229
5303000,2384.0046,14319.7079,61854.6053,-515754.0287,-437195.7109,-453899.4234
5304000,2374.5166,14237.1219,61388.9687,-514536.9562,-436536.34900000005,-453147.98750000005
5305000,2376.8159,14211.664,62004.8442,-515488.0962,-436894.77210000006,-453483.25200000004
5306000,2413.3192,14341.1425,61721.1882,-516010.656,-437535.0061,-454289.46780000004
5307000,2402.6973,14354.2687,61894.9505,-516224.8304,-437572.9139,-454329.8799
5308000,2362.0447,14236.2099,62254.2101,-516098.588,-437246.1233,-453844.37789999996
5309000,2383.7833,14214.8563,61757.2799,-515103.8754,-436747.9559,-453346.5955
5310000,2375.6223,14272.9953,61966.8594,-515460.2662,-436844.7892,-453493.4068
5311000,2369.2013,14254.9425,61944.7779,-515582.4013,-437013.4796,-453637.62340000004
5312000,2380.5335,14258.6435,61822.5345,-515985.2046,-437523.49309999996,-454162.6701
5313000,2372.4966,14329.8094,61802.8761,-515859.7604,-437354.57830000005,-454056.88430000003
5314000,2356.2144,14189.3634,61921.1901,-515729.6908,-437262.9229,-453808.5007
5315000,2361.0464,14227.1513,61938.7135,-516461.9553,-437935.04409999994,-454523.24179999996
5316000,2388.7301,14143.5754,61870.7424,-516325.6742,-437922.6263,-454454.9318
5317000,2368.2126,14238.5463,62326.7552,-516621.0157,-437687.50159999996,-454294.2605
5318000,2376.7166,14299.3588,61503.0533,-515459.1577,-437280.029,-453956.10439999995
5319000,2390.2203,14274.9351,61779.3445,-515696.882,-437252.3821,-453917.5375
5320000,2368.8454,14231.4021,62142.9081,-516785.2897,-438042.1341,-454642.3816
5321000,2365.2111,14317.5751,62703.2582,-517324.9888,-437938.9444,-454621.7306
5322000,2396.4352,14229.0352,62261.6997,-516922.3876,-438035.2175,-454660.6879
5323000,2365.7724,14250.0066,62119.1364,-516120.4721,-437385.5567,-454001.3357
5324000,2409.8156,14397.9959,62008.9117,-517199.8506,-438383.1274,-455190.9389
5325000,2358.3847,14259.9513,61974.5528,-516314.2374,-437721.34859999997,-454339.6846
5326000,2401.2926,14300.7497,61836.3845,-515905.2134,-437366.7866,-454068.8289
5327000,2387.3102,14245.8157,62114.9331,-516296.0495,-437547.9905,-454181.1164
5328000,2407.9036,14375.8337,62028.1512,-516207.4477,-437395.5592,-454179.2965
5329000,2391.4092,14291.5029,61674.4249,-515578.2755,-437220.9385,-453903.8506
5330000,2351.046,14131.4111,61834.4656,-515582.3059,-437265.3832,-453747.8403
5331000,2375.6591,14239.3474,61570.5043,-515651.8266,-437466.3158,-454081.3223
5332000,2373.8718,14289.0881,62280.6702,-516792.3791,-437848.749,-454511.7089
5333000,2404.9931,14402.3164,62228.9187,-516440.477,-437404.2488,-454211.55830000003
5334000,2398.0118,14403.3668,61757.1496,-516274.4686,-437715.9404,-454517.319
5335000,2394.8991,14316.5349,61713.7905,-516208.9763,-437783.75179999997,-454495.1858
5336000,2358.4433,14251.3986,61944.311,-516312.9276,-437758.7747,-454368.6166
5337000,2374.6374,14267.4815,61661.3791,-515281.6105,-436978.11250000005,-453620.2314
5338000,2373.1617,14263.6201,61363.9738,-514826.2123,-436825.4567,-453462.23850000004
5339000,2372.0821,14318.8699,61671.2598,-515772.6989,-437410.4871,-454101.4391
5340000,2373.5362,14159.3732,61292.3918,-514822.1063,-436996.8051,-453529.7145
5341000,2371.6364,14255.3166,61952.365,-515778.7492,-437199.4312,-453826.38420000003
5342000,2337.5282,14315.9429,62515.9863,-516594.116,-437424.65859999997,-454078.1297
5343000,2395.054,14274.128,61832.8953,-515267.4519,-436765.3746,-453434.5566
5344000,2418.0738,14305.319,61875.0285,-516264.6027,-437666.1814,-454389.5742
5345000,2335.9378,14179.9033,62352.1952,-516391.1433,-437523.10699999996,-454038.9481
5346000,2381.0583,14296.11,62067.776,-516922.2447,-438177.30039999995,-454854.46869999997
5347000,2389.4604,14301.9372,61855.9599,-516226.923,-437679.5655,-454370.9631
5348000,2348.5166,14255.9117,62064.7519,-516945.8696,-438276.6894,-454881.11769999994
5349000,2348.9422,14183.4831,62123.9266,-517367.8636,-438711.5117,-455243.937
5350000,2370.9528,14295.6589,62412.3201,-517138.6193,-438059.6875,-454726.2992
5351000,2408.4078,14406.1435,61864.2488,-516149.24,-437470.4399,-454284.9912
5352000,2391.5653,14337.2752,61865.6019,-516121.2216,-437526.7792,-454255.6197
5353000,2402.1492,14390.3623,62134.1177,-516439.8678,-437513.23860000004,-454305.7501
5354000,2379.698,14303.8933,61246.847,-515068.6892,-437138.2509,-453821.8422
5355000,2381.3889,14304.922,62082.1267,-515925.69,-437157.2524,-453843.5633
5356000,2360.9458,14213.3526,62194.1897,-516662.7068,-437894.21869999997,-454468.5171
5357000,2349.2546,14269.6791,62189.8653,-516196.2137,-437387.4147,-454006.3484
5358000,2386.8929,14322.9444,61714.8732,-515824.819,-437400.10850000003,-454109.9458
5359000,2375.4549,14376.5826,61711.6525,-515946.5491,-437482.8591,-454234.8966
5360000,2361.2514,14337.2874,62110.6635,-516326.0485,-437516.84619999997,-454215.38499999995
5361000,2377.4985,14273.7599,62304.4208,-516976.9562,-438021.277,-454672.5354
5362000,2358.2489,14283.8524,61792.7701,-515994.6528,-437559.7814,-454201.88269999996
5363000,2414.8161,14356.7179,61821.4196,-516057.3816,-437464.428,-454235.962
5364000,2406.9594,14305.0657,61648.0946,-515360.6185,-437000.4988,-453712.5239
5365000,2383.9039,14277.9325,61506.3138,-515546.9417,-437378.79150000005,-454040.6279
5366000,2357.0311,14367.6399,61524.7583,-515263.0367,-437013.6074,-453738.2784
5367000,2405.2678,14300.4132,62562.1496,-517349.7774,-438081.94680000003,-454787.6278
5368000,2421.5265,14306.9658,62266.356,-516344.3273,-437349.479,-454077.9713
5369000,2386.5281,14250.1623,62398.4694,-516502.7247,-437467.5649,-454104.2553
5370000,2405.7185,14335.5343,62144.6196,-516226.9065,-437341.0341,-454082.2869
5371000,2376.4257,14286.9024,62467.1854,-516939.6039,-437809.0904,-454472.41849999997
5372000,2383.1093,14262.0551,61796.2267,-516007.8835,-437566.4924,-454211.6568
5373000,2429.046,14249.8583,62117.7059,-517076.7153,-438280.1051,-454959.0094
5374000,2368.9295,14307.3061,62148.1952,-516583.1981,-437758.76729999995,-454435.00289999996
5375000,2402.4679,14276.2529,62765.7016,-517306.1026,-437861.6802,-454540.40099999995
5376000,2397.7458,14292.6379,62278.1542,-517149.5935,-438181.0556,-454871.4393
5377000,2384.6805,14268.8366,62286.5616,-516933.48,-437993.40129999997,-454646.91839999997
5378000,2374.6164,14296.7549,62457.2631,-517170.2099,-438041.57550000004,-454712.94680000003
5379000,2372.4258,14271.9766,62217.2754,-516653.8124,-437792.1346,-454436.537
5380000,2355.7716,14150.9463,61898.8783,-515901.1745,-437495.57830000005,-454002.29620000004
5381000,2397.7198,14286.1096,61456.4229,-515495.5803,-437355.328,-454039.15739999997
5382000,2389.9621,14350.0441,62222.3817,-516489.0462,-437526.6583,-454266.66449999996
5383000,2387.616,14230.6474,61520.9189,-515725.5119,-437586.3296,-454204.593
5384000,2384.2684,14289.4283,61753.589,-515639.5152,-437212.2295,-453885.92620000005
5385000,2395.3341,14178.4061,61876.6845,-515627.1942,-437176.76950000005,-453750.50970000005
5386000,2387.556,14262.4378,61518.9513,-515505.99,-437337.0449,-453987.0387
5387000,2363.2417,14281.7241,62031.3431,-516379.1756,-437702.8667,-454347.8325
5388000,2387.0376,14428.9845,61742.5454,-515872.6823,-437314.1148,-454130.1369
5389000,2376.2136,14266.4478,62543.5193,-517160.5948,-437974.41410000005,-454617.07550000004
5390000,2370.1043,14283.9814,62125.5307,-516308.7299,-437529.1135,-454183.1992
5391000,2393.4191,14277.2929,61787.7696,-515793.0256,-437334.544,-454005.256
5392000,2346.1708,14195.4686,62205.8552,-516098.5036,-437351.00899999996,-453892.6484
5393000,2370.015,14298.1504,61704.4594,-515858.678,-437486.0532,-454154.2186
5394000,2363.6527,14286.9574,62214.6952,-517333.5774,-438468.2721,-455118.8822
5395000,2410.4165,14294.6256,61698.1131,-516435.4226,-438032.2674,-454737.3095
5396000,2427.3677,14198.4924,62264.1557,-516929.4875,-438039.4717,-454665.3318
5397000,2411.6169,14298.1644,62143.1647,-516371.5849,-437518.6389,-454228.4202
5398000,2393.1619,14286.1081,61625.5414,-515755.9798,-437451.16839999997,-454130.4384
5399000,2334.4048,14228.5796,61796.765,-515733.2852,-437373.53579999995,-453936.52019999997
5400000,2433.9496,14403.1298,61802.9291,-516412.4856,-437772.4771,-454609.5565
5401000,2425.4903,14329.8613,62473.9431,-516748.4481,-437519.15339999995,-454274.505
5402000,2380.2245,14273.6931,61941.709,-516608.9257,-438013.2991,-454667.2167
5403000,2353.1453,14281.6397,62102.9948,-516646.3298,-437908.55,-454543.335
5404000,2410.5714,14321.4392,62412.9171,-517305.0048,-438160.0771,-454892.0877
5405000,2367.6419,14247.5605,62356.2545,-516875.2715,-437903.8146,-454519.017
5406000,2378.3805,14344.1135,62022.72,-516244.3339,-437499.11990000005,-454221.6139
5407000,2395.2146,14362.296,61807.8428,-515948.7664,-437383.41300000006,-454140.92360000004
5408000,2364.736,14335.7246,62006.1,-516087.0032,-437380.44259999995,-454080.9032
5409000,2385.6591,14240.1327,62293.3779,-516294.7878,-437375.61809999996,-454001.40989999997
5410000,2363.2219,14235.2707,62189.8444,-516240.722,-437452.385,-454050.8776
5411000,2353.0001,14277.6316,62186.278,-516174.4083,-437357.4986,-453988.1303
5412000,2377.7864,14333.8592,62410.8601,-516847.7269,-437725.2212,-454436.8668
5413000,2392.9417,14198.206,61788.2723,-515787.4131,-437407.9931,-453999.1408
5414000,2357.1449,14322.6066,62300.7747,-516365.8791,-437385.35290000006,-454065.1044
5415000,2388.1104,14303.5531,62335.8314,-517199.8061,-438172.3112,-454863.97469999996
5416000,2403.6985,14258.1425,62229.3397,-515827.5383,-436936.3576,-453598.1986
5417000,2383.248,14346.411,61928.5856,-516587.352,-437929.1074,-454658.7664
5418000,2355.7771,14348.4989,62205.9499,-516346.2498,-437436.0239,-454140.2999
5419000,2403.4456,14347.7188,61543.698,-515522.6982,-437227.8358,-453979.0002
5420000,2320.7721,14316.527,62210.3826,-516319.063,-437471.3813,-454108.6804
5421000,2380.355,14329.7039,61986.0297,-516493.371,-437797.28239999997,-454507.3413
5422000,2360.1365,14200.4215,62183.5037,-516713.9308,-437969.86909999995,-454530.4271
5423000,2400.5593,14256.1831,62409.7213,-516832.2139,-437765.7502,-454422.4926
5424000,2372.8314,14396.9126,62401.2216,-516624.7301,-437453.7645,-454223.5085
5425000,2369.3193,14379.5722,61966.8244,-516854.2705,-438138.5546,-454887.4461
5426000,2423.5165,14309.7849,61948.0547,-515927.9191,-437246.56299999997,-453979.8644
5427000,2399.6092,14454.3006,61772.9206,-515820.3937,-437193.56330000004,-454047.4731
5428000,2414.7243,14232.657,61754.1647,-515504.9139,-437103.36789999995,-453750.74919999996
5429000,2381.5954,14396.4118,61994.953,-516030.8766,-437257.9164,-454035.92360000004
5430000,2402.4071,14300.0317,61729.0489,-515763.1473,-437331.6596,-454034.0984
5431000,2364.321,14495.5148,62178.944,-516463.9548,-437425.175,-454285.0108
5432000,2366.0727,14302.2032,62076.1645,-516580.0683,-437835.62789999996,-454503.9038
5433000,2414.1885,14295.6093,62509.7267,-516763.0943,-437543.5698,-454253.3676
5434000,2411.6579,14364.3943,61865.7172,-516157.7035,-437515.9341,-454291.9863
5435000,2375.0855,14223.0312,61773.0916,-515967.5083,-437596.3,-454194.4167
5436000,2403.6933,14279.4757,62068.0794,-516485.7973,-437734.54889999994,-454417.7179
5437000,2387.5202,14276.4323,61861.3569,-515320.1656,-436794.85620000004,-453458.8087
5438000,2402.9613,14303.2324,62673.8708,-517161.5935,-437781.52900000004,-454487.72270000004
5439000,2357.8959,14354.1698,62138.9235,-515707.5852,-436856.59599999996,-453568.6617
5440000,2374.7513,14295.9344,61446.1183,-515467.8337,-437351.0297,-454021.7154
5441000,2420.1008,14247.6021,61564.1908,-515410.6222,-437178.72849999997,-453846.4314
5442000,2368.6937,14239.119,62319.774,-516565.4581,-437637.8714,-454245.6841
5443000,2419.154,14288.8834,61897.9488,-515994.4335,-437388.4473,-454096.4847
5444000,2371.3705,14263.6135,61612.7651,-515411.7945,-437164.0454,-453799.0294
5445000,2348.3885,14237.4685,62043.6864,-516382.6095,-437753.06610000005,-454338.9231
5446000,2358.2292,14325.2106,61938.4122,-516073.3308,-437451.4788,-454134.9186
5447000,2378.0073,14310.4895,62384.6029,-516755.012,-437681.91229999997,-454370.4091
5448000,2396.4253,14383.4592,62150.7334,-516538.9775,-437608.35959999997,-454388.2441
5449000,2397.6478,14305.9471,61699.1856,-515226.5285,-436823.748,-453527.34290000005
5450000,2385.6897,14302.4903,61886.1406,-515786.7211,-437212.4005,-453900.58050000004
5451000,2381.3573,14193.1886,62081.9669,-515524.5508,-436868.03800000006,-453442.5839
5452000,2348.9412,14175.719,62423.184,-516053.0109,-437105.1667,-453629.8269
5453000,2366.5418,14219.9495,61689.6869,-516299.9195,-438023.7413,-454610.2326
5454000,2388.1398,14309.2546,61675.4577,-515679.6664,-437306.81429999997,-454004.20869999996
5455000,2378.5701,14301.4536,61695.2572,-516127.9296,-437752.64869999996,-454432.6724
5456000,2354.7517,14230.7272,61854.114,-516181.2881,-437741.6952,-454327.1741
5457000,2401.8648,14360.1835,61792.4209,-516146.0278,-437591.5586,-454353.6069
5458000,2376.2666,14274.9883,61949.0109,-516287.1071,-437686.84130000003,-454338.0962
5459000,2375.1654,14184.2765,61659.6806,-515947.5922,-437728.4697,-454287.9116
5460000,2365.3394,14300.9871,62044.3382,-516921.299,-438210.63430000003,-454876.9608
5461000,2341.2515,14303.1447,62230.1162,-516812.4525,-437937.9401,-454582.3363
5462000,2363.0529,14341.6715,62105.8119,-515706.2387,-436895.70239999995,-453600.4268
5463000,2358.5159,14289.2302,61876.7977,-516175.8058,-437651.262,-454299.0081
5464000,2361.246,14242.15,61587.9544,-515713.9551,-437522.6047,-454126.00070000003
5465000,2381.0593,14236.8763,62069.0546,-516518.2411,-437831.2509,-454449.18649999995
5466000,2393.2829,14365.8628,61935.974,-516754.8449,-438059.7252,-454818.87090000004
5467000,2392.7927,14341.0324,62091.9903,-516761.3222,-437935.5068,-454669.3319
5468000,2341.3451,14200.7845,61635.0916,-516387.9713,-438210.75009999995,-454752.8797
5469000,2361.8863,14358.7572,62266.048,-516591.5712,-437604.8797,-454325.5232
5470000,2379.5359,14198.9541,61898.7569,-515910.6245,-437433.3776,-454011.8676
5471000,2370.5131,14290.4983,61991.6268,-516238.3319,-437585.6937,-454246.7051
5472000,2399.0588,14312.4167,62245.3686,-516165.6189,-437208.7748,-453920.2503
5473000,2376.5082,14185.2377,61320.1617,-515035.0343,-437153.1267,-453714.8726
5474000,2386.8337,14293.9631,62129.0705,-515767.5333,-436957.666,-453638.4628
5475000,2394.9322,14280.5197,61853.2069,-515848.8675,-437320.20869999996,-453995.6606
5476000,2387.8158,14298.0915,61904.9232,-515504.6851,-436913.8546,-453599.7619
5477000,2375.4781,14329.2144,62152.3398,-516539.7727,-437682.74039999995,-454387.43289999996
5478000,2391.4673,14252.7821,62503.251,-516411.9553,-437264.4549,-453908.7043
5479000,2395.2382,14273.1302,61991.0811,-516208.7979,-437549.3484,-454217.7168
5480000,2417.2865,14366.0968,62097.0414,-516568.1151,-437687.69039999996,-454471.0737
5481000,2379.2755,14303.8787,61995.4357,-515543.9873,-436865.39739999996,-453548.5516
5482000,2374.2055,14371.9453,61871.0968,-516822.9354,-438205.6878,-454951.8386
5483000,2382.0632,14461.9457,62069.4662,-516326.998,-437413.5229,-454257.5318
5484000,2374.5957,14275.3592,62290.2064,-516812.3101,-437872.14879999997,-454522.1037
5485000,2350.6584,14233.6292,61999.3796,-516466.7268,-437883.05960000004,-454467.3472
5486000,2399.9772,14433.2753,62653.4526,-517544.891,-438058.18590000004,-454891.4384
5487000,2407.0523,14425.6779,61672.9894,-516199.3451,-437693.62549999997,-454526.35569999996
5488000,2366.9272,14242.7125,62105.3688,-516066.3021,-437351.2936,-453960.9333
5489000,2379.2279,14324.0573,61734.2716,-516482.0152,-438044.4584,-454747.74360000005
5490000,2388.4622,14396.7545,61979.1281,-516463.9296,-437699.58479999995,-454484.80149999994
5491000,2374.5214,14350.3147,61908.712,-516336.0754,-437702.52729999996,-454427.3634
5492000,2375.8796,14327.4238,62273.9081,-515980.7421,-437003.53059999994,-453706.834
5493000,2387.3846,14363.3926,62550.1779,-517207.8829,-437906.9278,-454657.705
5494000,2362.9955,14305.3033,61894.429,-515765.2808,-437202.553,-453870.8518
5495000,2386.3303,14375.7532,62103.1883,-516601.1001,-437735.8283,-454497.9118
5496000,2400.2038,14351.766,62209.9956,-517066.3772,-438104.4118,-454856.38159999996
5497000,2375.4994,14280.6361,62241.7865,-517021.9441,-438124.0221,-454780.15760000004
5498000,2368.3141,14339.6013,61890.1194,-516672.3501,-438074.31529999996,-454782.23069999996
5499000,2383.9136,14318.2409,62376.8114,-516992.5399,-437913.57399999996,-454615.72849999997
5500000,2389.2077,14311.498,62556.3215,-516921.7118,-437664.6846,-454365.39029999997
5501000,2371.9774,14339.6287,61972.3608,-516325.5331,-437641.5662,-454353.1723
5502000,2382.8835,14329.7443,62105.4404,-516316.8814,-437498.8132,-454211.441
5503000,2350.3066,14255.2718,61631.958,-515570.6597,-437333.12330000004,-453938.70170000003
5504000,2389.038,14403.4052,61864.5685,-515612.9039,-436955.8922,-453748.3354
5505000,2391.8007,14374.6389,61987.9859,-516838.5272,-438084.1017,-454850.54130000004
5506000,2338.9103,14335.9013,61755.9292,-516125.8428,-437695.10199999996,-454369.91359999997
5507000,2356.9189,14289.0924,62067.1976,-516114.7377,-437401.5288,-454047.5401
5508000,2368.2734,14229.6205,61581.55,-515551.539,-437372.0951,-453969.989
5509000,2358.7323,14354.1324,61651.4579,-515355.8645,-436991.5419,-453704.40660000005
5510000,2372.9964,14324.9044,62246.4154,-516766.4382,-437822.122,-454520.0228
5511000,2378.9241,14349.1171,61716.7081,-515892.2671,-437447.51780000003,-454175.559
5512000,2359.1454,14292.2485,62343.0123,-516414.1596,-437419.75340000005,-454071.1473
5513000,2405.3375,14358.3835,61796.0201,-515770.6025,-437210.8614,-453974.58239999996
5514000,2343.5356,14278.1415,62413.4351,-516684.6642,-437649.552,-454271.2291
5515000,2383.3476,14264.6392,62335.619,-516776.3927,-437792.78690000006,-454440.7737
5516000,2379.2402,14214.3959,62009.4937,-516087.6974,-437484.5676,-454078.2037
5517000,2395.3352,14310.9688,62322.406,-516381.2004,-437352.49039999995,-454058.79439999996
5518000,2383.4673,14408.8966,62173.4824,-516372.2159,-437406.3696,-454198.73350000003
5519000,2405.4384,14328.8567,61588.1231,-515485.7917,-437163.3735,-453897.6686
5520000,2395.1607,14293.3827,61929.6811,-515468.3885,-436850.164,-453538.7074
5521000,2364.2337,14302.1853,62283.7114,-516612.8378,-437662.70739999996,-454329.12639999995
5522000,2367.4675,14284.3813,62430.4225,-516633.8729,-437551.60160000005,-454203.45040000003
5523000,2354.6861,14341.5827,62259.4221,-515798.2426,-436842.5517,-453538.8205
5524000,2380.758,14371.8997,61780.3623,-515582.4605,-437049.44049999997,-453802.0982
5525000,2362.7603,14320.0482,61988.6253,-516448.6782,-437777.2444,-454460.0529
5526000,2429.718,14424.5684,61803.3248,-515734.6811,-437077.0699,-453931.3563
5527000,2405.9476,14374.8049,61710.6152,-515583.274,-437091.9063,-453872.6588
5528000,2348.9089,14416.2086,61765.7617,-516008.6801,-437477.80090000003,-454242.91839999997
5529000,2380.3503,14312.2967,61434.0908,-515146.3734,-437019.6356,-453712.2826
5530000,2390.9816,14277.6095,62011.452,-516390.8405,-437710.7974,-454379.3885
5531000,2357.3817,14251.0293,61803.4661,-515673.4716,-437261.5945,-453870.00549999997
5532000,2375.1619,14342.7742,61682.1204,-515377.1499,-436977.0934,-453695.0295
5533000,2374.8613,14357.3417,61878.7883,-515620.4993,-437009.50800000003,-453741.711
5534000,2363.23,14261.251,61692.5817,-515820.8915,-437503.8288,-454128.30980000005
5535000,2389.8002,14344.7569,61945.2979,-516337.6345,-437657.7795,-454392.3366
5536000,2374.7407,14278.3458,61697.7853,-515417.0261,-437066.15430000005,-453719.2408
5537000,2366.5072,14331.0838,61345.9783,-515536.7496,-437493.1803,-454190.77129999996
5538000,2361.0929,14351.8616,61754.5189,-515402.9912,-436935.5178,-453648.47229999996
5539000,2352.2067,14196.7579,62040.2431,-515893.6202,-437304.4125,-453853.3771
5540000,2365.4627,14191.6869,61766.7317,-516008.8067,-437684.9254,-454242.075
5541000,2360.5771,14368.9988,62062.8923,-516068.6591,-437276.1909,-454005.7668
5542000,2368.7763,14330.3281,62323.4917,-517203.7806,-438181.1845,-454880.2889
5543000,2386.0551,14255.6037,61991.361,-516460.1281,-437827.10829999996,-454468.7671
5544000,2336.513,14238.9617,62455.105,-516530.0827,-437499.503,-454074.97770000005
5545000,2395.7924,14346.1151,61829.675,-516271.5843,-437700.00179999997,-454441.9093
5546000,2401.6656,14449.6681,61899.4432,-516521.3906,-437770.6137,-454621.9474
5547000,2396.5489,14433.0564,61723.2906,-516103.4928,-437550.5969,-454380.2022
5548000,2399.3154,14381.8108,61591.8401,-515374.082,-437001.11569999997,-453782.2419
5549000,2366.1879,14221.1195,61445.7616,-514747.3595,-436714.2905,-453301.59790000005
5550000,2378.1709,14282.1413,61832.2095,-516003.7291,-437511.2074,-454171.5196
5551000,2344.9976,14248.947,61655.1772,-514931.2469,-436682.12510000006,-453276.06970000005
5552000,2403.3317,14339.5628,61721.6741,-515085.2403,-436620.6717,-453363.5662
5553000,2397.7634,14277.9232,62254.0663,-516762.5882,-437832.83530000004,-454508.5219
5554000,2337.7094,14323.8689,62184.801,-516341.1115,-437494.73219999997,-454156.3105
5555000,2409.997,14298.5565,61844.9022,-515898.1673,-437344.7116,-454053.26509999996
5556000,2383.1487,14433.7719,61930.4837,-516312.3245,-437564.9202,-454381.8408
5557000,2414.1736,14381.4381,61978.5741,-516131.8202,-437357.6344,-454153.2461
5558000,2396.6022,14422.7322,62057.1807,-516428.1659,-437551.65080000006,-454370.9852
5559000,2350.9865,14306.8093,62582.0471,-516963.3423,-437723.49940000003,-454381.2952
5560000,2396.1561,14316.806,61904.3062,-515965.6911,-437348.4228,-454061.3849
5561000,2389.2541,14290.1397,61600.3263,-515893.1128,-437613.39269999997,-454292.7865
5562000,2420.9363,14249.685,62065.9902,-516259.784,-437523.1725,-454193.7938
5563000,2389.5244,14375.2895,62061.884,-516160.8909,-437334.19299999997,-454099.0069
5564000,2401.3887,14394.4565,61611.9519,-515206.7146,-436798.9175,-453594.7627
5565000,2358.1957,14317.0177,61729.9035,-515413.1392,-437008.02229999995,-453683.23569999996
5566000,2364.9833,14283.3562,61397.7303,-515421.9737,-437375.9039,-454024.2434
5567000,2374.6556,14298.8674,61761.7223,-515145.2081,-436709.9628,-453383.48579999997
5568000,2350.7081,14352.8642,61635.1567,-515233.4027,-436894.6737,-453598.246
5569000,2411.0954,14318.5138,62150.6642,-515816.2748,-436936.0014,-453665.6106
5570000,2380.9842,14293.9348,62011.1913,-516105.1808,-437419.0705,-454093.98949999997
5571000,2405.6139,14307.0561,62480.3826,-516706.8489,-437513.7963,-454226.4663
5572000,2366.3274,14224.9393,62157.7868,-516089.4872,-437340.43369999994,-453931.7004
5573000,2388.7295,14234.4324,62271.7054,-516147.0847,-437252.2174,-453875.37930000003
5574000,2371.4184,14300.4573,62393.1214,-516534.1215,-437469.1244,-454141.0001
5575000,2384.8772,14317.7943,61982.0983,-516205.6356,-437520.86579999997,-454223.53729999997
5576000,2370.2913,14344.0873,61629.5537,-515369.8064,-437025.8741,-453740.2527
5577000,2419.8843,14325.6577,61727.6345,-515970.2582,-437497.0817,-454242.6237
5578000,2380.5399,14332.6336,62308.3576,-516177.863,-437156.3319,-453869.5054
5579000,2377.0172,14252.2824,61572.1486,-515543.1184,-437341.6702,-453970.96979999996
5580000,2354.5827,14178.47,61758.3534,-515654.5748,-437363.16870000004,-453896.2214
5581000,2392.8437,14355.1119,62191.6999,-516124.7581,-437185.1026,-453933.05819999997
5582000,2402.5041,14328.9065,62257.391,-516313.278,-437324.4764,-454055.887
5583000,2382.4854,14307.5159,61711.9326,-515621.7382,-437219.8043,-453909.8056
5584000,2350.2812,14246.0319,62433.0614,-516798.8587,-437769.48419999995,-454365.7973
5585000,2410.9486,14245.2991,62246.6303,-516777.5715,-437874.69350000005,-454530.9412
5586000,2389.0879,14391.4445,61854.0083,-516500.7923,-437866.25159999996,-454646.784
5587000,2374.67,14302.8051,62316.6599,-516785.9103,-437791.7753,-454469.2504
5588000,2371.9363,14295.1188,62492.2982,-517386.7017,-438227.34839999996,-454894.40349999996
5589000,2378.0459,14379.6464,62006.5562,-516656.0853,-437891.8368,-454649.5291
5590000,2376.4515,14412.3284,62060.8821,-515611.8401,-436762.17809999996,-453550.958
5591000,2358.8545,14262.9077,61202.3255,-515091.4639,-437267.37619999994,-453889.1384
5592000,2420.4377,14263.7617,62591.0385,-517079.4909,-437804.25299999997,-454488.45239999995
5593000,2392.7483,14289.7883,62160.1548,-515980.9043,-437138.2129,-453820.7495
5594000,2362.6976,14260.2713,61517.0944,-515295.3112,-437155.24789999996,-453778.2168
5595000,2358.7767,14360.4057,61844.0879,-515993.9933,-437430.723,-454149.9054
5596000,2399.0173,14264.0932,62101.4354,-516095.7525,-437331.20660000003,-453994.3171
5597000,2377.8671,14317.8674,62371.6966,-516848.3795,-437780.9484,-454476.68289999996
5598000,2342.4576,14153.3773,61972.4885,-516209.395,-437741.0716,-454236.90650000004
5599000,2363.9546,14402.7979,62277.0703,-517334.5975,-438290.77469999995,-455057.52719999995
5600000,2388.163,14298.2292,61929.939,-516178.0897,-437561.7585,-454248.1507
5601000,2339.873,14239.4622,62223.8294,-516677.9979,-437874.8333,-454454.1685
5602000,2342.0492,14392.6957,61617.462,-515218.6113,-436866.4044,-453601.1493
5603000,2392.2184,14272.6111,62011.498,-516203.1326,-437526.8051,-454191.6346
5604000,2387.5893,14245.6646,61826.0332,-515537.9577,-437078.6706,-453711.9245
5605000,2349.5568,14258.2436,61782.4341,-515717.0184,-437326.78390000004,-453934.5843
5606000,2383.9661,14283.5402,61576.8186,-515848.7557,-437604.4308,-454271.9371
5607000,2371.1201,14368.9192,62045.6773,-516297.5501,-437511.8335,-454251.8728
5608000,2388.6307,14247.3747,62388.9774,-516622.0785,-437597.0957,-454233.10109999997
5609000,2369.8389,14398.1873,61709.6219,-516538.074,-438060.42590000003,-454828.4521
5610000,2380.1612,14267.7747,62150.7518,-516118.4785,-437319.7908,-453967.7267
5611000,2376.9145,14273.0328,61832.3924,-516631.2115,-438148.87179999996,-454798.81909999996
5612000,2390.0586,14239.4145,62049.8417,-516561.525,-437882.21020000003,-454511.68330000003
5613000,2371.907,14279.7919,61755.9002,-516448.7577,-438041.1586,-454692.85750000004
5614000,2368.6312,14300.3448,61773.8503,-515813.7795,-437370.9532,-454039.9292
5615000,2369.8357,14266.7626,62168.3274,-516619.7094,-437814.78369999997,-454451.382
5616000,2385.1206,14281.8779,62502.5792,-517250.59,-438081.01230000006,-454748.01080000005
5617000,2340.7915,14199.313,61779.1178,-516579.7527,-438260.53040000005,-454800.6349
5618000,2367.2796,14366.0918,61737.7691,-516114.5954,-437643.4549,-454376.8263
5619000,2361.2812,14234.1832,62345.5355,-516762.3261,-437821.3262,-454416.7906
5620000,2390.4588,14331.5517,61535.3541,-515461.6791,-437204.3145,-453926.325
5621000,2372.9391,14405.1509,61928.1559,-516103.4615,-437397.2156,-454175.30559999996
5622000,2381.6671,14276.8498,62607.0296,-516878.3252,-437612.7787,-454271.2956
5623000,2387.9402,14242.0005,62130.0945,-516730.3786,-437970.3434,-454600.2841
5624000,2385.8858,14245.7465,62332.6751,-517075.4944,-438111.18700000003,-454742.81930000003
5625000,2364.6061,14343.5429,62306.0221,-516978.6653,-437964.49419999996,-454672.6432
5626000,2442.0691,14340.0785,62016.3131,-516304.3637,-437505.903,-454288.05059999996
5627000,2420.7528,14247.4311,62111.4325,-516489.1414,-437709.525,-454377.7089
5628000,2389.9131,14298.5653,61851.8818,-515639.3846,-437099.0244,-453787.5028
5629000,2361.9947,14245.396,62113.9173,-515669.5739,-436948.2659,-453555.6566
5630000,2410.6228,14337.8318,61901.3365,-515841.4671,-437191.676,-453940.13060000003
5631000,2413.0931,14267.1833,61717.9984,-515475.861,-437077.58619999996,-453757.8626
5632000,2380.1622,14226.1302,61927.5298,-515248.756,-436714.9338,-453321.2262
5633000,2366.4738,14248.7423,61720.0212,-515421.4514,-437086.2141,-453701.4302
5634000,2405.2041,14259.7664,62019.7477,-516529.2428,-437844.5246,-454509.4951
5635000,2343.1705,14209.1423,62419.2515,-516360.8285,-437389.2642,-453941.577
5636000,2365.7128,14308.8127,62236.1769,-516586.6568,-437675.9544,-454350.4799
5637000,2421.4874,14369.7708,61836.7739,-516422.5902,-437794.55809999997,-454585.81629999995
5638000,2372.3105,14228.6143,61991.8997,-516316.4105,-437723.586,-454324.5108
5639000,2370.1989,14261.5972,62017.0179,-515687.7927,-437038.9787,-453670.7748
5640000,2373.2902,14292.9817,62665.083,-517255.5198,-437924.1649,-454590.4368
5641000,2346.7948,14225.7126,61657.6363,-515606.2156,-437376.0719,-453948.5793
5642000,2395.0846,14362.5939,62137.7961,-515962.9318,-437067.4572,-453825.13570000004
5643000,2370.4153,14212.9399,61624.9275,-515756.406,-437548.12330000004,-454131.4785
5644000,2373.0233,14274.7247,61937.0488,-516127.6901,-437542.8933,-454190.6413
5645000,2377.4827,14381.5942,62494.4297,-517596.3448,-438342.8382,-455101.91510000004
5646000,2380.2077,14268.4546,61558.1575,-516241.7044,-438034.8846,-454683.54689999996
5647000,2391.7263,14333.3567,62378.232,-516845.7127,-437742.3977,-454467.48069999996
5648000,2359.2602,14140.9983,62330.1954,-517379.6162,-438549.16229999997,-455049.42079999996
5649000,2371.2637,14223.469,62555.1534,-516820.6987,-437670.8126,-454265.5453
5650000,2407.2686,14267.966,62203.5374,-516114.218,-437235.446,-453910.68059999996
5651000,2398.2943,14321.2108,61909.7456,-516689.8275,-438060.57680000004,-454780.0819
5652000,2398.232,14425.7075,61983.0845,-516275.9427,-437468.91870000004,-454292.8582
5653000,2379.6465,14222.6153,61656.9743,-515105.9555,-436846.71939999994,-453448.9812
5654000,2406.5314,14293.8426,62602.1355,-517266.8996,-437964.3901,-454664.76410000003
5655000,2365.3454,14179.4771,62000.7932,-515829.3539,-437283.7382,-453828.5607
5656000,2382.2789,14270.2221,61689.0032,-515826.3631,-437484.8589,-454137.35990000004
5657000,2439.1996,14374.0985,61859.9158,-515663.3763,-436990.16240000003,-453803.4605
5658000,2382.6945,14271.951,62502.2837,-516502.2741,-437345.34489999997,-453999.9904
5659000,2413.0802,14450.9582,62228.6477,-516004.4196,-436911.73350000003,-453775.77190000005
5660000,2386.4263,14239.1277,62275.9326,-516501.922,-437600.4354,-454225.9894
5661000,2344.3674,14266.823,62183.0531,-516840.1763,-438045.9328,-454657.1232
5662000,2353.2567,14384.1926,61797.4275,-515860.2043,-437325.3275,-454062.7768
5663000,2422.8561,14352.5393,62043.6201,-516545.0733,-437726.05779999995,-454501.4532
5664000,2373.8874,14214.9826,62019.3881,-516212.8438,-437604.5857,-454193.4557
5665000,2376.8456,14228.1749,61966.5628,-516164.2264,-437592.6431,-454197.66359999997
5666000,2414.8735,14257.4233,61847.1152,-516132.1261,-437612.7141,-454285.0109
5667000,2370.6924,14306.8277,62007.8458,-516759.2033,-438073.83739999996,-454751.3575
5668000,2411.1874,14345.2877,62298.0987,-517193.3752,-438138.8014,-454895.27650000004
5669000,2385.0183,14260.4335,62229.1807,-516092.566,-437217.9335,-453863.38529999997
5670000,2373.4475,14164.8057,62044.4822,-516607.4655,-438024.7301,-454562.98329999996
5671000,2365.4751,14334.9804,62297.4367,-517138.0297,-438140.1375,-454840.593
5672000,2384.5845,14244.3848,61859.8373,-516188.6831,-437699.8765,-454328.8458
5673000,2401.5593,14322.594,61922.4075,-516185.564,-437539.00320000004,-454263.15650000004
5674000,2382.3533,14296.3604,61825.2418,-515684.2644,-437180.30889999995,-453859.02259999997
5675000,2429.4066,14237.172,61964.4716,-516342.0938,-437711.0436,-454377.6222
5676000,2406.3902,14412.2215,62224.1844,-517494.296,-438451.49989999994,-455270.11159999995
5677000,2359.0543,14262.7785,61595.3571,-515287.0571,-437069.8672,-453691.69999999995
5678000,2365.2139,14255.9471,61555.0771,-514700.3948,-436524.1567,-453145.3177
5679000,2381.2792,14309.8036,62387.5901,-515954.3486,-436875.6757,-453566.7585
5680000,2327.2645,14307.321,62296.237,-516449.4536,-437518.6311,-454153.2166
5681000,2384.1126,14287.8245,62532.8877,-517300.9091,-438096.0843,-454768.02139999997
5682000,2370.3227,14321.662,61968.9304,-516415.0262,-437754.11110000004,-454446.0958
5683000,2380.8777,14309.9222,61952.8658,-515987.4792,-437343.8135,-454034.61340000003
5684000,2352.214,14285.7024,61828.4429,-516037.032,-437570.6727,-454208.5891
5685000,2371.7592,14274.0158,61677.3075,-515884.6894,-437561.60689999996,-454207.3819
5686000,2382.5393,14300.6437,62491.4619,-516814.8857,-437640.24079999997,-454323.4238
5687000,2396.2795,14238.192,62418.6,-517287.9255,-438234.85400000005,-454869.32550000004
5688000,2401.5449,14234.4463,61052.5488,-514554.7807,-436866.2407,-453502.2319
5689000,2383.0477,14391.8902,62479.7443,-516468.4525,-437213.77030000003,-453988.7082
5690000,2367.9108,14260.7796,61898.8833,-515990.9914,-437463.4177,-454092.1081
5691000,2399.5097,14322.6704,61837.0135,-516389.1283,-437829.9347,-454552.1148
5692000,2416.3657,14342.2438,61743.3527,-515070.5928,-436568.6306,-453327.2401
5693000,2381.9114,14291.2125,61787.416,-515780.8839,-437320.34400000004,-453993.46790000005
5694000,2367.232,14214.885,61725.1618,-515771.0018,-437463.723,-454045.84
5695000,2368.1011,14244.9497,62483.4359,-516547.6904,-437451.2037,-454064.25450000004
5696000,2411.9431,14375.9754,62255.7514,-517006.8024,-437963.13249999995,-454751.051
5697000,2378.8822,14406.788,61965.7028,-516023.3639,-437271.9909,-454057.6611
5698000,2347.8841,14394.3534,61719.7017,-515153.1794,-436691.2402,-453433.47770000005
5699000,2390.5281,14232.6272,62140.3362,-515857.5782,-437094.0867,-453717.24199999997
5700000,2356.7691,14243.1015,62274.6059,-516257.1332,-437382.6567,-453982.52729999996
5701000,2351.7395,14239.5021,62036.6587,-516020.1429,-437392.2426,-453983.48419999995
5702000,2360.189,14268.4995,61682.2522,-515455.2554,-437144.3147,-453773.00320000004
5703000,2402.9103,14197.6712,61726.5344,-515062.5164,-436735.4005,-453335.982
5704000,2365.6258,14262.4513,62336.9107,-516498.0271,-437533.0393,-454161.1164
5705000,2370.0774,14353.171,62325.8573,-516754.9711,-437705.8654,-454429.11380000005
5706000,2433.5645,14384.2518,61956.5286,-516399.3958,-437625.05090000003,-454442.8672
5707000,2387.6107,14318.4649,62199.8492,-516728.2228,-437822.298,-454528.3736
5708000,2367.6967,14280.3118,62197.293,-517049.074,-438203.7725,-454851.781
5709000,2429.5855,14411.7014,62127.6683,-516582.8056,-437613.8504,-454455.1373
5710000,2385.0735,14278.062,61937.7058,-516357.6652,-437756.82389999996,-454419.9594
5711000,2361.4708,14223.0467,61578.9115,-515511.5034,-437348.0744,-453932.5919
5712000,2376.049,14199.4562,61887.783,-515624.2529,-437160.9647,-453736.4699
5713000,2415.852,14304.0343,62158.906,-516838.0393,-437959.247,-454679.1333
5714000,2398.6599,14351.5492,62080.1807,-516726.7778,-437896.388,-454646.5971
5715000,2377.3148,14357.5835,61527.7639,-515709.4309,-437446.7687,-454181.66699999996
5716000,2385.4103,14285.9599,62178.7532,-515518.6688,-436668.5454,-453339.9156
5717000,2370.9528,14248.4155,62159.5063,-516242.2661,-437463.3915,-454082.7598
5718000,2361.6282,14292.1843,61954.5315,-516213.6107,-437605.26670000004,-454259.07920000004
5719000,2370.9295,14345.5069,61962.4132,-516415.6325,-437736.7829,-454453.2193
5720000,2360.9122,14313.2839,61981.8129,-516353.1712,-437697.1622,-454371.35829999996
5721000,2355.6732,14287.547,61968.2654,-516227.5394,-437616.0538,-454259.27400000003
5722000,2373.3109,14361.0572,61446.1693,-515890.7011,-437710.16370000003,-454444.5318
5723000,2397.1523,14214.638,62247.6698,-516794.2363,-437934.77619999996,-454546.56649999996
5724000,2397.7169,14290.1947,62126.924,-516044.0003,-437229.1647,-453917.0763
5725000,2346.2983,14269.094,61658.6384,-515683.1432,-437409.1125,-454024.5048
5726000,2347.6291,14315.9968,62095.8307,-516450.9734,-437691.5168,-454355.1427
5727000,2389.9047,14169.8071,62219.0865,-516615.4948,-437836.69649999996,-454396.4083
5728000,2360.4809,14270.4158,61777.7877,-515067.4426,-436658.75820000004,-453289.6549
5729000,2394.1671,14280.4084,61912.331,-515662.6903,-437075.78380000003,-453750.3593
5730000,2387.9062,14180.6052,62232.7696,-516879.8869,-438078.60589999997,-454647.1173
5731000,2385.4883,14275.3644,61829.6652,-516280.9501,-437790.43220000004,-454451.2849
5732000,2399.5408,14332.1329,61883.4663,-515948.4704,-437333.3304,-454065.0041
5733000,2420.9925,14292.7202,62011.3021,-516257.1381,-437532.1233,-454245.836
5734000,2415.1148,14337.1452,62196.8941,-516808.2989,-437859.1448,-454611.4048
5735000,2396.8099,14250.7295,61990.0816,-515899.9102,-437262.2892,-453909.8286
5736000,2384.3112,14321.7813,61898.6266,-515880.8832,-437276.1641,-453982.25659999996
5737000,2383.349,14297.0536,62198.3123,-516575.0805,-437696.3656,-454376.7682
5738000,2378.6775,14320.9879,62091.5471,-516397.0568,-437605.8443,-454305.5097
5739000,2354.9542,14236.5503,62078.4059,-516699.19,-438029.2796,-454620.7841
5740000,2354.8035,14260.6074,61932.1059,-516124.4091,-437576.89229999995,-454192.30319999997
5741000,2405.9541,14316.3622,61885.413,-515978.5945,-437370.8652,-454093.1815
5742000,2373.2895,14227.1722,61799.1409,-516205.9657,-437806.3631,-454406.8248
5743000,2395.5943,14319.8986,62411.3702,-517179.1058,-438052.2427,-454767.7356
5744000,2367.9556,14219.7697,62139.6378,-516515.3526,-437787.98949999997,-454375.71479999996
5745000,2404.6453,14344.8121,62521.7382,-517511.6771,-438240.4815,-454989.93889999995
5746000,2356.3288,14357.2833,61855.1736,-515792.9395,-437224.1538,-453937.7659
5747000,2398.9157,14350.0094,62808.1725,-517755.6506,-438198.55299999996,-454947.4781
5748000,2417.3412,14393.4982,62095.0509,-516654.8851,-437748.9948,-454559.83420000004
5749000,2409.5105,14366.6486,62047.0501,-516224.961,-437401.7518,-454177.9109
5750000,2371.6588,14310.1147,61368.4753,-514687.5707,-436637.3219,-453319.0954
5751000,2377.6907,14415.309,62236.8104,-516560.9201,-437531.11,-454324.1097
5752000,2413.6872,14361.0656,61942.6883,-516017.455,-437300.0139,-454074.76670000004
5753000,2386.9914,14365.5366,61631.2307,-515190.5961,-436806.8374,-453559.3654
5754000,2382.3298,14303.8864,62014.7436,-516412.8224,-437711.8626,-454398.0788
5755000,2374.9439,14245.2187,62098.7413,-516342.9222,-437624.0183,-454244.1809
5756000,2386.6897,14297.697,61626.3524,-515805.3477,-437494.6086,-454178.99529999995
5757000,2395.2992,14354.4114,61686.7615,-516361.0612,-437924.5891,-454674.2997
5758000,2397.7523,14356.7676,61640.7184,-515984.8166,-437589.57830000005,-454344.0982
5759000,2392.0753,14322.5228,61987.1502,-516098.7597,-437397.0114,-454111.6095
5760000,2378.6437,14276.07,61853.9785,-515892.6909,-437383.9987,-454038.71239999996
5761000,2376.9313,14356.5672,61732.9959,-515879.8439,-437413.3495,-454146.848
5762000,2391.9605,14367.5066,61861.8821,-515995.5388,-437374.1896,-454133.6567
5763000,2388.763,14277.2196,61843.6081,-516592.1349,-438082.5442,-454748.5268
5764000,2387.8656,14297.1476,61944.8464,-517152.4783,-438522.6187,-455207.63190000004
5765000,2396.3316,14408.7528,62131.8382,-516536.0312,-437599.10860000004,-454404.193
5766000,2395.6784,14306.0075,62503.5777,-517514.423,-438309.1594,-455010.8453
5767000,2371.2182,14421.9083,62234.8014,-516217.9338,-437190.0059,-453983.1324
5768000,2360.145,14412.0584,61791.6342,-516100.1133,-437536.2757,-454308.4791
5769000,2391.572,14400.3464,61675.263,-516247.299,-437780.1176,-454572.036
5770000,2387.1588,14331.4723,61788.3314,-516018.2384,-437511.2759,-454229.90699999995
5771000,2357.9803,14358.4305,61993.2576,-515549.9851,-436840.31669999997,-453556.7275
5772000,2384.015,14266.4679,61793.4843,-515769.934,-437325.9668,-453976.4497
5773000,2357.7695,14276.4735,62467.024,-516541.6636,-437440.39660000004,-454074.63960000005
5774000,2419.4698,14439.5555,62261.5247,-516551.4642,-437430.9142,-454289.9395
5775000,2381.265,14267.8724,61914.1704,-515817.3782,-437254.07039999997,-453903.2078
5776000,2403.318,14376.5159,62252.6239,-517163.1961,-438130.73829999997,-454910.5722
5777000,2380.1657,14406.426,62627.2942,-517043.8105,-437629.9246,-454416.5163
5778000,2382.1224,14315.6998,61970.004,-516038.4802,-437370.654,-454068.4762
5779000,2402.5909,14328.1178,61805.2221,-515829.1313,-437293.20050000004,-454023.9092
5780000,2386.3181,14269.5686,62627.5571,-517056.9068,-437773.463,-454429.3497
5781000,2368.9083,14252.3229,61893.6386,-515477.9062,-436963.03640000004,-453584.2676
5782000,2367.6205,14251.8237,61531.4683,-514786.7162,-436635.80370000005,-453255.2479
5783000,2373.0244,14328.0909,61865.6976,-516388.9878,-437822.1749,-454523.2902
5784000,2400.8202,14301.2435,61565.7536,-515754.9634,-437487.1461,-454189.2098
5785000,2370.0965,14356.0445,61993.7049,-516011.6155,-437291.7696,-454017.9106
5786000,2366.062,14200.0552,62054.4323,-516071.6691,-437451.1196,-454017.2368
5787000,2402.1371,14229.1204,62342.2992,-516816.7274,-437843.17069999996,-454474.42819999997
5788000,2335.0106,14248.4743,61737.4937,-515806.2365,-437485.25789999997,-454068.7428
5789000,2401.1546,14231.7092,61076.728,-514787.0691,-437077.4773,-453710.3411
5790000,2400.519,14250.0827,62330.4437,-516578.8236,-437597.7782,-454248.3799
5791000,2372.4061,14291.8949,61951.7279,-516174.865,-437558.83609999996,-454223.1371
5792000,2359.3996,14221.6098,61424.7715,-514945.8242,-436940.04329999996,-453521.0527
5793000,2379.0489,14333.172,61801.234,-515637.5589,-437124.104,-453836.3249
5794000,2363.0922,14305.0541,61662.9479,-516361.8367,-438030.7425,-454698.88879999996
5795000,2390.0606,14328.1554,62123.0085,-516308.2784,-437467.0539,-454185.2699
5796000,2331.3969,14325.265,62618.344,-517397.5991,-438122.5932,-454779.2551
5797000,2395.2439,14222.8784,62308.2454,-517130.5962,-438204.2285,-454822.3508
5798000,2344.4694,14259.6957,62091.9453,-516134.4585,-437438.3481,-454042.5132
5799000,2389.2475,14260.1418,61548.7816,-516129.7955,-437931.6246,-454581.0139
5800000,2373.2307,14338.7542,61980.1523,-515887.5151,-437195.3779,-453907.3628
5801000,2405.8542,14190.4272,61783.367,-515632.314,-437252.6656,-453848.94700000004
5802000,2358.2965,14246.629,61728.7215,-516030.0044,-437696.3574,-454301.2829
5803000,2385.7098,14212.9308,61849.7504,-515976.9805,-437528.5895,-454127.2301
5804000,2376.8919,14302.7078,61623.7151,-516042.9045,-437739.5897,-454419.18940000003
5805000,2360.3753,14317.2098,61309.8177,-514994.2737,-437006.87090000004,-453684.456
5806000,2373.946,14289.9217,61867.1684,-514823.0758,-436292.03969999996,-452955.90739999997
5807000,2343.9559,14212.5034,61676.4802,-515539.1939,-437306.25440000003,-453862.7137
5808000,2393.4175,14204.5776,61410.9969,-515226.5726,-437217.5806,-453815.57570000004
5809000,2379.2067,14280.214,62040.4175,-516124.6145,-437424.7763,-454084.19700000004
5810000,2391.9196,14261.6688,62115.3044,-515994.1014,-437225.2086,-453878.79699999996
5811000,2417.3618,14367.3077,61666.7189,-516315.6111,-437864.2227,-454648.8922
5812000,2357.0998,14269.2204,62575.0561,-517065.0355,-437863.6592,-454489.9794
5813000,2372.0337,14257.7911,62336.3861,-517041.1053,-438074.8944,-454704.7192
5814000,2352.9309,14269.3583,61730.9852,-515646.0677,-437292.7933,-453915.0825
5815000,2374.6782,14244.6128,62257.8448,-516555.9316,-437678.7958,-454298.0868
5816000,2397.2887,14360.9432,62159.2201,-515968.9534,-437051.5014,-453809.7333
5817000,2372.2614,14343.4467,62449.2834,-516452.7384,-437287.74689999997,-454003.45499999996
5818000,2394.7029,14325.4761,62037.475,-516285.0838,-437527.42980000004,-454247.60880000005
5819000,2368.0243,14216.6679,62134.5679,-515995.1879,-437275.9278,-453860.62
5820000,2416.9502,14356.3134,61901.2967,-515516.5621,-436842.00179999997,-453615.2654
5821000,2407.7915,14391.9913,61855.1613,-516285.5956,-437630.65150000004,-454430.4343
5822000,2386.724,14254.9485,62029.7007,-516538.7266,-437867.3534,-454509.0259
5823000,2400.5318,14402.8611,61623.792,-516355.0052,-437927.8203,-454731.2132
5824000,2408.1796,14374.0767,61981.7678,-516558.8384,-437794.81429999997,-454577.0706
5825000,2399.8214,14365.1806,62475.6576,-516507.1022,-437266.4426,-454031.44460000005
5826000,2383.3006,14294.0818,61911.6273,-516027.9097,-437438.9,-454116.2824
5827000,2385.3645,14231.9179,62228.7023,-515951.4823,-437105.4976,-453722.77999999997
5828000,2400.4006,14266.8708,61969.1226,-515725.7821,-437089.3881,-453756.6595
5829000,2378.7984,14315.7781,62224.4481,-516702.409,-437783.3844,-454477.9609
5830000,2405.4752,14365.3003,62225.3689,-516601.1932,-437605.0488,-454375.8243
5831000,2341.1658,14208.3679,62292.7509,-516644.7472,-437802.46259999997,-454351.9963
5832000,2365.52,14286.2931,62139.5965,-516493.009,-437701.5994,-454353.41250000003
5833000,2368.9914,14270.2493,61553.575,-515989.0948,-437796.27910000004,-454435.5198
5834000,2393.6989,14319.6491,62356.4979,-516812.0236,-437742.1777,-454455.5257
5835000,2389.6317,14282.9362,61699.6772,-515946.0324,-437573.7873,-454246.35520000005
5836000,2375.4115,14281.4957,61957.5202,-515955.6661,-437341.2387,-453998.1459
5837000,2364.6034,14300.1214,61691.9319,-515927.5911,-437570.9344,-454235.6592
5838000,2366.9865,14247.4648,62025.4015,-516171.4876,-437531.6348,-454146.0861
5839000,2330.8699,14339.7199,62226.1044,-516173.2608,-437276.5666,-453947.1564
5840000,2382.7078,14247.019,61951.0911,-516172.8997,-437592.08180000004,-454221.8086
5841000,2372.384,14399.125,61630.1143,-516110.2868,-437708.6635,-454480.1725
5842000,2371.8512,14244.1573,61718.9278,-515842.4259,-437507.4896,-454123.49809999997
5843000,2388.6715,14255.9812,61741.0554,-516501.1078,-438115.3997,-454760.0524
5844000,2384.0293,14409.3441,61893.5607,-516260.0394,-437573.1053,-454366.4787
5845000,2391.8108,14268.7678,61920.1227,-515696.694,-437115.9927,-453776.5713
5846000,2366.7034,14354.3393,62145.4486,-516285.6585,-437419.1672,-454140.2099
5847000,2386.9935,14380.8859,61806.0046,-515746.1319,-437172.24789999996,-453940.1273
5848000,2379.7962,14291.7103,61867.6901,-515556.1621,-437016.96550000005,-453688.472
5849000,2357.1335,14340.7609,61852.2507,-515661.2335,-437111.0884,-453808.9828
5850000,2355.9265,14313.946,62476.8496,-517041.3317,-437894.60959999997,-454564.48209999996
5851000,2356.5369,14283.2014,62204.1833,-516053.05,-437209.1284,-453848.8667
5852000,2373.6559,14289.3404,61864.6131,-516180.0492,-437652.4398,-454315.4361
5853000,2353.3347,14336.5697,61813.4055,-516821.9502,-438318.6403,-455008.5447
5854000,2372.3419,14328.7118,62001.0466,-515792.0226,-437089.92230000003,-453790.976
5855000,2377.5009,14245.356,61575.7948,-515060.5559,-436861.9042,-453484.7611
5856000,2374.854,14282.1273,61827.3799,-515630.4757,-437146.1145,-453803.0958
5857000,2364.6414,14247.5138,61452.9076,-515776.5699,-437711.5071,-454323.6623
5858000,2360.4987,14314.5294,62188.4481,-516624.9454,-437761.46920000005,-454436.49730000005
5859000,2365.1959,14255.7199,61885.8445,-516266.4314,-437759.67110000004,-454380.5869
5860000,2379.7364,14284.7657,61801.9939,-515545.4538,-437078.95780000003,-453743.4599
5861000,2386.1593,14267.991,62178.3882,-516785.4556,-437952.91709999996,-454607.0674
5862000,2377.3768,14310.147,61876.5909,-516355.5927,-437791.478,-454479.00179999997
5863000,2380.7084,14335.6195,61848.0719,-516242.1923,-437677.7925,-454394.1204
5864000,2394.219,14225.5339,62242.8189,-516961.553,-438098.98120000004,-454718.7341
5865000,2364.4229,14136.6402,62435.6,-516209.608,-437272.9449,-453774.00800000003
5866000,2378.889,14443.2417,61786.472,-515607.119,-436998.5163,-453820.647
5867000,2393.3559,14363.9985,61893.5717,-516213.2421,-437562.316,-454319.67039999994
5868000,2406.28,14429.6949,61630.2897,-516279.6979,-437813.43330000003,-454649.4082
5869000,2345.3937,14414.2319,62192.6443,-516256.363,-437304.0931,-454063.7187
5870000,2341.3889,14342.4048,61488.1736,-514951.1272,-436779.15989999997,-453462.9536
5871000,2362.5993,14296.9586,61449.1563,-515007.1219,-436898.40770000004,-453557.9656
5872000,2385.2985,14299.5833,62517.1009,-517140.64,-437938.6573,-454623.5391
5873000,2383.8682,14262.8027,62081.0594,-516356.7897,-437629.0594,-454275.73030000005
5874000,2369.5431,14305.6749,61843.1628,-515712.7269,-437194.3461,-453869.5641
5875000,2407.4629,14285.2575,62459.149,-516620.659,-437468.7896,-454161.51
5876000,2353.9263,14321.1573,61820.9257,-516026.1147,-437530.1054,-454205.18899999995
5877000,2342.2385,14329.6873,61533.5984,-515171.3608,-436965.83660000004,-453637.7624
5878000,2389.322,14357.8961,62213.6831,-516686.752,-437725.8508,-454473.06889999995
5879000,2391.8814,14369.7294,61565.7139,-515802.9219,-437475.5972,-454237.208
5880000,2370.591,14308.792,61935.5915,-516248.1631,-437633.1886,-454312.5716
5881000,2414.7694,14332.0829,62032.1548,-516009.6842,-437230.67710000003,-453977.5294
5882000,2414.1782,14273.0237,61735.5195,-515519.4813,-437096.75989999995,-453783.9618
5883000,2374.1052,14240.0824,62114.9533,-516234.7407,-437505.5998,-454119.78740000003
5884000,2341.0239,14352.8285,62241.9546,-517046.3964,-438110.58940000006,-454804.44180000003
5885000,2372.1359,14401.1415,61691.1187,-516280.842,-437816.4459,-454589.7233
5886000,2344.4439,14249.1037,61898.1387,-516440.6281,-437948.9418,-454542.48939999996
5887000,2385.5514,14284.1107,62178.0218,-516518.5841,-437670.9002,-454340.5623
5888000,2405.2394,14336.3294,61690.3561,-515944.9506,-437513.0257,-454254.5945
5889000,2369.2247,14281.79,62232.7346,-516944.4905,-438060.74120000005,-454711.7559
5890000,2384.9658,14333.4808,62614.2805,-517014.9063,-437682.17919999996,-454400.6258
5891000,2389.9686,14308.2928,61905.9345,-516497.3488,-437893.1529,-454591.41429999995
5892000,2392.7693,14319.0488,61497.6844,-515831.7823,-437622.2798,-454334.09790000005
5893000,2376.5198,14268.7792,61848.8848,-516188.4563,-437694.2725,-454339.5715
5894000,2366.5157,14259.6147,62542.1139,-517420.6534,-438252.40910000005,-454878.5395
5895000,2366.5321,14267.4326,61910.814,-516336.595,-437791.81629999995,-454425.78099999996
5896000,2355.2392,14272.0186,61533.0102,-515961.4397,-437801.1717,-454428.42949999997
5897000,2385.2388,14282.4289,62338.0862,-516468.9878,-437463.2339,-454130.9016
5898000,2392.6184,14238.0986,62322.0356,-516865.7607,-437913.0081,-454543.7251
5899000,2393.053,14380.0024,61969.0999,-516268.4387,-437526.2834,-454299.3388
5900000,2392.3715,14315.1388,61975.4903,-516082.5973,-437399.5967,-454107.107
5901000,2383.2852,14266.7029,61751.49,-515847.4771,-437445.999,-454095.9871
5902000,2365.4282,14311.4285,61880.0735,-516124.0081,-437567.0779,-454243.9346
5903000,2356.813,14414.5624,62193.1308,-516711.1803,-437746.6741,-454518.0495
5904000,2398.0191,14219.0964,62096.6449,-515698.2765,-436984.5161,-453601.63159999996
5905000,2377.1856,14311.3244,61591.4656,-514943.9129,-436663.9373,-453352.4473
5906000,2401.322,14335.6216,62115.0083,-516278.0537,-437426.1018,-454163.0454
5907000,2388.6362,14369.5957,61298.1827,-515100.0235,-437043.6089,-453801.8408
5908000,2404.5265,14398.5875,62038.8594,-515869.4919,-437027.5185,-453830.6325
5909000,2374.2777,14253.9643,62013.0422,-516178.7555,-437537.47130000003,-454165.7133
5910000,2403.5714,14234.2133,62031.6205,-516530.9509,-437861.5457,-454499.3304
5911000,2422.64,14349.1976,62170.2393,-516041.9855,-437099.9086,-453871.7462
5912000,2416.44,14361.6868,61717.7211,-515947.5448,-437451.6969,-454229.82369999995
5913000,2391.6721,14269.3057,61677.9874,-515569.02,-437230.05480000004,-453891.03260000004
5914000,2365.5189,14230.8732,61925.9779,-516110.4431,-437588.0731,-454184.4652
5915000,2357.671,14258.256,62134.1878,-516159.2419,-437409.12710000004,-454025.0541
5916000,2345.2545,14379.1309,61560.3443,-515171.2788,-436886.54909999995,-453610.9345
5917000,2369.6686,14297.3227,61646.1103,-515200.3663,-436887.2647,-453554.256
5918000,2357.9043,14324.3271,61621.9536,-515426.8833,-437122.6983,-453804.9297
5919000,2411.8421,14451.7442,61812.0901,-516484.0368,-437808.3604,-454671.9467
5920000,2358.8752,14229.0539,62267.8446,-516675.9789,-437820.20519999997,-454408.1343
5921000,2369.8599,14236.9106,62005.9264,-515250.019,-436637.3221,-453244.0926
5922000,2399.9037,14330.6636,61320.2362,-515527.0787,-437476.27520000003,-454206.8425
5923000,2352.2675,14386.0717,61712.9963,-516125.4618,-437674.1263,-454412.4655
5924000,2364.1648,14203.0861,61900.7655,-516397.6031,-437929.5867,-454496.8376
5925000,2379.5435,14281.2489,62316.7766,-516738.0946,-437760.5256,-454421.318
5926000,2381.4603,14421.6942,61860.2851,-516242.4513,-437579.01170000003,-454382.16620000004
5927000,2355.124,14389.7189,61913.7918,-516077.725,-437419.0903,-454163.93319999997
5928000,2383.4618,14390.6017,61909.1889,-516264.6795,-437581.42710000003,-454355.4906
5929000,2362.7291,14482.0514,62539.2929,-516794.6448,-437410.5714,-454255.3519
5930000,2398.8817,14299.015,61557.4501,-515265.7694,-437010.4226,-453708.3193
5931000,2373.7765,14380.3424,61508.7923,-515043.1256,-436780.21440000006,-453534.33330000006
5932000,2381.5273,14296.4194,61884.3344,-515946.1628,-437383.8817,-454061.8284
5933000,2368.5493,14313.9625,61444.1346,-515652.1323,-437525.48589999997,-454207.9977
5934000,2358.4214,14380.7219,61864.5694,-516636.7308,-438033.0181,-454772.16140000004
5935000,2392.0867,14338.3204,62152.334,-516279.2798,-437396.53870000003,-454126.9458
5936000,2374.3494,14340.3705,61560.9339,-515501.4055,-437225.7517,-453940.4716
5937000,2382.7007,14397.3222,62251.7956,-516831.3287,-437799.5102,-454579.5331
5938000,2378.5277,14377.1839,61782.1234,-515567.772,-437029.93700000003,-453785.6486
5939000,2378.0086,14299.8322,61844.6994,-515978.8791,-437456.33890000003,-454134.17970000004
5940000,2377.1427,14278.7919,62131.1948,-516095.8456,-437308.7162,-453964.6508
5941000,2353.2184,14310.263,61723.2053,-515318.3178,-436931.6311,-453595.11250000005
5942000,2388.4321,14357.835,61871.5446,-515684.8107,-437066.99899999995,-453813.26609999995
5943000,2381.4594,14344.0565,61621.3274,-515525.6692,-437178.8259,-453904.3418
5944000,2373.1083,14350.9451,61922.9975,-516319.3062,-437672.25529999996,-454396.3087
5945000,2383.242,14319.5767,61846.1,-515814.745,-437265.8263,-453968.645
5946000,2403.4387,14311.2528,62119.9988,-516242.8186,-437408.1283,-454122.8198
5947000,2375.4614,14278.9828,61813.8785,-515979.7248,-437511.40210000006,-454165.84630000003
5948000,2385.9581,14291.4014,61749.3537,-515971.0435,-437544.33030000003,-454221.68980000005
5949000,2353.9765,14317.7163,61989.2217,-515834.5941,-437173.6796,-453845.3724
5950000,2391.9083,14292.5919,62171.2159,-516706.9093,-437851.1932,-454535.6934
5951000,2394.9501,14437.7706,61545.1842,-516357.5909,-437979.686,-454812.4067
5952000,2389.8448,14431.9394,62329.8085,-516906.8224,-437755.2297,-454577.0139
5953000,2402.2721,14294.8836,62094.4603,-516419.2294,-437627.61340000003,-454324.76910000003
5954000,2432.1932,14432.6852,61814.794,-516795.5246,-438115.85219999996,-454980.7306
5955000,2386.5833,14283.917,61952.1403,-516336.8833,-437714.2427,-454384.743
5956000,2397.439,14279.6043,62359.1618,-516910.1156,-437873.9105,-454550.9538
5957000,2397.4042,14351.9083,62170.3066,-516620.6215,-437701.0024,-454450.3149
5958000,2417.155,14373.6387,62324.7534,-516614.3547,-437498.80760000006,-454289.60130000004
5959000,2377.9996,14271.6573,62121.0473,-516534.4966,-437763.79240000003,-454413.44930000004
5960000,2380.0102,14350.0943,62154.6733,-516818.8904,-437934.1126,-454664.21709999995
5961000,2408.985,14385.3551,62329.3878,-517482.3513,-438358.6234,-455152.96349999995
5962000,2375.6976,14289.9158,62434.3855,-516173.3288,-437073.3299,-453738.94330000004
5963000,2373.6114,14320.1251,61440.3244,-515157.6644,-437023.6035,-453717.34
5964000,2389.5614,14304.772,62129.4172,-516063.9922,-437240.24159999995,-453934.57499999995
5965000,2391.3156,14425.7083,61517.8769,-515421.4138,-437086.513,-453903.53689999995
5966000,2375.4273,14207.1639,62161.687,-516398.6131,-437654.3349,-454236.92610000004
5967000,2380.19,14282.1088,61312.4663,-515691.5941,-437716.82899999997,-454379.1278
5968000,2399.1476,14371.2221,61877.3583,-516565.6994,-437917.9714,-454688.34109999996
5969000,2403.9272,14417.6308,62147.2985,-516403.0748,-437434.2183,-454255.7763
5970000,2391.4418,14331.3541,62296.5964,-516647.6496,-437628.2573,-454351.0532
5971000,2376.8013,14339.0525,61715.2462,-516070.0785,-437638.97849999997,-454354.8323
5972000,2375.0421,14425.8421,61941.7989,-515801.1711,-437058.488,-453859.3722
5973000,2364.4011,14333.8243,61481.9286,-515589.4641,-437409.3101,-454107.5355
5974000,2382.2426,14395.6346,62082.7495,-516261.438,-437400.81130000006,-454178.68850000005
5975000,2369.2095,14385.7318,62021.4682,-516370.5284,-437594.1189,-454349.0602
5976000,2394.111,14397.4318,62030.342,-516014.2568,-437192.372,-453983.91479999997
5977000,2419.4457,14396.8145,62336.1443,-516600.9555,-437448.551,-454264.8112
5978000,2383.5668,14287.3064,61845.1432,-515301.1134,-436785.09699999995,-453455.9702
5979000,2362.1045,14398.1707,61910.3563,-516206.1368,-437535.50529999996,-454295.7805
5980000,2402.6988,14312.3723,61797.0963,-515994.9878,-437482.82039999997,-454197.8915
5981000,2384.4732,14334.8236,61564.1484,-515251.4972,-436968.05199999997,-453687.3488
5982000,2395.7911,14397.7879,61801.0679,-515730.3339,-437135.68700000003,-453929.266
5983000,2376.8054,14399.0731,62152.6688,-516412.5232,-437483.97589999996,-454259.8544
5984000,2408.323,14311.2188,61896.3688,-516067.8578,-437451.9472,-454171.489
5985000,2419.3027,14356.4117,61698.5589,-515942.1078,-437467.8345,-454243.5489
5986000,2409.09,14363.2975,61826.9601,-516573.9134,-437974.56580000004,-454746.95330000005
5987000,2383.0613,14380.4564,61845.6521,-516135.9998,-437526.82999999996,-454290.3477
5988000,2381.4799,14427.0876,62373.9447,-516720.0493,-437537.5371,-454346.1046
5989000,2334.557,14283.6343,62098.5289,-516475.7335,-437759.0133,-454377.2046
5990000,2382.7648,14327.7447,61869.6459,-515954.2892,-437374.1338,-454084.6433
5991000,2361.8673,14328.1515,61795.7262,-516340.7541,-437855.0091,-454545.02790000004
5992000,2376.6697,14338.2988,61918.0076,-516430.6838,-437797.7077,-454512.6762
5993000,2403.7611,14472.0277,61678.1464,-515930.3831,-437376.44789999997,-454252.2367
5994000,2356.936,14361.9852,62562.7919,-516087.2055,-436805.4924,-453524.41359999997
5995000,2363.8507,14356.6715,61988.6415,-516222.972,-437513.80830000003,-454234.33050000004
5996000,2393.4606,14367.5857,61711.6094,-515226.1836,-436753.5279,-453514.5742
5997000,2368.0536,14317.886,62317.5511,-517058.0319,-438054.5412,-454740.4808
5998000,2373.5174,14373.2418,62058.8811,-516426.1741,-437620.5338,-454367.293
5999000,2361.4991,14402.9565,61924.797,-516413.5773,-437724.3247,-454488.7803
6000000,2371.1561,14313.1151,61520.0817,-514986.3509,-436781.998,-453466.26920000004
6001000,2387.8654,14427.629,61493.5992,-515078.3812,-436769.28760000004,-453584.782
6002000,2396.81,14337.5879,62027.3343,-515951.3171,-437189.5849,-453923.9828
6003000,2426.3544,14414.0227,62096.452,-516299.1512,-437362.3221,-454202.69920000003
6004000,2388.2673,14288.8819,62070.5144,-516628.1603,-437880.4967,-454557.6459
6005000,2406.1178,14360.9899,61814.1977,-516125.0856,-437543.7802,-454310.8879
6006000,2391.0065,14404.6472,61443.5961,-514870.3314,-436631.08160000003,-453426.7353
6007000,2401.0525,14164.7486,60925.5661,-514310.6215,-436819.25430000003,-453385.0554
6008000,2365.1165,14219.9706,61964.8004,-516156.0201,-437606.1326,-454191.2197
6009000,2368.7634,14329.5045,61558.6486,-516499.8013,-438242.8848,-454941.1527
6010000,2396.5172,14295.0243,61991.9302,-516631.2041,-437947.7324,-454639.2739
6011000,2392.3732,14362.1013,62066.7,-516353.4455,-437532.27099999995,-454286.74549999996
6012000,2383.2543,14346.4164,62452.6076,-516789.0857,-437606.8074,-454336.4781
6013000,2371.5816,14343.9748,62243.009,-516659.8024,-437701.23699999996,-454416.79339999997
6014000,2357.1379,14229.2365,61795.2404,-515751.7432,-437370.12840000005,-453956.5028
6015000,2361.4602,14346.3311,61865.5944,-515706.5752,-437133.18950000004,-453840.9808
6016000,2376.4424,14297.2783,62070.1412,-516396.531,-437652.66910000006,-454326.3898
6017000,2391.9358,14429.3317,62243.2003,-516926.5754,-437862.1076,-454683.37509999995
6018000,2401.8473,14390.4459,61443.0199,-515878.1312,-437642.81810000003,-454435.1113
6019000,2384.2619,14321.4099,61827.4281,-516480.2092,-437947.1093,-454652.78109999996
6020000,2375.2115,14198.8574,61931.7715,-515542.4677,-437036.6273,-453610.6962
6021000,2361.877,14366.6887,62043.6539,-516727.0502,-437954.8306,-454683.3963
6022000,2396.1017,14459.7381,62310.8381,-516546.9507,-437380.2728,-454236.1126
6023000,2372.3199,14302.0779,62031.8086,-516309.3757,-437603.16929999995,-454277.5671
6024000,2388.907,14323.66,61892.9255,-516373.5116,-437768.01910000003,-454480.5861
6025000,2390.2536,14380.6143,62278.0593,-516310.3247,-437261.39749999996,-454032.2654
6026000,2387.0513,14334.1959,61534.8847,-516062.134,-437806.00210000004,-454527.2493
6027000,2386.4044,14238.5691,62023.7346,-516921.8806,-438273.1725,-454898.14599999995
6028000,2413.3009,14338.8595,62012.9318,-516336.7034,-437571.6112,-454323.7716
6029000,2380.0582,14472.5918,61925.5268,-516340.4399,-437562.2631,-454414.9131
6030000,2389.5675,14444.1647,61622.7058,-515679.8265,-437223.3885,-454057.1207
6031000,2427.6622,14333.6604,61499.9033,-516010.3814,-437749.1555,-454510.4781
6032000,2391.951,14324.8986,62347.5747,-516572.3495,-437507.9252,-454224.7748
6033000,2367.7855,14425.4189,61550.2154,-515430.9865,-437087.56669999997,-453880.7711
6034000,2386.8907,14304.2625,61955.6906,-515366.4771,-436719.6333,-453410.78650000005
6035000,2412.1166,14370.245,62074.4411,-515969.1508,-437112.3481,-453894.7097
6036000,2398.1987,14401.119,61930.9527,-515801.8304,-437071.55999999994,-453870.87769999995
6037000,2415.8611,14460.9215,62094.1768,-515633.2461,-436662.2867,-453539.0693
6038000,2377.6132,14333.8414,61859.6514,-516805.0205,-438233.91449999996,-454945.3691
6039000,2386.3102,14322.4111,61841.3589,-515654.0897,-437104.00950000004,-453812.7308
6040000,2384.8032,14406.2187,62575.1332,-516867.4264,-437501.2713,-454292.2932
6041000,2375.4798,14408.161,61637.2946,-516125.3206,-437704.38519999996,-454488.02599999995
6042000,2370.2782,14392.3798,62137.1846,-516531.8691,-437632.02650000004,-454394.68450000003
6043000,2423.0285,14424.9345,61852.3035,-516402.734,-437702.4675,-454550.4305
6044000,2365.6268,14343.9125,61918.4076,-516409.1857,-437781.2388,-454490.7781
6045000,2392.6719,14388.8327,61708.7613,-516672.4767,-438182.2108,-454963.7154
6046000,2377.3486,14350.8668,62134.6912,-516581.8109,-437718.9043,-454447.1197
6047000,2384.6575,14308.2743,62093.1417,-516558.4935,-437772.42,-454465.3518
6048000,2373.8839,14411.4306,62569.5003,-516761.7468,-437406.93200000003,-454192.2465
6049000,2394.0735,14385.6888,61664.716,-516229.9453,-437785.467,-454565.2293
6050000,2387.4264,14467.0162,61490.5643,-515583.7213,-437238.7144,-454093.157
6051000,2358.9575,14436.9487,61546.4528,-515334.6387,-436992.2797,-453788.18590000004
6052000,2367.2609,14352.5307,62192.6046,-515675.6608,-436763.2646,-453483.0562
6053000,2365.8917,14341.72,61724.8734,-515688.1761,-437255.691,-453963.3027
6054000,2375.8891,14422.3443,61644.8424,-515654.9698,-437211.89400000003,-454010.1274
6055000,2368.1695,14421.61,61594.6523,-516082.9701,-437698.53829999996,-454488.31779999996
6056000,2365.3284,14375.3983,61875.8448,-515961.5813,-437345.0098,-454085.7365
6057000,2366.0152,14371.423,62160.9222,-517359.2122,-438460.8518,-455198.29000000004
6058000,2366.4408,14318.2637,62467.0174,-517865.9476,-438714.2257,-455398.9302
6059000,2380.7495,14325.4914,62021.1604,-516225.5021,-437498.1008,-454204.3417
6060000,2403.6039,14302.082,61902.4253,-515905.3218,-437297.2106,-454002.8965
6061000,2400.2185,14264.9039,61280.7636,-515672.5607,-437726.6747,-454391.79709999997
6062000,2377.6277,14415.179,61773.9628,-516542.379,-437975.6095,-454768.41620000004
6063000,2406.5582,14426.1606,61731.1414,-516369.2275,-437805.3673,-454638.08609999996
6064000,2408.4852,14372.0465,61734.5137,-515820.7293,-437305.6839,-454086.2156
6065000,2394.2603,14309.0231,62042.2759,-516330.6266,-437585.0673,-454288.3507
6066000,2397.4029,14373.5261,61544.56,-515027.3803,-436711.8913,-453482.8203
6067000,2417.5377,14384.6385,61462.2602,-515811.3814,-437546.945,-454349.1212
6068000,2368.3406,14247.3341,61742.4811,-515806.823,-437448.66719999997,-454064.3419
6069000,2352.2011,14329.3234,61897.445,-515526.4187,-436947.4492,-453628.9737
6070000,2371.8503,14306.1779,62167.9023,-516429.4834,-437583.5529,-454261.5811
6071000,2347.6852,14403.7846,62227.8402,-516154.4326,-437175.1226,-453926.5924
6072000,2391.3278,14317.6894,61628.9173,-515296.2623,-436958.32779999997,-453667.345
6073000,2409.0922,14310.2478,62004.6806,-516233.7108,-437509.6902,-454229.0302
6074000,2354.8387,14363.5198,61447.8541,-515370.7224,-437204.5098,-453922.86830000003
6075000,2412.1093,14500.8749,62151.6934,-517171.1539,-438106.4763,-455019.4605
6076000,2377.817,14282.4147,61922.1675,-516187.4086,-437605.00940000004,-454265.24110000004
6077000,2380.3995,14366.2258,62063.1929,-516723.3027,-437913.4845,-454660.1098
6078000,2384.7118,14478.5013,62265.9414,-517182.789,-438053.6345,-454916.8476
6079000,2392.6759,14458.865,61998.1591,-516339.6541,-437489.9541,-454341.495
6080000,2351.8054,14258.0341,62093.5658,-516290.5232,-437587.1179,-454196.9574
6081000,2354.8443,14391.0606,61896.6718,-516031.5742,-437388.99749999994,-454134.90239999996
6082000,2365.3818,14331.7392,62552.8974,-516718.2029,-437468.1845,-454165.30549999996
6083000,2394.2954,14338.6431,61949.0382,-515386.7617,-436704.785,-453437.72349999996
6084000,2373.4223,14377.9516,61552.3901,-515608.6401,-437304.8761,-454056.25
6085000,2368.1062,14288.1752,61249.6613,-514682.8382,-436776.8955,-453433.1769
6086000,2360.4167,14263.3446,61642.4896,-515811.8789,-437545.628,-454169.38930000004
6087000,2352.424,14312.7308,61746.238,-516099.4404,-437688.04760000005,-454353.2024
6088000,2382.6745,14273.4531,61873.0718,-516441.0793,-437911.8799,-454568.0075
6089000,2385.5085,14322.0906,62591.8555,-516798.0692,-437498.61460000003,-454206.2137
6090000,2390.0998,14385.6274,62031.9344,-515926.4385,-437118.7769,-453894.5041
6091000,2396.4523,14372.4395,61908.0816,-516457.4357,-437780.46229999996,-454549.3541
6092000,2422.7948,14369.7441,61804.5512,-516296.7051,-437699.615,-454492.15390000003
6093000,2387.3312,14308.362,62204.6887,-516549.5413,-437649.1594,-454344.8526
6094000,2400.6304,14314.2584,62351.4041,-516698.1467,-437631.8538,-454346.7426
6095000,2389.8435,14418.3967,62255.5377,-517100.0165,-438036.23860000004,-454844.47880000004
6096000,2399.1116,14350.5833,61797.4163,-515874.8659,-437327.7547,-454077.4496
6097000,2392.2251,14471.0893,61889.3716,-516368.4725,-437615.7865,-454479.10089999996
6098000,2404.404,14276.3544,61838.1687,-515764.8641,-437245.93700000003,-453926.6954
6099000,2383.528,14452.4714,61533.7303,-515222.4965,-436852.7668,-453688.7662
6100000,2434.6513,14519.8394,61717.395,-516176.8913,-437505.00560000003,-454459.4963
6101000,2355.8508,14226.2367,61969.9797,-515911.8754,-437359.8082,-453941.8957
6102000,2362.0006,14374.9394,61952.7234,-516405.8551,-437716.19169999997,-454453.13169999997
6103000,2397.4706,14415.9823,61882.723,-516563.078,-437866.90209999995,-454680.355
6104000,2386.1991,14447.5939,61809.2469,-515849.4797,-437206.43980000005,-454040.2328
6105000,2373.5794,14346.7384,61380.9087,-515292.6341,-437191.40760000004,-453911.7254
6106000,2324.8801,14381.8703,62282.3022,-516381.5711,-437392.5185,-454099.2689
6107000,2378.1874,14307.3255,61868.057,-516318.6876,-437765.1177,-454450.63060000003
6108000,2387.6774,14359.3494,61857.742,-515991.1764,-437386.40760000004,-454133.4344
6109000,2360.455,14327.607,61930.661,-517035.1162,-438416.3932,-455104.45519999997
6110000,2367.9621,14413.7325,61964.475,-516900.3571,-438154.1875,-454935.88210000005
6111000,2415.8852,14296.3142,62296.0899,-516480.9233,-437472.634,-454184.8334
6112000,2375.8991,14390.6129,61765.3579,-515903.3876,-437371.5177,-454138.0297
6113000,2402.6011,14342.6216,61910.1577,-516316.1834,-437660.80299999996,-454406.0257
6114000,2397.1487,14226.3923,61731.2361,-515057.4519,-436702.6748,-453326.2158
6115000,2337.059,14400.303,61959.4412,-516515.0825,-437818.27930000005,-454555.6413
6116000,2390.1694,14391.259,62284.2554,-516546.5834,-437480.8996,-454262.328
6117000,2389.3793,14291.1976,61935.0662,-515964.364,-437348.7209,-454029.2978
6118000,2354.8574,14376.4396,62009.4781,-516829.1938,-438088.41870000004,-454819.7157
6119000,2372.7292,14269.2619,62187.04,-516249.8793,-437420.8482,-454062.8393
6120000,2373.7235,14277.048,62031.9781,-516288.5115,-437605.76190000004,-454256.5334
6121000,2389.1011,14267.7629,62470.8452,-517784.7853,-438657.07609999995,-455313.9401
6122000,2351.4986,14255.258,62044.404,-516674.6207,-438023.4601,-454630.21670000005
6123000,2382.0682,14261.7406,62393.8085,-517275.5424,-438237.9251,-454881.7339
6124000,2386.3266,14341.2407,62626.0263,-517763.9858,-438410.3922,-455137.9595
6125000,2377.8318,14293.4996,62153.3418,-517105.9707,-438281.2975,-454952.6289
6126000,2399.2,14330.8053,62557.6574,-517199.5698,-437911.9071,-454641.91240000003
6127000,2382.1293,14288.6075,62241.2627,-517252.8214,-438340.8219,-455011.5587
6128000,2385.4899,14302.1956,62180.8546,-516133.0275,-437264.48740000004,-453952.1729
6129000,2389.6478,14370.2656,61689.3996,-515554.7427,-437105.4297,-453865.3431
6130000,2381.6846,14351.8287,61843.4283,-516145.9555,-437569.0139,-454302.5272
6131000,2388.7055,14344.9663,62187.4713,-516526.1306,-437604.9875,-454338.6593
6132000,2348.9189,14356.4254,61339.9803,-516783.4498,-438738.1252,-455443.4695
6133000,2389.9325,14439.8605,61115.3786,-515690.2197,-437745.0481,-454574.8411
6134000,2366.8099,14337.5144,62233.9834,-516912.9188,-437974.6111,-454678.93539999996
6135000,2364.4857,14379.4677,61882.8634,-515941.7715,-437314.9547,-454058.9081
6136000,2360.3104,14345.7714,62177.3761,-516955.6107,-438072.15280000004,-454778.2346
6137000,2371.9291,14330.7898,61884.8892,-516343.662,-437756.0539,-454458.77280000004
6138000,2393.7066,14363.2432,61990.37,-515942.9275,-437195.6077,-453952.5575
6139000,2359.5873,14383.0622,61453.0317,-515324.8987,-437129.2175,-453871.867
6140000,2350.5002,14215.9435,62048.4658,-516225.1507,-437610.2412,-454176.6849
6141000,2310.1377,14219.2289,61788.5235,-515451.6266,-437133.7365,-453663.1031
6142000,2383.4575,14347.8834,61915.973,-515691.331,-437044.0171,-453775.358
6143000,2381.7068,14314.9734,61547.8704,-515931.4064,-437686.85579999996,-454383.53599999996
6144000,2409.8765,14270.4521,61879.5388,-515759.1863,-437199.3189,-453879.6475
6145000,2409.8677,14354.0351,61918.7222,-515864.498,-437181.873,-453945.7758
6146000,2385.2688,14344.4716,61855.5332,-515909.7326,-437324.459,-454054.1994
6147000,2422.9643,14439.7206,62261.878,-516218.2197,-437093.6568,-453956.3417
6148000,2381.9228,14368.9323,61981.2592,-516287.6172,-437555.50289999996,-454306.358
6149000,2365.3119,14288.2419,61926.5968,-516569.1448,-437988.9942,-454642.548
6150000,2407.8001,14379.3316,62038.5142,-516671.9378,-437846.2919,-454633.42360000004
6151000,2399.6641,14334.5122,61578.2247,-515571.3771,-437258.97609999997,-453993.15239999996
6152000,2372.2951,14394.346,62319.1023,-516418.3956,-437332.6522,-454099.2933
6153000,2358.7995,14335.7379,62544.1675,-517206.3205,-437967.61559999996,-454662.153
6154000,2391.1719,14381.331,61754.2829,-515928.9309,-437402.14509999997,-454174.648
6155000,2389.1024,14357.259,61558.1731,-515303.7454,-436999.2109,-453745.5723
6156000,2364.3658,14323.3306,61450.044,-515735.124,-437597.3836,-454285.08
6157000,2361.5165,14285.3455,61395.4349,-515231.7658,-437189.4689,-453836.3309
6158000,2367.8657,14369.9511,62505.7559,-516373.7363,-437130.16359999997,-453867.9804
6159000,2397.6619,14291.2019,61861.1989,-516875.0034,-438324.9407,-455013.80449999997
6160000,2379.6532,14417.2589,61999.4337,-516493.9616,-437697.61579999997,-454494.5279
6161000,2378.7853,14369.8142,61625.4433,-515645.6568,-437271.614,-454020.2135
6162000,2365.1129,14393.5446,62151.347,-516827.3103,-437917.3058,-454675.9633
6163000,2376.3006,14310.5618,61972.5695,-516862.1416,-438202.7097,-454889.5721
6164000,2373.0445,14325.3223,61638.0337,-516188.1434,-437851.7429,-454550.10970000003
6165000,2385.9985,14377.7873,62375.132,-517135.3711,-437996.4533,-454760.2391
6166000,2411.0673,14393.984,62271.7529,-517087.8275,-438011.0233,-454816.0746
6167000,2438.8405,14456.0567,62692.5883,-517250.7323,-437663.24679999996,-454558.144
6168000,2358.3394,14431.538,61758.405,-516539.732,-437991.44960000005,-454781.32700000005
6169000,2352.1507,14358.7939,61547.3418,-515641.8622,-437383.5758,-454094.5204
6170000,2383.1721,14303.5174,61860.755,-516579.563,-438032.11850000004,-454718.808
6171000,2391.8639,14326.1524,62003.7302,-516314.1007,-437592.3542,-454310.3705
6172000,2425.4907,14413.259,62405.8402,-516026.2054,-436781.61549999996,-453620.3652
6173000,2376.0978,14363.096,61787.3461,-516015.3757,-437488.8358,-454228.02959999995
6174000,2390.8185,14378.1892,61786.561,-515797.1401,-437241.5714,-454010.57910000003
6175000,2390.9745,14354.9231,61850.3366,-516237.983,-437641.7488,-454387.6464
6176000,2364.6505,14356.3646,62084.5403,-516319.657,-437514.1016,-454235.1167
6177000,2401.2709,14313.7028,62369.7896,-515956.0408,-436871.2775,-453586.2512
6178000,2371.6019,14334.9137,61665.3622,-515460.4396,-437088.56179999997,-453795.07739999995
6179000,2366.5896,14233.6243,61927.8863,-515414.4268,-436886.32660000003,-453486.5405
6180000,2365.8697,14245.4743,61963.7097,-515976.2148,-437401.1611,-454012.5051
6181000,2363.1646,14378.0216,61920.1098,-515905.4226,-437244.12659999996,-453985.3128
6182000,2370.1631,14397.8745,62185.021,-517191.5496,-438238.49100000004,-455006.5286
6183000,2371.4762,14254.4617,61968.718,-516113.2116,-437518.55569999997,-454144.4936
6184000,2366.137,14382.798,62062.8413,-516728.0516,-437916.2753,-454665.21030000004
6185000,2387.7714,14301.763,62404.0198,-516718.8188,-437625.2646,-454314.799
6186000,2366.0409,14355.8998,62048.4017,-515457.3887,-436687.04630000005,-453408.987
6187000,2397.0274,14346.7985,61714.9243,-515524.6757,-437065.9255,-453809.7514
6188000,2391.4074,14325.3431,62733.9215,-516776.5412,-437325.86919999996,-454042.6197
6189000,2383.0524,14358.1483,62497.5628,-517829.6918,-438590.92829999997,-455332.12899999996
6190000,2359.9082,14333.4138,62306.5299,-516784.0191,-437784.16719999997,-454477.48919999995
6191000,2383.477,14339.8245,62072.2629,-516172.8091,-437377.24470000004,-454100.5462
6192000,2375.2834,14307.1124,61926.4116,-516111.5821,-437502.7747,-454185.1705
6193000,2399.4992,14347.2961,61663.0385,-516049.0555,-437639.2217,-454386.017
6194000,2371.1974,14194.3626,62116.5952,-515558.1288,-436875.9736,-453441.5336
6195000,2363.3681,14318.1643,61945.183,-516195.9848,-437569.2694,-454250.80179999996
6196000,2397.1113,14371.9534,62587.8932,-516587.2251,-437230.2672,-453999.3319
6197000,2393.9698,14358.4249,61389.4559,-515755.6132,-437613.7626,-454366.1573
6198000,2377.9597,14240.1784,62214.3892,-516305.3723,-437472.845,-454090.9831
6199000,2395.2943,14370.7119,61796.8708,-515771.2116,-437208.3346,-453974.3408
6200000,2428.1936,14372.346,61094.3347,-515136.6699,-437241.79559999995,-454042.3352
6201000,2404.7626,14346.7366,61839.93,-514999.626,-436408.1968,-453159.696
6202000,2411.4127,14297.0893,61935.7321,-516353.7177,-437709.4836,-454417.98559999996
6203000,2386.3363,14364.3232,61608.2113,-515730.7422,-437371.87139999995,-454122.53089999995
6204000,2344.7566,14308.2471,61807.5756,-515973.8598,-437513.2805,-454166.2842
6205000,2325.286,14346.2892,62064.655,-516208.0683,-437471.8381,-454143.4133
6206000,2416.5746,14351.8461,62322.3507,-517313.4535,-438222.6821,-454991.1028
6207000,2333.5594,14320.7008,61905.9091,-516321.6508,-437761.4815,-454415.7417
6208000,2357.0893,14283.485,62124.801,-516373.589,-437608.21369999996,-454248.788
6209000,2359.0084,14241.5107,61807.1837,-515843.1066,-437435.4038,-454035.9229
6210000,2368.4757,14316.4195,62538.2641,-517358.2507,-438135.0914,-454819.98659999995
6211000,2387.6051,14266.7677,61984.8991,-516531.0046,-437891.7327,-454546.1055
6212000,2390.5826,14239.7762,61921.6095,-515855.7736,-437303.8053,-453934.1641
6213000,2410.9883,14244.8556,61991.1263,-515872.7677,-437225.7975,-453881.6414
6214000,2400.527,14332.8705,61860.0709,-515514.6685,-436921.2001,-453654.59760000004
6215000,2398.4062,14276.2547,61820.9425,-515527.2357,-437031.63230000006,-453706.2932
6216000,2367.3845,14337.4846,62076.3584,-516476.8911,-437695.6636,-454400.5327
6217000,2374.6529,14341.686,61627.3392,-515989.7342,-437646.0561,-454362.395
6218000,2338.4241,14316.1603,62016.3465,-515956.3443,-437285.41339999996,-453939.9978
6219000,2410.5848,14376.4022,61255.5288,-515277.2103,-437234.6945,-454021.68149999995
6220000,2391.0794,14271.5452,62193.8021,-516644.4391,-437788.0124,-454450.637
6221000,2392.1783,14457.5694,61322.9013,-515708.4417,-437535.7927,-454385.54040000006
6222000,2345.4616,14252.2513,61918.9458,-515462.6146,-436945.95589999994,-453543.6688
6223000,2375.6153,14436.2976,62170.0249,-515773.7212,-436791.7834,-453603.6963
6224000,2389.3249,14377.8294,61849.9295,-516499.296,-437882.21219999995,-454649.3665
6225000,2399.803,14304.6577,61824.9721,-515964.9029,-437435.4701,-454139.9308
6226000,2371.3071,14298.0145,61643.7699,-515752.6848,-437439.5933,-454108.9149
6227000,2349.3915,14310.209,62311.1128,-516520.3707,-437549.6574,-454209.2579
6228000,2393.4505,14408.3535,62080.9666,-516673.1739,-437790.4033,-454592.2073
6229000,2378.8825,14256.1504,61913.7121,-516907.2191,-438358.4741,-454993.507
6230000,2372.1291,14318.7848,61962.0053,-516526.2704,-437873.3512,-454564.26509999996
6231000,2377.6543,14322.9096,62176.172,-516642.9241,-437766.1882,-454466.7521
6232000,2355.6976,14212.8175,62285.6974,-516271.4998,-437417.28729999997,-453985.8024
6233000,2373.9757,14405.4742,61371.9879,-515238.2045,-437086.7667,-453866.2166
6234000,2415.56,14315.2135,62076.2997,-515673.3993,-436866.3261,-453597.09959999996
6235000,2403.0795,14270.5916,61949.9254,-515508.9993,-436885.40280000004,-453559.0739
6236000,2402.531,14276.8785,61723.312,-515837.8258,-437435.1043,-454114.5138
6237000,2385.8446,14463.1871,61789.6419,-514892.1635,-436253.48990000004,-453102.52160000004
6238000,2340.9247,14267.5677,62123.6804,-516362.8246,-437630.6518,-454239.1442
6239000,2380.8239,14337.1634,62198.9028,-516845.7157,-437928.8256,-454646.8129
6240000,2409.5784,14351.4021,62291.8293,-516721.4484,-437668.6386,-454429.6191
6241000,2392.4221,14375.2998,61869.7827,-516348.835,-437711.33040000004,-454479.05230000004
6242000,2381.8096,14315.2271,61777.3127,-515767.1286,-437292.7792,-453989.8159
6243000,2377.6473,14335.2062,62055.103,-515954.7639,-437186.80740000005,-453899.6609
6244000,2383.041,14357.7438,61633.54,-515583.7449,-437209.4201,-453950.2049
6245000,2372.5306,14306.2677,61969.3608,-516294.3794,-437646.2203,-454325.01859999995
6246000,2335.912,14271.6518,62217.214,-516782.2151,-437957.4373,-454565.0011
6247000,2388.2231,14352.3938,62343.9969,-516637.1056,-437552.4918,-454293.1087
6248000,2419.69,14334.9369,61492.5138,-516230.1622,-437983.02150000003,-454737.6484
6249000,2395.9406,14380.7071,61780.9356,-516264.6301,-437707.0468,-454483.6945
6250000,2376.5027,14367.8832,61807.5237,-516551.8323,-437999.9227,-454744.3086
6251000,2371.6146,14365.7512,61858.3784,-515540.89,-436945.1458,-453682.5116
6252000,2390.6176,14299.984,62003.662,-516474.3004,-437780.0368,-454470.6384
6253000,2409.0059,14196.5027,62015.2575,-516765.3172,-438144.5511,-454750.0597
6254000,2374.5831,14304.4679,62056.7335,-516578.5549,-437842.7704,-454521.8214
6255000,2370.8826,14461.3543,61870.0944,-516238.3541,-437536.0228,-454368.2597
6256000,2381.8659,14407.2401,61809.1031,-516154.235,-437556.0259,-454345.1319
6257000,2382.8886,14358.786,61625.5677,-516529.9665,-438162.7242,-454904.39879999997
6258000,2367.1355,14302.8093,62133.1436,-516840.8585,-438037.77009999997,-454707.71489999996
6259000,2373.4801,14396.4416,62061.7247,-516603.3654,-437771.71900000004,-454541.6407
6260000,2382.1981,14236.2849,62140.6808,-516056.7384,-437297.57459999993,-453916.05759999994
6261000,2400.252,14370.7923,62022.1552,-515708.718,-436915.5185,-453686.5628
6262000,2381.7923,14324.3462,61034.2616,-514388.1164,-436647.7163,-453353.8548
6263000,2350.529,14219.9045,61728.9798,-515413.96,-437114.5467,-453684.9802
6264000,2396.512,14429.315,61719.6168,-516131.8383,-437586.3945,-454412.2215
6265000,2415.9669,14383.9675,62009.9877,-516027.7135,-437217.7914,-454017.7258
6266000,2391.8812,14388.1554,62341.0552,-517135.3387,-438014.2469,-454794.2835
6267000,2365.7655,14262.4578,62163.6575,-516383.1443,-437591.2635,-454219.48679999996
6268000,2368.6662,14305.6218,62059.3864,-516447.2373,-437713.56289999996,-454387.85089999996
6269000,2375.0895,14443.4568,61979.3055,-516364.2701,-437566.4183,-454384.9646
6270000,2409.1228,14310.5301,61719.8089,-516256.4841,-437817.0223,-454536.6752
6271000,2396.2024,14345.9576,61901.2282,-516140.1277,-437496.7395,-454238.8995
6272000,2406.0252,14303.1753,62070.1876,-516532.922,-437753.53390000004,-454462.7344
6273000,2362.5471,14399.9874,61789.2317,-515875.9023,-437324.1361,-454086.6706
6274000,2366.4153,14379.6203,61899.8456,-515998.5815,-437352.70029999997,-454098.73589999997
6275000,2380.997,14287.5167,62202.6065,-516616.2095,-437745.0893,-454413.603
6276000,2356.3916,14317.2058,61867.9467,-515551.6942,-437010.1501,-453683.74750000006
6277000,2394.4346,14319.1445,61437.0839,-515408.2012,-437257.5382,-453971.11730000004
6278000,2402.1768,14383.8033,61560.759,-515710.9088,-437364.16969999997,-454150.14979999996
6279000,2371.4767,14248.503,61820.5385,-516022.4337,-437581.9155,-454201.89519999997
6280000,2341.6302,14356.8468,61883.2505,-516208.6843,-437626.95680000004,-454325.4338
6281000,2350.2951,14282.1861,61641.2596,-515708.417,-437434.6762,-454067.1574
6282000,2367.0102,14376.1425,61703.1362,-515664.2849,-437217.99600000004,-453961.1487
6283000,2396.7628,14442.4108,61888.5141,-516369.912,-437642.2243,-454481.3979
6284000,2393.3772,14213.3023,61740.495,-515806.2956,-437459.1211,-454065.8006
6285000,2339.3515,14222.8537,61370.0301,-515561.99,-437629.7547,-454191.9599
6286000,2380.266,14292.5115,62629.4475,-517149.4532,-437847.2282,-454520.0057
6287000,2398.1096,14396.4516,61976.1,-516159.3269,-437388.6657,-454183.2269
6288000,2385.9734,14396.4315,61617.2461,-516078.4503,-437678.7993,-454461.20420000004
6289000,2363.3279,14308.8641,61866.0582,-515758.867,-437220.6168,-453892.8088
6290000,2391.8882,14390.6098,61706.3466,-515469.8353,-436980.99069999997,-453763.4887
6291000,2398.5277,14401.7199,62382.2271,-516758.8514,-437576.3767,-454376.62429999997
6292000,2367.3285,14278.4322,62155.3113,-516351.0594,-437549.98740000004,-454195.7481
6293000,2409.2664,14392.8452,61709.5862,-515369.1519,-436857.4541,-453659.5657
6294000,2361.8488,14374.4577,62083.132,-516109.8144,-437290.3759,-454026.6824
6295000,2402.449,14297.7941,61564.8854,-515341.242,-437076.11350000004,-453776.35660000006
6296000,2372.3985,14354.893,62596.2996,-516462.4279,-437138.83680000005,-453866.1283
6297000,2406.2711,14460.1447,62190.8438,-516843.1436,-437785.884,-454652.29980000004
6298000,2402.8226,14333.0668,61972.021,-516408.9112,-437701.0008,-454436.89019999997
6299000,2356.6834,14341.1208,61796.046,-516141.853,-437648.0028,-454345.80700000003
6300000,2357.1103,14213.8172,61799.9049,-516708.6211,-438337.7887,-454908.71619999997
6301000,2386.8036,14314.9435,62135.9888,-516197.2649,-437359.529,-454061.2761
6302000,2363.6455,14366.32,62144.8308,-516825.5485,-437950.7522,-454680.7177
6303000,2412.1557,14331.2896,61372.7313,-515682.1331,-437565.9565,-454309.4018
6304000,2388.1604,14440.9746,61841.9301,-516345.1178,-437674.0527,-454503.1877
6305000,2367.4943,14373.3449,61791.3355,-515962.2998,-437430.12509999995,-454170.9643
6306000,2360.5445,14396.504,61614.1309,-515801.731,-437430.5516,-454187.60010000004
6307000,2383.1331,14398.581,61553.8829,-515378.0029,-437042.4059,-453824.12
6308000,2357.3143,14277.1682,62057.8721,-516185.5562,-437493.20160000003,-454127.6841
6309000,2409.4347,14285.8959,62053.7478,-516095.9934,-437346.915,-454042.24559999997
6310000,2406.3629,14294.4617,61504.6569,-515933.0648,-437727.5833,-454428.4079
6311000,2385.3089,14408.305,62361.835,-516720.5836,-437565.1347,-454358.7486
6312000,2387.9832,14427.7605,62808.4288,-517152.7678,-437528.5953,-454344.339
6313000,2381.2639,14392.7806,61687.2527,-516021.0648,-437559.7676,-454333.8121
6314000,2365.8592,14412.3367,62114.3585,-516224.6492,-437332.09479999996,-454110.2907
6315000,2401.911,14476.9284,62106.6201,-516410.6413,-437425.1818,-454304.0212
6316000,2383.5337,14245.4891,62051.9822,-516608.5845,-437927.5795,-454556.6023
6317000,2388.4472,14402.446,62099.5563,-516618.4232,-437727.97370000003,-454518.8669
6318000,2379.9013,14429.5085,61909.0656,-516780.2226,-438061.7472,-454871.157
6319000,2375.1754,14336.5073,61714.3292,-516220.8541,-437794.8422,-454506.5249
6320000,2320.6103,14226.4418,62368.2548,-516876.3176,-437961.0107,-454508.0628
6321000,2381.9597,14318.011,62763.5182,-517073.7306,-437610.2417,-454310.2124
6322000,2338.8766,14252.3309,62116.7888,-516654.0257,-437946.0294,-454537.2369
6323000,2357.7804,14237.0919,62591.6343,-517348.6562,-438162.1496,-454757.02190000005
6324000,2371.8659,14295.9406,62340.6515,-516736.8707,-437728.41270000004,-454396.21920000005
6325000,2364.3461,14322.9924,62085.4169,-516628.9379,-437856.1825,-454543.521
6326000,2397.8625,14321.3875,62353.7292,-516982.009,-437909.0298,-454628.2798
6327000,2350.2064,14386.2067,62507.5228,-517387.795,-438143.8591,-454880.2722
6328000,2350.0835,14250.911,61976.9565,-516038.154,-437460.203,-454061.1975
6329000,2388.2913,14282.0925,62307.8385,-516203.8881,-437225.66579999996,-453896.04959999997
6330000,2370.5651,14338.7047,62013.2158,-515950.7325,-437228.24689999997,-453937.5167
6331000,2352.9812,14267.5205,61584.0796,-515406.6516,-437202.0703,-453822.572
6332000,2385.5453,14316.6469,62035.2281,-516863.7896,-438126.3693,-454828.5615
6333000,2396.6335,14351.2008,61725.2639,-515866.2785,-437393.1803,-454141.0146
6334000,2389.5409,14181.4263,61365.2005,-515807.3686,-437871.2009,-454442.1681
6335000,2380.7479,14332.3306,62065.7889,-516066.5377,-437287.6703,-454000.7488
6336000,2396.8634,14365.117,61592.6972,-515090.8526,-436736.175,-453498.1554
6337000,2375.0249,14201.973,62180.6254,-516616.8748,-437859.2515,-454436.2494
6338000,2345.1165,14333.5774,62260.1863,-516316.342,-437377.4618,-454056.1557
6339000,2368.1948,14296.0741,61643.0172,-516670.2614,-438362.97530000005,-455027.2442
6340000,2355.9885,14279.7681,62240.7689,-516524.5077,-437647.9822,-454283.7388
6341000,2345.1985,14263.9986,62194.4888,-516473.1727,-437669.4868,-454278.6839
6342000,2399.642,14378.8143,62501.6635,-517079.6274,-437799.5076,-454577.9639
6343000,2352.911,14384.531,61773.1015,-515860.1124,-437349.56889999995,-454087.0109
6344000,2360.981,14239.2962,62504.4857,-517833.877,-438729.1141,-455329.39129999996
6345000,2379.289,14315.4531,62294.5113,-516997.5442,-438008.2908,-454703.0329
6346000,2373.5795,14191.3462,61940.368,-515992.9605,-437487.6668,-454052.59249999997
6347000,2413.2268,14318.7147,62031.0015,-515954.904,-437191.961,-453923.90249999997
6348000,2337.7546,14254.7747,62048.0683,-516671.7764,-438031.1788,-454623.7081
6349000,2362.8402,14295.2539,61940.4285,-515965.1057,-437366.58310000005,-454024.67720000003
6350000,2367.0101,14264.9848,61822.0265,-515472.0036,-437017.98219999997,-453649.9771
6351000,2374.1391,14259.1838,61846.8803,-515699.7706,-437219.5674,-453852.89029999997
6352000,2370.2626,14315.527,61385.2057,-514591.8884,-436520.8931,-453206.6827
6353000,2398.2659,14329.313,62085.2889,-515520.0281,-436707.1603,-453434.7392
6354000,2398.0132,14229.7347,62118.1487,-516386.7433,-437640.8467,-454268.59459999995
6355000,2419.4702,14277.1951,61869.9743,-515197.1108,-436630.4712,-453327.1365
6356000,2339.3641,14238.0337,62424.8196,-517012.3428,-438010.1254,-454587.5232
6357000,2389.4448,14226.3446,62054.4974,-516166.5911,-437496.3043,-454112.0937
6358000,2369.9174,14319.0177,61442.0683,-515029.1368,-436898.1334,-453587.0685
6359000,2391.7757,14291.4442,62226.2414,-516349.9363,-437440.475,-454123.6949
6360000,2384.5598,14310.4331,62084.0603,-515564.0771,-436785.02390000003,-453480.0168
6361000,2392.677,14336.5049,61928.936,-515396.4433,-436738.3254,-453467.5073
6362000,2375.6813,14308.622,62241.351,-515719.5238,-436793.86950000003,-453478.1728
6363000,2392.445,14353.7859,62654.0769,-516992.7128,-437592.40499999997,-454338.6359
6364000,2402.9871,14304.4834,62382.5518,-516317.5127,-437227.4904,-453934.9609
6365000,2398.0359,14382.692,62249.9472,-516331.0452,-437300.3701,-454081.098
6366000,2400.1047,14293.829,61877.0049,-515808.7169,-437237.7783,-453931.712
6367000,2377.1561,14271.6754,62121.4711,-517107.7396,-438337.437,-454986.26849999995
6368000,2415.258,14419.9685,62601.9814,-517161.8865,-437724.67860000004,-454559.90510000003
6369000,2368.304,14305.9698,62036.835,-516302.309,-437591.2002,-454265.474
6370000,2385.3534,14276.4362,61520.926,-515437.8547,-437255.13910000003,-453916.92870000005
6371000,2410.4838,14286.986,61771.2936,-515566.385,-437097.6216,-453795.09140000003
6372000,2405.9486,14418.3355,62317.4028,-516714.354,-437572.66709999996,-454396.9512
6373000,2373.0702,14223.3867,61876.5848,-516195.5256,-437722.4839,-454318.9408
6374000,2378.2065,14260.0757,61899.939,-515960.3946,-437422.17339999997,-454060.4556
6375000,2387.8454,14249.3064,62059.0442,-515994.6759,-437298.4799,-453935.63169999997
6376000,2409.8454,14348.1981,61810.6231,-516292.7595,-437724.0929,-454482.13639999996
6377000,2369.9629,14320.1155,61727.4157,-515906.196,-437488.7019,-454178.7803
6378000,2384.8677,14276.6088,61831.3272,-516320.268,-437827.4643,-454488.9408
6379000,2370.3954,14228.3924,62400.6852,-516062.5051,-437063.0321,-453661.8199
6380000,2372.4207,14472.176,62221.7804,-516564.7061,-437498.329,-454342.9257
6381000,2395.9551,14247.1883,61987.505,-516047.2313,-437416.5829,-454059.7263
6382000,2418.0002,14259.4886,61985.7125,-516380.2853,-437717.084,-454394.57279999997
6383000,2408.2134,14314.5423,61369.6702,-515572.4839,-437480.05799999996,-454202.8137
6384000,2337.9716,14287.2609,62276.1171,-516760.0655,-437858.7159,-454483.9484
6385000,2380.3381,14283.1063,61873.9017,-516186.7777,-437649.4316,-454312.876
6386000,2379.8221,14317.5756,62074.0255,-516458.7408,-437687.3176,-454384.71530000004
6387000,2385.4919,14231.2431,62390.8872,-516818.5327,-437810.9105,-454427.6455
6388000,2357.7347,14305.6327,62527.7459,-517261.1334,-438070.02009999997,-454733.3875
6389000,2365.4724,14250.0546,61297.0752,-515434.4677,-437521.86549999996,-454137.39249999996
6390000,2387.4057,14376.8511,61294.984,-515154.4509,-437095.2101,-453859.4669
6391000,2357.0612,14248.452,62234.9672,-516222.9286,-437382.4482,-453987.9614
6392000,2349.9638,14276.2381,62312.612,-516947.1624,-438008.34849999996,-454634.55039999995
6393000,2394.7606,14288.4636,62468.8694,-516958.1917,-437806.0981,-454489.3223
6394000,2407.6348,14171.9266,62190.5369,-516623.7127,-437853.61439999996,-454433.17579999997
6395000,2418.89,14205.2206,61777.3809,-515734.3915,-437332.9,-453957.01060000004
6396000,2364.938,14249.0045,61421.9401,-514979.8724,-436943.9898,-453557.9323
6397000,2365.5852,14253.8387,61719.9588,-515912.0563,-437572.6736,-454192.0975
6398000,2378.2799,14157.433,61831.9168,-515511.9744,-437144.3447,-453680.0576
6399000,2393.3153,14233.5767,61720.1333,-515978.2949,-437631.2696,-454258.1616
6400000,2350.1289,14277.4602,62173.6907,-516493.6456,-437692.36579999997,-454319.9549
6401000,2389.9433,14388.7303,61767.4807,-516971.8868,-438425.7325,-455204.40609999996
6402000,2377.4822,14289.6636,62083.8569,-516707.7642,-437956.76149999996,-454623.90729999996
6403000,2354.0754,14278.4507,61815.9893,-515938.9202,-437490.4048,-454122.9309
6404000,2369.5581,14293.9907,61925.9349,-516319.0177,-437729.53400000004,-454393.08280000003
6405000,2387.1447,14464.5451,61697.42,-516466.599,-437917.48919999995,-454769.179
6406000,2359.4759,14389.6224,62050.855,-516857.8813,-438057.928,-454807.0263
6407000,2376.2016,14321.8192,61889.3961,-516422.0191,-437834.60219999996,-454532.62299999996
6408000,2376.3623,14352.0905,61997.9328,-516676.9907,-437950.60510000004,-454679.0579
6409000,2371.1362,14206.8931,62067.2446,-516159.8871,-437514.6132,-454092.6425
6410000,2379.3617,14298.8018,62703.9151,-517424.2584,-438042.1798,-454720.3433
6411000,2400.2841,14367.3161,62453.5729,-516688.7902,-437467.6171,-454235.2173
6412000,2396.9655,14362.3574,61889.2372,-516066.5752,-437418.0151,-454177.338
6413000,2395.5725,14310.6706,62108.4511,-516525.6572,-437710.963,-454417.2061
6414000,2396.7116,14347.0952,62036.7629,-516188.7324,-437408.1627,-454151.9695
6415000,2406.5174,14425.9828,61532.3188,-516365.4195,-438000.6005,-454833.1007
6416000,2357.9823,14311.2481,62133.9334,-515946.3673,-437143.20349999995,-453812.4339
6417000,2360.0614,14284.725,62593.4733,-517123.2043,-437884.9446,-454529.73099999997
6418000,2382.5324,14306.4738,62081.5606,-516609.3185,-437838.7517,-454527.75789999997
6419000,2383.9556,14327.4924,62131.4133,-516028.1578,-437185.2965,-453896.7445
6420000,2362.4007,14312.5372,62119.4895,-516381.5815,-437587.1541,-454262.09199999995
6421000,2373.0074,14205.8114,62375.6439,-516689.7998,-437735.3371,-454314.15589999995
6422000,2365.1204,14262.6769,62018.1283,-515831.3122,-437185.38659999997,-453813.1839
6423000,2372.1009,14259.5041,61881.0507,-516271.2358,-437758.5801,-454390.1851
6424000,2401.3707,14342.5326,61980.6967,-516191.1596,-437466.55960000004,-454210.46290000004
6425000,2380.1152,14332.0452,61972.7988,-516022.075,-437337.1158,-454049.2762
6426000,2368.5578,14322.2163,62097.4377,-516751.3058,-437963.094,-454653.86809999996
6427000,2373.6709,14316.4368,62062.6115,-516089.6592,-437336.94,-454027.0477
6428000,2356.5874,14288.0529,62253.3269,-516551.0143,-437653.04709999997,-454297.6874
6429000,2375.7209,14285.7583,61963.6866,-516156.5901,-437531.42429999996,-454192.90349999996
6430000,2391.8862,14366.4109,62296.552,-516530.1656,-437475.3165,-454233.6136
6431000,2357.7655,14228.5679,62347.0194,-516939.9728,-438006.62,-454592.9534
6432000,2339.5745,14203.8123,62415.3088,-516311.8922,-437353.1966,-453896.5834
6433000,2389.1776,14362.3929,61946.031,-515678.4153,-436980.8138,-453732.3843
6434000,2383.4047,14262.7411,62353.0384,-517254.1087,-438254.92449999996,-454901.07029999996
6435000,2373.3818,14279.9362,62732.9199,-517421.4498,-438035.2119,-454688.5299
6436000,2383.1489,14351.5301,61908.1061,-516045.1179,-437402.33280000003,-454137.01180000004
6437000,2361.7537,14224.1111,61757.3636,-515580.6847,-437237.45629999996,-453823.3211
6438000,2374.9038,14288.4373,62398.1171,-517184.0671,-438122.6089,-454785.94999999995
6439000,2404.6796,14267.7347,61959.1177,-516665.0967,-438033.5647,-454705.979
6440000,2382.8726,14242.7494,62208.1658,-516464.6159,-437630.8281,-454256.45009999996
6441000,2372.4714,14239.0746,61843.9908,-515542.7692,-437087.2324,-453698.77839999995
6442000,2376.1714,14226.1364,61677.3426,-515879.5263,-437599.87590000004,-454202.18370000005
6443000,2387.4728,14254.9298,62145.5451,-516380.4796,-437592.5319,-454234.93450000003
6444000,2383.1248,14249.842,61928.9586,-515719.3369,-437157.4115,-453790.3783
6445000,2413.2005,14241.8567,61720.3812,-515565.2948,-437189.8564,-453844.91359999997
6446000,2375.3289,14316.3298,62385.6556,-516654.8123,-437577.498,-454269.1567
6447000,2385.1878,14264.6029,61321.4654,-515470.3788,-437499.1227,-454148.9134
6448000,2394.3377,14337.9711,61904.9722,-515969.7057,-437332.4247,-454064.7335
6449000,2364.2073,14204.4147,62348.3516,-516489.8076,-437572.83400000003,-454141.456
6450000,2380.5859,14284.5269,61991.5817,-516608.584,-437951.88949999993,-454617.0023
6451000,2383.4441,14351.4151,62121.2095,-516636.387,-437780.3183,-454515.1775
6452000,2365.9372,14319.8625,62149.5007,-516518.2253,-437682.9249,-454368.7246
6453000,2385.7897,14300.9982,61889.7713,-515793.161,-437216.6018,-453903.3897
6454000,2394.2142,14372.2919,61791.7499,-516087.7688,-437529.5128,-454296.0189
6455000,2392.2737,14178.3307,62252.7094,-516675.253,-437851.9392,-454422.54360000003
6456000,2352.5829,14291.2516,61525.6582,-515811.998,-437642.5053,-454286.3398
6457000,2382.3975,14343.6223,61913.2629,-516225.2376,-437585.9549,-454311.9747
6458000,2383.6133,14253.1099,61844.8231,-515515.3672,-437033.8209,-453670.5441
6459000,2378.434,14362.2191,61602.8458,-515486.205,-437142.7061,-453883.3592
6460000,2392.5197,14419.7513,61417.6578,-515041.9853,-436812.0565,-453624.3275
6461000,2410.06,14340.9388,62089.2698,-516409.7711,-437569.5025,-454320.5013
6462000,2391.2712,14304.1405,62225.0682,-515546.3432,-436625.86329999997,-453321.275
6463000,2396.4478,14269.59,62035.5089,-515700.4125,-436998.86579999997,-453664.90359999996
6464000,2382.4775,14282.1024,62269.9913,-515913.4756,-436978.9044,-453643.4843
6465000,2407.6157,14326.9347,61912.6921,-515957.7661,-437310.5236,-454045.074
6466000,2364.4921,14332.9912,61797.5434,-515394.2384,-436899.2117,-453596.69499999995
6467000,2398.7231,14264.5568,62579.5956,-516889.8853,-437647.0098,-454310.2897
6468000,2383.5617,14356.271,62382.431,-516747.8504,-437625.5867,-454365.4194
6469000,2404.7973,14233.795,62368.1167,-516833.0176,-437826.3086,-454464.9009
6470000,2377.8413,14286.4303,62047.1285,-516520.5289,-437809.12879999995,-454473.4004
6471000,2359.7778,14242.8411,61945.7521,-515847.9437,-437299.5727,-453902.1916
6472000,2404.6929,14372.4829,62254.6781,-516291.6811,-437259.8272,-454037.00299999997
6473000,2353.7498,14234.9002,62196.2033,-516239.8624,-437455.00909999997,-454043.6591
6474000,2382.8023,14322.6208,62105.8631,-516610.8959,-437799.60970000003,-454505.0328
6475000,2394.4119,14319.3681,61980.5597,-516040.9353,-437346.5956,-454060.3756
6476000,2430.743,14378.7746,62080.7764,-515879.2805,-436988.9865,-453798.5041
6477000,2409.5911,14206.5487,62663.3168,-516842.7172,-437563.26060000004,-454179.40040000004
6478000,2371.8644,14236.3108,61587.2606,-515759.6206,-437564.18480000005,-454172.36000000004
6479000,2377.4919,14299.7389,62159.4039,-516508.2565,-437671.6218,-454348.85260000004
6480000,2349.406,14244.633,61832.1006,-516303.1313,-437876.9917,-454471.0307
6481000,2370.4095,14275.9887,61985.0249,-516599.9914,-437968.5683,-454614.9665
6482000,2390.3814,14352.6796,62022.1661,-516968.1647,-438202.9376,-454945.99860000005
6483000,2363.8394,14367.3327,62572.9897,-517765.8844,-438461.7226,-455192.8947
6484000,2350.7682,14275.1454,62110.955,-516822.1807,-438085.31210000004,-454711.2257
6485000,2370.0142,14363.9583,62263.4585,-517070.0272,-438072.5962,-454806.5687
6486000,2360.2147,14428.7631,62120.0842,-516944.8068,-438035.7448,-454824.72260000004
6487000,2408.182,14325.6734,61720.9256,-515954.2687,-437499.4877,-454233.3431
6488000,2372.8643,14347.775,61885.3205,-515647.5174,-437041.5576,-453762.1969
6489000,2366.0392,14328.0616,61511.7214,-515587.955,-437382.1328,-454076.23360000004
6490000,2367.1988,14236.3087,62456.9276,-517150.1576,-438089.7225,-454693.23
6491000,2401.4721,14301.0278,61932.8026,-516619.6815,-437984.379,-454686.8789
6492000,2368.1023,14260.2947,61478.2726,-514769.3504,-436662.6808,-453291.07779999997
6493000,2390.6687,14307.4951,62157.3713,-516426.8399,-437571.30480000004,-454269.4686
6494000,2398.528,14338.0458,62441.0758,-516299.4595,-437121.8099,-453858.3837
6495000,2434.9525,14400.3785,62012.8588,-516004.8585,-437156.6687,-453991.9997
6496000,2396.4966,14229.3853,61535.9319,-515162.9403,-437001.1265,-453627.0084
6497000,2389.4614,14193.3263,62242.3489,-516610.976,-437785.83940000006,-454368.62710000004
6498000,2379.1699,14296.3174,62282.2841,-516127.6062,-437169.83479999995,-453845.3221
6499000,2373.6548,14422.3958,61900.415,-515531.2329,-436834.7673,-453630.8179
6500000,2397.6146,14274.5217,62621.523,-517540.4703,-438246.811,-454918.9473
6501000,2380.4759,14224.05,61180.4012,-515649.9002,-437864.97309999994,-454469.49899999995
6502000,2372.5547,14238.1144,62147.187,-516717.6572,-437959.80110000004,-454570.47020000004
6503000,2391.8162,14321.5075,61810.6063,-516297.2502,-437773.3202,-454486.6439
6504000,2375.1416,14227.5356,61726.3946,-515939.0173,-437609.94550000003,-454212.6227
6505000,2381.6232,14216.5029,61902.1456,-515755.9773,-437255.7056,-453853.83170000004
6506000,2388.8715,14345.5822,61915.4093,-516253.2226,-437603.35959999997,-454337.8133
6507000,2361.1088,14317.0383,62173.6828,-516244.9804,-437393.1505,-454071.2976
6508000,2389.5993,14350.4598,61997.8812,-515731.0418,-436993.1015,-453733.1606
6509000,2389.1914,14309.8252,61914.1519,-515489.4493,-436876.28079999995,-453575.2974
6510000,2386.7726,14231.1345,62009.8632,-516079.5912,-437451.82090000005,-454069.728
6511000,2380.6784,14331.263,62188.0964,-516448.1208,-437548.083,-454260.0244
6512000,2374.7239,14296.7832,61680.6079,-515976.5314,-437624.4164,-454295.9235
6513000,2389.0202,14236.7199,62670.1533,-517276.5808,-437980.6874,-454606.4275
6514000,2389.4038,14364.4309,61746.6393,-515800.2179,-437299.7439,-454053.5786
6515000,2372.1104,14316.2278,61762.1392,-515912.2451,-437461.76769999997,-454150.1059
6516000,2346.3543,14192.8604,62107.7005,-516418.4168,-437771.5016,-454310.71630000003
6517000,2382.8636,14239.4122,61881.959,-515819.1702,-437314.93539999996,-453937.2112
6518000,2377.1987,14310.2079,62015.5375,-515993.3612,-437290.41709999996,-453977.8237
6519000,2407.5846,14387.0278,61454.4753,-515186.0015,-436936.9138,-453731.5262
6520000,2353.8031,14299.5112,61849.5511,-516278.2762,-437775.4108,-454428.72510000004
6521000,2389.6748,14349.3579,61863.731,-515935.4677,-437332.70399999997,-454071.7367
6522000,2373.9858,14310.3765,61991.6753,-516820.806,-438144.76839999994,-454829.1307
6523000,2354.9482,14315.1258,62235.9848,-516564.0457,-437657.9869,-454328.06090000004
6524000,2377.3386,14294.8901,61972.4589,-516571.7805,-437927.0929,-454599.3216
6525000,2346.7815,14322.3543,62028.3023,-517231.4973,-438534.0592,-455203.195
6526000,2389.3994,14288.2882,62455.0071,-516795.6781,-437662.9834,-454340.67100000003
6527000,2388.7155,14343.3719,62169.3273,-516982.3478,-438080.9331,-454813.0205
6528000,2376.72,14239.1094,62090.6358,-516160.7117,-437454.2465,-454070.0759
6529000,2378.3703,14250.8544,62357.9512,-516399.9313,-437412.7554,-454041.9801
6530000,2388.717,14280.6101,62273.6832,-516620.9892,-437677.9789,-454347.306
6531000,2352.9599,14179.4658,61915.2443,-516433.7973,-437986.1273,-454518.55299999996
6532000,2375.667,14217.6004,61994.6045,-516004.1603,-437416.28839999996,-454009.5558
6533000,2398.0947,14294.1113,62047.2776,-516231.4901,-437492.0065,-454184.2125
6534000,2389.4,14257.4346,61702.0656,-515542.8722,-437193.97199999995,-453840.8066
6535000,2374.1576,14202.1039,61669.9962,-515732.469,-437486.21129999997,-454062.4728
6536000,2402.5546,14312.9553,62361.4974,-516771.1667,-437694.1594,-454409.6693
6537000,2384.8571,14367.793,62077.571,-516833.5131,-438003.292,-454755.9421
6538000,2376.9104,14215.5843,62098.2498,-516584.9872,-437894.24269999994,-454486.7374
6539000,2396.4987,14226.9704,62445.6044,-516666.5348,-437597.4613,-454220.9304
6540000,2358.2198,14190.9707,61897.3006,-516652.059,-438205.5679,-454754.7584
6541000,2385.0742,14330.8287,61941.5941,-516270.5146,-437613.0176,-454328.9205
6542000,2381.8657,14351.1458,61649.2186,-515495.8051,-437113.575,-453846.5865
6543000,2380.0283,14234.7215,62604.4522,-516703.4621,-437484.2601,-454099.0099
6544000,2369.6868,14350.2195,62096.9367,-516643.8131,-437826.97010000004,-454546.8764
6545000,2372.6297,14192.9134,61521.0337,-515542.6413,-437456.06450000004,-454021.6076
6546000,2388.1449,14189.9291,62013.6001,-516067.4995,-437475.8254,-454053.8994
6547000,2350.2303,14264.0891,62162.9858,-516473.6926,-437696.3874,-454310.7068
6548000,2373.9138,14229.5981,62066.3946,-516144.2359,-437474.32940000005,-454077.84130000003
6549000,2403.0571,14240.8933,62190.0548,-516741.253,-437907.2478,-454551.19820000004
6550000,2328.2705,14238.3378,61517.9586,-515997.3038,-437912.7369,-454479.3452
6551000,2395.5269,14286.4821,62029.4467,-516287.9805,-437576.5248,-454258.5338
6552000,2346.5946,14298.643,62058.6446,-516344.5861,-437640.7039,-454285.9415
6553000,2358.9924,14361.7196,61868.1326,-515774.9344,-437186.0898,-453906.8018
6554000,2410.1197,14275.2139,61756.0977,-516488.7311,-438047.2998,-454732.6334
6555000,2360.4144,14212.377,61646.8737,-514890.1908,-436670.5257,-453243.3171
6556000,2369.2784,14224.1018,61928.1103,-516087.6088,-437566.1183,-454159.4985
6557000,2381.0651,14300.9644,62040.9599,-516230.476,-437507.4866,-454189.5161
6558000,2353.8101,14290.3971,61737.4007,-515817.8218,-437436.2139,-454080.4211
6559000,2397.1384,14237.6516,61998.507,-516044.6011,-437411.30410000007,-454046.09410000005
6560000,2413.6634,14335.2838,61489.1214,-515745.9565,-437507.8879,-454256.83509999997
6561000,2365.8098,14215.738,61483.0347,-515582.4457,-437517.8632,-454099.41099999996
6562000,2390.5097,14274.9089,61870.9215,-516082.442,-437546.1019,-454211.5205
6563000,2403.4983,14369.8011,61796.5473,-515823.8375,-437253.9908,-454027.29020000005
6564000,2367.6322,14255.6586,61512.2376,-515738.2947,-437602.7663,-454226.05710000003
6565000,2423.0196,14290.4334,61685.4597,-515266.6988,-436867.7861,-453581.2391
6566000,2390.671,14259.1195,61650.5031,-515201.7103,-436901.41669999994,-453551.20719999995
6567000,2373.034,14341.0181,62161.2544,-516332.0239,-437456.71739999996,-454170.7695
6568000,2370.3786,14254.2024,62068.8972,-516222.0037,-437528.5255,-454153.1065
6569000,2412.1002,14310.9271,62068.5587,-516209.5974,-437418.0114,-454141.03870000003
6570000,2398.5047,14253.4452,62235.3407,-515995.0252,-437107.73459999997,-453759.6845
6571000,2349.9751,14223.5284,61501.5092,-514996.0648,-436921.0521,-453494.55559999996
6572000,2360.6574,14173.9828,61411.7806,-514504.3071,-436557.8863,-453092.5265
6573000,2379.755,14400.1659,61788.7728,-516022.443,-437453.7493,-454233.67020000005
6574000,2392.2045,14260.3048,62554.6019,-516977.0685,-437769.9573,-454422.4666
6575000,2344.3164,14177.8061,62322.0929,-516833.4692,-437989.2538,-454511.3763
6576000,2410.3305,14362.0194,62165.365,-515758.8189,-436821.10400000005,-453593.4539
6577000,2412.7395,14261.0696,61973.6982,-515652.6366,-437005.12930000003,-453678.93840000004
6578000,2387.4652,14343.431,61837.8334,-515836.1343,-437267.40469999996,-453998.3009
6579000,2351.6311,14315.6316,61679.3838,-515881.0887,-437534.44220000005,-454201.7049
6580000,2369.031,14298.8954,61799.6205,-515784.3414,-437316.79449999996,-453984.72089999996
6581000,2340.1886,14375.1691,61847.3133,-516307.7137,-437745.0427,-454460.40040000004
6582000,2381.5828,14368.3423,61989.0831,-516232.8361,-437493.82790000003,-454243.753
6583000,2426.5688,14317.4255,61907.0201,-515628.047,-436977.03260000004,-453721.0269
6584000,2361.513,14286.6474,62193.3242,-516808.522,-437967.03740000003,-454615.19779999997
6585000,2350.5884,14286.8073,62160.3957,-516542.0189,-437744.22750000004,-454381.62320000003
6586000,2359.8946,14257.1972,62720.4437,-517641.4992,-438303.9637,-454921.0555
6587000,2402.4392,14319.2363,62488.2383,-516378.3913,-437168.47750000004,-453890.15300000005
6588000,2358.1168,14330.8121,62221.0118,-516753.7777,-437843.83699999994,-454532.7659
6589000,2352.2858,14267.5669,62179.3335,-516123.1689,-437323.9827,-453943.8354
6590000,2375.4564,14298.421,61840.5107,-515755.9304,-437241.54230000003,-453915.4197
6591000,2367.7784,14272.9385,61411.0868,-514957.9164,-436906.1127,-453546.8296
6592000,2381.8543,14280.4321,61809.1773,-515995.8745,-437524.41079999995,-454186.6972
6593000,2369.8238,14288.7854,62253.8068,-516956.5816,-438044.16559999995,-454702.77479999996
6594000,2382.7502,14292.9993,61793.2912,-515341.7125,-436872.6718,-453548.42130000005
6595000,2395.0047,14310.8151,62394.2312,-516562.2354,-437462.1844,-454168.0042
6596000,2352.741,14232.8237,62246.0013,-516339.2232,-437507.6572,-454093.2219
6597000,2362.6388,14223.3302,62132.869,-515452.867,-436734.02900000004,-453319.998
6598000,2395.039,14321.5533,61853.3012,-515686.3636,-437116.4701,-453833.0624
6599000,2394.3984,14346.7429,62155.4286,-516264.2807,-437367.7108,-454108.8521
6600000,2353.5878,14290.6969,61806.3142,-515311.8317,-436861.2328,-453505.51749999996
6601000,2390.839,14298.8655,62069.7806,-515838.0787,-437078.5936,-453768.2981
6602000,2367.0832,14301.5877,62375.7324,-516344.6572,-437300.2539,-453968.92480000004
6603000,2381.3509,14338.7624,61492.6131,-514969.4953,-436756.7689,-453476.8822
6604000,2343.6715,14226.0146,62109.7814,-515997.3369,-437317.86939999997,-453887.5555
6605000,2392.2462,14413.5547,61532.2266,-516050.1125,-437712.08499999996,-454517.8859
6606000,2374.4426,14163.4446,61552.4041,-515347.381,-437257.0897,-453794.9769
6607000,2385.4228,14225.255,61708.4267,-515580.6545,-437261.55,-453872.2278
6608000,2403.4966,14233.7662,61961.0341,-515835.9263,-437237.6294,-453874.8922
6609000,2379.8529,14222.4217,61876.9942,-515823.786,-437344.5172,-453946.7918
6610000,2364.1313,14244.0366,62724.9451,-516815.0472,-437481.93419999996,-454090.10209999996
6611000,2346.7598,14319.913,62291.7311,-517029.5549,-438071.15099999995,-454737.8238
6612000,2395.4233,14286.4186,61824.1178,-515654.4381,-437148.4784,-453830.3203
6613000,2348.6696,14345.9838,61569.5079,-515387.2025,-437123.04120000004,-453817.69460000005
6614000,2390.361,14267.8028,61709.7689,-515158.9653,-436791.0326,-453449.19639999996
6615000,2374.7947,14275.6276,61977.2978,-516079.1479,-437451.42779999995,-454101.8501
6616000,2362.3663,14250.361,61868.6351,-516037.1749,-437555.8125,-454168.53979999997
6617000,2381.9155,14278.5706,61869.4101,-516287.5341,-437757.6379,-454418.124
6618000,2337.0367,14233.8767,61535.3175,-515625.2235,-437518.9926,-454089.906
6619000,2396.7601,14259.5017,61910.8615,-515940.8788,-437373.75549999997,-454030.0173
6620000,2373.5618,14297.4101,62143.1103,-515952.6299,-437138.5477,-453809.5196
6621000,2384.2061,14311.0414,62603.0148,-517298.4245,-438000.1622,-454695.4097
6622000,2404.5725,14377.1821,62065.0596,-515915.4089,-437068.5947,-453850.3493
6623000,2374.8297,14272.6071,61647.5615,-515447.9228,-437152.92449999996,-453800.3613
6624000,2406.1654,14253.0075,62414.1408,-516421.8962,-437348.5825,-454007.7554
6625000,2402.2219,14257.8387,61955.8794,-516072.6622,-437456.7222,-454116.78280000004
6626000,2410.4764,14348.6772,61741.4025,-515712.251,-437211.6949,-453970.84849999996
6627000,2398.6928,14295.9972,61757.9443,-515937.0486,-437484.41429999995,-454179.1043
6628000,2354.6678,14249.1547,61787.0061,-514857.0463,-436466.2177,-453070.0402
6629000,2394.9782,14165.0336,62192.1786,-516394.3847,-437642.1943,-454202.2061
6630000,2377.6893,14398.8315,61760.0116,-516301.9885,-437765.45609999995,-454541.9769
6631000,2377.6395,14366.8558,61761.898,-516221.0112,-437714.6179,-454459.1132
6632000,2355.7915,14366.5577,61869.742,-516273.0994,-437681.00820000004,-454403.3574
6633000,2374.9019,14280.3964,61928.4306,-515467.4637,-436883.73480000003,-453539.0331
6634000,2339.6809,14292.3047,62113.5063,-516411.7881,-437666.2962,-454298.2818
6635000,2365.7937,14297.2803,61677.1268,-514740.6719,-436400.4711,-453063.5451
6636000,2408.3527,14374.891,62722.1628,-517115.1045,-437609.69800000003,-454392.9417
6637000,2372.7399,14332.594,62184.6116,-516130.8406,-437240.89509999997,-453946.229
6638000,2391.8482,14371.9817,62016.1956,-516155.3544,-437375.3289,-454139.15880000003
6639000,2417.6807,14414.3925,62167.2662,-516143.2863,-437143.9469,-453976.02009999997
6640000,2377.8056,14217.696,61651.6801,-515517.6474,-437270.4657,-453865.9673
6641000,2407.948,14355.8164,61669.6772,-515560.7469,-437127.3053,-453891.06970000005
6642000,2375.6711,14313.8001,61847.796,-516374.7064,-437837.4392,-454526.91040000005
6643000,2367.2924,14295.6439,61753.5442,-516009.6846,-437593.2041,-454256.1404
6644000,2383.9198,14312.1064,62463.4959,-516847.1147,-437687.5926,-454383.6188
6645000,2398.0125,14284.7442,61575.3946,-515016.1036,-436757.9523,-453440.709
6646000,2377.4611,14168.8522,61676.9659,-515239.3378,-437016.0586,-453562.37189999997
6647000,2371.4533,14268.5327,61775.4978,-515995.1852,-437579.7014,-454219.6874
6648000,2385.1774,14353.5968,62002.5156,-515971.6285,-437230.33869999996,-453969.1129
6649000,2355.6211,14254.2151,62380.7193,-516130.4717,-437139.9162,-453749.7524
6650000,2384.1115,14258.7641,61887.2206,-516028.5466,-437498.4504,-454141.326
6651000,2377.3456,14288.3265,61784.0802,-516555.6636,-438105.91130000004,-454771.5834
6652000,2409.1589,14302.6412,61736.9755,-515636.9926,-437188.217,-453900.0171
6653000,2406.2768,14231.454,62216.247,-516463.2069,-437609.2291,-454246.9599
6654000,2383.2168,14190.0368,62225.1726,-516835.3745,-438036.9483,-454610.2019
6655000,2404.7426,14279.9914,62124.4616,-515952.4198,-437143.22419999994,-453827.9582
6656000,2372.9252,14251.9319,61924.1386,-515558.7123,-437009.71660000004,-453634.5737
6657000,2374.1385,14316.6812,61570.9159,-515300.0986,-437038.363,-453729.1827
6658000,2377.415,14333.1226,61961.2177,-516002.576,-437330.8207,-454041.3583
6659000,2383.2387,14297.6538,61541.2524,-515404.0864,-437181.94149999996,-453862.834
6660000,2361.6502,14233.3723,61661.4815,-515546.9366,-437290.4326,-453885.4551
6661000,2415.6556,14359.7226,62279.7099,-516467.0051,-437411.917,-454187.2952
6662000,2386.1854,14246.7841,61410.5697,-515819.7151,-437776.1759,-454409.1454
6663000,2370.7693,14310.0774,61893.4509,-515933.5778,-437359.28020000004,-454040.12690000003
6664000,2376.1778,14305.8174,62461.5487,-516977.7454,-437834.2015,-454516.19670000003
6665000,2384.4656,14308.0952,62113.5905,-516617.6379,-437811.48659999995,-454504.0474
6666000,2372.559,14367.8261,61694.4922,-515651.2371,-437216.35980000003,-453956.74490000005
6667000,2378.2929,14357.5843,61951.641,-515881.9653,-437194.4471,-453930.3243
6668000,2348.3788,14249.2511,61621.7863,-515383.547,-437164.13080000004,-453761.76070000004
6669000,2379.7211,14345.5009,62319.8172,-516225.9781,-437180.9389,-453906.1609
6670000,2390.2947,14250.5713,62319.8892,-515634.7654,-436674.01019999996,-453314.8762
6671000,2363.5741,14346.3324,61970.4483,-515694.6399,-437014.2851,-453724.1916
6672000,2402.933,14371.9858,62167.0047,-515473.4543,-436531.53079999995,-453306.4496
6673000,2377.8225,14411.8571,61674.2727,-515194.2873,-436730.335,-453520.0146
6674000,2373.7433,14328.3542,61894.4386,-515600.1139,-437003.57779999997,-453705.6753
6675000,2380.7913,14235.1281,62350.4473,-516963.5097,-437997.143,-454613.0624
6676000,2402.4722,14279.684,62092.4478,-516362.764,-437588.16000000003,-454270.3162
6677000,2377.6333,14263.8119,61726.0594,-515527.4428,-437159.93820000003,-453801.38340000005
6678000,2378.2931,14331.9685,61996.1915,-516115.551,-437409.0979,-454119.35949999996
6679000,2410.897,14294.5532,61624.3607,-516557.4885,-438227.6776,-454933.12779999996
6680000,2387.5072,14356.5784,61421.043,-515316.2285,-437151.09990000003,-453895.1855
6681000,2361.5899,14331.8741,62217.0074,-516380.3722,-437469.90079999994,-454163.3648
6682000,2377.3212,14360.3879,61633.6969,-515100.8292,-436729.42319999996,-453467.1323
6683000,2361.1824,14208.8754,61815.9335,-515811.4054,-437425.4141,-453995.4719
6684000,2402.1291,14307.011,62059.4404,-516130.5854,-437362.0049,-454071.14499999996
6685000,2352.2479,14329.0742,61393.3298,-515183.1652,-437108.5133,-453789.8354
6686000,2382.6627,14318.6687,62363.0955,-517500.4162,-438435.98929999996,-455137.3207
6687000,2396.3975,14439.7793,61555.7919,-516448.7698,-438056.80110000004,-454892.9779
6688000,2399.3745,14366.7223,62402.8899,-516999.7481,-437830.7614,-454596.8582
6689000,2386.7143,14316.4169,61893.2349,-515482.74,-436886.3739,-453589.5051
6690000,2351.0348,14340.4832,61720.5113,-515850.2018,-437438.1725,-454129.69049999997
6691000,2362.774,14293.5255,61984.7829,-516639.9554,-437998.87299999996,-454655.1725
6692000,2416.0088,14443.7272,62322.2079,-516391.1819,-437209.238,-454068.97400000005
6693000,2376.5026,14354.551,61855.9456,-515927.7138,-437340.71460000006,-454071.76820000005
6694000,2390.6811,14176.1349,61854.7119,-516517.4374,-438095.9095,-454662.7255
6695000,2411.3219,14380.5483,61727.292,-516191.2775,-437672.1153,-454463.9855
6696000,2382.8277,14276.9896,61931.4416,-516261.7349,-437670.47599999997,-454330.29329999996
6697000,2406.2217,14373.0317,62051.3373,-516335.78,-437505.1893,-454284.4427
6698000,2385.7702,14286.1345,61940.5383,-515792.3351,-437179.89210000006,-453851.7968
6699000,2350.4024,14306.176,62019.9033,-515745.1543,-437068.6726,-453725.251
6700000,2401.9734,14352.3598,61921.3012,-516547.1271,-437871.49269999994,-454625.8259
6701000,2395.1203,14308.3868,62522.3284,-516427.9531,-437202.1176,-453905.6247
6702000,2361.3642,14346.2386,62045.1223,-516863.991,-438111.2659,-454818.8687
6703000,2349.2977,14271.5096,61465.9236,-515004.23,-436917.4991,-453538.3064
6704000,2398.7447,14220.5561,61704.0623,-515382.0967,-437058.7336,-453678.0344
6705000,2385.7669,14205.0764,61601.0946,-515394.9118,-437202.9739,-453793.8172
6706000,2365.8129,14189.8018,62153.6211,-515762.9872,-437053.75139999995,-453609.3661
6707000,2359.9168,14363.7743,61742.233,-515766.1823,-437300.2582,-454023.9493
6708000,2383.6921,14340.3859,61812.4417,-515945.7369,-437409.2172,-454133.2952
6709000,2358.7547,14361.1032,62134.7695,-517338.03,-438483.40260000003,-455203.26050000003
6710000,2362.0186,14238.0394,61969.6494,-515516.1784,-436946.47099999996,-453546.529
6711000,2409.9238,14185.7154,61692.6648,-515776.0513,-437487.7473,-454083.3865
6712000,2358.4888,14284.3151,61938.3479,-515625.2009,-437044.0491,-453686.853
6713000,2369.6097,14316.7661,62655.2492,-516759.0656,-437417.4406,-454103.81639999995
6714000,2365.5623,14284.6171,61300.6817,-514819.2622,-436868.4011,-453518.5805
6715000,2343.2292,14221.6174,62274.9157,-516817.8401,-437978.07779999997,-454542.92439999996
6716000,2370.0083,14388.9273,61593.0084,-515344.6974,-436992.7534,-453751.689
6717000,2378.5259,14332.4292,61514.3373,-515148.3218,-436923.0294,-453633.98449999996
6718000,2376.8329,14282.7763,61969.6174,-515916.3297,-437287.1031,-453946.7123
6719000,2332.7283,14249.7614,61714.0238,-515537.6506,-437241.1371,-453823.62679999997
6720000,2391.5904,14258.8612,61475.8254,-515163.9795,-437037.7025,-453688.15410000004
6721000,2386.091,14332.7855,61694.3259,-515643.2964,-437230.094,-453948.9705
6722000,2394.3232,14306.1703,61729.3289,-515828.9268,-437399.1044,-454099.5979
6723000,2351.3915,14204.7358,62067.2755,-516680.6697,-438057.26690000005,-454613.39420000004
6724000,2392.8574,14255.8462,62231.4557,-516018.3401,-437138.1808,-453786.8844
6725000,2365.0621,14219.6386,61974.9163,-515836.8896,-437277.2726,-453861.9733
6726000,2366.3826,14229.8767,62015.418,-515921.1768,-437309.49950000003,-453905.7588
6727000,2396.2237,14297.8791,62382.0701,-517436.197,-438360.0241,-455054.1269
6728000,2378.0599,14247.7081,61886.4142,-516323.6368,-437811.4546,-454437.2226
6729000,2417.1583,14288.2888,62055.6224,-516703.9681,-437942.8986,-454648.3457
6730000,2347.4305,14256.4304,61572.9031,-515442.0056,-437265.24159999995,-453869.1025
6731000,2360.6491,14386.3331,62307.2824,-516572.1048,-437517.8402,-454264.82239999995
6732000,2360.1233,14201.4137,62188.6372,-516045.8336,-437295.6594,-453857.1964
6733000,2376.1591,14277.2841,61999.3428,-516582.4261,-437929.64009999996,-454583.0833
6734000,2348.9483,14305.5377,62237.9059,-516476.2015,-437583.80960000004,-454238.2956
6735000,2347.0763,14237.4615,62101.1326,-515885.2197,-437199.5493,-453784.0871
6736000,2360.0184,14315.3369,62624.1201,-516826.9381,-437527.46270000003,-454202.818
6737000,2372.6672,14219.7524,61804.7716,-516030.6847,-437633.4935,-454225.9131
6738000,2430.3521,14311.1559,61987.9074,-515994.512,-437265.0966,-454006.60459999996
6739000,2366.2257,14221.7511,62169.1172,-515873.574,-437116.48000000004,-453704.45680000004
6740000,2379.8163,14193.8092,62269.6383,-516798.7221,-437955.4583,-454529.0838
6741000,2365.5684,14240.4314,62397.7866,-516782.7842,-437778.9978,-454384.9976
6742000,2386.6279,14233.4278,62269.5523,-517098.7801,-438209.17209999997,-454829.2278
6743000,2390.2321,14412.6966,62761.4372,-517162.9737,-437598.6078,-454401.5365
6744000,2384.0463,14266.3467,62513.7747,-517095.7793,-437931.6116,-454582.0046
6745000,2374.9425,14316.3861,61519.7155,-515785.7298,-437574.6857,-454266.0143
6746000,2388.1603,14307.7424,62672.297,-517209.4924,-437841.2927,-454537.19539999997
6747000,2403.324,14262.6877,62271.3641,-516974.8464,-438037.4706,-454703.4823
6748000,2366.2429,14309.7287,62060.3298,-516655.5206,-437919.2192,-454595.1908
6749000,2381.7627,14344.8256,61754.1395,-515633.9284,-437153.2006,-453879.7889
6750000,2362.3869,14236.9006,62416.5525,-516455.6239,-437439.78390000004,-454039.0714
6751000,2375.174,14254.3468,62028.0639,-516025.504,-437367.9193,-453997.4401
6752000,2393.4771,14243.1437,62410.4527,-516881.1641,-437834.0906,-454470.7114
6753000,2377.0444,14186.915,62239.0932,-516525.6247,-437722.5721,-454286.5315
6754000,2371.4233,14189.8166,61995.4045,-516159.2278,-437602.5834,-454163.8233
6755000,2335.4664,14254.9565,61686.1868,-516032.8237,-437756.21400000004,-454346.6369
6756000,2432.9286,14323.0526,62120.4585,-515850.5364,-436974.0967,-453730.0779
6757000,2351.249,14242.8231,61779.3873,-515768.8235,-437395.3641,-453989.4362
6758000,2393.3936,14349.0221,62109.3817,-516553.1951,-437701.39770000003,-454443.8134
6759000,2361.7516,14265.0688,62045.2711,-516465.1922,-437793.1007,-454419.9211
6760000,2384.9738,14389.5677,62115.3894,-516513.6021,-437623.6712,-454398.21270000003
6761000,2366.0678,14286.4595,61835.5073,-515441.6391,-436953.60449999996,-453606.1318
6762000,2416.9015,14320.3455,62322.5167,-516317.358,-437257.5943,-453994.84130000003
6763000,2364.231,14347.7742,61323.6951,-514692.9789,-436657.27859999996,-453369.2838
6764000,2373.123,14288.5611,61511.9748,-515675.3552,-437501.69629999995,-454163.38039999997
6765000,2359.5766,14275.8326,61905.8414,-516347.0163,-437805.7657,-454441.17490000004
6766000,2368.8885,14303.2437,61711.9186,-515912.3018,-437528.25100000005,-454200.38320000004
6767000,2391.4233,14305.3656,62178.8992,-517168.0999,-438292.4118,-454989.2007
6768000,2380.3378,14254.832,62205.9142,-516635.146,-437794.06200000003,-454429.2318
6769000,2369.1934,14249.06,62369.6041,-516673.0146,-437685.1571,-454303.4105
6770000,2395.183,14375.7828,62146.5427,-516133.5348,-437216.0263,-453986.99210000003
6771000,2406.7648,14245.906,62144.3763,-516141.7034,-437344.65630000003,-453997.3271
6772000,2407.097,14371.9281,61594.2003,-515703.1879,-437329.9625,-454108.9876
6773000,2386.6447,14284.9111,61806.7035,-515988.6085,-437510.34919999994,-454181.90499999997
6774000,2385.8867,14399.2928,61984.1982,-516277.4391,-437508.0614,-454293.24090000003
6775000,2364.6187,14274.148,62366.6149,-516782.1039,-437776.7223,-454415.489
6776000,2367.6638,14327.9286,61926.0733,-516404.5453,-437782.8796,-454478.472
6777000,2395.1956,14287.5434,62221.9388,-516881.785,-437977.10719999997,-454659.84619999997
6778000,2333.498,14209.7352,62540.4098,-517217.0828,-438133.4398,-454676.67299999995
6779000,2386.0357,14285.1876,62241.6969,-516767.002,-437854.0818,-454525.3051
6780000,2356.9231,14310.3842,61889.1489,-516353.8613,-437797.4051,-454464.71239999996
6781000,2361.6132,14352.0994,62968.5914,-518224.8033,-438542.4993,-455256.21190000005
6782000,2371.3846,14146.8307,62189.255,-516286.8271,-437579.3568,-454097.5721
6783000,2332.8536,14170.5475,61957.1111,-516732.6436,-438272.1314,-454775.53250000003
6784000,2378.5811,14304.4019,62382.9512,-516778.102,-437712.1678,-454395.1508
6785000,2371.5479,14227.066,61198.6754,-514938.4988,-437141.2095,-453739.8234
6786000,2355.5782,14258.4955,62088.9681,-515857.8047,-437154.7629,-453768.8366
6787000,2376.1149,14235.9254,61694.1043,-515222.0752,-436915.9306,-453527.9709
6788000,2379.5448,14248.395,61708.9984,-515752.4037,-437415.46550000005,-454043.40530000004
6789000,2395.0069,14309.5378,61775.8325,-516157.1948,-437676.8176,-454381.3623
6790000,2381.2313,14295.8324,62511.1634,-516512.8149,-437324.5878,-454001.6515
6791000,2373.002,14283.6244,61606.9586,-515703.5665,-437439.9815,-454096.6079
6792000,2394.4012,14219.7809,61698.6922,-515774.5674,-437461.69310000003,-454075.8752
6793000,2372.4343,14304.3982,62141.8547,-516553.1836,-437734.4964,-454411.32889999996
6794000,2425.263,14344.2418,61867.785,-516208.2286,-437570.9388,-454340.4436
6795000,2391.878,14238.0068,62061.9885,-516584.3405,-437892.46719999996,-454522.352
6796000,2357.9142,14220.5275,62090.7549,-517191.3698,-438522.17319999996,-455100.6149
6797000,2379.7487,14310.8909,62123.9749,-517143.4859,-438328.87140000006,-455019.51100000006
6798000,2390.2968,14236.5882,62568.3919,-517282.5789,-438087.302,-454714.18700000003
6799000,2372.4438,14178.2321,61825.3654,-515972.6735,-437596.6322,-454147.30809999997
6800000,2383.2715,14284.0486,61813.6728,-515759.9849,-437278.99199999997,-453946.3121
6801000,2340.5113,14213.0076,62128.7332,-516064.5749,-437382.32279999997,-453935.8417
6802000,2389.5193,14281.9851,62220.7847,-515812.402,-436920.1129,-453591.6173
6803000,2412.2745,14354.0761,61648.1268,-515223.5842,-436809.10679999995,-453575.45739999996
6804000,2374.8708,14365.7752,61860.6233,-516455.7236,-437854.45430000004,-454595.10030000005
6805000,2343.2336,14222.9063,61387.6259,-515872.1655,-437918.3997,-454484.5396
6806000,2409.9806,14245.9407,61732.2866,-516197.9967,-437809.78880000004,-454465.7101
6807000,2402.793,14304.9595,61895.0964,-515782.3,-437179.45109999995,-453887.2036
6808000,2378.1257,14294.9376,62514.6501,-516482.7553,-437295.0419,-453968.1052
6809000,2378.6454,14276.6317,62073.0279,-516379.5943,-437651.2893,-454306.5664
6810000,2380.9454,14281.6866,62064.2756,-516041.0389,-437314.1313,-453976.7633
6811000,2382.0178,14299.6765,62054.922,-515988.8179,-437252.20160000003,-453933.8959
6812000,2372.8015,14204.1057,62166.1706,-516268.4436,-437525.3658,-454102.273
6813000,2370.6192,14329.9789,61754.6158,-515707.9619,-437252.748,-453953.34609999997
6814000,2355.703,14331.766,61627.4405,-515674.3766,-437359.4671,-454046.93610000005
6815000,2362.5603,14261.2095,61575.1097,-515582.7522,-437383.87269999995,-454007.64249999996
6816000,2387.9664,14248.6935,61544.7908,-515658.1795,-437476.72880000004,-454113.3887
6817000,2409.408,14315.7758,61525.0753,-515077.9712,-436827.7121,-453552.8959
6818000,2380.9035,14224.9843,61678.0825,-516001.6603,-437717.69,-454323.57779999997
6819000,2360.1025,14296.8139,61601.65,-515687.3466,-437428.7802,-454085.69659999997
6820000,2372.5509,14240.1715,62048.4046,-516288.3368,-437627.20979999995,-454239.9322
6821000,2377.9113,14274.7656,61842.0396,-516262.8862,-437768.1697,-454420.8466
6822000,2391.0335,14238.8396,61480.8171,-514982.7099,-436872.0197,-453501.89280000003
6823000,2381.6578,14178.9045,61414.3113,-515168.5815,-437193.7079,-453754.27019999997
6824000,2375.9092,14278.032,62159.6048,-516423.8492,-437610.30319999997,-454264.24439999997
6825000,2381.3653,14189.9698,62119.3223,-516139.8776,-437449.2202,-454020.5553
6826000,2382.5915,14247.177,61909.5627,-516588.7576,-438049.4264,-454679.1949
6827000,2352.1671,14269.8447,62253.4701,-516356.1926,-437480.7107,-454102.72250000003
6828000,2375.1365,14296.2511,62138.2736,-516466.1708,-437656.5096,-454327.8972
6829000,2401.0529,14325.7833,61449.5911,-515331.5466,-437155.1193,-453881.9555
6830000,2363.9862,14342.9145,62220.9643,-515736.6687,-436808.8037,-453515.7044
6831000,2413.1902,14307.5703,62469.7763,-516774.3257,-437583.7889,-454304.5494
6832000,2407.4112,14286.4979,61941.4049,-516713.6053,-438078.2913,-454772.2004
6833000,2406.2406,14306.9662,61798.8414,-515691.8114,-437179.76320000004,-453892.97000000003
6834000,2400.5299,14339.0413,61749.8524,-516108.3677,-437618.94409999996,-454358.51529999997
6835000,2360.386,14297.7827,62042.4162,-516268.4771,-437567.8922,-454226.06090000004
6836000,2359.5192,14246.2512,62161.266,-516551.4088,-437784.3724,-454390.1428
6837000,2387.0412,14299.259,61510.017,-515894.2679,-437697.9507,-454384.2509
6838000,2371.8707,14200.9822,62305.0049,-516061.8502,-437183.9924,-453756.8453
6839000,2365.9646,14278.1654,61523.0803,-515531.5912,-437364.3809,-454008.5109
6840000,2323.6562,14240.924,61843.1766,-516233.5302,-437825.77339999995,-454390.3536
6841000,2358.8005,14298.2754,61334.1681,-515571.6982,-437580.4542,-454237.5301
6842000,2371.008,14279.6288,62282.8103,-517521.5676,-438588.1205,-455238.7573
6843000,2369.1043,14346.3733,62159.6062,-516430.9138,-437555.82999999996,-454271.3076
6844000,2364.3001,14183.3859,62469.7578,-516960.9072,-437943.4634,-454491.1494
6845000,2392.7643,14246.8062,61708.0247,-516062.4567,-437714.8615,-454354.432
6846000,2376.4723,14216.6223,62138.2587,-515983.7298,-437252.37649999995,-453845.47109999997
6847000,2372.324,14260.6393,62145.8653,-516737.9302,-437959.1016,-454592.0649
6848000,2389.5825,14337.6386,61901.4895,-516319.843,-437691.1324,-454418.35349999997
6849000,2400.4406,14424.7811,62437.189,-516607.2004,-437344.78969999996,-454170.01139999996
6850000,2421.9473,14362.3183,62547.4438,-517090.0223,-437758.3129,-454542.5785
6851000,2398.8989,14232.1654,61761.1921,-516012.068,-437619.8116,-454250.87590000004
6852000,2389.6317,14265.5625,61702.0589,-515866.954,-437509.70090000005,-454164.8951
6853000,2394.7101,14374.7073,61911.8884,-515998.819,-437317.51320000004,-454086.9306
6854000,2388.6682,14258.4715,62443.2411,-517301.7803,-438211.3995,-454858.5392
6855000,2402.9423,14154.3931,62234.5242,-516586.7816,-437794.922,-454352.2574
6856000,2370.852,14185.7159,61736.881,-515769.6659,-437476.217,-454032.7849
6857000,2379.242,14325.9482,62417.1197,-516541.5,-437419.1901,-454124.3803
6858000,2369.711,14245.1844,62046.3074,-515781.5131,-437120.3103,-453735.2057
6859000,2318.8314,14216.3266,61732.9057,-516011.534,-437743.4703,-454278.6283
6860000,2361.3649,14302.6032,61841.9583,-516215.5322,-437709.6058,-454373.5739
6861000,2392.3143,14299.4869,62167.7451,-516837.6429,-437978.0966,-454669.8978
6862000,2403.5984,14346.0255,62614.3351,-516854.4503,-437490.4913,-454240.1152
6863000,2324.6322,14237.5689,62104.1974,-515949.2961,-437282.89759999997,-453845.0987
6864000,2389.5813,14256.4287,62473.5542,-516971.6763,-437852.1121,-454498.1221
6865000,2361.6911,14290.9146,61661.1441,-515466.2649,-437152.5151,-453805.12080000003
6866000,2362.4145,14142.7775,61792.1983,-516151.3327,-437853.94240000006,-454359.13440000004
6867000,2377.5297,14319.3233,62165.0805,-516233.9515,-437372.01800000004,-454068.87100000004
6868000,2392.222,14184.68,62126.693,-516240.4001,-437536.8051,-454113.7071
6869000,2366.5777,14231.0102,61782.0024,-515771.6664,-437392.0761,-453989.664
6870000,2361.5125,14250.317,62119.1863,-516358.5244,-437627.5086,-454239.3381
6871000,2362.6396,14249.4807,62315.817,-516176.303,-437248.3657,-453860.48600000003
6872000,2399.3489,14230.4688,62110.0376,-516047.9214,-437308.0661,-453937.8838
6873000,2364.2915,14221.418,62387.2836,-516194.1507,-437221.1576,-453806.8671
6874000,2318.0307,14190.9787,62315.0959,-516855.2505,-438031.1452,-454540.1546
6875000,2372.7527,14227.4504,62201.9617,-516327.3801,-437525.21530000004,-454125.4184
6876000,2393.1923,14299.8524,62165.9045,-516424.1583,-437565.2091,-454258.2538
6877000,2407.2084,14315.0277,62339.3348,-516464.4583,-437402.8874,-454125.1235
6878000,2409.1936,14305.3909,61886.8658,-515885.3815,-437283.9312,-453998.5157
6879000,2360.0672,14293.8059,62221.9518,-516185.0446,-437309.2197,-453963.09280000004
6880000,2340.6414,14337.7811,61947.728,-515418.7196,-436792.5691,-453470.9916
6881000,2388.8413,14301.4472,62335.8478,-516299.6117,-437273.4754,-453963.7639
6882000,2392.4875,14328.3402,62418.0352,-516158.8336,-437019.9707,-453740.7984
6883000,2374.9074,14351.7581,61838.5378,-515436.0642,-436870.8609,-453597.52640000003
6884000,2367.0886,14241.8674,61671.6163,-516067.3586,-437786.7863,-454395.7423
6885000,2420.5327,14287.0172,62059.1348,-516171.9394,-437405.2547,-454112.8046
6886000,2391.8193,14356.2725,62276.3569,-516699.5424,-437675.09369999997,-454423.18549999996
6887000,2381.9299,14244.1941,62004.7346,-516566.3698,-437935.51119999995,-454561.63519999996
6888000,2369.7688,14240.2091,61900.2297,-516346.6374,-437836.42980000004,-454446.4077
6889000,2351.7915,14328.1457,62289.5156,-516773.7984,-437804.3456,-454484.28280000004
6890000,2378.2038,14323.3197,61699.1394,-515679.5154,-437278.8525,-453980.376
6891000,2388.8818,14281.105,62351.5216,-516628.5764,-437607.068,-454277.05480000004
6892000,2370.4802,14302.5576,62191.7797,-516130.348,-437265.5305,-453938.5683
6893000,2382.5789,14294.0492,61781.8043,-515266.5198,-436808.0874,-453484.7155
6894000,2365.5433,14175.2057,62558.4136,-516563.5257,-437464.3631,-454005.1121
6895000,2340.3283,14276.1176,62222.8962,-516512.1364,-437672.7943,-454289.2402
6896000,2385.2016,14286.7633,62097.6642,-517020.3862,-438250.75710000005,-454922.722
6897000,2377.8439,14244.0047,61831.4697,-516275.7455,-437822.42720000003,-454444.2758
6898000,2341.5064,14173.6513,62108.5797,-516218.036,-437594.29860000004,-454109.4563
6899000,2396.5576,14267.1251,62005.7623,-516436.2528,-437766.8078,-454430.4905
6900000,2373.9578,14406.541,62191.3979,-515814.7768,-436842.88009999995,-453623.3789
6901000,2391.0468,14483.8081,61905.4327,-516875.9451,-438095.65750000003,-454970.5124
6902000,2374.1463,14283.0308,62142.7245,-516365.4589,-437565.55730000004,-454222.7344
6903000,2419.2326,14367.6621,61772.5069,-516362.4316,-437803.03,-454589.92470000003
6904000,2381.3287,14329.046,61871.1966,-515718.7779,-437137.2066,-453847.58129999996
6905000,2350.2587,14238.8163,62135.4475,-515758.0325,-437033.50999999995,-453622.58499999996
6906000,2404.3013,14321.4276,61974.3325,-515928.6681,-437228.6067,-453954.3356
6907000,2393.8822,14348.6395,62051.2543,-516002.936,-437209.16,-453951.68169999996
6908000,2380.1606,14351.2291,61783.9417,-515292.292,-436776.9606,-453508.3503
6909000,2380.5689,14260.1073,61946.1928,-516289.5548,-437702.6858,-454343.36199999996
6910000,2370.4469,14228.3562,62647.4425,-517516.0592,-438269.8136,-454868.6167
6911000,2401.3874,14298.0604,62056.7924,-516344.0398,-437587.7996,-454287.24740000005
6912000,2405.2125,14309.5564,62250.9638,-516674.1531,-437708.4204,-454423.18929999997
6913000,2391.1,14341.9434,62569.094,-517337.5407,-438035.4033,-454768.44670000003
6914000,2392.9195,14354.2327,62066.701,-516702.0839,-437888.2307,-454635.3829
6915000,2387.8652,14365.922,62021.1067,-515815.4973,-437040.6034,-453794.3906
6916000,2370.7848,14198.4141,61890.4858,-515485.0393,-437025.3546,-453594.5535
6917000,2377.9413,14438.5758,61905.2861,-516625.6819,-437903.8787,-454720.39580000006
6918000,2400.4645,14365.5677,61752.0468,-515989.3718,-437471.29280000005,-454237.325
6919000,2355.5268,14250.5153,61940.542,-515518.1041,-436971.52,-453577.5621
6920000,2373.2724,14394.1556,62097.7548,-516216.369,-437351.1862,-454118.6142
6921000,2386.3169,14245.279,61959.3921,-516168.1213,-437577.1333,-454208.7292
6922000,2394.6673,14428.7003,62081.6522,-516522.3236,-437617.3038,-454440.6714
6923000,2376.8698,14259.2487,61647.9073,-515501.5031,-437217.47729999997,-453853.59579999995
6924000,2377.6553,14328.0033,62148.3988,-515674.8876,-436820.8302,-453526.4888
6925000,2365.9714,14283.082,62155.3641,-515942.9771,-437138.55960000004,-453787.613
6926000,2405.3915,14392.3054,61661.6053,-515730.2033,-437270.9011,-454068.598
6927000,2365.6164,14306.3169,61761.5183,-515916.8951,-437483.44350000005,-454155.3768
6928000,2407.969,14431.3537,61772.4065,-516772.1773,-438160.4481,-454999.7708
6929000,2374.0232,14289.611,62393.1434,-516778.6192,-437721.84160000004,-454385.4758
6930000,2370.244,14277.6913,61903.2227,-515803.3137,-437252.1557,-453900.091
6931000,2402.7046,14410.207,62134.9131,-516885.1659,-437937.3412,-454750.2528
6932000,2390.9103,14312.5962,61858.3875,-516513.0966,-437951.20259999996,-454654.7091
6933000,2343.8077,14282.2675,61814.0496,-516014.6456,-437574.5208,-454200.596
6934000,2337.1424,14303.5247,61579.677,-515388.384,-437168.03990000003,-453808.707
6935000,2376.2354,14337.5881,61833.8811,-515689.3204,-437141.6158,-453855.4393
6936000,2388.6104,14231.8939,62167.6231,-516875.5535,-438087.4261,-454707.93039999995
6937000,2396.9887,14264.872,61718.2727,-515760.0309,-437379.8975,-454041.75820000004
6938000,2376.353,14251.0468,62186.562,-516035.4692,-437221.5074,-453848.9072
6939000,2359.9428,14281.4734,62163.6493,-516241.5736,-437436.5081,-454077.9243
6940000,2377.2911,14249.7051,62272.5243,-516912.6158,-438013.09530000004,-454640.09150000004
6941000,2354.2854,14245.2014,62218.5121,-516747.2974,-437929.2985,-454528.7853
6942000,2397.702,14337.0645,62028.2037,-516422.4726,-437659.5024,-454394.26889999997
6943000,2387.2309,14305.5656,61846.7738,-516367.0836,-437827.5133,-454520.3098
6944000,2369.5819,14327.96,61765.3581,-516267.2476,-437804.3476,-454501.8895
6945000,2384.9415,14286.1367,62350.2933,-516876.8893,-437855.5178,-454526.59599999996
6946000,2366.2176,14347.6455,62389.3408,-517273.6205,-438170.4166,-454884.2797
6947000,2370.0184,14345.3086,62222.5484,-517317.527,-438379.6516,-455094.97860000003
6948000,2373.6136,14311.3939,62213.0866,-516588.8358,-437690.7417,-454375.7492
6949000,2398.4052,14355.4234,61939.8306,-516046.7846,-437353.1254,-454106.954
6950000,2412.3794,14253.6375,61364.8455,-515248.5208,-437217.65839999996,-453883.6753
6951000,2371.7624,14443.3137,61504.8452,-515131.3915,-436811.47020000004,-453626.54630000005
6952000,2398.6257,14312.654,62308.315,-516414.8182,-437395.22349999996,-454106.5032
6953000,2411.4959,14285.8858,61492.4716,-515257.0064,-437067.1531,-453764.5348
6954000,2408.3335,14405.0919,61581.6215,-515740.204,-437345.1571,-454158.5825
6955000,2400.4249,14325.3128,62060.6775,-515532.0798,-436745.6646,-453471.4023
6956000,2394.4902,14386.5587,61880.8591,-515743.1308,-437081.2228,-453862.2717
6957000,2406.8884,14361.6837,61828.0525,-516541.4299,-437944.8053,-454713.3774
6958000,2418.9884,14312.7437,61984.3904,-516733.2715,-438017.149,-454748.8811
6959000,2418.2039,14207.3573,61732.8646,-515717.7458,-437359.31999999995,-453984.88119999995
6960000,2423.118,14314.0733,62110.3408,-516392.4356,-437544.9035,-454282.0948
6961000,2371.8732,14179.3331,61606.0752,-515455.2075,-437297.92600000004,-453849.1323
6962000,2344.3311,14278.048,61976.1139,-516323.877,-437725.38399999996,-454347.7631
6963000,2399.8048,14282.0729,62201.8439,-517401.9912,-438518.2696,-455200.1473
6964000,2380.8331,14377.6798,61854.7158,-516147.4163,-437534.18759999995,-454292.7005
6965000,2414.6293,14343.3262,62489.2086,-517187.4237,-437940.2596,-454698.2151
6966000,2384.9545,14359.0487,62053.0577,-516445.5668,-437648.5059,-454392.50909999997
6967000,2397.8528,14341.4758,61819.5087,-515810.7826,-437251.94529999996,-453991.2739
6968000,2403.4501,14272.7216,62089.8665,-516430.2234,-437664.1852,-454340.3569
6969000,2374.1612,14274.3661,61820.203,-515921.5658,-437452.8355,-454101.3628
6970000,2431.5768,14292.6295,61950.6714,-515868.1844,-437193.3067,-453917.51300000004
6971000,2369.1915,14361.7804,61555.1738,-515990.5895,-437704.4438,-454435.4157
6972000,2377.4098,14259.9543,61958.3346,-516043.6116,-437447.9129,-454085.277
6973000,2366.9765,14300.0961,61946.7054,-515554.1107,-436940.3327,-453607.40530000004
6974000,2393.927,14346.7197,62252.5593,-516282.4454,-437289.2394,-454029.8861
6975000,2406.0373,14345.0465,61794.5089,-515997.6289,-437452.0362,-454203.12
6976000,2356.8268,14291.4886,61768.2275,-515673.1765,-437256.6336,-453904.949
6977000,2386.5108,14272.0324,62192.9464,-516732.6795,-437881.1899,-454539.7331
6978000,2378.0634,14383.8774,62028.5669,-516149.6558,-437359.1481,-454121.08890000003
6979000,2371.0184,14330.7811,61885.665,-515967.4404,-437379.9759,-454081.77540000004
6980000,2374.3105,14217.5639,62124.1105,-515977.9908,-437262.0059,-453853.8803
6981000,2387.9983,14300.7997,62266.617,-516779.6494,-437824.2344,-454513.0324
6982000,2360.2296,14408.6471,61985.9582,-516973.1874,-438218.3525,-454987.2292
6983000,2378.6568,14349.7081,61855.5933,-515785.7998,-437201.8416,-453930.2065
6984000,2415.2782,14313.3169,62133.2433,-515722.5323,-436860.6939,-453589.289
6985000,2384.9288,14365.9973,61749.2396,-516266.4539,-437766.2882,-454517.2143
6986000,2363.1784,14287.1304,62311.8964,-516370.7366,-437408.5314,-454058.8402
6987000,2418.554,14361.6012,61781.0165,-516143.5198,-437582.3481,-454362.5033
6988000,2355.2207,14254.2912,62010.7786,-516336.2413,-437715.9508,-454325.4627
6989000,2344.7542,14222.6691,61916.837,-516464.9015,-437980.64119999995,-454548.0645
6990000,2411.984,14264.3072,62258.7563,-516020.906,-437085.85850000003,-453762.1497
6991000,2365.2524,14337.6982,62167.4032,-516769.6481,-437899.2943,-454602.2449
6992000,2411.7231,14312.7474,61777.4902,-516382.9581,-437880.9974,-454605.4679
6993000,2381.0093,14354.7579,62273.4043,-516711.5972,-437702.4257,-454438.1929
6994000,2393.3776,14342.5417,61934.3895,-516708.1661,-438037.8573,-454773.7766
6995000,2356.9549,14257.358,62055.251,-516958.7323,-438289.16839999997,-454903.4813
6996000,2380.0362,14388.9771,61898.9445,-516228.307,-437560.34919999994,-454329.3625
6997000,2383.0018,14300.7093,61999.9222,-516341.6474,-437658.01410000003,-454341.7252
6998000,2382.125,14273.6984,62345.4661,-516634.7457,-437633.4562,-454289.2796
6999000,2381.7011,14314.6517,61678.8482,-515850.3536,-437475.1526,-454171.50539999997
7000000,2371.3569,14377.0379,62222.9344,-516553.7802,-437582.451,-454330.8458
7001000,2383.8432,14305.5352,62307.5665,-516079.0426,-437082.0977,-453771.47609999997
7002000,2355.7842,14384.4066,61913.8705,-516132.5406,-437478.4793,-454218.6701
7003000,2391.3023,14328.8253,62239.4821,-516532.0783,-437572.4686,-454292.59619999997
7004000,2395.8456,14363.283,62077.3638,-516058.7654,-437222.273,-453981.4016
7005000,2400.7841,14395.1097,60755.693,-513934.0483,-436382.46150000003,-453178.35530000005
7006000,2369.7351,14321.127,62093.4523,-516334.7426,-437550.42819999997,-454241.2903
7007000,2364.3107,14269.808,62005.914,-516437.8172,-437797.7845,-454431.9032
7008000,2373.7243,14249.5354,62006.7377,-515190.9857,-436560.9883,-453184.248
7009000,2385.4845,14425.653,61782.9478,-515839.3042,-437245.2189,-454056.3564
7010000,2366.3202,14343.6381,61764.3032,-515633.1519,-437158.89040000003,-453868.8487
7011000,2412.2336,14312.6833,62422.326,-516501.6805,-437354.4376,-454079.3545
7012000,2355.1505,14328.8527,62102.0043,-516083.7985,-437297.79099999997,-453981.7942
7013000,2404.6618,14417.4349,61982.5542,-516170.519,-437365.86809999996,-454187.96479999996
7014000,2362.2023,14352.2482,62217.2135,-516227.8845,-437296.2205,-454010.671
7015000,2360.3416,14335.9915,62398.5869,-516683.5119,-437588.5919,-454284.925
7016000,2353.06,14327.4517,61615.9254,-515725.3668,-437428.92970000004,-454109.4414
7017000,2386.2629,14415.3684,61919.6851,-515739.2996,-437017.9832,-453819.6145
7018000,2354.2326,14228.9156,62014.7033,-515674.1866,-437076.3351,-453659.4833
7019000,2427.7844,14342.3254,61276.3907,-515447.1052,-437400.6047,-454170.7145
7020000,2344.5503,14188.9007,61752.2117,-515482.6466,-437196.9839,-453730.4349
7021000,2368.6585,14252.0414,61681.647,-516089.0115,-437786.6646,-454407.3645
7022000,2391.8035,14293.0248,62199.9416,-516766.2489,-437881.479,-454566.3073
7023000,2367.2888,14334.5265,62186.1377,-516071.6855,-437183.73250000004,-453885.5478
7024000,2360.9137,14227.692,62250.3223,-516618.1919,-437779.26389999996,-454367.8696
7025000,2359.1583,14211.8464,62331.6556,-516306.5595,-437403.8992,-453974.9039
7026000,2381.8744,14272.2495,62323.0777,-516937.4317,-437960.23010000004,-454614.354
7027000,2409.4604,14267.7774,61567.4675,-515399.2677,-437154.56240000005,-453831.80020000006
7028000,2401.8854,14332.756,62320.4715,-516718.3274,-437663.2145,-454397.8559
7029000,2382.1472,14284.8847,62119.8684,-516855.1226,-438068.2223,-454735.2542
7030000,2378.8505,14124.9186,62353.1675,-516612.2492,-437755.3126,-454259.08170000004
7031000,2381.8009,14315.2921,61589.6324,-516091.3989,-437804.6735,-454501.76649999997
7032000,2375.2865,14299.5398,61549.4462,-514754.2213,-436529.9488,-453204.77509999997
7033000,2383.4778,14302.4518,61835.3947,-515889.6071,-437368.28280000004,-454054.2124
7034000,2365.885,14247.9806,61758.0485,-515547.5735,-437175.6594,-453789.525
7035000,2397.6638,14244.6024,61802.4233,-515952.5899,-437507.90040000004,-454150.1666
7036000,2400.275,14323.6433,61952.2269,-515961.496,-437285.3508,-454009.2691
7037000,2371.0841,14350.9602,62044.5228,-515935.3276,-437168.76050000003,-453890.80480000004
7038000,2372.3689,14317.2032,61859.9215,-515582.0148,-437032.5212,-453722.0933
7039000,2373.9466,14315.7104,62062.9824,-516668.3613,-437915.7219,-454605.3789
7040000,2351.5302,14289.6608,62351.4148,-516520.4145,-437527.80870000005,-454168.99970000004
7041000,2370.2797,14304.3823,61872.0257,-516505.0515,-437958.3638,-454633.0258
7042000,2416.4013,14298.3863,61790.6169,-516070.7877,-437565.3832,-454280.17079999996
7043000,2385.2401,14319.0202,62103.7932,-516469.0885,-437661.03500000003,-454365.2953
7044000,2396.268,14337.9608,62630.4697,-517571.2116,-438206.5131,-454940.74189999996
7045000,2379.168,14334.4637,61715.8247,-515417.2089,-436987.75250000006,-453701.38420000003
7046000,2345.5975,14325.7289,62141.5655,-515882.1097,-437069.2178,-453740.5442
7047000,2364.3927,14171.5523,62323.5705,-516899.7187,-438040.2032,-454576.14820000005
7048000,2427.4904,14315.3422,61723.0792,-516004.9587,-437539.0469,-454281.87950000004
7049000,2407.0788,14247.6894,61850.843,-516352.8604,-437847.2492,-454502.0174
7050000,2392.2777,14343.7455,61357.0785,-515339.3416,-437246.2399,-453982.2631
7051000,2379.1192,14332.2026,62599.2145,-516949.7684,-437639.2321,-454350.5539
7052000,2332.2659,14293.2121,62402.1516,-516424.8381,-437397.2085,-454022.6865
7053000,2363.0334,14339.7908,61931.9172,-516095.7154,-437460.974,-454163.79819999996
7054000,2392.1932,14401.4167,61723.638,-516291.3852,-437774.1373,-454567.74720000004
7055000,2373.0949,14335.5069,62427.7939,-516420.6041,-437284.2084,-453992.8102
7056000,2390.3849,14317.2033,61893.121,-516249.088,-437648.3788,-454355.967
7057000,2383.9821,14310.5138,62465.4771,-516899.3647,-437739.3917,-454433.88759999996
7058000,2400.6053,14283.5984,62410.4831,-516839.8476,-437745.16079999995,-454429.36449999997
7059000,2370.48,14258.318,61959.8227,-516408.8963,-437820.27560000005,-454449.0736
7060000,2363.7616,14368.6236,61795.9421,-516965.9793,-438437.652,-455170.0372
7061000,2351.2136,14309.9649,61874.0344,-516565.432,-438030.2191,-454691.39759999997
7062000,2356.2615,14355.847,62200.5952,-516410.1869,-437497.48319999996,-454209.5917
7063000,2388.1185,14352.2738,62430.7521,-516712.4157,-437541.2713,-454281.6636
7064000,2362.678,14242.2686,62447.8198,-516665.4608,-437612.69440000004,-454217.641
7065000,2330.4191,14270.892,62091.7,-516157.7376,-437464.7265,-454066.0376
7066000,2372.1212,14267.3647,61820.8994,-516208.1624,-437747.77709999995,-454387.263
7067000,2377.3185,14282.6799,62157.5233,-516607.8119,-437790.2902,-454450.28859999997
7068000,2382.1294,14264.7403,61727.4297,-516001.6245,-437627.32509999996,-454274.1948
7069000,2380.9897,14283.4989,62346.9999,-517215.9075,-438204.419,-454868.9076
7070000,2407.4312,14292.3121,62056.6827,-516950.4439,-438194.01790000004,-454893.7612
7071000,2393.9181,14255.4026,61240.98,-515330.7601,-437440.4594,-454089.78010000003
7072000,2384.2055,14259.1475,62022.8468,-516595.3661,-437929.1663,-454572.5193
7073000,2368.899,14431.1676,62482.0788,-517044.5061,-437762.36069999996,-454562.4273
7074000,2382.969,14330.9202,62460.4244,-516399.6966,-437225.38300000003,-453939.2722
7075000,2352.2649,14305.9568,62129.2893,-516218.4483,-437430.9373,-454089.159
7076000,2361.127,14323.9665,61857.214,-516657.0771,-438114.7696,-454799.8631
7077000,2365.9521,14308.7996,61986.8197,-515854.2459,-437192.67449999996,-453867.4262
7078000,2414.2032,14407.8051,61705.3451,-515664.7298,-437137.37639999995,-453959.3847
7079000,2411.859,14251.0961,62298.7822,-516705.7161,-437743.97880000004,-454406.9339
7080000,2373.9702,14249.1279,61459.5034,-515350.5201,-437267.91860000003,-453891.01670000004
7081000,2359.157,14219.9714,61878.5266,-515539.0782,-437081.42319999996,-453660.5516
7082000,2355.985,14223.3424,62207.6451,-516560.1341,-437773.1616,-454352.489
7083000,2362.264,14310.8016,61937.5966,-516590.1661,-437979.5039,-454652.5695
7084000,2382.4024,14277.2499,61817.4694,-515604.5978,-437127.47609999997,-453787.1284
7085000,2372.8722,14275.4689,61909.6518,-515525.9139,-436967.921,-453616.2621
7086000,2384.5216,14288.5192,61592.9651,-516044.8231,-437778.8172,-454451.858
7087000,2398.884,14231.8223,61584.6859,-515778.6544,-437563.2622,-454193.9685
7088000,2373.9718,14283.3926,62263.1075,-516380.3867,-437459.91479999997,-454117.2792
7089000,2386.0243,14290.2995,62169.2623,-516367.183,-437521.5969,-454197.9207
7090000,2370.2393,14318.4239,61787.3782,-515765.1176,-437289.0762,-453977.7394
7091000,2377.2945,14355.8216,61520.4872,-515944.992,-437691.3887,-454424.5048
7092000,2378.9486,14279.4951,61782.4928,-515915.8834,-437474.9469,-454133.3906
7093000,2353.0236,14274.6299,62331.3626,-516441.0717,-437482.05559999996,-454109.7091
7094000,2421.8093,14357.2375,61676.888,-515855.6126,-437399.6778,-454178.7246
7095000,2384.9991,14340.1633,61770.3857,-516437.3045,-437941.7564,-454666.91880000004
7096000,2392.0496,14358.4894,62040.4693,-516188.9802,-437397.9719,-454148.5109
7097000,2367.4012,14187.8499,61969.7857,-516291.3298,-437766.293,-454321.5441
7098000,2390.0176,14278.575,62160.5896,-516299.0454,-437469.8632,-454138.4558
7099000,2373.1799,14376.3507,62432.9383,-516847.9033,-437665.4344,-454414.965
7100000,2380.9283,14336.6352,61863.2004,-516300.7383,-437719.9744,-454437.5379
7101000,2412.1694,14283.7623,61586.1833,-516129.9413,-437847.8263,-454543.75800000003
7102000,2380.4735,14226.4818,62532.006,-516821.065,-437682.1037,-454289.059
7103000,2379.0327,14364.7433,61938.5292,-516487.1017,-437804.7965,-454548.5725
7104000,2381.8935,14279.4167,62121.2605,-516351.9205,-437569.3498,-454230.66000000003
7105000,2334.1697,14308.1181,62271.8683,-516678.1314,-437763.97530000005,-454406.2631
7106000,2362.0236,14427.6936,62142.657,-516265.3492,-437332.975,-454122.6922
7107000,2366.2863,14275.5823,62001.6117,-516747.9714,-438104.4911,-454746.3597
7108000,2434.7601,14332.6247,61907.4911,-516457.8358,-437782.9599,-454550.3447
7109000,2420.3518,14332.2416,61438.7035,-515531.059,-437339.7621,-454092.3555
7110000,2398.5196,14343.2277,61927.8553,-516578.2184,-437908.6158,-454650.3631
7111000,2354.3201,14341.1402,62145.7714,-516733.3031,-437892.0714,-454587.53170000005
7112000,2379.4534,14348.704,62104.8849,-516422.0496,-437589.00730000006,-454317.1647
7113000,2383.9256,14316.152,62218.7567,-517009.5672,-438090.7329,-454790.8105
7114000,2386.5712,14298.3559,62215.4293,-516435.2621,-437534.9057,-454219.8328
7115000,2354.1552,14259.8263,61975.4631,-516654.3468,-438064.9022,-454678.8837
7116000,2398.092,14261.6597,61980.6332,-516004.2725,-437363.8876,-454023.63930000004
7117000,2375.7512,14316.8501,61675.7067,-515724.9033,-437356.5953,-454049.1966
7118000,2378.5372,14290.6807,61938.8022,-516291.0629,-437683.04280000005,-454352.26070000004
7119000,2405.8737,14371.193,61523.9366,-515638.3892,-437337.3859,-454114.45259999996
7120000,2384.6778,14258.8437,61972.9383,-516175.0301,-437558.57029999996,-454202.0918
7121000,2380.4028,14196.2404,61920.213,-516181.5821,-437684.72589999996,-454261.3691
7122000,2397.3696,14254.1065,62208.3669,-516150.1164,-437290.2734,-453941.7495
7123000,2383.1092,14274.8235,61968.376,-516415.1445,-437788.8358,-454446.7685
7124000,2357.783,14332.3511,61883.9191,-515943.8049,-437369.7517,-454059.8858
7125000,2374.2574,14329.191,62255.097,-516336.8305,-437378.2851,-454081.7335
7126000,2377.3155,14337.6624,62048.1385,-516731.3336,-437968.2172,-454683.1951
7127000,2362.6491,14330.116,61669.4073,-515964.3876,-437602.21520000004,-454294.9803
7128000,2371.1775,14346.1831,62200.9012,-516710.856,-437792.59420000005,-454509.9548
7129000,2396.0328,14359.6449,62296.7897,-516887.4702,-437835.0028,-454590.68049999996
7130000,2341.1049,14254.8192,61598.0963,-515699.7329,-437505.7125,-454101.6366
7131000,2386.346,14330.8549,62213.392,-516861.0692,-437930.47630000004,-454647.67720000003
7132000,2369.6086,14259.3161,61912.6824,-516048.4729,-437506.8658,-454135.7905
7133000,2418.7892,14262.7156,62119.0476,-515671.5862,-436871.03380000003,-453552.5386
7134000,2360.776,14292.7435,62031.0467,-515787.7805,-437103.2143,-453756.7338
7135000,2375.9998,14220.0638,62019.6821,-516496.8744,-437881.1287,-454477.1923
7136000,2415.1334,14389.7843,62048.8965,-516951.1223,-438097.3081,-454902.2258
7137000,2377.6553,14248.0009,62178.4806,-517168.3499,-438364.21309999994,-454989.86929999996
7138000,2396.8007,14216.3915,62105.1733,-516668.885,-437950.5195,-454563.7117
7139000,2352.89,14166.2621,61455.822,-515251.7062,-437276.7321,-453795.88420000003
7140000,2394.4922,14173.639,61631.5151,-515873.4619,-437673.8156,-454241.9468
7141000,2364.3715,14294.2436,61848.7668,-515358.7721,-436851.3902,-453510.0053
7142000,2403.0012,14244.6012,62120.8949,-516844.4853,-438075.988,-454723.5904
7143000,2379.7227,14275.1653,61729.0944,-515763.5157,-437379.5333,-454034.4213
7144000,2394.4695,14264.4826,62097.6754,-516522.0596,-437765.4321,-454424.3842
7145000,2397.4926,14309.8154,62106.4153,-516766.0352,-437952.3119,-454659.6199
7146000,2345.7317,14337.2509,62408.1894,-517141.2325,-438050.06049999996,-454733.0431
7147000,2404.6357,14277.6324,62165.353,-516767.8335,-437920.2124,-454602.4805
7148000,2389.9365,14386.7302,62196.3739,-517292.89,-438319.8494,-455096.5161
7149000,2384.334,14311.254,62065.4093,-516065.0647,-437304.0674,-453999.6554
7150000,2360.2237,14289.7193,62095.1713,-515774.9642,-437029.8499,-453679.7929
7151000,2399.5465,14331.2247,62450.9379,-516371.446,-437189.7369,-453920.5081
7152000,2378.1421,14368.6043,62015.9439,-516099.6194,-437336.9291,-454083.6755
7153000,2414.0817,14246.4194,62105.0733,-515924.6631,-437159.0887,-453819.5898
7154000,2391.0221,14239.2087,62270.4365,-516297.3588,-437396.69149999996,-454026.9223
7155000,2357.3629,14253.2388,61040.4849,-514692.8699,-437041.7833,-453652.385
7156000,2351.3053,14199.8349,62245.46,-516381.5801,-437584.97990000003,-454136.1201
7157000,2390.8357,14392.2862,62000.7439,-515972.1106,-437188.2448,-453971.3667
7158000,2334.2174,14266.7911,61282.2289,-515398.1535,-437514.91610000003,-454115.9246
7159000,2435.6838,14291.1054,61614.8339,-515979.829,-437638.20590000006,-454364.99510000006
7160000,2413.8425,14361.3174,62362.8876,-516470.7578,-437332.71030000004,-454107.8702
7161000,2347.5948,14318.3027,62184.8633,-516533.9118,-437683.151,-454349.04850000003
7162000,2389.4463,14356.2603,62095.2996,-516452.9796,-437611.9734,-454357.68000000005
7163000,2360.0614,14230.7214,62111.2918,-516379.4547,-437677.3801,-454268.1629
7164000,2358.8875,14253.8375,61720.0314,-515273.9682,-436941.2118,-453553.9368
7165000,2351.8035,14267.8944,61368.2124,-514858.0424,-436870.1321,-453489.82999999996
7166000,2387.5307,14273.7939,62198.1185,-516081.7082,-437222.26509999996,-453883.5897
7167000,2407.5987,14411.5787,61840.6404,-515837.4532,-437177.6354,-453996.8128
7168000,2338.0334,14280.5676,62054.3738,-516495.7605,-437822.7857,-454441.3867
7169000,2371.6492,14346.1564,61475.5252,-516361.4043,-438168.0735,-454885.8791
7170000,2378.4191,14276.4865,62048.3521,-516304.6398,-437601.3821,-454256.2877
7171000,2401.3524,14430.3848,62406.4284,-516096.6136,-436858.448,-453690.1852
7172000,2380.5306,14206.0333,61722.7798,-515660.5513,-437351.20759999997,-453937.7715
7173000,2374.3947,14322.1365,61784.1143,-516148.3088,-437667.6633,-454364.1945
7174000,2398.0817,14358.0919,62308.1367,-517117.5483,-438053.238,-454809.4116
7175000,2342.0462,14247.2243,62175.2374,-516742.0228,-437977.51489999995,-454566.7854
7176000,2389.1433,14311.6237,61848.5995,-515816.6011,-437267.2346,-453968.0016
7177000,2402.5247,14289.9646,61487.4287,-515443.3199,-437263.4019,-453955.8912
7178000,2385.9719,14332.7368,61799.975,-515792.6956,-437274.0119,-453992.7206
7179000,2385.8015,14343.8427,61821.1503,-515785.7218,-437234.9273,-453964.5715
7180000,2374.4786,14245.5465,62099.9611,-516684.7115,-437964.7253,-454584.75039999996
7181000,2383.225,14207.1517,61996.4147,-516540.0469,-437953.2555,-454543.6322
7182000,2365.7168,14208.3211,62288.0,-516324.1136,-437462.0757,-454036.1136
7183000,2407.5953,14267.2594,62159.0176,-515745.1957,-436911.3234,-453586.17809999996
7184000,2381.7281,14306.4019,61489.5648,-514890.5254,-436712.8306,-453400.9606
7185000,2411.5241,14327.7197,62202.4002,-516759.8181,-437818.17409999995,-454557.4179
7186000,2350.1448,14290.924,61820.1349,-515898.6398,-437437.4361,-454078.5049
7187000,2350.7014,14344.8636,61638.2102,-516156.994,-437823.21880000003,-454518.7838
7188000,2387.8793,14352.3324,61987.3315,-516373.819,-437646.2758,-454386.48750000005
7189000,2384.5463,14291.3715,62048.8706,-515877.8471,-437153.0587,-453828.9765
7190000,2396.4468,14227.4134,61690.3765,-516006.4679,-437692.2312,-454316.0914
7191000,2355.6243,14372.0967,62220.9649,-516627.15,-437678.46410000004,-454406.1851
7192000,2389.2732,14317.5537,62078.567,-516618.7382,-437833.3443,-454540.17120000004
7193000,2374.2795,14309.4148,61969.4788,-515554.2004,-436901.02729999996,-453584.7216
7194000,2362.6243,14224.3631,62070.2395,-515718.6175,-437061.3906,-453648.37799999997
7195000,2384.7739,14340.1746,61885.1377,-516172.8228,-437562.73660000006,-454287.6851
7196000,2378.3651,14244.869,61955.5496,-516128.8134,-437550.02969999996,-454173.26379999996
7197000,2379.5689,14327.991,61749.7553,-515959.6625,-437502.34729999996,-454209.90719999996
7198000,2407.4175,14252.2388,62245.9345,-516911.5859,-438005.9951,-454665.6514
7199000,2376.535,14296.5589,62310.0124,-516492.7847,-437509.67840000003,-454182.7723
7200000,2397.5068,14341.2707,61267.9883,-515376.8559,-437370.09010000003,-454108.8676
7201000,2393.269,14287.551,61853.3569,-516142.5384,-437608.3615,-454289.1815
7202000,2352.8907,14331.9138,61936.9301,-515766.0991,-437144.3645,-453829.169
7203000,2423.532,14423.5413,61840.7169,-515631.4282,-436943.63800000004,-453790.7113
7204000,2382.0388,14331.0121,61631.2739,-516068.9739,-437724.6491,-454437.69999999995
7205000,2371.3658,14295.7794,61743.1478,-515861.5047,-437451.2117,-454118.3569
7206000,2382.5021,14275.6815,61878.7753,-516212.5606,-437675.6017,-454333.78530000005
7207000,2375.4841,14320.34,62026.539,-515843.4765,-437121.1134,-453816.9375
7208000,2372.7179,14258.5456,61809.4701,-515845.2545,-437404.5209,-454035.7844
7209000,2344.6587,14372.8459,62054.2311,-516372.1797,-437600.444,-454317.9486
7210000,2358.8976,14237.5112,62047.6794,-516558.1071,-437914.0189,-454510.4277
7211000,2358.9097,14270.5716,62491.3342,-517133.6633,-438012.8478,-454642.32910000003
7212000,2358.0669,14269.8845,61875.7038,-515779.5534,-437275.89819999994,-453903.84959999996
7213000,2377.5543,14275.198,61743.4365,-515718.1444,-437321.9556,-453974.7079
7214000,2414.8632,14363.2472,61842.8703,-516091.4756,-437470.4949,-454248.6053
7215000,2388.4213,14185.6929,62073.718,-515725.132,-437077.2998,-453651.414
7216000,2357.4855,14288.222,61859.712,-516069.1038,-437563.68429999996,-454209.3918
7217000,2376.2003,14252.774,61889.6197,-515901.8895,-437383.2955,-454012.2698
7218000,2408.9917,14359.4404,61753.1819,-516076.6071,-437554.9931,-454323.4252
7219000,2394.4086,14291.0391,62353.1564,-516851.2935,-437812.68940000003,-454498.13710000005
7220000,2394.1781,14293.6883,62374.0048,-516647.1397,-437585.2685,-454273.1349
7221000,2392.7473,14288.1971,62239.194,-516611.0225,-437690.8841,-454371.8285
7222000,2408.4091,14356.8966,61848.0553,-516443.0425,-437829.68149999995,-454594.9872
7223000,2396.0694,14254.5387,61299.8602,-514724.5377,-436774.0694,-453424.6775
7224000,2414.9991,14312.192,62377.1376,-515942.5731,-436838.24439999997,-453565.43549999996
7225000,2408.7775,14319.3277,61038.7818,-515277.3844,-437510.4974,-454238.6026
7226000,2389.0823,14321.6692,61561.518,-515474.546,-437202.2765,-453913.028
7227000,2373.3737,14330.5411,62068.5217,-515450.9991,-436678.5626,-453382.47740000003
7228000,2408.0669,14359.1716,61417.3379,-515530.527,-437345.9506,-454113.1891
7229000,2377.7762,14303.5399,61856.6362,-516262.7414,-437724.7891,-454406.1052
7230000,2384.9491,14326.8548,62119.3364,-516039.3996,-437208.25930000003,-453920.0632
7231000,2383.8107,14277.4158,61987.3369,-516531.1635,-437882.60010000004,-454543.82660000003
7232000,2388.0269,14244.8368,62567.3582,-516702.9872,-437502.76529999997,-454135.62899999996
7233000,2388.4621,14376.3005,61779.1018,-515926.6314,-437382.767,-454147.5296
7234000,2373.1814,14317.1432,61784.8614,-514864.0325,-436388.8465,-453079.1711
7235000,2358.9353,14238.5088,62520.6217,-516285.1291,-437167.06330000004,-453764.5074
7236000,2370.4784,14276.3225,61654.4875,-516211.2051,-437909.9167,-454556.71760000003
7237000,2354.7318,14290.3886,61692.0402,-515852.5312,-437515.3706,-454160.49100000004
7238000,2404.0276,14392.6987,62172.4215,-516676.9237,-437707.7759,-454504.5022
7239000,2351.5973,14286.4982,61611.2291,-516279.5197,-438030.1951,-454668.2906
7240000,2377.3173,14249.2111,62206.5268,-516466.6849,-437633.6297,-454260.1581
7241000,2391.2278,14289.1458,61950.6231,-516723.6223,-438092.6256,-454772.99919999996
7242000,2360.4519,14256.3886,62453.5731,-517598.5079,-438528.0943,-455144.93480000005
7243000,2411.6122,14326.1229,61867.1676,-516050.3122,-437445.40949999995,-454183.1446
7244000,2403.61,14295.3947,62148.0082,-516270.4152,-437423.40229999996,-454122.407
7245000,2364.8937,14234.8438,62031.7145,-516659.947,-438028.495,-454628.2325
7246000,2388.0049,14279.9379,61744.1002,-516594.383,-438182.33999999997,-454850.2828
7247000,2373.826,14163.3682,61819.4029,-516144.7706,-437788.1735,-454325.3677
7248000,2373.1093,14236.6468,62133.1495,-515785.9316,-437043.026,-453652.7821
7249000,2397.3053,14296.009,61891.6043,-516273.1659,-437688.24730000005,-454381.5616
7250000,2356.2838,14315.8256,61810.9348,-515819.8195,-437336.7753,-454008.8847
7251000,2349.0071,14220.2772,61397.2621,-515106.07,-437139.5236,-453708.8079
7252000,2396.6797,14252.3062,62056.842,-516898.7569,-438192.929,-454841.9149
7253000,2406.3378,14307.7173,61998.6555,-516763.8148,-438051.1042,-454765.1593
7254000,2394.4047,14258.2547,62355.1289,-516408.7575,-437400.9692,-454053.6286
7255000,2369.8078,14334.5238,62509.4455,-516999.8739,-437786.0968,-454490.4284
7256000,2390.9174,14298.5324,61334.31,-515475.0255,-437451.2657,-454140.7155
7257000,2421.2423,14320.3392,62198.8848,-516803.8937,-437863.42740000004,-454605.0089
7258000,2367.5055,14255.898,62236.4466,-516317.1991,-437457.34900000005,-454080.7525
7259000,2358.7541,14254.4367,62315.4563,-516971.3946,-438042.7475,-454655.9383
7260000,2344.7278,14260.3209,62058.1687,-516243.2774,-437580.06000000006,-454185.10870000004
7261000,2386.4226,14271.1408,62184.7833,-516722.3005,-437879.9538,-454537.5172
7262000,2385.2452,14271.8804,62128.8615,-516173.9097,-437387.92260000005,-454045.0482
7263000,2388.8811,14317.8117,62137.5285,-516589.5621,-437745.3408,-454452.03359999997
7264000,2355.4692,14263.8595,62042.4514,-516373.1104,-437711.33030000003,-454330.659
7265000,2366.8964,14386.9445,61672.4664,-516268.9065,-437842.5992,-454596.4401
7266000,2357.6698,14315.8607,62169.4555,-516820.9514,-437977.9654,-454651.49590000004
7267000,2355.4478,14248.939,61775.2451,-516096.4089,-437716.777,-454321.1638
7268000,2372.3557,14238.2662,62162.4219,-517138.7251,-438365.6813,-454976.30319999997
7269000,2353.1913,14290.2017,62347.5987,-516520.1576,-437529.16589999996,-454172.55889999995
7270000,2365.6446,14306.8103,62068.6458,-516483.3406,-437742.2399,-454414.6948
7271000,2369.8487,14248.8175,62063.8206,-516390.1634,-437707.6766,-454326.34280000004
7272000,2384.6083,14286.8705,61735.3462,-516121.3631,-437714.5381,-454386.01690000005
7273000,2397.2331,14314.9792,61604.9875,-514984.5097,-436667.3099,-453379.5222
7274000,2421.2843,14362.1109,62237.6978,-516265.658,-437244.565,-454027.9602
7275000,2386.1268,14381.3932,62130.1384,-515997.1401,-437099.4817,-453867.0017
7276000,2372.5684,14347.0401,62254.5219,-516566.4132,-437592.28280000004,-454311.8913
7277000,2403.6572,14304.2735,61908.4557,-516542.9588,-437926.5724,-454634.50310000003
7278000,2357.3959,14302.4576,61537.9365,-515450.1723,-437252.38229999994,-453912.23579999997
7279000,2372.455,14396.543,61698.6003,-516065.2204,-437597.6221,-454366.6201
7280000,2367.8503,14456.4384,61862.8489,-515612.0386,-436924.90100000007,-453749.18970000005
7281000,2354.81,14267.7507,61899.7954,-516221.4888,-437699.13269999996,-454321.6934
7282000,2399.5966,14266.4363,62280.0532,-516874.0413,-437927.95519999997,-454593.98809999996
7283000,2415.0566,14288.5551,62370.9512,-516762.6724,-437688.10949999996,-454391.72119999997
7284000,2368.1071,14293.144,62134.8481,-516418.4025,-437622.3033,-454283.5544
7285000,2393.9148,14199.6315,61250.926,-514865.236,-437020.7637,-453614.31
7286000,2383.6766,14283.5449,61644.3639,-515739.0142,-437427.4288,-454094.6503
7287000,2385.0915,14242.157,62053.2203,-516513.3427,-437832.8739,-454460.1224
7288000,2373.6781,14291.025,62307.3547,-517026.2028,-438054.145,-454718.8481
7289000,2358.9814,14225.2662,62353.4175,-517048.2593,-438110.5942,-454694.8418
7290000,2361.439,14333.9426,61636.4994,-515823.2255,-437491.3445,-454186.72609999997
7291000,2389.1848,14250.9619,61839.1587,-516141.6267,-437662.3213,-454302.468
7292000,2351.9013,14385.6058,61978.6469,-516399.4833,-437683.32930000004,-454420.83640000003
7293000,2377.1761,14322.7741,62056.6898,-516345.281,-437588.641,-454288.5912
7294000,2348.0324,14279.7098,61929.1457,-516296.4596,-437739.5717,-454367.3139
7295000,2415.3419,14445.1996,61931.3786,-516262.0768,-437470.1567,-454330.6982
7296000,2338.2535,14269.5195,62360.6181,-517335.5044,-438367.11329999997,-454974.88629999995
7297000,2363.2576,14282.6057,62358.7069,-516555.3944,-437550.8242,-454196.6875
7298000,2400.9036,14265.6317,62239.7727,-516593.0758,-437686.7678,-454353.3031
7299000,2381.4479,14291.6933,61939.85,-516041.9903,-437428.9991,-454102.1403
7300000,2363.7635,14246.9426,61630.2786,-515376.2578,-437135.2731,-453745.9792
7301000,2353.6142,14204.6301,61723.4337,-515579.3668,-437297.6888,-453855.9331
7302000,2360.8431,14187.4006,61863.8573,-516197.7994,-437785.6984,-454333.9421
7303000,2392.3775,14306.6167,62030.0265,-516352.6218,-437623.6011,-454322.59530000004
7304000,2360.5828,14251.9563,61673.1535,-515746.086,-437460.3934,-454072.9325
7305000,2399.8317,14268.8411,62009.0849,-516055.1348,-437377.3771,-454046.0499
7306000,2358.8171,14152.5537,61951.4086,-516599.74,-438136.9606,-454648.33139999997
7307000,2402.4592,14327.4937,61636.2559,-515972.3313,-437606.12250000006,-454336.07540000003
7308000,2379.9632,14275.0147,62493.8394,-517186.2207,-438037.4034,-454692.3813
7309000,2405.8478,14320.4699,62006.1686,-516949.2053,-438216.719,-454943.0367
7310000,2385.3362,14274.1789,62023.2938,-515459.0327,-436776.2238,-453435.7389
7311000,2402.1761,14249.1488,62074.9604,-515917.0627,-437190.7774,-453842.1023
7312000,2380.3908,14354.1387,61820.6404,-516224.2408,-437669.07090000005,-454403.60040000005
7313000,2380.9251,14275.4294,61874.2627,-516224.6453,-437694.0281,-454350.38259999995
7314000,2403.0664,14293.5221,62710.8814,-517324.2773,-437916.80740000005,-454613.3959
7315000,2377.237,14250.6747,62171.2023,-515921.7216,-437122.6076,-453750.5193
7316000,2418.8655,14275.8285,61975.5519,-516072.9376,-437402.6917,-454097.3857
7317000,2421.7629,14386.1094,62231.5377,-516208.4681,-437169.0581,-453976.9304
7318000,2399.8382,14388.5668,61873.2226,-515348.3839,-436686.7563,-453475.16130000004
7319000,2389.0455,14355.8872,61438.9791,-515137.9759,-436954.0641,-453698.9968
7320000,2379.4654,14281.43,62268.7301,-516456.6683,-437527.04280000005,-454187.93820000003
7321000,2381.0588,14281.3798,62196.2554,-516801.4915,-437942.7975,-454605.2361
7322000,2394.3364,14297.9226,61965.0391,-516020.2723,-437362.9742,-454055.2332
7323000,2387.063,14204.9428,62087.775,-516570.2509,-437890.4701,-454482.47589999996
7324000,2346.4462,14244.5785,61924.8194,-516053.0135,-437537.1694,-454128.1941
7325000,2383.5518,14254.377,61718.6713,-515320.2892,-436963.68909999996,-453601.6179
7326000,2383.858,14265.982,62249.2247,-517063.0647,-438164.0,-454813.83999999997
7327000,2362.5554,14292.5187,61824.4381,-515596.3304,-437116.8182,-453771.89229999995
7328000,2407.9149,14312.2479,62146.6001,-516863.9158,-437997.1529,-454717.31570000004
7329000,2393.6148,14305.6189,62362.1629,-516681.6054,-437620.2088,-454319.4425
7330000,2395.5948,14360.7354,61857.4042,-515663.9917,-437050.2573,-453806.5875
7331000,2389.508,14264.1636,62140.6196,-516695.6479,-437901.3567,-454555.0283
7332000,2374.6811,14276.7059,61782.9283,-516283.9486,-437849.6333,-454501.0203
7333000,2375.4547,14252.0601,61614.6069,-516026.1311,-437784.0094,-454411.5242
7334000,2372.7787,14165.9808,61963.1574,-516528.9619,-438027.045,-454565.80449999997
7335000,2368.6986,14248.4686,62725.0914,-517330.6625,-437988.4039,-454605.5711
7336000,2358.2971,14309.4527,61844.0765,-516720.1582,-438208.3319,-454876.0817
7337000,2400.7862,14351.3884,62138.4567,-516443.2756,-437552.6443,-454304.8189
7338000,2356.9914,14347.9233,62117.6803,-516285.284,-437462.689,-454167.6037
7339000,2403.2627,14399.9596,62083.3804,-516013.9673,-437127.36460000003,-453930.5869
7340000,2346.0929,14289.0937,62066.0941,-515784.4359,-437083.1552,-453718.3418
7341000,2407.945,14298.5474,61973.1463,-515951.5534,-437271.91469999996,-453978.40709999995
7342000,2360.1851,14280.4509,62418.1734,-516718.2775,-437659.46810000006,-454300.1041
7343000,2370.0443,14276.2467,62134.4582,-516472.9352,-437692.186,-454338.477
7344000,2386.1573,14313.0467,62250.8554,-516761.1123,-437811.0529,-454510.2569
7345000,2383.7032,14363.4297,62196.1207,-516601.9731,-437658.7195,-454405.8524
7346000,2355.5873,14326.685,62601.5857,-517128.4247,-437844.56669999997,-454526.839
7347000,2410.675,14334.0864,62078.6326,-516761.2544,-437937.8604,-454682.62179999996
7348000,2382.9599,14316.6212,61509.8291,-515812.094,-437602.6838,-454302.26489999995
7349000,2347.1339,14216.3733,61996.149,-516674.8202,-438115.164,-454678.67120000004
7350000,2370.2695,14252.2558,61524.4647,-515999.6671,-437852.67710000003,-454475.2024
7351000,2381.7312,14278.9232,62140.708,-516306.8565,-437505.4941,-454166.1485
7352000,2401.6247,14295.4286,62164.8217,-516546.6225,-437684.7475,-454381.80079999997
7353000,2367.1922,14227.4069,61672.5597,-515614.6843,-437347.5255,-453942.12460000004
7354000,2358.5703,14231.679,62718.1902,-516952.3351,-437643.89560000005,-454234.1449
7355000,2396.4164,14333.3352,61837.2504,-516214.1797,-437647.1777,-454376.92929999996
7356000,2347.253,14311.8228,61979.1603,-516281.8765,-437643.64040000003,-454302.7162
7357000,2393.3297,14280.7486,62156.4594,-516620.3888,-437789.8511,-454463.9294
7358000,2362.4824,14218.1198,61848.5208,-515813.4528,-437384.32980000007,-453964.93200000003
7359000,2341.5675,14180.4559,62066.7006,-515998.7835,-437410.05950000003,-453932.08290000004
7360000,2370.6286,14306.5234,61894.3113,-516481.986,-437910.5227,-454587.6747
7361000,2398.7644,14389.4668,61500.9394,-516387.4639,-438098.29329999996,-454886.52449999994
7362000,2374.9611,14241.8043,61674.7613,-515757.7938,-437466.2671,-454083.0325
7363000,2388.9056,14237.777,62182.6189,-516509.5733,-437700.2718,-454326.9544
7364000,2389.8903,14214.1598,62306.777,-516852.9843,-437942.1572,-454546.2073
7365000,2348.1485,14233.5475,61663.0047,-516010.3789,-437765.6782,-454347.3742
7366000,2371.8935,14264.2502,61669.4145,-516402.0898,-438096.5316,-454732.6753
7367000,2356.0575,14301.502,61880.2647,-515636.0618,-437098.2376,-453755.7971
7368000,2338.3404,14205.893,62441.6311,-517186.2282,-438200.3637,-454744.5971
7369000,2406.1181,14305.19,61901.8445,-515912.6617,-437299.5091,-454010.8172
7370000,2435.1701,14364.4903,61666.653,-515571.9161,-437105.6027,-453905.2631
7371000,2378.6059,14211.1516,61530.7038,-514951.8095,-436831.3482,-453421.10569999996
7372000,2388.5676,14187.5943,62156.6545,-516298.5186,-437565.7022,-454141.8641
7373000,2368.6777,14299.3662,61798.1554,-515971.2004,-437505.0011,-454173.045
7374000,2366.0402,14222.1807,61917.6014,-515391.9385,-436886.1162,-453474.3371
7375000,2378.0619,14302.3831,62223.0407,-516268.5409,-437365.05520000006,-454045.5002
7376000,2380.5702,14282.3681,61861.7991,-515939.3065,-437414.5691,-454077.5074
7377000,2370.3815,14249.3306,61785.9884,-515548.6481,-437142.94759999996,-453762.65969999996
7378000,2386.7475,14326.6804,62096.9025,-516135.2367,-437324.90630000003,-454038.33420000004
7379000,2370.2792,14250.1705,61384.5609,-515575.6577,-437570.6471,-454191.0968
7380000,2405.1077,14360.9459,61726.719,-515882.1553,-437389.38269999996,-454155.4363
7381000,2357.2759,14145.2286,61922.4274,-516269.1556,-437844.2237,-454346.7282
7382000,2374.8381,14291.9901,61824.8236,-515648.8006,-437157.1488,-453823.977
7383000,2391.6426,14280.3771,61727.8603,-515828.9604,-437429.0804,-454101.1001
7384000,2396.3566,14210.0105,61499.1576,-514651.469,-436545.9443,-453152.3114
7385000,2365.9092,14355.3981,61756.8511,-515942.7362,-437464.57779999997,-454185.88509999996
7386000,2338.4639,14304.7941,62046.5564,-515378.1309,-436688.31649999996,-453331.5745
7387000,2393.9329,14267.556,61825.6113,-515828.118,-437341.01780000003,-454002.5067
7388000,2344.6786,14200.0349,62010.7675,-516461.938,-437906.45700000005,-454451.1705
7389000,2396.0649,14376.8398,62104.7598,-516492.0421,-437614.3776,-454387.2823
7390000,2434.869,14381.7797,62175.9487,-517215.5567,-438222.9593,-455039.608
7391000,2380.7198,14220.9756,61812.3917,-516335.0965,-437921.0094,-454522.7048
7392000,2393.8746,14293.6939,61954.1485,-516707.7026,-438065.9856,-454753.5541
7393000,2340.1146,14227.9827,61705.8188,-516100.7092,-437826.7931,-454394.8904
7394000,2365.7121,14260.418,62191.8443,-517220.591,-438402.6166,-455028.7467
7395000,2381.949,14380.1559,61803.5348,-516551.973,-437986.3333,-454748.4382
7396000,2398.5836,14247.1354,62393.8336,-516194.6212,-437155.0686,-453800.7876
7397000,2383.7354,14306.7113,62642.7216,-516881.3465,-437548.17819999997,-454238.6249
7398000,2342.6563,14201.796,62051.2155,-515829.7269,-437234.0591,-453778.5114
7399000,2360.9821,14312.7479,62329.8673,-516498.8735,-437495.27619999996,-454169.0062
7400000,2361.9586,14264.9096,62073.8193,-516107.2424,-437406.5549,-454033.4231
7401000,2376.4068,14302.6137,61444.7367,-515394.0667,-437270.30950000003,-453949.33
7402000,2392.8869,14273.335,61748.6803,-515860.6804,-437445.7782,-454112.0001
7403000,2390.4061,14281.3677,62314.3921,-516130.9096,-437144.7437,-453816.5175
7404000,2363.8634,14282.8908,62169.4922,-516653.3054,-437837.059,-454483.81320000003
7405000,2367.225,14225.6567,61925.3371,-516466.4916,-437948.27280000004,-454541.1545
7406000,2410.5753,14436.4766,62227.9656,-516905.7927,-437830.7752,-454677.8271
7407000,2361.1269,14328.3729,61676.2357,-516012.9303,-437647.1948,-454336.6946
7408000,2427.2906,14373.4947,62081.8376,-516027.917,-437145.2941,-453946.07940000005
7409000,2382.2042,14259.911,61620.3011,-514870.2086,-436607.79230000003,-453249.90750000003
7410000,2365.8249,14366.6457,61382.3035,-514638.0484,-436523.27430000005,-453255.74490000005
7411000,2381.4336,14360.7656,61452.5101,-515141.8086,-436947.0993,-453689.2985
7412000,2363.1682,14356.7975,61690.8874,-515031.3418,-436620.4887,-453340.4544
7413000,2384.7167,14355.6248,62149.7171,-516128.6873,-437238.6287,-453978.9702
7414000,2365.9353,14308.7608,61700.2248,-515460.8271,-437085.90619999997,-453760.60229999997
7415000,2401.3462,14359.5969,61815.9953,-515940.9818,-437364.0434,-454124.9865
7416000,2375.6164,14312.5928,61987.938,-516207.0845,-437530.9373,-454219.1465
7417000,2356.5469,14263.7407,62062.97,-516517.9062,-437834.6486,-454454.9362
7418000,2373.3131,14312.5594,62629.2559,-516891.7956,-437576.6672,-454262.5397
7419000,2372.2393,14347.4606,62180.9288,-516667.4983,-437766.8696,-454486.5695
7420000,2367.3686,14308.3356,62350.8135,-515713.2642,-436686.7465,-453362.4507
7421000,2359.3579,14256.9209,62036.1059,-516025.3876,-437373.0029,-453989.2817
7422000,2408.4235,14351.5023,62280.0674,-515798.3988,-436758.40560000006,-453518.3314
7423000,2368.3076,14340.0752,61556.0035,-515597.7462,-437333.3599,-454041.7427
7424000,2383.4826,14398.6126,62414.9315,-517433.5109,-438236.4842,-455018.5794
7425000,2366.8803,14385.5079,61863.3995,-516068.6775,-437452.8898,-454205.278
7426000,2331.6252,14224.0152,61980.4944,-516588.2877,-438052.1529,-454607.79329999996
7427000,2355.4166,14263.1609,61864.3341,-516592.7432,-438109.83160000003,-454728.40910000005
7428000,2372.797,14364.2684,62201.7273,-516293.7776,-437354.9849,-454092.0503
7429000,2379.5803,14342.3727,62406.2178,-516758.0807,-437629.90989999997,-454351.8629
7430000,2354.0873,14281.4155,61856.4089,-515805.5422,-437313.6305,-453949.13330000004
7431000,2363.724,14228.9191,62387.144,-516965.6888,-437985.9017,-454578.54480000003
7432000,2369.3312,14259.6813,62113.8124,-516955.1563,-438212.33139999997,-454841.3439
7433000,2376.2757,14301.7534,61842.121,-515822.8145,-437302.6644,-453980.6935
7434000,2368.9251,14295.8294,62139.4203,-516460.6226,-437656.4478,-454321.2023
7435000,2361.5777,14355.487,61742.4881,-516078.8884,-437619.3356,-454336.4003
7436000,2386.7614,14317.6617,62080.3286,-516821.3777,-438036.62600000005,-454741.0491
7437000,2345.3551,14277.9288,62437.872,-517194.5081,-438133.35219999996,-454756.6361
7438000,2358.3796,14301.0854,62088.6131,-516039.7709,-437291.6928,-453951.1578
7439000,2411.7345,14356.0736,62025.9373,-516532.6165,-437738.8711,-454506.6792
7440000,2407.3479,14308.9491,62385.4047,-517441.7924,-438340.09069999994,-455056.38769999996
7441000,2396.4028,14260.7334,62021.1265,-516343.2778,-437665.01509999996,-454322.15129999997
7442000,2404.7904,14291.0928,61258.8271,-515411.845,-437457.13469999994,-454153.0179
7443000,2396.7812,14316.1384,61862.5034,-515954.5708,-437379.1478,-454092.0674
7444000,2344.2765,14273.3643,62237.9893,-516370.6065,-437514.9764,-454132.6172
7445000,2419.0512,14380.1077,61886.9552,-515681.6832,-436995.5691,-453794.728
7446000,2369.9094,14270.2661,62073.4943,-516496.8226,-437783.15280000004,-454423.3283
7447000,2385.9829,14287.4265,61453.9588,-515624.2021,-437496.83389999997,-454170.2433
7448000,2394.9583,14323.3296,61987.4939,-515846.5388,-437140.757,-453859.0449
7449000,2381.5853,14297.1445,61535.3859,-515229.9817,-437015.86600000004,-453694.5958
7450000,2378.3716,14282.793,61946.584,-515536.9639,-436929.2153,-453590.37989999994
7451000,2318.684,14224.3369,61763.0347,-515481.1459,-437175.09030000004,-453718.1112
7452000,2389.1126,14355.4835,61810.8993,-515778.5986,-437223.1032,-453967.69930000004
7453000,2366.5516,14322.4019,62404.9568,-516794.6924,-437700.7821,-454389.7356
7454000,2374.4005,14217.5586,62257.8147,-516843.8188,-437994.04500000004,-454586.0041
7455000,2367.7248,14227.4946,61588.7615,-515465.969,-437281.98809999996,-453877.20749999996
7456000,2373.6053,14296.4201,61360.2169,-515827.3694,-437797.12710000004,-454467.1525
7457000,2365.0742,14157.5509,61784.2452,-515752.0802,-437445.2099,-453967.835
7458000,2376.0124,14247.2585,62161.6389,-516280.8237,-437495.91390000004,-454119.1848
7459000,2354.4425,14186.9945,62121.9368,-516273.0957,-437609.7219,-454151.1589
7460000,2373.6153,14249.8876,62152.9519,-516431.6277,-437655.1729,-454278.6758
7461000,2366.3607,14206.4173,62254.1686,-516604.4834,-437777.5368,-454350.31480000005
7462000,2384.7825,14263.0213,62284.4343,-516674.973,-437742.7349,-454390.5387
7463000,2379.237,14272.638,62574.5439,-516994.8012,-437768.3823,-454420.2573
7464000,2373.4757,14219.0071,61917.1211,-516073.1659,-437563.56200000003,-454156.04480000003
7465000,2340.9488,14182.4857,61752.3272,-515728.7615,-437452.9998,-453976.4343
7466000,2360.7713,14244.2421,61742.7799,-515632.7424,-437284.94909999997,-453889.96249999997
7467000,2366.1307,14233.4781,61679.2201,-515728.5814,-437449.75250000006,-454049.36130000005
7468000,2404.9914,14295.7376,61730.2328,-515905.6643,-437474.7025,-454175.4315
7469000,2361.999,14237.0209,62488.9152,-516512.713,-437424.7779,-454023.7978
7470000,2391.1334,14275.3853,61878.7777,-516286.018,-437740.7216,-454407.2403
7471000,2371.3366,14329.2467,61728.5371,-515302.6391,-436873.51869999996,-453574.10199999996
7472000,2323.6792,14182.7699,62281.7189,-516517.7404,-437729.5724,-454236.02150000003
7473000,2381.9094,14260.2384,61855.5108,-515953.9678,-437456.3092,-454098.457
7474000,2394.6471,14270.2033,61600.1955,-515612.8587,-437347.81279999996,-454012.66319999995
7475000,2373.7742,14326.8655,61897.345,-515723.3877,-437125.40300000005,-453826.0427
7476000,2416.6698,14260.3505,61894.7488,-515119.4963,-436547.72719999996,-453224.7475
7477000,2417.1701,14337.3074,61875.6295,-515816.0741,-437185.9671,-453940.44460000005
7478000,2386.1801,14319.2812,62418.0381,-516405.6187,-437282.1193,-453987.5806
7479000,2399.7193,14276.1866,61612.5329,-515605.5455,-437317.1067,-453993.0126
7480000,2410.1731,14197.7395,61801.5026,-515876.707,-437467.2918,-454075.2044
7481000,2396.0627,14157.6682,61755.1969,-516167.9677,-437859.0399,-454412.7708
7482000,2375.054,14297.961,61695.2523,-516178.83,-437810.5627,-454483.5777
7483000,2390.4892,14418.822,61740.1449,-515938.7756,-437389.3195,-454198.6307
7484000,2381.1808,14261.298,62024.5647,-515735.4185,-437068.375,-453710.85380000004
7485000,2385.9977,14351.6733,62108.8924,-515749.0943,-436902.5309,-453640.2019
7486000,2374.5919,14232.4239,62124.9312,-516307.431,-437575.484,-454182.4998
7487000,2345.1186,14335.8049,61842.6371,-515708.1666,-437184.606,-453865.5295
7488000,2375.5447,14204.7662,61925.4022,-516028.7607,-437523.0476,-454103.3585
7489000,2386.3429,14289.8284,62116.8996,-516416.6049,-437623.534,-454299.7053
7490000,2376.2038,14341.9864,61876.5476,-516397.9643,-437803.2265,-454521.4167
7491000,2359.8648,14152.4566,61414.8111,-516027.3517,-438100.2192,-454612.5406
7492000,2403.214,14360.6445,62493.3787,-516695.6518,-437438.4146,-454202.2731
7493000,2353.5886,14274.0152,61812.0268,-515898.5039,-437458.8733,-454086.4771
7494000,2390.2126,14286.9465,62147.4648,-516555.8415,-437731.2176,-454408.37669999996
7495000,2391.5255,14194.7672,62240.6401,-516438.1783,-437611.2455,-454197.5382
7496000,2399.6516,14185.9785,61950.6175,-516075.0276,-437538.77999999997,-454124.4101
7497000,2325.2005,14191.3584,61985.3294,-516127.8607,-437625.9724,-454142.53130000003
7498000,2389.3816,14265.6974,62144.3482,-516408.7031,-437609.2759,-454264.3549
7499000,2340.8214,14226.4019,61763.6504,-515572.402,-437241.5283,-453808.7516
7500000,2390.121,14292.2234,62000.0726,-516113.7475,-437431.3305,-454113.6749
7501000,2388.5328,14110.1753,62416.3477,-517052.6459,-438137.59010000003,-454636.2982
7502000,2384.1658,14364.5631,62552.6524,-516925.9677,-437624.5864,-454373.31529999996
7503000,2377.2989,14270.7219,62708.3463,-516818.5736,-437462.2065,-454110.2273
7504000,2402.7931,14383.3913,62511.0804,-517105.2063,-437807.9415,-454594.12590000004
7505000,2364.3955,14225.5949,62457.5834,-517146.5834,-438099.0096,-454689.0
7506000,2395.5517,14331.8893,62062.5378,-516876.0962,-438086.11740000005,-454813.55840000004
7507000,2383.3225,14298.8468,61943.1376,-516354.7892,-437729.48230000003,-454411.6516
7508000,2395.6501,14336.1993,61622.2962,-515377.6343,-437023.4887,-453755.3381
7509000,2362.1857,14296.9956,61913.0458,-516208.7242,-437636.4971,-454295.6784
7510000,2377.4591,14238.5274,62432.7922,-516573.5744,-437524.7957,-454140.78219999996
7511000,2341.6254,14303.7951,61362.3755,-515689.0612,-437681.2652,-454326.6857
7512000,2366.7316,14301.3102,62371.0415,-516821.5224,-437782.4391,-454450.4809
7513000,2318.9808,14232.2117,62072.3127,-516156.7236,-437533.2184,-454084.4109
7514000,2383.7673,14224.5737,62117.8332,-516194.9821,-437468.8079,-454077.14890000003
7515000,2359.97,14195.262,61747.6941,-515524.1413,-437221.21520000004,-453776.4472
7516000,2366.3336,14285.8204,61763.1119,-516084.1175,-437668.8516,-454321.0056
7517000,2400.0387,14351.2329,62198.4194,-516304.861,-437355.17,-454106.44159999996
7518000,2408.1795,14296.1337,61401.6766,-515408.8925,-437302.90270000004,-454007.2159
7519000,2383.6069,14336.8722,62119.971,-516498.1215,-437657.6714,-454378.1505
7520000,2392.1725,14206.9306,61943.4646,-516143.1643,-437600.5966,-454199.6997
7521000,2367.0085,14269.1892,62563.8589,-516840.1846,-437640.12799999997,-454276.3257
7522000,2363.4875,14201.1428,61911.5101,-515877.55,-437401.4096,-453966.0399
7523000,2411.8223,14285.3699,62052.2126,-516598.4045,-437848.99970000004,-454546.1919
7524000,2364.4289,14185.9294,61395.9508,-515140.812,-437194.50289999996,-453744.8612
7525000,2373.1503,14218.7035,61673.1445,-515450.6758,-437185.6775,-453777.53130000003
7526000,2403.2082,14256.3785,62462.5495,-516463.8459,-437341.7097,-454001.2964
7527000,2387.8964,14338.6106,62234.1382,-516113.6294,-437152.98419999995,-453879.4912
7528000,2367.0135,14241.3549,61866.7689,-515677.3946,-437202.2573,-453810.6257
7529000,2392.5234,14312.0767,61877.7087,-515743.215,-437160.9062,-453865.5063
7530000,2395.7373,14327.2633,61832.233,-516425.0372,-437869.8036,-454592.8042
7531000,2370.468,14249.4198,62160.6344,-516570.938,-437790.4158,-454410.30360000004
7532000,2375.6713,14285.8418,61953.4667,-516025.9501,-437410.97030000004,-454072.4834
7533000,2393.2294,14259.0461,61597.102,-515805.3,-437555.9225,-454208.198
7534000,2331.0248,14329.7317,61509.7892,-515471.2138,-437300.6681,-453961.4246
7535000,2368.6825,14234.6047,61435.4996,-515349.146,-437310.3592,-453913.6464
7536000,2364.9307,14211.9582,61376.0749,-515213.9478,-437260.98400000005,-453837.8729
7537000,2388.4624,14233.2882,61878.3427,-516060.0729,-437559.9796,-454181.73020000005
7538000,2360.5395,14361.6238,62136.1554,-516355.4836,-437497.1649,-454219.3282
7539000,2401.7927,14333.2333,62026.5247,-516526.0935,-437764.54280000005,-454499.5688
7540000,2408.1353,14204.201,61954.2191,-515910.4091,-437343.8537,-453956.19
7541000,2363.7536,14246.9995,61965.0928,-516494.0751,-437918.2292,-454528.98230000003
7542000,2325.4788,14250.3853,62133.4957,-516133.417,-437424.05720000004,-453999.92130000005
7543000,2326.3745,14230.5171,61947.3834,-516052.5263,-437548.2513,-454105.14290000004
7544000,2433.9859,14272.8277,61677.1918,-514940.1161,-436556.11069999996,-453262.92429999996
7545000,2397.503,14347.7228,61760.6583,-515182.9368,-436677.0527,-453422.2785
7546000,2400.1815,14249.0269,61568.6,-514888.7789,-436670.9705,-453320.1789
7547000,2404.97,14253.4435,62007.003,-516193.6277,-437528.2112,-454186.62470000004
7548000,2394.762,14256.6033,61849.8214,-516012.7382,-437511.5515,-454162.9168
7549000,2367.8154,14189.5721,61679.1485,-515770.056,-437533.51999999996,-454090.9075
7550000,2370.6326,14155.8476,62199.6069,-516642.6742,-437916.5871,-454443.0673
7551000,2371.8884,14216.5466,61881.9822,-515784.6117,-437314.1945,-453902.62950000004
7552000,2397.6829,14264.8603,61610.8926,-516073.12,-437799.6842,-454462.2274
7553000,2378.8077,14255.1525,61846.6866,-516772.5187,-438291.8719,-454925.8321
7554000,2398.2246,14280.81,61798.9239,-515971.8695,-437493.91099999996,-454172.9456
7555000,2371.5148,14225.7124,62013.5269,-516102.5367,-437491.78260000004,-454089.0098
7556000,2387.5792,14310.3378,62306.0988,-516752.823,-437748.8072,-454446.7242
7557000,2384.5294,14256.0285,61589.216,-515817.9586,-437588.1847,-454228.7426
7558000,2365.0813,14256.425,61692.9319,-515294.3568,-436979.9186,-453601.4249
7559000,2389.7203,14259.5965,61694.167,-515282.738,-436939.2542,-453588.571
7560000,2395.7721,14198.2904,62258.749,-516140.33,-437287.5185,-453881.581
7561000,2396.5095,14344.1374,62220.3754,-516083.3417,-437122.3194,-453862.9663
7562000,2366.7779,14376.0933,61617.4459,-515417.1096,-437056.79250000004,-453799.66370000003
7563000,2366.2284,14281.0668,61410.2711,-515169.0629,-437111.4966,-453758.7918
7564000,2368.2522,14310.7586,62130.1878,-516781.7092,-437972.5106,-454651.52139999997
7565000,2411.6597,14354.9621,62269.9805,-516797.289,-437760.68669999996,-454527.3085
7566000,2372.4225,14359.9206,62091.6153,-516510.7397,-437686.7813,-454419.1244
7567000,2392.4874,14270.0147,62692.8869,-516988.4315,-437633.0425,-454295.5446
7568000,2343.371,14192.3238,62054.5881,-516119.4296,-437529.1467,-454064.8415
7569000,2361.4959,14323.3014,62202.0486,-516124.3174,-437237.4715,-453922.2688
7570000,2363.6716,14252.8855,62164.6429,-516542.2109,-437761.0109,-454377.568
7571000,2382.7296,14326.1523,61902.4009,-516130.9083,-437519.6255,-454228.5074
7572000,2357.054,14326.0061,61884.8104,-516808.7229,-438240.8524,-454923.9125
7573000,2351.3731,14201.5845,61599.6405,-515673.3902,-437520.7921,-454073.74970000004
7574000,2355.2471,14310.7185,61712.1707,-515799.6887,-437421.5524,-454087.518
7575000,2384.3697,14279.8608,61543.0804,-515239.5605,-437032.24960000004,-453696.48010000004
7576000,2346.0598,14251.2794,62337.7691,-516347.8397,-437412.73140000005,-454010.07060000004
7577000,2364.7548,14275.6943,61806.8027,-515458.9914,-437011.7396,-453652.1887
7578000,2384.1647,14347.4021,61961.6172,-516030.4558,-437337.2718,-454068.8386
7579000,2394.974,14239.8687,62169.5297,-516752.1955,-437947.8231,-454582.66579999996
7580000,2345.9536,14303.0157,61907.6418,-516310.7862,-437754.1751,-454403.1444
7581000,2339.008,14304.0538,61889.1976,-516417.9412,-437885.6818,-454528.7436
7582000,2387.1996,14256.7373,61971.2858,-516287.4675,-437672.24480000004,-454316.1817
7583000,2379.5641,14301.6198,62251.2825,-516002.2137,-437069.74730000005,-453750.9312
7584000,2338.2992,14249.2,62331.6139,-516871.5977,-437952.48459999997,-454539.9838
7585000,2371.0233,14288.4143,62337.1513,-516604.5243,-437607.93539999996,-454267.373
7586000,2387.42,14216.0513,61589.3474,-515405.0203,-437212.2016,-453815.6729
7587000,2374.041,14207.6092,61447.9126,-516044.0597,-438014.49689999997,-454596.1471
7588000,2361.5524,14224.574,62157.3267,-517179.6054,-438436.1523,-455022.2787
7589000,2347.7615,14213.4794,62124.2815,-516127.9183,-437442.3959,-454003.63680000004
7590000,2357.3512,14293.6346,62108.9157,-516620.0056,-437860.1041,-454511.08989999996
7591000,2340.2927,14252.7751,62121.52,-516267.9503,-437553.36250000005,-454146.4303
7592000,2361.7873,14330.4814,61439.2154,-515561.0208,-437429.5367,-454121.8054
7593000,2363.9868,14304.9038,61794.8295,-515414.6531,-436950.93299999996,-453619.8236
7594000,2365.9711,14270.3396,62172.9042,-516405.9389,-437596.72400000005,-454233.0347
7595000,2380.6204,14301.5753,62231.4322,-516871.0903,-437957.46239999996,-454639.6581
7596000,2373.4159,14251.3437,62133.4415,-516250.7347,-437492.53359999997,-454117.29319999996
7597000,2343.9774,14312.2136,61591.3027,-515320.8741,-437073.3804,-453729.5714
7598000,2350.3759,14146.6361,62066.4273,-516279.3751,-437715.9358,-454212.9478
7599000,2408.72,14281.6706,61431.7602,-515683.4696,-437561.3188,-454251.7094
7600000,2364.4121,14285.2319,62285.4547,-516531.6487,-437596.55000000005,-454246.194
7601000,2411.3912,14265.9885,61966.1251,-516228.6244,-437585.1196,-454262.49929999997
7602000,2374.3444,14213.0398,62019.0128,-515735.0316,-437128.6346,-453716.01879999996
7603000,2374.3808,14171.6616,61585.1439,-515702.4262,-437571.2399,-454117.28229999996
7604000,2431.0033,14295.0786,61990.8733,-516167.0644,-437450.10919999995,-454176.1911
7605000,2372.9553,14273.1592,62183.7571,-516498.1736,-437668.30199999997,-454314.4165
7606000,2370.0667,14291.8842,62351.6507,-517651.63,-438638.0284,-455299.9793
7607000,2420.8731,14294.3533,62245.5762,-516747.8136,-437787.011,-454502.2374
7608000,2392.7464,14262.8141,61686.4149,-516011.1281,-437669.1527,-454324.7132
7609000,2386.0306,14209.6742,61817.8194,-516001.866,-437588.3418,-454184.0466
7610000,2384.0378,14157.513,62534.2756,-517180.6232,-438104.79679999995,-454646.3476
7611000,2354.5314,14242.4508,62082.7475,-515801.5742,-437121.8445,-453718.8267
7612000,2367.8369,14265.3746,62128.6661,-516751.5045,-437989.6269,-454622.8384
7613000,2375.5595,14307.1819,62613.0115,-517417.3379,-438121.58499999996,-454804.32639999996
7614000,2376.0765,14234.4544,62001.3937,-516222.7395,-437610.8149,-454221.3458
7615000,2363.0252,14302.3169,62328.8703,-516630.9781,-437636.7657,-454302.1078
7616000,2381.4694,14336.8044,62179.3515,-516727.7337,-437830.10839999997,-454548.3822
7617000,2410.7199,14231.8824,61491.4968,-515076.2423,-436942.1432,-453584.74549999996
7618000,2333.7091,14175.6476,61828.336,-515848.3603,-437510.6676,-454020.0243
7619000,2369.614,14230.8572,62083.7655,-516223.4571,-437539.2204,-454139.6916
7620000,2388.9832,14251.5493,62103.2647,-516793.9791,-438050.18189999997,-454690.7144
7621000,2385.6151,14316.3043,61509.7006,-515287.6068,-437075.9868,-453777.9062
7622000,2420.6499,14309.1596,62216.7435,-516610.6885,-437664.1355,-454393.945
7623000,2368.8506,14241.9936,61751.5253,-515448.1671,-437085.79760000005,-453696.64180000004
7624000,2377.0453,14200.0148,61510.1078,-515245.5001,-437158.3322,-453735.3923
7625000,2405.5886,14349.1406,61586.5122,-516129.7845,-437788.5431,-454543.2723
7626000,2396.6988,14366.1567,62118.799,-516526.6761,-437645.0216,-454407.8771
7627000,2367.3677,14299.0762,61986.9886,-516080.49,-437427.0575,-454093.5014
7628000,2354.7777,14297.5383,61684.2946,-515489.9635,-437153.3529,-453805.6689
7629000,2361.5351,14340.3534,61862.3461,-515971.2312,-437406.99659999995,-454108.88509999996
7630000,2361.0267,14344.8157,61834.6791,-515881.8782,-437341.3567,-454047.19909999997
7631000,2353.7256,14241.065,61328.6193,-514919.1193,-436995.70940000005,-453590.5
7632000,2380.6545,14362.2105,61729.5557,-515515.8138,-437043.3931,-453786.2581
7633000,2385.9003,14300.7861,61778.0939,-516390.8508,-437926.07050000003,-454612.75690000004
7634000,2366.2786,14283.761,62223.7832,-515893.8588,-437020.03599999996,-453670.0756
7635000,2393.4604,14344.7139,62140.6594,-516701.5979,-437822.7642,-454560.9385
7636000,2328.318,14242.3999,62167.0221,-516902.2982,-438164.5582,-454735.2761
7637000,2383.4536,14344.3277,61436.8046,-515703.314,-437538.7281,-454266.5094
7638000,2358.5833,14264.9363,61857.7856,-515996.9753,-437515.6701,-454139.1897
7639000,2383.9323,14414.0994,61765.2039,-516162.3309,-437599.0953,-454397.127
7640000,2381.0432,14348.1448,62334.7854,-516444.6905,-437380.7171,-454109.90510000003
7641000,2355.3711,14271.6611,61871.3048,-516407.2879,-437908.9509,-454535.9831
7642000,2385.3444,14353.8545,61753.7785,-516002.5426,-437509.56519999995,-454248.7641
7643000,2372.276,14310.6148,61778.6939,-515798.1617,-437336.577,-454019.4678
7644000,2359.994,14278.8464,61462.135,-515748.6324,-437647.657,-454286.4974
7645000,2410.8186,14238.5179,62243.2789,-516465.0969,-437572.4815,-454221.818
7646000,2387.3675,14360.9918,62149.146,-516397.2021,-437499.6968,-454248.0561
7647000,2398.1577,14239.5682,61859.1766,-515259.1741,-436762.2716,-453399.9975
7648000,2379.4569,14377.7062,62070.4178,-516409.8206,-437582.2397,-454339.4028
7649000,2413.2395,14302.0712,61657.5663,-515551.8469,-437178.9699,-453894.2806
7650000,2372.5057,14237.2926,61914.5551,-516209.3267,-437684.97329999995,-454294.7716
7651000,2406.0202,14330.8272,61915.4683,-516551.4614,-437899.1457,-454635.99309999996
7652000,2409.6969,14373.4031,61892.556,-516592.5233,-437916.86730000004,-454699.9673
7653000,2372.7841,14241.939,61867.3318,-516029.5055,-437547.45060000004,-454162.17370000004
7654000,2388.6937,14276.6811,62192.9989,-516833.0927,-437974.719,-454640.0938
7655000,2370.1533,14272.0082,62320.6951,-516991.4952,-438028.6386,-454670.8001
7656000,2384.2662,14352.0424,61906.2305,-516834.9531,-438192.414,-454928.7226
7657000,2365.6694,14309.1442,61572.7611,-515605.8412,-437358.2665,-454033.0801
7658000,2405.6085,14354.8045,62031.5405,-516876.0908,-438084.1373,-454844.5503
7659000,2347.9206,14289.1503,62007.0241,-516373.4874,-437729.3924,-454366.4633
7660000,2347.0139,14152.5512,61698.9316,-516285.8779,-438087.3812,-454586.9463
7661000,2400.0605,14272.3764,61845.7534,-515526.8403,-437008.64999999997,-453681.0869
7662000,2376.7776,14211.8379,61428.2249,-515316.4307,-437299.59030000004,-453888.2058
7663000,2379.5972,14308.6259,61738.0784,-515546.7375,-437120.436,-453808.6591
7664000,2385.7379,14285.225,61672.6977,-515520.4894,-437176.8288,-453847.7917
7665000,2365.6105,14297.0743,61939.9317,-515400.124,-436797.5075,-453460.1923
7666000,2344.0526,14236.5393,61297.3087,-514670.5224,-436792.6218,-453373.2137
7667000,2418.7923,14322.7947,62096.0965,-516414.206,-437576.5225,-454318.1095
7668000,2401.5147,14377.3174,61841.1966,-516315.0566,-437695.0279,-454473.86
7669000,2379.6631,14324.8321,61730.8106,-515997.2317,-437561.92590000003,-454266.42110000004
7670000,2379.5516,14318.1178,62544.0102,-516996.6112,-437754.9316,-454452.60099999997
7671000,2385.2335,14361.3554,62104.4334,-516830.3346,-437979.3123,-454725.9012
7672000,2401.0138,14338.5154,61904.3032,-516149.3347,-437505.5023,-454245.0315
7673000,2372.0109,14329.4498,61740.1888,-515751.0131,-437309.3636,-454010.8243
7674000,2389.7065,14240.4628,61563.8194,-515411.7428,-437217.7541,-453847.9234
7675000,2407.0651,14331.6837,62329.3296,-516991.6529,-437923.5745,-454662.3233
7676000,2381.1713,14388.394,62536.5308,-517016.7455,-437710.6494,-454480.2147
7677000,2378.1457,14253.2293,62562.5716,-517698.6146,-438504.66799999995,-455136.04299999995
7678000,2362.4306,14346.2538,62153.7073,-516132.9905,-437270.59880000004,-453979.2832
7679000,2388.0977,14252.8868,62091.5934,-516516.5863,-437784.00840000005,-454424.9929
7680000,2362.5933,14220.6239,61868.3286,-515386.6507,-436935.10490000003,-453518.3221
7681000,2387.299,14235.7651,62014.1782,-515734.6325,-437097.3902,-453720.4543
7682000,2420.6149,14220.7271,61763.4627,-515078.7119,-436673.9072,-453315.2492
7683000,2364.553,14269.423,61987.2369,-516158.061,-437536.84809999994,-454170.82409999997
7684000,2358.5928,14269.0046,61892.9295,-516155.4947,-437634.9678,-454262.56519999995
7685000,2368.3977,14398.162,62458.0124,-517120.071,-437895.4989,-454662.0586
7686000,2356.4095,14303.3166,62282.2826,-516367.5784,-437425.5697,-454085.2958
7687000,2381.0277,14250.8967,61885.3943,-515867.0798,-437349.7611,-453981.6855
7688000,2392.9039,14224.7761,61767.0272,-516076.8656,-437692.1584,-454309.8384
7689000,2374.1758,14295.6279,61597.4594,-515666.0597,-437398.7966,-454068.6003
7690000,2359.5841,14329.6263,62840.6126,-516852.1057,-437322.2827,-454011.4931
7691000,2371.1585,14460.8307,61956.0524,-515892.1897,-437104.1481,-453936.1373
7692000,2376.3158,14315.0268,61650.591,-515493.5897,-437151.6561,-453842.9987
7693000,2376.4431,14303.2774,62208.2889,-516153.594,-437265.5846,-453945.3051
7694000,2353.8429,14257.7595,62022.5016,-515816.8157,-437182.7117,-453794.31409999996
7695000,2379.7079,14391.5904,61815.4227,-515698.9836,-437112.26259999996,-453883.5609
7696000,2388.8679,14280.285,62037.4615,-516183.4719,-437476.85750000004,-454146.0104
7697000,2365.6746,14301.0361,61760.0273,-515859.2531,-437432.51509999996,-454099.22579999996
7698000,2351.8671,14298.73,62235.3131,-516165.7333,-437279.82310000004,-453930.42020000005
7699000,2399.8511,14257.8789,62573.7765,-516639.5155,-437408.00899999996,-454065.739
7700000,2354.5237,14220.0544,61592.9814,-515566.002,-437398.4425,-453973.0206
7701000,2379.5354,14255.4098,61460.822,-515354.9703,-437259.2031,-453894.1483
7702000,2375.6332,14306.6655,61929.8041,-516365.5052,-437753.4024,-454435.7011
7703000,2376.4102,14382.137,61347.4677,-514987.2842,-436881.2693,-453639.8165
7704000,2353.84,14195.8884,62174.7136,-516289.7921,-437565.35010000004,-454115.0785
7705000,2352.8513,14268.6372,62305.9898,-517484.4161,-438556.93779999996,-455178.4263
7706000,2387.8224,14351.7559,62297.4466,-517056.4928,-438019.4679,-454759.0462
7707000,2392.1591,14268.3742,62343.3971,-517003.4199,-437999.48949999997,-454660.0228
7708000,2324.2151,14380.4259,62306.3855,-516410.5359,-437399.50940000004,-454104.15040000004
7709000,2328.7919,14235.0447,61911.404,-516153.1016,-437677.861,-454241.6976
7710000,2363.0764,14262.0484,62352.7089,-516320.539,-437342.70530000003,-453967.8301
7711000,2401.278,14303.1408,61863.8518,-515542.0334,-436973.7628,-453678.1816
7712000,2390.5715,14320.1223,61889.3419,-515708.8702,-437108.8345,-453819.5283
7713000,2353.4315,14318.5204,62069.8573,-516180.7317,-437438.9225,-454110.8744
7714000,2335.1278,14300.2138,62443.0154,-516283.4449,-437205.08790000004,-453840.4295
7715000,2365.3287,14280.3004,62251.0338,-516066.409,-437169.7461,-453815.3752
7716000,2362.4623,14218.5803,61790.3253,-515523.4248,-437152.05689999997,-453733.0995
7717000,2367.4144,14279.3567,61214.4557,-514749.4033,-436888.1765,-453534.9476
7718000,2359.5156,14302.4722,61510.2276,-515218.6551,-437046.4397,-453708.4275
7719000,2353.7742,14227.2619,62390.22,-516097.3927,-437126.1366,-453707.1727
7720000,2349.8983,14293.7427,61950.8234,-516358.804,-437764.3396,-454407.9806
7721000,2382.1411,14273.0705,62302.1714,-516955.6523,-437998.26930000004,-454653.4809
7722000,2349.5361,14193.1608,62357.8758,-516704.0536,-437803.48089999997,-454346.1778
7723000,2355.186,14246.1303,61471.3826,-515772.2008,-437699.5019,-454300.8182
7724000,2370.7791,14405.6355,62118.4224,-516165.0999,-437270.2629,-454046.6775
7725000,2369.0765,14397.0851,62371.1139,-516547.0189,-437409.74340000004,-454175.905
7726000,2397.7905,14307.2019,61875.1726,-515876.3449,-437296.17990000005,-454001.17230000003
7727000,2393.6146,14198.0744,61624.0752,-515676.2838,-437460.5196,-454052.20859999995
7728000,2408.941,14206.1144,62349.2802,-516562.7981,-437598.4625,-454213.51790000004
7729000,2369.9669,14294.1631,62301.0369,-516917.7956,-437952.6287,-454616.7587
7730000,2384.8001,14352.8916,61517.2402,-515881.1931,-437626.26119999995,-454363.9529
7731000,2373.8738,14222.1064,62063.0514,-516815.4339,-438156.4023,-454752.3825
7732000,2330.6757,14317.4504,62207.3693,-516509.9214,-437654.426,-454302.5521
7733000,2399.6112,14275.9695,62167.1461,-516005.4394,-437162.71259999997,-453838.29329999996
7734000,2328.3435,14242.5238,61859.0763,-515748.7701,-437318.8265,-453889.6938
7735000,2362.4798,14389.4357,61646.051,-516433.5444,-438035.57790000003,-454787.49340000004
7736000,2414.9052,14291.867,62240.7926,-516354.4432,-437406.8784,-454113.6506
7737000,2353.3313,14245.3282,61985.4191,-516262.8034,-437678.72479999997,-454277.3843
7738000,2457.9527,14267.7435,61603.351,-515644.5647,-437315.51749999996,-454041.21369999996
7739000,2370.2288,14224.3757,61876.8862,-515745.2878,-437273.79709999997,-453868.4016
7740000,2412.971,14317.481,61713.7053,-515359.4337,-436915.2764,-453645.7284
7741000,2374.3024,14240.92,62235.2552,-516180.2833,-437329.8057,-453945.0281
7742000,2366.847,14326.1928,61883.8474,-516153.1961,-437576.3089,-454269.3487
7743000,2411.3378,14347.242,62203.755,-516133.8445,-437171.5097,-453930.0895
7744000,2394.5057,14276.8403,61766.0792,-515764.9554,-437327.5302,-453998.8762
7745000,2384.6496,14211.1356,62441.2331,-516911.4049,-437874.3866,-454470.1718
7746000,2373.8181,14365.6871,61835.4808,-516436.9749,-437861.9889,-454601.49409999995
7747000,2397.9537,14365.5066,62288.5398,-516900.7394,-437848.7393,-454612.19960000005
7748000,2342.7705,14323.2341,62030.0097,-516371.4138,-437675.39949999994,-454341.4041
7749000,2372.8433,14402.4339,61586.5028,-515510.7656,-437148.9856,-453924.26279999997
7750000,2340.1547,14263.3376,62276.4588,-516182.1755,-437302.2244,-453905.7167
7751000,2410.9739,14352.5561,61763.4056,-516260.0933,-437733.1577,-454496.6877
7752000,2368.6642,14317.9232,62349.2583,-516781.3885,-437745.5428,-454432.1302
7753000,2398.8814,14357.4902,61740.5409,-515567.4975,-437070.58499999996,-453826.9566
7754000,2384.4891,14334.6179,62067.1749,-516448.4672,-437662.1853,-454381.29230000003
7755000,2384.3961,14469.3947,62211.5176,-516555.8472,-437490.5388,-454344.3296
7756000,2401.4692,14272.2414,61861.3123,-515529.2477,-436994.2248,-453667.9354
7757000,2395.0615,14391.7569,62228.6276,-516474.5983,-437459.1523,-454245.9707
7758000,2401.6036,14304.9907,61999.6349,-516166.1633,-437459.9341,-454166.5284
7759000,2399.215,14369.7419,61622.5685,-515746.2268,-437354.7014,-454123.6583
7760000,2380.1073,14362.7231,61695.7199,-515716.4913,-437277.941,-454020.77139999997
7761000,2437.5942,14367.2281,62641.5787,-517096.5022,-437650.1012,-454454.9235
7762000,2412.6509,14320.0952,61485.856,-516105.3506,-437886.7485,-454619.4946
7763000,2337.5715,14251.5348,61960.8518,-516449.8906,-437899.9325,-454489.0388
7764000,2378.9882,14305.3502,62138.9364,-516820.0567,-437996.7819,-454681.1203
7765000,2396.1319,14322.0576,61623.2084,-515678.0427,-437336.6448,-454054.8343
7766000,2396.3496,14340.8171,61928.983,-515868.1052,-437201.9555,-453939.1222
7767000,2368.6151,14313.159,61374.6279,-515543.8095,-437487.4075,-454169.18159999995
7768000,2357.4121,14303.5778,62046.9063,-516131.3886,-437423.4924,-454084.48230000003
7769000,2384.1752,14270.0872,62054.5764,-516338.1318,-437629.29299999995,-454283.55539999995
7770000,2381.1931,14461.9799,61933.1782,-516055.2957,-437278.9445,-454122.1175
7771000,2391.1171,14355.8961,62360.2651,-516490.9049,-437383.6266,-454130.6398
7772000,2390.2516,14393.5259,61822.2753,-516109.7352,-437503.6824,-454287.4599
7773000,2392.5061,14246.7611,61343.9559,-515056.2041,-437072.98099999997,-453712.2482
7774000,2383.545,14348.7159,62219.7491,-516558.4706,-437606.4606,-454338.7215
7775000,2388.1556,14300.8278,61578.088,-516194.5465,-437927.4751,-454616.4585
7776000,2392.1866,14431.0378,61717.1801,-515571.4211,-437031.0166,-453854.241
7777000,2358.1181,14371.1075,61719.853,-516257.4657,-437808.3871,-454537.6127
7778000,2412.0305,14304.9016,61599.1925,-515509.9655,-437193.8409,-453910.773
7779000,2368.4051,14371.3461,62037.6982,-516544.0536,-437766.6042,-454506.3554
7780000,2386.1966,14270.9472,61427.7731,-515312.8178,-437227.9009,-453885.0447
7781000,2377.8341,14257.7301,62356.2089,-516843.5894,-437851.8163,-454487.38049999997
7782000,2403.3201,14309.9226,61957.3652,-516693.8304,-438023.2225,-454736.4652
7783000,2366.0815,14288.8546,61764.3777,-516261.8009,-437842.48709999997,-454497.42319999996
7784000,2366.4815,14332.2792,62209.0195,-516798.2352,-437890.45499999996,-454589.2157
7785000,2387.0724,14267.6349,62074.1392,-516608.9468,-437880.1003,-454534.8076
7786000,2377.3208,14391.7051,61796.5118,-515947.0338,-437381.4961,-454150.522
7787000,2397.2874,14366.063,62408.5467,-517539.5148,-438367.6177,-455130.9681
7788000,2400.8294,14362.3239,62380.365,-517047.6097,-437904.0914,-454667.2447
7789000,2371.6764,14260.876,61982.485,-515998.306,-437383.26859999995,-454015.821
7790000,2360.8802,14332.9286,61921.8582,-515428.9059,-436813.2389,-453507.0477
7791000,2409.1511,14317.105,62174.4963,-516198.6124,-437297.86,-454024.1161
7792000,2386.0892,14360.7728,61442.8945,-515594.9817,-437405.2252,-454152.0872
7793000,2385.6739,14349.376,62029.775,-515945.8366,-437181.0117,-453916.06159999996
7794000,2363.0178,14261.6579,62200.0556,-516578.0019,-437753.2706,-454377.94629999995
7795000,2412.1107,14270.628,62438.7916,-516718.7102,-437597.1799,-454279.9186
7796000,2340.2722,14319.372,62584.2506,-516695.9979,-437452.1031,-454111.74730000005
7797000,2349.3805,14311.5054,62296.3433,-516454.7245,-437497.4953,-454158.3812
7798000,2355.2715,14245.911,62022.1323,-515862.5529,-437239.2381,-453840.4206
7799000,2349.8972,14244.3353,62005.9233,-516315.7852,-437715.6294,-454309.86189999996
7800000,2387.876,14380.6094,62011.2953,-516388.6052,-437608.8245,-454377.3099
7801000,2342.3828,14246.6161,62375.365,-516032.0763,-437067.7124,-453656.7113
7802000,2338.1638,14284.3843,62229.6943,-516722.4494,-437870.207,-454492.75509999995
7803000,2334.3761,14264.7178,61943.0239,-515856.3899,-437314.2721,-453913.36600000004
7804000,2402.6222,14376.3887,62599.4815,-517927.9592,-438549.4668,-455328.4777
7805000,2352.9398,14222.6632,62127.6901,-516388.9675,-437685.6744,-454261.2774
7806000,2366.7652,14289.3109,61813.256,-516076.796,-437607.4639,-454263.54
7807000,2410.3403,14354.4296,61659.1547,-515673.7393,-437249.8147,-454014.5846
7808000,2394.0668,14260.4977,61848.349,-515608.0096,-437105.09609999997,-453759.6606
7809000,2345.2475,14230.9809,62083.1096,-516501.4667,-437842.1287,-454418.35709999996
7810000,2376.0651,14291.314,62919.0759,-517728.4154,-438141.9604,-454809.3395
7811000,2404.6339,14304.7313,62536.1725,-517295.4093,-438049.8716,-454759.2368
7812000,2335.6761,14312.5039,62250.8771,-517555.0376,-438655.98049999995,-455304.1605
7813000,2355.8697,14229.7662,62233.3172,-517002.7234,-438183.77030000003,-454769.4062
7814000,2377.4339,14318.6452,61986.449,-516184.952,-437502.4239,-454198.50299999997
7815000,2394.6528,14331.767,62020.3857,-516537.7997,-437790.99419999996,-454517.414
7816000,2420.0752,14367.4246,61968.2759,-516173.1973,-437417.4216,-454204.9214
7817000,2373.4037,14337.5192,61507.8044,-515198.161,-436979.43370000005,-453690.3566
7818000,2369.0158,14356.368,61658.5988,-515318.3888,-436934.4062,-453659.79000000004
7819000,2390.3104,14268.3737,62551.5714,-516768.8865,-437558.63100000005,-454217.3151
7820000,2388.7866,14297.642,61706.9907,-515498.6724,-437105.2531,-453791.68169999996
7821000,2384.9338,14258.0305,61748.9707,-515305.4606,-436913.5256,-453556.4899
7822000,2365.0858,14292.9624,61328.7893,-515441.1562,-437454.31870000006,-454112.3669
7823000,2418.5656,14353.7,61411.6504,-515220.2136,-437036.29760000005,-453808.56320000003
7824000,2354.7932,14255.0817,62062.8357,-516293.4199,-437620.7093,-454230.5842
7825000,2386.4679,14288.4794,62046.2354,-515950.1777,-437228.995,-453903.9423
7826000,2376.0177,14287.3523,62529.9894,-516813.7676,-437620.4082,-454283.7782
7827000,2380.7566,14338.6705,61766.2405,-516045.8399,-437560.17230000003,-454279.5994
7828000,2349.1609,14307.2369,62034.9791,-516442.6155,-437751.23860000004,-454407.6364
7829000,2389.3049,14294.956,61610.4651,-515561.6367,-437266.9107,-453951.1716
7830000,2399.4813,14287.8265,61776.8503,-515268.6221,-436804.464,-453491.7718
7831000,2364.1728,14283.5691,62020.6086,-516144.3935,-437476.043,-454123.7849
7832000,2397.221,14297.3291,61802.4326,-515505.0097,-437008.027,-453702.5771
7833000,2351.6644,14238.0394,61806.5074,-515583.7247,-437187.5135,-453777.2173
7834000,2378.6318,14324.1247,61639.0122,-515730.3616,-437388.5929,-454091.3494
7835000,2388.2968,14335.0272,62713.7402,-517011.7259,-437574.66170000006,-454297.9857
7836000,2390.9692,14196.1124,62718.7815,-516678.4757,-437372.6126,-453959.6942
7837000,2391.1171,14270.0555,62380.4678,-516804.4124,-437762.772,-454423.9446
7838000,2371.7353,14235.0988,61972.234,-516097.0859,-437518.01780000003,-454124.8519
7839000,2373.6169,14344.0295,61800.815,-515967.6882,-437449.22679999995,-454166.8732
7840000,2383.6058,14327.3909,62322.1832,-517161.3666,-438128.1867,-454839.1834
7841000,2343.8342,14289.8574,62117.8699,-516741.331,-437989.7695,-454623.4611
7842000,2358.3699,14234.5048,62176.0125,-516529.0991,-437760.2119,-454353.0866
7843000,2365.0009,14317.9213,61877.403,-516825.3291,-438265.0039,-454947.9261
7844000,2395.8927,14382.064,61786.4763,-515880.5142,-437316.08119999996,-454094.0379
7845000,2377.8688,14391.3926,62369.9978,-516604.8192,-437465.56000000006,-454234.8214
7846000,2359.7284,14349.1859,61710.7618,-516180.2624,-437760.5863,-454469.5006
7847000,2383.1703,14301.3769,61570.7619,-515767.8848,-437512.5757,-454197.1229
7848000,2362.9151,14403.0594,62500.8146,-516444.4445,-437177.6554,-453943.6299
7849000,2385.8728,14318.7741,61594.5674,-515531.3973,-437232.183,-453936.8299
7850000,2356.0549,14295.4191,61616.9142,-515276.2483,-437007.8601,-453659.3341
7851000,2372.2069,14367.834,62370.065,-516841.2132,-437731.10730000003,-454471.1482
7852000,2379.1921,14292.693,61941.6292,-516016.5012,-437402.9869,-454074.872
7853000,2380.5262,14322.9403,62413.2666,-517162.2312,-438045.49809999997,-454748.96459999995
7854000,2385.7856,14267.9621,62330.983,-516445.4792,-437460.7485,-454114.4962
7855000,2356.9324,14166.7598,62166.4279,-516594.9191,-437904.799,-454428.4912
7856000,2385.2037,14305.1068,61218.833,-514889.5871,-436980.4436,-453670.7541
7857000,2372.7783,14288.4391,62298.4603,-516267.9932,-437308.3155,-453969.53290000005
7858000,2380.3855,14273.0225,62063.1236,-516218.1698,-437501.6382,-454155.0462
7859000,2376.8402,14290.9102,62161.6471,-516219.9459,-437390.54839999997,-454058.2988
7860000,2370.0026,14303.438,61295.2836,-515160.4005,-437191.6763,-453865.11689999996
7861000,2384.4624,14317.9509,62366.5005,-516706.1676,-437637.25379999995,-454339.66709999996
7862000,2370.4249,14330.2999,62151.877,-516194.6238,-437342.022,-454042.7468
7863000,2378.888,14338.1231,61830.7008,-516065.2882,-437517.5763,-454234.5874
7864000,2380.6113,14238.2813,62036.0833,-516486.8279,-437831.85199999996,-454450.7446
7865000,2323.4371,14277.361,61487.1637,-515692.0176,-437604.05580000003,-454204.85390000005
7866000,2342.4159,14241.961,62388.28,-517200.7558,-438228.0989,-454812.4758
7867000,2363.3685,14386.0829,61356.0845,-515201.4279,-437095.892,-453845.3434
7868000,2359.2732,14351.4347,61873.1112,-515706.3125,-437122.49340000004,-453833.2013
7869000,2377.144,14389.8824,62210.0959,-516584.404,-437607.2817,-454374.30809999997
7870000,2355.6491,14344.9786,61951.4701,-516296.5071,-437644.4093,-454345.037
7871000,2357.3809,14276.413,61889.5906,-516260.1386,-437736.7541,-454370.548
7872000,2375.4869,14191.5195,61906.8207,-516409.5474,-437935.7203,-454502.7267
7873000,2400.2795,14412.9297,62311.5253,-516902.8656,-437778.1311,-454591.34030000004
7874000,2368.2426,14311.5405,62294.658,-516471.0682,-437496.6271,-454176.4102
7875000,2404.8611,14211.2795,61585.5888,-515392.7498,-437191.0204,-453807.16099999996
7876000,2387.859,14289.3511,62321.041,-516387.8378,-437389.5867,-454066.7968
7877000,2377.2907,14266.0434,62214.3036,-515837.0171,-436979.3794,-453622.7135
7878000,2368.8479,14356.2613,62349.1209,-516685.5746,-437611.3445,-454336.4537
7879000,2357.9295,14262.3539,61796.6839,-515560.3425,-437143.3752,-453763.6586
7880000,2370.6342,14280.1715,62230.9024,-516408.5214,-437526.81330000004,-454177.619
7881000,2410.8378,14298.3832,62382.9493,-516130.816,-437038.6457,-453747.8667
7882000,2348.3796,14302.5373,62151.1995,-516135.6247,-437333.5083,-453984.4252
7883000,2390.9418,14241.1269,62659.0067,-516914.614,-437623.53859999997,-454255.60730000003
7884000,2411.9193,14342.0893,61710.3949,-516283.2796,-437818.8761,-454572.8847
7885000,2374.5676,14222.9416,62182.2848,-516240.7761,-437460.9821,-454058.4913
7886000,2353.6871,14232.9777,61997.6706,-516209.0534,-437624.718,-454211.38279999996
7887000,2400.2258,14230.2716,62009.2404,-516365.4389,-437725.7011,-454356.1985
7888000,2360.1199,14318.0254,62331.0233,-516720.3239,-437711.1553,-454389.3006
7889000,2405.5071,14269.6817,62092.3714,-516553.9778,-437786.4176,-454461.6064
7890000,2377.2468,14421.5097,61675.9959,-515933.5355,-437458.7831,-454257.5396
7891000,2364.6782,14361.2832,61627.3142,-516349.927,-437996.65140000003,-454722.6128
7892000,2390.0261,14235.1251,61785.9843,-515675.8802,-437264.74470000004,-453889.8959
7893000,2389.242,14366.5553,62321.2776,-516559.556,-437482.4811,-454238.27839999995
7894000,2369.5091,14304.5594,61843.6002,-515877.392,-437359.72329999995,-454033.7918
7895000,2345.3296,14279.7005,62369.2061,-516780.1093,-437785.8731,-454410.9032
7896000,2412.288,14408.0809,61970.3549,-516465.6475,-437674.92370000004,-454495.29260000004
7897000,2365.1983,14267.7168,61971.2001,-516438.7281,-437834.6129,-454467.528
7898000,2393.8385,14229.4825,61592.0542,-515204.0955,-436988.7203,-453612.0413
7899000,2422.4393,14289.7514,61716.8993,-515366.7677,-436937.6777,-453649.86840000004
7900000,2383.6485,14277.1731,62025.9861,-516196.6321,-437509.8244,-454170.646
7901000,2363.5429,14192.2632,62025.3604,-515802.4017,-437221.2352,-453777.0413
7902000,2388.3229,14240.164,62082.2093,-516385.6831,-437674.9869,-454303.47380000004
7903000,2374.5507,14287.8589,62066.4014,-516162.6245,-437433.8135,-454096.22309999994
7904000,2394.0959,14253.4659,61557.1302,-515978.3235,-437773.6315,-454421.1933
7905000,2402.7943,14247.2527,61755.8037,-516477.4899,-438071.6392,-454721.6862
7906000,2381.2086,14327.2758,62154.6799,-517148.7513,-438285.587,-454994.0714
7907000,2381.7794,14244.6362,62120.5043,-516156.6368,-437409.7169,-454036.13249999995
7908000,2402.8807,14331.7174,62160.5506,-516566.9002,-437671.75149999995,-454406.34959999996
7909000,2346.2856,14333.7117,61716.4032,-515389.7954,-436993.3949,-453673.3922
7910000,2376.6957,14267.0548,61869.7717,-516007.7196,-437494.1974,-454137.9479
7911000,2403.1385,14266.4908,61985.6017,-515979.865,-437324.63399999996,-453994.2633
7912000,2384.352,14307.1184,61973.0282,-515913.3309,-437248.8323,-453940.3027
7913000,2392.7549,14283.9715,61981.9539,-516114.1286,-437455.4483,-454132.1747
7914000,2384.6285,14313.093,62208.6924,-516212.5863,-437306.17240000004,-454003.8939
7915000,2340.1261,14233.0775,62459.2553,-516465.0819,-437432.623,-454005.8266
7916000,2353.6914,14268.1746,61815.2183,-516133.8281,-437696.7438,-454318.6098
7917000,2385.3561,14280.6204,61397.0711,-515276.2093,-437213.1617,-453879.1382
7918000,2407.8062,14285.8236,61651.5801,-515477.7684,-437132.5585,-453826.1883
7919000,2382.145,14261.9154,61831.3706,-515685.5764,-437210.14540000004,-453854.2058
7920000,2376.44,14285.084,61879.7808,-516441.4728,-437900.168,-454561.692
7921000,2395.9034,14352.5042,62026.2873,-515913.9083,-437139.2134,-453887.621
7922000,2365.7897,14265.9862,61916.4769,-515639.3143,-437091.0615,-453722.8374
7923000,2402.0988,14265.1637,62292.5982,-516854.1514,-437894.29069999995,-454561.55319999997
7924000,2384.7287,14266.7962,61714.0838,-515960.5502,-437594.9415,-454246.4664
7925000,2391.2399,14351.0347,61945.586,-515858.1255,-437170.2649,-453912.5395
7926000,2363.8315,14365.2038,62140.3522,-516667.0179,-437797.63039999997,-454526.66569999995
7927000,2392.9963,14289.9621,62272.8289,-515756.0755,-436800.28819999995,-453483.24659999995
7928000,2369.3578,14223.106,62094.7478,-516584.2174,-437897.00580000004,-454489.4696
7929000,2376.598,14174.6486,61877.9985,-515525.1301,-437095.885,-453647.1316
7930000,2357.6672,14302.1296,62049.2722,-516785.1031,-438076.0341,-454735.8309
7931000,2392.1421,14295.1316,61862.6113,-515748.4672,-437198.5822,-453885.8559
7932000,2342.5637,14213.639,61887.1268,-515686.8545,-437243.525,-453799.72770000005
7933000,2385.3313,14203.7431,62108.4423,-516281.5952,-437584.07849999995,-454173.1529
7934000,2387.1264,14308.6801,62315.9708,-516511.1337,-437499.3564,-454195.1629
7935000,2378.3589,14245.4414,62016.3369,-515969.4524,-437329.3152,-453953.1155
7936000,2379.2113,14159.3235,61847.8273,-515820.5306,-437434.1685,-453972.7033
7937000,2409.5932,14372.3279,62407.9911,-516740.1525,-437550.24030000006,-454332.16140000004
7938000,2386.5781,14309.8314,62541.7482,-517156.3454,-437918.1877,-454614.59719999996
7939000,2392.1617,14258.9826,61843.2979,-515556.3981,-437061.9559,-453713.1002
7940000,2358.4413,14386.1898,61712.2108,-515783.5341,-437326.6922,-454071.3233
7941000,2381.3019,14301.8272,62351.8946,-517086.3656,-438051.3419,-454734.471
7942000,2368.2885,14214.638,62390.0456,-516467.8331,-437494.861,-454077.7875
7943000,2377.1608,14236.764,61895.5561,-516038.2859,-437528.80500000005,-454142.72980000003
7944000,2387.3219,14266.4679,62057.7014,-515799.6904,-437088.19920000003,-453741.989
7945000,2388.2407,14244.7307,61712.651,-516076.6045,-437730.9821,-454363.9535
7946000,2417.9491,14339.2896,62439.1619,-516894.1378,-437697.73720000003,-454454.9759
7947000,2352.832,14254.5948,62341.5306,-516739.6097,-437790.65229999996,-454398.0791
7948000,2366.2833,14386.9866,61903.7201,-516218.325,-437561.335,-454314.60490000003
7949000,2401.4426,14248.3711,61721.749,-515666.022,-437294.4593,-453944.273
7950000,2373.4041,14397.7001,62248.5469,-516678.221,-437658.5699,-454429.6741
7951000,2398.8893,14339.8068,62346.6782,-516798.0702,-437712.69590000005,-454451.392
7952000,2382.5716,14257.9718,61778.5779,-515930.9168,-437511.7955,-454152.33890000003
7953000,2361.6369,14266.182,62093.1381,-516341.0929,-437620.1359,-454247.9548
7954000,2364.6058,14132.7946,62087.7551,-516194.0901,-437608.9346,-454106.33499999996
7955000,2353.9888,14214.3715,61528.8879,-515353.2474,-437255.99919999996,-453824.3595
7956000,2366.7146,14323.3145,61921.5087,-515998.0037,-437386.4659,-454076.495
7957000,2386.1642,14243.1813,62069.8161,-516013.425,-437314.2634,-453943.6089
7958000,2363.0153,14235.0946,62319.745,-516766.0021,-437848.1472,-454446.2571
7959000,2366.3243,14288.1265,62156.5802,-516717.3135,-437906.2825,-454560.73329999996
7960000,2374.6926,14234.2858,62101.549,-516224.17,-437513.6426,-454122.621
7961000,2371.096,14369.4988,61693.6283,-515391.6019,-436957.3788,-453697.9736
7962000,2370.7803,14325.2125,62116.5737,-515960.358,-437147.7915,-453843.7843
7963000,2375.7041,14279.291,61841.8543,-516138.1555,-437641.3061,-454296.3012
7964000,2371.5945,14290.2717,62073.97,-516256.2603,-437520.4241,-454182.2903
7965000,2361.5838,14368.5459,61858.7552,-516077.6507,-437488.7658,-454218.8955
7966000,2367.0464,14354.2685,62328.5549,-517436.2586,-438386.3888,-455107.7037
7967000,2362.2853,14348.862,61913.8412,-517076.953,-438451.9645,-455163.11179999996
7968000,2384.922,14290.357,62559.2163,-517471.0635,-438236.5682,-454911.84719999996
7969000,2388.3914,14383.1522,62617.4968,-517588.8697,-438199.8293,-454971.37289999996
7970000,2399.0749,14298.2131,62124.9244,-516227.8361,-437405.6237,-454102.9117
7971000,2356.658,14389.5455,62282.5707,-516313.0362,-437284.262,-454030.4655
7972000,2368.6107,14364.1369,61812.7588,-515684.6162,-437139.1098,-453871.8574
7973000,2396.4261,14228.1598,62194.6761,-516485.6272,-437666.3652,-454290.9511
7974000,2381.821,14280.8191,61544.2231,-515292.8025,-437085.93929999997,-453748.5794
7975000,2411.5158,14293.5797,61744.0951,-515904.2852,-437455.09459999995,-454160.1901
7976000,2384.4299,14326.1986,61777.2853,-516371.5473,-437883.6335,-454594.262
7977000,2370.8825,14279.5812,62138.7819,-516777.2016,-437987.956,-454638.41969999997
7978000,2378.4003,14299.1317,62392.2456,-517074.9286,-438005.15099999995,-454682.68299999996
7979000,2390.892,14258.5483,62618.5376,-517593.0561,-438325.0782,-454974.5185
7980000,2377.578,14201.6634,62864.938,-517294.5827,-437850.4033,-454429.6447
7981000,2343.6567,14202.2545,61952.5385,-516400.4892,-437902.0395,-454447.9507
7982000,2398.6967,14380.3378,62597.3233,-517021.5023,-437645.1445,-454424.179
7983000,2363.6869,14226.4931,62201.3148,-516436.1699,-437644.6751,-454234.8551
7984000,2367.764,14258.5892,62140.3961,-516544.9399,-437778.1906,-454404.5438
7985000,2362.5145,14242.5353,61962.9115,-515791.0582,-437223.0969,-453828.14670000004
7986000,2373.6813,14293.4925,61513.9701,-515515.5626,-437334.41870000004,-454001.5925
7987000,2372.7068,14330.6383,61544.6733,-515689.9815,-437441.9631,-454145.30819999997
7988000,2377.3442,14361.2756,61624.2399,-515769.4382,-437406.57849999995,-454145.1983
7989000,2357.997,14246.6461,62151.5427,-516127.2687,-437371.08290000004,-453975.726
7990000,2362.3639,14243.2168,62350.046,-516545.2495,-437589.6228,-454195.20349999995
7991000,2333.5956,14300.1511,61761.9047,-516194.3973,-437798.7459,-454432.4926
7992000,2396.1294,14320.0621,62201.9524,-517136.3742,-438218.23030000005,-454934.4218
7993000,2362.5744,14216.4885,62215.4186,-516629.0055,-437834.52400000003,-454413.58690000005
7994000,2385.0373,14295.8908,62260.4955,-516976.4909,-438035.0673,-454715.99539999996
7995000,2365.0685,14376.017,61483.3646,-515000.4522,-436776.0021,-453517.08759999997
7996000,2393.7971,14142.5364,62069.2772,-515812.7829,-437207.17220000003,-453743.5057
7997000,2355.5686,14251.5339,61940.2915,-516488.9796,-437941.5856,-454548.6881
7998000,2380.8352,14214.8895,61431.9775,-515714.8443,-437687.1421,-454282.8668
7999000,2394.5605,14290.7393,62123.0778,-516598.8243,-437790.4467,-454475.7465
8000000,2365.8707,14283.8338,61666.3063,-515987.0894,-437671.0786,-454320.7831
8001000,2367.2878,14299.8525,61779.331,-516102.3533,-437655.882,-454323.0223
8002000,2374.2706,14272.9409,62101.7205,-516080.4455,-437331.5135,-453978.725
8003000,2379.4486,14254.9066,62188.7776,-515585.5963,-436762.46349999995,-453396.81869999995
8004000,2391.174,14361.2333,61574.3452,-514918.6903,-436591.9378,-453344.34510000004
8005000,2357.6758,14224.7299,61570.7738,-515202.3108,-437049.1313,-453631.53699999995
8006000,2338.7256,14186.2736,62109.8348,-515477.4341,-436842.60010000004,-453367.5993
8007000,2394.8619,14297.1864,61404.8413,-515618.1223,-437521.2327,-454213.28099999996
8008000,2374.6212,14338.8346,62106.5546,-516721.4532,-437901.44279999996,-454614.89859999996
8009000,2364.2499,14299.9206,62411.8229,-517128.2944,-438052.301,-454716.4715
8010000,2388.3814,14340.6987,62073.2021,-516403.4207,-437601.1385,-454330.2186
8011000,2350.8231,14283.3941,61493.4719,-515455.3556,-437327.66650000005,-453961.8837
8012000,2386.9337,14291.4657,62097.1287,-515859.8387,-437084.3106,-453762.71
8013000,2403.4144,14353.7931,61647.7938,-515296.1284,-436891.1271,-453648.3346
8014000,2349.5465,14269.3692,62365.3749,-516960.4853,-437976.1947,-454595.1104
8015000,2378.3281,14264.954,61859.5146,-516679.9466,-438177.1499,-454820.43200000003
8016000,2347.4649,14280.7264,61557.7073,-516004.415,-437818.51639999996,-454446.70769999997
8017000,2369.7555,14377.5427,62222.7204,-516756.9762,-437786.95759999997,-454534.2558
8018000,2373.5663,14180.1946,62105.1758,-516120.7146,-437461.7779,-454015.5388
8019000,2339.9009,14306.7798,62045.4599,-516295.5035,-437603.3629,-454250.0436
8020000,2364.1263,14158.1639,61978.5099,-515806.9559,-437306.1558,-453828.446
8021000,2389.9376,14269.647,62084.5126,-515773.3501,-437029.25289999996,-453688.83749999997
8022000,2343.1617,14340.1006,62186.9117,-516077.8742,-437207.7002,-453890.9625
8023000,2386.1351,14237.2745,62354.5919,-516620.3734,-437642.37189999997,-454265.7815
8024000,2391.213,14425.0785,61870.2313,-516344.4137,-437657.8909,-454474.1824
8025000,2362.9109,14245.5551,62210.7294,-516430.9584,-437611.76300000004,-454220.229
8026000,2381.2614,14246.7073,61866.5299,-515937.9204,-437443.4218,-454071.3905
8027000,2404.957,14319.5878,62037.0628,-515882.1116,-437120.504,-453845.0488
8028000,2395.4113,14361.7388,62210.0615,-516251.7203,-437284.5087,-454041.6588
8029000,2344.244,14204.4099,62075.8637,-516445.5669,-437821.04929999996,-454369.7032
8030000,2360.38,14285.022,62151.2357,-516083.2596,-437286.6219,-453932.0239
8031000,2377.5213,14307.4254,62158.5791,-516042.2577,-437198.7319,-453883.6786
8032000,2375.987,14190.8517,61685.4923,-515488.2122,-437235.8812,-453802.7199
8033000,2379.46,14229.6041,61774.3436,-515954.9975,-437571.5898,-454180.6539
8034000,2383.5917,14323.9158,61962.7463,-516273.8939,-437603.6401,-454311.1476
8035000,2364.4568,14381.6739,62112.4695,-516744.9754,-437886.3752,-454632.5059
8036000,2396.9356,14242.4872,62455.7807,-516052.221,-436957.0175,-453596.4403
8037000,2418.8991,14309.7484,61484.2525,-515440.5352,-437227.6352,-453956.2827
8038000,2370.4413,14215.3136,61529.7829,-515807.5473,-437692.0095,-454277.7644
8039000,2395.9345,14354.313,62085.5364,-516215.9571,-437380.1732,-454130.4207
8040000,2394.4423,14347.7491,62119.7049,-516070.9251,-437209.0288,-453951.2202
8041000,2346.371,14266.3002,61989.2012,-515993.4887,-437391.6163,-454004.2875
8042000,2371.7681,14350.0908,61886.6874,-516229.9209,-437621.37460000004,-454343.23350000003
8043000,2371.314,14203.6332,62072.299,-515670.6158,-437023.36960000003,-453598.31680000003
8044000,2398.2702,14276.1838,61741.4203,-515399.6649,-436983.79059999995,-453658.2446
8045000,2365.7586,14276.3983,61900.6462,-516698.5,-438155.6969,-454797.8538
8046000,2366.1507,14251.6744,61948.2792,-516493.1804,-437927.0761,-454544.9012
8047000,2391.231,14357.7229,61846.8116,-516268.5136,-437672.74809999997,-454421.702
8048000,2349.7518,14353.7945,62137.2401,-516860.3675,-438019.58109999995,-454723.1274
8049000,2363.3335,14340.1679,62270.5992,-516490.6494,-437516.5488,-454220.0502
8050000,2382.5691,14271.9221,62377.9361,-516687.4126,-437654.9853,-454309.4765
8051000,2350.4315,14179.3002,62565.5392,-517239.747,-438144.47609999997,-454674.2078
8052000,2394.7393,14256.1796,61852.6134,-516240.9831,-437737.4508,-454388.36970000004
8053000,2358.4383,14231.8217,61999.6359,-516486.5964,-437896.7005,-454486.9605
8054000,2362.8803,14377.0038,61862.0432,-516009.554,-437407.6267,-454147.5108
8055000,2376.4658,14317.9738,61832.032,-515589.5925,-437063.12090000004,-453757.5605
8056000,2384.7036,14232.2353,61860.9033,-516298.7492,-437820.907,-454437.8459
8057000,2384.1981,14223.6817,62282.4172,-517073.1427,-438182.8457,-454790.7255
8058000,2369.4616,14177.5846,62529.016,-517724.5366,-438648.4744,-455195.5206
8059000,2414.0301,14328.7137,62192.001,-516281.5273,-437346.78250000003,-454089.5263
8060000,2372.2135,14259.6658,61924.1407,-516569.7075,-438013.6875,-454645.56680000003
8061000,2352.5168,14360.8599,62520.2971,-516792.6104,-437558.9366,-454272.3133
8062000,2366.0086,14262.5518,62407.6347,-516871.0884,-437834.8933,-454463.4537
8063000,2357.441,14334.6703,61906.3958,-516419.146,-437820.6389,-454512.7502
8064000,2358.4316,14290.0783,61932.8001,-516575.2739,-437993.9639,-454642.4738
8065000,2361.9087,14186.1543,61967.8105,-515905.1677,-437389.2942,-453937.35719999997
8066000,2361.412,14198.9638,62324.7124,-516210.4996,-437325.4114,-453885.78719999996
8067000,2363.9745,14237.9914,61727.4782,-515197.2761,-436867.83200000005,-453469.7979
8068000,2377.1299,14253.0846,61760.5524,-515531.8892,-437141.1223,-453771.3368
8069000,2388.7627,14396.4928,61946.6532,-516016.2719,-437284.3632,-454069.6187
8070000,2373.6816,14298.1135,62222.3513,-516342.7012,-437448.55480000004,-454120.34990000003
8071000,2366.4248,14314.1272,62017.4232,-516136.2704,-437438.2952,-454118.84719999996
8072000,2352.0578,14185.3532,61822.7074,-515826.683,-437466.56460000004,-454003.9756
8073000,2356.0626,14301.4667,62390.0856,-517128.102,-438080.4871,-454738.0164
8074000,2379.3518,14265.8625,62089.0484,-516386.037,-437651.77430000005,-454296.98860000004
8075000,2383.26,14328.7342,62190.5184,-516252.8031,-437350.2905,-454062.2847
8076000,2390.3683,14383.582,61836.6163,-515868.9015,-437258.33489999996,-454032.2852
8077000,2414.7311,14261.6628,61602.4921,-515079.2828,-436800.3968,-453476.7907
8078000,2397.8082,14277.9083,62385.4469,-516952.5145,-437891.35109999997,-454567.0676
8079000,2347.4315,14331.8361,62236.2353,-516117.6184,-437202.11549999996,-453881.3831
8080000,2348.7793,14280.1065,62603.3481,-516840.7,-437608.4661,-454237.3519
8081000,2409.6462,14313.7128,62117.609,-516123.9832,-437283.0152,-454006.3742
8082000,2367.2914,14338.3482,62019.6637,-515953.2753,-437227.97199999995,-453933.6116
8083000,2354.7148,14344.1902,61807.1553,-516755.9772,-438249.9169,-454948.82190000004
8084000,2381.0912,14375.4567,62233.5682,-516224.2852,-437234.1691,-453990.717
8085000,2386.8159,14415.1653,61679.9409,-516518.5269,-438036.6048,-454838.586
8086000,2355.8481,14288.9908,61992.8924,-515997.6217,-437359.89040000003,-454004.7293
8087000,2377.4805,14365.4962,61790.4194,-515983.3305,-437449.93439999997,-454192.91109999997
8088000,2396.4344,14339.0845,61852.0687,-515924.4344,-437336.84680000006,-454072.3657
8089000,2389.8881,14222.9657,61913.4065,-515890.3888,-437364.1285,-453976.98230000003
8090000,2372.9602,14258.7258,62305.6746,-517382.9564,-438445.5958,-455077.2818
8091000,2367.6641,14203.8883,62511.1579,-517093.601,-438010.8907,-454582.44310000003
8092000,2371.4284,14243.8404,62294.0659,-517264.6674,-438355.33269999997,-454970.6015
8093000,2375.5303,14335.1953,61970.0885,-516325.4519,-437644.6378,-454355.3634
8094000,2409.9385,14243.5449,62474.6009,-517025.3545,-437897.2702,-454550.7536
8095000,2380.7188,14328.3393,62640.3416,-516895.3116,-437545.9119,-454254.97000000003
8096000,2345.7981,14292.2482,62470.4249,-516624.1036,-437515.6324,-454153.6787
8097000,2353.822,14287.2738,61585.5421,-515591.8819,-437365.24399999995,-454006.33979999996
8098000,2360.6502,14313.1714,61771.0424,-516356.6331,-437911.7691,-454585.5907
8099000,2371.3428,14366.1403,62081.3368,-516686.1774,-437867.3575,-454604.8406
8100000,2366.0307,14323.4681,61708.5327,-515527.1128,-437129.08129999996,-453818.5801
8101000,2365.0963,14286.2865,61513.5468,-515449.8821,-437284.9525,-453936.3353
8102000,2364.2959,14289.1329,61659.6123,-515834.3777,-437521.33660000004,-454174.76540000003
8103000,2399.0146,14311.333,61980.5883,-516398.1351,-437707.19920000003,-454417.5468
8104000,2374.0937,14328.9484,61914.0838,-516120.7647,-437503.6388,-454206.6809
8105000,2375.8246,14445.231,61793.6346,-515905.071,-437290.3808,-454111.4364
8106000,2363.6182,14356.9424,61690.7658,-516056.6026,-437645.27619999996,-454365.8368
8107000,2354.1178,14353.1036,62297.2204,-517003.0647,-437998.62289999996,-454705.8443
8108000,2346.8541,14330.3368,61537.0596,-515666.9941,-437452.74360000005,-454129.93450000003
8109000,2349.262,14268.4329,61796.4983,-515828.9092,-437414.716,-454032.4109
8110000,2358.1725,14463.354,62046.355,-516323.4707,-437455.5892,-454277.1157
8111000,2396.2191,14408.3433,62316.2983,-516765.2008,-437644.3401,-454448.90249999997
8112000,2358.6419,14284.1208,61713.0773,-515975.7072,-437619.8672,-454262.6299
8113000,2338.5352,14336.3507,61668.2711,-515841.2962,-437498.1392,-454173.02509999997
8114000,2361.1818,14339.3363,62330.2407,-516676.5474,-437645.78859999997,-454346.30669999996
8115000,2378.7778,14319.8597,62253.8196,-516449.2204,-437496.7633,-454195.4008
8116000,2379.142,14238.8818,61809.3119,-516563.9949,-438136.6592,-454754.68299999996
8117000,2380.0246,14285.9598,62125.5365,-516366.4316,-437574.9107,-454240.8951
8118000,2369.7972,14263.5154,61952.1762,-516338.5463,-437753.0575,-454386.3701
8119000,2370.0589,14339.3136,62182.9495,-515987.742,-437095.42000000004,-453804.79250000004
8120000,2336.3445,14353.2879,61816.0409,-516452.6613,-437946.988,-454636.62039999996
8121000,2364.1778,14363.854,62206.9606,-517303.4357,-438368.4433,-455096.4751
8122000,2355.941,14231.2457,62083.5316,-516247.8899,-437577.1716,-454164.3583
8123000,2378.2443,14332.7754,61604.7527,-515972.2279,-437656.4555,-454367.4752
8124000,2411.1935,14241.962,61802.2137,-516004.578,-437549.20879999996,-454202.36429999996
8125000,2363.7536,14296.4716,62249.1718,-516496.1274,-437586.7304,-454246.9556
8126000,2371.5369,14176.5818,62130.8724,-516362.8703,-437683.8792,-454231.9979
8127000,2408.6108,14309.6854,61906.9094,-515913.3344,-437288.1288,-454006.425
8128000,2406.626,14320.4521,61393.0694,-515890.5191,-437770.37159999995,-454497.4497
8129000,2362.3535,14317.6,62061.3608,-515842.6939,-437101.3796,-453781.3331
8130000,2388.6325,14270.6138,61813.346,-516004.6904,-437532.09810000006,-454191.3444
8131000,2398.4703,14302.7162,61896.0657,-516167.2566,-437570.00440000003,-454271.19090000005
8132000,2364.7676,14235.7717,61959.9908,-516316.1599,-437755.6298,-454356.16910000006
8133000,2392.4266,14316.9857,62206.9282,-516646.3045,-437729.96400000004,-454439.3763
8134000,2372.408,14257.7485,62124.187,-516600.0025,-437845.659,-454475.8155
8135000,2370.3082,14274.9412,62098.1441,-515984.7805,-437241.387,-453886.6364
8136000,2379.7247,14327.7319,61783.5479,-515936.0043,-437444.9998,-454152.45639999997
8137000,2374.963,14325.0472,61822.2863,-516384.6623,-437862.3658,-454562.37600000005
8138000,2362.9653,14257.8342,62001.9658,-516222.3535,-437599.5882,-454220.3877
8139000,2380.6625,14403.2891,61758.0479,-516031.5245,-437489.525,-454273.4766
8140000,2358.1191,14364.2674,61638.661,-516103.9023,-437742.85480000003,-454465.2413
8141000,2376.8946,14281.4309,61853.223,-515764.1235,-437252.57499999995,-453910.9005
8142000,2380.9689,14385.9195,62442.0581,-516956.0071,-437747.06059999997,-454513.94899999996
8143000,2373.3435,14366.8563,62172.4627,-516359.4309,-437446.7684,-454186.9682
8144000,2401.1858,14340.2332,61956.0871,-516731.7,-438034.1939,-454775.6129
8145000,2375.6572,14367.6306,62313.8176,-517053.7145,-437996.6091,-454739.8969
8146000,2379.0172,14336.8018,61735.8449,-516299.1429,-437847.479,-454563.29799999995
8147000,2387.9228,14315.1961,61834.347,-515809.0667,-437271.6008,-453974.7197
8148000,2378.6762,14286.6835,61750.7677,-515764.1135,-437347.9861,-454013.3458
8149000,2368.5429,14413.4747,62031.8,-516424.1189,-437610.3013,-454392.3189
8150000,2371.3821,14225.7452,61805.5138,-515768.9156,-437366.2745,-453963.4018
8151000,2366.4906,14301.7832,61388.1681,-515496.4967,-437440.05480000004,-454108.3286
8152000,2342.3772,14180.8456,61947.945,-515457.9708,-436986.803,-453510.0258
8153000,2338.5459,14254.7339,61969.2021,-516009.9833,-437447.5014,-454040.7812
8154000,2389.736,14340.4744,61423.6358,-515928.7683,-437774.92209999997,-454505.1325
8155000,2389.7307,14268.1142,62931.9094,-517408.0928,-437818.33849999995,-454476.1834
8156000,2361.5566,14286.1523,61893.2385,-515962.6895,-437421.7421,-454069.451
8157000,2378.4901,14223.4275,62045.7222,-516702.3586,-438054.7188,-454656.63639999996
8158000,2389.4894,14314.8269,61902.0438,-516010.3222,-437403.9621,-454108.2784
8159000,2364.5099,14153.9765,62089.6367,-516546.2414,-437938.1183,-454456.6047
8160000,2351.4987,14187.4542,62236.6793,-516588.5378,-437812.9056,-454351.8585
8161000,2380.9012,14293.3374,62156.1175,-516228.1705,-437397.81440000003,-454072.053
8162000,2356.1867,14310.0932,62324.3992,-517093.1666,-438102.4875,-454768.7674
8163000,2356.8969,14387.7394,61675.3401,-516128.9105,-437708.9341,-454453.57039999997
8164000,2364.4807,14305.2292,62021.998,-516489.6934,-437797.98549999995,-454467.69539999997
8165000,2398.4745,14419.8195,61839.9666,-515620.9639,-436962.7033,-453780.9973
8166000,2386.7053,14303.2534,62110.4066,-515930.6943,-437130.32899999997,-453820.2877
8167000,2381.4266,14327.8999,61355.1631,-515097.7707,-437033.2811,-453742.6076
8168000,2345.9809,14179.3007,60951.9443,-514765.5847,-437288.3588,-453813.64040000003
8169000,2381.0684,14228.4282,62096.2711,-516607.7555,-437901.9878,-454511.4844
8170000,2382.3343,14338.1903,61938.2732,-516488.731,-437829.9332,-454550.45780000003
8171000,2370.5983,14353.7181,61644.5801,-515971.0318,-437602.13529999997,-454326.4517
8172000,2356.1936,14271.0944,62106.6603,-516033.8303,-437299.882,-453927.17
8173000,2378.7536,14341.9485,61868.4311,-515731.1051,-437141.9719,-453862.674
8174000,2365.0959,14300.0285,62012.3514,-515576.6326,-436899.1568,-453564.2812
8175000,2337.7035,14243.5888,62223.5675,-516708.8465,-437903.9867,-454485.279
8176000,2401.0729,14321.2548,61956.5871,-516633.8209,-437954.9061,-454677.2338
8177000,2405.2489,14249.6162,61747.4503,-516011.1353,-437608.8199,-454263.68500000006
8178000,2366.1596,14198.7744,61275.768,-515532.9484,-437692.2464,-454257.1804
8179000,2351.8088,14251.9726,62110.6691,-516458.5908,-437744.14029999997,-454347.9217
8180000,2385.5012,14359.2537,62331.6137,-517043.6839,-437967.3153,-454712.0702
8181000,2371.4739,14217.8657,62206.8472,-516164.5233,-437368.3365,-453957.6761
8182000,2424.3964,14316.7272,62127.4337,-515972.4761,-437103.91880000004,-453845.04240000003
8183000,2381.3212,14363.6132,61871.0678,-516013.4192,-437397.417,-454142.3514
8184000,2391.9411,14282.603,61879.3851,-516621.3515,-438067.4223,-454741.9664
8185000,2380.6508,14352.174,61317.2105,-515383.4895,-437333.45420000004,-454066.27900000004
8186000,2357.1831,14385.1371,62007.7017,-516532.0909,-437782.069,-454524.38920000003
8187000,2400.0582,14312.9188,62033.0711,-516271.3671,-437525.31899999996,-454238.296
8188000,2379.2664,14371.8136,61886.1342,-516907.2655,-438270.0513,-455021.1313
8189000,2358.8194,14290.4362,61991.0439,-516480.7147,-437840.41520000005,-454489.6708
8190000,2396.0021,14308.2917,61972.2572,-515573.684,-436897.13300000003,-453601.4268
8191000,2407.6263,14292.2929,62164.8931,-516223.9871,-437359.17480000004,-454059.09400000004
8192000,2357.8787,14325.6193,61854.9035,-515998.9185,-437460.517,-454144.015
8193000,2371.7087,14271.3774,62250.349,-516410.0047,-437516.5696,-454159.6557
8194000,2356.6268,14225.1735,62243.8064,-517055.6289,-438230.0222,-454811.8225
8195000,2389.5199,14302.5127,61750.0882,-515844.3963,-437402.2755,-454094.3081
8196000,2357.9936,14300.9322,62048.281,-516437.4879,-437730.2811,-454389.2069
8197000,2368.8565,14199.0529,61897.9972,-515917.5049,-437451.5983,-454019.5077
8198000,2368.9594,14248.6684,61334.1086,-514951.0663,-436999.3299,-453616.9577
8199000,2365.4872,14317.1324,61787.2066,-515709.0843,-437239.2581,-453921.8777
8200000,2380.7476,14352.4195,61583.7592,-515681.1293,-437364.203,-454097.37009999994
8201000,2394.5478,14262.2774,61909.4684,-515880.2444,-437313.9508,-453970.776
8202000,2359.9341,14235.3716,62027.1154,-516270.6718,-437648.2507,-454243.5564
8203000,2355.7393,14210.2766,61833.2428,-516326.4875,-437927.2288,-454493.2447
8204000,2391.5019,14309.2684,61558.3791,-515232.0987,-436972.9493,-453673.71959999995
8205000,2372.0308,14356.956,61573.1492,-515410.7902,-437108.6542,-453837.641
8206000,2380.5711,14235.7735,61538.6424,-515587.1997,-437432.21270000003,-454048.5573
8207000,2388.625,14223.1574,61924.5354,-516001.1291,-437464.8113,-454076.5937
8208000,2382.1878,14177.3019,62169.6759,-516296.4616,-437567.296,-454126.7857
8209000,2385.4906,14324.0091,62214.9476,-516312.6974,-437388.2501,-454097.7498
8210000,2388.1776,14298.1554,62527.5745,-516700.258,-437486.35049999994,-454172.6835
8211000,2370.4962,14327.621,62378.8757,-516356.1227,-437279.1298,-453977.24700000003
8212000,2334.1347,14380.1883,62370.2723,-516638.4993,-437553.90400000004,-454268.227
8213000,2383.0656,14288.3127,61751.9296,-516009.77,-437586.4621,-454257.8404
8214000,2394.7086,14258.5173,62028.1121,-515625.558,-436944.22000000003,-453597.44590000005
8215000,2365.8585,14318.2478,61943.4814,-515555.0057,-436927.41799999995,-453611.5243
8216000,2366.9511,14236.9471,62313.8489,-516749.8491,-437832.102,-454436.0002
8217000,2356.1528,14333.3866,61982.2511,-515984.8328,-437313.0423,-454002.5817
8218000,2381.964,14287.089,62735.4019,-516950.5719,-437546.11699999997,-454215.17
8219000,2401.7282,14461.2327,62059.1197,-516778.9831,-437856.9025,-454719.86340000003
8220000,2383.8202,14333.7414,61121.3769,-515222.0505,-437383.112,-454100.6736
8221000,2366.1558,14328.5567,61752.5853,-515666.9509,-437219.6531,-453914.3656
8222000,2379.3466,14352.678,62239.329,-516813.7278,-437842.37419999996,-454574.39879999997
8223000,2377.2446,14315.3592,61663.6787,-516102.3698,-437746.0873,-454438.6911
8224000,2400.0334,14315.8324,61822.9231,-516059.8338,-437521.04490000004,-454236.9107
8225000,2408.8519,14299.5674,62242.4847,-516451.2145,-437500.3105,-454208.7298
8226000,2340.9572,14293.3418,61769.6921,-516066.306,-437662.3149,-454296.6139
8227000,2401.4584,14298.557,61912.3209,-515649.0115,-437036.67520000006,-453736.69060000003
8228000,2380.0429,14409.3699,61429.1298,-515472.3661,-437253.8235,-454043.2363
8229000,2425.2746,14295.2612,62455.1313,-516774.9584,-437599.2913,-454319.8271
8230000,2371.7327,14262.5432,61677.0639,-515621.9069,-437310.5671,-453944.843
8231000,2382.4113,14338.0872,62039.1511,-516079.316,-437319.6664,-454040.1649
8232000,2382.4829,14323.8146,61871.3072,-515947.239,-437369.63430000003,-454075.9318
8233000,2363.2828,14284.3958,61777.2847,-515924.361,-437499.3977,-454147.07629999996
8234000,2379.765,14288.7977,61814.2315,-516770.9768,-438288.1826,-454956.7453
8235000,2410.0024,14423.5646,62555.0822,-517198.3174,-437809.6682,-454643.2352
8236000,2363.5751,14322.6663,62494.3033,-516704.2257,-437523.681,-454209.92240000004
8237000,2386.3726,14233.8426,62357.8382,-516685.4024,-437707.34900000005,-454327.5642
8238000,2373.2033,14189.6945,61780.061,-516362.052,-438019.0932,-454581.99100000004
8239000,2381.2369,14345.1541,62421.1386,-516610.5218,-437462.9922,-454189.3832
8240000,2403.0902,14278.3555,61583.6284,-515273.6501,-437008.576,-453690.02170000004
8241000,2380.0934,14352.7704,61270.5614,-515018.36,-437014.9348,-453747.7986
8242000,2414.2858,14373.0014,61662.764,-516377.1276,-437927.0764,-454714.3636
8243000,2385.9227,14315.089,61751.2338,-516273.599,-437821.35349999997,-454522.3652
8244000,2393.6629,14315.5837,61241.9802,-515112.5343,-437161.3075,-453870.5541
8245000,2386.7457,14235.3496,61194.0163,-515031.2878,-437215.1762,-453837.2715
8246000,2355.0759,14335.3567,61907.5343,-516138.8978,-437540.9309,-454231.3635
8247000,2402.4228,14332.3719,62009.2426,-516186.5083,-437442.471,-454177.2657
8248000,2370.4912,14219.5103,61646.4485,-515701.9702,-437465.52019999997,-454055.5217
8249000,2382.1892,14368.7473,61627.7324,-515832.9014,-437454.2325,-454205.169
8250000,2371.9203,14199.4865,61608.3075,-515602.0482,-437422.3339,-453993.7407
8251000,2395.6432,14319.5047,62104.7255,-516470.9157,-437651.04230000003,-454366.1902
8252000,2402.3212,14385.3446,61885.9614,-516472.2107,-437798.5835,-454586.2493
8253000,2362.5035,14213.7821,61081.0056,-515638.5141,-437981.2229,-454557.5085
8254000,2359.6193,14400.8877,61867.3166,-516283.6929,-437655.8693,-454416.3763
8255000,2362.8706,14376.3931,62150.5444,-516134.6376,-437244.8295,-453984.0932
8256000,2371.7492,14392.4738,62308.7189,-517200.2716,-438127.3297,-454891.5527
8257000,2418.5049,14344.973,61628.8314,-516295.0804,-437902.7711,-454666.24899999995
8258000,2370.4849,14275.5247,62251.6399,-516937.3532,-438039.7037,-454685.7133
8259000,2369.3182,14358.321,62228.6396,-516920.1024,-437963.8236,-454691.4628
8260000,2369.0211,14385.5679,61984.4957,-516071.1591,-437332.0744,-454086.66339999996
8261000,2370.8046,14321.5934,61892.0655,-516152.5502,-437568.0867,-454260.48470000003
8262000,2430.4033,14254.3678,62545.1275,-516948.3214,-437718.4228,-454403.1939
8263000,2393.0362,14267.0918,62030.9211,-516498.2254,-437807.1763,-454467.3043
8264000,2381.4493,14256.3773,62114.3689,-516427.4763,-437675.28079999995,-454313.1074
8265000,2370.5853,14267.0954,62473.1243,-516928.0451,-437817.2401,-454454.92079999996
8266000,2375.6998,14331.6371,62134.5013,-516701.4541,-437859.6159,-454566.95279999997
8267000,2397.4626,14198.8038,62659.0247,-517134.1231,-437878.83200000005,-454475.0984
8268000,2382.7363,14257.1907,62246.3332,-516816.9785,-437930.7183,-454570.64530000003
8269000,2353.079,14181.2394,62021.0526,-516222.6571,-437667.2861,-454201.6045
8270000,2396.88,14372.5831,61697.1019,-515933.0996,-437466.5346,-454235.9977
8271000,2384.254,14248.5032,62103.0819,-515758.0782,-437022.2391,-453654.9963
8272000,2388.4916,14280.7097,62035.0543,-515883.0644,-437178.8088,-453848.01009999996
8273000,2411.5899,14297.1084,62132.7287,-516819.3564,-437977.9294,-454686.6277
8274000,2386.4388,14396.3034,62038.6416,-516683.4509,-437862.0671,-454644.80929999996
8275000,2348.6163,14306.581,61618.6082,-515365.075,-437091.2695,-453746.4668
8276000,2385.7056,14339.2191,61956.2346,-516383.35,-437702.1907,-454427.11539999995
8277000,2383.0499,14370.7078,62602.0185,-517755.5686,-438399.79240000003,-455153.5501
8278000,2396.0876,14266.4654,62906.0339,-517790.4316,-438221.8447,-454884.39770000003
8279000,2372.2406,14242.012,61950.6228,-516335.8431,-437770.96770000004,-454385.2203
8280000,2396.5901,14265.4997,62340.6488,-516063.1335,-437060.39489999996,-453722.4847
8281000,2384.3768,14303.0076,61661.5169,-515663.4102,-437314.5089,-454001.8933
8282000,2373.655,14319.9761,61976.8486,-516516.1148,-437845.63509999996,-454539.26619999995
8283000,2359.1924,14302.0156,61926.0944,-516662.0274,-438074.72500000003,-454735.933
8284000,2392.1502,14356.725,62176.7413,-517056.3017,-438130.6852,-454879.5604
8285000,2391.5168,14267.8159,61730.7741,-516095.3385,-437705.2317,-454364.56440000003
8286000,2425.2606,14437.0126,62935.1626,-517339.7336,-437542.29779999994,-454404.571
8287000,2373.5318,14198.0149,61961.3372,-516068.1832,-437535.2993,-454106.846
8288000,2363.454,14311.1914,61825.2469,-516250.8433,-437750.951,-454425.59640000004
8289000,2357.4727,14305.0158,62335.7189,-516539.7937,-437541.58629999997,-454204.0748
8290000,2398.7288,14299.2799,61812.8904,-516396.5164,-437885.61730000004,-454583.62600000005
8291000,2419.8131,14321.1422,62187.2601,-517004.9138,-438076.6984,-454817.65369999997
8292000,2388.1746,14317.3187,61728.4942,-516442.3246,-438008.3371,-454713.8304
8293000,2360.0663,14345.5771,62086.7532,-516224.9499,-437432.5533,-454138.19670000003
8294000,2357.4196,14282.3306,62123.2953,-516769.4052,-438006.3597,-454646.1099
8295000,2381.4495,14288.0276,61674.0967,-516009.29,-437665.71619999997,-454335.1933
8296000,2345.4533,14212.1996,62079.0363,-515573.5386,-436936.84940000006,-453494.50230000005
8297000,2425.1361,14293.0131,61491.824,-514883.5819,-436673.6087,-453391.75789999997
8298000,2364.4575,14394.4789,62427.9025,-517021.4195,-437834.5806,-454593.517
8299000,2397.1801,14466.9209,62413.3166,-516854.4649,-437577.04730000003,-454441.1483
8300000,2392.6603,14304.3456,62460.9448,-516584.1735,-437426.2228,-454123.2287
8301000,2396.251,14265.1602,62221.5972,-516862.1202,-437979.1118,-454640.523
8302000,2425.4465,14320.9238,61873.2017,-515659.966,-437040.39400000003,-453786.76430000004
8303000,2428.9096,14264.6516,61649.8523,-515947.7657,-437604.35219999996,-454297.91339999996
8304000,2380.8851,14241.5675,61917.9771,-516225.5831,-437685.1534,-454307.60599999997
8305000,2396.4413,14320.9163,61636.2995,-515550.8542,-437197.1971,-453914.5547
8306000,2384.6526,14284.6618,61997.7126,-516127.6218,-437460.5948,-454129.9092
8307000,2399.4611,14347.0986,61823.5303,-516214.8097,-437644.7197,-454391.2794
8308000,2378.8134,14247.6232,62276.3297,-516678.043,-437775.2767,-454401.7133
8309000,2341.7552,14290.6218,61630.3272,-516217.2327,-437954.5285,-454586.9055
8310000,2363.5859,14189.5562,62118.6447,-516460.3641,-437788.5773,-454341.7194
8311000,2352.6132,14204.1027,62119.5322,-516735.8441,-438059.596,-454616.3119
8312000,2423.2218,14305.4638,62324.8086,-517025.5447,-437972.0505,-454700.73610000004
8313000,2383.1121,14275.3292,61619.2292,-515582.6371,-437304.9666,-453963.4079
8314000,2365.3079,14326.9627,62130.1751,-516598.4505,-437776.0048,-454468.2754
8315000,2384.9008,14166.1314,61623.6101,-515891.8554,-437717.2131,-454268.2453
8316000,2391.86,14263.635,62453.7408,-516994.5409,-437885.3051,-454540.8001
8317000,2391.6102,14302.9007,61666.3256,-515807.6529,-437446.8164,-454141.3273
8318000,2382.9195,14290.8109,62558.4093,-517010.1911,-437778.0514,-454451.7818
8319000,2398.3621,14179.8288,62996.6433,-517343.3321,-437768.4979,-454346.6888
8320000,2414.2507,14345.6254,61835.4889,-515509.4745,-436914.1095,-453673.9856
8321000,2423.1904,14277.049,61585.3642,-514942.593,-436656.98939999996,-453357.2288
8322000,2370.139,14325.4246,62009.7043,-515792.2028,-437086.9349,-453782.49850000005
8323000,2364.6878,14322.3972,61741.8395,-516361.3319,-437932.4074,-454619.4924
8324000,2380.912,14320.4383,61857.0703,-516216.9782,-437658.5576,-454359.9079
8325000,2377.4436,14280.808,62329.926,-516581.3974,-437593.2198,-454251.47140000004
8326000,2368.3054,14313.8565,61777.625,-515840.6934,-437380.9065,-454063.0684
8327000,2406.4291,14246.0763,61820.9818,-516443.348,-437969.8608,-454622.3662
8328000,2384.9095,14305.3074,61843.768,-516188.2315,-437654.2466,-454344.4635
8329000,2405.5358,14280.3574,61543.9519,-516123.8403,-437893.9952,-454579.8884
8330000,2404.1416,14372.6147,61810.6897,-516200.0108,-437612.5648,-454389.3211
8331000,2351.5487,14285.5782,62272.8765,-516324.553,-437414.5496,-454051.6765
8332000,2417.6339,14257.9851,62305.4229,-516376.0772,-437395.0353,-454070.6543
8333000,2393.4465,14248.5652,61666.0176,-515267.4689,-436959.4396,-453601.45129999996
8334000,2376.3698,14363.3531,62653.1038,-516720.1798,-437327.35309999995,-454067.076
8335000,2352.9483,14368.6791,61988.0896,-516135.637,-437425.92,-454147.5474
8336000,2370.457,14213.8621,61903.3667,-515943.3618,-437455.676,-454039.9951
8337000,2368.3107,14344.9711,61918.7536,-515433.2679,-436801.2325,-453514.5143
8338000,2361.1367,14288.3179,61859.5126,-515543.9638,-437034.9966,-453684.4512
8339000,2369.0626,14292.9664,61298.8199,-514933.2261,-436972.37720000005,-453634.4062
8340000,2389.8338,14319.6339,61876.6723,-515769.4754,-437183.3354,-453892.8031
8341000,2367.3849,14256.986,62156.3156,-517097.1578,-438316.4713,-454940.84219999996
8342000,2407.3459,14282.9367,61995.0304,-516805.5591,-438120.2461,-454810.5287
8343000,2362.2093,14201.3085,62118.6023,-516153.9001,-437471.78,-454035.29780000006
8344000,2375.9032,14222.9658,61845.1283,-516404.8982,-437960.9009,-454559.7699
8345000,2426.519,14359.3544,61933.3182,-516071.2328,-437352.0412,-454137.9146
8346000,2398.2827,14211.0817,61611.5956,-515401.5264,-437180.56639999995,-453789.9308
8347000,2363.0792,14208.7405,61934.859,-515526.848,-437020.1693,-453591.989
8348000,2385.2323,14324.5152,61945.0003,-515436.943,-436782.1952,-453491.9427
8349000,2383.6174,14250.434,61694.7938,-516139.6806,-437810.83540000004,-454444.88680000004
8350000,2411.4394,14275.3038,61665.2349,-515737.8734,-437385.8953,-454072.6385
8351000,2363.7258,14110.1097,62222.1443,-516134.8016,-437438.82180000003,-453912.6573
8352000,2398.1696,14245.449,62396.8287,-516713.4871,-437673.0398,-454316.6584
8353000,2383.0358,14255.3938,61342.9303,-515282.1748,-437300.8149,-453939.2445
8354000,2398.148,14222.2859,62073.8317,-515876.7792,-437182.5136,-453802.9475
8355000,2400.3312,14271.7443,62152.2346,-516175.0262,-437350.7161,-454022.7916
8356000,2358.3808,14279.9946,61657.7327,-515770.1292,-437474.0211,-454112.39650000003
8357000,2366.4248,14217.5018,61995.2174,-516091.845,-437512.701,-454096.62759999995
8358000,2375.5777,14268.4699,62373.1859,-517079.2488,-438062.01529999997,-454706.0629
8359000,2351.8338,14226.2478,61794.1976,-516148.9543,-437776.6751,-454354.75669999997
8360000,2383.7393,14359.7713,61912.0595,-515732.6111,-437077.04099999997,-453820.5516
8361000,2380.2937,14338.3717,61565.5506,-515589.2729,-437305.05689999997,-454023.72229999996
8362000,2413.484,14319.9333,62351.5032,-516734.2817,-437649.3612,-454382.7785
8363000,2393.9532,14282.9169,61913.0667,-516475.776,-437885.83920000005,-454562.7093
8364000,2413.0134,14276.6806,61978.6972,-516499.2302,-437830.839,-454520.533
8365000,2392.6805,14344.4778,61526.9714,-515698.2973,-437434.1676,-454171.3259
8366000,2374.4209,14339.7366,61153.0001,-515452.6521,-437585.49450000003,-454299.652
8367000,2375.484,14201.678,61990.8666,-515768.703,-437200.67439999996,-453777.8364
8368000,2379.5559,14264.0886,62163.5164,-515542.8874,-436735.7265,-453379.371
8369000,2386.7786,14252.3111,61290.1553,-515197.4421,-437268.1971,-453907.2868
8370000,2350.6742,14270.982,61774.0983,-515531.5693,-437135.8148,-453757.47099999996
8371000,2358.2682,14308.1154,62550.7027,-516972.4558,-437755.36950000003,-454421.7531
8372000,2412.6015,14234.4671,62573.3499,-516929.7355,-437709.31700000004,-454356.38560000004
8373000,2364.8961,14246.3654,61919.2998,-516567.1261,-438036.5648,-454647.8263
8374000,2375.3236,14229.5829,61696.4847,-516493.1216,-438191.7304,-454796.63690000004
8375000,2380.7907,14351.3001,62071.9139,-516949.4931,-438145.48840000003,-454877.57920000004
8376000,2383.5824,14188.2933,62102.8844,-515702.3016,-437027.5415,-453599.4172
8377000,2370.2711,14251.7052,62174.8218,-516036.7684,-437239.9703,-453861.9466
8378000,2369.4589,14319.9809,61591.5621,-516087.5486,-437806.54669999995,-454495.9865
8379000,2394.5972,14328.2295,61686.5903,-515927.8252,-437518.4082,-454241.23490000004
8380000,2371.671,14296.5081,62071.054,-515888.8908,-437149.6577,-453817.8368
8381000,2375.5857,14162.1321,61688.993,-515336.3548,-437109.644,-453647.36179999996
8382000,2383.2776,14235.7073,61746.1632,-515535.3129,-437170.1648,-453789.1497
8383000,2386.4006,14375.1073,61795.1014,-516015.1062,-437458.49689999997,-454220.0048
8384000,2361.6987,14267.9232,61821.9787,-515698.8259,-437247.2253,-453876.8472
8385000,2378.7111,14285.6509,61527.6064,-515365.9825,-437174.0141,-453838.3761
8386000,2361.8212,14269.5776,61993.1597,-516227.1753,-437602.6168,-454234.0156
8387000,2408.7698,14261.4308,62228.7222,-516649.7659,-437750.8431,-454421.0437
8388000,2390.3065,14244.8759,61886.3799,-515544.0729,-437022.51060000004,-453657.693
8389000,2365.7082,14254.9085,62363.8044,-516808.9411,-437824.52,-454445.1367
8390000,2368.3732,14227.8927,61825.0415,-515666.2574,-437244.95,-453841.2159
8391000,2378.7913,14310.5669,62373.0511,-516505.0397,-437442.6304,-454131.98860000004
8392000,2378.848,14193.5162,61923.8881,-516151.3572,-437655.10490000003,-454227.46910000005
8393000,2382.1523,14317.0734,61926.7386,-516378.7426,-437752.7783,-454452.004
8394000,2405.8195,14227.0649,61722.2055,-515767.0203,-437411.93039999995,-454044.8148
8395000,2385.4343,14269.6715,61426.2412,-515207.7528,-437126.4058,-453781.5116
8396000,2408.5646,14256.7579,61586.6191,-515360.1127,-437108.1711,-453773.4936
8397000,2393.5284,14275.7761,61977.5318,-515623.1231,-436976.2868,-453645.59130000003
8398000,2360.6225,14256.2014,61829.3777,-515903.1213,-437456.91969999997,-454073.7436
8399000,2360.2892,14186.5141,62018.3282,-515567.6458,-437002.5143,-453549.3176
8400000,2341.3927,14193.9679,61661.4423,-515351.5064,-437154.7035,-453690.0641
8401000,2383.1524,14260.1132,62269.801,-516778.3775,-437865.31090000004,-454508.5765
8402000,2384.534,14200.7061,62187.7695,-515983.1044,-437210.0948,-453795.3349
8403000,2382.0118,14212.6684,61738.2969,-515435.39,-437102.4129,-453697.0931
8404000,2381.3887,14243.27,62437.9826,-516962.3126,-437899.6713,-454524.33
8405000,2414.9039,14304.9023,61620.1836,-515444.5775,-437104.58770000003,-453824.3939
8406000,2397.414,14365.341,62506.9911,-516698.9631,-437429.217,-454191.972
8407000,2391.254,14284.2281,62449.7807,-516990.9832,-437865.7204,-454541.2025
8408000,2363.3754,14346.6601,62219.6811,-517142.135,-438212.4184,-454922.4539
8409000,2370.4074,14315.1037,62266.5693,-516762.8121,-437810.7317,-454496.2428
8410000,2379.513,14346.6398,61587.8621,-515672.9498,-437358.9349,-454085.08770000003
8411000,2371.5608,14230.1204,62131.9742,-516234.0964,-437500.441,-454102.1222
8412000,2356.0153,14219.4389,62018.654,-517091.6839,-438497.5757,-455073.0299
8413000,2376.707,14309.3554,62324.2592,-516526.665,-437516.3434,-454202.40579999995
8414000,2355.323,14336.082,62516.582,-517528.395,-438320.40800000005,-455011.813
8415000,2345.8392,14183.9505,62384.2062,-516326.9001,-437412.9042,-453942.6939
8416000,2362.605,14295.7069,62090.9709,-516405.4397,-437656.1569,-454314.4688
8417000,2418.325,14351.8471,61979.4787,-516001.9903,-437252.3395,-454022.5116
8418000,2374.2253,14253.3599,62067.1021,-516311.0397,-437616.35240000003,-454243.9376
8419000,2370.3079,14320.5117,61453.8119,-516198.9013,-438054.2698,-454745.08940000006
8420000,2412.8323,14323.61,62008.3119,-516168.0934,-437423.33920000005,-454159.78150000004
8421000,2373.7818,14286.77,62510.0665,-516748.8785,-437578.2602,-454238.812
8422000,2356.3137,14260.266,62034.1483,-516478.9549,-437828.2269,-454444.8066
8423000,2399.7365,14270.9334,61983.0583,-516305.8997,-437652.1715,-454322.84140000003
8424000,2377.7956,14335.2809,61413.8255,-515357.1897,-437230.2877,-453943.3642
8425000,2360.626,14263.7039,61811.6694,-515621.6618,-437185.6625,-453809.9924
8426000,2369.7391,14225.0864,61807.0718,-516118.731,-437716.8337,-454311.65920000005
8427000,2376.7781,14278.3354,62242.6553,-516528.119,-437630.3502,-454285.4637
8428000,2332.5703,14221.8574,62122.2048,-516323.9772,-437647.3447,-454201.7724
8429000,2363.0916,14248.502,61724.8058,-515722.6424,-437386.243,-453997.83660000004
8430000,2365.4709,14265.1502,62436.8852,-517086.1474,-438018.6411,-454649.2622
8431000,2369.4539,14397.5737,61595.0302,-516057.1189,-437695.0611,-454462.0887
8432000,2367.9383,14366.8516,61438.6575,-515968.405,-437794.9576,-454529.74750000006
8433000,2374.4202,14278.5542,61588.6342,-515567.9957,-437326.38710000005,-453979.3615
8434000,2325.6736,14297.0801,61847.7422,-516456.9257,-437986.42980000004,-454609.18350000004
8435000,2396.148,14240.4739,61930.1153,-516186.6742,-437619.93700000003,-454256.5589
8436000,2372.5568,14351.5394,62030.9048,-516070.3464,-437315.3454,-454039.44159999996
8437000,2366.315,14296.6066,62190.0985,-516368.4133,-437515.39320000005,-454178.3148
8438000,2367.4979,14295.1768,61511.1449,-515836.933,-437663.11340000003,-454325.7881
8439000,2390.3755,14234.0714,61917.911,-516262.2799,-437719.922,-454344.3689
8440000,2400.4145,14365.2836,61926.7435,-516386.3407,-437693.89910000004,-454459.5972
8441000,2391.2528,14315.051,62050.2266,-516522.0766,-437765.5462,-454471.85
8442000,2368.5988,14289.5344,62306.0471,-516592.8136,-437628.6333,-454286.76649999997
8443000,2352.9079,14238.746,61859.4734,-516057.5633,-437606.436,-454198.08989999996
8444000,2352.7965,14370.9102,62058.1137,-515527.8935,-436746.07310000004,-453469.7798
8445000,2386.8565,14336.5978,62155.5994,-516645.7728,-437766.7191,-454490.17339999997
8446000,2367.5039,14261.8999,61817.8433,-516079.6655,-437632.41839999997,-454261.8222
8447000,2404.2184,14193.9243,62034.4413,-516137.8078,-437505.22380000004,-454103.3665
8448000,2351.478,14350.803,61823.0148,-516253.1017,-437727.80590000004,-454430.0869
8449000,2382.3241,14220.5427,61664.6831,-516455.8458,-438188.2959,-454791.1627
8450000,2402.7204,14289.5789,62138.2712,-516652.8327,-437822.2622,-454514.5615
8451000,2370.1535,14306.5444,61377.682,-515184.8128,-437130.4329,-453807.13080000004
8452000,2366.9837,14301.8542,61790.7013,-515797.0455,-437337.5063,-454006.3442
8453000,2427.9485,14364.9545,61873.3048,-516039.0657,-437372.85789999994,-454165.7609
8454000,2414.9484,14348.0583,61417.105,-515738.3204,-437558.2087,-454321.21540000004
8455000,2386.1681,14351.0301,62123.0202,-516686.0093,-437825.79089999996,-454562.9891
8456000,2368.8726,14309.9366,61966.4296,-516034.2124,-437388.9736,-454067.78280000004
8457000,2366.223,14263.8045,61462.3157,-515855.0512,-437762.708,-454392.7355
8458000,2353.7967,14290.199,62315.8092,-516671.4097,-437711.60480000003,-454355.6005
8459000,2390.2663,14376.0308,62088.2324,-516147.5883,-437293.0588,-454059.3559
8460000,2377.3574,14288.0434,62266.0382,-516542.9719,-437611.5329,-454276.9337
8461000,2355.4103,14117.9635,60957.777,-515041.8429,-437610.6921,-454084.0659
8462000,2394.2231,14231.3534,62026.529,-516127.2358,-437475.1303,-454100.70680000004
8463000,2398.0805,14243.5342,61881.3071,-516993.2916,-438470.3698,-455111.9845
8464000,2368.2259,14309.4499,62287.4791,-516585.0205,-437619.8656,-454297.5414
8465000,2346.2308,14217.5275,62484.0014,-516603.9859,-437556.22620000003,-454119.9845
8466000,2364.5951,14330.7644,62604.9267,-516996.692,-437696.40579999995,-454391.76529999997
8467000,2431.1364,14392.949,61886.1232,-515725.6484,-437015.4398,-453839.52520000003
8468000,2341.1074,14289.5896,61999.6754,-516013.9842,-437383.6118,-454014.3088
8469000,2397.2345,14266.403,62409.9311,-516717.7558,-437644.1872,-454307.8247
8470000,2373.9403,14341.8664,62194.6998,-516599.273,-437688.76649999997,-454404.5732
8471000,2382.0453,14291.3581,61912.5944,-516147.385,-437561.3872,-454234.7906
8472000,2387.6702,14231.6743,61779.4895,-515249.4877,-436850.6537,-453469.9982
8473000,2367.7232,14338.5608,61866.1805,-515632.0236,-437059.5591,-453765.8431
8474000,2349.0246,14328.2805,62636.2499,-516466.2081,-437152.6531,-453829.9582
8475000,2375.4572,14403.0897,61785.0067,-515584.0229,-437020.4693,-453799.01619999995
8476000,2356.797,14318.6409,61439.9009,-515476.9381,-437361.5993,-454037.0372
8477000,2397.3005,14253.2842,61996.1335,-515742.2765,-437095.5583,-453746.143
8478000,2387.1594,14238.6034,61657.2547,-515119.2552,-436836.2377,-453462.0005
8479000,2369.674,14336.3854,61810.323,-516013.7878,-437497.4054,-454203.4648
8480000,2386.2855,14210.3665,62503.8609,-516853.1889,-437752.676,-454349.328
8481000,2351.868,14277.2313,62158.016,-516872.9304,-438085.8151,-454714.9144
8482000,2375.9926,14267.2561,61834.916,-516068.9393,-437590.7746,-454234.0233
8483000,2383.8268,14274.4767,62427.9916,-517551.3367,-438465.0416,-455123.3451
8484000,2382.2626,14283.1073,61954.9011,-516092.6835,-437472.4125,-454137.78239999997
8485000,2395.0949,14361.5197,61597.076,-515810.0451,-437456.3545,-454212.9691
8486000,2373.6053,14318.2372,62010.3452,-514894.5723,-436192.3846,-452884.2271
8487000,2359.0903,14250.3751,61720.371,-515534.3286,-437204.4922,-453813.9576
8488000,2402.5604,14296.8167,61709.1219,-515478.1362,-437069.6372,-453769.01430000004
8489000,2377.6481,14398.9462,61787.2336,-515248.7725,-436684.94460000005,-453461.53890000004
8490000,2401.1144,14335.2587,62020.6141,-516464.4174,-437707.43019999994,-454443.80329999997
8491000,2384.9791,14273.1879,62271.2685,-517153.205,-438223.76950000005,-454881.9365
8492000,2403.8834,14290.9452,61781.1789,-515940.7001,-437464.6926,-454159.5212
8493000,2383.0268,14394.7399,62082.0486,-516765.8824,-437906.0671,-454683.8338
8494000,2372.0746,14248.825,62175.261,-516995.7366,-438199.576,-454820.4756
8495000,2373.2602,14277.7286,62348.1998,-517605.0147,-438605.8261,-455256.8149
8496000,2399.4069,14365.5984,62291.5615,-516385.7515,-437329.1847,-454094.19
8497000,2346.7608,14323.2116,61740.5766,-516122.8102,-437712.2612,-454382.23360000004
8498000,2396.064,14341.4455,62227.499,-515738.1752,-436773.1667,-453510.6762
8499000,2344.7074,14326.2305,62084.5013,-516322.5995,-437567.1603,-454238.0982
8500000,2359.6624,14291.4172,61724.9515,-515677.8228,-437301.7917,-453952.8713
8501000,2396.6663,14327.0625,62338.0051,-517127.7499,-438066.016,-454789.7448
8502000,2374.3808,14368.7499,61931.4737,-516494.3056,-437819.7012,-454562.8319
8503000,2355.9277,14339.7014,61909.911,-516402.2999,-437796.7598,-454492.38889999996
8504000,2377.8017,14276.2748,62479.7547,-516776.08,-437642.2488,-454296.3253
8505000,2381.7011,14252.654,62344.2108,-516450.516,-437471.9501,-454106.3052
8506000,2370.2209,14183.4993,62178.0541,-516834.4715,-438102.6972,-454656.4174
8507000,2391.3649,14322.9452,62207.2748,-516572.3983,-437650.8134,-454365.1235
8508000,2377.663,14288.0129,62126.1311,-516264.2509,-437472.44389999995,-454138.1198
8509000,2379.1373,14281.9412,61785.3993,-516338.0199,-437891.5421,-454552.6206
8510000,2360.8062,14274.7534,62019.5796,-516195.0003,-437539.8611,-454175.4207
8511000,2377.1828,14319.0715,62526.2626,-516786.2889,-437563.772,-454260.02629999997
8512000,2380.0966,14381.3154,61599.8038,-515563.3986,-437202.1828,-453963.5948
8513000,2384.6549,14285.488,62101.7453,-515852.388,-437080.4998,-453750.64269999997
8514000,2399.5652,14291.6731,61834.0829,-516246.7691,-437721.44789999997,-454412.6862
8515000,2413.7306,14380.014,62268.9847,-517797.8122,-438735.0829,-455528.8275
8516000,2373.3592,14259.2087,62678.0856,-517354.2447,-438043.59119999997,-454676.1591
8517000,2385.0695,14389.4421,62166.03,-515985.2422,-437044.7006,-453819.21219999995
8518000,2390.0303,14287.659,62471.2902,-516413.3602,-437264.3807,-453942.07
8519000,2384.0903,14340.9927,62015.4339,-516539.3684,-437798.8515,-454523.9345
8520000,2412.4911,14376.4628,61896.786,-516151.7707,-437466.0308,-454254.9847
8521000,2382.6382,14337.307,61178.2921,-514422.0106,-436523.7733,-453243.71849999996
8522000,2400.139,14378.453,61896.2976,-516183.0393,-437508.1497,-454286.7417
8523000,2383.2886,14376.915,62676.3645,-517464.5509,-438027.9828,-454788.18639999995
8524000,2398.4577,14292.5997,62393.2007,-517174.2172,-438089.9591,-454781.0165
8525000,2349.2576,14230.2327,62203.2721,-516252.5972,-437469.8348,-454049.3251
8526000,2363.6012,14300.5504,61418.6065,-515739.1835,-437656.42539999995,-454320.577
8527000,2403.082,14338.4865,62088.0227,-516720.5771,-437890.98589999997,-454632.5544
8528000,2391.5136,14394.6866,62119.7108,-515630.4377,-436724.52670000005,-453510.7269
8529000,2400.4915,14418.4836,62173.1971,-516463.5586,-437471.38639999996,-454290.3615
8530000,2386.0198,14290.6792,61690.8838,-515733.1767,-437365.5939,-454042.2929
8531000,2379.6761,14294.3732,62418.5118,-516773.7672,-437681.2061,-454355.2554
8532000,2389.5912,14406.1926,61962.726,-516672.7296,-437914.2198,-454710.0036
8533000,2369.0586,14313.7748,62151.4273,-517027.2167,-438192.956,-454875.7894
8534000,2372.0029,14218.2213,62140.5135,-516538.9399,-437808.2022,-454398.4264
8535000,2401.2045,14414.3704,61713.1344,-516441.7063,-437912.99700000003,-454728.57190000004
8536000,2358.4882,14322.5536,62267.8267,-516027.6302,-437078.76170000003,-453759.80350000004
8537000,2376.3287,14328.4586,62579.2255,-517972.8172,-438688.8044,-455393.5917
8538000,2398.1911,14288.6666,61801.1676,-515928.2987,-437440.27339999995,-454127.1311
8539000,2355.301,14238.2978,62163.4922,-516293.2767,-437536.1857,-454129.7845
8540000,2386.8923,14264.3026,61663.9774,-515605.4072,-437290.23490000004,-453941.42980000004
8541000,2383.8681,14370.2616,61811.6409,-515616.0834,-437050.3128,-453804.4425
8542000,2385.4562,14299.1738,62253.7909,-516017.3245,-437078.90359999996,-453763.53359999997
8543000,2373.3109,14353.7297,61739.6602,-515608.9238,-437142.223,-453869.2636
8544000,2398.1181,14352.2445,61926.6431,-515990.8734,-437313.86769999994,-454064.2303
8545000,2388.0447,14317.1286,61725.7986,-516011.4098,-437580.4379,-454285.61120000004
8546000,2368.9163,14312.836,61891.5443,-516270.5473,-437697.2507,-454379.00299999997
8547000,2394.9169,14301.0816,62291.6113,-516470.8784,-437483.26859999995,-454179.2671
8548000,2348.5853,14340.2908,61853.4615,-515782.5721,-437240.2345,-453929.1106
8549000,2408.1074,14376.0183,61734.9511,-515734.9737,-437215.8969,-454000.02259999997
8550000,2382.9094,14264.6668,61323.0044,-514851.0238,-436880.44320000004,-453528.01940000005
8551000,2399.2136,14261.4252,61867.2611,-516239.1391,-437711.23919999995,-454371.87799999997
8552000,2392.1787,14299.3689,61782.7159,-516157.0393,-437682.7758,-454374.3234
8553000,2368.267,14184.4345,61751.1255,-515375.2101,-437071.38310000004,-453624.0846
8554000,2380.5537,14267.4662,61735.5371,-516051.3703,-437667.81330000004,-454315.8332
8555000,2366.1057,14264.4439,62132.0878,-515872.8713,-437110.2339,-453740.7835
8556000,2387.7021,14255.966,61600.3982,-515856.6856,-437612.6193,-454256.28740000003
8557000,2405.802,14242.9087,62107.0099,-516314.7292,-437559.0086,-454207.7193
8558000,2396.8743,14288.9048,61625.3887,-515279.2327,-436968.0649,-453653.844
8559000,2367.2721,14266.266,62511.2368,-517137.4269,-437992.652,-454626.1901
8560000,2387.1566,14307.1435,62058.3941,-516241.1986,-437488.5044,-454182.8045
8561000,2419.3219,14284.0653,62112.4932,-516377.8134,-437561.93299999996,-454265.32019999996
8562000,2367.4664,14231.6403,61644.0741,-515167.8435,-436924.6627,-453523.7694
8563000,2389.5713,14310.1641,62105.447,-516558.2376,-437753.0552,-454452.7906
8564000,2383.3374,14316.8277,61744.8493,-515875.9954,-437430.981,-454131.1461
8565000,2356.3306,14350.7716,61670.098,-515605.2223,-437228.02210000006,-453935.1243
8566000,2376.3063,14367.0665,62325.1514,-515950.2352,-436881.711,-453625.0838
8567000,2385.6884,14259.7603,61257.2527,-514780.2516,-436877.55020000006,-453522.9989
8568000,2358.3598,14242.8003,61535.4825,-514769.8718,-436633.22920000006,-453234.38930000004
8569000,2382.6188,14265.8557,61843.5545,-515959.8309,-437467.8019,-454116.2764
8570000,2394.0319,14358.5562,62509.865,-516764.9247,-437502.4716,-454255.0597
8571000,2372.767,14287.5055,61390.3914,-515780.3002,-437729.6363,-454389.9088
8572000,2390.1645,14300.9104,61859.6436,-516191.8486,-437641.1301,-454332.205
8573000,2368.0292,14273.0782,61786.8268,-515949.9254,-437521.9912,-454163.0986
8574000,2378.9247,14297.8911,62066.5725,-516160.7501,-437417.3618,-454094.1776
8575000,2386.3611,14205.583,62203.0934,-516173.3506,-437378.3131,-453970.2572
8576000,2419.1516,14280.541,62027.5754,-516102.9261,-437375.6581,-454075.35069999995
8577000,2369.7903,14321.8095,61287.7703,-515480.7511,-437501.381,-454192.9808
8578000,2389.335,14243.3061,62110.6245,-516093.5111,-437350.2455,-453982.8866
8579000,2367.5339,14290.2303,61948.0321,-516345.725,-437739.9287,-454397.69289999997
8580000,2361.1047,14255.958,62303.6441,-516392.7767,-437472.0699,-454089.1326
8581000,2379.245,14339.4601,61796.2785,-516219.2312,-437704.2476,-454422.95269999997
8582000,2351.6883,14312.4661,62026.8287,-516465.1234,-437774.14029999997,-454438.29469999997
8583000,2375.349,14326.5794,62326.9055,-516812.1511,-437783.31720000005,-454485.2456
8584000,2379.2899,14297.2851,61868.3922,-515988.8316,-437443.86439999996,-454120.4394
8585000,2409.565,14264.4502,61714.3107,-516057.9118,-437669.5859,-454343.60109999997
8586000,2411.6382,14306.7105,61413.8262,-515621.5475,-437489.3726,-454207.7213
8587000,2369.1798,14328.1088,61667.4669,-515921.7349,-437556.97939999995,-454254.268
8588000,2390.6651,14319.699,61952.0758,-516016.205,-437353.7651,-454064.1292
8589000,2353.445,14263.8129,61877.733,-515676.5901,-437181.59919999994,-453798.85709999996
8590000,2351.7573,14291.4317,61607.8182,-515504.9407,-437253.9335,-453897.1225
8591000,2404.1783,14247.8649,61960.0564,-515600.1959,-436988.0963,-453640.1395
8592000,2387.6984,14279.1178,62240.9008,-515617.2462,-436709.5292,-453376.3454
8593000,2387.6194,14306.4272,61593.8623,-515622.4341,-437334.52520000003,-454028.57180000003
8594000,2393.1882,14333.9394,61655.4725,-515887.5826,-437504.98250000004,-454232.11010000005
8595000,2392.1277,14104.8555,62129.8242,-515729.5898,-437102.7824,-453599.76560000004
8596000,2403.0763,14276.5475,62269.6359,-516626.3526,-437677.0929,-454356.7167
8597000,2367.7113,14333.9262,61974.5273,-515819.9241,-437143.75930000003,-453845.3968
8598000,2355.7638,14196.2192,61722.5221,-515707.7611,-437433.256,-453985.239
8599000,2359.6614,14332.9287,62484.0288,-516932.091,-437755.4721,-454448.06220000004
8600000,2400.4188,14381.5996,61914.2587,-516667.5223,-437971.2452,-454753.2636
8601000,2378.1394,14407.316,62225.8967,-517710.2689,-438698.9168,-455484.37220000004
8602000,2381.2643,14361.0856,62239.6073,-517639.6966,-438657.7394,-455400.0893
8603000,2380.5844,14321.8468,62352.0964,-517557.3789,-438502.8513,-455205.28250000003
8604000,2375.2734,14301.4341,62251.4419,-517135.9436,-438207.7942,-454884.5017
8605000,2383.5084,14311.1618,61834.6932,-516044.9446,-437515.5812,-454210.2514
8606000,2360.7582,14298.0185,62086.0929,-516738.7714,-437993.9018,-454652.67850000004
8607000,2338.7564,14180.0823,61502.0556,-515888.485,-437867.5907,-454386.42939999996
8608000,2412.4432,14284.3327,62382.7367,-517118.9688,-438039.45619999996,-454736.23209999996
8609000,2381.8478,14336.3612,61471.2304,-514800.81,-436611.3706,-453329.5796
8610000,2373.1753,14360.1089,61913.0962,-515429.0124,-436782.632,-453515.9162
8611000,2384.9686,14258.5143,61712.6511,-516255.9448,-437899.8108,-454543.2937
8612000,2344.0925,14335.5765,62363.2048,-516453.2424,-437410.3686,-454090.0376
8613000,2362.7396,14350.9805,61934.47,-516013.5694,-437365.3793,-454079.09939999995
8614000,2362.7887,14198.2006,62106.6006,-516711.1031,-438043.51320000004,-454604.5025
8615000,2372.8486,14270.4943,61983.2314,-516603.0946,-437976.52030000003,-454619.8632
8616000,2420.3693,14252.688,61344.2998,-515281.2436,-437263.8865,-453936.9438
8617000,2396.3982,14160.5901,61708.255,-515169.7306,-436904.48730000004,-453461.4756
8618000,2382.6434,14334.6046,61922.4907,-516052.2915,-437412.5528,-454129.80079999997
8619000,2358.8418,14271.915,61678.7326,-515759.8975,-437450.4081,-454081.16490000003
8620000,2364.7181,14202.8301,61994.7697,-515791.7044,-437229.3865,-453796.9347
8621000,2392.5186,14251.251,61891.7448,-516263.2084,-437727.694,-454371.4636
8622000,2391.1775,14176.5297,62080.5281,-515946.996,-437298.7607,-453866.4679
8623000,2398.8352,14319.6549,61814.7565,-515979.9341,-437446.6875,-454165.1776
8624000,2376.2139,14310.1539,61665.1086,-515824.4658,-437472.9894,-454159.3572
8625000,2393.1731,14163.6933,61815.1384,-515367.3656,-436995.3608,-453552.2272
8626000,2418.7085,14193.3213,61868.8138,-515747.3536,-437266.50999999995,-453878.53979999997
8627000,2388.5922,14404.6995,61667.329,-515405.6617,-436945.04099999997,-453738.3327
8628000,2339.2413,14277.4046,62458.1368,-516950.3323,-437875.5496,-454492.19550000003
8629000,2372.529,14315.464,61705.7497,-515985.8903,-437592.1476,-454280.14060000004
8630000,2370.6103,14242.2889,62201.259,-515636.9575,-436822.7993,-453435.6985
8631000,2353.1371,14239.4594,61895.1942,-515229.3949,-436741.6042,-453334.20070000004
8632000,2378.7301,14366.3299,61790.6493,-515525.1743,-436989.465,-453734.525
8633000,2388.3723,14408.4088,61741.1316,-515654.3859,-437116.4732,-453913.2543
8634000,2369.4102,14251.2035,61652.5408,-515322.9323,-437049.7778,-453670.39149999997
8635000,2345.293,14330.7232,61806.7537,-515746.7888,-437264.01889999997,-453940.0351
8636000,2365.319,14284.9074,61819.5369,-516262.0044,-437792.2411,-454442.46749999997
8637000,2402.6146,14317.3724,62490.7904,-517093.9238,-437883.14639999997,-454603.1334
8638000,2368.8788,14300.779,61667.3025,-515715.711,-437378.7507,-454048.4085
8639000,2382.2952,14382.0161,62345.7195,-517010.0058,-437899.975,-454664.2863
8640000,2368.2346,14251.3262,62017.2562,-516969.2238,-438332.4068,-454951.9676
8641000,2429.0034,14316.9894,62116.4594,-515851.0142,-436988.562,-453734.5548
8642000,2381.0345,14407.3444,62399.2632,-516795.6307,-437607.9886,-454396.3675
8643000,2397.3674,14323.5511,61821.0536,-516228.3957,-437686.4236,-454407.3421
8644000,2394.6693,14335.5313,62172.1966,-516783.4016,-437881.0044,-454611.20499999996
8645000,2369.5138,14278.0035,61723.9159,-515858.5701,-437487.13690000004,-454134.6542
8646000,2369.2945,14232.2433,62198.3342,-515917.0053,-437117.1333,-453718.67110000004
8647000,2395.1849,14405.412,62069.6323,-516580.52,-437710.2908,-454510.8877
8648000,2385.6847,14315.7976,62079.5429,-516409.8094,-437628.7842,-454330.2665
8649000,2358.4001,14277.2645,61591.2102,-515286.5834,-437059.7086,-453695.37320000003
8650000,2399.4028,14333.5631,62153.6354,-516125.9652,-437239.3639,-453972.32979999995
8651000,2388.6306,14296.5651,61977.0514,-516356.1751,-437693.928,-454379.1237
8652000,2389.5115,14277.9168,61971.4749,-515983.6602,-437344.757,-454012.1853
8653000,2344.3061,14286.8373,61923.092,-516262.5499,-437708.3145,-454339.4579
8654000,2369.9941,14362.6909,62293.028,-516975.2572,-437949.5442,-454682.2292
8655000,2401.1335,14219.2546,61908.1476,-515653.3874,-437124.8517,-453745.2398
8656000,2369.6634,14341.8035,62377.2052,-516958.2292,-437869.5571,-454581.024
8657000,2390.4628,14334.8139,62076.0879,-516289.9724,-437488.6078,-454213.88450000004
8658000,2335.4253,14264.9682,62110.6645,-515920.2511,-437209.19310000003,-453809.5866
8659000,2384.9288,14251.3074,62255.1271,-516053.104,-437161.74069999997,-453797.9769
8660000,2363.8544,14332.6071,62212.2767,-516159.106,-437250.3678,-453946.82930000004
8661000,2370.4698,14209.1933,62085.8227,-516257.9407,-437592.4549,-454172.11799999996
8662000,2400.5208,14241.9442,62054.703,-516429.4519,-437732.2839,-454374.7489
8663000,2397.6644,14376.0684,61580.4513,-515907.9138,-437553.72969999997,-454327.46249999997
8664000,2405.0986,14344.9708,62134.5052,-516240.78,-437356.20540000004,-454106.2748
8665000,2365.9824,14191.8545,61745.6547,-516003.7937,-437700.3021,-454258.13899999997
8666000,2373.1259,14335.3236,61853.4844,-515996.3896,-437434.4557,-454142.9052
8667000,2367.1548,14285.8871,61817.2785,-516363.6402,-437893.31980000006,-454546.3617
8668000,2359.4898,14336.0371,62088.2378,-516156.2479,-437372.4832,-454068.0101
8669000,2389.1103,14278.3731,61551.6882,-515365.9737,-437146.8021,-453814.2855
8670000,2353.1579,14228.6983,61761.529,-515816.5745,-437473.18929999997,-454055.0455
8671000,2340.1577,14347.5184,61792.3829,-516181.5772,-437701.5182,-454389.1943
8672000,2392.2743,14275.2355,61629.61,-515391.1404,-437094.0206,-453761.5304
8673000,2371.4282,14234.6829,61962.7269,-515558.5088,-436989.6708,-453595.7819
8674000,2400.9579,14327.7848,61705.2478,-515114.2473,-436680.2568,-453408.9995
8675000,2379.4739,14298.1883,62209.5384,-516175.3079,-437288.10730000003,-453965.7695
8676000,2350.7713,14251.162,62080.6138,-516472.5035,-437789.9564,-454391.8897
8677000,2379.7961,14309.2148,61871.0216,-516041.481,-437481.44850000006,-454170.45940000005
8678000,2367.6354,14250.8913,62113.354,-516165.4418,-437433.5611,-454052.0878
8679000,2388.0778,14230.3478,61789.2357,-516180.71,-437773.04870000004,-454391.4743
8680000,2383.8204,14372.8789,61923.9646,-516263.9058,-437583.2419,-454339.9412
8681000,2375.4961,14253.5331,61761.5461,-516034.0898,-437643.51450000005,-454272.54370000004
8682000,2377.8814,14182.2551,61974.4644,-515848.7086,-437314.10770000005,-453874.2442
8683000,2380.8825,14340.1033,62294.3928,-516136.0956,-437120.717,-453841.70279999997
8684000,2375.2791,14412.8809,61825.9673,-516294.949,-437680.82170000003,-454468.9817
8685000,2347.8855,14310.6902,62102.3083,-516236.3462,-437475.46220000007,-454134.03790000005
8686000,2379.4396,14296.1209,62133.076,-516711.5512,-437902.91469999996,-454578.4752
8687000,2365.6272,14311.0224,62468.4444,-516938.2871,-437793.19310000003,-454469.84270000004
8688000,2402.1275,14239.7804,61473.2519,-515472.386,-437357.22620000003,-453999.1341
8689000,2363.168,14341.4042,62294.7686,-516856.4968,-437857.156,-454561.7282
8690000,2394.1415,14338.5862,61860.4324,-516366.8871,-437773.727,-454506.4547
8691000,2381.5471,14323.9317,62600.67,-517365.8301,-438059.68130000005,-454765.16010000004
8692000,2381.2758,14279.1875,61888.2263,-516359.0703,-437810.38070000004,-454470.84400000004
8693000,2373.7374,14311.2469,62345.9416,-516840.3281,-437809.4022,-454494.38649999996
8694000,2392.6853,14348.439,61715.9509,-515679.8728,-437222.7976,-453963.9219
8695000,2386.6144,14363.0278,61640.5415,-516578.3203,-438188.1366,-454937.77880000003
8696000,2380.0104,14293.8693,61746.2643,-515590.664,-437170.52,-453844.3997
8697000,2364.0993,14293.0619,61735.4166,-515772.3776,-437379.79980000004,-454036.961
8698000,2378.929,14306.4915,62102.5901,-515824.0332,-437036.0226,-453721.44310000003
8699000,2355.7472,14262.0513,61770.9032,-516112.645,-437723.94330000004,-454341.7418
8700000,2370.8572,14177.8607,62534.4647,-516690.8117,-437607.6291,-454156.347
8701000,2369.8756,14141.0976,62376.3964,-516961.471,-438074.10140000004,-454585.07460000005
8702000,2384.7502,14288.1187,61471.9525,-515209.002,-437064.18059999996,-453737.04949999996
8703000,2367.4089,14286.2062,61732.0908,-515506.8098,-437121.1039,-453774.719
8704000,2362.2729,14213.1744,61451.1025,-515890.4015,-437863.8517,-454439.299
8705000,2393.7208,14234.4756,61912.152,-516160.79,-437620.44159999996,-454248.638
8706000,2399.9847,14233.4701,61784.093,-516066.8974,-437649.3496,-454282.8044
8707000,2430.3719,14299.879,61893.7583,-516316.3176,-437692.3084,-454422.5593
8708000,2378.0844,14287.5557,62267.5236,-516208.8779,-437275.71420000005,-453941.3543
8709000,2360.6953,14311.3533,62132.6985,-516217.4303,-437412.68319999997,-454084.7318
8710000,2414.2577,14289.8356,61775.5126,-515795.3709,-437315.765,-454019.85829999996
8711000,2399.1255,14276.4847,62087.9337,-516327.0662,-437563.5223,-454239.1325
8712000,2416.4916,14356.3855,62025.892,-516334.3134,-437535.54429999995,-454308.4214
8713000,2361.4005,14203.2733,62262.2689,-516686.8402,-437859.89749999996,-454424.57129999995
8714000,2363.9124,14292.6144,62555.6605,-516786.1794,-437573.99210000003,-454230.5189
8715000,2381.8192,14312.422,61785.3426,-516040.1571,-437560.5733,-454254.8145
8716000,2392.6157,14285.1571,61706.1563,-516068.7712,-437684.8421,-454362.61490000004
8717000,2345.5071,14269.33,62086.5322,-516388.9557,-437687.5864,-454302.4235
8718000,2359.4286,14261.1483,62094.4499,-516267.0549,-437552.0281,-454172.605
8719000,2361.2129,14284.877,62004.445,-516233.4574,-437582.9225,-454229.0124
8720000,2388.2971,14223.8373,61533.561,-515278.2388,-437132.54339999997,-453744.6778
8721000,2395.6302,14235.7567,61847.455,-515700.9172,-437222.0753,-453853.4622
8722000,2365.9089,14302.5728,61817.7544,-515327.8236,-436841.5875,-453510.0692
8723000,2378.1741,14370.2761,61794.1422,-515589.2856,-437046.6932,-453795.1434
8724000,2379.3569,14310.6629,61947.8734,-515541.5879,-436903.6947,-453593.7145
8725000,2389.5748,14311.3327,61927.9925,-515729.2559,-437100.35589999997,-453801.2634
8726000,2385.8639,14311.2778,62430.4932,-516966.7663,-437839.1314,-454536.2731
8727000,2391.475,14362.8116,62410.4925,-517068.1769,-437903.39780000004,-454657.6844
8728000,2360.4978,14305.9347,62351.2519,-516576.3365,-437558.65209999995,-454225.08459999994
8729000,2351.9045,14370.9003,62029.7669,-516417.3134,-437664.7417,-454387.5465
8730000,2392.6766,14316.0379,62488.0101,-517368.4735,-438171.7489,-454880.4634
8731000,2372.6275,14295.4081,62162.0234,-516574.7238,-437744.66479999997,-454412.7004
8732000,2377.6138,14344.4063,62243.866,-516406.6202,-437440.7341,-454162.7542
8733000,2386.7889,14137.4059,62103.9439,-516395.9111,-437767.7724,-454291.9672
8734000,2391.9008,14330.5741,61788.3656,-516421.2823,-437910.44180000003,-454632.9167
8735000,2370.1525,14258.7556,62264.0554,-516340.3056,-437447.3421,-454076.2502
8736000,2348.1406,14350.3411,61822.9524,-516005.5019,-437484.06779999996,-454182.54949999996
8737000,2344.3142,14350.2124,61938.1127,-516536.8819,-437904.2426,-454598.7692
8738000,2385.7004,14384.8042,62410.8714,-516765.9567,-437584.5807,-454355.0853
8739000,2378.6537,14353.3077,62051.716,-516252.9983,-437469.3209,-454201.28229999996
8740000,2455.2004,14326.5953,61824.9497,-515695.5246,-437088.7792,-453870.5749
8741000,2396.5423,14286.9539,61545.0725,-515458.0604,-437229.4917,-453912.9879
8742000,2390.8237,14355.3804,62181.5699,-516300.716,-437372.94200000004,-454119.1461
8743000,2374.4724,14345.5277,62319.7962,-516798.2131,-437758.4168,-454478.4169
8744000,2406.2333,14290.9296,61601.7111,-515819.5526,-437520.6786,-454217.8415
8745000,2365.4298,14273.5638,62399.2142,-516821.4576,-437783.2498,-454422.24340000004
8746000,2392.2438,14300.1326,61889.9669,-515792.3217,-437209.97839999996,-453902.3548
8747000,2361.7446,14221.6587,62230.4292,-516418.9002,-437605.0677,-454188.47099999996
8748000,2365.6275,14296.6874,61999.8519,-516175.1187,-437512.9519,-454175.2668
8749000,2364.9085,14335.285,61942.227,-516240.553,-437598.1325,-454298.326
8750000,2375.3293,14318.643,61628.993,-515907.4444,-437584.4791,-454278.45139999996
8751000,2366.3641,14246.343,61337.2664,-515701.186,-437751.2125,-454363.91959999996
8752000,2379.3689,14407.5691,62246.3196,-515983.0585,-436949.8009,-453736.7389
8753000,2366.2067,14289.3457,61733.8314,-515849.1274,-437459.7436,-454115.296
8754000,2394.2735,14326.9551,62282.0868,-517030.4675,-438027.15210000006,-454748.38070000004
8755000,2357.811,14287.3766,61960.3537,-516584.8169,-437979.2756,-454624.4632
8756000,2377.9429,14331.9537,61624.2203,-515520.786,-437186.66910000006,-453896.56570000004
8757000,2393.8134,14290.8606,61638.9932,-516187.1098,-437863.44259999995,-454548.11659999995
8758000,2348.2834,14301.8784,61823.982,-515702.5978,-437228.45399999997,-453878.61579999997
8759000,2420.7852,14269.9342,61625.447,-515367.3395,-437051.1731,-453741.8925
8760000,2387.3893,14269.8335,61867.6316,-516186.7065,-437661.85209999996,-454319.07489999995
8761000,2386.3108,14207.4194,62084.9578,-516646.5416,-437967.85360000003,-454561.5838
8762000,2406.1412,14263.9696,62234.2255,-516552.974,-437648.63769999996,-454318.7485
8763000,2351.1486,14252.104,62663.4694,-517041.9089,-437775.1869,-454378.4395
8764000,2415.2795,14314.5528,61507.5065,-515847.7258,-437610.387,-454340.2193
8765000,2376.6277,14233.6373,61622.6657,-515470.8498,-437237.91910000006,-453848.1841
8766000,2378.4508,14280.8867,61409.6304,-515127.0745,-437058.1066,-453717.44409999996
8767000,2409.2054,14340.5186,61224.2346,-515001.8187,-437027.8601,-453777.5841
8768000,2381.8913,14252.0594,61720.0224,-515934.3013,-437580.3282,-454214.2789
8769000,2404.7797,14411.5689,62459.9691,-517138.8166,-437862.4989,-454678.84750000003
8770000,2399.7829,14318.6893,62008.0069,-516321.0292,-437594.5501,-454313.0223
8771000,2387.6551,14208.8498,61724.0905,-515901.2706,-437580.6752,-454177.1801
8772000,2381.1744,14197.0707,61909.2305,-515838.7625,-437351.2869,-453929.532
8773000,2388.4633,14309.9783,62204.0682,-516761.9977,-437859.4879,-454557.9295
8774000,2366.4637,14396.3255,62505.3786,-516819.4893,-437551.3215,-454314.1107
8775000,2377.4511,14303.0649,62248.8378,-516520.7445,-437591.3907,-454271.9067
8776000,2377.3907,14321.7619,61939.7885,-516011.6217,-437372.6806,-454071.8332
8777000,2403.907,14278.7639,62106.568,-516242.6085,-437453.3696,-454136.0405
8778000,2382.739,14196.8894,62446.109,-516507.8957,-437482.1583,-454061.7867
8779000,2371.0334,14222.591,61904.9713,-516084.4384,-437585.8427,-454179.4671
8780000,2334.3831,14291.707,62469.7233,-517056.0598,-437960.2464,-454586.3365
8781000,2396.4787,14417.8076,62215.2597,-516231.6353,-437202.0893,-454016.3756
8782000,2386.925,14269.2014,61785.519,-515958.9988,-437517.3534,-454173.4798
8783000,2404.1324,14258.3707,62097.1277,-516080.9823,-437321.3515,-453983.85459999996
8784000,2368.0801,14297.5792,62082.7849,-516299.0885,-437550.64430000004,-454216.3036
8785000,2350.5031,14250.8123,61631.2904,-515307.3997,-437074.79390000005,-453676.1093
8786000,2408.9418,14262.9202,61375.3738,-515648.9419,-437601.70609999995,-454273.5681
8787000,2359.2392,14329.4044,62705.1763,-516901.1729,-437507.353,-454195.9966
8788000,2362.8947,14258.9899,61941.1311,-516462.292,-437899.2763,-454521.1609
8789000,2363.7336,14288.902,62252.709,-516761.1594,-437855.8148,-454508.4504
8790000,2357.8147,14304.5458,62074.3882,-516004.6525,-437267.90380000003,-453930.26430000004
8791000,2372.5391,14338.053,61899.2004,-515976.7426,-437366.9501,-454077.5422
8792000,2376.7795,14183.8342,61874.2665,-515996.6773,-437561.79709999997,-454122.41079999995
8793000,2378.8301,14187.318,62491.9667,-516427.1696,-437369.05480000004,-453935.20290000003
8794000,2383.1089,14195.098,61768.0901,-515835.3235,-437489.0265,-454067.2334
8795000,2362.2589,14282.1081,61326.5582,-515739.8292,-437768.904,-454413.27099999995
8796000,2360.7786,14230.7516,62534.2536,-517216.5719,-438090.7881,-454682.3183
8797000,2364.1571,14316.2769,61431.3307,-515826.9971,-437715.2324,-454395.6664
8798000,2421.8352,14299.4652,61805.2997,-516473.5599,-437946.95979999995,-454668.2602
8799000,2360.6427,14345.2771,62075.721,-515835.7529,-437054.1121,-453760.0319
8800000,2363.8854,14248.7655,61812.1001,-516111.7025,-437686.9515,-454299.60240000003
8801000,2384.7873,14341.7539,62056.7134,-516014.8859,-437231.6313,-453958.1725
8802000,2343.4875,14214.4858,61986.5602,-516664.2439,-438119.7104,-454677.6837
8803000,2377.6715,14240.6611,61961.5551,-516010.0325,-437430.1448,-454048.4774
8804000,2382.651,14341.2244,62227.9224,-516179.0357,-437227.2379,-453951.1133
8805000,2345.1424,14208.0535,62086.9544,-515988.6479,-437348.4976,-453901.6935
8806000,2352.39,14261.1586,61513.0286,-515133.3626,-437006.7854,-453620.334
8807000,2384.8725,14399.1859,62220.3139,-516614.5111,-437610.1388,-454394.1972
8808000,2402.7424,14285.9573,62494.6099,-517572.8453,-438389.5357,-455078.2354
8809000,2346.2927,14250.6765,62257.5058,-516519.458,-437664.983,-454261.9522
8810000,2380.6698,14301.8287,62278.0908,-516846.9419,-437886.3526,-454568.85109999997
8811000,2408.448,14197.1363,61934.365,-515943.0157,-437403.0664,-454008.6507
8812000,2372.3955,14243.6603,62114.4765,-516474.1019,-437743.56960000005,-454359.6254
8813000,2390.8259,14397.2458,62141.4487,-516249.8191,-437320.29870000004,-454108.3704
8814000,2425.6261,14375.8364,61827.6222,-515662.6765,-437033.5918,-453835.0543
8815000,2375.3869,14266.0815,61766.5528,-516076.1414,-437668.1202,-454309.5886
8816000,2375.1495,14275.607,61824.2733,-515839.1363,-437364.1065,-454014.863
8817000,2384.9437,14262.8247,61831.9408,-515871.4703,-437391.7611,-454039.5295
8818000,2386.5357,14331.0198,62307.79,-516280.7342,-437255.3887,-453972.9442
8819000,2379.0798,14352.1691,62723.0221,-517235.531,-437781.26,-454512.5089
8820000,2364.7106,14344.3432,62253.1117,-516785.4696,-437823.3041,-454532.3579
8821000,2357.8968,14232.7346,62328.5353,-516993.6227,-438074.456,-454665.0874
8822000,2374.6719,14243.6339,61859.8836,-516824.7874,-438346.598,-454964.9038
8823000,2399.6757,14299.1708,62130.7695,-517018.8649,-438189.2489,-454888.0954
8824000,2371.3725,14276.104,62290.9987,-516608.5784,-437670.1032,-454317.5797
8825000,2373.6448,14205.9629,62484.1611,-516839.0868,-437775.31799999997,-454354.9257
8826000,2396.3373,14309.9708,61364.7187,-514524.9201,-436453.8933,-453160.2014
8827000,2400.312,14400.4032,62008.6146,-516337.8761,-437528.5463,-454329.2615
8828000,2348.8741,14326.9238,61614.7388,-515648.4788,-437357.9421,-454033.74
8829000,2370.1679,14222.1593,62009.0735,-516423.8254,-437822.4247,-454414.7519
8830000,2375.4327,14314.5235,61620.0818,-515777.4717,-437467.4337,-454157.3899
8831000,2348.4283,14327.3999,61947.0726,-515981.9575,-437359.0567,-454034.8849
8832000,2363.1663,14281.3296,61960.309,-515741.1893,-437136.38440000004,-453780.8803
8833000,2374.6443,14286.1413,62016.7743,-515836.9463,-437159.3864,-453820.172
8834000,2381.6747,14197.4716,61185.0858,-514969.0332,-437204.80110000004,-453783.9474
8835000,2361.5167,14248.2986,62317.5388,-517076.58,-438149.2259,-454759.04120000004
8836000,2344.3591,14311.1477,61924.792,-516071.1028,-437490.804,-454146.3108
8837000,2391.9955,14260.3117,61909.2567,-516436.0557,-437874.4918,-454526.799
8838000,2398.1092,14298.0338,61894.2109,-516049.1952,-437458.84130000003,-454154.9843
8839000,2362.0334,14331.7456,62189.9809,-516343.9314,-437460.1715,-454153.9505
8840000,2383.6008,14330.8333,62306.7195,-516604.0306,-437582.877,-454297.3111
8841000,2373.8295,14260.0427,61543.7873,-515985.7187,-437808.0592,-454441.9314
8842000,2354.3029,14250.7228,61766.6354,-515546.8097,-437175.14859999996,-453780.17429999996
8843000,2339.2296,14343.4233,61934.0542,-515907.3343,-437290.6272,-453973.2801
8844000,2363.7367,14264.7236,61539.3958,-515330.8315,-437162.9754,-453791.4357
8845000,2389.4268,14258.5622,62034.1822,-516255.062,-437572.89079999994,-454220.8798
8846000,2427.4158,14315.208,61772.544,-516010.0196,-437494.8518,-454237.4756
8847000,2355.7565,14368.75,61925.1958,-515812.1142,-437162.4119,-453886.9184
8848000,2374.9943,14190.9988,61398.1098,-515846.1424,-437882.0395,-454448.03260000004
8849000,2373.2644,14305.0875,61790.3487,-515959.7594,-437491.0588,-454169.4107
8850000,2389.9212,14339.5982,62028.8263,-516307.7341,-437549.3884,-454278.9078
8851000,2372.9588,14240.0873,62000.4471,-516204.5501,-437591.05689999997,-454204.103
8852000,2407.53,14290.5043,62486.0566,-517016.4444,-437832.35349999997,-454530.38779999997
8853000,2327.0148,14239.336,61623.9054,-515751.8833,-437561.6271,-454127.9779
8854000,2391.6771,14319.55,61599.7034,-515198.0955,-436887.165,-453598.3921
8855000,2374.3684,14297.4624,61753.7483,-515759.7906,-437334.2115,-454006.04230000003
8856000,2357.3523,14276.8626,61829.6161,-516102.5693,-437638.73829999997,-454272.9532
8857000,2414.0876,14257.621,62011.4062,-516065.8267,-437382.7119,-454054.4205
8858000,2359.769,14306.0596,61924.8079,-515741.7394,-437151.10290000006,-453816.9315
8859000,2330.8305,14168.9057,62203.1967,-515882.8647,-437179.93179999996,-453679.66799999995
8860000,2393.1176,14263.0034,61735.1765,-515365.3808,-436974.0833,-453630.2043
8861000,2397.7347,14315.5448,61626.5877,-515781.0324,-437441.16520000005,-454154.44470000005
8862000,2365.9793,14191.7042,62719.8543,-517284.9098,-438007.37200000003,-454565.0555
8863000,2351.3753,14353.192,62099.344,-516756.4047,-437952.49340000004,-454657.06070000003
8864000,2382.0682,14260.2938,62394.4841,-516785.6713,-437748.82519999996,-454391.1872
8865000,2365.2727,14254.1222,62419.9078,-516656.335,-437617.0323,-454236.42720000003
8866000,2382.0961,14347.7448,62211.7322,-516494.3774,-437552.8043,-454282.6452
8867000,2411.6202,14301.1775,61618.3679,-515290.9177,-436959.7521,-453672.5498
8868000,2406.241,14387.4873,61416.2856,-515958.5876,-437748.5737,-454542.302
8869000,2354.6793,14276.6464,61867.2685,-516260.2391,-437761.6449,-454392.9706
8870000,2388.7561,14293.0694,62293.5332,-516290.977,-437315.61830000003,-453997.4438
8871000,2350.6656,14196.5122,62357.8971,-516848.7906,-437943.7157,-454490.8935
8872000,2379.3858,14314.4448,62140.2217,-516356.7979,-437522.7456,-454216.5762
8873000,2347.9779,14305.7359,62077.1683,-516179.4635,-437448.5814,-454102.2952
8874000,2350.654,14263.7143,61555.3929,-515415.6388,-437245.8776,-453860.24590000004
8875000,2335.2437,14302.5125,62063.3887,-516448.2702,-437747.1253,-454384.8815
8876000,2386.045,14274.426,62462.1066,-516853.0594,-437730.48180000007,-454390.9528
8877000,2374.8761,14159.116,62172.8203,-516296.6746,-437589.86220000003,-454123.8543
8878000,2364.4181,14280.0446,61230.5201,-514960.898,-437085.9152,-453730.37789999996
8879000,2399.2614,14302.4625,61810.9316,-515227.0529,-436714.3974,-453416.1213
8880000,2352.2178,14253.4006,62106.0645,-515579.5214,-436867.8385,-453473.45690000005
8881000,2373.0609,14286.9141,61560.3656,-515189.6658,-436969.3252,-453629.3002
8882000,2385.4977,14191.2495,61895.2725,-515853.3628,-437381.3431,-453958.0903
8883000,2372.1485,14266.6866,61587.5157,-515738.6261,-437512.2753,-454151.1104
8884000,2337.499,14201.5424,61965.4204,-515902.1165,-437397.6547,-453936.6961
8885000,2349.4793,14282.3881,61870.0745,-515902.3723,-437400.43039999995,-454032.2978
8886000,2400.9295,14196.0324,61772.3077,-516176.1362,-437806.8666,-454403.8285
8887000,2376.3762,14143.3006,62545.4333,-517057.3972,-437992.2871,-454511.96390000003
8888000,2363.1315,14196.2095,61600.0904,-515709.5274,-437550.096,-454109.43700000003
8889000,2384.2802,14272.334,61852.8393,-516100.3854,-437590.9319,-454247.54610000004
8890000,2370.5206,14190.8263,61740.7929,-516062.5787,-437760.4389,-454321.7858
8891000,2371.0853,14251.963,62168.7942,-516439.4087,-437647.5662,-454270.6145
8892000,2396.2192,14225.2432,62082.313,-516291.1078,-437587.3324,-454208.7948
8893000,2374.3925,14182.368,61233.6989,-515282.7362,-437492.2768,-454049.03729999997
8894000,2384.8571,14253.9635,61593.8728,-515496.0049,-437263.3115,-453902.1321
8895000,2373.169,14252.7218,61737.2799,-515667.8344,-437304.6637,-453930.55449999997
8896000,2398.2161,14281.9737,62177.1656,-516017.4044,-437160.049,-453840.2388
8897000,2363.2069,14300.566,62208.4582,-516548.6178,-437676.38670000003,-454340.1596
8898000,2334.9899,14301.4023,62455.6029,-516618.6981,-437526.703,-454163.0952
8899000,2353.7413,14244.3624,61505.4166,-515495.986,-437392.46569999994,-453990.5694
8900000,2352.9113,14247.5381,61951.4662,-516104.6885,-437552.7729,-454153.22229999996
8901000,2412.5771,14291.0481,62219.2482,-516371.4874,-437448.614,-454152.23919999995
8902000,2382.0127,14278.4733,62159.2582,-516063.1558,-437243.4116,-453903.8976
8903000,2391.2582,14340.3599,61536.2584,-515363.1009,-437095.2244,-453826.8425
8904000,2318.9802,14301.6982,62035.1309,-515852.7326,-437196.9233,-453817.6017
8905000,2369.2298,14293.2673,61583.1817,-515442.5072,-437196.8284,-453859.3255
8906000,2385.6843,14224.1523,62346.069,-516783.026,-437827.1204,-454436.957
8907000,2370.2045,14292.597,62026.0383,-516780.3357,-438091.4959,-454754.2974
8908000,2366.6388,14244.7679,62235.0896,-516837.1532,-437990.6569,-454602.0636
8909000,2343.6404,14208.809,61687.5465,-516139.0952,-437899.0993,-454451.5487
8910000,2371.0063,14256.8356,62608.6607,-516648.7863,-437412.28369999997,-454040.12559999997
8911000,2358.5946,14238.8397,62229.4392,-516431.7476,-437604.8741,-454202.3084
8912000,2371.1674,14288.9718,62225.6887,-516218.8931,-437333.06519999995,-453993.2044
8913000,2403.1387,14279.461,61217.9983,-515221.5261,-437320.9281,-454003.52780000004
8914000,2416.8728,14303.0589,62211.9117,-516000.1407,-437068.2973,-453788.229
8915000,2359.7279,14269.8914,62308.7555,-516503.4351,-437565.0603,-454194.67960000003
8916000,2388.8622,14347.0836,62339.6524,-516482.5737,-437406.9755,-454142.9213
8917000,2378.5376,14237.9189,62331.2384,-516632.5328,-437684.8379,-454301.2944
8918000,2389.2687,14360.7026,62210.0375,-516294.2512,-437334.2424,-454084.2137
8919000,2343.1474,14277.1103,61930.8481,-516644.5551,-438093.4493,-454713.707
8920000,2399.907,14256.1061,62986.9329,-517840.21,-438197.264,-454853.2771
8921000,2389.2312,14348.2071,61883.1133,-516429.659,-437809.1074,-454546.5457
8922000,2362.678,14317.6597,61712.6651,-515456.8983,-437063.8955,-453744.2332
8923000,2413.399,14350.7364,62233.3386,-516244.6471,-437247.1731,-454011.3085
8924000,2377.4006,14235.6466,62130.5583,-516079.0119,-437335.4064,-453948.4536
8925000,2384.674,14335.6235,62009.8477,-516890.9337,-438160.7885,-454881.086
8926000,2389.1816,14244.4736,62194.4165,-516060.8683,-437232.7966,-453866.4518
8927000,2369.72,14263.5794,62199.1453,-516524.8828,-437692.4381,-454325.73750000005
8928000,2372.1332,14297.5455,61797.0579,-515781.7815,-437315.0449,-453984.72359999997
8929000,2400.3752,14314.7663,62258.1175,-515558.9486,-436585.68960000004,-453300.8311
8930000,2347.0206,14276.3243,62191.245,-516479.8797,-437665.28979999997,-454288.6347
8931000,2408.5141,14267.3434,62562.6855,-516360.9162,-437122.3732,-453798.23069999996
8932000,2406.7802,14287.6125,61941.0959,-515797.1818,-437161.69320000004,-453856.0859
8933000,2374.7228,14398.8469,61699.7032,-515790.1361,-437316.8632,-454090.4329
8934000,2376.5533,14207.784,61375.6729,-515179.4033,-437219.3931,-453803.7304
8935000,2364.7814,14286.5763,61559.3434,-515720.1972,-437509.4961,-454160.8538
8936000,2371.305,14248.4545,61963.9273,-516225.3684,-437641.6816,-454261.4411
8937000,2403.7254,14288.9707,61462.163,-515275.7205,-437120.8614,-453813.5575
8938000,2415.8783,14328.4689,62134.8532,-516541.1029,-437661.90249999997,-454406.2497
8939000,2375.554,14352.4611,62038.8013,-516156.8014,-437389.985,-454118.0001
8940000,2375.5052,14313.1462,61324.5741,-515032.8171,-437019.5916,-453708.243
8941000,2391.151,14234.6632,61864.4885,-516206.815,-437716.5123,-454342.3265
8942000,2367.9155,14283.041,62303.566,-516553.7516,-437599.2291,-454250.1856
8943000,2323.0913,14243.895,62107.2239,-516240.7273,-437566.51710000006,-454133.50340000005
8944000,2392.5736,14325.8155,61876.2705,-516601.7144,-438007.0548,-454725.4439
8945000,2371.5869,14266.2084,62333.4004,-516932.6793,-437961.48360000004,-454599.27890000003
8946000,2386.9144,14218.709,61929.3168,-516624.8793,-438089.93909999996,-454695.5625
8947000,2399.6109,14312.0768,62487.3874,-517166.8268,-437967.75169999996,-454679.4394
8948000,2412.2504,14332.452,61778.0879,-515919.106,-437396.31570000004,-454141.01810000004
8949000,2390.6499,14303.4239,62493.141,-516698.988,-437511.7732,-454205.847
8950000,2398.4065,14318.3306,61883.6453,-515895.0571,-437294.6747,-454011.4118
8951000,2341.4186,14241.2983,62038.7702,-516298.6333,-437677.14619999996,-454259.86309999996
8952000,2396.5212,14262.2741,61674.4422,-516072.4144,-437739.1769,-454397.9722
8953000,2337.2908,14256.6457,62003.5143,-517033.6194,-438436.16860000003,-455030.10510000004
8954000,2423.0574,14306.7501,62150.4717,-516710.3683,-437830.0891,-454559.8966
8955000,2364.336,14258.158,61836.2444,-515824.11,-437365.37159999995,-453987.86559999996
8956000,2398.4224,14347.9952,62346.2188,-516229.9262,-437137.28979999997,-453883.70739999996
8957000,2386.488,14238.4255,61215.7343,-515514.4672,-437673.81940000004,-454298.7329
8958000,2394.9675,14274.348,61872.1154,-515618.1546,-437076.7237,-453746.0392
8959000,2389.9028,14259.8886,61488.1451,-515672.5913,-437534.65479999996,-454184.44619999995
8960000,2347.186,14242.8184,62172.2559,-516314.2843,-437552.024,-454142.0284
8961000,2362.3768,14207.3577,61805.0002,-515959.5192,-437584.78449999995,-454154.519
8962000,2393.9419,14234.4585,61502.8809,-515610.9974,-437479.71609999996,-454108.1165
8963000,2393.9869,14325.2573,61366.2577,-515611.6093,-437526.1074,-454245.3516
8964000,2397.5424,14296.0784,62058.1456,-516264.5406,-437512.7742,-454206.395
8965000,2400.8659,14316.0158,62556.4619,-516667.1131,-437393.76950000005,-454110.6512
8966000,2387.1706,14230.0437,61953.3073,-516082.3181,-437511.79649999994,-454129.0108
8967000,2409.8238,14349.9844,61692.8778,-516242.5226,-437789.83660000004,-454549.6448
8968000,2356.0813,14231.5318,61934.9965,-516156.0828,-437633.4732,-454221.08629999997
8969000,2364.2232,14335.7663,62147.0464,-516304.9951,-437457.9592,-454157.9487
8970000,2391.014,14329.7403,61702.3789,-515298.4364,-436875.30319999997,-453596.0575
8971000,2399.4029,14309.6978,62030.9711,-515994.7683,-437254.69649999996,-453963.7972
8972000,2374.8883,14200.6258,61432.987,-514964.511,-436956.0099,-453531.524
8973000,2388.0764,14276.26,62069.4305,-515791.5024,-437057.7355,-453722.0719
8974000,2366.1343,14258.6251,62059.77,-516220.6645,-437536.1351,-454160.8945
8975000,2402.5031,14229.4965,61600.7091,-516040.0477,-437807.339,-454439.3386
8976000,2379.3949,14257.5521,61990.1699,-516627.4826,-438000.36569999997,-454637.3127
8977000,2375.7871,14186.4546,61560.9789,-515387.4436,-437264.223,-453826.4647
8978000,2383.271,14419.5539,62109.5351,-516599.9044,-437687.5444,-454490.3693
8979000,2378.9993,14321.4988,61863.4071,-515984.4144,-437420.50920000003,-454121.0073
8980000,2376.0381,14327.4198,62353.409,-516760.21,-437703.34310000006,-454406.80100000004
8981000,2386.936,14261.7336,61657.0265,-515945.317,-437639.6209,-454288.2905
8982000,2344.8302,14280.5706,61883.4105,-516482.299,-437973.4877,-454598.8885
8983000,2379.0289,14366.5516,62011.0862,-516670.5403,-437913.8736,-454659.4541
8984000,2356.8348,14216.5839,61720.9645,-515927.3711,-437632.9879,-454206.4066
8985000,2370.0337,14241.8419,62163.3602,-516406.0424,-437630.8066,-454242.6822
8986000,2348.2055,14281.556,61982.3169,-515899.0905,-437287.0121,-453916.7736
8987000,2336.3961,14266.2772,62138.7275,-516140.6077,-437399.2069,-454001.8802
8988000,2371.5481,14275.8095,62186.745,-516365.588,-437531.4854,-454178.843
8989000,2380.2165,14273.6935,62170.8289,-515968.7011,-437143.9622,-453797.8722
8990000,2386.522,14298.4472,61928.5401,-515715.8174,-437102.3081,-453787.2773
8991000,2382.4217,14352.4775,61697.2152,-515534.153,-437102.03859999997,-453836.9378
8992000,2388.2286,14312.8984,62276.2663,-516736.8696,-437759.4763,-454460.60329999996
8993000,2379.3179,14174.1413,61791.5643,-516049.0972,-437704.0737,-454257.5329
8994000,2353.1072,14257.9948,61954.28,-516529.1373,-437963.7553,-454574.85730000003
8995000,2359.7135,14219.5133,61411.6565,-515116.0543,-437125.17100000003,-453704.39780000004
8996000,2353.3864,14215.1234,62288.2395,-516649.8145,-437793.06519999995,-454361.57499999995
8997000,2364.9587,14201.1702,62060.9093,-516578.9572,-437951.919,-454518.0479
8998000,2358.9303,14228.2794,61726.7273,-515587.2461,-437273.30909999995,-453860.51879999996
8999000,2390.4912,14308.7512,61721.8957,-516079.3245,-437658.1864,-454357.4288
9000000,2381.5341,14333.1332,61497.6538,-515833.511,-437621.1899,-454335.85719999997
9001000,2375.7988,14287.2011,61733.6578,-515499.982,-437103.32430000004,-453766.32420000003
9002000,2391.6726,14333.8216,62133.5806,-516765.1217,-437906.0469,-454631.54110000003
9003000,2405.2223,14277.3828,62676.6685,-517311.171,-437951.89739999996,-454634.50249999994
9004000,2364.9745,14322.009,61969.9918,-516224.3659,-437567.3906,-454254.37409999996
9005000,2342.1656,14317.8917,61731.0227,-515382.721,-436991.641,-453651.69830000005
9006000,2363.1872,14355.6398,62064.1464,-515807.424,-437024.4506,-453743.27760000003
9007000,2386.4903,14215.0795,61791.4584,-516210.395,-437817.3668,-454418.9366
9008000,2420.8486,14248.0866,61784.4681,-515888.6781,-437435.2748,-454104.21
9009000,2393.6138,14219.8421,61739.9019,-516189.3816,-437836.0238,-454449.4797
9010000,2347.8986,14206.8732,61710.4648,-516436.8251,-438171.5885,-454726.3603
9011000,2380.8033,14234.7943,61496.5443,-515606.1988,-437494.0569,-454109.6545
9012000,2370.0419,14295.2172,61471.8276,-515596.8563,-437459.7696,-454125.02869999997
9013000,2381.5058,14297.6063,62296.8019,-516650.7747,-437674.8607,-454353.9728
9014000,2416.4213,14328.226,62461.9815,-517349.1086,-438142.4798,-454887.1271
9015000,2438.9322,14302.5021,62263.9628,-516266.3107,-437260.91359999997,-454002.3479
9016000,2343.4682,14234.5649,61838.5246,-515611.0704,-437194.5127,-453772.5458
9017000,2402.5775,14386.039,62080.4956,-516183.5055,-437314.39340000006,-454103.0099
9018000,2379.7843,14323.3401,62665.9821,-516754.4313,-437385.3248,-454088.4492
9019000,2381.665,14281.1049,61725.5042,-515719.6487,-437331.3746,-453994.1445
9020000,2366.2014,14153.9229,61604.1086,-515306.4276,-437182.1947,-453702.319
9021000,2381.4178,14390.9716,62176.9839,-516462.4258,-437513.0525,-454285.44190000003
9022000,2372.3095,14243.0558,62023.9004,-516055.8563,-437416.5906,-454031.9559
9023000,2364.07,14239.1566,61442.2488,-515274.7564,-437229.281,-453832.5076
9024000,2401.404,14201.9054,61959.8003,-516214.0805,-437650.9708,-454254.2802
9025000,2430.8834,14334.5031,62677.4912,-517227.6121,-437784.7344,-454550.12090000004
9026000,2373.2116,14223.733,61936.8721,-515965.6635,-437431.84680000006,-454028.79140000005
9027000,2368.3558,14356.775,62181.0481,-517133.5796,-438227.4007,-454952.5315
9028000,2387.9379,14237.2918,62303.4364,-516427.113,-437498.4469,-454123.6766
9029000,2350.9213,14210.3996,62072.4671,-516874.5727,-438240.7847,-454802.1056
9030000,2413.5743,14295.8041,62425.2955,-516753.6912,-437619.0173,-454328.3957
9031000,2384.685,14312.7052,62235.9885,-516822.3978,-437889.0191,-454586.4093
9032000,2398.022,14346.2703,61872.0866,-516490.3181,-437873.93919999996,-454618.2315
9033000,2385.333,14215.6597,62062.934,-516031.0587,-437367.132,-453968.1247
9034000,2368.1226,14299.1967,61892.9656,-516472.8332,-437912.5483,-454579.8676
9035000,2346.9384,14266.4387,62297.4633,-516859.0665,-437948.2261,-454561.6032
9036000,2410.8814,14218.2271,61762.9185,-515937.1228,-437545.0958,-454174.2043
9037000,2383.7758,14260.4105,62522.5984,-517163.3063,-437996.5216,-454640.7079
9038000,2361.8424,14179.5968,62150.4884,-515978.3638,-437286.4362,-453827.8754
9039000,2377.2159,14299.263,61851.9088,-516107.1994,-437578.81169999996,-454255.2906
9040000,2379.1996,14294.2868,61844.5179,-516198.0377,-437680.03339999996,-454353.5198
9041000,2379.242,14188.9009,62402.2222,-516582.3848,-437612.0197,-454180.1626
9042000,2397.2136,14434.0324,62527.7361,-516824.6771,-437465.69499999995,-454296.941
9043000,2341.0394,14180.8186,61352.1161,-515294.4272,-437420.4531,-453942.3111
9044000,2383.9464,14360.4415,62110.3072,-516164.6219,-437309.9268,-454054.31470000005
9045000,2355.7264,14277.8111,61349.0533,-514631.3391,-436648.7483,-453282.28579999995
9046000,2383.4753,14383.9105,62013.5333,-515788.3265,-437007.4074,-453774.7932
9047000,2347.6316,14319.2169,62038.8821,-516224.5518,-437518.8212,-454185.6697
9048000,2367.3756,14238.9405,61746.9364,-515985.857,-437632.6045,-454238.9206
9049000,2378.9458,14209.1033,62211.5882,-516929.1779,-438129.5406,-454717.5897
9050000,2374.242,14140.5023,62025.5853,-516106.4351,-437566.1055,-454080.8498
9051000,2404.6481,14254.3001,62527.0133,-517071.0837,-437885.1222,-454544.0704
9052000,2372.4578,14215.0906,61505.5467,-516299.8014,-438206.70629999996,-454794.2547
9053000,2349.8679,14154.3734,62207.8545,-516365.2757,-437653.1799,-454157.4212
9054000,2359.5961,14265.824,62027.532,-515702.2046,-437049.2525,-453674.6726
9055000,2344.4137,14244.7284,61936.4577,-515167.0576,-436641.4578,-453230.59990000003
9056000,2371.2462,14254.4469,62202.6712,-516150.0684,-437321.7041,-453947.3972
9057000,2367.2175,14283.1673,61986.0213,-516113.0708,-437476.66469999996,-454127.04949999996
9058000,2399.2825,14309.5541,61426.1151,-514808.0245,-436673.07279999997,-453381.9094
9059000,2339.603,14268.4012,61642.6068,-515247.133,-436996.522,-453604.52619999996
9060000,2427.035,14339.9486,61997.0643,-516105.0004,-437340.9525,-454107.93610000005
9061000,2366.6902,14360.5421,62272.2798,-516290.8139,-437291.3018,-454018.5341
9062000,2375.7972,14275.0293,61914.2803,-516225.5298,-437660.423,-454311.24950000003
9063000,2381.0628,14245.0944,62243.4723,-516734.0675,-437864.43799999997,-454490.5952
9064000,2374.6724,14243.5867,62042.9309,-516391.6464,-437730.4564,-454348.71550000005
9065000,2446.5,14309.8942,62330.1746,-516174.5264,-437087.95759999997,-453844.35179999995
9066000,2382.4725,14285.1294,62437.6112,-516425.0329,-437319.8198,-453987.4217
9067000,2348.2473,14219.4121,62111.425,-516049.3574,-437370.273,-453937.9324
9068000,2384.9143,14360.6679,61676.6076,-515396.2662,-436974.0764,-453719.6586
9069000,2393.8261,14292.9608,61882.6899,-516040.4335,-437470.9567,-454157.7436
9070000,2380.8355,14307.0208,61740.8786,-515998.2067,-437569.4718,-454257.3281
9071000,2389.0139,14252.3358,61392.8563,-515696.4712,-437662.2652,-454303.61490000004
9072000,2354.443,14172.4833,62373.9815,-516351.9359,-437451.0281,-453977.9544
9073000,2348.2645,14340.7144,61868.7213,-516075.1543,-437517.4541,-454206.433
9074000,2393.3901,14121.7634,62292.3369,-516583.3374,-437775.847,-454291.0005
9075000,2343.7183,14341.5185,61622.7259,-515785.8782,-437477.9155,-454163.15229999996
9076000,2417.7011,14352.6841,61747.6003,-516021.9873,-437504.00179999997,-454274.387
9077000,2362.4357,14184.3884,61783.9211,-515930.8054,-437600.0602,-454146.88430000003
9078000,2345.5004,14259.8074,61793.657,-515872.1064,-437473.1416,-454078.4494
9079000,2390.6725,14171.8187,61964.9923,-515429.6482,-436902.16469999996,-453464.6559
9080000,2360.9618,14210.4949,61765.4815,-515312.9638,-436976.02560000005,-453547.48230000003
9081000,2371.8887,14297.6095,62353.5784,-516752.6161,-437729.53949999996,-454399.0377
9082000,2401.7259,14267.7564,61557.1841,-515870.111,-437643.4446,-454312.92689999996
9083000,2378.1949,14303.5002,62267.6008,-516278.3454,-437329.04949999996,-454010.7446
9084000,2380.0257,14319.7595,62268.7149,-516920.3867,-437951.88659999997,-454651.67179999995
9085000,2380.2492,14228.0236,61913.0872,-516178.1994,-437656.8394,-454265.1122
9086000,2390.6465,14344.8332,61975.3202,-515698.3689,-436987.569,-453723.0487
9087000,2356.1346,14179.9056,61934.58,-516010.5913,-437539.97109999997,-454076.01129999995
9088000,2373.2998,14297.4516,61902.1644,-516180.4271,-437607.51129999995,-454278.26269999996
9089000,2371.2327,14387.4618,61899.5924,-516361.7045,-437703.4176,-454462.11209999997
9090000,2381.046,14392.1542,62218.663,-516611.4217,-437619.55850000004,-454392.7587
9091000,2359.0856,14237.2593,61708.7609,-516399.5676,-438094.4618,-454690.8067
9092000,2419.6891,14338.4471,62432.5119,-517648.4405,-438457.79240000003,-455215.92860000004
9093000,2423.8881,14311.5872,62717.0359,-517135.2677,-437682.7565,-454418.2318
9094000,2394.1266,14352.686,62495.9907,-516936.7366,-437693.93330000003,-454440.7459
9095000,2366.7736,14276.4528,62278.6043,-515891.9144,-436970.0837,-453613.3101
9096000,2401.296,14353.349,62084.6102,-515919.4419,-437080.18669999996,-453834.8317
9097000,2351.7089,14236.0734,61960.8756,-516193.7131,-437645.0552,-454232.8375
9098000,2355.592,14410.3312,61741.2287,-515449.9599,-436942.808,-453708.73120000004
9099000,2359.9838,14251.9354,62140.761,-516196.5748,-437443.8946,-454055.8138
9100000,2391.1529,14271.6069,61866.0223,-515486.8613,-436958.0792,-453620.839
9101000,2394.7142,14391.3178,61424.7572,-515032.9307,-436822.1415,-453608.17350000003
9102000,2382.7262,14395.4848,61828.4836,-516471.6458,-437864.9512,-454643.1622
9103000,2396.0016,14255.4575,62309.5673,-517028.0235,-438066.99710000004,-454718.4562
9104000,2367.8254,14367.8863,62131.2263,-515679.7588,-436812.8208,-453548.53250000003
9105000,2382.4582,14400.9325,61887.67,-516085.0235,-437413.9628,-454197.3535
9106000,2393.2501,14317.2276,61770.2267,-515569.1684,-437088.46400000004,-453798.9417
9107000,2369.9747,14404.5224,62198.0544,-516031.2363,-437058.6848,-453833.18189999997
9108000,2383.5505,14315.1701,62277.4678,-516386.1604,-437409.972,-454108.6926
9109000,2372.122,14286.7347,61240.5451,-515288.7647,-437389.3629,-454048.2196
9110000,2372.4096,14229.549,62412.958,-517163.1989,-438148.2823,-454750.24090000003
9111000,2374.1596,14185.6606,62015.1294,-515873.7766,-437298.827,-453858.6472
9112000,2395.8625,14332.3345,61837.0069,-515995.4728,-437430.2689,-454158.4659
9113000,2385.7772,14356.1232,61795.3585,-515931.4714,-437394.21249999997,-454136.11289999995
9114000,2401.525,14305.3217,61429.8257,-514710.057,-436573.3846,-453280.2313
9115000,2354.1662,14224.978,62227.9013,-516254.677,-437447.6315,-454026.7757
9116000,2412.9978,14171.3972,61554.6865,-515427.3238,-437288.24230000004,-453872.6373
9117000,2386.7348,14327.6144,61934.6623,-516474.4813,-437825.46979999996,-454539.81899999996
9118000,2377.3893,14254.7235,61402.6047,-515304.8868,-437270.16929999995,-453902.28209999995
9119000,2350.6283,14229.6521,61821.846,-515890.0133,-437487.8869,-454068.1673
9120000,2384.5825,14307.5439,62044.881,-516409.8972,-437672.8898,-454365.0162
9121000,2381.5118,14386.8537,61457.712,-515425.3633,-437199.2858,-453967.6513
9122000,2357.6411,14294.9407,62421.5883,-516199.0707,-437124.9006,-453777.4824
9123000,2332.8222,14287.5554,61869.5957,-516148.7047,-437658.7314,-454279.109
9124000,2388.0444,14404.5609,62541.269,-517475.9994,-438142.12509999995,-454934.7304
9125000,2390.7116,14336.7156,62181.2945,-516209.0756,-437300.3539,-454027.78109999996
9126000,2362.1211,14292.455,62312.6094,-516747.2247,-437780.0392,-454434.6153
9127000,2363.3485,14263.7846,61847.4622,-516092.7491,-437618.15380000003,-454245.2869
9128000,2414.5664,14246.5029,61972.0101,-516039.0968,-437406.0174,-454067.0867
9129000,2368.9423,14268.4082,62176.1758,-516739.2604,-437925.7341,-454563.08460000006
9130000,2367.1396,14366.7554,62166.4813,-516404.8272,-437504.4509,-454238.3459
9131000,2370.2153,14249.5393,61879.5055,-515690.5893,-437191.3292,-453811.0838
9132000,2382.4346,14251.6815,61915.2361,-516073.4567,-437524.1045,-454158.2206
9133000,2357.0462,14229.8525,61628.2742,-515981.8065,-437766.6336,-454353.5323
9134000,2410.8806,14315.3796,62265.3164,-516658.211,-437666.6344,-454392.8946
9135000,2414.5833,14292.1229,61752.6152,-515927.556,-437468.23459999997,-454174.9408
9136000,2364.2687,14230.6103,62112.8059,-516737.3277,-438029.64280000003,-454624.52180000005
9137000,2405.612,14367.5103,62262.1979,-516427.2024,-437391.8822,-454165.00450000004
9138000,2393.6035,14357.6744,62287.0825,-516960.4767,-437922.1163,-454673.3942
9139000,2393.5825,14229.1973,61554.6395,-515442.2494,-437264.83009999996,-453887.6099
9140000,2404.4887,14252.0113,62099.849,-516734.5104,-437978.16140000004,-454634.66140000004
9141000,2379.0373,14242.4178,61519.7583,-515648.5773,-437507.3639,-454128.819
9142000,2369.3266,14175.8101,62303.2059,-516893.7237,-438045.3811,-454590.5178
9143000,2375.5845,14387.84,61520.8404,-515500.3171,-437216.0522,-453979.4767
9144000,2360.4428,14291.806,61655.6211,-515827.43,-437519.5601,-454171.8089
9145000,2418.9804,14384.9405,62450.5223,-516502.3218,-437247.8786,-454051.79949999996
9146000,2361.2793,14283.7929,62070.8708,-516163.1877,-437447.24470000004,-454092.31690000003
9147000,2370.8807,14236.6248,61662.5619,-516267.3571,-437997.2897,-454604.79520000005
9148000,2381.9978,14302.5097,62042.4343,-516915.6316,-438188.68980000005,-454873.1973
9149000,2336.983,14320.3128,62012.419,-516098.5136,-437428.7988,-454086.0946
9150000,2390.5516,14374.7619,61182.8314,-515343.0067,-437394.8618,-454160.1753
9151000,2384.3759,14326.7885,61721.5652,-515844.2176,-437411.488,-454122.65239999996
9152000,2348.0464,14311.0263,61866.0093,-516231.7426,-437706.6606,-454365.7333
9153000,2380.3598,14224.6667,62370.8997,-516730.5957,-437754.6695,-454359.696
9154000,2365.7914,14340.0279,61728.2047,-516433.7294,-437999.7054,-454705.5247
9155000,2369.7382,14379.9102,62089.6226,-516425.0227,-437585.75169999996,-454335.40009999997
9156000,2364.4508,14410.1838,61739.1899,-515612.7264,-437098.9019,-453873.5365
9157000,2355.9339,14339.6568,62145.8182,-516497.1347,-437655.7258,-454351.3165
9158000,2382.6706,14394.5625,61913.0152,-515456.2084,-436765.9601,-453543.1932
9159000,2414.7617,14413.6542,62070.3744,-516090.9331,-437192.14280000003,-454020.55870000005
9160000,2376.4934,14355.9582,61784.8473,-515798.7874,-437281.4885,-454013.94009999995
9161000,2364.4915,14296.4093,62122.0747,-515653.4145,-436870.439,-453531.3398
9162000,2382.2611,14256.0326,62055.1239,-516379.9892,-437686.5716,-454324.8653
9163000,2383.7062,14368.0382,61587.1623,-515961.6279,-437622.7212,-454374.4656
9164000,2376.7905,14264.3509,61953.9808,-516281.2847,-437686.16250000003,-454327.3039
9165000,2387.4114,14261.8949,61945.9137,-516076.3006,-437481.0806,-454130.38690000004
9166000,2373.0437,14230.9473,62477.1049,-517210.7734,-438129.6775,-454733.6685
9167000,2401.3165,14368.2602,62096.6808,-515788.358,-436922.1005,-453691.67720000003
9168000,2355.3029,14263.0303,61439.7643,-515349.0883,-437290.9908,-453909.324
9169000,2382.4819,14264.8147,61928.8721,-516251.3865,-437675.2178,-454322.51440000004
9170000,2382.3153,14291.3573,62358.683,-516324.5267,-437292.1711,-453965.84369999997
9171000,2403.0052,14209.4597,61649.194,-515114.7908,-436853.13190000004,-453465.5968
9172000,2385.5265,14378.11,62009.5117,-516226.4982,-437453.35,-454216.9865
9173000,2375.4439,14313.3935,61832.6654,-515961.7804,-437440.2776,-454129.115
9174000,2366.6857,14215.4576,61667.2023,-515127.5431,-436878.1975,-453460.3408
9175000,2385.6583,14320.1021,61833.3276,-515585.6959,-437046.6079,-453752.3683
9176000,2344.8585,14289.2367,62291.8536,-516348.6528,-437422.70399999997,-454056.7992
9177000,2351.1283,14293.1643,61645.8815,-515575.8924,-437285.7183,-453930.0109
9178000,2328.8848,14322.7649,62277.5167,-516665.6792,-437736.5128,-454388.16250000003
9179000,2382.3098,14169.7265,62152.5295,-516455.1666,-437750.6008,-454302.6371
9180000,2389.3448,14258.2565,62022.6887,-515603.8068,-436933.51680000004,-453581.1181
9181000,2388.4796,14307.8186,62014.3629,-516653.2321,-437942.571,-454638.8692
9182000,2391.4326,14296.9671,61856.47,-516463.2472,-437918.37749999994,-454606.7772
9183000,2361.9334,14242.1006,62223.1442,-516774.2729,-437947.0947,-454551.1287
9184000,2345.4946,14210.7296,61812.796,-516206.1286,-437837.1084,-454393.33259999997
9185000,2369.6454,14412.2298,62067.8943,-516527.608,-437677.8385,-454459.7137
9186000,2382.9424,14364.2381,62226.5796,-516554.9134,-437581.1533,-454328.3338
9187000,2360.7047,14213.5262,61768.4418,-515978.7587,-437636.086,-454210.3169
9188000,2368.709,14285.242,62137.7774,-516457.0513,-437665.3229,-454319.2739
9189000,2404.7777,14392.5245,62112.1678,-516900.3266,-437990.85659999994,-454788.1588
9190000,2378.0363,14238.7103,61973.3806,-516162.4114,-437572.2842,-454189.0308
9191000,2367.252,14394.3526,62515.2945,-517597.2012,-438320.3021,-455081.9067
9192000,2400.8205,14280.267,62159.8752,-516655.9673,-437815.0046,-454496.0921
9193000,2399.3919,14268.0258,62081.026,-516507.2868,-437758.8431,-454426.2608
9194000,2363.2066,14266.5045,61852.289,-515464.9185,-436982.9184,-453612.62950000004
9195000,2392.1411,14264.9367,61936.1718,-515605.9834,-437012.73380000005,-453669.8116
9196000,2341.0742,14257.5572,61894.0562,-515719.0236,-437226.336,-453824.9674
9197000,2373.6145,14272.6706,61643.5915,-515530.963,-437241.0864,-453887.3715
9198000,2341.7097,14216.1479,61561.2537,-515477.1859,-437358.0746,-453915.9322
9199000,2383.2234,14331.4304,62561.5458,-517341.3153,-438065.1157,-454779.7695
9200000,2380.9183,14254.2759,62125.7749,-516668.9202,-437907.9511,-454543.1453
9201000,2348.3716,14343.8112,61820.5318,-516074.804,-437562.0894,-454254.2722
9202000,2367.7103,14286.4614,62146.7737,-515778.2581,-436977.3127,-453631.48439999996
9203000,2393.2058,14317.8898,61948.6804,-515556.4186,-436896.64259999996,-453607.73819999996
9204000,2378.0476,14245.605,62553.3691,-516838.7763,-437661.7546,-454285.4072
9205000,2364.0419,14283.1899,62413.764,-516746.3787,-437685.38289999997,-454332.6147
9206000,2365.6475,14251.7428,61512.9886,-514610.109,-436479.7301,-453097.1204
9207000,2378.8938,14268.1864,62153.357,-516111.5574,-437311.1202,-453958.2004
9208000,2384.6308,14252.4579,61837.2236,-516188.5982,-437714.2859,-454351.3746
9209000,2356.5184,14267.2956,62290.2172,-516982.0258,-438067.9946,-454691.8086
9210000,2384.421,14367.1984,61882.1416,-516690.6283,-438056.8673,-454808.4867
9211000,2361.0359,14175.5944,61746.1766,-515222.5432,-436939.7363,-453476.3666
9212000,2371.3998,14335.9646,61812.3854,-516135.1734,-437615.42360000004,-454322.78800000006
9213000,2337.2313,14292.7605,62039.6617,-515819.1567,-437149.5032,-453779.495
9214000,2354.3002,14314.4727,61022.7985,-515065.7922,-437374.2208,-454042.99370000005
9215000,2356.9403,14390.2214,62053.6375,-516023.9479,-437223.1487,-453970.3104
9216000,2396.9468,14361.8963,61212.4938,-514987.8338,-437016.4969,-453775.34
9217000,2387.778,14272.6112,61973.0072,-516500.8313,-437867.4349,-454527.8241
9218000,2365.2154,14309.7629,62090.4973,-516583.1093,-437817.6337,-454492.612
9219000,2400.8102,14274.5789,62127.6086,-516281.7687,-437478.771,-454154.16010000004
9220000,2385.1957,14287.7975,62070.2575,-516543.604,-437800.35329999996,-454473.3465
9221000,2363.7577,14334.7623,61440.4282,-515725.0344,-437586.0862,-454284.6062
9222000,2373.1292,14237.6315,62312.4181,-517291.6727,-438368.4939,-454979.2546
9223000,2380.7091,14289.7645,61964.8596,-515978.956,-437343.6228,-454014.0964
9224000,2382.9661,14423.9324,62228.5787,-516471.7786,-437436.3014,-454243.1999
9225000,2379.8661,14262.8798,61668.8918,-515735.5446,-437423.90690000006,-454066.65280000004
9226000,2400.8023,14292.5627,61986.4073,-515868.7462,-437188.9739,-453882.3389
9227000,2372.822,14373.5305,62025.662,-516757.3586,-437985.3441,-454731.69659999997
9228000,2358.9709,14268.1363,62045.2149,-516238.9816,-437566.6595,-454193.7667
9229000,2384.1388,14283.7791,62209.5206,-516504.4742,-437627.0357,-454294.9536
9230000,2357.8132,14181.9208,61916.359,-516018.1041,-437562.0111,-454101.7451
9231000,2380.7205,14321.4724,61837.4741,-516440.9178,-437901.2508,-454603.4437
9232000,2391.0088,14301.1315,61718.2137,-515767.1604,-437356.8064,-454048.9467
9233000,2381.608,14268.8761,62347.5314,-516646.0158,-437648.00029999996,-454298.4844
9234000,2368.6759,14291.3363,61849.8679,-516168.2905,-437658.4104,-454318.4226
9235000,2411.8541,14249.9098,62118.4447,-515704.723,-436924.5144,-453586.2783
9236000,2360.5857,14373.0537,61985.6467,-516157.0675,-437437.7814,-454171.4208
9237000,2353.8711,14376.9318,62215.9458,-516688.3938,-437741.6451,-454472.44800000003
9238000,2404.5147,14315.1632,61813.9832,-516133.8489,-437600.18779999996,-454319.86569999997
9239000,2360.9241,14319.173,62113.318,-516279.2125,-437485.79740000004,-454165.89450000005
9240000,2380.3128,14419.6572,61982.9712,-516163.9503,-437381.0091,-454180.9791
9241000,2433.3138,14435.4261,61723.296,-515744.0339,-437151.99799999996,-454020.73789999995
9242000,2392.9029,14273.7658,62439.1916,-516950.5639,-437844.7036,-454511.3723
9243000,2392.9314,14240.3104,62130.9892,-516170.5253,-437406.29429999995,-454039.53609999997
9244000,2407.6819,14365.9317,61973.99,-516523.3156,-437775.71199999994,-454549.3256
9245000,2363.5672,14348.6389,61577.6056,-515448.5723,-437158.7606,-453870.9667
9246000,2414.9672,14348.1338,62017.8529,-516065.5858,-437284.63190000004,-454047.7329
9247000,2378.1717,14387.8542,62149.1635,-516590.3291,-437675.13969999994,-454441.16559999995
9248000,2370.832,14381.1673,61668.4416,-515578.9826,-437158.5417,-453910.54099999997
9249000,2390.8219,14371.6077,62092.6749,-516327.177,-437472.0725,-454234.50210000004
9250000,2385.5885,14256.3137,62148.9191,-515913.1329,-437122.3116,-453764.2138
9251000,2383.1168,14252.3987,62502.2703,-516397.0738,-437259.288,-453894.80350000004
9252000,2358.283,14314.864,61318.7213,-515591.9331,-437600.06480000005,-454273.21180000005
9253000,2367.5045,14388.0254,62026.4111,-515911.157,-437129.216,-453884.7459
9254000,2347.8047,14253.6115,61766.727,-516455.3118,-438087.16860000003,-454688.5848
9255000,2375.5941,14275.5592,61425.3439,-514864.9286,-436788.4314,-453439.5847
9256000,2375.2822,14295.9702,61989.5283,-516451.5074,-437790.7267,-454461.9791
9257000,2347.3699,14398.704,62079.075,-516245.8199,-437420.671,-454166.7449
9258000,2377.7044,14222.8207,62272.2536,-516660.5577,-437787.779,-454388.3041
9259000,2364.3867,14257.3437,61615.4448,-515789.3311,-437552.1559,-454173.8863
9260000,2367.4946,14338.2817,62253.1417,-516819.7198,-437860.8018,-454566.57810000004
9261000,2379.5605,14396.3204,62223.2502,-517305.4197,-438306.2886,-455082.1695
9262000,2358.6973,14403.0861,61997.8777,-516220.7761,-437461.115,-454222.8984
9263000,2345.7403,14253.2578,62242.768,-517010.7875,-438169.02139999997,-454768.0195
9264000,2371.5101,14355.1088,62158.3367,-516638.5337,-437753.57810000004,-454480.19700000004
9265000,2404.9872,14271.1055,61421.3176,-515245.6176,-437148.2073,-453824.3
9266000,2409.1035,14382.1775,62085.5907,-515846.7045,-436969.8328,-453761.1138
9267000,2345.7804,14188.1476,62337.2314,-516214.6581,-437343.4987,-453877.4267
9268000,2417.3503,14187.9112,62037.6908,-515729.3985,-437086.4462,-453691.7077
9269000,2379.467,14332.1131,61799.8036,-515114.0122,-436602.6285,-453314.2086
9270000,2410.4668,14280.8403,61492.4202,-514896.8951,-436713.16780000005,-453404.47490000003
9271000,2388.4519,14345.7328,62192.2005,-516188.1294,-437261.74419999996,-453995.9289
9272000,2385.4015,14197.8301,61641.6351,-515719.5013,-437494.6346,-454077.8662
9273000,2370.1163,14303.7063,62164.3374,-516348.4486,-437510.28859999997,-454184.1112
9274000,2389.9259,14279.658,62010.114,-515944.2579,-437264.56000000006,-453934.1439
9275000,2320.9793,14263.6161,61788.3786,-515657.3319,-437284.3579,-453868.9533
9276000,2395.2486,14404.0823,61306.8356,-515444.5913,-437338.4248,-454137.7557
9277000,2386.169,14322.0916,61342.2555,-515213.7276,-437163.2115,-453871.4721
9278000,2376.3377,14307.6771,62409.4387,-517167.8063,-438074.3528,-454758.3676
9279000,2356.9824,14287.8296,62162.3962,-516485.836,-437678.6278,-454323.4398
9280000,2378.0673,14293.3106,61540.2429,-515099.7855,-436888.16469999996,-453559.5426
9281000,2379.2772,14324.8856,61658.0119,-515962.7317,-437600.55700000003,-454304.7198
9282000,2362.0789,14296.5251,61298.3184,-515247.6339,-437290.71150000003,-453949.3155
9283000,2383.9793,14284.8633,61914.4529,-516583.7314,-438000.4359,-454669.2785
9284000,2392.406,14316.8621,61718.9376,-515703.8185,-437275.6128,-453984.8809
9285000,2407.8017,14384.8117,61911.2845,-516149.8765,-437445.97860000003,-454238.592
9286000,2371.418,14235.8673,62031.8962,-516169.354,-437530.1725,-454137.4578
9287000,2387.3755,14312.611,61816.6555,-515386.1761,-436869.5341,-453569.5206
9288000,2366.6829,14229.6099,61551.6667,-515296.9683,-437149.0088,-453745.3016
9289000,2389.456,14336.3568,62151.121,-516235.3504,-437358.4166,-454084.2294
9290000,2400.3062,14228.8055,61725.9892,-515746.323,-437391.22209999996,-454020.33379999996
9291000,2386.6519,14309.8978,62155.8814,-515794.4962,-436942.0651,-453638.6148
9292000,2378.1481,14222.3312,62427.2082,-516150.7528,-437123.0653,-453723.5446
9293000,2342.871,14300.2398,61875.7103,-516243.4982,-437724.6771,-454367.7879
9294000,2394.0492,14356.2581,62011.4558,-516635.3951,-437873.632,-454623.9393
9295000,2393.5371,14264.2069,62389.4004,-516507.5923,-437460.4479,-454118.19190000003
9296000,2401.4589,14368.505,61349.429,-514406.9441,-436287.55120000005,-453057.5151
9297000,2385.3028,14269.8429,62004.1662,-515915.5849,-437256.27300000004,-453911.41870000004
9298000,2363.2465,14294.3514,62060.0137,-516039.7255,-437322.1139,-453979.7118
9299000,2375.4288,14292.7989,62838.5669,-517716.9781,-438210.18350000004,-454878.41120000003
9300000,2365.4524,14305.6738,61754.906,-516267.4542,-437841.42199999996,-454512.54819999996
9301000,2387.3061,14295.5566,62173.5316,-516111.5485,-437255.1542,-453938.0169
9302000,2353.6434,14406.7333,61642.7247,-515705.2146,-437302.1132,-454062.4899
9303000,2364.0493,14306.1974,61635.8408,-515819.6472,-437513.5597,-454183.8064
9304000,2409.4199,14433.0941,61494.9536,-515515.5939,-437178.1263,-454020.64029999997
9305000,2383.5279,14291.2393,61912.3404,-515217.6087,-436630.5011,-453305.2683
9306000,2382.7227,14365.0447,61825.3512,-515914.7243,-437341.6057,-454089.3731
9307000,2340.4599,14307.0911,62200.3017,-517339.6005,-438491.7478,-455139.2988
9308000,2365.9683,14358.0405,62511.0431,-517436.1785,-438201.12659999996,-454925.13539999997
9309000,2347.8666,14299.1311,62176.0409,-516855.1795,-438032.1409,-454679.1386
9310000,2380.1485,14353.4517,61834.0077,-516190.4302,-437622.8223,-454356.4225
9311000,2360.1121,14321.3961,61997.9992,-516527.1636,-437847.6562,-454529.1644
9312000,2379.2947,14283.0256,62209.521,-516623.1786,-437751.3373,-454413.6576
9313000,2364.4376,14305.2837,62069.197,-515641.3536,-436902.43529999995,-453572.1566
9314000,2388.0175,14394.382,61490.5929,-515336.4663,-437063.4739,-453845.8734
9315000,2368.6214,14291.2674,62041.3177,-516146.5551,-437445.3486,-454105.2374
9316000,2400.6484,14394.0867,62342.8247,-516228.7999,-437091.2401,-453885.9752
9317000,2433.6176,14419.9465,61596.7367,-515700.8547,-437250.55390000006,-454104.118
9318000,2347.4438,14304.5093,62435.1576,-516525.0282,-437437.9175,-454089.8706
9319000,2393.5508,14261.2018,61757.74,-515710.7773,-437298.2847,-453953.0373
9320000,2426.7858,14387.2082,62382.403,-516575.0021,-437378.6051,-454192.5991
9321000,2378.1123,14307.5114,61745.657,-515644.967,-437213.6863,-453899.31
9322000,2376.7837,14340.1631,61749.4087,-515480.1646,-437013.8091,-453730.7559
9323000,2392.5264,14317.2564,61410.1317,-515170.3755,-437050.461,-453760.24380000005
9324000,2398.8118,14294.2185,61840.977,-515641.845,-437107.8377,-453800.86799999996
9325000,2372.9654,14358.1755,62196.1415,-516384.7421,-437457.4597,-454188.6006
9326000,2401.7994,14380.866,62039.5938,-516772.4691,-437950.2099,-454732.87529999996
9327000,2354.564,14237.313,61548.5545,-515384.1356,-437243.7041,-453835.58109999995
9328000,2388.46,14296.37,61434.3426,-515220.0835,-437100.9109,-453785.7409
9329000,2395.6454,14328.0396,61449.7917,-515770.3337,-437596.857,-454320.542
9330000,2363.7363,14273.3512,62020.6963,-516720.7446,-438062.9608,-454700.04829999997
9331000,2355.0658,14356.5612,62286.635,-517207.3616,-438209.0996,-454920.7266
9332000,2343.1827,14369.5696,62501.6678,-517222.1624,-438007.7423,-454720.4946
9333000,2396.8019,14329.5345,62085.3576,-516862.138,-438050.44399999996,-454776.7804
9334000,2378.7089,14366.246,62168.9102,-516826.4519,-437912.5868,-454657.5417
9335000,2379.953,14311.0736,62044.8166,-516446.805,-437710.9618,-454401.9884
9336000,2377.6113,14246.2795,62106.7519,-516804.0103,-438073.3676,-454697.25840000005
9337000,2381.2538,14254.8021,62464.2454,-517543.2727,-438442.9714,-455079.02729999996
9338000,2370.4926,14280.929,62164.7675,-516340.0184,-437523.8293,-454175.2509
9339000,2394.2152,14294.8819,61983.3186,-516460.6022,-437788.1865,-454477.2836
9340000,2367.0589,14346.6065,62017.1357,-516640.2425,-437909.4414,-454623.1068
9341000,2410.7285,14327.7167,61965.6129,-516312.0947,-437608.0366,-454346.4818
9342000,2380.2817,14259.1096,62036.8856,-516453.5786,-437777.3017,-454416.693
9343000,2371.0687,14240.8362,62443.9978,-516821.1703,-437765.2676,-454377.1725
9344000,2384.2489,14284.1372,61893.8569,-516106.8872,-437544.6442,-454213.0303
9345000,2387.0742,14343.4833,61789.6425,-515975.9444,-437455.74439999997,-454186.30189999996
9346000,2389.5949,14199.6613,61957.1471,-515800.038,-437253.6347,-453842.8909
9347000,2392.2575,14348.8925,61955.3232,-516099.0975,-437402.62429999997,-454143.7743
9348000,2421.4586,14359.6686,61789.902,-516060.6328,-437489.60360000003,-454270.7308
9349000,2372.1761,14328.105,61285.0399,-515195.6197,-437210.2987,-453910.57979999995
9350000,2401.0003,14295.714,61843.7387,-516013.3438,-437472.89079999994,-454169.6051
9351000,2436.9254,14365.0543,62221.919,-516526.61,-437502.71129999997,-454304.691
9352000,2398.0577,14319.1316,61622.6642,-515589.7437,-437249.8902,-453967.0795
9353000,2430.7922,14331.67,61702.21,-515681.5438,-437216.87159999995,-453979.33379999996
9354000,2374.3772,14298.4658,62205.3091,-515993.1816,-437115.0295,-453787.8725
9355000,2346.8421,14361.0831,61591.0838,-515051.4893,-436752.48030000005,-453460.4055
9356000,2399.5715,14339.7225,61654.9758,-516044.4259,-437650.15609999996,-454389.45009999996
9357000,2356.9317,14238.5561,61362.5752,-515345.7949,-437387.7319,-453983.21969999996
9358000,2363.1747,14349.5398,61938.2507,-516386.8099,-437735.8447,-454448.5592
9359000,2359.4888,14371.892,61877.2766,-516236.1073,-437627.4499,-454358.8307
9360000,2388.0097,14335.1387,62139.7408,-516908.6908,-438045.8016,-454768.94999999995
9361000,2378.8564,14368.8787,62050.4112,-517036.0585,-438237.9122,-454985.64729999995
9362000,2381.6016,14246.802,61716.401,-515984.9156,-437640.11100000003,-454268.5146
9363000,2382.0317,14440.9208,62160.165,-516605.9608,-437622.8433,-454445.7958
9364000,2404.2833,14340.2784,61964.5656,-517321.4543,-438612.327,-455356.8887
9365000,2381.5261,14295.518,62384.5333,-517160.9682,-438099.3908,-454776.4349
9366000,2386.0155,14387.671,61746.5225,-516124.8396,-437604.63060000003,-454378.3171
9367000,2380.0026,14293.759,61843.0217,-516552.7778,-438035.9945,-454709.7561
9368000,2361.5872,14384.6633,62427.9026,-516787.439,-437613.2859,-454359.5364
9369000,2324.3309,14330.2716,62014.4369,-516662.4224,-437993.383,-454647.98549999995
9370000,2362.436,14330.7716,61773.7071,-515795.9932,-437329.07850000006,-454022.2861
9371000,2401.2797,14413.9434,61478.8091,-516250.5631,-437956.5309,-454771.754
9372000,2394.2015,14401.3095,62089.7611,-516825.8033,-437940.5312,-454736.0422
9373000,2369.0139,14335.58,62694.364,-517529.6187,-438130.66079999995,-454835.2547
9374000,2409.8161,14332.6092,62303.7989,-516755.7165,-437709.4923,-454451.9176
9375000,2386.6911,14353.7089,62171.0732,-516304.1712,-437392.698,-454133.098
9376000,2392.8045,14305.1328,62177.1738,-516531.4663,-437656.3552,-454354.2925
9377000,2389.1377,14356.8,62179.6121,-516214.5518,-437289.00200000004,-454034.9397
9378000,2379.4985,14300.7405,61737.0896,-516269.9734,-437852.6448,-454532.8838
9379000,2368.1207,14217.5445,61910.6297,-516386.7567,-437890.46180000005,-454476.12700000004
9380000,2354.5023,14196.311,62229.9625,-516368.4629,-437587.6871,-454138.50039999996
9381000,2342.2144,14254.5929,61742.4463,-515756.1686,-437416.915,-454013.72229999996
9382000,2373.9683,14305.933,61955.2856,-516063.8412,-437428.65430000005,-454108.5556
9383000,2371.6294,14331.0369,62143.2034,-515932.108,-437086.2383,-453788.9046
9384000,2379.2671,14386.784,61411.348,-515112.5444,-436935.14530000003,-453701.1964
9385000,2391.1279,14198.9204,61297.3314,-516043.5746,-438156.1949,-454746.24319999997
9386000,2361.5854,14292.5679,62153.9278,-516500.5645,-437692.48339999997,-454346.6367
9387000,2385.7787,14212.5868,62075.0983,-516453.5745,-437780.11069999996,-454378.4762
9388000,2383.228,14386.7245,61946.7085,-516589.5712,-437872.91020000004,-454642.8627
9389000,2363.7028,14297.1991,61747.6639,-515585.1058,-437176.54000000004,-453837.44190000003
9390000,2373.636,14259.4416,61786.8682,-516028.6956,-437608.7498,-454241.82739999995
9391000,2386.0022,14302.3278,61886.5726,-516205.982,-437631.07940000005,-454319.4094
9392000,2397.7878,14255.7533,61525.59,-515337.3579,-437158.2268,-453811.7679
9393000,2414.9186,14328.082,62491.8701,-516463.9797,-437229.10900000005,-453972.1096
9394000,2356.7771,14302.3826,61766.0864,-516534.6218,-438109.37570000003,-454768.53540000005
9395000,2386.956,14324.7767,62207.9928,-516522.6098,-437602.8843,-454314.61699999997
9396000,2383.4975,14206.5268,61804.5562,-515722.1882,-437327.6077,-453917.632
9397000,2421.6389,14348.8902,61679.3047,-515895.0567,-437445.22290000005,-454215.75200000004
9398000,2405.1755,14357.8035,62104.9084,-516243.8345,-437375.9471,-454138.9261
9399000,2408.0732,14360.9831,61899.6305,-516303.2305,-437634.54370000004,-454403.6
9400000,2405.6842,14246.8351,62080.2861,-516071.2617,-437338.45629999996,-453990.9756
9401000,2389.4176,14323.3464,62561.8671,-516953.7666,-437679.1355,-454391.89949999994
9402000,2389.7607,14411.8947,61987.5946,-516116.4425,-437327.1925,-454128.8479
9403000,2376.2099,14339.0862,61929.3574,-515901.5525,-437256.899,-453972.1951
9404000,2393.8563,14191.6336,61587.7349,-515995.1127,-437821.8879,-454407.3778
9405000,2390.1927,14437.3825,62098.1436,-516660.279,-437734.56019999995,-454562.13539999997
9406000,2384.0671,14260.8746,62124.8118,-516410.9002,-437641.1467,-454286.08839999995
9407000,2345.802,14348.137,62335.9337,-517104.2563,-438074.3836,-454768.3226
9408000,2370.8692,14372.1199,62377.165,-516991.6669,-437871.5128,-454614.50190000003
9409000,2393.0364,14344.8947,61835.6869,-515968.2269,-437394.6089,-454132.54000000004
9410000,2395.6824,14431.8593,62150.8316,-516543.8271,-437565.4538,-454392.9955
9411000,2402.2162,14199.8335,62393.9318,-516858.025,-437862.0435,-454464.0932
9412000,2390.6624,14355.3025,61813.5462,-515882.2756,-437322.7645,-454068.7294
9413000,2393.1684,14306.1303,62034.8297,-516198.2422,-437464.1138,-454163.4125
9414000,2414.5203,14401.3129,61759.7594,-515897.9386,-437322.346,-454138.1792
9415000,2385.1802,14308.5016,61555.6409,-515015.8675,-436766.54480000003,-453460.2266
9416000,2385.5927,14327.0987,62028.7504,-515824.8234,-437083.38159999996,-453796.073
9417000,2385.8376,14313.9028,62206.449,-516546.6301,-437640.44070000004,-454340.1811
9418000,2398.4163,14266.1446,61472.3533,-515532.9122,-437395.998,-454060.5589
9419000,2397.2516,14341.5245,62540.4962,-517189.7191,-437910.4468,-454649.2229
9420000,2365.8252,14352.4941,61618.6638,-515797.0151,-437460.032,-454178.35130000004
9421000,2410.6328,14377.511,62529.3485,-517372.0591,-438054.56680000003,-454842.7106
9422000,2391.0369,14339.2647,61847.57,-515822.0069,-437244.13529999997,-453974.4369
9423000,2364.8009,14285.5466,61993.6332,-516507.1028,-437863.1221,-454513.4696
9424000,2384.992,14360.8569,62357.1128,-516522.8494,-437419.8877,-454165.7366
9425000,2382.6175,14330.7681,61818.8773,-515645.6738,-437113.4109,-453826.7965
9426000,2440.61,14386.8173,62367.7763,-516439.4993,-437244.2957,-454071.723
9427000,2351.6443,14271.876,62086.3324,-516126.0188,-437416.16610000003,-454039.6864
9428000,2381.7457,14240.9863,62148.1175,-516104.2025,-437333.353,-453956.085
9429000,2413.3773,14359.4664,61932.3374,-515931.4281,-437226.24700000003,-453999.0907
9430000,2376.2037,14378.5332,62731.0695,-516913.5822,-437427.7758,-454182.5127
9431000,2379.7304,14379.0985,61846.6869,-515653.9878,-437048.472,-453807.30090000003
9432000,2350.3163,14310.1892,61773.9834,-515663.1042,-437228.6153,-453889.12080000003
9433000,2383.5897,14211.5793,62409.8138,-516184.6252,-437179.6424,-453774.8114
9434000,2407.316,14348.777,61805.7707,-515500.6617,-436938.798,-453694.891
9435000,2387.5629,14274.6893,61692.9262,-515457.439,-437102.26060000004,-453764.5128
9436000,2395.7079,14312.9486,61689.4093,-515900.7483,-437502.6825,-454211.339
9437000,2393.917,14301.8796,61887.507,-515890.8106,-437307.50700000004,-454003.30360000004
9438000,2363.287,14302.795,62076.5915,-516380.6012,-437637.9277,-454304.0097
9439000,2350.7792,14300.7479,62084.2694,-516403.3042,-437667.5077,-454319.0348
9440000,2392.4544,14298.4015,62071.6206,-516511.7799,-437749.30340000003,-454440.1593
9441000,2393.3024,14290.4615,61984.8214,-516211.336,-437542.7507,-454226.5146
9442000,2412.1104,14317.2948,61634.5992,-515356.2711,-436992.26670000004,-453721.6719
9443000,2381.2731,14362.8708,61825.456,-516103.7229,-437534.123,-454278.2669
9444000,2373.1682,14279.468,62179.9975,-516268.4217,-437435.788,-454088.4242
9445000,2375.9997,14228.3191,61323.5547,-515052.1796,-437124.3061,-453728.6249
9446000,2341.102,14239.6157,62112.8647,-515883.3417,-437189.7593,-453770.477
9447000,2396.9076,14277.4489,61998.2331,-516596.8688,-437924.2792,-454598.6357
9448000,2371.5556,14360.9592,62269.6551,-516430.0163,-437427.84640000004,-454160.36120000004
9449000,2384.4008,14255.3913,62255.9319,-516165.9075,-437270.1835,-453909.97559999995
9450000,2352.1488,14225.3033,62361.6505,-516342.7534,-437403.6508,-453981.1029
9451000,2414.496,14345.6987,62581.82,-517697.7173,-438355.7026,-455115.8973
9452000,2371.767,14199.991,62561.0976,-517579.2388,-438446.3832,-455018.1412
9453000,2347.9887,14390.9805,62127.913,-516366.4645,-437499.5823,-454238.5515
9454000,2355.158,14332.5975,61785.8006,-515673.5125,-437199.9564,-453887.7119
9455000,2370.3018,14197.9166,62202.185,-515964.6546,-437194.2512,-453762.4696
9456000,2379.4679,14360.6228,61912.7513,-516507.4699,-437854.6279,-454594.7186
9457000,2397.0263,14342.5129,61845.2238,-516185.1047,-437600.3417,-454339.88090000005
9458000,2367.2481,14304.18,62120.9961,-516701.0637,-437908.6395,-454580.0676
9459000,2391.9625,14166.1411,61942.8689,-515504.9712,-437003.9987,-453562.1023
9460000,2379.8097,14377.658,61958.3844,-516122.6447,-437406.7926,-454164.2603
9461000,2380.887,14274.025,62228.1775,-516147.4181,-437264.3286,-453919.2406
9462000,2414.0097,14241.1232,62284.9347,-516542.3943,-437602.3267,-454257.4596
9463000,2396.1524,14282.2083,61982.5318,-516071.6038,-437410.71129999997,-454089.072
9464000,2366.332,14288.9908,61715.7731,-516380.5845,-438009.4886,-454664.8114
9465000,2399.6861,14295.4476,62315.2008,-517021.9286,-438011.5941,-454706.7278
9466000,2367.8773,14263.1514,61889.5962,-516129.7287,-437609.1038,-454240.13249999995
9467000,2385.9675,14292.8895,62062.0361,-516375.0111,-437634.118,-454312.975
9468000,2368.5575,14368.3209,62293.3419,-516788.4877,-437758.2674,-454495.1458
9469000,2378.427,14190.3496,62515.3094,-516426.7845,-437342.6985,-453911.47510000004
9470000,2362.0858,14333.33,61918.6838,-515953.8225,-437339.7229,-454035.1387
9471000,2396.5893,14310.2611,61677.2418,-515614.4145,-437230.3223,-453937.1727
9472000,2368.7101,14274.544,62091.1779,-516806.2804,-438071.8484,-454715.1025
9473000,2399.5692,14369.5735,62282.6118,-516968.0414,-437916.2869,-454685.4296
9474000,2367.993,14293.6047,61806.8865,-516088.6309,-437620.1467,-454281.74439999997
9475000,2380.0266,14275.0382,62017.8214,-516941.3326,-438268.4464,-454923.5112
9476000,2386.9626,14224.1358,62309.3193,-516535.9357,-437615.518,-454226.61639999994
9477000,2384.6985,14294.3766,61698.7507,-515559.9257,-437182.09990000003,-453861.17500000005
9478000,2376.9098,14178.5565,62254.0122,-516177.3583,-437367.8798,-453923.3461
9479000,2386.0138,14244.0545,62436.8709,-516845.6518,-437778.71259999997,-454408.7809
9480000,2403.2843,14300.9887,61510.0036,-515197.2741,-436982.9975,-453687.2705
9481000,2378.2447,14280.0658,61671.5249,-515659.7666,-437329.9312,-453988.24169999996
9482000,2358.4234,14333.187,62069.938,-516294.1813,-437532.63289999997,-454224.2433
9483000,2391.5882,14338.0568,61670.503,-515392.635,-436992.487,-453722.132
9484000,2375.894,14325.2744,61342.6603,-515034.3266,-436990.49789999996,-453691.6663
9485000,2355.0422,14287.8513,61868.3725,-515542.552,-437031.286,-453674.1795
9486000,2384.6724,14372.8646,61512.9232,-515353.5403,-437083.0801,-453840.6171
9487000,2414.6291,14328.9346,61693.1882,-515893.7899,-437457.03799999994,-454200.6017
9488000,2391.2871,14266.7516,61832.9443,-516285.7764,-437794.79339999997,-454452.8321
9489000,2386.7547,14381.4969,62164.038,-516319.8642,-437387.5746,-454155.8262
9490000,2412.3991,14210.5231,62332.6965,-516575.3666,-437619.7479,-454242.6701
9491000,2380.3973,14323.9443,62015.412,-516565.8347,-437846.0811,-454550.4227
9492000,2354.9139,14234.4451,62240.0124,-517214.5758,-438385.2044,-454974.5634
9493000,2402.8398,14305.306,62260.2544,-516341.0684,-437372.66819999996,-454080.814
9494000,2349.2206,14274.5465,62825.7132,-517035.4581,-437585.9778,-454209.7449
9495000,2353.9188,14331.492,62918.296,-517332.4826,-437728.7758,-454414.1866
9496000,2386.4687,14384.7616,61896.2958,-515886.7924,-437219.26629999996,-453990.49659999995
9497000,2383.9255,14345.4076,61914.7523,-515993.3328,-437349.2474,-454078.5805
9498000,2385.2884,14253.1456,62159.0518,-516062.4005,-437264.91469999996,-453903.3487
9499000,2352.6213,14403.8656,61858.8223,-515979.0023,-437363.6931,-454120.18
9500000,2386.6183,14260.9788,61866.5936,-516065.0518,-437550.8611,-454198.4582
9501000,2380.6284,14322.2181,61493.6688,-515510.5684,-437314.0531,-454016.8996
9502000,2391.0388,14378.7752,61787.9481,-516050.753,-437492.99090000003,-454262.80490000005
9503000,2363.9492,14337.0548,62041.7641,-516089.2857,-437346.5176,-454047.5216
9504000,2359.013,14362.6656,61817.792,-515541.004,-437001.5334,-453723.212
9505000,2328.169,14278.7942,62435.6394,-516477.055,-437434.4524,-454041.4156
9506000,2361.6451,14290.2836,62074.8247,-516595.0564,-437868.303,-454520.2317
9507000,2390.2262,14307.2825,62153.5742,-516647.4408,-437796.35789999994,-454493.86659999995
9508000,2366.5458,14342.7799,61987.513,-516557.8993,-437861.06059999997,-454570.3863
9509000,2383.661,14356.8295,62438.0484,-517133.5903,-437955.0514,-454695.54189999995
9510000,2395.7973,14329.3914,62238.9763,-516327.4353,-437363.2703,-454088.45900000003
9511000,2355.2116,14313.4181,62117.1752,-517050.1951,-438264.3902,-454933.0199
9512000,2407.133,14392.0504,61962.7717,-516971.4631,-438209.50800000003,-455008.6914
9513000,2332.5805,14261.8529,62102.2715,-516262.252,-437565.54709999997,-454159.98049999995
9514000,2393.0653,14375.3367,61707.5777,-515687.0756,-437211.09589999996,-453979.49789999996
9515000,2406.9242,14326.7565,62277.2618,-516238.0308,-437227.0883,-453960.76900000003
9516000,2363.2155,14317.7273,62067.4347,-516462.0542,-437713.6767,-454394.61950000003
9517000,2372.4973,14289.0879,61638.5045,-515865.8283,-437565.7386,-454227.3238
9518000,2373.6958,14421.8046,62189.8745,-516913.1968,-437927.8219,-454723.3223
9519000,2378.6865,14301.8707,62025.9809,-516631.6557,-437925.1176,-454605.6748
9520000,2394.3974,14317.5887,61538.3054,-514990.2911,-436739.9996,-453451.98569999996
9521000,2399.5684,14359.1293,62285.0535,-516116.4822,-437072.731,-453831.42870000005
9522000,2370.0356,14192.5772,61836.4559,-515571.958,-437172.8893,-453735.5021
9523000,2428.4853,14309.2601,61739.7376,-516266.2955,-437788.8125,-454526.5579
9524000,2357.1502,14256.9921,62074.5516,-516616.2018,-437927.50789999997,-454541.6502
9525000,2364.8255,14281.4212,62554.7098,-517142.7262,-437941.76969999995,-454588.01639999996
9526000,2371.1053,14254.1992,62004.1801,-516152.0059,-437522.5213,-454147.8258
9527000,2389.3816,14159.5748,62109.1735,-516484.5407,-437826.4108,-454375.36720000004
9528000,2352.9962,14280.2205,61401.7137,-516206.8206,-438171.89019999997,-454805.10689999996
9529000,2383.7215,14251.1768,61593.9099,-515627.5307,-437398.72250000003,-454033.62080000003
9530000,2381.6859,14407.3676,61895.0982,-515709.2129,-437025.0612,-453814.1147
9531000,2407.0177,14317.2978,61587.7621,-515474.7501,-437162.6725,-453886.988
9532000,2368.7307,14287.9111,61655.3871,-516004.2467,-437692.2178,-454348.8596
9533000,2376.4921,14353.2742,61781.8015,-515565.0583,-437053.49049999996,-453783.2568
9534000,2383.673,14323.0997,61851.8794,-516125.8327,-437567.1806,-454273.95330000005
9535000,2354.5758,14182.5442,61722.8915,-514996.2035,-436736.19200000004,-453273.31200000003
9536000,2330.027,14283.4988,61974.5704,-515846.914,-437258.81779999996,-453872.3436
9537000,2341.3219,14323.0705,61596.5871,-516237.493,-437976.5135,-454640.9059
9538000,2379.2157,14258.644,61737.2076,-515853.492,-437478.42470000003,-454116.2844
9539000,2395.0034,14279.6435,62509.3708,-516752.3377,-437568.31999999995,-454242.9669
9540000,2411.1767,14335.5135,61889.2416,-515733.769,-437097.83719999995,-453844.52739999996
9541000,2357.509,14314.9478,62142.2965,-516326.0707,-437511.3174,-454183.7742
9542000,2379.188,14281.0977,62257.2732,-516454.5061,-437536.9472,-454197.2329
9543000,2393.731,14315.4872,62557.9619,-516941.325,-437674.1449,-454383.3631
9544000,2354.6783,14335.413,62249.3677,-516301.8341,-437362.37509999995,-454052.4664
9545000,2363.7515,14257.9517,62264.5368,-516957.1595,-438070.9195,-454692.6227
9546000,2395.0553,14324.2942,62551.6342,-517507.809,-438236.8253,-454956.17480000004
9547000,2414.0008,14401.9494,61738.365,-515698.3959,-437144.0807,-453960.0309
9548000,2362.9724,14335.1279,62119.2553,-516887.6593,-438070.3037,-454768.404
9549000,2373.984,14261.4228,61795.9415,-516173.4755,-437742.1272,-454377.534
9550000,2384.6071,14316.7309,62277.7215,-516492.1072,-437513.0477,-454214.38570000004
9551000,2362.7848,14366.7199,61805.9028,-516687.2831,-438151.8756,-454881.3803
9552000,2317.7225,14260.5227,61763.2579,-516954.9049,-438613.4018,-455191.647
9553000,2393.2266,14336.7476,61731.8759,-516541.7243,-438079.8742,-454809.8484
9554000,2400.9029,14311.0055,62070.8133,-516208.3071,-437425.5854,-454137.4938
9555000,2361.2363,14219.4969,61815.099,-515995.4957,-437599.6635,-454180.39670000004
9556000,2361.0863,14270.4564,61826.8783,-516019.5136,-437561.0926,-454192.6353
9557000,2375.6758,14324.7818,62147.2456,-516245.9831,-437398.2799,-454098.7375
9558000,2366.6526,14279.5483,62050.16,-516706.6764,-438010.3155,-454656.51639999996
9559000,2363.9436,14215.6934,62281.2325,-516013.4128,-437152.5433,-453732.1803
9560000,2334.5944,14322.1915,62106.1582,-516345.954,-437583.00990000006,-454239.7958
9561000,2365.9734,14245.9448,61900.7468,-516029.1426,-437516.4776,-454128.3958
9562000,2372.446,14233.8801,62666.4161,-517446.1646,-438173.42240000004,-454779.7485
9563000,2342.789,14200.1218,62296.2107,-517597.4918,-438758.3703,-455301.2811
9564000,2386.1055,14202.4634,61968.4796,-516629.4333,-438072.3848,-454660.95369999995
9565000,2374.0139,14379.5467,61981.1674,-516625.7504,-437891.0224,-454644.58300000004
9566000,2340.9795,14197.6663,61837.2576,-516355.1924,-437979.289,-454517.9348
9567000,2378.6575,14296.8158,61812.5687,-516217.2727,-437729.23069999996,-454404.70399999997
9568000,2376.1936,14386.3949,62177.1681,-516251.7883,-437312.03170000005,-454074.6202
9569000,2343.16,14344.6565,62350.9152,-516571.6375,-437532.9058,-454220.7223
9570000,2359.0886,14298.4794,61446.8381,-515324.6226,-437220.2165,-453877.7845
9571000,2354.0693,14373.5189,61331.1626,-515280.4112,-437221.66039999994,-453949.2486
9572000,2381.327,14369.6399,62300.1038,-516123.2671,-437072.1964,-453823.1633
9573000,2355.146,14307.3336,62218.475,-516905.8872,-438024.9326,-454687.4122
9574000,2375.764,14279.3883,61553.6837,-515315.3059,-437106.46989999997,-453761.6222
9575000,2354.7513,14269.2159,62021.8277,-516231.4265,-437585.63159999996,-454209.5988
9576000,2382.228,14348.0475,62702.314,-517368.159,-437935.5695,-454665.845
9577000,2389.5248,14386.0843,62077.7831,-516511.1884,-437657.7962,-454433.4053
9578000,2356.9615,14220.0121,62343.3477,-516571.7491,-437651.4278,-454228.40140000003
9579000,2377.6736,14284.3868,61896.2287,-516074.6471,-437516.358,-454178.4184
9580000,2346.3814,14262.4123,61727.0381,-515599.6331,-437263.8013,-453872.595
9581000,2376.2241,14254.1844,61778.0877,-515959.5217,-437551.0255,-454181.434
9582000,2384.0445,14206.2326,62027.8932,-516105.1269,-437486.9566,-454077.2337
9583000,2381.7169,14431.9679,61954.335,-515941.6549,-437173.6351,-453987.3199
9584000,2392.5289,14309.6479,61813.0545,-515632.5349,-437117.30360000004,-453819.4804
9585000,2386.3972,14232.4197,61572.3214,-514948.1974,-436757.0591,-453375.876
9586000,2384.6102,14358.0987,61915.6519,-516404.5415,-437746.1807,-454488.8896
9587000,2377.4222,14318.8603,61963.387,-515828.2265,-437168.557,-453864.8395
9588000,2363.1077,14365.1548,61675.2151,-515665.1385,-437261.6609,-453989.92339999997
9589000,2388.1692,14359.324,61626.1582,-515719.452,-437345.80059999996,-454093.2938
9590000,2342.2043,14262.55,61892.4546,-515592.3589,-437095.15,-453699.9043
9591000,2400.356,14346.9169,61593.6413,-515765.4495,-437424.5353,-454171.80819999997
9592000,2373.9224,14234.7653,61274.2065,-515496.8216,-437613.92740000004,-454222.61510000005
9593000,2391.0466,14293.028,61836.7075,-516068.5109,-437547.7288,-454231.8034
9594000,2364.3736,14197.3828,61541.8379,-516183.9371,-438080.3428,-454642.0992
9595000,2367.6514,14197.2053,62437.3731,-517252.9817,-438250.75190000003,-454815.60860000004
9596000,2366.5078,14385.1009,61785.26,-516148.099,-437611.2303,-454362.839
9597000,2351.9477,14304.7521,61876.0333,-516589.2903,-438056.5572,-454713.257
9598000,2394.7434,14386.1713,62196.8806,-516243.1026,-437265.3073,-454046.222
9599000,2347.249,14252.2419,61839.4423,-516034.3922,-437595.45900000003,-454194.9499
9600000,2362.1231,14239.4461,61737.43,-516337.9466,-437998.94740000006,-454600.51660000003
9601000,2368.3624,14299.3926,61919.1587,-515284.1745,-436697.26080000005,-453365.01580000005
9602000,2388.4684,14326.542,62396.1181,-517057.8022,-437946.6737,-454661.68409999995
9603000,2371.8466,14251.2434,61732.3048,-515984.0358,-437628.641,-454251.731
9604000,2356.715,14263.704,62449.2184,-516652.5041,-437582.8667,-454203.2857
9605000,2390.4837,14343.38,62188.416,-517131.8842,-438209.60449999996,-454943.4682
9606000,2367.4388,14391.2816,62300.0335,-516503.0883,-437444.3344,-454203.0548
9607000,2426.0907,14327.0117,61916.901,-516396.8052,-437726.8018,-454479.9042
9608000,2384.868,14213.5815,62185.5947,-516496.4208,-437712.3766,-454310.8261
9609000,2353.4712,14117.7228,61835.4893,-515968.0521,-437661.36879999994,-454132.56279999996
9610000,2366.3337,14416.7608,62007.642,-516604.3935,-437813.657,-454596.7515
9611000,2382.8085,14365.708,61616.3396,-516024.2476,-437659.3915,-454407.908
9612000,2404.353,14341.3796,61581.0997,-515498.8329,-437172.00059999997,-453917.73319999996
9613000,2385.5418,14246.7275,62165.9124,-516538.183,-437740.0013,-454372.27060000005
9614000,2406.0472,14384.6999,62205.6597,-516268.1829,-437271.7761,-454062.5232
9615000,2412.6291,14331.1027,62506.2932,-517018.3213,-437768.29630000005,-454512.0281
9616000,2376.7619,14227.0832,61683.3639,-515845.7455,-437558.53650000005,-454162.3816
9617000,2371.6801,14245.7927,62223.9436,-516088.6898,-437247.2734,-453864.7462
9618000,2366.3478,14254.338,62139.0414,-516340.1176,-437580.39040000003,-454201.0762
9619000,2393.699,14325.6085,61175.2392,-515076.2729,-437181.7262,-453901.03369999997
9620000,2425.6221,14335.4107,61718.8851,-515385.3122,-436905.3943,-453666.4271
9621000,2388.353,14344.2923,62069.6277,-516213.7544,-437411.4814,-454144.12669999996
9622000,2393.5607,14404.5037,61988.6294,-516064.1468,-437277.453,-454075.5174
9623000,2379.3303,14424.0806,61724.8555,-515587.1716,-437058.90520000004,-453862.3161
9624000,2388.0809,14321.2243,61992.9091,-516056.951,-437354.7367,-454064.0419
9625000,2395.5802,14366.6924,62339.2988,-516199.9408,-437098.36939999997,-453860.642
9626000,2367.7484,14335.0653,61994.1257,-516559.7157,-437862.7763,-454565.59
9627000,2403.9948,14316.5618,61636.521,-515356.9358,-436999.85819999996,-453720.41479999997
9628000,2402.3184,14223.6334,61670.5849,-515145.941,-436849.4043,-453475.3561
9629000,2356.7737,14339.1085,62234.3801,-516336.9914,-437406.7291,-454102.6113
9630000,2396.7088,14299.1197,62058.2868,-516208.3583,-437454.243,-454150.0715
9631000,2382.4238,14384.879,62649.2018,-517089.5458,-437673.04120000004,-454440.34400000004
9632000,2340.1505,14323.7473,61915.3825,-516459.21,-437879.92970000004,-454543.8275
9633000,2378.9576,14380.2415,62549.9719,-517006.9758,-437697.80480000004,-454457.0039
9634000,2360.9385,14352.253,61948.2018,-516202.9509,-437541.5576,-454254.7491
9635000,2387.7284,14283.0945,61796.1606,-514995.6466,-436528.6631,-453199.486
9636000,2363.2513,14246.0794,61747.1557,-515830.023,-437473.5366,-454082.8673
9637000,2331.7512,14267.6879,62248.0627,-516922.3767,-438074.87490000005,-454674.314
9638000,2389.5653,14303.8917,61679.8945,-515714.6278,-437341.2763,-454034.7333
9639000,2363.7376,14270.3651,61587.5741,-515322.1254,-437100.4486,-453734.55130000005
9640000,2356.235,14262.3307,61645.7263,-515338.4307,-437074.1387,-453692.70440000005
9641000,2378.1108,14376.4853,61551.4518,-515943.023,-437636.9751,-454391.5712
9642000,2406.7099,14273.0654,61722.3664,-516000.2486,-437598.1069,-454277.8822
9643000,2355.4543,14215.3119,61821.9082,-515549.3182,-437156.64379999996,-453727.41
9644000,2350.0017,14288.495,62339.0025,-516647.8396,-437670.3404,-454308.8371
9645000,2409.898,14306.2365,61779.9502,-515937.81,-437441.7253,-454157.8598
9646000,2376.6894,14324.5219,62353.9754,-516834.0718,-437778.88509999996,-454480.0964
9647000,2385.6618,14346.2725,61551.8869,-515916.7063,-437632.8851,-454364.81940000004
9648000,2380.1915,14235.1362,62313.5837,-516824.0128,-437895.10140000004,-454510.4291
9649000,2377.004,14292.6065,61897.2916,-515704.5298,-437137.6277,-453807.2382
9650000,2390.1756,14276.9417,62262.465,-516143.8686,-437214.2863,-453881.40359999996
9651000,2372.2116,14277.7979,61529.0398,-516556.0291,-438376.9798,-455026.9893
9652000,2343.1393,14215.1536,61914.0737,-516140.524,-437668.15739999997,-454226.45029999997
9653000,2353.5776,14256.4003,61791.5173,-516085.4585,-437683.9633,-454293.9412
9654000,2372.3271,14258.9323,62189.9465,-516169.5784,-437348.3725,-453979.6319
9655000,2405.9155,14400.696,62313.9788,-516872.9649,-437752.37460000004,-454558.98610000004
9656000,2372.3626,14310.2307,62017.3781,-516167.2471,-437467.2757,-454149.86899999995
9657000,2367.9227,14270.6812,61980.8427,-516185.6357,-437566.18909999996,-454204.793
9658000,2388.3862,14308.7518,61516.2839,-514974.0382,-436760.6163,-453457.75430000003
9659000,2370.9235,14258.4984,61985.6707,-516721.319,-438106.22640000004,-454735.6483
9660000,2376.4217,14221.9075,61842.2042,-516395.8782,-437955.34479999996,-454553.674
9661000,2365.6368,14264.2212,61622.0029,-515866.3526,-437614.4917,-454244.34969999996
9662000,2368.4001,14247.1488,62593.5388,-516742.3319,-437533.24419999996,-454148.7931
9663000,2369.8355,14320.1664,62178.3351,-516176.2047,-437307.8677,-453997.8696
9664000,2381.132,14351.7317,61480.3541,-515764.6602,-437551.4424,-454284.3061
9665000,2393.2474,14361.1426,61871.953,-515762.6709,-437136.32790000003,-453890.71790000005
9666000,2353.3132,14279.8347,61775.3122,-515427.8251,-437019.365,-453652.51290000003
9667000,2358.3935,14172.3398,62048.1648,-516241.0524,-437662.1543,-454192.8876
9668000,2383.788,14338.4147,62350.6701,-516577.243,-437504.3702,-454226.5729
9669000,2391.7332,14350.7228,62167.3202,-516600.5321,-437690.7559,-454433.2119
9670000,2354.1207,14377.0919,62197.0331,-517216.0945,-438287.84880000004,-455019.0614
9671000,2337.9263,14207.5757,61914.0741,-516175.7083,-437716.1322,-454261.6342
9672000,2368.0316,14371.7028,62145.0184,-516430.6902,-437545.9374,-454285.6718
9673000,2336.0133,14257.6958,62177.9188,-516530.9695,-437759.34160000004,-454353.0507
9674000,2386.0031,14170.2857,62096.4229,-515937.0056,-437284.2939,-453840.58269999997
9675000,2399.6977,14188.6683,62064.275,-515889.7774,-437237.1364,-453825.5024
9676000,2372.0603,14227.8408,61992.2864,-515558.3565,-436966.169,-453566.0701
9677000,2376.2689,14309.5378,61998.3726,-516345.9557,-437661.7764,-454347.5831
9678000,2408.0975,14306.9491,62896.2184,-516744.2313,-437132.9663,-453848.0129
9679000,2377.7316,14311.1215,62107.4419,-516514.7634,-437718.4684,-454407.3215
9680000,2352.0218,14174.3635,62032.9858,-516034.9423,-437475.5712,-454001.9565
9681000,2366.5033,14271.1788,61785.2041,-515802.1367,-437379.25049999997,-454016.93259999994
9682000,2346.73,14335.9591,61774.8197,-515811.9756,-437354.4668,-454037.1559
9683000,2364.3328,14264.0239,62012.8197,-516111.3317,-437470.1553,-454098.512
9684000,2388.2882,14241.5057,62076.6348,-515115.4145,-436408.9858,-453038.7797
9685000,2398.054,14343.4667,61896.1454,-515958.5107,-437320.84459999995,-454062.3653
9686000,2367.1476,14372.1394,62364.508,-516747.2779,-437643.4829,-454382.76989999996
9687000,2369.5078,14334.8494,61941.0713,-515753.8671,-437108.4386,-453812.79579999996
9688000,2380.3089,14285.7148,61798.2526,-516337.5398,-437873.2635,-454539.2872
9689000,2365.0617,14244.1236,62277.135,-516457.0351,-437570.71479999996,-454179.90009999997
9690000,2417.2764,14392.566,61662.3028,-515949.5818,-437477.4366,-454287.279
9691000,2375.2357,14267.1279,62399.2669,-516582.1855,-437540.55500000005,-454182.91860000003
9692000,2410.835,14274.8509,61908.5272,-516216.5769,-437622.3638,-454308.0497
9693000,2360.821,14342.4513,62327.3566,-516992.7431,-437962.1142,-454665.3865
9694000,2388.4528,14272.691,61747.8205,-516620.689,-438211.7247,-454872.8685
9695000,2387.9722,14279.4918,62185.4777,-516157.5158,-437304.57409999997,-453972.0381
9696000,2363.5986,14334.9915,61805.3322,-515571.526,-437067.6037,-453766.1938
9697000,2354.6273,14265.2577,61887.469,-515534.8167,-437027.46270000003,-453647.34770000004
9698000,2371.0673,14324.8064,61711.2843,-515769.7852,-437362.6272,-454058.5009
9699000,2350.3412,14166.7256,62355.7175,-516297.02,-437424.2357,-453941.3025
9700000,2398.0712,14342.661,62274.944,-516796.7697,-437781.0935,-454521.8257
9701000,2333.44,14268.9042,62749.9573,-517523.2666,-438170.9651,-454773.30929999996
9702000,2390.2545,14371.7526,61702.5472,-515804.2585,-437339.7042,-454101.71129999997
9703000,2384.3006,14333.8954,61604.4786,-516157.6851,-437835.0105,-454553.2065
9704000,2381.2936,14298.8876,61649.4772,-515959.738,-437630.0796,-454310.2608
9705000,2369.5947,14295.1344,62352.8485,-516595.5212,-437577.9436,-454242.6727
9706000,2385.4656,14295.6738,62361.7086,-516915.0546,-437872.2066,-454553.34599999996
9707000,2405.5323,14326.0604,61646.6177,-515969.4827,-437591.27229999995,-454322.865
9708000,2389.8036,14300.7453,62163.2057,-516497.091,-437643.33640000003,-454333.8853
9709000,2366.6512,14280.2366,62030.9908,-515875.5371,-437197.6585,-453844.54630000005
9710000,2355.5312,14311.7,62141.9061,-516035.4071,-437226.2698,-453893.501
9711000,2372.1783,14290.4651,61954.1241,-516663.2808,-438046.5133,-454709.1567
9712000,2348.7817,14161.8316,62149.8354,-516159.3956,-437498.9469,-454009.5602
9713000,2351.971,14352.6598,62348.0191,-516622.4134,-437569.7635,-454274.39430000004
9714000,2380.2639,14289.5477,62021.3411,-516499.8931,-437808.7404,-454478.55199999997
9715000,2401.1009,14285.1864,61378.729,-514934.0001,-436868.9838,-453555.2711
9716000,2367.4703,14412.9117,62069.2259,-516211.7134,-437362.1055,-454142.4875
9717000,2381.581,14402.5531,62497.2553,-516704.5333,-437423.1439,-454207.278
9718000,2401.5414,14338.4227,62209.0765,-516561.4443,-437612.40369999997,-454352.36779999995
9719000,2371.514,14242.5634,62333.9909,-517105.8264,-438157.75810000004,-454771.83550000004
9720000,2362.8165,14307.4371,62092.8078,-516547.0924,-437784.031,-454454.2846
9721000,2361.3994,14320.0319,62156.1033,-516733.0973,-437895.5627,-454576.994
9722000,2350.6647,14257.5193,62145.7441,-516521.9964,-437768.0683,-454376.2523
9723000,2402.7969,14291.4716,62088.6134,-516596.4926,-437813.61069999996,-454507.87919999997
9724000,2370.9249,14382.188,62039.3232,-516014.7049,-437222.2688,-453975.3817
9725000,2384.0579,14353.7695,61997.5945,-516799.5869,-438064.165,-454801.9924
9726000,2348.9041,14246.86,61931.8483,-515780.9652,-437253.3528,-453849.11689999996
9727000,2402.401,14371.051,61769.8614,-516330.3465,-437787.0331,-454560.4851
9728000,2402.9294,14284.2018,61672.2532,-515509.039,-437149.6546,-453836.7858
9729000,2360.6049,14241.6921,61979.7699,-516056.1374,-437474.07050000003,-454076.3675
9730000,2360.8093,14276.5657,62013.7073,-516145.6913,-437494.609,-454131.984
9731000,2364.5726,14409.2104,62187.1005,-516123.4336,-437162.5501,-453936.3331
9732000,2379.9652,14304.7489,62655.0294,-517085.7466,-437746.00310000003,-454430.7172
9733000,2372.2001,14351.2372,62063.8187,-516498.256,-437711.0,-454434.4373
9734000,2376.6026,14318.8004,61879.3189,-516025.9104,-437451.1885,-454146.5915
9735000,2377.2562,14293.8785,62703.5773,-517063.7524,-437689.0404,-454360.1751
9736000,2374.2261,14289.6438,62064.4827,-516418.1822,-437689.8296,-454353.6995
9737000,2347.1232,14375.8457,62110.1363,-516390.7793,-437557.6741,-454280.643
9738000,2375.2037,14375.8088,61571.3722,-515498.7484,-437176.3637,-453927.3762
9739000,2386.0406,14355.9636,61832.7057,-515728.8361,-437154.1262,-453896.1304
9740000,2375.845,14317.7903,62079.5875,-516621.5538,-437848.331,-454541.9663
9741000,2417.3326,14205.0177,62507.9932,-517202.3667,-438072.0232,-454694.3735
9742000,2386.0621,14264.9232,62365.279,-516237.269,-437221.00469999993,-453871.99
9743000,2336.9533,14201.0461,62373.9465,-516526.0517,-437614.1058,-454152.1052
9744000,2365.0776,14269.1386,61390.3622,-515570.9277,-437546.3493,-454180.5655
9745000,2405.2244,14159.5158,62269.888,-516098.1701,-437263.54189999995,-453828.2821
9746000,2389.4095,14225.2359,62139.4189,-516501.1627,-437747.0984,-454361.7438
9747000,2381.128,14224.7123,61703.8838,-515263.3673,-436953.6432,-453559.4835
9748000,2382.1092,14251.8783,62158.7091,-516156.691,-437363.99439999997,-453997.9819
9749000,2382.2022,14323.2605,61472.753,-515121.4124,-436943.1967,-453648.6594
9750000,2383.5674,14342.6914,62017.6813,-516467.0031,-437723.06299999997,-454449.3218
9751000,2388.8374,14281.9628,61978.0806,-516482.9326,-437834.0518,-454504.852
9752000,2413.1267,14313.4026,61952.4764,-516773.4566,-438094.4509,-454820.9802
9753000,2398.4637,14386.3813,62280.8177,-516675.8138,-437610.1511,-454394.9961
9754000,2382.9698,14277.3819,62081.1553,-516035.405,-437293.89800000004,-453954.24970000004
9755000,2366.5428,14342.8165,62144.8365,-516068.1514,-437213.9556,-453923.3149
9756000,2384.8759,14372.7909,61841.6504,-516471.6611,-437872.34390000004,-454630.01070000004
9757000,2376.2487,14233.1227,62002.9999,-515935.4778,-437323.1065,-453932.4779
9758000,2400.7879,14286.1547,62276.9937,-516486.457,-437522.5207,-454209.4633
9759000,2382.1593,14301.32,61806.8255,-515901.9553,-437411.6505,-454095.1298
9760000,2381.992,14271.3974,62017.7343,-515984.9393,-437313.81560000003,-453967.205
9761000,2344.3221,14264.6389,61636.797,-515174.4561,-436928.69810000004,-453537.6591
9762000,2396.6069,14201.2905,62972.2084,-517138.4818,-437568.376,-454166.2734
9763000,2405.457,14222.3914,62045.4495,-516350.6288,-437677.3309,-454305.1793
9764000,2393.2759,14307.7606,62060.7478,-516000.5647,-437238.7804,-453939.8169
9765000,2394.5921,14216.3852,61878.0424,-515957.9044,-437468.8847,-454079.862
9766000,2382.5785,14339.0595,61999.1847,-517043.2131,-438322.39040000003,-455044.0284
9767000,2390.9317,14307.1369,62473.4993,-516779.7398,-437608.17189999996,-454306.24049999996
9768000,2384.7165,14272.2671,62318.1294,-516880.1861,-437905.0731,-454562.0567
9769000,2374.6143,14247.669,61442.2353,-515388.7825,-437324.26389999996,-453946.5472
9770000,2355.9158,14249.5933,61397.952,-515128.3549,-437124.89379999996,-453730.4029
9771000,2372.6738,14224.2182,61756.3057,-516042.9588,-437689.7611,-454286.6531
9772000,2412.197,14170.1868,61551.017,-515351.6358,-437218.235,-453800.6188
9773000,2419.2783,14346.8521,62406.9392,-517024.7063,-437851.63670000003,-454617.7671
9774000,2388.8903,14183.4832,62128.3869,-516428.127,-437727.36659999995,-454299.7401
9775000,2390.4309,14319.853,61853.22,-516224.2909,-437660.787,-454371.07090000005
9776000,2356.3663,14250.4854,62089.4324,-516482.2571,-437785.973,-454392.8247
9777000,2398.3186,14230.6836,62473.7997,-517250.0013,-438147.1994,-454776.20160000003
9778000,2362.5666,14389.0527,62063.6306,-516220.1081,-437404.8582,-454156.47750000004
9779000,2378.3472,14328.5787,62126.5182,-516778.0853,-437944.64119999995,-454651.5671
9780000,2364.5026,14206.3445,61999.1183,-516856.7062,-438286.7408,-454857.58790000004
9781000,2375.5221,14408.5698,61707.2658,-515917.7688,-437426.4111,-454210.503
9782000,2401.4014,14353.7654,61848.3372,-516276.3576,-437672.8536,-454428.0204
9783000,2384.969,14391.9863,62031.2695,-516268.6082,-437460.38340000005,-454237.3387
9784000,2366.7339,14255.4497,61592.8089,-515473.3945,-437258.402,-453880.5856
9785000,2393.2819,14321.3988,62250.875,-516499.1396,-437533.58389999997,-454248.2646
9786000,2395.9704,14250.2271,61559.2636,-515911.879,-437706.4179,-454352.6154
9787000,2399.5313,14357.0768,61430.3327,-515529.6413,-437342.70050000004,-454099.3086
9788000,2411.0356,14406.9818,62066.4374,-517043.7681,-438159.3133,-454977.3307
9789000,2367.0264,14146.3436,62487.6229,-517279.6032,-438278.6103,-454791.9803
9790000,2387.9781,14297.9896,62421.182,-517104.7782,-437997.6285,-454683.5962
9791000,2400.4116,14299.7421,62106.2713,-517307.7401,-438501.3151,-455201.4688
9792000,2422.7654,14415.4869,61960.6765,-517099.8995,-438300.9707,-455139.223
9793000,2380.72,14250.7869,62233.1953,-517278.8062,-438414.104,-455045.61089999997
9794000,2393.4743,14255.1662,61867.4744,-515780.2437,-437264.1288,-453912.7693
9795000,2384.5553,14241.9678,62375.7274,-516683.9852,-437681.73470000003,-454308.2578
9796000,2402.0254,14288.1682,62213.5586,-516673.807,-437770.0548,-454460.2484
9797000,2374.2585,14302.1977,62271.1273,-516512.9048,-437565.3213,-454241.7775
9798000,2357.0149,14204.7484,61222.9617,-515088.9455,-437304.22049999994,-453865.9838
9799000,2355.9068,14294.9396,61905.8799,-515904.3646,-437347.6383,-453998.4847
9800000,2382.2971,14250.4775,62382.4416,-516685.0366,-437669.82039999997,-454302.595
9801000,2383.4805,14247.6333,61669.3148,-515448.9621,-437148.5335,-453779.6473
9802000,2372.6544,14278.0982,62104.1551,-516354.4778,-437599.5701,-454250.3227
9803000,2367.1924,14200.8263,61867.5271,-516410.5793,-437975.0335,-454543.0522
9804000,2341.8568,14275.4867,61821.9588,-516302.0583,-437862.756,-454480.09949999995
9805000,2360.7924,14348.3484,61848.9704,-516610.0861,-438051.97490000003,-454761.1157
9806000,2397.2671,14276.1135,61952.4477,-516537.6405,-437911.8122,-454585.19279999996
9807000,2388.0481,14269.2187,61907.6841,-517252.7255,-438687.7746,-455345.0414
9808000,2399.1476,14300.5123,61842.3935,-515589.3264,-437047.27300000004,-453746.9329
9809000,2351.4206,14166.8061,61784.2447,-515872.8464,-437570.375,-454088.6017
9810000,2388.7536,14350.8616,61656.4809,-516537.7813,-438141.68519999995,-454881.30039999995
9811000,2419.7791,14282.7496,62135.1331,-516720.1709,-437882.5091,-454585.03780000005
9812000,2347.016,14300.7776,62289.7081,-516568.1192,-437630.6175,-454278.4111
9813000,2356.3796,14272.6374,61858.437,-515479.8395,-436992.3855,-453621.4025
9814000,2383.4649,14253.8088,62059.6661,-515421.6712,-436724.7314,-453362.00509999995
9815000,2407.9019,14196.4438,61540.3052,-515336.5881,-437191.9372,-453796.2829
9816000,2376.7515,14260.4271,61421.8749,-515473.3114,-437414.25789999997,-454051.4365
9817000,2376.4543,14297.9286,61633.8581,-515479.5906,-437171.3496,-453845.7325
9818000,2391.698,14384.6272,61875.7123,-517013.5529,-438361.51540000003,-455137.8406
9819000,2351.9673,14359.5992,62566.1034,-517991.8303,-438714.16039999994,-455425.72689999995
9820000,2398.629,14428.6076,62007.8369,-516143.8851,-437308.8116,-454136.0482
9821000,2383.0248,14268.6965,61976.3399,-515793.9753,-437165.9141,-453817.63539999997
9822000,2381.8385,14378.5505,61583.3884,-515714.0564,-437370.279,-454130.668
9823000,2357.6285,14206.9955,61852.0234,-515802.6978,-437386.0504,-453950.6744
9824000,2407.9596,14355.5072,61842.6129,-516153.2632,-437547.1835,-454310.6503
9825000,2409.0333,14413.0911,61806.2733,-515910.5519,-437282.1542,-454104.2786
9826000,2362.0851,14360.7651,61855.6851,-516048.9082,-437470.3729,-454193.2231
9827000,2413.7199,14352.0767,62030.8705,-516039.956,-437243.28890000004,-454009.0855
9828000,2389.7309,14286.6612,61717.7513,-515939.5991,-437545.4557,-454221.8478
9829000,2392.6429,14331.8276,61977.6842,-515819.3475,-437117.19279999996,-453841.66329999996
9830000,2381.6037,14384.5098,62158.8744,-516357.8087,-437432.8208,-454198.93429999996
9831000,2370.485,14212.1698,62290.2119,-516781.6965,-437908.8298,-454491.4846
9832000,2386.9042,14437.9577,61546.5489,-516323.002,-437951.59119999997,-454776.4531
9833000,2372.1888,14327.6136,62432.7045,-517216.9867,-438084.4798,-454784.2822
9834000,2406.3303,14282.0213,62100.5059,-516371.5668,-437582.7093,-454271.0609
9835000,2400.6786,14213.2388,61756.8452,-515896.7929,-437526.0303,-454139.9477
9836000,2377.3704,14235.5877,61563.1801,-515680.6569,-437504.5187,-454117.4768
9837000,2389.0665,14290.9369,62053.036,-516134.6555,-437401.6161,-454081.6195
9838000,2360.0123,14319.6591,61958.3462,-516165.205,-437527.18740000005,-454206.85880000005
9839000,2394.383,14266.6866,61806.2899,-515130.7707,-436663.4112,-453324.4808
9840000,2363.6516,14245.3542,61683.5098,-515780.7525,-437488.2369,-454097.2427
9841000,2364.4707,14194.6479,62446.4856,-516740.6941,-437735.0899,-454294.2085
9842000,2405.585,14289.2805,62385.8588,-516426.8477,-437346.1234,-454040.9889
9843000,2429.4559,14272.8194,61729.356,-515691.9234,-437260.2921,-453962.56740000006
9844000,2367.0106,14348.049,61794.8853,-515733.9823,-437224.0374,-453939.09699999995
9845000,2414.7245,14367.641,62069.616,-515627.0543,-436775.0728,-453557.43830000004
9846000,2362.6578,14299.5247,61899.2744,-515909.1768,-437347.7199,-454009.9024
9847000,2382.2462,14339.6964,62166.1762,-516758.3282,-437870.2094,-454592.152
9848000,2367.7837,14317.5932,62219.2978,-516550.6836,-437646.0089,-454331.3858
9849000,2385.0683,14343.8154,61833.4736,-515931.2542,-437368.89690000005,-454097.78060000006
9850000,2372.7,14369.4857,61936.4523,-516548.6101,-437869.9721,-454612.1578
9851000,2375.5584,14332.1909,61886.7461,-516208.1391,-437613.64369999996,-454321.393
9852000,2333.957,14355.3166,61606.3897,-515808.2663,-437512.603,-454201.8766
9853000,2372.8726,14319.7035,62379.8428,-516714.3801,-437641.9612,-454334.5373
9854000,2364.6344,14183.5833,62003.332,-515951.293,-437399.7433,-453947.961
9855000,2383.1731,14312.1947,62387.8082,-516609.595,-437526.419,-454221.7868
9856000,2368.3564,14344.3082,61982.1851,-516315.2381,-437620.3884,-454333.053
9857000,2365.4969,14255.7973,61988.3757,-515967.3572,-437357.68730000005,-453978.98150000005
9858000,2348.1581,14350.3954,61975.1392,-515718.9178,-437045.2251,-453743.7786
9859000,2354.8763,14318.3875,61678.2149,-515286.2199,-436934.74120000005,-453608.005
9860000,2358.5668,14247.7536,61747.2991,-515562.7398,-437209.12029999995,-453815.4407
9861000,2377.544,14233.6757,62323.0862,-516851.2633,-437916.95739999996,-454528.1771
9862000,2365.5559,14335.8837,62051.0718,-516595.6974,-437843.186,-454544.6256
9863000,2358.3966,14169.5875,62709.0719,-517714.7302,-438477.6742,-455005.6583
9864000,2348.0408,14256.4075,62231.8443,-516798.8836,-437962.591,-454567.0393
9865000,2364.9421,14274.9994,62601.6104,-517543.1723,-438301.6204,-454941.5619
9866000,2377.0724,14315.1001,62388.574,-517891.3049,-438810.5584,-455502.73089999997
9867000,2375.0838,14267.8752,62340.2226,-517249.9299,-438266.7483,-454909.7073
9868000,2390.3002,14296.968,62267.3148,-517181.476,-438226.89300000004,-454914.16120000003
9869000,2405.7242,14263.4801,62393.1121,-517257.4719,-438195.1555,-454864.3598
9870000,2341.4343,14301.3313,62523.2841,-516764.7368,-437598.6871,-454241.4527
9871000,2382.9228,14131.5162,61984.7735,-516195.8907,-437696.67819999997,-454211.1172
9872000,2365.8446,14291.3613,62486.8394,-517337.6971,-438193.6518,-454850.8577
9873000,2389.3913,14364.9493,62145.8924,-516717.6431,-437817.4101,-454571.7507
9874000,2384.6757,14276.8205,62694.1736,-516960.5155,-437604.84569999995,-454266.3419
9875000,2379.8736,14296.4226,61245.3824,-515226.5301,-437304.8515,-453981.1477
9876000,2392.0951,14347.6148,61852.0812,-515887.4814,-437295.6903,-454035.4002
9877000,2393.1118,14370.1125,61771.5129,-516013.168,-437478.4308,-454241.6551
9878000,2387.6778,14309.3577,61421.3996,-515819.0206,-437700.5855,-454397.621
9879000,2412.5725,14333.7165,61788.115,-515935.1789,-437400.7749,-454147.0639
9880000,2393.0578,14317.3406,62142.0859,-516831.352,-437978.8677,-454689.2661
9881000,2364.3101,14299.1125,62223.0761,-516626.5892,-437740.0905,-454403.5131
9882000,2379.1457,14296.7206,62272.7113,-517056.9707,-438108.3931,-454784.2594
9883000,2376.0782,14361.2527,61576.3108,-515829.8613,-437516.21959999995,-454253.5505
9884000,2389.8587,14386.7653,61725.7052,-516351.4807,-437849.15150000004,-454625.7755
9885000,2414.3551,14379.9538,61970.4735,-516895.181,-438130.39859999996,-454924.70749999996
9886000,2334.1029,14301.0827,62345.2568,-516996.9636,-438016.5212,-454651.70680000004
9887000,2392.6517,14172.9174,62117.0874,-516716.1963,-438033.5398,-454599.1089
9888000,2385.0634,14343.5106,61618.8161,-515966.1836,-437618.7935,-454347.3675
9889000,2360.8431,14270.1118,62050.6325,-516106.5638,-437424.9764,-454055.9313
9890000,2397.7564,14375.1212,62283.359,-516325.5663,-437269.3297,-454042.2073
9891000,2379.1485,14302.9355,62056.4867,-515519.1741,-436780.6034,-453462.6874
9892000,2394.982,14299.6911,61075.6484,-514570.0694,-436799.74789999996,-453494.421
9893000,2392.8773,14376.2789,61856.155,-515437.4951,-436812.1839,-453581.34010000003
9894000,2402.273,14356.1422,61532.3759,-515921.6829,-437630.8918,-454389.30700000003
9895000,2394.1756,14321.2673,62759.508,-516701.5658,-437226.6149,-453942.05779999995
9896000,2326.9492,14363.9192,62675.8995,-517737.7777,-438371.0098,-455061.8782
9897000,2373.0048,14164.1796,63096.8707,-518321.6191,-438687.564,-455224.74840000004
9898000,2352.074,14193.5222,61974.6058,-516305.0212,-437784.8192,-454330.4154
9899000,2379.9661,14279.7477,61901.2339,-516206.4505,-437645.50279999996,-454305.2166
9900000,2378.3899,14225.4318,61967.2539,-516665.302,-438094.22640000004,-454698.0481
9901000,2424.8878,14377.0516,61977.1067,-516307.6549,-437528.60880000005,-454330.5482
9902000,2401.3698,14253.0571,61682.4386,-515847.5111,-437510.6456,-454165.0725
9903000,2407.5209,14203.2649,61875.9058,-515858.9262,-437372.23459999997,-453983.0204
9904000,2415.6341,14342.6008,61639.042,-515591.1094,-437193.8325,-453952.0674
9905000,2364.9517,14286.4363,62304.5465,-517018.9369,-438063.0024,-454714.3904
9906000,2371.1629,14239.2507,61918.2077,-516537.5634,-438008.9421,-454619.35569999996
9907000,2364.6359,14296.3379,61925.0314,-516016.3881,-437430.38289999997,-454091.3567
9908000,2378.7917,14263.4836,61665.1774,-515726.4587,-437419.00600000005,-454061.28130000003
9909000,2361.4114,14195.6697,61791.1178,-515569.4113,-437221.21239999996,-453778.29349999997
9910000,2394.1618,14259.2645,62011.9041,-516238.1919,-437572.8615,-454226.2878
9911000,2378.4286,14240.9341,61889.1587,-515804.4726,-437295.9512,-453915.31389999995
9912000,2405.1215,14205.8379,62095.4715,-516503.9346,-437797.5037,-454408.4631
9913000,2390.2415,14234.0392,61654.8695,-515504.104,-437224.9538,-453849.2345
9914000,2385.5096,14279.2804,61858.234,-516332.2149,-437809.19090000005,-454473.9809
9915000,2388.3298,14357.4978,61959.1565,-516226.6827,-437521.6986,-454267.5262
9916000,2387.081,14260.2485,61922.2898,-515869.5092,-437299.88989999995,-453947.21939999994
9917000,2412.5851,14220.6591,61721.8257,-515130.7734,-436775.7035,-453408.9477
9918000,2374.5683,14235.1362,61990.472,-515704.9599,-437104.7834,-453714.4879
9919000,2389.2155,14282.6368,62208.9803,-515478.5297,-436597.6971,-453269.5494
9920000,2389.4926,14266.7148,61752.6119,-515620.1151,-437211.29579999996,-453867.5032
9921000,2403.523,14216.4846,61900.3963,-515982.3253,-437461.9214,-454081.929
9922000,2378.9876,14167.2077,61871.3845,-515113.5085,-436695.9287,-453242.124
9923000,2377.6375,14286.8144,61799.2123,-515675.8644,-437212.2002,-453876.6521
9924000,2391.442,14282.9968,61790.3487,-515485.5636,-437020.7761,-453695.2149
9925000,2399.2005,14285.7712,62319.4575,-516217.1918,-437212.76259999996,-453897.73429999995
9926000,2388.9975,14242.1269,61994.0645,-516713.3216,-438088.1327,-454719.25710000005
9927000,2398.942,14290.0274,62314.8915,-516722.4047,-437718.5438,-454407.51320000004
9928000,2388.5093,14269.1293,62601.7328,-517185.6555,-437926.2841,-454583.9227
9929000,2416.7667,14306.9031,62607.8915,-517242.2084,-437910.6471,-454634.3169
9930000,2385.222,14159.9623,62092.3796,-516376.1333,-437738.5694,-454283.7537
9931000,2379.0285,14317.9042,61883.3752,-516452.891,-437872.5831,-454569.5158
9932000,2369.532,14134.6318,62253.4801,-516700.3315,-437942.68759999995,-454446.8514
9933000,2371.2006,14333.239,62183.4489,-516034.7898,-437146.9013,-453851.3409
9934000,2409.4587,14276.1289,62206.7078,-516623.8423,-437731.5469,-454417.13450000004
9935000,2416.6361,14294.4806,61935.8745,-515703.2136,-437056.2224,-453767.33910000004
9936000,2356.0654,14333.2935,62146.058,-516386.8924,-437551.4755,-454240.8344
9937000,2381.6301,14271.8256,61809.6209,-515678.1812,-437215.10459999996,-453868.5603
9938000,2386.8193,14327.0555,62430.2364,-516727.0955,-437582.9843,-454296.8591
9939000,2413.4294,14351.6245,61732.0838,-515994.9736,-437497.83590000006,-454262.8898
9940000,2386.7796,14235.9499,62618.4739,-516769.2271,-437528.0237,-454150.75320000004
9941000,2399.8199,14207.5641,62216.3912,-516562.8809,-437739.10569999996,-454346.4897
9942000,2352.3677,14276.4629,61530.6629,-515365.8526,-437206.3591,-453835.1897
9943000,2398.1002,14193.3386,61845.7318,-515271.2784,-436834.1078,-453425.5466
9944000,2354.7475,14303.4109,62464.3387,-516838.2926,-437715.7955,-454373.95389999996
9945000,2382.2383,14280.0062,61887.7156,-516037.1223,-437487.1622,-454149.4067
9946000,2366.6595,14315.9386,61981.6471,-515894.1534,-437229.9082,-453912.5063
9947000,2386.9938,14167.1653,62099.0637,-516243.7794,-437590.5566,-454144.7157
9948000,2390.9871,14276.5412,62137.8245,-515384.8666,-436579.5138,-453247.0421
9949000,2378.7872,14239.1328,61679.3042,-515556.4011,-437259.1769,-453877.0969
9950000,2383.4515,14151.942,61491.5352,-515084.3353,-437057.4066,-453592.8001
9951000,2390.7413,14209.1196,61944.4051,-515549.2495,-437004.9835,-453604.84439999994
9952000,2372.4675,14268.5165,61677.9864,-515618.5685,-437299.5981,-453940.5821
9953000,2411.4261,14323.8014,61683.5756,-515692.579,-437273.7759,-454009.00340000005
9954000,2437.5381,14431.3526,62080.9481,-516253.6431,-437303.80429999996,-454172.695
9955000,2409.9898,14235.0621,61202.2389,-514745.4163,-436898.12549999997,-453543.1774
9956000,2378.412,14278.9285,61596.1233,-515678.5283,-437425.0645,-454082.405
9957000,2415.8458,14340.2418,61448.2599,-515558.0974,-437353.74990000005,-454109.8375
9958000,2393.3897,14406.8255,62019.0835,-515901.433,-437082.13430000003,-453882.3495
9959000,2376.5107,14251.062,62043.8178,-516631.0477,-437959.6572,-454587.2299
9960000,2365.0214,14365.5291,62442.4379,-516856.3633,-437683.37490000005,-454413.9254
9961000,2345.7325,14272.5787,61405.6791,-515063.9511,-437039.9608,-453658.272
9962000,2375.6815,14304.2823,62326.6644,-516656.7611,-437650.13289999997,-454330.0967
9963000,2414.6168,14254.3931,62513.1237,-517059.2847,-437877.1511,-454546.161
9964000,2396.5719,14387.5262,62043.5998,-516202.9937,-437375.29579999996,-454159.39389999997
9965000,2407.1281,14281.8911,61744.3831,-515708.4344,-437275.0321,-453964.05130000005
9966000,2400.2449,14286.9245,61592.2158,-515523.1613,-437243.7761,-453930.9455
9967000,2373.1787,14361.4361,61587.8357,-515030.5501,-436708.09959999996,-453442.7144
9968000,2374.0091,14310.9659,61890.2261,-516311.0442,-437735.8431,-454420.81810000003
9969000,2398.2567,14396.3559,62115.3223,-516368.7669,-437458.832,-454253.4446
9970000,2393.0179,14184.0843,62915.0654,-517587.2585,-438095.0909,-454672.1931
9971000,2393.6771,14207.8673,62153.7904,-516120.2857,-437364.9509,-453966.4953
9972000,2400.6951,14317.0549,62400.576,-516583.9971,-437465.6711,-454183.4211
9973000,2372.6542,14255.4456,62179.659,-516557.217,-437749.4582,-454377.558
9974000,2375.9289,14248.5013,62414.2526,-517831.4625,-438792.7797,-455417.2099
9975000,2380.2654,14200.7776,61492.246,-516076.5799,-438003.2909,-454584.3339
9976000,2385.7366,14317.5411,62271.0499,-516871.9119,-437897.5843,-454600.862
9977000,2408.763,14259.2537,61789.062,-515611.8172,-437154.7385,-453822.7552
9978000,2365.969,14227.1254,62268.5958,-516666.4881,-437804.7979,-454397.8923
9979000,2386.9312,14222.2563,62380.9591,-516189.3082,-437199.1616,-453808.34910000005
9980000,2367.8575,14334.392,62127.1433,-516563.4615,-437734.06869999995,-454436.3182
9981000,2399.1476,14297.7054,61643.9847,-516045.5356,-437704.6979,-454401.55090000003
9982000,2381.7938,14301.9408,62464.3817,-516874.9059,-437726.7896,-454410.5242
9983000,2395.4119,14452.6104,62128.2983,-516669.0671,-437692.7465,-454540.76879999996
9984000,2384.2802,14312.3865,61992.7468,-516317.0875,-437627.674,-454324.3407
9985000,2408.6598,14431.9019,62042.5545,-515903.3027,-437020.1865,-453860.74820000003
9986000,2393.9369,14362.7481,62089.9543,-516922.8729,-438076.23360000004,-454832.91860000003
9987000,2381.487,14283.1243,62047.7277,-515954.0965,-437241.75749999995,-453906.3688
9988000,2405.3719,14335.0511,62668.0741,-517420.2582,-438011.7611,-454752.18409999995
9989000,2399.3059,14369.0968,62545.6065,-517637.9017,-438323.89249999996,-455092.2952
9990000,2425.1916,14298.3652,62427.7188,-516898.97,-437747.6944,-454471.25119999994
9991000,2402.16,14306.7172,62317.4167,-516737.3659,-437711.072,-454419.9492
9992000,2354.9177,14295.0839,61806.0608,-516089.0914,-437633.029,-454283.0306
9993000,2352.2095,14244.134,61752.7707,-515685.7101,-437336.5959,-453932.93940000003
9994000,2392.9407,14316.5511,62590.3514,-516395.3576,-437095.5144,-453805.0062
9995000,2399.6363,14236.8392,62023.912,-516380.3248,-437719.9373,-454356.4128
9996000,2367.5111,14210.8108,62286.3318,-516182.6814,-437318.0277,-453896.3496
9997000,2332.8655,14254.1125,61549.0553,-515461.298,-437325.2647,-453912.2427
9998000,2380.1808,14304.6817,62345.7304,-516647.2786,-437616.68570000003,-454301.5482
9999000,2389.2613,14284.9022,61894.3512,-515781.8122,-437213.2975,-453887.461
10000000,2377.1398,14255.6615,62191.8941,-515927.7514,-437103.056,-453735.85730000003
10000000,2379.1018,14299.3985,61987.8222,-516174.6189,-437508.2964,-454186.7967
10000000,20.1793,62.7155,307.242,562.1251,952.2619,869.3670999999999
