step,nb14,eel14,vdwaals,eelec,case1,case2
1000,2395.6155,14384.1303,62220.4755,-516180.3927,-437180.1714,-453959.9172
2000,2375.0556,14281.6672,61874.6746,-515504.8915,-436973.4941,-453630.2169
3000,2377.4437,14351.0366,62381.4738,-516061.0435,-436951.08940000006,-453679.56970000005
4000,2395.4721,14345.779,61465.5739,-515620.8438,-437414.01879999996,-454155.26989999996
5000,2369.9216,14231.4675,62213.969,-516285.3883,-437470.0302,-454071.4193
6000,2359.4954,14340.6763,62291.9557,-516801.0322,-437808.9048,-454509.0765
7000,2397.8015,14319.2749,61966.6055,-515552.4659,-436868.784,-453585.8604
8000,2395.2056,14287.1967,61971.8068,-515843.0683,-437188.85919999995,-453871.26149999996
9000,2377.9397,14297.0485,62266.2175,-515959.1225,-437017.9168,-453692.905
10000,2378.1799,14436.5295,62064.2666,-516636.2342,-437757.25820000004,-454571.9676
11000,2400.551,14286.517,62358.4641,-516568.1312,-437522.5991,-454209.6671
12000,2393.2747,14308.8593,61920.99,-516454.0367,-437830.9127,-454533.0467
13000,2372.2052,14207.3191,62237.8472,-516547.6509,-437730.2794,-454309.8037
14000,2369.2785,14322.3876,62100.0511,-515993.2466,-437201.5294,-453893.19550000003
15000,2396.7178,14425.7771,61805.3238,-515644.1737,-437016.355,-453838.8499
16000,2388.2177,14414.7673,62081.5187,-516409.1909,-437524.6872,-454327.6722
17000,2358.7108,14375.8013,61933.0348,-516076.2001,-437408.6532,-454143.1653
18000,2400.8655,14311.7204,61821.7627,-516100.0606,-437565.71200000006,-454278.2979
19000,2411.7395,14356.8585,62105.495,-516578.113,-437704.02,-454472.618
20000,2405.6064,14397.0622,62533.6259,-516663.1256,-437326.8311,-454129.49970000004
21000,2409.2309,14356.2036,62436.5509,-516930.6246,-437728.6392,-454494.07369999995
22000,2409.9677,14316.5945,62021.2487,-516276.2845,-437528.4736,-454255.0358
23000,2369.1126,14358.1749,62464.8134,-517072.7506,-437880.64970000007,-454607.93720000004
24000,2372.1355,14359.8658,62174.6807,-516529.8441,-437623.16209999996,-454355.16339999996
25000,2389.2806,14454.276,61778.8134,-515249.475,-436627.105,-453470.6616
26000,2365.5847,14286.8234,62133.2108,-516237.5114,-437451.8925,-454104.3006
27000,2377.8167,14370.0651,61805.3391,-515807.5556,-437254.3347,-454002.21650000004
28000,2393.5535,14366.1409,61750.1937,-515597.0272,-437087.13910000003,-453846.8335
29000,2397.607,14347.916,61809.3069,-516435.8151,-437880.9852,-454626.5082
30000,2348.6064,14216.4839,61958.7127,-516250.0061,-437726.2031,-454291.2934
31000,2386.234,14435.2306,61849.2761,-516214.2055,-437543.46479999996,-454364.92939999996
32000,2405.591,14348.8412,62175.3115,-516018.5298,-437088.7861,-453843.2183
33000,2391.6829,14326.6138,61912.071,-515725.2286,-437094.86089999997,-453813.1576
34000,2419.1524,14381.7622,61554.4165,-515956.7237,-437601.39259999996,-454402.3072
35000,2332.6274,14295.7784,62214.9655,-516575.0749,-437731.7036,-454360.1094
36000,2370.3725,14323.7059,62017.6325,-516384.8517,-437673.1408,-454367.2192
37000,2364.6432,14325.8274,61643.3224,-516098.2988,-437764.5058,-454454.9764
38000,2388.8959,14377.9949,61583.9489,-515571.4505,-437220.61079999997,-453987.50159999996
39000,2350.844,14319.1866,62393.3259,-516577.0787,-437513.7222,-454183.7528
40000,2368.3985,14261.1034,61854.974,-516004.0154,-437519.53949999996,-454149.0414
41000,2381.5696,14350.8349,61809.1466,-516056.8349,-437515.28380000003,-454247.68830000004
42000,2403.6507,14409.063,62297.4181,-516701.1359,-437591.0041,-454403.7178
43000,2394.3754,14313.7332,62421.8069,-516285.7031,-437155.7876,-453863.89619999996
44000,2419.7853,14291.6996,62333.0722,-516701.4902,-437656.9331,-454368.418
45000,2364.5812,14386.02,61545.8459,-515462.5553,-437166.1082,-453916.7094
46000,2376.3035,14240.9781,61808.2888,-515720.647,-437295.07660000003,-453912.3582
47000,2375.5213,14291.2142,62279.0175,-516850.4437,-437904.69070000004,-454571.4262
48000,2387.674,14325.5638,61837.3487,-515874.6373,-437324.05079999997,-454037.28859999997
49000,2372.2364,14283.6913,61383.3824,-515470.2985,-437430.9884,-454086.9161
50000,2410.267,14475.1181,61815.7286,-516010.9849,-437309.8712,-454195.2563
51000,2398.2569,14319.9471,62217.4965,-516471.1526,-437535.4521,-454253.65609999996
52000,2407.7316,14311.3276,61803.1687,-516254.3478,-437732.1199,-454451.1791
53000,2408.6119,14405.3105,62106.3507,-517101.5082,-438181.2351,-454995.1575
54000,2357.7059,14365.3802,62633.997,-517300.6436,-437943.5605,-454666.6466
55000,2390.8427,14268.8585,62125.6348,-516838.9442,-438053.6082,-454713.3094
56000,2403.9562,14418.464,62031.8156,-516222.3747,-437368.1389,-454190.55909999995
57000,2390.4358,14309.4203,61741.7722,-515982.2926,-437540.6643,-454240.5204
58000,2385.2023,14334.0309,62291.504,-516543.1185,-437532.3813,-454251.61449999997
59000,2387.6888,14277.2103,62299.6603,-516475.5718,-437511.0124,-454175.9115
60000,2380.7452,14348.945,62242.1356,-516013.3393,-437041.5135,-453771.2037
61000,2368.6278,14312.7511,62392.7295,-517701.0341,-438626.9257,-455308.3046
62000,2400.615,14284.8467,62074.4001,-517380.5406,-438620.6788,-455306.1405
63000,2399.1918,14322.9688,62209.2568,-516356.3121,-437424.89469999995,-454147.0553
64000,2363.3917,14290.9178,61972.1195,-515763.581,-437137.152,-453791.4615
65000,2390.4392,14296.8382,61890.3761,-516016.3643,-437438.7108,-454125.9882
66000,2391.2295,14382.5114,62096.2831,-516850.1445,-437980.12049999996,-454753.8614
67000,2403.3206,14295.1277,62019.9245,-516099.5123,-437381.1395,-454079.5878
68000,2401.37,14329.6204,62194.1807,-515753.0296,-436827.85850000003,-453558.8489
69000,2363.0343,14336.5104,61623.4733,-515970.7852,-437647.7672,-454347.3119
70000,2374.8153,14303.8745,62178.1048,-516370.451,-437513.6564,-454192.3462
71000,2363.947,14304.7546,61964.6806,-515606.3092,-436972.927,-453641.6286
72000,2369.6839,14276.2405,62372.4162,-516242.4803,-437224.1397,-453870.0641
73000,2357.7845,14273.0781,62374.1555,-516798.0311,-437793.01300000004,-454423.8756
74000,2361.3626,14325.3295,62063.8064,-515833.2007,-437082.7022,-453769.3943
75000,2378.8033,14372.9355,61523.6386,-515345.4412,-437070.0638,-453821.8026
76000,2379.2428,14239.802,62058.1433,-516481.6414,-437804.45330000005,-454423.4981
77000,2398.013,14370.1921,62342.6837,-516678.1451,-437567.2563,-454335.46140000003
78000,2386.7434,14318.6057,61424.2656,-514955.3354,-436825.72069999995,-453531.0698
79000,2358.7786,14382.9524,62578.5672,-517155.4034,-437835.1052,-454576.8362
80000,2345.6145,14221.6246,61809.6707,-516364.0648,-437987.155,-454554.3941
81000,2409.1324,14200.6345,62013.9938,-515940.2328,-437316.4721,-453926.239
82000,2398.2874,14353.2199,62332.4774,-516039.4239,-436955.4392,-453706.94649999996
83000,2384.9192,14363.6095,62350.4851,-516284.255,-437185.2412,-453933.7699
84000,2371.1342,14219.5982,61703.6455,-516111.7065,-437817.3286,-454408.061
85000,2412.4201,14481.8677,61732.2786,-516117.0508,-437490.4844,-454384.7722
86000,2387.3009,14350.7545,61627.7849,-515887.4735,-437521.63320000004,-454259.6886
87000,2423.5251,14324.8771,62222.5404,-516149.888,-437178.94539999997,-453927.3476
88000,2397.4381,14430.402,62036.5323,-515388.2727,-436523.9003,-453351.74039999995
89000,2403.5585,14328.381,62170.9083,-515904.2322,-437001.38440000004,-453733.3239
90000,2383.5928,14426.015,61433.63,-515162.1175,-436918.8797,-453728.4875
91000,2384.131,14418.9333,62455.8584,-516661.4605,-437402.5378,-454205.6021
92000,2377.587,14249.1671,62037.8776,-516203.2732,-437538.6415,-454165.3956
93000,2369.8106,14242.6357,62361.1182,-516819.3081,-437845.74360000005,-454458.1899
94000,2389.7693,14346.6407,61697.2929,-515725.5098,-437291.80689999997,-454028.2169
95000,2372.3635,14267.2297,61616.3163,-515245.6017,-436989.6922,-453629.2854
96000,2406.4818,14297.3304,62136.6298,-516155.0076,-437314.5656,-454018.3778
97000,2402.5929,14407.4901,62584.1167,-517389.1123,-437994.9126,-454804.99559999997
98000,2394.9658,14396.0114,62146.5721,-517141.5928,-438204.04349999997,-454995.0207
99000,2415.358,14370.0261,61304.8182,-515501.7127,-437411.51039999997,-454196.8945
100000,2381.1543,14269.5562,61517.2081,-515411.9258,-437244.0072,-453894.71770000004
101000,2393.1596,14326.5152,62197.5391,-516352.5745,-437435.3606,-454155.0354
102000,2410.5709,14433.8446,61576.6982,-515304.8453,-436883.7316,-453728.1471
103000,2389.4641,14336.2872,62122.4138,-516650.0228,-437801.8577,-454527.609
104000,2385.5043,14353.299,61820.8038,-515893.8233,-437334.2162,-454073.0195
105000,2423.6015,14414.9895,62163.2109,-516631.8507,-437630.0488,-454468.6398
106000,2399.281,14363.6537,62008.0104,-516280.4644,-437509.5193,-454272.454
107000,2386.0558,14412.7764,62026.2866,-516717.6866,-437892.5678,-454691.4
108000,2381.7366,14327.549,62579.0393,-517121.4457,-437833.1208,-454542.4064
109000,2387.0682,14323.6696,62197.8319,-516903.2136,-437994.6439,-454705.3817
110000,2391.3317,14420.5252,61993.2643,-516160.6012,-437355.48,-454167.3369
111000,2357.1299,14258.3165,62155.4683,-516446.1555,-437675.2408,-454290.6872
112000,2372.4225,14384.6197,62607.314,-516930.6402,-437566.28400000004,-454323.3262
113000,2393.688,14348.9944,62821.2443,-517262.0981,-437698.1714,-454440.8538
114000,2360.8433,14395.477,61440.3591,-515249.8735,-437053.19409999996,-453809.5144
115000,2382.0262,14369.9332,61898.36,-516010.6814,-437360.36199999996,-454112.3214
116000,2397.8809,14348.5551,62283.1112,-516384.3261,-437354.77890000003,-454101.2149
117000,2389.4778,14345.4547,61464.2412,-515798.6784,-437599.5047,-454334.4372
118000,2399.5671,14470.7578,62228.6774,-516567.4844,-437468.4821,-454338.80700000003
119000,2390.5638,14295.8569,62038.4647,-515720.8949,-436996.00950000004,-453682.4302
120000,2391.3658,14440.7511,61676.3663,-515888.7535,-437380.2703,-454212.3872
121000,2409.342,14353.5132,61896.1308,-516397.5185,-437738.5325,-454501.3877
122000,2391.5597,14452.4605,62031.9885,-516730.2026,-437854.1939,-454698.21410000004
123000,2355.8748,14400.8937,61985.3735,-516447.5979,-437705.4559,-454462.2244
124000,2400.3676,14340.5933,61907.315,-516100.3359,-437452.06,-454193.0209
125000,2365.5563,14357.1024,62386.6399,-516487.5229,-437378.2243,-454100.883
126000,2418.1997,14335.8825,61799.2786,-516044.429,-437491.0682,-454245.1504
127000,2384.5016,14294.0228,62082.6994,-516130.3344,-437369.1106,-454047.635
128000,2409.9536,14339.5224,62111.5554,-516591.0604,-437730.02900000004,-454479.505
129000,2376.9672,14374.4063,62129.6004,-516223.2665,-437342.29260000004,-454093.66610000003
130000,2412.3518,14426.1025,61674.141,-516192.9356,-437680.34030000004,-454518.7946
131000,2384.3685,14296.0319,62019.6625,-515915.4917,-437215.4288,-453895.82920000004
132000,2377.9739,14346.0248,61904.3236,-515644.305,-437015.9827,-453739.9814
133000,2371.6493,14407.579,61601.6108,-515489.9073,-437109.06820000004,-453888.2965
134000,2387.978,14387.2562,62346.3276,-516145.4667,-437023.90489999996,-453799.1391
135000,2380.9661,14350.2262,61984.8699,-515808.2018,-437092.1396,-453823.3319
136000,2380.7182,14281.4678,61795.9236,-515811.7496,-437353.64,-454015.826
137000,2380.2822,14342.4778,61838.7817,-516156.0683,-437594.5266,-454317.2866
138000,2416.3822,14287.7468,62512.7169,-516415.8711,-437199.0252,-453903.1542
139000,2386.8614,14256.7335,62490.0545,-516456.9074,-437323.25800000003,-453966.85290000006
140000,2397.423,14229.8946,62235.09,-516377.8998,-437515.49220000004,-454142.80980000005
141000,2397.6981,14267.1886,62451.3951,-516596.1994,-437479.9176,-454144.80429999996
142000,2338.2303,14347.5712,62242.1697,-516483.5604,-437555.58920000005,-454241.3907
143000,2372.7732,14274.671,62103.1897,-516055.6659,-437305.032,-453952.47620000003
144000,2364.9951,14397.0403,62222.4088,-516664.2012,-437679.757,-454441.79240000003
145000,2410.7883,14345.4299,62317.7498,-516133.0969,-437059.1289,-453815.3471
146000,2380.7156,14292.4918,61665.3247,-515436.3881,-437097.85599999997,-453771.0634
147000,2391.8172,14351.3992,61692.7721,-515791.4859,-437355.4974,-454098.7138
148000,2350.7227,14350.0898,61955.0402,-516270.44,-437614.5873,-454315.3998
149000,2380.6252,14230.5072,62285.7696,-516592.7302,-437695.8282,-454306.9606
150000,2367.4198,14254.225,62008.2748,-516133.5097,-437503.59010000003,-454125.2349
151000,2346.8249,14330.4542,62198.5152,-516813.8181,-437938.02379999997,-454615.30289999995
152000,2380.3931,14295.21,62038.3384,-516187.3701,-437473.4286,-454149.0317
153000,2380.0973,14312.9744,62132.3511,-516241.6866,-437416.2638,-454109.33550000004
154000,2405.5797,14276.4157,62103.2987,-516175.4087,-437390.11460000003,-454072.11000000004
155000,2412.6302,14369.3678,61604.9772,-516434.6525,-438047.67730000004,-454829.6753
156000,2379.3765,14344.7499,61895.3192,-515993.9638,-437374.51820000005,-454098.6446
157000,2390.3296,14318.9021,61527.371,-515375.7747,-437139.172,-453848.4037
158000,2375.1801,14330.8809,61732.3031,-515705.9216,-437267.5575,-453973.6185
159000,2388.8196,14417.1636,62433.2357,-517362.8382,-438123.6193,-454929.6025
160000,2389.0342,14368.5907,61258.0975,-515601.3727,-437585.6503,-454343.27520000003
161000,2412.7261,14372.7901,61715.9275,-515793.744,-437292.3003,-454077.8165
162000,2383.8958,14247.6348,62235.234,-516193.9901,-437327.2255,-453958.7561
163000,2347.5549,14292.8246,62141.2984,-515537.312,-436755.63409999997,-453396.01359999995
164000,2381.293,14262.9129,62121.0884,-516284.2702,-437518.9759,-454163.1818
165000,2390.2937,14408.8113,62070.6,-516805.9738,-437936.26879999996,-454735.3738
166000,2357.8731,14319.8839,61820.6329,-516048.1376,-437549.7477,-454227.50470000005
167000,2379.6696,14382.0075,61936.1557,-516291.1339,-437593.30110000004,-454354.9782
168000,2370.7357,14355.8292,62014.8486,-516243.6015,-437502.18799999997,-454228.75289999996
169000,2382.2506,14408.6852,61772.4571,-515523.2016,-436959.80869999994,-453750.7445
170000,2367.0859,14331.5653,61991.159,-516203.3164,-437513.5062,-454212.1574
171000,2400.0383,14435.1862,61982.7734,-516484.1651,-437666.16719999997,-454501.3917
172000,2365.9444,14294.7416,62279.0717,-516582.0282,-437642.2705,-454302.9565
173000,2363.6224,14335.1167,61636.7031,-515494.129,-437158.6868,-453857.42590000003
174000,2391.1509,14382.4662,62454.2049,-517140.2063,-437912.38430000003,-454686.0014
175000,2386.3159,14341.893,62093.4873,-516189.9631,-437368.2669,-454096.4758
176000,2370.6322,14303.2556,62471.3026,-517113.4505,-437968.26009999996,-454642.1479
177000,2382.7855,14402.8258,62128.2719,-515776.4459,-436862.5627,-453648.174
178000,2400.7232,14451.416,61657.1228,-515622.3889,-437113.12690000003,-453965.2661
179000,2362.5627,14344.5243,62069.2097,-516253.2465,-437476.9498,-454184.0368
180000,2383.0801,14337.4469,61955.1251,-516082.0937,-437406.4416,-454126.9686
181000,2348.8692,14412.341,61732.1698,-516043.6502,-437550.27019999997,-454311.4804
182000,2382.6026,14331.218,62271.8045,-516844.3358,-437858.7107,-454572.53130000003
183000,2379.6576,14333.2096,61990.876,-516248.7114,-437544.9682,-454257.8354
184000,2372.3168,14370.9304,61813.1413,-516913.9645,-438357.576,-455100.8232
185000,2389.3342,14473.8189,62094.8614,-517228.8587,-438270.8442,-455133.9973
186000,2363.9517,14361.3663,62031.084,-515940.9318,-437184.5298,-453909.8478
187000,2369.9676,14495.0115,61963.5059,-516125.7514,-437297.2664,-454162.2455
188000,2394.1076,14373.5686,62213.9253,-516541.4709,-437559.8694,-454327.5456
189000,2366.1164,14325.6864,61982.4445,-515964.9732,-437290.7259,-453982.5287
190000,2374.8394,14329.0669,61636.6504,-515726.7168,-437386.1601,-454090.0664
191000,2379.7317,14411.5229,62093.5856,-516365.5177,-437480.6775,-454271.93210000003
192000,2386.2781,14337.4066,62330.8628,-516424.5294,-437369.9819,-454093.6666
193000,2393.2013,14386.915,61928.0501,-515671.0097,-436962.8433,-453742.9596
194000,2414.5666,14441.117,61505.379,-515727.152,-437366.0894,-454221.773
195000,2386.0138,14334.2642,62148.9475,-516695.4217,-437826.1962,-454546.4742
196000,2365.9331,14355.2031,62078.8889,-516840.6401,-438040.615,-454761.7512
197000,2393.5014,14458.3256,61967.3472,-515879.7946,-437060.6204,-453912.4474
198000,2381.4445,14332.7014,62045.5343,-515657.8542,-436898.174,-453612.3199
199000,2384.8004,14448.7104,61498.6581,-515458.0246,-437125.8557,-453959.3665
200000,2385.2419,14295.64,61819.4352,-515788.2877,-437287.9706,-453968.8525
201000,2351.7219,14441.3856,62296.0808,-516812.0654,-437722.87710000004,-454515.9846
202000,2404.8651,14480.0595,61534.1083,-516002.9739,-437583.941,-454468.86559999996
203000,2350.0129,14312.7234,62538.102,-516657.5971,-437456.7588,-454119.4951
204000,2364.1276,14294.1998,62322.1199,-517058.8908,-438078.4435,-454736.7709
205000,2369.984,14285.3825,62019.8645,-515965.4563,-437290.22530000005,-453945.5918
206000,2316.6974,14251.2015,62053.34,-515947.0326,-437325.7937,-453893.69259999995
207000,2389.9461,14280.1018,61964.4969,-515504.6664,-436870.12159999995,-453540.16949999996
208000,2391.8116,14392.4267,61951.37,-515951.6135,-437216.00519999996,-454000.2435
209000,2365.551,14300.6707,61897.0026,-515440.233,-436877.0087,-453543.2304
210000,2412.6404,14440.6447,61974.2431,-515789.1708,-436961.6426,-453814.9277
211000,2382.0159,14364.0924,62302.0468,-515711.2512,-436663.09609999997,-453409.2044
212000,2404.0418,14360.5864,61426.8589,-515187.4266,-436995.9395,-453760.5677
213000,2357.7338,14280.9549,62312.6488,-516016.5207,-437065.18319999997,-453703.87189999997
214000,2401.2346,14342.4927,61889.2796,-515676.2282,-437043.2213,-453786.9486
215000,2382.7487,14331.8087,61956.418,-516024.5974,-437353.62200000003,-454068.1794
216000,2360.9017,14225.6752,61536.8948,-515728.3077,-437604.836,-454191.4129
217000,2388.479,14343.9284,62115.6341,-516307.4452,-437459.4037,-454191.8111
218000,2368.1875,14378.9661,61865.13,-516377.7181,-437765.4345,-454512.5881
219000,2357.3396,14307.6168,62132.6075,-516129.0497,-437331.48579999997,-453996.4422
220000,2360.9056,14418.334,62126.715,-516486.5687,-437580.6141,-454359.8537
221000,2370.274,14227.8629,61944.267,-515835.5491,-437293.1452,-453891.2821
222000,2403.6104,14421.7011,61988.6331,-515842.5541,-437028.6095,-453853.92100000003
223000,2399.9307,14313.3014,62605.5412,-517805.8058,-438487.0325,-455200.2646
224000,2396.4167,14404.1439,61920.5011,-516747.0181,-438025.95639999997,-454826.517
225000,2381.4631,14333.4719,61982.3421,-516480.504,-437783.2269,-454498.1619
226000,2376.5876,14346.2351,62147.916,-516586.8888,-437716.1501,-454438.9728
227000,2344.9691,14270.5414,62146.3396,-516785.3573,-438023.5072,-454639.01769999997
228000,2399.305,14274.2129,61909.1746,-516689.9472,-438107.2547,-454780.7726
229000,2381.5193,14368.8571,62180.8296,-516553.3636,-437622.1576,-454372.534
230000,2387.6532,14468.2302,61981.868,-516079.6465,-437241.89509999997,-454097.77849999996
231000,2363.5085,14346.5958,61617.7922,-515706.6376,-437378.7411,-454088.8454
232000,2376.9535,14471.8659,61878.1959,-516107.5543,-437380.539,-454229.3584
233000,2341.5827,14317.0041,61806.2735,-515245.0331,-436780.1728,-453438.7596
234000,2393.8702,14281.6889,61546.039,-515361.6261,-437140.028,-453815.5871
235000,2352.5166,14286.1307,61961.8798,-516454.2972,-437853.77009999997,-454492.4174
236000,2383.3317,14337.8056,61692.4716,-515784.0747,-437370.4658,-454091.6031
237000,2361.675,14278.6353,62418.0691,-516077.3182,-437018.9388,-453659.24909999996
238000,2369.5754,14295.0255,62240.7737,-517048.8681,-438143.49350000004,-454808.0944
239000,2391.6049,14307.2761,62062.3928,-516141.1264,-437379.8526,-454078.73360000004
240000,2374.3122,14364.5032,61891.7754,-516391.0803,-437760.48949999997,-454499.3049
241000,2383.825,14220.5263,61597.8862,-515329.4827,-437127.2452,-453731.5965
242000,2424.8732,14297.9851,61681.6242,-515435.1857,-437030.7032,-453753.56149999995
243000,2351.5894,14279.3866,61767.2161,-516037.4915,-437639.2994,-454270.2754
244000,2334.762,14282.6944,61596.3294,-515571.8288,-437358.043,-453975.49940000003
245000,2363.7159,14334.1011,61670.8884,-515662.3246,-437293.61919999996,-453991.4362
246000,2342.5743,14276.574,62216.4365,-516591.7552,-437756.1704,-454375.3187
247000,2357.9953,14281.8996,62272.5451,-516776.6461,-437864.2061,-454504.101
248000,2366.1145,14316.7107,61591.1782,-515252.2931,-436978.2897,-453661.1149
249000,2372.8971,14300.2823,61975.0538,-516470.6068,-437822.3736,-454495.553
250000,2376.9394,14245.1545,62201.0171,-516784.4697,-437961.3587,-454583.4526
251000,2396.0957,14261.5438,62045.8875,-516152.0294,-437448.5024,-454106.1419
252000,2390.5473,14297.593,62044.1931,-516276.0011,-437543.6677,-454231.808
253000,2374.1183,14260.4536,62672.1484,-516695.305,-437388.5847,-454023.1566
254000,2366.8702,14264.114,62099.3129,-516780.3053,-438050.00820000004,-454680.9924
255000,2353.3077,14321.9622,61452.6618,-515273.5985,-437145.6668,-453820.9367
256000,2376.0606,14262.731,62073.6995,-516290.3888,-437577.89770000003,-454216.6893
257000,2341.8357,14247.9977,62125.5713,-515978.1577,-437262.75299999997,-453852.5864
258000,2347.966,14373.3899,61859.92,-516168.6635,-437587.3876,-454308.74350000004
259000,2354.2772,14379.7839,62171.4591,-516235.8175,-437330.2973,-454064.3584
260000,2352.4486,14364.4209,61645.3297,-515538.7657,-437176.56649999996,-453893.436
261000,2380.4421,14246.05,62083.4706,-515992.7258,-437282.7631,-453909.2552
262000,2384.3479,14282.5119,61830.8248,-516102.3762,-437604.6916,-454271.5514
263000,2381.391,14478.7874,61378.9956,-515168.2266,-436929.0526,-453789.23099999997
264000,2383.5637,14294.3742,61917.3625,-515579.5582,-436984.2578,-453662.19570000004
265000,2367.0816,14335.4054,62153.4216,-516112.4546,-437256.546,-453959.033
266000,2401.5876,14299.5297,61731.8549,-515448.7526,-437015.78040000005,-453716.89770000003
267000,2338.0672,14361.284,62068.0852,-516586.4924,-437819.056,-454518.4072
268000,2361.0651,14357.3854,62106.7236,-516239.6231,-437414.449,-454132.89950000006
269000,2396.6394,14301.3984,62213.0873,-516256.8985,-437345.7734,-454043.8112
270000,2349.8272,14293.32,61719.3502,-516146.1138,-437783.6164,-454426.7636
271000,2348.6081,14316.1496,62181.4831,-516665.7149,-437819.4741,-454484.2318
272000,2336.853,14331.1558,62331.0744,-516700.6206,-437701.53740000003,-454369.54620000004
273000,2385.9825,14358.8416,61750.1318,-515515.9995,-437021.0436,-453765.86769999994
274000,2385.683,14313.6153,61702.9426,-515422.1345,-437019.89359999995,-453719.1919
275000,2389.2908,14361.3643,62562.0165,-517676.0156,-438363.344,-455113.9991
276000,2397.6197,14327.463,62525.16,-516770.62,-437520.3773,-454245.45999999996
277000,2339.5432,14262.8657,62309.0639,-516255.4109,-437343.9381,-453946.347
278000,2397.669,14341.3828,62028.67,-516236.8257,-437469.1039,-454208.1557
279000,2344.7202,14333.0874,61958.7893,-516307.6652,-437671.0683,-454348.8759
280000,2333.8356,14260.6846,61989.6386,-516012.1839,-437428.02509999997,-454022.5453
281000,2349.0847,14309.4934,61848.5903,-516092.3219,-437585.1535,-454243.7316
282000,2359.7844,14387.1465,62204.037,-516505.6494,-437554.6815,-454301.6124
283000,2386.7929,14345.0523,61681.3219,-516184.6175,-437771.4504,-454503.2956
284000,2379.9118,14260.3378,62457.683,-517327.7119,-438229.7793,-454870.0289
285000,2357.366,14402.3566,61962.9376,-516227.8707,-437505.21050000004,-454264.9331
286000,2363.5199,14314.9351,61888.5641,-516133.0696,-437566.0505,-454244.50549999997
287000,2371.8963,14365.9178,62094.2568,-517195.4903,-438363.4194,-455101.2335
288000,2352.6944,14331.1518,62263.6755,-516595.9285,-437648.4068,-454332.25299999997
289000,2390.8342,14457.1572,61842.6016,-516174.8947,-437484.3017,-454332.2931
290000,2418.209,14311.7942,62273.0312,-516237.1757,-437234.1413,-453964.14450000005
291000,2403.7198,14310.7552,61703.5906,-515717.6449,-437299.5793,-454014.0543
292000,2359.2,14286.8188,61938.0532,-515577.0994,-436993.0274,-453639.0462
293000,2336.7145,14315.7812,61732.9309,-515567.8104,-437182.3838,-453834.87950000004
294000,2387.1931,14352.9167,62531.6591,-516629.3157,-437357.5468,-454097.6566
295000,2377.2799,14401.563,61755.1725,-515930.9271,-437396.91169999994,-454175.7546
296000,2388.4144,14299.0798,61188.179,-514613.5354,-436737.8622,-453425.3564
297000,2403.3371,14359.9333,61798.7373,-515394.4597,-436832.452,-453595.7224
298000,2365.7349,14374.4846,61538.3674,-515403.6268,-437125.03990000003,-453865.25940000004
299000,2373.5839,14410.9713,61647.2029,-515960.1644,-437528.40630000003,-454312.96150000003
300000,2376.3616,14443.7969,61905.6274,-516014.4434,-437288.6575,-454108.816
301000,2396.194,14358.8461,62687.078,-516810.2777,-437368.15959999996,-454123.1997
302000,2378.0184,14290.6681,62080.8635,-516187.5275,-437437.97750000004,-454106.66400000005
303000,2386.1654,14359.1867,61936.7361,-516200.5309,-437518.4427,-454263.79480000003
304000,2364.2531,14283.8936,62061.4754,-516927.8509,-438218.22880000004,-454866.3755
305000,2336.8996,14399.009,62310.9703,-517695.8666,-438648.9877,-455384.8963
306000,2375.3893,14380.0597,62204.8743,-516768.101,-437807.77770000004,-454563.2267
307000,2365.1666,14401.4346,62130.8973,-516615.9734,-437718.47490000003,-454485.0761
308000,2402.1011,14414.6114,62080.1974,-515799.5433,-436902.63340000005,-453719.3459
309000,2389.9054,14392.1752,62337.9276,-516832.6047,-437712.5965,-454494.67710000003
310000,2384.7891,14343.5739,62253.185,-517016.593,-438035.045,-454763.408
311000,2359.3586,14266.8211,61635.6236,-515774.9025,-437513.09920000006,-454139.27890000003
312000,2339.288,14274.9636,62283.54,-516441.0445,-437543.2529,-454157.50450000004
313000,2388.6718,14468.5535,61878.8001,-515999.1554,-437263.13,-454120.3553
314000,2369.8758,14262.4319,61640.8601,-516036.5952,-437763.4274,-454395.7351
315000,2357.7089,14266.4213,62384.4459,-516163.4623,-437154.8862,-453779.0164
316000,2383.0287,14431.0906,62124.1749,-516528.5297,-437590.2355,-454404.35480000003
317000,2376.4321,14330.1119,62272.2656,-516448.6471,-437469.8375,-454176.3815
318000,2420.6179,14407.2136,61969.3197,-516286.8306,-437489.6794,-454317.5109
319000,2367.1276,14332.8336,61719.0223,-515568.1284,-437149.14489999996,-453849.1061
320000,2334.4302,14458.4825,62185.701,-516094.8191,-437116.20540000004,-453909.1181
321000,2384.5239,14381.0807,61526.0354,-515707.2728,-437415.63279999996,-454181.2374
322000,2371.1354,14422.102,62575.2966,-517153.8307,-437785.2967,-454578.5341
323000,2374.6561,14384.2953,62321.8615,-516317.3507,-437236.53780000005,-453995.4892
324000,2377.3733,14391.1918,61761.6413,-515554.1649,-437023.95849999995,-453792.52359999996
325000,2389.1696,14438.5923,62491.6263,-516985.9907,-437666.60250000004,-454494.3644
326000,2336.9161,14272.9738,61986.1951,-516407.1156,-437811.03060000006,-454420.9205
327000,2385.622,14317.8656,61655.9547,-516424.4153,-438064.973,-454768.4606
328000,2330.2179,14411.5193,61916.5684,-516171.7381,-437513.4325,-454255.1697
329000,2354.4746,14342.1215,62152.4648,-516702.1387,-437853.0778,-454549.6739
330000,2367.942,14361.5706,61878.3738,-515787.5912,-437179.7048,-453909.2174
331000,2386.7352,14365.8255,61924.5739,-516140.8297,-437463.6951,-454216.2558
332000,2370.0348,14311.7694,61490.5119,-515666.474,-437494.1579,-454175.9621
333000,2378.4148,14387.6843,62254.25,-516703.8871,-437683.538,-454449.6371
334000,2360.7517,14307.2523,61553.5453,-515753.1313,-437531.582,-454199.586
335000,2360.6651,14319.0914,61634.0772,-515834.9135,-437521.0798,-454200.8363
336000,2373.6417,14350.9527,61697.9582,-516361.1275,-437938.5749,-454663.1693
337000,2397.8542,14409.4667,61245.491,-515593.5401,-437540.7282,-454348.0491
338000,2376.3225,14409.2331,61602.608,-515521.8458,-437133.68220000004,-453919.2378
339000,2381.024,14425.9752,61604.867,-516024.7726,-437612.90640000004,-454419.90560000006
340000,2383.896,14366.0909,61350.0146,-515469.4118,-437369.4103,-454119.3972
341000,2377.4362,14349.9485,62083.7036,-516500.1542,-437689.0659,-454416.4506
342000,2389.8827,14453.202,62014.1618,-515961.5213,-437104.2748,-453947.3595
343000,2368.3805,14458.0504,61938.599,-515662.0782,-436897.0483,-453723.4792
344000,2316.9689,14323.1124,61941.1756,-515761.0631,-437179.8062,-453819.8875
345000,2391.9924,14390.2805,61370.8687,-514572.0016,-436418.86,-453201.1329
346000,2385.3966,14400.8864,61678.3867,-515593.7163,-437129.0466,-453915.32959999994
347000,2368.6656,14460.2977,61847.5551,-515634.0981,-436957.5797,-453786.543
348000,2396.7536,14352.9983,61777.4432,-515698.8633,-437171.6682,-453921.42010000005
349000,2357.7516,14320.1995,62281.5948,-516192.6698,-437233.1239,-453911.07499999995
350000,2385.707,14367.4016,61882.6833,-516209.3053,-437573.5134,-454326.62200000003
351000,2368.7774,14433.8955,61938.7786,-516652.6374,-437911.18590000004,-454713.8588
352000,2399.7963,14380.8345,62341.9237,-516793.8044,-437671.24990000005,-454451.88070000004
353000,2344.7753,14467.5184,62255.711,-516198.3677,-437130.363,-453942.6567
354000,2368.1113,14377.1339,62424.9814,-517311.8889,-438141.6623,-454886.90750000003
355000,2368.7018,14324.9162,61818.4159,-516661.6331,-438149.5992,-454843.21719999996
356000,2336.9775,14318.997,62184.3129,-516734.3554,-437894.06799999997,-454550.0425
357000,2381.3758,14411.5654,62224.814,-516858.6347,-437840.8795,-454633.8207
358000,2402.9995,14472.3742,62015.5504,-516695.6044,-437804.6803,-454680.054
359000,2345.2124,14344.7443,62009.2835,-516724.8636,-438025.6234,-454715.58009999996
360000,2346.842,14376.0439,62319.1555,-517089.763,-438047.7216,-454770.6075
361000,2368.6698,14482.2019,62344.467,-516771.3966,-437576.0579,-454426.9296
362000,2339.232,14384.7298,61868.3935,-515751.853,-437159.4977,-453883.4595
363000,2375.5185,14381.9408,62075.9603,-516905.7759,-438072.3563,-454829.81560000003
364000,2354.9778,14320.741,62128.131,-516474.2333,-437670.3835,-454346.1023
365000,2363.3703,14430.9626,61824.7565,-516352.8015,-437733.7121,-454528.045
366000,2397.3009,14314.9043,61768.9344,-516201.655,-437720.51540000003,-454432.7206
367000,2400.6232,14365.1568,62456.247,-517046.9748,-437824.9478,-454590.7278
368000,2360.4078,14371.3199,61484.8529,-515040.8264,-436824.24580000003,-453555.9735
369000,2382.0855,14422.2994,61248.1073,-515384.1583,-437331.66610000003,-454136.051
370000,2395.6484,14313.3263,62440.699,-516488.794,-437339.1203,-454048.095
371000,2364.6554,14353.8441,61934.1606,-515702.4358,-437049.7757,-453768.2752
372000,2383.4571,14459.2768,61971.3193,-515707.7037,-436893.6505,-453736.3844
373000,2365.5873,14323.9924,61500.2265,-514713.4933,-436523.6871,-453213.2668
374000,2368.5131,14288.5687,61720.6019,-515965.6259,-437587.9422,-454245.024
375000,2392.2898,14334.3066,61926.0094,-515903.3586,-437250.75279999996,-453977.3492
376000,2368.8001,14376.4029,61597.6754,-515571.0233,-437228.1449,-453973.3479
377000,2367.4121,14368.4341,61640.0963,-515595.7811,-437219.8386,-453955.68480000005
378000,2417.3732,14373.7987,61876.9054,-516110.6583,-437442.581,-454233.7529
379000,2373.0875,14377.8626,62349.1557,-516322.1887,-437222.0829,-453973.033
380000,2379.8656,14314.8511,62031.1295,-516090.8039,-437364.9577,-454059.6744
381000,2379.0984,14294.477,62147.4005,-516673.5453,-437852.5694,-454526.1448
382000,2346.8768,14300.9987,62059.6722,-515815.1543,-437107.6066,-453755.4821
383000,2382.2184,14266.0245,61833.4539,-515985.7629,-437504.06609999994,-454152.30899999995
384000,2341.2163,14357.3525,61681.0916,-515677.3479,-437297.6875,-453996.2563
385000,2333.2038,14292.9735,62333.8495,-516418.068,-437458.04120000004,-454084.2185
386000,2341.0092,14284.5842,62558.3538,-517604.6545,-438420.7073,-455046.3007
387000,2344.631,14362.8451,62218.9198,-516999.2014,-438072.8055,-454780.2816
388000,2369.4142,14390.4824,62279.1085,-516835.3099,-437796.3048,-454556.2014
389000,2329.8181,14358.248,61809.6817,-516881.0718,-438383.32399999996,-455071.39009999996
390000,2341.5667,14390.7664,61783.0703,-515421.0433,-436905.6399,-453637.973
391000,2359.3073,14305.8237,62007.5246,-516103.5842,-437430.9286,-454096.0596
392000,2368.3199,14432.4566,61158.1157,-514997.1155,-437038.2233,-453838.9998
393000,2368.9315,14404.0076,61574.7365,-515856.205,-437508.5294,-454281.4685
394000,2379.4913,14438.0428,61860.5322,-516124.133,-437446.06669999997,-454263.60079999996
395000,2358.764,14299.4955,61873.4458,-516165.0005,-437633.29520000005,-454291.55470000004
396000,2351.6486,14390.1144,61788.8716,-516405.596,-437874.96140000003,-454616.7244
397000,2365.6363,14353.5047,61897.7272,-515831.9771,-437215.1089,-453934.2499
398000,2357.0362,14389.6913,62146.439,-516668.4528,-437775.28630000004,-454522.0138
399000,2378.8895,14334.0941,62209.9727,-516086.377,-437163.4207,-453876.4043
400000,2364.4883,14374.0235,61605.0507,-515822.3664,-437478.8039,-454217.3157
401000,2385.292,14401.9419,61433.8305,-515609.6817,-437388.61730000004,-454175.85120000003
402000,2361.234,14365.4072,62377.3101,-516813.0437,-437709.09239999996,-454435.7336
403000,2407.2445,14326.5442,62539.4035,-516454.9991,-437181.8069,-453915.5956
404000,2357.3297,14364.0065,61379.809,-515303.0539,-437201.9087,-453923.2449
405000,2363.6918,14418.6465,61770.3505,-516262.04,-437709.3512,-454491.6895
406000,2406.9225,14424.903,61837.6547,-516536.6543,-437867.1741,-454698.9996
407000,2361.9614,14411.7229,62164.5598,-515934.226,-436995.9819,-453769.66620000004
408000,2371.2058,14403.7541,61586.2489,-515603.0599,-437241.85109999997,-454016.811
409000,2335.4924,14355.8649,61759.7288,-516400.8511,-437949.765,-454641.12230000005
410000,2369.3527,14407.0529,62018.8793,-516506.9244,-437711.63950000005,-454488.0451
411000,2375.3055,14349.726,61995.0789,-516305.4258,-437585.3154,-454310.3469
412000,2323.7301,14312.4072,62059.1544,-516370.4525,-437675.1608,-454311.2981
413000,2342.7257,14347.4694,61382.9133,-514925.1129,-436852.00450000004,-453542.1996
414000,2360.9185,14375.6202,61483.2893,-515317.792,-437097.96400000004,-453834.5027
415000,2344.0519,14273.6157,61681.3605,-514700.7649,-436401.7368,-453019.4044
416000,2376.2096,14450.5058,61955.1422,-516217.7242,-437435.8666,-454262.582
417000,2364.65,14313.0221,61975.8091,-516458.822,-437805.3408,-454483.0129
418000,2369.3305,14278.3551,62025.8824,-515796.1124,-437122.5444,-453770.23
419000,2417.4506,14466.6829,61772.8287,-515510.4151,-436853.4529,-453737.5864
420000,2370.817,14370.4869,61926.6673,-516006.3582,-437338.387,-454079.69090000005
421000,2368.9612,14397.7095,62109.504,-516081.363,-437205.18830000004,-453971.859
422000,2359.1508,14374.9001,62074.1421,-516622.9211,-437814.72809999995,-454548.779
423000,2368.3568,14282.8364,61709.0165,-515327.0743,-436966.8646,-453618.05779999995
424000,2370.8445,14480.0251,62380.4444,-516953.8415,-437722.52749999997,-454573.3971
425000,2348.1007,14317.2555,62236.5828,-516584.9415,-437683.0025,-454348.35870000004
426000,2384.0323,14561.5162,62332.7073,-516452.4928,-437174.237,-454119.7855
427000,2385.1536,14452.2489,62138.2007,-517020.705,-438045.1018,-454882.50430000003
428000,2348.633,14431.1975,62563.0751,-517121.7305,-437778.8249,-454558.6554
429000,2368.7164,14345.3495,61883.4571,-516254.2973,-437656.7743,-454370.8402
430000,2356.8795,14400.1717,61594.0112,-515425.6036,-437074.5412,-453831.59239999996
431000,2351.2032,14424.815,61999.6806,-516078.4454,-437302.7466,-454078.7648
432000,2417.5086,14337.7542,62043.4053,-516019.4593,-437220.7912,-453976.054
433000,2347.0646,14312.2401,62166.4079,-516522.154,-437696.4414,-454355.7461
434000,2375.599,14372.652,62024.5508,-516423.9723,-437651.1705,-454399.42150000005
435000,2387.6191,14410.9378,62229.1548,-516485.1469,-437457.4352,-454255.9921
436000,2369.7367,14362.1797,61596.1715,-515053.0451,-436724.9572,-453456.8736
437000,2379.5221,14380.1724,61991.2584,-515640.9627,-436890.0098,-453649.7043
438000,2401.5089,14360.8559,61405.6765,-515841.1124,-437673.0711,-454435.4359
439000,2402.2797,14405.2367,62290.1743,-516324.3839,-437226.6932,-454034.2096
440000,2348.3837,14438.866,62193.3316,-516661.0928,-437680.5115,-454467.7612
441000,2362.3844,14353.5389,61721.2202,-515574.6699,-437137.5264,-453853.4497
442000,2387.1999,14306.3012,61917.2813,-516400.9312,-437790.14879999997,-454483.64989999996
443000,2362.587,14449.7375,61738.5069,-516101.1775,-437550.34609999997,-454362.6706
444000,2356.078,14450.1814,61878.751,-516215.8609,-437530.85050000006,-454337.10990000004
445000,2378.7997,14406.5023,62184.5599,-516480.0652,-437510.2033,-454295.5053
446000,2381.4189,14340.918,62471.5846,-516872.5577,-437678.6362,-454400.9731
447000,2375.4512,14310.5432,61892.9225,-516287.3447,-437708.4278,-454394.42220000003
448000,2379.3672,14390.1532,62321.3873,-517263.5508,-438172.6431,-454942.1635
449000,2365.564,14472.4291,62088.8007,-516916.5902,-437989.7964,-454827.78949999996
450000,2405.7444,14495.1975,62139.1847,-515962.7812,-436922.6546,-453823.59650000004
451000,2355.0,14408.8921,62441.3964,-516799.7356,-437594.4471,-454358.33920000005
452000,2375.2694,14483.0653,61721.273,-515829.9261,-437250.3184,-454108.6531
453000,2379.9487,14333.8213,61883.1594,-515619.668,-437022.73860000004,-453736.5086
454000,2351.5241,14398.1745,61690.4043,-515929.6326,-437489.5297,-454239.2283
455000,2371.1289,14345.6992,62315.4866,-516535.6352,-437503.32050000003,-454220.1486
456000,2384.6929,14398.8345,62433.5559,-516906.2665,-437689.1832,-454472.71060000005
457000,2313.9086,14363.0203,61832.4944,-516469.9196,-437960.4963,-454637.4252
458000,2372.3886,14332.2306,62545.2516,-517013.7945,-437763.92370000004,-454468.5429
459000,2395.9791,14426.155,62121.1652,-516373.5409,-437430.2416,-454252.37570000003
460000,2380.0483,14355.4948,62093.9717,-516502.664,-437673.1492,-454408.6923
461000,2381.7149,14387.0808,61711.5776,-516316.9007,-437836.5274,-454605.3231
462000,2355.2505,14536.6684,62032.7663,-516410.1807,-437485.4955,-454377.4144
463000,2383.426,14418.9061,62551.5452,-517496.9277,-438143.0504,-454945.3825
464000,2370.361,14453.9065,62400.0673,-517431.4772,-438207.1424,-455031.4099
465000,2372.356,14474.8897,61918.3762,-516882.3294,-438116.7075,-454963.9532
466000,2383.9522,14502.7346,61769.746,-516430.6704,-437774.2376,-454660.9244
467000,2367.9483,14516.4495,62001.4062,-516313.9396,-437428.1356,-454312.53339999996
468000,2398.5558,14498.237,62153.126,-516553.4312,-437503.5124,-454400.3052
469000,2390.7848,14447.7386,62516.1691,-517174.8414,-437820.1489,-454658.6723
470000,2384.3889,14386.2231,62476.6769,-516793.249,-437545.9601,-454316.5721
471000,2354.1546,14417.3799,61941.2901,-516516.7951,-437803.9705,-454575.505
472000,2352.6147,14307.1414,61838.3526,-516816.6043,-438318.4956,-454978.2517
473000,2393.4452,14408.363,62165.3428,-516803.7537,-437836.6027,-454638.4109
474000,2387.5714,14308.3204,61727.2011,-515634.9156,-437211.8227,-453907.7145
475000,2372.5977,14369.4433,61555.7562,-515029.5015,-436731.7043,-453473.7453
476000,2343.4048,14385.4238,62225.6456,-516397.6945,-437443.2203,-454172.0489
477000,2377.1328,14514.3331,62570.0736,-517192.8663,-437731.3268,-454622.7927
478000,2329.0522,14393.8186,62214.4095,-516405.763,-437468.4827,-454191.35349999997
479000,2368.0845,14302.1133,62323.5906,-516550.6095,-437556.8211,-454227.0189
480000,2349.4711,14416.0716,62155.7169,-516106.7604,-437185.50080000004,-453951.0435
481000,2375.757,14435.0429,61721.2969,-516125.4945,-437593.3977,-454404.19759999996
482000,2351.6656,14296.4687,61697.5651,-515143.2063,-436797.50690000004,-453445.6412
483000,2363.2236,14463.8083,61429.0612,-515146.8011,-436890.708,-453717.7399
484000,2365.5418,14405.5006,61669.1291,-515406.1562,-436965.98470000003,-453737.0271
485000,2371.2366,14448.9536,61500.4574,-515659.1955,-437338.5479,-454158.73809999996
486000,2381.3738,14401.1922,62282.9222,-516008.1483,-436942.6601,-453725.22609999997
487000,2377.8772,14417.0139,62018.3793,-516582.2625,-437768.99210000003,-454563.88320000004
488000,2402.771,14462.3911,61641.5181,-515604.5115,-437097.8313,-453962.99340000004
489000,2360.0146,14405.4675,61660.3135,-515917.08,-437491.2844,-454256.7665
490000,2369.143,14402.605,61435.0474,-516226.3723,-438019.5769,-454791.3249
491000,2396.4935,14452.3225,62176.9005,-516624.5822,-437598.86569999997,-454447.6817
492000,2392.1261,14405.6919,62124.4298,-516901.0941,-437978.8463,-454776.6643
493000,2336.5931,14462.8075,62251.7655,-516197.3494,-437146.18330000003,-453945.5839
494000,2367.5954,14512.9947,62351.9896,-516724.7458,-437492.1661,-454372.75619999995
495000,2381.2764,14400.947,61549.8286,-515508.2995,-437176.24750000006,-453958.4709
496000,2382.0476,14492.5366,61885.105,-515959.3241,-437199.63490000006,-454074.21910000005
497000,2393.9388,14517.8495,61594.2381,-516064.4614,-437558.43499999994,-454470.22329999995
498000,2389.541,14334.4599,61680.0054,-515536.7367,-437132.7304,-453856.7313
499000,2379.033,14382.031,61785.02,-515623.342,-437077.25800000003,-453838.322
500000,2389.5201,14339.4092,62137.0564,-516636.2405,-437770.2548,-454499.1841
501000,2406.6313,14366.7061,62021.3394,-515830.5931,-437035.9163,-453809.2537
502000,2384.5836,14424.8876,61836.8218,-516808.971,-438162.678,-454972.14920000004
503000,2373.4271,14381.0205,62083.4121,-516973.0401,-438135.18039999995,-454889.62799999997
504000,2357.4912,14375.0944,62199.0071,-516056.0754,-437124.48269999993,-453857.0683
505000,2386.8425,14371.8995,61502.0142,-515577.5615,-437316.8053,-454075.54730000003
506000,2401.0016,14425.0863,62111.1185,-516686.5462,-437749.33979999996,-454575.4277
507000,2338.319,14418.8208,61597.2851,-515960.6313,-437606.2064,-454363.3462
508000,2359.5676,14352.3721,62155.1227,-516367.3656,-437500.3032,-454212.2429
509000,2342.4909,14396.9068,61865.3405,-516438.5943,-437833.8561,-454573.2538
510000,2370.3109,14397.96,62157.7249,-516682.7699,-437756.77410000004,-454525.04500000004
511000,2349.1783,14463.4334,61619.2355,-516213.117,-437781.2698,-454593.8815
512000,2416.4537,14467.3806,62309.2733,-517404.0932,-438210.9856,-455094.8199
513000,2358.0262,14352.7303,62277.3287,-516659.2914,-437671.2062,-454381.9627
514000,2371.92,14435.9386,61720.1103,-515935.8823,-437407.91339999996,-454215.772
515000,2378.3908,14411.0906,61480.6409,-515478.1547,-437208.0324,-453997.5138
516000,2368.9621,14459.8192,62280.7078,-516601.6325,-437492.1434,-454320.92470000003
517000,2386.9032,14396.8737,62267.0405,-516894.6939,-437843.8765,-454627.6534
518000,2407.6444,14384.7423,61943.4186,-516029.741,-437293.9357,-454086.3224
519000,2348.1701,14324.6717,62080.124,-515985.0246,-437232.0588,-453904.9006
520000,2349.121,14329.9746,61440.4712,-515236.1757,-437116.6089,-453795.7045
521000,2341.9381,14403.8828,62307.6743,-516992.5988,-437939.1036,-454684.92449999996
522000,2386.8962,14467.5758,61846.1921,-516286.3118,-437585.64770000003,-454440.11970000004
523000,2341.5721,14353.7975,61507.0304,-515707.4066,-437505.00659999996,-454200.3762
524000,2358.518,14442.9915,62248.411,-516624.3019,-437574.3814,-454375.8909
525000,2386.2419,14416.5627,62289.763,-517367.2759,-438274.7083,-455077.51290000003
526000,2426.6532,14532.513,61946.1483,-516294.0958,-437388.78130000003,-454347.9475
527000,2352.8842,14350.6292,61695.7516,-515796.6839,-437397.4189,-454100.9323
528000,2371.4609,14356.2603,62105.1086,-517072.7725,-438239.9427,-454967.66390000004
529000,2380.6662,14404.5453,62135.1213,-516832.0593,-437911.7265,-454696.938
530000,2388.1192,14440.4956,61932.6848,-516668.0293,-437906.7297,-454735.3445
531000,2378.1073,14455.3,61966.526,-516849.0604,-438049.12710000004,-454882.5344
532000,2369.1166,14356.2196,62374.5397,-516782.6495,-437682.7736,-454408.1098
533000,2360.6798,14391.5226,61687.0909,-516514.1697,-438074.8764,-454827.0788
534000,2358.0177,14303.4307,62187.249,-516276.1312,-437427.4338,-454088.8822
535000,2392.9526,14308.171,61628.4998,-515643.3287,-437313.70530000003,-454014.8289
536000,2409.2385,14316.5203,62317.2176,-517292.8024,-438249.826,-454975.58479999995
537000,2399.9868,14476.8564,62072.672,-516161.6162,-437212.101,-454088.94419999997
538000,2350.7279,14426.4031,61722.3715,-515559.2872,-437059.7847,-453836.9157
539000,2399.7842,14271.2687,61934.4829,-516085.4459,-437479.9101,-454150.963
540000,2383.0061,14391.0522,62255.7681,-516733.2727,-437703.44629999995,-454477.5046
541000,2369.4899,14377.7645,62035.5831,-516727.2317,-437944.3942,-454691.6486
542000,2397.595,14436.0072,61539.2587,-515335.9266,-436963.06570000004,-453796.6679
543000,2354.8767,14433.4753,62252.2159,-516304.3772,-437263.80929999996,-454052.1613
544000,2382.4433,14395.8789,62017.3765,-515423.6025,-436627.9038,-453406.22599999997
545000,2377.6703,14382.8455,62205.5531,-516187.1547,-437221.0858,-453981.6016
546000,2422.1246,14384.7839,61313.0919,-515350.2314,-437230.23099999997,-454037.1395
547000,2409.8106,14324.5936,61592.0992,-515848.9817,-437522.4783,-454256.8825
548000,2386.6697,14507.9181,62396.9301,-517090.4474,-437798.92949999997,-454693.5173
549000,2403.4422,14521.2224,62136.91,-516996.6499,-437935.0753,-454859.73990000004
550000,2385.4678,14513.5403,62213.4566,-516596.1838,-437483.7191,-454382.7272
551000,2371.5179,14456.9397,62218.9082,-516383.9223,-437336.55649999995,-454165.0141
552000,2379.6576,14444.5941,61826.4067,-515796.2337,-437145.57529999997,-453969.827
553000,2409.4173,14412.2723,61397.2784,-515006.8795,-436787.9115,-453609.60109999997
554000,2346.1253,14379.5485,62040.0774,-516135.1474,-437369.3962,-454095.07
555000,2375.8088,14346.1825,61978.8845,-515818.8702,-437117.99439999997,-453839.9857
556000,2391.0854,14356.4956,62246.849,-516736.186,-437741.756,-454489.337
557000,2343.7764,14286.746,61948.8337,-515725.1508,-437145.79469999997,-453776.3171
558000,2328.952,14335.1569,62392.9521,-516818.0012,-437760.9402,-454425.0491
559000,2352.8739,14380.746,61845.8244,-515193.4218,-436613.97750000004,-453347.5974
560000,2340.6231,14308.1726,61281.2707,-514268.6013,-436338.53489999997,-452987.3306
561000,2364.9251,14393.7704,61565.3537,-515588.74,-437264.6908,-454023.3863
562000,2370.4841,14427.7338,62281.0601,-516395.2376,-437315.9596,-454114.1775
563000,2378.4118,14339.6022,62582.113,-517011.3658,-437711.23880000005,-454429.2528
564000,2395.175,14476.9039,62073.0835,-516625.0533,-437679.8909,-454551.9698
565000,2340.0449,14383.9468,61712.0462,-515723.1134,-437287.0755,-454011.0672
566000,2367.324,14374.3178,61987.1963,-516082.8725,-437354.0344,-454095.6762
567000,2350.9239,14323.8663,62053.5413,-516611.1915,-437882.86,-454557.65020000003
568000,2330.4599,14269.7852,62026.2226,-516057.1008,-437430.6331,-454030.87820000004
569000,2371.9704,14433.9554,62420.9325,-517319.9451,-438093.0868,-454899.0126
570000,2317.3647,14348.4439,62128.6356,-516465.2873,-437670.84310000006,-454336.65170000005
571000,2397.5622,14409.9075,61476.3083,-515508.9947,-437225.2167,-454032.6864
572000,2381.1607,14409.6729,62003.2445,-515767.5907,-436973.5126,-453764.3462
573000,2384.5724,14392.4121,61504.8598,-515003.395,-436721.5507,-453498.53520000004
574000,2373.6298,14389.1401,61891.0737,-516590.983,-437937.1394,-454699.9093
575000,2365.6882,14310.8092,61562.2319,-515818.0209,-437579.2916,-454255.789
576000,2373.9261,14344.3579,61827.2532,-516296.3605,-437750.82330000005,-454469.10730000003
577000,2394.3246,14349.7955,62287.6657,-516605.0325,-437573.24669999996,-454317.36679999996
578000,2383.6377,14261.0952,62436.7694,-516774.4595,-437692.9572,-454337.6901
579000,2353.4114,14324.0208,62225.9778,-515752.2508,-436848.8408,-453526.273
580000,2417.5803,14315.9043,61739.9342,-516046.6544,-437573.2356,-454306.7202
581000,2364.1742,14329.7535,62667.8245,-517532.5107,-438170.7585,-454864.6862
582000,2374.354,14344.9916,61884.0736,-515950.6594,-437347.2402,-454066.5858
583000,2408.4761,14404.8825,61999.8105,-515985.2697,-437172.1006,-453985.4592
584000,2363.9958,14349.4282,61893.7518,-516414.406,-437807.2302,-454520.6542
585000,2347.8118,14281.5655,61901.8341,-515773.3617,-437242.1503,-453871.52760000003
586000,2383.0947,14373.3602,61782.351,-516244.6796,-437705.8737,-454462.32859999995
587000,2385.6658,14482.0466,61858.7613,-515959.0818,-437232.60809999995,-454100.3205
588000,2416.9581,14454.544,61682.7686,-515538.81,-436984.5393,-453856.0414
589000,2375.0875,14443.9676,61543.0454,-515181.5657,-436819.4652,-453638.5203
590000,2347.2001,14353.6355,61979.8689,-515430.6348,-436749.9303,-453450.7659
591000,2373.1451,14396.516,61809.3992,-515807.2395,-437228.1792,-453997.84030000004
592000,2355.1666,14307.2837,61705.6065,-515814.8532,-437446.7964,-454109.2467
593000,2359.5803,14331.3225,62043.8565,-516368.5904,-437633.83109999995,-454324.7339
594000,2404.4768,14438.9801,61947.4795,-516822.0976,-438031.1612,-454874.61809999996
595000,2360.7696,14340.1832,61628.9074,-515644.5243,-437314.6641,-454015.6169
596000,2366.2952,14309.2525,61391.187,-515059.0566,-436992.3219,-453667.86960000003
597000,2380.9127,14371.6048,62354.6333,-516818.6682,-437711.5174,-454464.0349
598000,2339.1271,14318.7222,61874.3669,-515501.038,-436968.82180000003,-453626.6711
599000,2378.0598,14396.7226,61685.6555,-515692.1742,-437231.7363,-454006.5187
600000,2405.8475,14383.6252,61801.7048,-515480.9313,-436889.7538,-453679.2265
601000,2372.1515,14423.3077,62560.1771,-517404.0235,-438048.3872,-454843.84640000004
602000,2357.8762,14346.508,62909.6188,-517814.9817,-438200.9787,-454905.3629
603000,2364.4489,14188.3098,62116.1264,-516507.528,-437838.6429,-454391.4016
604000,2361.3344,14372.4998,62269.4214,-516696.8648,-437693.60919999995,-454427.4434
605000,2361.7433,14406.3432,61461.4786,-515916.9105,-437687.3454,-454455.43189999997
606000,2398.3071,14369.4775,62142.806,-516218.826,-437308.2354,-454076.02
607000,2385.3131,14320.0626,62200.315,-516192.3739,-437286.68319999997,-453992.0589
608000,2323.307,14365.8295,61875.3893,-516216.1588,-437651.633,-454340.7695
609000,2365.1674,14428.0773,62357.9158,-516643.318,-437492.15750000003,-454285.4022
610000,2359.3866,14306.6063,61843.3688,-515887.9751,-437378.6134,-454044.6063
611000,2366.9683,14417.6632,61814.4513,-515934.0956,-437335.0128,-454119.6443
612000,2374.6566,14377.6792,61746.233,-516218.0553,-437719.4865,-454471.8223
613000,2377.3008,14448.175,62503.2793,-516322.6101,-436993.855,-453819.3308
614000,2376.2931,14359.9851,62101.3674,-515775.5213,-436937.87570000003,-453674.15390000003
615000,2405.6611,14353.002,61624.1614,-515939.4019,-437556.5774,-454315.2405
616000,2350.6071,14333.0811,62482.9521,-516725.3619,-437558.72160000005,-454242.4098
617000,2379.8452,14411.0392,62153.5219,-516798.7483,-437854.34199999995,-454645.2264
618000,2360.5976,14366.608,61523.0948,-515667.4313,-437417.1309,-454144.3365
619000,2388.2277,14397.5545,62334.0769,-516882.4085,-437762.5494,-454548.33160000003
620000,2386.6937,14411.9631,62161.0086,-516590.9836,-437631.3182,-454429.975
621000,2370.2577,14419.9638,62100.7998,-516055.9987,-437164.9774,-453955.1989
622000,2367.3596,14500.0281,62319.0157,-516484.9162,-437298.51279999997,-454165.9005
623000,2348.8083,14310.9208,61701.0284,-515273.4471,-436912.6896,-453572.4187
624000,2363.5419,14459.4961,61718.3428,-515633.5826,-437092.20180000004,-453915.23980000004
625000,2364.0517,14300.2436,61998.237,-516499.4467,-437836.9144,-454501.20969999995
626000,2363.0016,14309.5663,61447.3728,-515319.5426,-437199.6019,-453872.1698
627000,2387.8635,14408.121,61898.3066,-515803.7701,-437109.47900000005,-453905.4635
628000,2373.1765,14307.7356,62042.7785,-516095.0092,-437371.3186,-454052.23069999996
629000,2382.9627,14408.3452,62238.4259,-516244.6832,-437214.94940000004,-454006.25730000006
630000,2436.7715,14441.7563,61979.5833,-515673.1992,-436815.0881,-453693.6159
631000,2341.9675,14375.7827,61843.8418,-515731.7321,-437170.1401,-453887.8903
632000,2382.3984,14320.7743,61658.0597,-516191.8858,-437830.6534,-454533.8261
633000,2425.4753,14354.4173,62142.5816,-516009.3933,-437086.9191,-453866.8117
634000,2362.1516,14411.4001,62617.9036,-516969.0224,-437577.5671,-454351.1188
635000,2376.4935,14348.1326,61976.8444,-516359.0993,-437657.6288,-454382.2549
636000,2399.9725,14353.3709,61865.0062,-515981.7301,-437363.38049999997,-454116.7239
637000,2362.3448,14346.058,61698.5133,-515799.2339,-437392.31779999996,-454100.7206
638000,2359.8537,14458.2983,62195.7506,-516912.4537,-437898.55110000004,-454716.70310000004
639000,2359.7678,14302.4367,62416.316,-517132.8271,-438054.3066,-454716.5111
640000,2385.2072,14431.8851,61497.3357,-516043.2632,-437728.8352,-454545.9275
641000,2345.7529,14409.8147,62083.5379,-516115.4616,-437276.3561,-454031.9237
642000,2337.1445,14338.3154,61902.1967,-515813.7072,-437236.0506,-453911.5105
643000,2393.7901,14365.6507,61962.6175,-515984.6336,-437262.5753,-454022.0161
644000,2373.484,14330.5958,61986.4347,-516612.373,-437921.85850000003,-454625.93830000004
645000,2386.5951,14346.0607,61966.5048,-516672.0758,-437972.9152,-454705.571
646000,2379.9449,14310.208,62066.2292,-516781.9651,-438025.583,-454715.73589999997
647000,2363.6002,14424.3091,62204.8945,-516728.412,-437735.6082,-454523.5175
648000,2363.0704,14300.3848,62272.2834,-516600.4013,-437664.66270000004,-454328.1179
649000,2377.3057,14356.4281,61793.213,-515979.3633,-437452.41650000005,-454186.15030000004
650000,2341.0023,14347.9037,62265.2247,-517134.2511,-438180.1204,-454869.0264
651000,2355.3893,14344.2789,62313.7637,-517228.9461,-438215.5142,-454915.1824
652000,2380.5687,14344.1747,61713.3394,-515744.0757,-437305.99289999995,-454030.7363
653000,2382.5318,14283.5177,62217.895,-515862.7538,-436978.8093,-453644.8588
654000,2380.8558,14251.6214,62006.6575,-516222.2761,-437583.1414,-454215.61860000005
655000,2361.1349,14409.7309,61660.0053,-515262.1234,-436831.2523,-453602.11809999996
656000,2361.0815,14440.4801,62301.7923,-517182.3921,-438079.0382,-454880.59979999997
657000,2382.7121,14330.8961,62356.2254,-516805.4806,-437735.647,-454449.2552
658000,2330.4235,14389.4095,61938.2533,-516613.9788,-437955.89249999996,-454675.7255
659000,2348.0213,14324.5907,61926.1878,-516077.4007,-437478.60089999996,-454151.2129
660000,2410.6438,14430.7043,62116.3973,-516105.1663,-437147.42089999997,-453988.769
661000,2363.6201,14388.1426,62363.424,-517623.3605,-438508.1738,-455259.9365
662000,2387.105,14502.2884,61758.8679,-516104.9952,-437456.7339,-454346.1273
663000,2385.4369,14341.9694,61632.421,-516244.8093,-437884.982,-454612.3883
664000,2380.4686,14449.3709,61639.4112,-515846.5565,-437377.3058,-454207.1453
665000,2378.566,14387.8271,62194.1676,-516490.123,-437529.5623,-454295.95540000004
666000,2368.2874,14439.1488,61823.0457,-516228.7797,-437598.2978,-454405.734
667000,2390.3916,14419.3506,61950.6949,-516178.0105,-437417.5734,-454227.3156
668000,2388.8611,14453.2305,62293.9921,-516681.9832,-437545.8995,-454387.9911
669000,2395.4681,14356.4878,62448.1864,-516940.8203,-437740.678,-454492.6339
670000,2385.4674,14418.9913,61915.5971,-515665.5393,-436945.4835,-453749.9422
671000,2368.3271,14326.6516,62044.8331,-516019.1754,-437279.36360000004,-453974.3423
672000,2370.474,14375.7574,62379.6801,-517365.3532,-438239.4417,-454985.6731
673000,2361.7892,14349.9234,61849.428,-516110.1985,-437549.0579,-454260.7705
674000,2349.3976,14348.7827,61629.0569,-515503.2535,-437176.0163,-453874.19659999997
675000,2377.5688,14381.0402,62016.4169,-516297.9728,-437522.9469,-454281.5559
676000,2353.0189,14349.7564,61708.0455,-516208.1651,-437797.3443,-454500.1196
677000,2390.4054,14338.6237,62447.4944,-516775.3464,-437598.82289999997,-454327.85199999996
678000,2342.7531,14362.678,61780.085,-515555.5145,-437069.9984,-453775.42949999997
679000,2382.7389,14381.3109,61640.8099,-515739.2601,-437334.40040000004,-454098.4502
680000,2394.3227,14369.0283,62071.9135,-516586.155,-437750.89050000004,-454514.2415
681000,2383.2608,14341.2999,61757.4083,-515927.1307,-437445.16169999994,-454169.72239999997
682000,2396.1837,14347.7235,62476.5467,-517154.7825,-437934.3286,-454678.23579999997
683000,2372.8941,14445.0767,62202.5817,-517163.7002,-438143.14770000003,-454961.11850000004
684000,2391.6382,14369.3144,61766.7938,-515821.1827,-437293.4363,-454054.3889
685000,2394.4212,14254.4144,61546.4399,-515927.1575,-437731.882,-454380.7176
686000,2365.6186,14350.6574,62451.7366,-516448.5393,-437280.52670000005,-453996.8027
687000,2384.7867,14372.5786,62317.0325,-516281.2903,-437206.89249999996,-453964.2578
688000,2376.9777,14402.6038,62151.8138,-516448.149,-437516.7537,-454296.3352
689000,2381.2636,14330.1208,61388.8236,-514696.1794,-436595.97140000004,-453307.3558
690000,2370.0648,14425.3263,61882.5654,-515818.0525,-437140.096,-453935.48709999997
691000,2372.9171,14441.5311,62209.3646,-516271.2548,-437247.442,-454061.8902
692000,2387.8622,14486.7358,62182.277,-516258.9089,-437202.0339,-454076.6319
693000,2351.8962,14343.5075,62128.7482,-516698.9456,-437874.7937,-454570.19739999995
694000,2390.8883,14361.8079,62017.2834,-516251.1153,-437481.1357,-454233.8319
695000,2399.4694,14342.2118,62123.0437,-516172.8387,-437308.11380000005,-454049.79500000004
696000,2382.5591,14350.1346,61578.7334,-515379.1018,-437067.6747,-453800.36840000004
697000,2409.6694,14396.1871,61903.9379,-516672.4841,-437962.6897,-454768.5462
698000,2362.9731,14418.6214,61747.128,-516674.1489,-438145.4264,-454927.0209
699000,2365.5921,14422.1253,62021.7303,-516544.0381,-437734.5904,-454522.3078
700000,2360.0744,14257.3419,61641.6504,-515628.6379,-437369.5712,-453986.9875
701000,2327.9922,14396.2162,62041.632,-516528.3583,-437762.51790000004,-454486.72630000004
702000,2337.6872,14288.929,62547.2785,-517157.7731,-437983.8784,-454610.4946
703000,2339.2746,14272.8877,61868.8506,-515930.1045,-437449.09160000004,-454061.2539
704000,2342.8454,14347.7013,61703.8674,-515351.5374,-436957.1233,-453647.67
705000,2392.1942,14401.4173,62576.1963,-517266.6055,-437896.7977,-454690.4092
706000,2356.6977,14285.3446,61672.9719,-515112.0604,-436797.0462,-453439.0885
707000,2363.4697,14430.7243,61968.1837,-516490.3127,-437727.935,-454522.129
708000,2336.6146,14404.2199,61798.7811,-515924.4441,-437384.8285,-454125.663
709000,2397.9652,14339.5186,61693.154,-515743.8001,-437313.16229999997,-454050.6461
710000,2369.2052,14451.5884,61745.2181,-515620.4557,-437054.444,-453875.2376
711000,2378.0078,14416.17,61946.5918,-515846.4513,-437105.6817,-453899.8595
712000,2391.5664,14440.793,62042.4926,-516629.0492,-437754.1972,-454586.5566
713000,2395.2738,14419.3508,61825.531,-515751.0362,-437110.8806,-453925.50519999996
714000,2338.3028,14275.072,61677.5771,-515791.181,-437500.2291,-454113.6039
715000,2381.6154,14370.8797,62707.8216,-517098.7078,-437638.3911,-454390.88619999995
716000,2393.5928,14416.013,61968.5009,-516435.8477,-437657.741,-454467.3468
717000,2400.4232,14415.76,62192.9018,-516496.9448,-437487.8598,-454304.043
718000,2339.2444,14317.5826,61774.4934,-516265.4446,-437834.12419999996,-454490.9512
719000,2360.8097,14394.328,62057.0674,-517066.1014,-438253.8963,-455009.034
720000,2345.9633,14327.2674,61603.3198,-515908.272,-437631.7215,-454304.9522
721000,2392.5202,14477.185,61317.3102,-515246.9895,-437059.9741,-453929.6793
722000,2383.467,14404.9063,62012.2278,-516145.995,-437345.3939,-454133.7672
723000,2372.0673,14304.0423,61967.8477,-515949.0233,-437305.066,-453981.1756
724000,2375.608,14381.6147,61776.6511,-516382.9925,-437849.1187,-454606.3414
725000,2378.977,14338.7453,62095.0407,-517664.1176,-438851.35459999996,-455569.0769
726000,2394.1276,14381.587,61903.7776,-516043.9286,-437364.4364,-454140.15099999995
727000,2380.3369,14377.7135,61752.7849,-516025.7777,-437514.94239999994,-454272.9928
728000,2338.7332,14309.9039,62262.144,-516269.9265,-437359.14540000004,-454007.7825
729000,2355.0446,14313.0925,62219.3993,-517043.5112,-438155.9748,-454824.1119
730000,2401.5367,14384.2252,62321.769,-516763.98,-437656.44909999997,-454442.211
731000,2336.8697,14248.0276,62143.59,-516351.7689,-437623.28160000005,-454208.17890000006
732000,2381.8242,14399.6769,62367.3781,-516648.278,-437499.39879999997,-454280.89989999996
733000,2379.5625,14336.2614,61539.9309,-515370.0726,-437114.3178,-453830.14170000004
734000,2347.4855,14383.6766,61751.7725,-516182.7807,-437699.84609999997,-454431.0082
735000,2386.3101,14334.1323,61653.6741,-515285.5559,-436911.4394,-453631.8818
736000,2385.8763,14307.0799,61525.2614,-515462.3198,-437244.10219999996,-453937.0584
737000,2369.0667,14334.0906,61944.5908,-515457.6713,-436809.92319999996,-453513.0805
738000,2388.4756,14388.1559,61778.3922,-515631.1451,-437076.1214,-453852.7529
739000,2358.522,14338.4204,62149.6536,-516567.0726,-437720.47660000005,-454417.419
740000,2351.2616,14340.563,61980.9352,-516759.8062,-438087.0464,-454778.871
741000,2387.0103,14264.6272,62386.9884,-516541.2972,-437502.6713,-454154.3088
742000,2366.403,14290.9037,61822.1918,-516068.3124,-437588.8139,-454246.1206
743000,2344.6302,14320.5523,61462.0447,-514737.8192,-436610.59200000006,-453275.77450000006
744000,2362.2249,14303.3482,61898.5615,-515976.9944,-437412.85980000003,-454078.4329
745000,2399.4124,14384.9509,61985.1682,-516407.0564,-437637.5249,-454421.8882
746000,2355.7453,14289.3068,62310.3681,-516401.1855,-437445.7653,-454090.8174
747000,2399.8058,14394.3948,62358.2002,-516629.9642,-437477.5634,-454271.76399999997
748000,2405.298,14398.2054,61786.8473,-516189.1247,-437598.774,-454402.27739999996
749000,2372.5109,14265.6151,61100.9277,-514699.3359,-436960.2822,-453598.4082
750000,2382.0905,14278.8751,61683.9496,-516097.2008,-437752.2856,-454413.2512
751000,2395.1425,14386.4539,62457.1397,-516809.014,-437570.2779,-454351.8743
752000,2404.7857,14436.7659,62199.0943,-517208.0341,-438167.3882,-455008.9398
753000,2390.4577,14327.4156,62278.008,-517158.3436,-438162.4623,-454880.3356
754000,2416.1066,14229.6826,61782.0158,-516200.0081,-437772.2031,-454417.9923
755000,2358.0889,14349.2626,62439.2957,-516403.5761,-437256.9289,-453964.2804
756000,2391.1374,14385.1339,62045.8819,-516520.5346,-437698.3814,-454474.65270000004
757000,2362.4568,14333.8686,61794.8643,-516014.602,-437523.4123,-454219.7377
758000,2371.225,14317.8862,62056.4943,-516656.7719,-437911.1664,-454600.2776
759000,2381.33,14341.0871,61835.1567,-516190.1685,-437632.5947,-454355.01180000004
760000,2348.2046,14421.1909,62045.8245,-516562.7218,-437747.50179999997,-454516.8973
761000,2381.4987,14345.2787,62358.1598,-516396.6409,-437311.7037,-454038.4811
762000,2398.9334,14223.06,62282.8155,-516571.2467,-437666.4378,-454288.4312
763000,2383.1855,14329.6675,61471.8036,-515557.7285,-437373.07190000004,-454085.92490000004
764000,2367.723,14432.508,62651.8491,-517086.7183,-437634.63820000004,-454434.8692
765000,2353.6421,14303.9287,61780.5989,-516259.6072,-437821.4375,-454479.00830000004
766000,2386.3036,14202.7007,61856.1603,-515970.124,-437524.9594,-454113.9637
767000,2346.7285,14294.9555,61486.6426,-515935.3127,-437806.9861,-454448.6701
768000,2348.7889,14343.5936,61636.3757,-516072.2307,-437743.47250000003,-454435.85500000004
769000,2369.1315,14352.6618,62126.3418,-516468.0737,-437619.9386,-454341.7319
770000,2360.7221,14377.146,62046.7557,-516527.8195,-437743.1957,-454481.0638
771000,2408.751,14362.6392,61896.839,-516171.579,-437503.3498,-454274.74000000005
772000,2379.9261,14370.5189,61777.7535,-516017.8486,-437489.6501,-454240.09510000004
773000,2383.594,14455.6852,62134.6423,-516501.4977,-437527.5762,-454366.8554
774000,2381.5064,14224.6034,61698.5548,-515501.5192,-437196.85459999996,-453802.9644
775000,2346.1547,14262.7608,62033.9659,-515971.4602,-437328.57879999996,-453937.49429999996
776000,2383.1353,14312.8321,62039.1896,-516272.4765,-437537.3195,-454233.2869
777000,2361.9369,14351.6864,62123.7642,-516413.2841,-437575.8966,-454289.5199
778000,2350.1728,14261.0891,61925.4595,-515354.3979,-436817.6765,-453428.9384
779000,2368.9242,14388.4003,61685.9301,-515874.9759,-437431.72130000003,-454189.0458
780000,2386.3114,14335.8347,62882.5087,-517316.0253,-437711.37049999996,-454433.5166
781000,2353.8927,14316.4531,61784.1035,-515496.071,-437041.6217,-453711.9675
782000,2412.333,14456.5796,61901.8647,-516388.1816,-437617.4043,-454486.31690000003
783000,2382.9854,14413.5325,61687.6028,-516033.1806,-437549.0599,-454345.5778
784000,2354.1651,14269.3568,62374.2291,-517209.8584,-438212.10740000004,-454835.62930000003
785000,2393.9023,14365.1456,62030.0279,-516281.5741,-437492.49830000004,-454251.54620000004
786000,2396.4464,14467.6077,62108.4197,-516873.3005,-437900.8267,-454764.88080000004
787000,2383.6218,14369.5403,62329.0539,-516888.2229,-437806.0069,-454559.169
788000,2388.4334,14354.8284,62291.4583,-516154.6111,-437119.89099999995,-453863.1528
789000,2387.3613,14264.6294,61092.3218,-514941.9331,-437197.6206,-453849.61130000005
790000,2370.3018,14335.3192,61534.6231,-515460.0941,-437219.85,-453925.471
791000,2362.0569,14372.2721,61732.0866,-515753.6334,-437287.2178,-454021.5468
792000,2352.0361,14268.4569,62204.1748,-516493.4629,-437668.7951,-454289.2881
793000,2388.9403,14257.4558,62104.862,-516838.6697,-438087.4116,-454733.8077
794000,2348.1415,14240.42,61844.2691,-516485.7532,-438052.9226,-454641.4841
795000,2396.8338,14486.1401,62037.7731,-516564.6301,-437643.8831,-454526.857
796000,2354.5088,14309.3073,61753.5387,-515796.4635,-437379.1087,-454042.92480000004
797000,2377.3818,14334.707,61658.5605,-515754.2408,-437383.59150000004,-454095.6803
798000,2404.8221,14380.4519,61568.3342,-516074.519,-437720.91079999995,-454506.1848
799000,2364.1375,14345.9155,62449.2094,-517055.7636,-437896.5012,-454606.5542
800000,2351.9759,14364.4473,62182.1326,-516328.7807,-437430.22490000003,-454146.6481
801000,2386.3585,14276.0846,61839.7014,-515253.6708,-436751.5263,-453413.9694
802000,2356.4501,14362.2492,62205.6386,-516925.6213,-438001.2834,-454719.9827
803000,2359.1369,14359.3949,62300.9075,-516981.5984,-437962.15910000005,-454680.69090000005
804000,2388.2753,14402.4281,61895.6423,-516361.7996,-437675.4539,-454466.1573
805000,2421.0878,14386.4075,62148.4778,-516515.8776,-437559.9045,-454367.3998
806000,2406.5827,14267.0081,62138.7712,-516161.5067,-437349.14470000006,-454022.7355
807000,2400.9244,14371.8858,62207.0818,-516480.3743,-437500.48230000003,-454273.29250000004
808000,2348.0361,14373.8196,61935.1049,-515716.4791,-437059.5185,-453781.3742
809000,2341.1703,14377.2475,62394.4267,-517475.5518,-438362.7073,-455081.1251
810000,2396.8261,14440.51,62091.319,-516220.1809,-437291.52579999994,-454128.86189999996
811000,2378.9704,14360.2149,62689.1133,-517828.6972,-438400.3986,-455139.58389999997
812000,2366.0846,14334.3444,61758.775,-516336.1184,-437876.9144,-454577.34339999995
813000,2368.9079,14405.4736,61631.5493,-516173.5067,-437767.57590000005,-454541.9574
814000,2414.7391,14257.1381,62081.5331,-516457.5807,-437704.1704,-454376.0476
815000,2353.8382,14182.0127,62543.6828,-517341.3704,-438261.8367,-454797.6876
816000,2351.5747,14301.7666,62630.989,-516594.9389,-437310.60860000004,-453963.9499
817000,2360.154,14341.2588,61357.8928,-514977.4098,-436918.10420000006,-453619.517
818000,2361.0774,14350.9694,61580.0218,-515897.7319,-437605.6633,-454317.7101
819000,2384.4358,14303.943,62024.8441,-515855.653,-437142.4301,-453830.8089
820000,2345.4012,14321.1152,62258.5624,-516564.4456,-437639.36679999996,-454305.8832
821000,2323.9857,14248.5815,61813.1475,-516088.3052,-437702.5905,-454275.1577
822000,2379.5664,14318.306,62084.5699,-516635.3385,-437852.8962,-454550.7686
823000,2379.1772,14295.8764,61110.203,-515256.4354,-437471.1788,-454146.23240000004
824000,2374.0756,14368.9785,61444.4224,-515137.3285,-436949.852,-453692.9061
825000,2349.779,14366.3838,62347.222,-516737.5508,-437674.166,-454390.3288
826000,2400.3109,14348.7583,62334.3442,-516446.2696,-437362.85620000004,-454111.9254
827000,2356.4261,14285.5235,61680.2209,-515818.1071,-437495.9366,-454137.8862
828000,2389.7459,14335.0953,61407.78,-514988.3705,-436855.7493,-453580.59050000005
829000,2400.2024,14205.164,61606.197,-515920.9988,-437709.4354,-454314.8018
830000,2385.7814,14281.8025,61722.5661,-516051.3601,-437661.2101,-454328.794
831000,2381.2217,14318.0754,61807.1637,-515556.537,-437050.0762,-453749.37330000004
832000,2383.0793,14284.5204,62294.0677,-516664.3016,-437702.6342,-454370.2339
833000,2388.8712,14330.6382,61598.0067,-515727.4625,-437409.9464,-454129.4558
834000,2392.6374,14353.0463,62373.1058,-516732.7592,-437613.96969999996,-454359.65339999995
835000,2370.695,14286.9321,62056.4096,-516413.0796,-437699.0429,-454356.67
836000,2394.7935,14364.7407,61517.341,-515605.2107,-437328.3355,-454087.8697
837000,2402.1405,14215.4337,61629.5531,-515289.5515,-437042.4242,-453659.9984
838000,2382.4113,14366.0606,62203.5796,-516643.1159,-437691.0644,-454439.5363
839000,2411.3357,14398.228,61522.5111,-514697.9829,-436365.9081,-453175.4718
840000,2402.6574,14344.2947,62217.8385,-516571.7436,-437606.953,-454353.9051
841000,2377.839,14374.8274,62195.6632,-516735.0881,-437786.7585,-454539.4249
842000,2339.9396,14310.76,61846.0072,-516079.3896,-437582.6828,-454233.3824
843000,2375.9809,14278.4972,62282.2428,-516521.469,-437584.74809999997,-454239.2262
844000,2357.4943,14313.4377,61892.5234,-516185.9214,-437622.466,-454293.398
845000,2367.3606,14315.4016,61840.3862,-516306.3263,-437783.1779,-454465.9401
846000,2419.0647,14322.2333,62173.3332,-517034.075,-438119.4438,-454860.7418
847000,2398.9061,14392.6509,61991.5787,-516337.8418,-437554.7061,-454346.2631
848000,2424.9438,14343.9287,62196.6924,-516626.8366,-437661.2717,-454430.1442
849000,2365.0339,14384.3425,61761.7686,-516245.2589,-437734.1139,-454483.4903
850000,2376.7932,14367.8822,62217.7656,-516215.2677,-437252.82670000003,-453997.50210000004
851000,2376.7417,14374.7304,61843.4608,-515804.1346,-437209.2017,-453960.6738
852000,2381.6456,14278.5513,61741.4657,-516133.2047,-437731.5421,-454391.739
853000,2367.7548,14355.6658,61940.1323,-516167.0753,-437503.5224,-454226.943
854000,2385.2056,14424.6843,62015.0801,-515809.2409,-436984.2709,-453794.16079999995
855000,2406.2789,14357.2344,61587.6674,-515492.5783,-437141.3976,-453904.9109
856000,2386.6745,14355.6111,61739.9741,-515123.2525,-436640.9928,-453383.2784
857000,2395.4834,14428.3435,62481.5117,-516685.698,-437380.35939999996,-454204.18629999994
858000,2366.0332,14318.0392,61860.2454,-515849.7405,-437305.4227,-453989.4951
859000,2330.9362,14284.1203,62634.9268,-516961.3138,-437711.33050000004,-454326.387
860000,2364.6992,14306.6362,61894.9304,-516009.3497,-437443.0839,-454114.4193
861000,2362.7315,14284.4901,61891.4864,-516548.2555,-438009.54750000004,-454656.76910000003
862000,2381.426,14335.4861,61922.6689,-515496.0792,-436856.4982,-453573.4103
863000,2355.9673,14287.2497,62172.5941,-516583.2439,-437767.4328,-454410.6498
864000,2386.1677,14269.8552,62042.6517,-516725.1861,-438026.5115,-454682.5344
865000,2407.9263,14236.7809,61998.4474,-516270.1918,-437627.03719999996,-454271.74439999997
866000,2387.5705,14337.3107,62043.669,-516644.5861,-437876.0359,-454600.9171
867000,2376.1121,14369.8716,62119.7778,-516165.7481,-437299.9866,-454045.97030000004
868000,2375.3813,14322.1904,62249.0949,-516534.1549,-437587.4883,-454285.06000000006
869000,2367.6975,14335.9995,61951.9491,-516294.9523,-437639.3062,-454343.00320000004
870000,2349.8596,14332.5133,62093.5411,-515785.351,-437009.43700000003,-453691.8099
871000,2357.1592,14304.0903,62200.6643,-516034.2813,-437172.3675,-453833.61699999997
872000,2387.8657,14305.4368,61701.139,-515582.1553,-437187.71379999997,-453881.01629999996
873000,2391.8704,14261.6086,61826.1052,-515253.4997,-436773.9155,-453427.3945
874000,2348.1255,14319.2203,62014.1003,-516496.4699,-437815.0238,-454482.36960000003
875000,2383.0056,14381.7641,62255.4633,-516689.0301,-437668.79709999997,-454433.5668
876000,2339.9789,14330.0715,61671.6186,-515483.1987,-437141.5297,-453811.5801
877000,2380.5948,14378.7915,62269.8485,-516496.6423,-437467.4075,-454226.7938
878000,2375.7646,14314.9364,62342.54,-517036.9279,-438003.6869,-454694.38790000003
879000,2374.9201,14387.2472,62366.3407,-516646.3136,-437517.80559999996,-454279.9729
880000,2381.9404,14341.754,61956.8355,-516346.2859,-437665.75600000005,-454389.45040000003
881000,2391.8637,14322.9335,62146.1384,-516495.4386,-437634.503,-454349.3002
882000,2379.7781,14328.954,62141.9468,-515532.2217,-436681.5428,-453390.2749
883000,2357.4693,14245.9038,62320.7159,-516272.5156,-437348.4266,-453951.7997
884000,2350.9787,14243.5798,61339.5972,-515082.982,-437148.8263,-453743.3848
885000,2365.7119,14313.6731,62361.0645,-515781.5635,-436741.114,-453420.499
886000,2415.2034,14253.406,62342.8159,-516365.6588,-437354.2335,-454022.8429
887000,2374.7829,14361.8238,62111.1297,-516101.741,-437254.0046,-453990.6113
888000,2396.2564,14322.0964,61846.7714,-516263.3525,-437698.22829999996,-454416.58109999995
889000,2353.1814,14310.0024,61675.07,-515738.1446,-437399.8908,-454063.0746
890000,2357.0052,14309.0678,62017.8495,-516203.6029,-437519.6804,-454185.7534
891000,2350.5894,14415.9251,62313.0709,-516586.4391,-437506.85370000004,-454273.3682
892000,2364.5422,14382.4017,61164.5756,-515001.4764,-437089.9569,-453836.9008
893000,2351.8926,14289.1932,62187.986,-516316.0232,-437486.9514,-454128.0372
894000,2340.622,14327.6729,62366.4261,-516668.5347,-437633.81370000006,-454302.10860000004
895000,2363.1613,14279.4109,62291.711,-515851.3419,-436917.0587,-453559.6309
896000,2364.4148,14263.1169,61993.1142,-516660.7882,-438040.1423,-454667.674
897000,2378.4675,14341.7259,61923.2212,-516032.6516,-437389.23699999996,-454109.43039999995
898000,2375.6241,14239.2575,62187.3278,-515697.1202,-436894.9108,-453509.79240000003
899000,2395.6759,14308.7274,61820.8454,-515850.6211,-437325.3724,-454029.7757
900000,2372.5226,14373.4826,62466.241,-516614.6368,-437402.3906,-454148.3958
901000,2393.8911,14344.0738,61924.8076,-516599.8613,-437937.0888,-454675.0537
902000,2340.9581,14285.9009,61734.8344,-515887.818,-437526.12460000004,-454152.98360000004
903000,2377.0184,14275.0193,62708.5225,-516954.1744,-437593.6142,-454245.6519
904000,2411.0947,14294.3908,62033.399,-516287.0876,-437548.20310000004,-454253.68860000005
905000,2348.7339,14352.0806,62204.2689,-516590.2969,-437685.2135,-454386.028
906000,2351.0193,14363.8003,61463.2632,-515274.2027,-437096.11990000005,-453810.93950000004
907000,2404.981,14323.7735,62113.7511,-516239.7981,-437397.2925,-454126.047
908000,2396.8397,14374.0096,62415.9949,-516788.2841,-437601.4399,-454372.2892
909000,2350.5393,14298.8422,62239.975,-516059.4834,-437170.12690000003,-453819.50840000005
910000,2396.105,14390.6554,62048.7794,-515702.5125,-436866.97270000004,-453653.7331
911000,2371.6608,14347.4942,62409.836,-516204.6677,-437075.67669999995,-453794.8317
912000,2358.0911,14293.1965,61943.5525,-516179.1131,-437584.27300000004,-454235.5606
913000,2379.1818,14337.0879,61923.8647,-516044.767,-437404.6326,-454120.9023
914000,2362.8248,14308.7981,62044.9415,-516006.9933,-437290.42889999994,-453962.05179999996
915000,2415.0117,14342.148,61486.0565,-515968.3067,-437725.09050000005,-454482.2502
916000,2368.4631,14316.9942,62078.5631,-516858.3017,-438094.28130000003,-454779.73860000004
917000,2404.4367,14316.4341,61877.2751,-515879.0237,-437280.8778,-454001.74860000005
918000,2372.4124,14323.439,61306.001,-514250.7854,-436248.93299999996,-452944.7844
919000,2364.4089,14308.8939,62166.0778,-515813.8437,-436974.46310000005,-453647.7659
920000,2397.6432,14347.0821,61825.0717,-515464.6168,-436894.81980000006,-453639.5451
921000,2360.8403,14435.5404,61342.087,-515439.1784,-437300.71069999994,-454097.0914
922000,2380.5914,14419.642,61724.3666,-515344.2683,-436819.6683,-453619.9017
923000,2377.6229,14361.9109,61741.0358,-515790.3996,-437309.83,-454049.3638
924000,2393.8806,14390.7847,61988.485,-516186.7231,-437413.57279999997,-454198.2381
925000,2373.0872,14393.3692,61842.2692,-515829.5867,-437220.8611,-453987.3175
926000,2371.2277,14342.4695,61812.2853,-516377.1899,-437851.2074,-454564.9046
927000,2406.5093,14401.4136,61646.2879,-515919.954,-437465.7432,-454273.66610000003
928000,2387.1518,14400.2892,61965.2062,-516601.6328,-437848.9856,-454636.4266
929000,2355.3411,14287.6359,61378.5936,-515786.2145,-437764.6439,-454407.6209
930000,2378.7267,14393.9143,62211.9451,-516657.5652,-437672.9791,-454445.6201
931000,2369.2403,14466.2994,61993.007,-516357.2067,-437528.66,-454364.1997
932000,2345.4875,14316.7939,62174.5408,-516457.909,-437621.0868,-454283.36819999997
933000,2346.4809,14299.0674,62000.5111,-516145.5274,-437499.468,-454145.0163
934000,2397.1206,14316.262,61853.8852,-515728.0656,-437160.79779999994,-453874.18039999995
935000,2389.6718,14239.2372,62473.9535,-516192.789,-437089.9265,-453718.8355
936000,2378.1338,14377.7769,61947.9176,-516007.9216,-437304.0933,-454060.004
937000,2323.5308,14247.558,62253.1607,-516507.8263,-437683.57680000004,-454254.6656
938000,2395.9667,14402.7309,62035.8806,-516145.8785,-437311.3003,-454109.9979
939000,2426.479,14414.0413,61928.4748,-516378.7682,-437609.7731,-454450.29339999997
940000,2395.9319,14432.1336,62115.9297,-516088.4177,-437144.4225,-453972.488
941000,2378.8013,14296.538,61587.8644,-515684.174,-437420.9703,-454096.3096
942000,2383.1644,14381.3109,61456.1993,-515794.1627,-437573.48809999996,-454337.9634
943000,2393.9504,14380.5508,61994.8861,-515628.8152,-436859.4279,-453633.9291
944000,2408.4784,14362.1742,61724.3778,-515939.5217,-437444.4913,-454215.14389999997
945000,2354.1272,14262.0491,62016.5881,-515594.6977,-436961.93330000003,-453578.1096
946000,2360.1242,14242.9148,62108.8093,-515833.5993,-437121.751,-453724.79
947000,2384.2806,14257.1243,62155.1193,-515794.1721,-436997.64790000004,-453639.0528
948000,2388.6758,14333.979,62172.1259,-516320.4218,-437425.6411,-454148.2959
949000,2347.515,14335.6992,61650.862,-515867.7381,-437533.6619,-454216.8761
950000,2367.0947,14328.4912,61726.6831,-515806.5186,-437384.2496,-454079.8355
951000,2361.1076,14388.4606,61587.5728,-515820.8233,-437483.6823,-454233.25049999997
952000,2370.959,14318.6186,62073.99,-516111.5111,-437347.9435,-454037.5211
953000,2329.6748,14357.274,62012.1924,-516042.4377,-437343.2965,-454030.2453
954000,2363.7678,14318.2009,61583.6237,-515863.4762,-437597.88379999995,-454279.8525
955000,2359.4989,14274.9404,62229.8588,-516206.2588,-437341.9607,-453976.4
956000,2343.7097,14269.9858,62423.146,-515902.165,-436865.32349999994,-453479.019
957000,2389.2769,14443.9156,61692.5704,-515860.7576,-437334.99470000004,-454168.18720000004
958000,2378.0511,14412.0127,62345.2296,-516517.0274,-437381.73400000005,-454171.7978
959000,2351.4357,14284.7368,61630.7229,-516180.7077,-437913.8123,-454549.98480000003
960000,2373.0006,14330.6197,62339.2768,-516037.976,-436995.0789,-453698.69920000003
961000,2401.0384,14457.8416,62196.0426,-516221.918,-437166.9954,-454025.8754
962000,2381.7732,14264.1372,61865.7195,-516381.4683,-437869.8384,-454515.7488
963000,2388.7504,14340.6108,61855.6138,-515328.4565,-436743.4815,-453472.8427
964000,2378.7182,14307.1125,62145.3374,-515852.004,-437020.8359,-453706.6666
965000,2385.2947,14358.6193,62144.3731,-516840.2201,-437951.93299999996,-454695.84699999995
966000,2383.5229,14340.8281,61796.5456,-516072.7701,-437551.8735,-454276.2245
967000,2406.1567,14395.2878,62098.2885,-516233.8277,-437334.0947,-454135.5392
968000,2401.0721,14323.4032,62001.8114,-515946.4699,-437220.1832,-453944.6585
969000,2401.1868,14344.4934,61879.2316,-516155.1907,-437530.2789,-454275.9591
970000,2379.4157,14358.533,62172.5582,-516794.4938,-437883.9869,-454621.93559999997
971000,2416.2581,14272.5591,61990.7568,-516193.1285,-437513.55449999997,-454202.3717
972000,2399.4993,14430.4973,62718.3381,-517287.4538,-437739.1191,-454569.1157
973000,2384.8065,14379.0059,61799.3519,-516170.3615,-437607.1972,-454371.0096
974000,2404.4906,14417.7039,62172.6654,-516637.0606,-437642.20070000004,-454464.3952
975000,2392.1785,14372.3799,61158.1705,-514984.8154,-437062.08650000003,-453826.6449
976000,2376.8621,14392.9892,61881.8056,-515866.2036,-437214.5467,-453984.398
977000,2359.0276,14303.6315,62314.5664,-516664.0917,-437686.8662,-454349.5253
978000,2384.2838,14296.0301,62084.422,-517019.0628,-438254.3269,-454934.6408
979000,2357.8776,14384.579,62058.4456,-516451.4235,-437650.52129999996,-454392.9779
980000,2389.1209,14466.9776,62040.7129,-516007.3756,-437110.5642,-453966.66270000004
981000,2379.191,14388.7183,61854.4917,-515960.572,-437338.171,-454106.0803
982000,2373.8827,14375.9549,61793.1027,-516100.9532,-437558.0129,-454307.8505
983000,2363.3913,14274.4412,61489.6008,-515187.7647,-437060.3314,-453698.1639
984000,2369.8091,14384.5287,61916.1942,-516202.8381,-437532.3061,-454286.6439
985000,2382.142,14233.0556,61823.0337,-516017.2234,-437578.99210000003,-454194.1897
986000,2363.1814,14407.0463,61675.1786,-516297.3814,-437851.97510000004,-454622.2028
987000,2389.6225,14378.5849,62548.1662,-516926.7683,-437610.3947,-454378.6021
988000,2378.3117,14266.2227,61869.3145,-516002.7432,-437488.89430000004,-454133.42870000005
989000,2399.8831,14305.3522,61880.1854,-515776.0363,-437190.61559999996,-453895.85089999996
990000,2360.0106,14226.9141,61913.1349,-515771.7442,-437271.68460000004,-453858.6093
991000,2374.0448,14332.4302,61495.1531,-515326.2545,-437124.62639999995,-453831.1014
992000,2357.2022,14348.5396,61622.798,-514771.3701,-436442.83030000003,-453148.5721
993000,2396.1151,14337.4244,61954.9259,-515907.9985,-437219.5331,-453953.07259999996
994000,2384.5835,14327.9233,62301.489,-516702.9457,-437688.9499,-454401.4567
995000,2379.5481,14255.5255,61992.7783,-516442.376,-437814.5241,-454449.5977
996000,2396.8772,14357.4907,61785.2273,-516250.2169,-437710.6217,-454464.9896
997000,2394.2007,14275.0095,61669.3615,-515307.6215,-436969.04980000004,-453638.26
998000,2352.9076,14339.4872,61971.2939,-515752.6149,-437088.9262,-453781.321
999000,2387.5986,14390.2308,62390.671,-516843.6381,-437675.13769999996,-454452.9671
1000000,2373.7544,14277.4806,61823.3481,-515401.0565,-436926.4734,-453577.7084
1001000,2378.6449,14332.8005,61956.775,-516001.6528,-437333.4324,-454044.87779999996
1002000,2380.9961,14248.0596,61669.9993,-515881.0022,-437581.9472,-454211.00289999996
1003000,2377.5389,14248.3903,61798.5593,-516299.1417,-437874.65319999994,-454500.58239999996
1004000,2358.5802,14270.4933,62041.5577,-517003.8446,-438333.2134,-454962.2869
1005000,2355.0576,14270.9061,62159.5042,-516288.9867,-437503.5188,-454129.4825
1006000,2330.0612,14209.7776,61797.8896,-515497.7171,-437159.9887,-453699.8275
1007000,2376.8439,14266.6823,62579.0693,-517118.3761,-437895.7806,-454539.3068
1008000,2398.4446,14341.6089,61951.4493,-516717.1923,-438025.6895,-454765.743
1009000,2375.1774,14244.2827,62143.2239,-516126.2308,-437363.5468,-453983.00690000004
1010000,2369.7525,14249.8939,61861.7665,-515901.1289,-437419.716,-454039.3624
1011000,2408.1461,14203.8092,62088.2432,-516413.873,-437713.6745,-454325.6298
1012000,2393.7412,14305.7291,62356.7064,-516770.9452,-437714.7685,-454414.2388
1013000,2359.5518,14290.6401,62429.1775,-516624.6217,-437545.25230000005,-454195.4442
1014000,2408.9,14373.8617,62088.3351,-516265.6806,-437394.5838,-454177.34550000005
1015000,2377.8659,14411.4108,62362.3094,-516444.1391,-437292.55299999996,-454081.8297
1016000,2389.3028,14395.0218,61889.1284,-516041.7348,-437368.2818,-454152.6064
1017000,2361.1679,14288.2581,61805.5175,-515468.439,-437013.4955,-453662.9215
1018000,2358.5821,14326.2791,61976.6832,-515914.0842,-437252.53979999997,-453937.40099999995
1019000,2368.2729,14296.1951,62072.4888,-515943.1665,-437206.2097,-453870.6777
1020000,2376.734,14275.5016,62088.0621,-515450.5434,-436710.2457,-453362.48130000004
1021000,2372.0111,14291.0363,62346.6011,-516240.1665,-437230.518,-453893.56539999996
1022000,2377.8887,14237.9954,62482.27,-516478.3658,-437380.21170000004,-453996.0958
1023000,2397.7165,14340.5199,62236.4161,-516365.1951,-437390.54260000004,-454128.779
1024000,2391.4087,14425.2888,61863.3173,-516079.9409,-437399.9261,-454216.6236
1025000,2361.068,14342.0934,61905.0947,-516039.2986,-437431.0425,-454134.20389999996
1026000,2394.1237,14296.0262,61668.4566,-515722.0366,-437363.4301,-454053.58
1027000,2414.7964,14345.0661,62010.1332,-515411.2996,-436641.30390000006,-453401.16640000005
1028000,2350.3829,14327.5654,61841.8794,-516229.4957,-437709.66800000006,-454387.61630000005
1029000,2406.2822,14385.0622,61963.0651,-515853.7697,-437099.3602,-453890.7046
1030000,2415.2965,14270.1336,61932.9821,-515865.7862,-437247.37399999995,-453932.80409999995
1031000,2360.5563,14353.6249,61467.038,-515443.5264,-437262.3072,-453976.4884
1032000,2350.0056,14264.7532,61891.3043,-516457.1923,-437951.12919999997,-454565.888
1033000,2356.8459,14353.6609,61839.3012,-515864.3626,-437314.5546,-454025.0614
1034000,2360.5416,14294.8951,61876.5906,-516585.2727,-438053.24539999996,-454708.6821
1035000,2369.3974,14246.6466,62501.5994,-517173.6188,-438055.9754,-454672.0194
1036000,2349.3859,14297.0035,61917.749,-515605.1611,-437041.02270000003,-453687.4121
1037000,2376.4764,14392.6921,61982.7339,-516052.1021,-437300.1997,-454069.3682
1038000,2390.4594,14459.149,61604.6073,-515783.9176,-437329.7019,-454179.3103
1039000,2356.3496,14368.4278,62293.3255,-515941.1023,-436922.99940000003,-453647.77680000005
1040000,2390.5079,14313.0209,61545.0629,-515224.6531,-436976.0614,-453679.5902
1041000,2346.9216,14280.0387,62175.04,-516148.1704,-437346.1701,-453973.1304
1042000,2378.5055,14399.2303,62035.7311,-516374.6544,-437561.1875,-454338.9233
1043000,2366.1313,14359.4572,62201.4357,-516326.6857,-437399.6615,-454125.25
1044000,2379.0212,14373.6322,62033.2804,-515956.8937,-437170.9599,-453923.6133
1045000,2372.4466,14348.5942,62301.5865,-516919.2828,-437896.6555,-454617.6963
1046000,2354.6187,14438.8845,62222.9739,-516622.0533,-437605.5762,-454399.07940000005
1047000,2390.2487,14368.4648,62369.2174,-516551.2707,-437423.33979999996,-454182.05329999997
1048000,2387.0455,14265.9631,62274.4302,-516852.23,-437924.7912,-454577.7998
1049000,2375.3257,14310.0141,61622.4548,-515547.7612,-437239.96660000004,-453925.3064
1050000,2375.8435,14339.6158,62130.2806,-516054.399,-437208.6591,-453924.1184
1051000,2377.2039,14314.33,61887.6584,-516145.772,-437566.5797,-454258.1136
1052000,2372.3099,14333.2245,62159.8786,-516462.9079,-437597.4949,-454303.0293
1053000,2392.0626,14453.0401,61851.4046,-516134.5836,-437438.0763,-454283.179
1054000,2388.9503,14354.8562,62404.1323,-516717.8107,-437569.87189999997,-454313.6784
1055000,2377.2302,14378.761,61993.8384,-516060.4869,-437310.6573,-454066.6485
1056000,2354.8815,14383.4614,61563.7492,-516183.2643,-437881.1722,-454619.51509999996
1057000,2373.5116,14421.5178,62255.0622,-517236.8686,-438186.777,-454981.8064
1058000,2410.3705,14375.7047,62204.0305,-517245.4949,-438255.3892,-455041.4644
1059000,2368.2835,14356.2227,62304.8041,-516586.7362,-437557.4259,-454281.9321
1060000,2382.9084,14265.8969,62151.6863,-516284.2861,-437483.7945,-454132.5998
1061000,2366.1246,14304.8713,62019.9419,-515646.1734,-436955.2356,-453626.23150000005
1062000,2364.5665,14374.3954,61864.9531,-515995.3808,-437391.4658,-454130.4277
1063000,2399.2122,14346.5205,61914.6542,-516281.7389,-437621.352,-454367.0847
1064000,2391.5707,14402.3443,62183.0841,-516272.0271,-437295.028,-454088.943
1065000,2385.2081,14311.8798,61890.4673,-515724.3041,-437136.7489,-453833.8368
1066000,2419.2962,14338.7489,62104.9352,-516199.0799,-437336.0996,-454094.1447
1067000,2367.1594,14405.9696,61880.5394,-515913.5272,-437259.85880000005,-454032.9878
1068000,2332.6607,14389.3177,61893.3179,-515815.1864,-437199.8901,-453921.8685
1069000,2339.6994,14287.2168,61723.12,-516065.2344,-437715.1982,-454342.1144
1070000,2398.7568,14283.589,62315.995,-516433.7385,-437435.3977,-454117.7435
1071000,2378.6188,14337.7526,61946.4596,-515992.563,-437329.732,-454046.1034
1072000,2402.9393,14347.9527,61783.2298,-515984.4389,-437450.3171,-454201.2091
1073000,2381.0057,14310.301,61975.135,-516343.6826,-437677.2409,-454368.5476
1074000,2364.0339,14333.001,62123.1861,-516441.8709,-437621.64989999996,-454318.6848
1075000,2337.0886,14283.039,62076.6042,-516539.3593,-437842.6275,-454462.7551
1076000,2386.2218,14283.1219,61657.8146,-515751.7858,-437424.6275,-454093.9712
1077000,2366.1151,14363.6928,61918.4687,-515901.4219,-437253.14530000003,-453982.9532
1078000,2373.5347,14413.3721,62335.7647,-516683.4339,-437560.7624,-454347.6692
1079000,2370.4048,14368.4888,62028.5576,-516689.6203,-437922.1691,-454661.0627
1080000,2385.1958,14314.2399,61683.7598,-516032.6597,-437649.46420000005,-454348.8999
1081000,2388.9085,14270.8503,62067.4956,-516076.9064,-437349.652,-454009.41079999995
1082000,2353.3004,14311.9366,61657.8788,-515535.2249,-437212.1091,-453877.34609999997
1083000,2362.2918,14388.9646,62501.6593,-517007.273,-437754.3573,-454505.6137
1084000,2388.3596,14295.4518,62006.7016,-516068.5678,-437378.05480000004,-454061.86620000005
1085000,2399.3065,14404.1883,61481.2341,-515962.7434,-437678.0145,-454481.5093
1086000,2381.8282,14335.1808,62019.049,-516391.1257,-437655.0677,-454372.0767
1087000,2347.0228,14302.727,62275.9498,-516071.6207,-437145.92110000004,-453795.6709
1088000,2368.879,14312.4179,61592.9242,-515508.1432,-437233.92209999997,-453915.219
1089000,2397.1055,14349.7152,62265.1064,-516532.2845,-437520.3574,-454267.1781
1090000,2385.6256,14289.894,61848.4607,-516064.3189,-437540.3386,-454215.8582
1091000,2339.706,14357.7811,62288.9089,-516157.7797,-437171.3837,-453868.87080000003
1092000,2371.8971,14325.3898,62185.7935,-516935.9885,-438052.9081,-454750.19499999995
1093000,2378.1185,14359.9582,62032.0082,-516767.0378,-437996.95290000003,-454735.0296
1094000,2371.8236,14272.6686,61986.7683,-516489.9969,-437858.73640000005,-454503.22860000003
1095000,2347.6975,14317.7325,62024.9304,-516866.705,-438176.3446,-454841.7746
1096000,2349.0853,14313.1181,61470.8299,-515743.3213,-437610.288,-454272.4914
1097000,2377.0895,14400.6425,61926.7042,-516196.0226,-437491.58640000003,-454269.31840000005
1098000,2438.6997,14409.2159,62883.9497,-517915.3058,-438183.44049999997,-455031.3561
1099000,2380.8037,14348.6833,61948.4064,-516544.1813,-437866.2879,-454595.7749
1100000,2374.7916,14443.5151,62130.2994,-516698.143,-437749.53689999995,-454567.84359999996
1101000,2417.2702,14339.8885,62618.5009,-516683.7959,-437308.1363,-454065.29500000004
1102000,2385.1226,14422.9139,62085.5195,-516034.8161,-437141.2601,-453949.2966
1103000,2375.192,14448.5495,61521.8838,-516028.7905,-437683.1652,-454506.9067
1104000,2375.3876,14303.4184,61714.5365,-515012.2526,-436618.9101,-453297.7161
1105000,2394.9988,14368.4647,61531.8881,-515596.1594,-437300.8078,-454064.2713
1106000,2381.3248,14423.1476,62577.3099,-516797.1579,-437415.3756,-454219.848
1107000,2400.1019,14424.6407,61739.0673,-516107.5201,-437543.71020000003,-454368.4528
1108000,2396.1093,14403.9426,61817.6531,-516239.6226,-437621.9176,-454421.9695
1109000,2350.9837,14394.3005,62614.8577,-517236.7494,-437876.6075,-454621.8917
1110000,2405.3978,14385.1457,62220.5253,-516676.5585,-437665.4897,-454456.0332
1111000,2365.1992,14392.5315,61849.1759,-515949.8731,-437342.96650000004,-454100.69720000005
1112000,2394.0917,14402.8097,62140.1506,-516119.1951,-437182.1431,-453979.0445
1113000,2368.4135,14307.9627,61887.8986,-516425.7889,-437861.5141,-454537.89029999997
1114000,2370.7504,14347.1457,62591.6983,-517246.9505,-437937.3561,-454655.2522
1115000,2367.7096,14338.6525,61384.8091,-515157.9093,-437066.7381,-453773.1002
1116000,2392.9388,14383.2549,62101.8524,-516835.9955,-437957.94940000004,-454734.1431
1117000,2366.0516,14364.6234,62269.2385,-516980.6706,-437980.75710000005,-454711.43210000003
1118000,2387.212,14312.1559,61904.3626,-516746.4694,-438142.7389,-454842.1068
1119000,2384.7278,14380.2543,61970.8229,-516844.0589,-438108.2539,-454873.23600000003
1120000,2405.3903,14365.8221,61729.5987,-515780.8097,-437279.9986,-454051.211
1121000,2376.1126,14311.9915,61995.967,-516138.41,-437454.3389,-454142.44299999997
1122000,2396.0473,14307.9132,62064.5515,-516397.341,-437628.829,-454332.7895
1123000,2405.3089,14334.2488,62250.1831,-516373.3296,-437383.5888,-454123.1465
1124000,2388.4644,14399.6748,61502.8053,-515808.9324,-437517.9879,-454306.1271
1125000,2362.9516,14254.1799,61988.2819,-515523.0391,-436917.6257,-453534.7572
1126000,2444.1778,14349.4666,62256.5781,-516627.1587,-437576.9362,-454370.58060000004
1127000,2358.4756,14336.4153,61098.2579,-514653.4862,-436860.33739999996,-453555.22829999996
1128000,2381.4805,14442.7581,62114.8514,-516443.4315,-437504.3415,-454328.5801
1129000,2398.9888,14365.0785,61353.4832,-515677.9781,-437560.4276,-454324.4949
1130000,2356.0512,14342.5265,61867.1555,-516087.689,-437521.9558,-454220.5335
1131000,2372.5456,14337.7366,62588.8183,-517346.7162,-438047.6157,-454757.89790000004
1132000,2412.8974,14340.974,61852.2233,-516540.1483,-437934.0536,-454687.925
1133000,2374.5681,14290.6412,61934.1099,-516377.7275,-437778.4083,-454443.6176
1134000,2400.2299,14364.2344,61973.9843,-516286.1548,-437547.7062,-454312.1705
1135000,2382.8686,14328.3384,61921.8427,-516690.9588,-438057.90910000005,-454769.11610000004
1136000,2386.8633,14443.762,61882.4051,-516164.6362,-437451.6058,-454282.2311
1137000,2369.6567,14346.2652,62172.7634,-516185.782,-437297.0967,-454013.0186
1138000,2389.3265,14361.328,62063.873,-516599.0046,-437784.4771,-454535.13159999996
1139000,2395.0603,14414.0455,61900.3427,-516168.5643,-437459.1158,-454268.22160000005
1140000,2372.1626,14365.3967,62183.4077,-516126.7534,-437205.7864,-453943.3457
1141000,2378.0027,14336.882,62135.2542,-516752.0961,-437901.9572,-454616.8419
1142000,2381.9124,14244.4826,62038.9018,-516402.8549,-437737.55809999997,-454363.9531
1143000,2382.8456,14364.7768,62352.8047,-517013.6564,-437913.2293,-454660.8517
1144000,2374.3082,14324.2959,61865.9114,-516471.9092,-437907.3937,-454605.9978
1145000,2370.5849,14309.4789,62295.7928,-517016.2254,-438040.3688,-454720.4326
1146000,2424.688,14399.593,62460.8632,-516815.3363,-437530.1921,-454354.4731
1147000,2403.7835,14456.3141,62262.9873,-516396.7899,-437273.70499999996,-454133.8026
1148000,2357.523,14459.0811,61976.1081,-516610.044,-437817.3318,-454633.9359
1149000,2386.6604,14444.2871,60975.758,-515034.9508,-437228.2453,-454059.19279999996
1150000,2362.6819,14419.1902,62048.1145,-515911.9984,-437082.0118,-453863.88389999996
1151000,2384.9881,14283.3649,61663.5501,-516257.9424,-437926.0393,-454594.3923
1152000,2371.809,14341.9741,61951.2792,-515879.5551,-437214.4928,-453928.2759
1153000,2350.8864,14377.319,61928.7936,-515830.0284,-437173.0294,-453901.23480000003
1154000,2386.174,14437.1033,62545.0203,-517180.4074,-437812.10980000003,-454635.38710000005
1155000,2400.9683,14369.1592,61734.4256,-516239.3933,-437734.8402,-454504.9677
1156000,2374.5909,14368.3212,62680.0669,-517861.8415,-438438.8625,-455181.7746
1157000,2410.6812,14310.5809,62294.8997,-516700.0359,-437683.8741,-454405.1362
1158000,2380.4291,14268.3965,62352.6657,-516776.1365,-437774.6452,-454423.4708
1159000,2394.2038,14310.9413,62156.215,-516471.2725,-437609.91240000003,-454315.0575
1160000,2358.2337,14285.6768,62435.6396,-516521.9221,-437442.37200000003,-454086.28250000003
1161000,2387.6863,14343.6643,62189.0711,-516613.3559,-437692.9342,-454424.2848
1162000,2320.8792,14242.9914,61505.3884,-515023.0218,-436953.76279999997,-453517.6334
1163000,2375.8018,14409.9839,61919.6989,-516101.8107,-437396.32609999995,-454182.11179999996
1164000,2402.4299,14346.9552,62726.4626,-516703.5148,-437227.6671,-453977.05220000003
1165000,2391.906,14415.8219,61955.2438,-515463.5481,-436700.5764,-453508.3043
1166000,2396.5878,14248.1,61963.4861,-515532.4063,-436924.2324,-453568.9202
1167000,2368.4529,14159.1163,61828.7951,-516395.5719,-438039.20759999997,-454566.7768
1168000,2364.0249,14330.4552,62319.5435,-516805.579,-437791.5554,-454486.0355
1169000,2346.7709,14247.7375,62613.5443,-517316.4477,-438108.395,-454702.9034
1170000,2395.7998,14382.5247,62225.6111,-516099.9909,-437096.0553,-453874.3798
1171000,2389.506,14427.6546,61950.6258,-516705.3278,-437937.54140000005,-454754.70200000005
1172000,2403.4542,14280.6715,61968.1729,-516522.9878,-437870.6892,-454554.8149
1173000,2405.478,14325.3709,62361.3616,-516959.424,-437867.2135,-454598.0624
1174000,2365.4619,14347.9534,62176.5853,-516594.3546,-437704.35400000005,-454417.76930000004
1175000,2405.9872,14323.4623,62354.9887,-516169.3672,-437084.929,-453814.3785
1176000,2358.0533,14343.5029,61837.4339,-516510.4254,-437971.4353,-454672.9915
1177000,2398.8674,14255.8636,62321.5041,-516820.2324,-437843.9973,-454498.72829999996
1178000,2391.5526,14339.4782,62458.8958,-516950.5562,-437760.6296,-454491.6604
1179000,2375.1327,14308.1209,62029.5395,-515841.9685,-437129.1754,-453812.429
1180000,2382.0337,14359.0767,61814.8422,-516035.9367,-437479.9841,-454221.0945
1181000,2377.3403,14327.7224,62007.0632,-515933.8574,-437221.7315,-453926.7942
1182000,2401.8851,14276.5025,61705.0289,-515510.5207,-437127.1042,-453805.4918
1183000,2398.9035,14402.7003,61349.8523,-515438.1999,-437286.7438,-454088.3476
1184000,2370.125,14435.9968,61983.1776,-515992.2924,-437202.99299999996,-454009.1148
1185000,2366.8879,14325.6912,61742.7486,-515665.6262,-437230.29850000003,-453922.8776
1186000,2372.3864,14345.8135,62196.4872,-516001.3903,-437086.7032,-453804.9031
1187000,2358.8751,14323.9357,62193.8605,-516354.3704,-437477.6991,-454160.5099
1188000,2376.0168,14367.2927,62274.2218,-516975.9734,-437958.4421,-454701.7516
1189000,2412.8953,14349.5773,62377.0961,-516586.429,-437446.8603,-454209.3329
1190000,2359.5911,14302.85,62152.7401,-516139.5638,-437324.3826,-453986.8237
1191000,2398.4457,14326.9793,62086.0381,-516324.6325,-437513.1694,-454238.5944
1192000,2415.7708,14449.0556,61973.8314,-516411.9438,-437573.286,-454438.1124
1193000,2322.1794,14240.5893,62292.7842,-516298.0067,-437442.4538,-454005.22250000003
1194000,2352.1942,14378.3249,61539.6909,-515242.608,-436972.39800000004,-453702.9171
1195000,2358.9318,14283.1995,62173.0296,-516176.7446,-437361.58369999996,-454003.71499999997
1196000,2361.1577,14405.5544,62197.5001,-516569.0536,-437604.8414,-454371.5535
1197000,2372.8908,14287.8603,62041.7922,-516467.1181,-437764.5748,-454425.3259
1198000,2360.8994,14330.7058,61654.1046,-515648.643,-437302.93319999997,-453994.53839999996
1199000,2395.7952,14371.6453,62301.7699,-516557.1182,-437487.90780000004,-454255.3483
1200000,2385.3479,14253.3432,62656.4563,-516897.8109,-437602.66349999997,-454241.35459999996
1201000,2368.128,14308.183,61789.8798,-516191.7525,-437725.56169999996,-454401.8727
1202000,2387.3487,14376.7309,62357.3556,-517017.625,-437896.1898,-454660.2694
1203000,2387.07,14271.8555,62122.3599,-516390.8208,-437609.5354,-454268.4609
1204000,2392.4848,14277.7997,62217.895,-516712.7662,-437824.5867,-454494.8712
1205000,2410.2835,14435.5836,62174.0639,-516585.1096,-437565.17860000004,-454411.0457
1206000,2400.0083,14329.4778,61430.969,-515106.2195,-436945.7644,-453675.2505
1207000,2381.1726,14168.0777,61882.2461,-516020.735,-437589.2386,-454138.4889
1208000,2390.7854,14465.705,62134.2197,-516112.1786,-437121.46849999996,-453977.95889999997
1209000,2396.1487,14313.2327,61937.7464,-516096.7964,-437449.6686,-454159.05
1210000,2418.0441,14405.1492,62304.4757,-516203.9236,-437076.2546,-453899.44789999997
1211000,2385.0529,14301.1485,61753.003,-515406.3709,-436967.1665,-453653.36789999995
1212000,2371.0897,14361.4419,62595.7153,-517422.9635,-438094.71660000004,-454827.24820000003
1213000,2375.6485,14306.8396,62319.8621,-516421.8723,-437419.5221,-454102.0102
1214000,2403.8328,14342.1801,62381.5655,-517029.1168,-437901.5384,-454647.55130000005
1215000,2368.0391,14297.39,61860.2001,-516393.993,-437868.36380000005,-454533.7929
1216000,2372.1713,14405.9475,62256.0163,-516867.6515,-437833.51639999996,-454611.63519999996
1217000,2359.3218,14301.4275,61994.968,-515586.4814,-436930.7641,-453591.5134
1218000,2400.5563,14320.6973,62471.1226,-516550.0939,-437357.7177,-454078.9713
1219000,2350.0011,14308.5618,61700.257,-515808.4143,-437449.5944,-454108.1573
1220000,2400.7064,14245.8012,62098.2258,-516349.609,-437604.8756,-454251.3832
1221000,2397.023,14275.7658,61791.2786,-515729.0599,-437264.9925,-453937.7813
1222000,2393.559,14334.5511,61980.7652,-516185.8581,-437476.9828,-454205.0929
1223000,2412.46,14285.4013,61969.9297,-516820.9579,-438153.16689999995,-454851.0282
1224000,2365.4687,14266.4736,61899.9109,-515758.451,-437226.5978,-453858.5401
1225000,2403.3136,14397.6736,62195.2638,-516855.0414,-437858.7904,-454659.7776
1226000,2354.4031,14243.3624,62009.4791,-515861.8909,-437254.6463,-453852.4118
1227000,2386.2304,14332.5255,62025.3277,-516310.3399,-437566.2563,-454285.0122
1228000,2364.8186,14390.8116,62356.4521,-516922.9401,-437810.8578,-454566.488
1229000,2387.3302,14306.6064,61370.8046,-515004.1005,-436939.3593,-453633.2959
1230000,2397.7861,14336.1504,61645.4353,-515798.1863,-437418.8145,-454152.751
1231000,2408.083,14281.7959,62365.0106,-516327.1568,-437272.2673,-453962.1462
1232000,2393.8826,14321.7113,61972.9538,-515854.6497,-437166.102,-453881.6959
1233000,2384.3465,14276.8113,61665.1504,-515260.1718,-436933.86360000004,-453595.0214
1234000,2406.5636,14482.551,61784.6302,-515533.9474,-436860.2026,-453749.3172
1235000,2390.9529,14380.4132,62143.9677,-516731.476,-437816.1422,-454587.50830000004
1236000,2382.7673,14374.0947,62097.6326,-516804.0968,-437949.60219999996,-454706.4642
1237000,2385.366,14359.1197,61856.5141,-516116.8688,-437515.869,-454260.3547
1238000,2389.8089,14399.7711,62394.0698,-516875.7421,-437692.09229999996,-454481.6723
1239000,2393.632,14345.7386,62086.7792,-516459.3853,-437633.2355,-454372.60610000003
1240000,2351.881,14342.8633,61576.7985,-515544.7708,-437273.228,-453967.9723
1241000,2374.4203,14279.2141,62431.6481,-516793.4761,-437708.1936,-454361.82800000004
1242000,2382.0492,14349.9404,62026.0909,-517077.5986,-438319.5181,-455051.5077
1243000,2387.9234,14221.8439,61843.9306,-515657.9624,-437204.26450000005,-453814.0318
1244000,2372.9396,14438.2433,62148.7257,-516630.0887,-437670.1801,-454481.363
1245000,2405.5363,14456.7607,62264.4279,-517103.1888,-437976.4639,-454838.7609
1246000,2374.9917,14390.0349,61473.3662,-515361.8757,-437123.48289999994,-453888.5095
1247000,2380.3568,14352.9851,62268.3806,-516161.8134,-437160.09089999995,-453893.4328
1248000,2375.2226,14314.0107,61964.9056,-516532.5658,-437878.42689999996,-454567.6602
1249000,2374.4321,14362.5534,61536.4839,-516720.5228,-438447.0534,-455184.0389
1250000,2372.903,14360.7928,62061.5412,-516339.1187,-437543.8817,-454277.5775
1251000,2409.3265,14348.3011,61540.4652,-516025.8744,-437727.7816,-454485.4092
1252000,2400.1487,14412.1398,62093.2557,-516714.2164,-437808.6722,-454620.9607
1253000,2368.235,14333.0232,62011.8045,-516121.0714,-437408.0087,-454109.26690000005
1254000,2370.8415,14407.5401,62121.1741,-517036.3129,-438136.7572,-454915.1388
1255000,2368.645,14258.2269,62342.9684,-516740.8879,-437771.0476,-454397.91949999996
1256000,2414.8572,14448.3184,61681.2376,-515825.4616,-437281.04839999997,-454144.224
1257000,2373.7197,14356.2595,61538.5651,-515399.5813,-437131.037,-453861.0162
1258000,2350.5877,14251.6146,61794.1276,-515985.7469,-437589.417,-454191.6193
1259000,2373.8931,14282.4275,62130.8001,-515925.5041,-437138.38340000005,-453794.704
1260000,2372.5013,14353.9841,61614.4484,-516151.4141,-437810.4803,-454536.9657
1261000,2377.3411,14282.7781,61932.1237,-516484.5914,-437892.34849999996,-454552.4677
1262000,2396.9299,14286.9012,61898.2276,-516264.838,-437682.7793,-454366.6104
1263000,2381.1552,14322.8383,61715.0253,-515830.8451,-437411.82629999996,-454115.8198
1264000,2345.3169,14271.9033,62537.1487,-517447.398,-438293.0291,-454910.24929999997
1265000,2377.0389,14329.7627,61899.5513,-516113.0419,-437506.689,-454213.4906
1266000,2382.0464,14356.8506,62564.4562,-517121.4019,-437818.0487,-454556.9457
1267000,2400.1524,14463.3917,61945.4811,-516302.4689,-437493.44369999995,-454356.9878
1268000,2391.8656,14333.1027,62152.164,-516471.2731,-437594.1408,-454319.1091
1269000,2354.2723,14263.9614,61747.286,-516548.7103,-438183.1906,-454801.42429999996
1270000,2360.7703,14349.3139,62564.9993,-517342.4772,-438067.3937,-454777.4779
1271000,2366.9357,14343.8867,62567.8664,-517144.3943,-437865.7055,-454576.5279
1272000,2388.7557,14380.7798,62398.9304,-516899.7374,-437731.2715,-454500.807
1273000,2376.8434,14344.2331,62200.3636,-516296.2045,-437374.7644,-454095.8409
1274000,2359.9017,14268.7662,62176.3998,-516508.074,-437703.0063,-454331.6742
1275000,2362.6649,14344.8011,61380.9082,-514964.6685,-436876.29430000007,-453583.7603
1276000,2367.3036,14394.8465,61973.7802,-516668.6352,-437932.7049,-454694.85500000004
1277000,2408.1378,14370.8675,62352.2128,-516904.6302,-437773.4121,-454552.41740000003
1278000,2385.9108,14301.6423,61753.6107,-516531.3812,-438090.2174,-454777.7705
1279000,2389.1403,14456.3606,61986.8479,-516177.6567,-437345.3079,-454190.8088
1280000,2396.8108,14337.9824,62043.625,-515979.2189,-437200.80069999996,-453935.5939
1281000,2389.4023,14347.0005,61721.8185,-516340.7614,-437882.5401,-454618.9429
1282000,2385.2825,14320.9875,62084.3685,-515839.7785,-437049.14,-453755.41000000003
1283000,2368.2398,14314.9406,61970.7725,-515769.1187,-437115.16579999996,-453798.34619999997
1284000,2366.0753,14453.4186,62161.78,-516413.6423,-437432.36840000004,-454251.86230000004
1285000,2396.008,14229.2702,61822.6182,-515931.4352,-437483.5388,-454108.81700000004
1286000,2382.3092,14276.8159,61909.1085,-516259.4111,-437691.1775,-454350.30260000005
1287000,2398.8433,14392.8717,61616.6565,-515664.0463,-437255.6748,-454047.3898
1288000,2371.1687,14346.1193,61878.7149,-516397.9833,-437801.9804,-454519.2684
1289000,2408.8206,14263.9795,62006.1316,-516091.5888,-437412.6571,-454085.4572
1290000,2374.6648,14342.5448,62214.5246,-516684.5057,-437752.7715,-454469.9811
1291000,2403.5813,14382.2481,61844.0367,-515897.6197,-437267.7536,-454053.583
1292000,2406.8393,14403.8087,61523.7849,-515600.8015,-437266.3686,-454077.0166
1293000,2370.4394,14330.3955,62101.6263,-515715.6717,-436913.2105,-453614.0454
1294000,2392.76,14305.5211,61829.9745,-515801.0106,-437272.755,-453971.03609999997
1295000,2402.9508,14419.475,61943.006,-516022.6276,-437257.1958,-454079.6216
1296000,2373.8277,14311.9808,61762.7908,-515491.8694,-437043.2701,-453729.0786
1297000,2420.6573,14435.4137,61796.5164,-515363.6976,-436711.1102,-453567.1812
1298000,2411.6178,14348.3586,61886.073,-516169.5828,-437523.53339999996,-454283.5098
1299000,2399.9281,14476.5747,62048.3262,-516726.7406,-437801.9116,-454678.4144
1300000,2329.4148,14307.6307,61535.6697,-516002.3696,-437829.6544,-454466.6999
1301000,2411.6375,14348.3575,61758.63,-516057.7317,-437539.1067,-454299.1017
1302000,2353.1919,14360.4421,61768.2745,-516049.0694,-437567.1609,-454280.7949
1303000,2380.3784,14292.4814,61854.0574,-515741.6876,-437214.77040000004,-453887.6302
1304000,2370.7492,14355.8875,62324.8825,-516167.0036,-437115.48439999996,-453842.1211
1305000,2373.0173,14279.1023,61361.1348,-515206.9826,-437193.7282,-453845.8478
1306000,2363.4705,14497.4524,62303.0154,-516676.6465,-437512.7082,-454373.6311
1307000,2372.0995,14298.5843,62587.5621,-517692.9453,-438434.69940000004,-455105.38320000004
1308000,2346.2964,14266.9847,61515.1844,-515625.5906,-437497.1251,-454110.40619999997
1309000,2392.0651,14431.9916,61789.984,-515682.5123,-437068.4716,-453892.5283
1310000,2376.6624,14327.9263,61904.898,-516497.0138,-437887.5271,-454592.1158
1311000,2373.7897,14353.5103,62159.03,-516826.5362,-437940.20619999996,-454667.50619999995
1312000,2409.2859,14310.32,62164.5521,-516206.0413,-437321.8833,-454041.48919999995
1313000,2377.826,14373.8928,61909.1656,-516059.2073,-437398.3229,-454150.0417
1314000,2394.8967,14330.1099,61819.2457,-516142.4549,-437598.2026,-454323.20920000004
1315000,2367.1975,14320.642,62192.6481,-515885.1162,-437004.6286,-453692.4681
1316000,2355.9477,14236.0879,61999.1916,-515775.676,-437184.4488,-453776.48439999996
1317000,2388.5056,14312.7021,61869.4162,-515682.614,-437111.9901,-453813.1978
1318000,2360.8522,14300.5745,61346.9813,-515237.4064,-437228.9984,-453890.4251
1319000,2383.3721,14278.6302,62028.8059,-516261.4724,-437570.6642,-454232.66650000005
1320000,2369.5883,14290.0362,62350.0732,-516696.5457,-437686.848,-454346.47250000003
1321000,2367.0815,14250.2202,61757.0188,-516011.5553,-437637.2348,-454254.5365
1322000,2361.5865,14274.502,62144.357,-516052.968,-437272.52249999996,-453908.611
1323000,2366.5055,14355.8401,62114.8569,-516349.8194,-437512.61689999996,-454234.96249999997
1324000,2366.7756,14490.1527,61531.5123,-515610.2791,-437221.83849999995,-454078.7668
1325000,2347.2837,14312.6605,61751.233,-515539.5077,-437128.33050000004,-453788.2747
1326000,2397.5024,14433.6332,62031.505,-516386.4416,-437523.80100000004,-454354.9366
1327000,2410.5091,14358.2726,62183.4522,-516270.1585,-437317.9246,-454086.7063
1328000,2391.3768,14380.4331,61755.5518,-515984.4875,-437457.1258,-454228.9357
1329000,2372.4011,14404.1768,62045.1385,-516073.2335,-437251.51709999994,-454028.095
1330000,2348.8368,14401.8669,61879.0063,-516670.6547,-438040.9447,-454791.6484
1331000,2373.5087,14433.5966,61661.3095,-515164.592,-436696.17720000003,-453503.2825
1332000,2390.1034,14436.7788,62055.5296,-516117.9227,-437235.5109,-454062.3931
1333000,2376.0327,14388.9087,61703.8304,-516474.8142,-438006.04240000003,-454770.98380000005
1334000,2405.8217,14434.9272,62068.8722,-517043.6171,-438133.996,-454974.7449
1335000,2363.806,14463.0783,61363.5451,-516089.1252,-437898.6958,-454725.5801
1336000,2391.3614,14345.0225,61188.4242,-515637.576,-437712.7679,-454449.1518
1337000,2384.3052,14315.0808,61764.2772,-516221.4769,-437757.8137,-454457.1997
1338000,2370.5268,14312.9869,61873.5106,-515927.6073,-437370.583,-454054.0967
1339000,2413.9189,14401.0201,61806.7941,-515786.0335,-437164.3004,-453979.2394
1340000,2405.4851,14338.9092,62126.4646,-516018.9735,-437148.11460000003,-453892.5089
1341000,2413.6854,14426.0893,61925.0697,-516066.5134,-437301.669,-454141.4437
1342000,2375.8951,14274.5326,61585.2212,-515511.7744,-437276.12549999997,-453926.55319999997
1343000,2381.686,14394.8834,61922.3766,-516170.6752,-437471.7292,-454248.2986
1344000,2385.0105,14257.2483,61367.6917,-515400.0638,-437390.11329999997,-454032.3721
1345000,2408.074,14377.6009,62328.6901,-516677.5275,-437563.16250000003,-454348.8374
1346000,2389.9402,14352.8078,61876.8507,-515291.1196,-436671.5209,-453414.26889999997
1347000,2428.3188,14361.1334,61503.2847,-514804.3184,-436511.5815,-453301.03369999997
1348000,2390.715,14309.9635,61229.6154,-514875.1432,-436944.8493,-453645.5278
1349000,2353.0543,14201.4533,62079.2871,-516101.3167,-437467.522,-454022.0296
1350000,2357.0675,14313.5413,62377.3744,-516913.2636,-437865.2804,-454535.8892
1351000,2398.6203,14363.5986,61932.2681,-516469.9642,-437775.47719999996,-454537.6961
1352000,2396.2779,14385.2252,61924.2368,-515675.5607,-436969.8208,-453751.32389999996
1353000,2386.9688,14342.8411,61915.8718,-516086.2047,-437440.523,-454170.3329
1354000,2352.5289,14301.4183,61790.764,-515689.9328,-437245.2216,-453899.1688
1355000,2376.6036,14377.2881,61769.7882,-515916.6751,-437392.9952,-454146.8869
1356000,2389.7926,14366.1399,61946.6827,-516343.8693,-437641.2541,-454397.1866
1357000,2381.324,14346.0129,62025.9593,-516742.0631,-437988.76690000005,-454716.10380000004
1358000,2367.9388,14409.1927,61961.8564,-516453.5355,-437714.5476,-454491.6791
1359000,2373.8523,14294.6852,62426.3301,-517254.2026,-438159.335,-454827.8725
1360000,2355.2189,14306.8926,62338.3067,-517265.4542,-438265.03599999996,-454927.14749999996
1361000,2360.8407,14335.7798,61795.7066,-516222.1753,-437729.8482,-454426.4687
1362000,2379.7769,14288.2217,62085.6397,-516661.1158,-437907.47750000004,-454575.4761
1363000,2362.6143,14374.8447,62025.9958,-516360.7635,-437597.3087,-454334.7677
1364000,2377.2474,14415.2519,61965.1028,-516055.7877,-437298.18559999997,-454090.6849
1365000,2379.3645,14390.267,61721.6955,-516243.2785,-437751.9515,-454521.583
1366000,2378.3592,14319.8122,62752.7974,-517235.9866,-437785.01780000003,-454483.1892
1367000,2369.8196,14407.9125,62217.4407,-516838.6089,-437843.4361,-454621.1682
1368000,2363.8113,14267.7701,62274.4673,-516567.5112,-437661.4625,-454293.0439
1369000,2396.1663,14434.1411,61985.2513,-516695.9599,-437880.4012,-454710.7086
1370000,2361.4558,14254.5419,61733.4364,-514957.5512,-436608.1171,-453224.1148
1371000,2392.6637,14473.5346,61782.163,-515685.8205,-437037.4592,-453903.6575
1372000,2389.1931,14399.3038,61933.9797,-516484.5624,-437762.0858,-454550.58269999997
1373000,2397.6233,14421.1702,62080.3417,-516031.6881,-437132.5529,-453951.34640000004
1374000,2359.7481,14250.6234,62241.5006,-516394.4729,-437542.6008,-454152.9723
1375000,2380.6093,14343.5756,61841.3248,-515863.9275,-437298.4178,-454022.6027
1376000,2384.3024,14311.3618,62110.2748,-515934.9301,-437128.9911,-453824.6553
1377000,2366.0749,14359.0955,61772.7262,-515694.4997,-437196.6031,-453921.7735
1378000,2390.8014,14381.7177,61734.0627,-516421.3495,-437914.7677,-454687.2868
1379000,2379.5677,14493.6189,62156.7993,-516663.1366,-437633.1507,-454506.3373
1380000,2373.0782,14259.0689,61746.3764,-516251.5392,-437873.0157,-454505.1628
1381000,2390.3572,14218.1887,62178.1143,-517035.404,-438248.7438,-454857.28969999996
1382000,2340.7661,14407.4071,61875.198,-515928.5878,-437305.2166,-454053.3898
1383000,2358.1029,14427.1645,62105.3104,-516079.4949,-437188.91709999996,-453974.1845
1384000,2373.7629,14321.419,62008.4452,-516280.7099,-437577.08280000003,-454272.2647
1385000,2410.6878,14348.3049,61899.6943,-516193.0418,-437534.3548,-454293.34750000003
1386000,2364.5791,14238.9948,61922.4264,-515681.0181,-437155.0178,-453758.5917
1387000,2409.6948,14262.938,62092.4467,-516021.2874,-437256.2079,-453928.84069999994
1388000,2398.7679,14339.4868,61814.2658,-515329.1381,-436776.6176,-453514.8723
1389000,2392.0159,14433.7942,62490.3069,-516580.106,-437263.98900000006,-454089.7991
1390000,2404.6319,14359.7359,61752.445,-515678.0218,-437161.209,-453925.5768
1391000,2402.772,14372.4696,62162.9441,-516126.9835,-437188.79779999994,-453964.03939999995
1392000,2357.514,14350.5005,61897.4268,-515985.0254,-437379.5841,-454087.59859999997
1393000,2368.1514,14350.7851,61877.1554,-515520.3233,-436924.2314,-453643.1679
1394000,2398.5243,14284.4624,61868.3098,-515533.3658,-436982.06930000003,-453665.05600000004
1395000,2376.5022,14327.8057,61609.5712,-514976.5692,-436662.6901,-453366.998
1396000,2382.8484,14260.6502,62039.1368,-516059.4733,-437376.83790000004,-454020.33650000003
1397000,2329.9441,14311.0569,62409.5335,-516685.3397,-437634.8052,-454275.8062
1398000,2395.0042,14232.7692,62523.5199,-516509.0238,-437357.7305,-453985.5039
1399000,2380.1314,14349.3113,62108.4497,-516511.395,-437673.5026,-454402.9453
1400000,2383.3328,14352.5128,61884.4755,-516134.6758,-437514.3547,-454250.2003
1401000,2383.6848,14363.3519,61537.6143,-515084.3818,-436799.73079999996,-453546.76749999996
1402000,2398.6261,14328.0897,61787.9779,-515524.0735,-437009.3798,-453736.0956
1403000,2357.5347,14332.2919,61826.0426,-516059.5941,-437543.7249,-454233.5515
1404000,2416.7388,14332.6721,62164.2846,-516709.3484,-437795.6529,-454545.0638
1405000,2381.3667,14366.0393,62115.3718,-516486.3109,-437623.5331,-454370.93909999996
1406000,2378.5691,14400.9255,62051.4018,-517071.9505,-438241.05409999995,-455020.5487
1407000,2355.8295,14376.1625,61566.6575,-515119.5044,-436820.8549,-453552.8469
1408000,2409.3114,14445.4358,62184.8215,-516481.3452,-437441.7765,-454296.52369999996
1409000,2376.7047,14369.2749,62433.0178,-516583.0382,-437404.0408,-454150.02040000004
1410000,2383.5183,14339.7548,61940.3627,-515911.7081,-437248.0723,-453971.3454
1411000,2347.5042,14380.9389,62057.2649,-515604.501,-436818.793,-453547.2361
1412000,2395.4736,14233.5534,61907.9763,-515370.5338,-436833.5305,-453462.5575
1413000,2368.5441,14313.0227,62091.6878,-515882.3747,-437109.1201,-453790.6869
1414000,2411.6798,14317.356,61545.1485,-515752.8463,-437478.662,-454207.69779999997
1415000,2378.4029,14391.169,61796.7225,-516282.4651,-437716.17069999996,-454485.7426
1416000,2399.4133,14355.1094,61919.4208,-516263.9237,-437589.9802,-454344.50289999996
1417000,2379.8046,14262.6324,61428.5623,-515281.0888,-437210.0895,-453852.52650000004
1418000,2384.5476,14311.1424,61745.2641,-515660.0578,-437219.1037,-453914.79370000004
1419000,2377.9986,14395.2318,61883.6132,-516274.9612,-437618.1176,-454391.348
1420000,2377.1472,14434.8885,62101.1073,-517090.5445,-438177.40150000004,-454989.43720000004
1421000,2351.0617,14337.5488,61908.3298,-516303.4722,-437706.5319,-454395.1424
1422000,2354.1637,14274.7277,61901.9367,-515712.8495,-437182.0214,-453810.9128
1423000,2393.2088,14288.3176,62034.71,-516235.2558,-437519.0194,-454200.54579999996
1424000,2415.0456,14418.5358,62341.2038,-516769.9858,-437595.20060000004,-454428.782
1425000,2355.2949,14351.9415,62065.1571,-516350.2888,-437577.8953,-454285.13169999997
1426000,2361.9294,14347.286,61955.0988,-515815.326,-437151.0118,-453860.2272
1427000,2397.367,14354.5032,61918.0406,-516237.107,-437567.1962,-454319.0664
1428000,2351.6408,14406.0693,61706.4961,-516192.5268,-437728.3206,-454486.0307
1429000,2395.8526,14345.2533,62288.5103,-516534.5778,-437504.96160000004,-454246.0675
1430000,2383.8493,14397.19,61929.0179,-516013.7931,-437303.7359,-454084.77520000003
1431000,2361.5319,14427.8537,61733.7239,-515824.0529,-437300.9434,-454090.329
1432000,2377.489,14391.9048,62185.7618,-516684.8699,-437729.7143,-454499.1081
1433000,2399.4137,14313.9725,62235.163,-516672.544,-437723.9948,-454437.381
1434000,2435.4603,14344.7415,62403.4896,-516898.5141,-437714.82269999996,-454495.02449999994
1435000,2388.6661,14404.7575,62060.4887,-515817.7456,-436963.83330000006,-453757.25690000004
1436000,2388.3126,14358.0254,61936.2492,-515893.4784,-437210.8912,-453957.2292
1437000,2388.5825,14438.8169,61703.7719,-515187.7984,-436656.62710000004,-453484.02650000004
1438000,2391.316,14370.7353,61881.3808,-515661.7251,-437018.29299999995,-453780.3443
1439000,2395.953,14363.9754,61408.6717,-515891.0729,-437722.47280000005,-454482.4012
1440000,2366.5911,14421.2907,62235.1059,-516235.7264,-437212.7387,-454000.62049999996
1441000,2362.1425,14354.3555,62162.428,-516570.6993,-437691.7733,-454408.27129999996
1442000,2408.6498,14354.7661,62401.6825,-516592.3578,-437427.2594,-454190.6753
1443000,2406.5581,14452.9162,62584.1177,-516674.5499,-437230.9579,-454090.4322
1444000,2366.7619,14473.4616,61916.9217,-515997.0969,-437239.9517,-454080.1752
1445000,2408.2119,14482.2837,62231.7176,-516514.8059,-437392.5927,-454283.08829999994
1446000,2375.1267,14342.5123,62195.1547,-516117.3419,-437204.5482,-453922.1872
1447000,2392.9233,14399.4431,61979.2039,-516618.8738,-437847.30350000004,-454639.6699
1448000,2379.0071,14287.5584,61840.485,-516355.7724,-437848.7219,-454515.28740000003
1449000,2396.3154,14315.3819,61657.9361,-515936.5217,-437566.8883,-454278.5856
1450000,2393.8854,14407.6852,62180.5163,-516337.736,-437355.6491,-454157.21969999996
1451000,2410.358,14343.6903,62253.2382,-516754.5045,-437747.218,-454501.26629999996
1452000,2419.5357,14391.8083,61631.432,-515458.6352,-437015.8592,-453827.2032
1453000,2374.3043,14421.9345,61987.4212,-516151.0068,-437367.34679999994,-454163.5856
1454000,2378.4841,14411.4675,61647.3957,-516047.1146,-437609.76729999995,-454399.7189
1455000,2377.4413,14366.3998,61825.7682,-516115.8989,-437546.28959999996,-454290.1307
1456000,2368.0851,14296.542,62069.7408,-516050.167,-437315.7991,-453980.4262
1457000,2409.9039,14333.8764,61738.0308,-515856.1517,-437374.3406,-454118.1209
1458000,2376.8409,14315.2303,61846.3684,-516054.4416,-437516.00200000004,-454208.07320000004
1459000,2400.0011,14314.2125,61844.2064,-516133.8151,-437575.3951,-454289.6087
1460000,2383.9554,14265.5403,61491.1138,-515330.9047,-437190.29520000005,-453839.7909
1461000,2408.5398,14306.8193,62321.8653,-516926.8392,-437889.6148,-454604.9739
1462000,2384.6258,14262.5521,61903.6619,-516412.9044,-437862.0646,-454509.2425
1463000,2365.1056,14367.3924,61588.3297,-515527.3614,-437206.5337,-453939.0317
1464000,2343.1512,14215.7095,61700.0897,-515386.7306,-437127.78020000004,-453686.6409
1465000,2368.9376,14340.2813,61508.4328,-515626.1635,-437408.51180000004,-454117.7307
1466000,2363.3318,14179.4634,62618.9556,-517246.6113,-438084.86049999995,-454627.6557
1467000,2375.2953,14401.4483,62104.1282,-516269.2031,-437388.33129999996,-454165.0749
1468000,2376.7949,14362.583,61996.9078,-515974.8185,-437238.5328,-453977.9107
1469000,2365.6278,14321.7881,62275.3214,-516859.3048,-437896.5675,-454583.98339999997
1470000,2395.4918,14284.069,62738.705,-517023.824,-437605.5582,-454285.119
1471000,2401.7563,14367.16,62296.1199,-516253.1433,-437188.1071,-453957.0234
1472000,2392.8557,14307.9612,61834.2189,-515823.1211,-437288.0853,-453988.9022
1473000,2344.9781,14161.9787,62534.0515,-516791.9902,-437750.9819,-454257.9387
1474000,2357.5203,14300.0413,62268.7282,-517133.8591,-438207.5693,-454865.1309
1475000,2404.7435,14379.208,61950.1086,-516444.8891,-437710.82899999997,-454494.7805
1476000,2394.3813,14368.7093,62640.8091,-517984.2012,-438580.3015,-455343.3921
1477000,2353.2114,14295.2476,62349.8755,-516626.874,-437628.5395,-454276.9985
1478000,2339.4424,14279.4497,61945.9892,-516272.5647,-437707.6834,-454326.5755
1479000,2381.344,14327.0502,62221.5196,-516453.238,-437523.32420000003,-454231.7184
1480000,2417.1441,14388.3052,61709.5563,-515951.3199,-437436.31429999997,-454241.7636
1481000,2404.5687,14263.8756,62230.2041,-516974.3164,-438075.668,-454744.11230000004
1482000,2370.4008,14334.9929,62180.9585,-517055.5608,-438169.2086,-454874.60229999997
1483000,2370.4789,14323.7842,61667.1868,-515654.6686,-437293.21869999997,-453987.48179999995
1484000,2373.3054,14366.3948,61996.2297,-516314.5574,-437578.6275,-454318.32769999997
1485000,2398.6687,14280.4849,62702.8153,-517468.6211,-438086.6522,-454765.8058
1486000,2404.1686,14406.0947,61641.9251,-515835.0424,-437382.854,-454193.1173
1487000,2398.8597,14315.7602,62414.5706,-516963.6648,-437834.4743,-454549.09420000005
1488000,2384.6358,14369.2695,62091.1096,-516970.6965,-438125.6816,-454879.5869
1489000,2338.9399,14284.4825,61856.0,-515988.8139,-437509.3915,-454132.8139
1490000,2381.9997,14390.2079,61594.9449,-515828.4897,-437461.33719999995,-454233.5448
1491000,2380.4513,14291.6303,61955.0876,-516158.7001,-437531.5309,-454203.61250000005
1492000,2350.115,14304.3857,62306.9022,-516126.1504,-437164.7475,-453819.2482
1493000,2404.4936,14356.4023,62586.0252,-516878.5871,-437531.666,-454292.56190000003
1494000,2338.4385,14307.2172,62317.3211,-516424.2701,-437461.2933,-454106.949
1495000,2353.3595,14230.1867,62041.0016,-516633.7873,-438009.2395,-454592.7857
1496000,2381.6441,14364.5702,62196.7287,-516490.9759,-437548.0329,-454294.24720000004
1497000,2376.6667,14398.702,62327.0421,-516961.5672,-437859.1564,-454634.52509999997
1498000,2364.3892,14233.1259,61986.2409,-516152.6036,-437568.8476,-454166.3627
1499000,2382.1837,14194.9859,61469.8403,-515610.9859,-437563.976,-454141.14560000005
1500000,2419.3333,14334.8987,62023.5135,-516252.5868,-437474.8413,-454229.0733
1501000,2407.9605,14232.2498,61310.0356,-514755.3651,-436805.11919999996,-453445.3295
1502000,2348.0975,14359.1015,62426.3809,-516685.6701,-437552.0902,-454259.2892
1503000,2370.821,14271.7878,61990.9203,-516545.5489,-437912.0198,-454554.6286
1504000,2377.5506,14278.6294,61712.1081,-515768.9798,-437400.69169999997,-454056.87169999996
1505000,2385.8375,14359.5201,62272.4159,-516448.3491,-437430.5756,-454175.93319999997
1506000,2391.2752,14409.7918,62038.4735,-517125.5627,-438286.0222,-455087.0892
1507000,2404.2133,14421.8231,62011.946,-516494.5056,-437656.52319999994,-454482.5596
1508000,2402.3944,14327.2625,62161.1732,-516237.337,-437346.50690000004,-454076.1638
1509000,2350.5029,14319.5515,61645.1267,-514866.1003,-436550.9192,-453220.97359999997
1510000,2378.2468,14328.1011,61819.6575,-515725.5669,-437199.56149999995,-453905.9094
1511000,2360.9129,14381.1888,61879.7122,-516443.7093,-437821.8954,-454563.9971
1512000,2376.6729,14391.5116,61281.6828,-515475.9712,-437426.10390000005,-454194.2884
1513000,2380.3485,14397.1484,61984.2489,-516651.1138,-437889.368,-454666.8649
1514000,2405.8,14342.5793,62030.0947,-516472.1098,-437693.6358,-454442.01509999996
1515000,2358.3508,14316.8835,62531.5319,-517283.7277,-438076.9615,-454752.1958
1516000,2359.0787,14338.7821,62289.4766,-516283.1559,-437295.8185,-453993.6793
1517000,2374.5467,14290.0459,61835.5067,-515878.1542,-437378.0549,-454042.64749999996
1518000,2360.1187,14314.3441,61786.1999,-515027.7208,-436567.0581,-453241.5209
1519000,2358.8078,14318.7851,62239.6441,-516742.0738,-437824.83680000005,-454502.42970000004
1520000,2391.3139,14351.4903,62119.2834,-516467.4488,-437605.36120000004,-454348.1654
1521000,2421.8774,14386.4076,61989.9466,-515691.4697,-436893.2381,-453701.5231
1522000,2375.7444,14364.6945,62021.527,-516404.8739,-437642.908,-454383.3469
1523000,2359.8116,14392.7404,61999.0731,-516576.441,-437824.8159,-454577.3679
1524000,2393.5496,14516.222,61901.4967,-516521.4476,-437710.1793,-454619.9509
1525000,2381.697,14324.8061,61911.8133,-515731.0738,-437112.7574,-453819.26050000003
1526000,2402.4328,14334.5048,61728.4818,-515271.3134,-436805.894,-453542.8316
1527000,2384.0975,14432.5451,61820.718,-515643.789,-437006.4284,-453823.071
1528000,2392.9624,14506.9338,62548.777,-516902.4594,-437453.7862,-454353.6824
1529000,2378.4909,14317.3853,61949.1781,-516264.3587,-437619.3044,-454315.18059999996
1530000,2387.6193,14341.6304,61539.7328,-515839.5052,-437570.52270000003,-454299.7724
1531000,2382.4955,14239.1166,62011.0376,-517141.5711,-438508.9214,-455130.5335
1532000,2399.9652,14284.2198,62348.9834,-517031.8457,-437998.6773,-454682.86230000004
1533000,2398.4283,14362.7557,61842.6047,-516062.9115,-437459.1228,-454220.30679999996
1534000,2365.1374,14215.5681,62280.1681,-516630.6591,-437769.7855,-454350.491
1535000,2380.8672,14368.7962,61794.3437,-515823.192,-437279.1849,-454028.84829999995
1536000,2340.2648,14245.8986,61969.5533,-516111.5833,-437555.8666,-454142.03
1537000,2376.9077,14359.5265,61625.8423,-516102.2292,-437739.9527,-454476.3869
1538000,2377.6338,14267.4422,61744.7877,-515386.8051,-436996.9414,-453642.0174
1539000,2396.4748,14311.3391,62396.7321,-516678.5703,-437574.02430000005,-454281.8382
1540000,2394.2584,14266.6065,62529.0981,-517347.3763,-438157.4133,-454818.2782
1541000,2364.9387,14271.9987,61472.704,-515717.7977,-437608.15630000003,-454245.09369999997
1542000,2393.7646,14295.7795,61731.1312,-515917.8494,-437497.1741,-454186.7182
1543000,2391.1154,14349.0779,62352.35,-517224.2052,-438131.66190000006,-454871.85520000005
1544000,2380.3673,14241.3975,61897.3863,-516253.9347,-437734.78359999997,-454356.54839999997
1545000,2376.5266,14299.3245,61969.834,-515901.2692,-437255.5841,-453931.43519999995
1546000,2358.9363,14289.8833,61786.5505,-516036.6915,-437601.3214,-454250.141
1547000,2362.299,14294.7831,61573.124,-516068.653,-437838.4469,-454495.529
1548000,2358.2538,14319.4197,61993.1073,-516171.0109,-437500.2301,-454177.90359999996
1549000,2355.5112,14275.2831,61802.6695,-515704.6305,-437271.16670000006,-453901.961
1550000,2386.7999,14347.1939,61947.4812,-516138.0468,-437456.57180000003,-454190.56560000003
1551000,2328.005,14326.6397,61852.9116,-515884.7299,-437377.1736,-454031.8183
1552000,2384.602,14311.355,61465.6942,-514990.605,-436828.9538,-453524.91079999995
1553000,2383.6787,14351.2578,62140.5112,-516001.3998,-437125.9521,-453860.8886
1554000,2357.3735,14371.6015,61457.0674,-515508.8006,-437322.75820000004,-454051.7332
1555000,2370.8615,14345.1348,61881.0032,-516328.0224,-437731.0229,-454447.01920000004
1556000,2382.6074,14302.9136,62088.305,-516293.0528,-437519.2268,-454204.7478
1557000,2390.6194,14360.661,62700.7799,-517114.4677,-437662.40739999997,-454413.68779999996
1558000,2376.3743,14356.3169,62067.4211,-516393.3424,-437593.23010000004,-454325.92130000005
1559000,2367.2166,14344.7094,62363.3163,-516469.3792,-437394.13690000004,-454106.0629
1560000,2388.4748,14360.2801,62000.4628,-516037.9501,-437288.7324,-454037.48730000004
1561000,2364.3697,14315.2689,62174.4626,-515765.6492,-436911.54799999995,-453591.1866
1562000,2387.1813,14249.1,61845.2132,-515661.8942,-437180.39969999995,-453816.681
1563000,2380.7833,14365.6466,61776.0592,-516495.2479,-437972.7588,-454719.1887
1564000,2412.6075,14361.8351,61714.6123,-516327.9846,-437838.92970000004,-454613.37230000005
1565000,2365.9471,14339.0359,61569.9769,-515537.9953,-437263.0354,-453968.0184
1566000,2386.0515,14309.6582,61944.342,-516011.4017,-437371.35,-454067.0597
1567000,2428.7105,14321.5916,61914.9724,-515956.1669,-437290.8924,-454041.1945
1568000,2399.4454,14369.6102,62234.1054,-517086.1301,-438082.9691,-454852.0247
1569000,2384.6715,14319.3014,62050.3474,-516555.6509,-437801.3306,-454505.30350000004
1570000,2382.7168,14311.8816,62315.5471,-516748.7883,-437738.64280000003,-454433.2412
1571000,2390.2702,14338.0721,61744.3346,-516338.9002,-437866.22329999995,-454594.5656
1572000,2365.9801,14318.0081,61938.6045,-515979.7614,-437357.16870000004,-454041.1569
1573000,2365.1816,14356.4535,61867.0999,-515620.2857,-437031.5507,-453753.1858
1574000,2406.3756,14297.7004,61499.5415,-515277.225,-437073.6075,-453777.6835
1575000,2340.838,14341.4275,62283.087,-516740.8241,-437775.47160000005,-454457.7371
1576000,2334.2635,14271.8793,62534.438,-516450.5488,-437309.968,-453916.11079999997
1577000,2350.9808,14351.757,61448.3582,-515174.6445,-437023.5485,-453726.2863
1578000,2374.1753,14316.4654,61493.6309,-515509.8998,-437325.62820000004,-454016.2689
1579000,2360.1024,14288.796,62233.4749,-516320.1629,-437437.7896,-454086.68799999997
1580000,2344.5034,14374.9724,61540.3821,-515426.2541,-437166.3962,-453885.87200000003
1581000,2362.0764,14253.6368,61458.8213,-515469.5985,-437395.064,-454010.7772
1582000,2365.8193,14321.7744,61985.1484,-515468.3624,-436795.62029999995,-453483.214
1583000,2320.7187,14138.8268,61906.6826,-515532.4022,-437166.1741,-453625.7196
1584000,2384.3083,14312.8051,62088.8307,-516387.2382,-437601.29410000006,-454298.40750000003
1585000,2356.01,14326.1218,62038.9841,-516214.817,-437493.70109999995,-454175.8329
1586000,2359.2048,14330.1042,61818.5655,-515995.4843,-437487.6098,-454176.9188
1587000,2399.6453,14244.7468,61970.394,-515954.5722,-437339.7861,-453984.17819999997
1588000,2371.0147,14243.9079,61906.2673,-515482.357,-436961.1671,-453576.0897
1589000,2377.876,14321.0511,61567.6423,-515797.5772,-437531.0078,-454229.9349
1590000,2375.9386,14422.6603,62103.0716,-517236.3993,-438334.7288,-455133.32769999997
1591000,2367.5651,14348.4133,61302.3042,-516023.2248,-438004.94220000005,-454720.9206
1592000,2392.9558,14251.5011,62194.5098,-516375.4028,-437536.4361,-454180.893
1593000,2395.4539,14258.0216,62217.2134,-516017.9984,-437147.3095,-453800.785
1594000,2356.1559,14287.1939,62270.4395,-516872.4343,-437958.645,-454601.99480000004
1595000,2375.1242,14301.5835,61931.4156,-516011.2445,-437403.12119999994,-454079.82889999996
1596000,2360.9458,14293.135,61451.3954,-515646.1392,-437540.66299999994,-454194.7438
1597000,2369.4924,14317.5581,61821.3113,-516004.1197,-437495.75789999997,-454182.8084
1598000,2318.8711,14191.0146,62025.8679,-515754.6897,-437218.9361,-453728.8218
1599000,2348.3414,14268.3407,61985.4921,-516752.2142,-438150.04,-454766.7221
1600000,2349.0337,14227.2624,62214.8708,-516370.8646,-437579.69769999996,-454155.9938
1601000,2386.2264,14279.1837,62681.6146,-517606.3968,-438259.3721,-454924.7822
1602000,2315.439,14316.6733,62194.6759,-516360.8407,-437534.0525,-454166.1648
1603000,2355.5839,14358.2665,62138.9412,-516992.153,-438139.3614,-454853.2118
1604000,2355.16,14195.685,62368.5378,-516553.393,-437634.0102,-454184.8552
1605000,2410.7162,14343.3987,61579.7885,-516017.1095,-437683.2061,-454437.321
1606000,2372.7132,14350.4298,62232.2388,-516354.6637,-437399.28189999994,-454122.4249
1607000,2396.0216,14388.0448,62092.8593,-515925.2877,-437048.36199999996,-453832.4284
1608000,2352.833,14370.5409,62429.9407,-517066.1092,-437912.7946,-454636.1685
1609000,2353.2849,14236.6448,62117.3945,-516137.8496,-437430.52540000004,-454020.4551
1610000,2395.9727,14435.2305,61706.2867,-516547.5313,-438010.0414,-454841.2446
1611000,2385.826,14207.1287,61955.101,-515248.8179,-436700.7622,-453293.7169
1612000,2407.5233,14375.5945,61699.0011,-514991.482,-436509.3631,-453292.4809
1613000,2357.7927,14421.5491,62545.3688,-517031.8968,-437707.1862,-454486.528
1614000,2393.5454,14380.9543,62223.8985,-516304.4898,-437306.0916,-454080.5913
1615000,2390.6528,14376.9822,62188.3342,-516463.1721,-437507.20290000003,-454274.83790000004
1616000,2397.5355,14308.6653,62275.0036,-516617.223,-437636.0186,-454342.2194
1617000,2401.005,14283.0991,61434.4189,-515306.5126,-437187.98960000003,-453872.0937
1618000,2359.5261,14352.1018,61683.5765,-515989.7359,-437594.53150000004,-454306.1594
1619000,2398.7176,14354.7673,62216.5341,-516721.2717,-437751.25269999995,-454504.7376
1620000,2352.3487,14344.5842,61707.4051,-515682.0648,-437277.7268,-453974.65969999996
1621000,2393.1424,14406.1713,61707.5715,-515815.4096,-437308.5244,-454107.8381
1622000,2360.6233,14385.071,61517.8802,-515795.5709,-437531.9964,-454277.6907
1623000,2375.1985,14334.1788,62046.1824,-516266.0569,-437510.49720000004,-454219.87450000003
1624000,2403.14,14404.4744,62218.2688,-516255.37,-437229.4868,-454037.1012
1625000,2409.2366,14343.1739,61625.9162,-515672.9772,-437294.6505,-454047.06100000005
1626000,2391.2019,14313.9165,61638.218,-516061.0416,-437717.70519999997,-454422.8236
1627000,2396.4502,14301.1282,61915.9543,-516244.9149,-437631.3822,-454328.9606
1628000,2364.6068,14361.9185,62017.2224,-516304.031,-437560.2833,-454286.8086
1629000,2377.3455,14427.7874,61951.7314,-516667.6291,-437910.7648,-454715.89770000003
1630000,2398.2166,14440.4052,62327.231,-516539.0902,-437373.2374,-454211.85919999995
1631000,2369.2916,14342.5409,61709.7,-516194.3894,-437772.8569,-454484.6894
1632000,2396.2249,14248.8941,62233.6591,-516283.6005,-437404.8224,-454049.9414
1633000,2392.3113,14357.0572,61649.8187,-515557.5354,-437158.3482,-453907.7167
1634000,2387.4594,14392.3155,62280.1485,-516492.2103,-437432.28689999995,-454212.06179999997
1635000,2371.9649,14372.3106,62168.3958,-516310.0047,-437397.3334,-454141.6089
1636000,2393.2889,14410.264,62512.6287,-517122.3193,-437806.13769999996,-454609.6906
1637000,2360.9084,14261.1789,61648.1189,-516207.7647,-437937.5585,-454559.6458
1638000,2359.9347,14225.1339,61404.8548,-515635.187,-437645.26359999995,-454230.33219999995
1639000,2386.7383,14344.609,62440.3257,-516616.3839,-437444.7109,-454176.0582
1640000,2358.3473,14305.8591,62031.2536,-516062.892,-437367.43200000003,-454031.6384
1641000,2372.5062,14246.7209,62224.175,-516710.3966,-437866.9945,-454486.2216
1642000,2398.7844,14372.7852,62121.1348,-516400.8876,-437508.1832,-454279.7528
1643000,2388.365,14426.4558,62040.9307,-516354.1187,-437498.3672,-454313.18799999997
1644000,2386.6058,14341.5519,61956.4213,-516333.1503,-437648.57129999995,-454376.729
1645000,2334.2991,14309.6779,61771.5807,-515975.44,-437559.8823,-454203.8593
1646000,2348.7671,14343.941,62049.5892,-516235.1054,-437492.8081,-454185.5162
1647000,2381.3779,14398.3319,62052.8816,-516886.496,-438053.9046,-454833.61439999996
1648000,2400.0301,14412.2464,62689.2917,-518058.6775,-438557.1093,-455369.3858
1649000,2388.4419,14376.5413,62041.9369,-516408.5599,-437601.6398,-454366.623
1650000,2371.4197,14235.451,62353.7919,-516532.7865,-437572.1239,-454178.9946
1651000,2389.8383,14315.6107,61552.5879,-515809.9727,-437551.9358,-454257.3848
1652000,2393.6398,14280.5907,61887.5273,-515848.4812,-437286.72339999996,-453960.95389999996
1653000,2366.0321,14263.76,62211.5236,-516460.7348,-437619.41909999994,-454249.21119999996
1654000,2367.9596,14231.2772,62192.0642,-517144.5861,-438353.2851,-454952.5219
1655000,2332.6069,14340.5704,62083.1735,-516316.1743,-437559.8235,-454233.00080000004
1656000,2363.4141,14321.6918,62005.7695,-516025.7256,-437334.8502,-454019.9561
1657000,2339.4625,14401.3985,62303.3198,-516593.9159,-437549.73510000005,-454290.5961
1658000,2376.8703,14305.3836,61808.2196,-515662.6566,-437172.1831,-453854.437
1659000,2366.603,14299.3852,62027.3089,-516437.7998,-437744.50269999995,-454410.4909
1660000,2369.0338,14255.4731,62117.5819,-516765.8373,-438023.7485,-454648.2554
1661000,2378.3352,14284.4393,61696.4786,-515270.8477,-436911.59459999995,-453574.3691
1662000,2403.0432,14408.3694,61680.0287,-515853.1865,-437361.7452,-454173.1578
1663000,2381.0895,14387.8017,62074.4082,-516198.121,-437354.8216,-454123.7128
1664000,2403.3049,14386.3286,62129.2466,-516376.1433,-437457.2632,-454246.8967
1665000,2400.465,14302.4388,61576.3575,-515168.7671,-436889.5058,-453592.4096
1666000,2382.3146,14407.9948,61971.1509,-516190.9649,-437429.5046,-454219.814
1667000,2375.712,14386.496,61649.1446,-515613.8846,-437202.532,-453964.74
1668000,2353.8657,14298.3461,62141.5456,-516353.4971,-437559.7397,-454211.95149999997
1669000,2358.0866,14362.5641,61763.9066,-516082.8944,-437598.3371,-454318.9878
1670000,2326.171,14279.7988,62287.3207,-516518.014,-437624.7235,-454230.69330000004
1671000,2342.4183,14342.6242,62194.2806,-516442.4351,-437563.112,-454248.1545
1672000,2361.8779,14366.7418,62337.1001,-516878.8738,-437813.154,-454541.7737
1673000,2360.3316,14301.1718,61936.7849,-516520.8673,-437922.57899999997,-454584.08239999996
1674000,2354.4023,14244.271,62151.0397,-516874.8069,-438125.09390000004,-454723.7672
1675000,2371.8923,14275.7992,62173.5346,-516552.7424,-437731.5163,-454379.2078
1676000,2392.1941,14412.3435,61679.4556,-515849.7833,-437365.7901,-454170.3277
1677000,2382.8447,14331.9685,61823.1243,-515756.3788,-437218.4413,-453933.2545
1678000,2397.2591,14407.9063,61712.9285,-515652.9134,-437134.8195,-453939.98490000004
1679000,2386.858,14293.5474,62035.5235,-516157.2353,-437441.3064,-454121.7118
1680000,2371.0603,14400.0945,62303.1672,-516921.7264,-437847.4044,-454618.55919999996
1681000,2407.9688,14437.4651,62050.304,-516926.9334,-438031.1955,-454876.6294
1682000,2374.2754,14265.9493,62040.7687,-516700.8821,-438019.8887,-454660.1134
1683000,2383.3395,14329.989,61597.1518,-515883.9015,-437573.4212,-454286.7497
1684000,2398.3014,14332.7915,61843.2725,-515761.7408,-437187.3754,-453918.4683
1685000,2393.4705,14378.6275,62158.0634,-516561.773,-437631.6116,-454403.7096
1686000,2402.6767,14345.078,62085.6206,-516923.1853,-438089.81,-454837.5647
1687000,2395.0689,14272.3464,61376.8818,-514983.847,-436939.5499,-453606.9652
1688000,2397.5897,14431.7849,62081.6922,-516097.3614,-437186.2946,-454015.6692
1689000,2397.7853,14247.176,61929.8027,-515872.3366,-437297.57259999996,-453942.5339
1690000,2397.8871,14469.9309,62136.7593,-516726.9619,-437722.3846,-454590.2026
1691000,2398.4545,14454.7385,61829.771,-515666.4912,-436983.5272,-453836.7202
1692000,2383.8434,14387.64,61784.7833,-515245.2222,-436688.95550000004,-453460.4389
1693000,2380.945,14382.8455,61790.0212,-515990.2311,-437436.41939999996,-454200.20989999996
1694000,2372.2436,14361.0226,61506.1699,-515407.7856,-437168.3495,-453901.6157
1695000,2371.1189,14378.3458,61649.7365,-515953.8542,-437554.653,-454304.1177
1696000,2404.558,14455.3706,61921.2968,-516648.3939,-437867.1685,-454727.0971
1697000,2378.787,14400.0283,61688.9486,-516105.9632,-437638.1993,-454417.0146
1698000,2406.6144,14389.6073,62093.0705,-516296.226,-437406.9338,-454203.1555
1699000,2372.0656,14302.0218,62045.5518,-515935.3497,-437215.71050000004,-453889.7979
1700000,2384.7872,14303.6354,62334.897,-516718.8926,-437695.57300000003,-454383.9956
1701000,2368.1282,14349.2418,61756.0186,-516321.8943,-437848.5057,-454565.8757
1702000,2353.2518,14377.059,62415.1712,-517322.5878,-438177.1058,-454907.4166
1703000,2375.0574,14379.3201,62065.6903,-516657.5698,-437837.502,-454591.8795
1704000,2387.1695,14340.9148,61939.2678,-516924.1388,-438256.7867,-454984.87100000004
1705000,2330.4722,14346.3688,62132.2686,-516762.6185,-437953.5089,-454630.3499
1706000,2359.4782,14262.8435,61803.3654,-515663.3001,-437237.613,-453859.9347
1707000,2398.7777,14359.0669,61666.9624,-516256.9347,-437832.12769999995,-454589.97229999996
1708000,2384.5489,14409.6094,61530.3641,-515959.2909,-437634.7685,-454428.9268
1709000,2383.2078,14328.1777,62293.1771,-516593.9775,-437589.4149,-454300.80039999995
1710000,2372.9707,14393.6058,61326.8034,-515042.9144,-436949.5345,-453716.11100000003
1711000,2377.6974,14309.6925,61711.3034,-516084.7865,-437686.0932,-454373.4831
1712000,2422.5172,14421.4416,61503.2165,-515678.8013,-437331.626,-454175.5848
1713000,2376.426,14353.7033,61848.6063,-515640.7622,-437062.0266,-453792.1559
1714000,2402.4471,14308.6901,62058.9551,-515796.4998,-437026.4075,-453737.54469999997
1715000,2361.6065,14486.2369,62001.3963,-516226.9728,-437377.73309999995,-454225.57649999997
1716000,2400.7914,14488.732,62295.3169,-516592.5722,-437407.7319,-454297.2553
1717000,2379.6767,14401.3461,62382.4629,-516521.7056,-437358.2199,-454139.2427
1718000,2343.2664,14350.1835,61985.2778,-516498.5089,-437819.7812,-454513.23110000003
1719000,2369.0874,14336.961,62261.8688,-516146.3171,-437178.39989999996,-453884.4483
1720000,2376.8813,14290.6261,62376.1899,-516084.9921,-437041.2948,-453708.8022
1721000,2367.8359,14445.9422,62745.3038,-516892.3408,-437333.2589,-454147.037
1722000,2372.2478,14338.3306,61975.0005,-516200.7014,-437515.12250000006,-454225.7009
1723000,2348.5719,14155.4086,62084.7198,-515280.5643,-436691.86400000006,-453195.8445
1724000,2347.8486,14416.2873,62116.8912,-516718.5973,-437837.5702,-454601.7061
1725000,2385.5278,14279.1869,61841.1477,-515277.37,-436771.5076,-453436.2223
1726000,2382.2778,14323.3682,62152.1683,-516248.7075,-437390.89320000005,-454096.5392
1727000,2373.8672,14356.6677,62167.0397,-516626.5684,-437728.9938,-454459.52869999997
1728000,2402.0358,14468.7105,61781.6613,-516143.0233,-437490.61569999997,-454361.362
1729000,2383.7325,14285.8936,62164.4814,-515882.7806,-437048.6731,-453718.2992
1730000,2376.6901,14451.8936,61892.4759,-515432.602,-436711.54240000003,-453540.1261
1731000,2407.7526,14354.433,62060.6205,-515956.4275,-437133.6214,-453895.807
1732000,2368.3574,14359.8603,61747.6644,-515391.2115,-436915.3294,-453643.54709999997
1733000,2363.4639,14339.3358,61179.3834,-514800.1839,-436918.00080000004,-453620.8005
1734000,2392.3281,14353.9562,61645.1288,-515519.4311,-437128.018,-453874.3023
1735000,2361.5345,14367.9222,61753.0158,-516336.3765,-437853.904,-454583.3607
1736000,2374.4422,14313.621,62511.9805,-516835.4316,-437635.38790000003,-454323.4511
1737000,2367.6329,14288.854,62179.1644,-516330.7295,-437495.0782,-454151.5651
1738000,2341.0393,14313.3684,62228.8377,-516607.8285,-437724.5831,-454378.9908
1739000,2384.3153,14439.9977,61877.9985,-515518.2462,-436815.9347,-453640.2477
1740000,2379.5889,14304.2175,61473.3478,-514970.1828,-436813.0286,-453496.835
1741000,2382.7562,14197.3369,61731.6621,-515797.6286,-437485.8734,-454065.9665
1742000,2394.9665,14275.2396,61978.9009,-515104.4161,-436455.30909999995,-453125.51519999997
1743000,2339.0036,14278.1623,62126.9947,-516124.0676,-437379.907,-453997.0729
1744000,2412.9606,14324.6911,61801.2409,-515916.2071,-437377.3145,-454114.9662
1745000,2408.1716,14269.7983,62331.8719,-516123.4131,-437113.5713,-453791.5412
1746000,2380.2664,14326.0731,61863.1801,-515569.4327,-436999.9131,-453706.2526
1747000,2377.8717,14290.1262,61753.5546,-515180.8004,-436759.2479,-453427.24580000003
1748000,2352.9767,14227.9064,62812.6584,-517567.4202,-438173.8787,-454754.7618
1749000,2372.1296,14361.0348,61944.368,-515994.6802,-437317.14780000004,-454050.3122
1750000,2384.0676,14376.1972,61947.1493,-516181.7048,-437474.2907,-454234.5555
1751000,2415.4717,14339.0992,61979.2695,-516294.7545,-437560.9141,-454315.485
1752000,2389.1741,14353.9136,62133.6335,-516460.928,-437584.20680000004,-454327.2945
1753000,2411.0638,14424.8754,62233.3188,-516385.795,-437316.537,-454152.4762
1754000,2371.1961,14358.421,61898.6508,-515836.6709,-437208.40300000005,-453938.0201
1755000,2370.7999,14329.6499,62067.5367,-516021.6195,-437253.633,-453954.0828
1756000,2390.47,14418.4785,61838.3199,-515796.1432,-437148.8748,-453957.8233
1757000,2387.9503,14381.763,61562.7869,-516135.1551,-437802.65489999996,-454572.36819999997
1758000,2381.2911,14322.5573,62415.2488,-516725.7225,-437606.62529999996,-454310.4737
1759000,2362.8217,14309.8227,62070.0606,-516067.9295,-437325.2245,-453997.8689
1760000,2381.9214,14360.3691,61586.9514,-515942.9493,-437613.70739999996,-454355.99789999996
1761000,2364.8688,14334.2349,62030.0808,-516867.6801,-438138.4956,-454837.5993
1762000,2369.2482,14352.5026,62233.778,-516568.5636,-437613.0348,-454334.7856
1763000,2363.9241,14344.6273,62036.9701,-516601.657,-437856.1355,-454564.68690000003
1764000,2351.1626,14297.5465,62026.8003,-516316.5473,-437641.0379,-454289.747
1765000,2361.1395,14147.9271,62222.7404,-516193.8856,-437462.0786,-453971.14519999997
1766000,2399.0408,14267.3914,62336.823,-516545.9206,-437542.6654,-454209.09760000004
1767000,2379.2772,14385.8367,61782.1495,-515473.3841,-436926.1207,-453691.2346
1768000,2363.0775,14328.2438,61359.7565,-515691.207,-437640.12919999997,-454331.4505
1769000,2398.9122,14344.22,62348.3173,-516756.32,-437664.8705,-454408.0027
1770000,2364.9725,14322.3824,61973.1629,-516478.035,-437817.5172,-454504.8721
1771000,2351.6523,14263.5566,61309.4776,-515450.1065,-437525.42,-454140.6289
1772000,2377.8062,14395.6371,61205.4097,-515126.0272,-437147.1742,-453920.6175
1773000,2403.181,14342.0702,61766.7357,-515953.6426,-437441.6557,-454186.9069
1774000,2419.2719,14394.4933,61773.3863,-515557.6045,-436970.453,-453784.2182
1775000,2384.4098,14259.7816,61837.0663,-515731.1423,-437249.8846,-453894.076
1776000,2368.7572,14257.6991,62449.9086,-516850.6646,-437774.29970000003,-454400.756
1777000,2370.5046,14283.4494,62397.9396,-516399.7079,-437347.81429999997,-454001.7683
1778000,2386.0419,14377.3782,61610.5249,-515702.7673,-437328.8223,-454092.2424
1779000,2344.0864,14294.1894,62008.1863,-515939.3247,-437292.8626,-453931.1384
1780000,2389.5527,14272.3182,61976.545,-516013.0831,-437374.6672,-454036.5381
1781000,2368.7959,14355.7045,61760.0256,-516270.6875,-437786.1615,-454510.6619
1782000,2371.4199,14226.2476,62197.1018,-516287.7621,-437492.9928,-454090.6603
1783000,2375.7799,14302.0147,62069.5179,-516282.9505,-437535.638,-454213.4326
1784000,2374.8319,14212.9459,62438.6661,-517049.5687,-438023.1248,-454610.90260000003
1785000,2383.7093,14263.6589,62058.5956,-516694.8511,-437988.88730000006,-454636.2555
1786000,2378.8277,14473.0784,61767.6237,-516893.9694,-438274.43960000004,-455126.3457
1787000,2362.157,14316.834,61667.3411,-515927.4567,-437581.1246,-454260.11559999996
1788000,2393.5049,14308.7959,61805.7587,-516231.4618,-437723.40229999996,-454425.7031
1789000,2411.2806,14340.2642,61980.9871,-515647.8946,-436915.3627,-453666.9075
1790000,2409.1166,14446.0187,61743.2832,-515994.3133,-437395.8948,-454251.0301
1791000,2372.2103,14300.4214,61843.5392,-516332.0467,-437815.87580000004,-454488.5075
1792000,2360.8205,14365.0377,62545.1053,-517659.1355,-438388.17199999996,-455114.0302
1793000,2396.334,14264.5988,61592.9077,-515886.0999,-437632.2594,-454293.1922
1794000,2399.0814,14294.7229,61791.2831,-515801.5685,-437316.4811,-454010.2854
1795000,2348.7003,14382.5081,61876.1081,-516094.7381,-437487.4216,-454218.63
1796000,2321.7434,14237.2352,61865.6232,-515878.5724,-437453.9706,-454012.94920000003
1797000,2374.1812,14281.7753,61541.9992,-515612.6406,-437414.6849,-454070.64139999996
1798000,2333.5935,14355.8298,62140.183,-516554.6648,-437725.05850000004,-454414.4818
1799000,2413.1321,14330.2913,61830.3706,-515803.827,-437230.033,-453973.45639999997
1800000,2374.8586,14360.8549,61993.4608,-515757.7803,-437028.60599999997,-453764.3195
1801000,2399.1684,14351.1823,61838.3752,-515961.0366,-437372.3107,-454122.6614
1802000,2386.7449,14282.1125,61860.7573,-516203.9092,-437674.29449999996,-454343.1519
1803000,2393.9827,14366.05,62085.6923,-516605.697,-437759.97199999995,-454520.0047
1804000,2373.9986,14274.7855,61594.7554,-515356.7555,-437113.216,-453762.0001
1805000,2379.6316,14296.4975,61927.9016,-515528.0755,-436924.0448,-453600.1739
1806000,2356.7503,14275.4302,61708.1389,-515731.7054,-437391.38599999994,-454023.56649999996
1807000,2389.0189,14293.2163,61635.7976,-515473.2338,-437155.201,-453837.4362
1808000,2392.8321,14168.6514,61939.7343,-516139.5815,-437638.3637,-454199.84719999996
1809000,2374.8288,14335.8165,62053.0746,-516847.6637,-438083.9438,-454794.5891
1810000,2369.539,14267.3049,61667.9209,-515908.6344,-437603.8696,-454240.71349999995
1811000,2387.1956,14246.9684,62282.584,-516861.4934,-437944.74539999996,-454578.9094
1812000,2424.1933,14193.1003,62784.4552,-517074.3192,-437672.5704,-454289.86400000006
1813000,2384.8131,14285.1704,61671.8184,-515812.8473,-437471.04540000006,-454141.02890000003
1814000,2368.9138,14252.6805,61945.7758,-516781.8971,-438214.527,-454836.1213
1815000,2360.7839,14212.655,61874.9948,-515849.8225,-437401.3888,-453974.8277
1816000,2384.3162,14299.5678,61594.4907,-515308.1605,-437029.7858,-453713.6698
1817000,2369.4105,14286.4616,61864.1748,-516118.0626,-437598.0157,-454253.8878
1818000,2335.4179,14325.2913,62246.2571,-516386.4336,-437479.4673,-454140.1765
1819000,2367.0496,14328.9856,61776.5103,-515965.5023,-437492.9568,-454188.99199999997
1820000,2374.1505,14322.2618,62035.0516,-516427.5199,-437696.056,-454392.4683
1821000,2381.0299,14208.205,61637.2449,-515531.1544,-437304.6746,-453893.9095
1822000,2409.8175,14299.9869,61827.6407,-516253.6874,-437716.2423,-454426.0467
1823000,2373.9421,14290.081,61611.8285,-515265.0075,-436989.1559,-453653.179
1824000,2382.523,14278.7608,61629.5206,-516014.7175,-437723.9131,-454385.19690000004
1825000,2378.3484,14196.4868,62320.6938,-516541.7431,-437646.2141,-454221.0493
1826000,2380.0185,14254.7183,61872.3818,-516018.4785,-437511.35990000004,-454146.0967
1827000,2376.565,14340.8314,62221.0659,-516109.4934,-437171.03109999996,-453888.4275
1828000,2394.5451,14266.8215,61864.9319,-515631.2625,-437104.96400000004,-453766.3306
1829000,2367.5446,14370.5729,61887.3278,-516165.0741,-437539.62880000006,-454277.7463
1830000,2392.753,14238.0523,62272.5685,-516307.2567,-437403.8829,-454034.68820000003
1831000,2347.9179,14248.7504,62204.5533,-517124.4293,-438323.2077,-454919.87600000005
1832000,2354.2319,14268.6079,62259.1682,-516982.95,-438100.94200000004,-454723.7818
1833000,2365.3557,14273.6366,61828.2397,-516592.582,-438125.35,-454764.3423
1834000,2400.307,14304.846,62111.292,-516233.8567,-437417.4117,-454122.5647
1835000,2404.1245,14371.5468,61840.5631,-516267.8685,-437651.63409999997,-454427.30539999995
1836000,2351.2688,14274.8357,61751.6321,-515641.3225,-437263.5859,-453889.6904
1837000,2400.1315,14300.794,62139.7374,-516515.8112,-437675.1483,-454376.0738
1838000,2394.2483,14330.5332,61836.3831,-516258.9724,-437697.8078,-454422.58930000005
1839000,2389.5173,14295.3114,61510.5807,-516461.9988,-438266.5894,-454951.4181
1840000,2369.6196,14298.3461,62194.5335,-516864.5779,-438002.07869999995,-454670.04439999996
1841000,2376.587,14367.5677,61678.6287,-516676.7278,-438253.9444,-454998.0991
1842000,2413.2381,14253.3836,62061.4372,-516658.3068,-437930.2479,-454596.86960000003
1843000,2396.4641,14228.8151,62183.1054,-516768.9305,-437960.5459,-454585.8251
1844000,2385.4557,14340.4659,62108.8196,-516601.1655,-437766.4243,-454492.3459
1845000,2341.1245,14205.2329,61885.7413,-515747.986,-437315.88729999994,-453862.2447
1846000,2338.6157,14259.8958,62137.9463,-516733.2285,-437996.7707,-454595.2822
1847000,2361.0375,14259.1896,61756.995,-515689.6999,-437312.4778,-453932.7049
1848000,2374.2563,14249.046,61579.5257,-515533.2822,-437330.45420000004,-453953.7565
1849000,2377.6634,14304.487,62614.7973,-517023.768,-437726.8203,-454408.9707
1850000,2342.9781,14424.5785,61895.9873,-516400.2617,-437736.7178,-454504.2744
1851000,2391.2185,14262.844,62739.9374,-517236.461,-437842.4611,-454496.5236
1852000,2370.1965,14325.4808,62231.099,-517242.053,-438315.27670000005,-455010.954
1853000,2351.3036,14150.5404,62117.6543,-516461.7852,-437842.28689999995,-454344.1309
1854000,2377.1231,14259.1346,61773.0272,-515558.0429,-437148.75800000003,-453785.0157
1855000,2369.7123,14305.1652,61846.9145,-515779.1805,-437257.3885,-453932.266
1856000,2405.775,14327.4568,61949.1922,-515780.9404,-437098.5164,-453831.74820000003
1857000,2377.8148,14299.7679,62213.4722,-516595.5188,-437704.46390000003,-454382.0466
1858000,2366.661,14322.2953,61730.8922,-516041.9224,-437622.07389999996,-454311.0302
1859000,2390.7823,14323.622,61908.3374,-516180.0265,-437557.28479999996,-454271.68909999996
1860000,2400.0117,14243.6377,62281.7811,-516740.394,-437814.96349999995,-454458.61289999995
1861000,2364.1648,14311.4228,62265.1661,-516849.3691,-437908.6154,-454584.203
1862000,2380.779,14302.4237,62208.7202,-516461.4421,-437569.5192,-454252.7219
1863000,2393.8007,14229.2941,61966.6944,-516136.7551,-437546.9659,-454170.06070000003
1864000,2350.2312,14329.3136,62015.9187,-516444.9838,-437749.5203,-454429.0651
1865000,2391.4621,14353.8811,62036.4549,-515843.2582,-437061.46009999997,-453806.80329999997
1866000,2412.7101,14306.9874,62051.6593,-516203.2927,-437431.9359,-454151.6334
1867000,2349.7151,14295.4832,62151.6701,-516622.4589,-437825.59050000005,-454470.78880000004
1868000,2381.6416,14309.0814,62410.5793,-516770.4618,-437669.1595,-454359.8825
1869000,2386.6111,14267.8239,62539.5914,-517110.0197,-437915.9933,-454570.4283
1870000,2382.5753,14260.5746,62002.6698,-516104.6754,-437458.8557,-454102.00560000003
1871000,2384.5682,14185.5677,62441.6455,-517320.0613,-438308.27989999996,-454878.4158
1872000,2373.8716,14245.0447,62076.2853,-516997.8058,-438302.60419999994,-454921.5205
1873000,2374.3275,14213.2198,61892.352,-516546.042,-438066.1427,-454653.69
1874000,2372.7553,14353.2038,62271.552,-516364.6272,-437367.1161,-454093.07519999996
1875000,2360.0877,14236.7102,61733.1311,-515517.3121,-437187.3831,-453784.181
1876000,2342.2317,14182.7322,61923.3277,-516071.5155,-437623.2239,-454148.18779999996
1877000,2383.5181,14308.6101,62245.3384,-516751.4645,-437813.9979,-454506.1261
1878000,2394.6449,14250.9086,62167.8114,-517376.2719,-438562.907,-455208.4605
1879000,2395.4037,14207.9082,62552.249,-516830.9445,-437675.38359999994,-454278.6955
1880000,2378.2722,14198.9564,61859.4418,-515991.2707,-437554.6003,-454131.82889999996
1881000,2362.636,14190.197,61983.7405,-516026.7667,-437490.1932,-454043.02619999996
1882000,2357.4675,14307.6651,62332.3433,-516801.2077,-437803.7318,-454468.8644
1883000,2379.4074,14287.739,62254.8486,-516784.6281,-437862.6331,-454529.77949999995
1884000,2359.8744,14163.6965,61976.9616,-516195.1622,-437694.62970000005,-454218.20060000004
1885000,2395.9219,14327.138,62260.3945,-517048.3084,-438064.854,-454787.9139
1886000,2374.5797,14271.5546,61668.5672,-515488.6368,-437173.9353,-453820.0696
1887000,2387.9155,14287.5758,61541.5972,-515289.5404,-437072.4519,-453747.9432
1888000,2388.2588,14331.275,62513.2407,-516799.5031,-437566.7286,-454286.26239999995
1889000,2351.1281,14225.8596,62200.7761,-516247.676,-437469.91219999996,-454046.89989999996
1890000,2380.1104,14347.3274,61911.8409,-515663.656,-437024.37730000005,-453751.8151
1891000,2370.0712,14222.8012,61453.0498,-514523.2488,-436477.32660000003,-453070.199
1892000,2383.5019,14246.2056,62283.7117,-516382.0519,-437468.6327,-454098.34020000004
1893000,2393.9281,14315.7132,61793.9897,-516202.3695,-437698.7385,-454408.3798
1894000,2374.8652,14292.9133,61967.6039,-515464.8527,-436829.4703,-453497.2488
1895000,2358.4826,14352.4708,61991.6006,-515848.955,-437146.401,-453857.3544
1896000,2402.6031,14318.7302,61757.7139,-515285.5804,-436806.53319999995,-453527.8665
1897000,2391.6464,14368.8951,62116.5261,-515953.7205,-437076.6529,-453837.1944
1898000,2398.7853,14341.7891,61899.0424,-515795.3727,-437155.7559,-453896.33030000003
1899000,2384.7078,14311.4584,61885.0635,-516459.6549,-437878.42520000006,-454574.59140000003
1900000,2338.0965,14250.1037,61503.2844,-515209.4603,-437117.97569999995,-453706.1759
1901000,2368.1294,14315.4633,61520.1272,-515789.0156,-437585.2957,-454268.8884
1902000,2425.3857,14343.5069,61960.6601,-516131.0025,-437401.4498,-454170.3424
1903000,2359.3215,14234.3884,62063.7517,-516703.2746,-438045.81299999997,-454639.5229
1904000,2388.1658,14261.6674,62155.8069,-516237.4863,-437431.84619999997,-454081.67939999996
1905000,2397.9576,14215.7186,61876.1685,-515867.679,-437377.8343,-453991.5105
1906000,2357.4221,14328.277,61803.7936,-515937.0398,-437447.5471,-454133.24620000005
1907000,2363.4605,14218.844,62188.5126,-515886.3588,-437115.5417,-453697.84619999997
1908000,2399.0702,14286.85,61908.0437,-515697.5792,-437103.61529999995,-453789.5355
1909000,2362.2449,14290.4393,62011.2165,-516895.1397,-438231.239,-454883.9232
1910000,2367.9357,14334.8545,62385.0365,-517212.3521,-438124.52540000004,-454827.31560000003
1911000,2366.3069,14241.5719,62340.447,-517007.3583,-438059.03250000003,-454666.91130000004
1912000,2323.9939,14255.5542,61747.8776,-515836.3303,-437508.9046,-454088.45269999997
1913000,2354.8932,14261.9808,62037.3994,-516706.3959,-438052.1225,-454668.9965
1914000,2385.0866,14283.4338,62326.0709,-516525.4299,-437530.8386,-454199.359
1915000,2388.5476,14383.2376,61843.1262,-516003.9376,-437389.0262,-454160.8114
1916000,2400.0876,14406.8479,62100.9312,-516486.3847,-437578.518,-454385.4535
1917000,2347.157,14292.6361,62055.9199,-516243.2119,-437547.4989,-454187.292
1918000,2368.5974,14219.9133,62256.1371,-516626.5157,-437781.86789999995,-454370.3786
1919000,2386.8146,14302.9188,62195.0091,-516396.914,-437512.1715,-454201.90489999996
1920000,2383.0888,14312.7334,62190.9521,-516514.886,-437628.1117,-454323.9339
1921000,2371.7044,14244.7781,61970.5185,-515733.0415,-437146.0405,-453762.523
1922000,2413.067,14287.5887,62024.2005,-516177.3422,-437452.48600000003,-454153.14170000004
1923000,2360.8798,14343.2774,61916.897,-516349.6109,-437728.5567,-454432.71390000003
1924000,2340.3869,14197.1786,61933.1849,-516281.7461,-437810.99569999997,-454348.5612
1925000,2405.6398,14285.4325,61985.53,-516012.9823,-437336.38,-454027.4523
1926000,2405.0636,14296.3415,61876.7165,-515573.5788,-436995.4572,-453696.86230000004
1927000,2365.4267,14257.471,62184.2615,-516219.725,-437412.5658,-454035.46349999995
1928000,2331.5536,14266.2247,62490.3862,-516618.3263,-437530.1618,-454127.9401
1929000,2387.7667,14265.5996,62174.442,-516481.7914,-437653.98309999995,-454307.3494
1930000,2367.008,14286.6893,62168.0322,-516688.511,-437866.7815,-454520.4788
1931000,2337.6787,14143.4526,62279.3244,-516103.4494,-437342.9937,-453824.125
1932000,2372.1054,14257.3746,61403.0466,-515730.2338,-437697.7072,-454327.1872
1933000,2374.8908,14161.6856,61978.5221,-516564.4382,-438049.33969999995,-454585.9161
1934000,2392.4144,14250.2179,61537.0833,-515416.2978,-437236.5822,-453879.2145
1935000,2374.3008,14156.9189,62000.9099,-516043.7918,-437511.6622,-454042.88190000004
1936000,2375.1752,14231.6523,61927.6133,-515633.3535,-437098.91270000004,-453705.7402
1937000,2402.5091,14246.6238,62242.8368,-515897.5903,-437005.62059999997,-453654.7535
1938000,2370.5131,14236.276,61970.6004,-516073.054,-437495.6645,-454102.4536
1939000,2349.6931,14245.5647,61558.1892,-515105.3356,-436951.8886,-453547.14639999997
1940000,2362.6963,14301.5146,62179.9621,-516517.6121,-437673.4391,-454337.65
1941000,2359.4032,14244.7228,62107.4695,-516787.522,-438075.9265,-454680.0525
1942000,2387.3796,14336.6253,62000.4039,-516251.4233,-437527.01450000005,-454251.01940000005
1943000,2377.972,14295.023,61957.1305,-515326.1351,-436696.0096,-453369.0046
1944000,2372.0756,14243.06,61917.0319,-515802.0208,-437269.85329999996,-453884.9889
1945000,2387.1916,14368.9757,62448.6595,-516847.273,-437642.4462,-454398.6135
1946000,2390.2758,14263.8164,62470.4092,-517170.0945,-438045.5931,-454699.6853
1947000,2410.1571,14307.3538,61958.4099,-516542.549,-437866.62820000004,-454584.13910000003
1948000,2364.0731,14260.2466,61375.91,-515656.5283,-437656.2986,-454280.6183
1949000,2371.9705,14358.3999,62305.8485,-516545.8532,-437509.63430000003,-454240.0047
1950000,2366.1529,14290.0349,61925.5764,-516213.2835,-437631.51930000004,-454287.7071
1951000,2406.2518,14300.5754,62162.1551,-515970.2466,-437101.26430000004,-453808.0915
1952000,2354.4536,14131.2449,61770.7456,-515057.2062,-436800.76210000005,-453286.4606
1953000,2379.4215,14238.2008,61692.9996,-515898.8641,-437588.2422,-454205.8645
1954000,2391.3738,14296.9709,61912.8491,-516337.6555,-437736.4617,-454424.8064
1955000,2386.084,14261.8664,62737.3178,-517017.5743,-437632.3061,-454280.25649999996
1956000,2388.0286,14257.9096,62266.9974,-516767.2066,-437854.27099999995,-454500.2092
1957000,2370.9984,14277.5165,61859.3463,-516011.2736,-437503.41240000003,-454151.92730000004
1958000,2381.537,14146.7226,62073.3669,-516449.4007,-437847.7742,-454376.0338
1959000,2366.684,14227.3258,62406.2923,-516947.1011,-437946.799,-454540.8088
1960000,2378.1942,14215.1311,61708.0388,-515752.8136,-437451.4495,-454044.7748
1961000,2372.94,14257.6035,61741.8535,-515725.116,-437352.719,-453983.26249999995
1962000,2341.651,14188.9869,61771.9431,-515498.2795,-437195.6985,-453726.33640000003
1963000,2397.2831,14309.1153,62082.4282,-516205.6783,-437416.8517,-454123.2501
1964000,2424.542,14362.0859,61431.9176,-515349.8918,-437131.3463,-453917.9742
1965000,2375.6778,14312.3531,61464.1529,-516024.7779,-437872.5941,-454560.625
1966000,2375.0468,14270.7875,62031.315,-516224.7159,-437547.5666,-454193.4009
1967000,2387.7394,14219.4464,62006.2852,-516054.1355,-437440.66449999996,-454047.8503
1968000,2390.8344,14313.1761,61572.9319,-515057.2988,-436780.3564,-453484.36689999996
1969000,2366.72,14166.1171,61511.841,-515093.336,-437048.6579,-453581.495
1970000,2384.8577,14221.5633,62357.0805,-516709.675,-437746.1735,-454352.5945
1971000,2374.5169,14180.2504,61574.2311,-515440.7042,-437311.7058,-453866.4731
1972000,2352.0254,14174.9297,61936.3896,-515633.6321,-437170.2874,-453697.2425
1973000,2403.0618,14283.6793,61988.3475,-515863.2974,-437188.20879999996,-453874.9499
1974000,2375.7872,14223.1173,61887.3681,-516377.3957,-437891.12309999997,-454490.0276
1975000,2446.4326,14317.1237,61702.5284,-515148.4248,-436682.3401,-453445.89639999997
1976000,2367.5766,14277.8281,61980.7161,-516337.5032,-437711.3824,-454356.78709999996
1977000,2403.7593,14343.8791,61747.3789,-516190.6024,-437695.58509999997,-454443.22349999996
1978000,2368.006,14238.716,61458.95,-514787.5911,-436721.91910000006,-453328.6411
1979000,2397.0433,14304.887,61601.8143,-515737.4063,-437433.66169999994,-454135.59199999995
1980000,2378.9605,14200.7395,61880.4367,-515860.1618,-437400.02509999997,-453979.7251
1981000,2415.6405,14352.3056,61876.4986,-516362.2868,-437717.8421,-454485.7882
1982000,2384.5462,14272.0181,61818.0427,-516012.2013,-437537.5943,-454194.1586
1983000,2386.0579,14244.0652,61993.7829,-516061.0417,-437437.1357,-454067.2588
1984000,2375.6869,14211.487,61678.4898,-515734.6452,-437468.9815,-454056.15540000005
1985000,2395.5734,14372.2026,62053.2297,-516437.8479,-437616.84219999996,-454384.61819999997
1986000,2376.1109,14235.45,62141.0237,-517661.8504,-438909.2658,-455520.8267
1987000,2369.8443,14178.6314,62219.219,-516936.6155,-438168.9208,-454717.39650000003
1988000,2403.4713,14299.3673,62027.7584,-516981.9725,-438251.37549999997,-454954.2141
1989000,2382.2501,14401.7154,62076.1758,-516693.5744,-437833.4331,-454617.39859999996
1990000,2371.8798,14377.2921,61680.4438,-516752.9004,-438323.28469999996,-455072.4566
1991000,2377.6732,14325.2136,61852.3636,-516081.5956,-437526.3452,-454229.232
1992000,2400.8303,14321.7425,61743.8772,-515801.107,-437334.657,-454057.22980000003
1993000,2383.0498,14168.1859,62460.6271,-516639.7567,-437627.8939,-454179.12960000004
1994000,2382.6295,14195.5979,61946.511,-516165.9513,-437641.21290000004,-454219.4403
1995000,2381.5731,14335.3753,61868.3711,-515833.5679,-437248.24840000004,-453965.19680000003
1996000,2383.431,14285.2224,61632.1064,-515747.6425,-437446.8827,-454115.5361
1997000,2389.2646,14237.4549,62169.4602,-516227.4167,-437431.23699999996,-454057.9565
1998000,2404.9202,14358.0441,61702.959,-516066.308,-437600.38470000005,-454363.34900000005
1999000,2376.7854,14247.1851,62333.6245,-516798.7109,-437841.1159,-454465.08640000003
2000000,2389.6079,14360.6844,62148.9811,-516112.4854,-437213.212,-453963.50430000003
2001000,2379.4894,14282.3594,62159.1382,-516181.2182,-437360.23120000004,-454022.08
2002000,2404.224,14278.1568,61887.6416,-516159.4574,-437589.435,-454271.8158
2003000,2351.6841,14283.1252,62247.0211,-516312.2856,-437430.45519999997,-454065.2645
2004000,2362.3426,14224.0958,61938.5997,-516461.6861,-437936.648,-454523.0864
2005000,2378.0962,14214.1701,62686.4517,-517696.6027,-438417.8847,-455010.151
2006000,2374.8678,14263.7827,61451.1382,-515828.3918,-437738.60309999995,-454377.2536
2007000,2399.242,14325.9153,61500.3989,-515615.8765,-437390.3203,-454115.4776
2008000,2393.2224,14324.195,62576.0657,-516494.5984,-437201.1153,-453918.53270000004
2009000,2380.5645,14323.6648,61471.5502,-515398.1929,-437222.4134,-453926.6427
2010000,2375.7297,14340.2093,62205.6081,-516568.8318,-437647.28469999996,-454363.2237
2011000,2377.4863,14158.9374,61619.9296,-515954.0585,-437797.70519999997,-454334.1289
2012000,2397.1366,14270.5512,61587.4817,-515384.7712,-437129.6017,-453797.2895
2013000,2390.6795,14246.92,61842.5504,-515346.6729,-436866.523,-453504.1225
2014000,2346.8632,14243.0145,61908.9971,-516424.9391,-437926.0643,-454515.94200000004
2015000,2357.5285,14209.8552,62022.2734,-516036.6556,-437446.9985,-454014.3822
2016000,2391.8379,14296.9918,61545.9352,-515714.2764,-437479.51149999996,-454168.34119999997
2017000,2389.1087,14221.9667,62045.7911,-516512.274,-437855.4075,-454466.48289999994
2018000,2390.3364,14262.0734,62090.3927,-516183.4074,-437440.60490000003,-454093.01470000006
2019000,2405.2456,14259.9259,61782.1198,-515534.028,-437086.7367,-453751.9082
2020000,2375.5786,14224.1944,61613.3697,-515910.5385,-437697.39580000006,-454297.16880000004
2021000,2374.7653,14275.8067,62117.1303,-516461.4928,-437693.7905,-454344.3625
2022000,2399.9363,14352.554,62069.7527,-516297.3611,-437475.11809999996,-454227.60839999997
2023000,2393.5186,14265.7112,62147.6474,-516641.0372,-437834.16000000003,-454493.3898
2024000,2398.5496,14241.2852,61923.6552,-516264.0351,-437700.5451,-454340.3799
2025000,2365.1632,14269.4934,61981.0481,-516953.3224,-438337.6177,-454972.2743
2026000,2353.401,14178.7031,62107.94,-516214.5785,-437574.5344,-454106.6385
2027000,2401.5236,14208.3105,61716.2443,-515790.635,-437464.5566,-454074.3907
2028000,2386.5566,14199.6988,62403.857,-517006.4647,-438016.3523,-454602.6077
2029000,2369.5405,14223.3606,62106.763,-515884.3303,-437184.6662,-453777.5673
2030000,2387.7716,14284.4699,62215.0553,-516416.5859,-437529.2891,-454201.5306
2031000,2371.3988,14268.6504,62574.9718,-516620.0397,-437405.0187,-454045.0679
2032000,2375.41,14256.0255,61813.3036,-515690.1527,-437245.41359999997,-453876.8491
2033000,2384.0472,14191.4563,61563.423,-515000.9257,-436861.9992,-453437.5027
2034000,2383.2118,14386.2958,61968.174,-516573.7965,-437836.1149,-454605.6225
2035000,2390.7808,14283.7933,62165.1545,-517078.8869,-438239.1583,-454913.7324
2036000,2345.4632,14196.8002,62486.0858,-516837.8402,-437809.491,-454351.7544
2037000,2369.4486,14284.7755,61770.4001,-516025.6765,-437601.0523,-454255.2764
2038000,2340.7196,14355.6608,62035.3274,-515942.7091,-437211.0013,-453907.38169999997
2039000,2335.7224,14221.7945,61994.4596,-516764.5137,-438212.5372,-454770.0541
2040000,2394.4229,14278.5339,62080.5004,-516780.013,-438026.5558,-454699.51259999996
2041000,2362.7975,14263.0942,62188.0131,-516033.3642,-437219.45940000005,-453845.3511
2042000,2381.8825,14339.4785,62110.2481,-515621.7094,-436790.1003,-453511.46129999997
2043000,2367.4731,14297.7685,62172.1234,-515514.4307,-436677.06570000004,-453342.30730000004
2044000,2394.4114,14278.3209,61362.2002,-515219.6845,-437184.752,-453857.48429999995
2045000,2396.7173,14271.7224,62003.5213,-516287.0349,-437615.0739,-454283.5136
2046000,2390.5484,14234.4237,62002.0363,-515583.2694,-436956.261,-453581.2331
2047000,2381.7568,14182.8863,61542.6166,-516002.0291,-437894.7694,-454459.4125
2048000,2375.2231,14246.2561,62094.7339,-516319.6501,-437603.43700000003,-454224.91620000004
2049000,2391.9515,14331.4412,62045.9062,-516217.1496,-437447.8507,-454171.24340000004
2050000,2384.0174,14335.0766,61974.4183,-516276.2351,-437582.7228,-454301.8168
2051000,2368.5546,14164.4003,62532.3042,-516970.672,-437905.4129,-454438.3678
2052000,2380.0583,14297.0074,61827.8387,-515732.7983,-437227.8939,-453904.9596
2053000,2400.009,14384.5762,61902.0472,-516146.3139,-437459.6815,-454244.26670000004
2054000,2409.1937,14269.1147,62203.4304,-516014.0315,-437132.2927,-453810.60109999997
2055000,2382.157,14321.9085,62460.6755,-516887.4563,-437722.71530000004,-454426.7808
2056000,2390.3221,14182.1112,62209.6579,-516262.1015,-437480.01029999997,-454052.4436
2057000,2405.8131,14280.6467,62084.8078,-516417.4261,-437646.15849999996,-454332.6183
2058000,2367.5372,14162.2825,61838.3985,-515895.3828,-437527.1646,-454056.9843
2059000,2384.211,14252.5574,62320.4756,-516115.7068,-437158.4628,-453795.2312
2060000,2387.2128,14260.0881,61526.4949,-515615.3027,-437441.50690000004,-454088.8078
2061000,2380.9974,14302.416,61663.7947,-515632.3824,-437285.1743,-453968.58770000003
2062000,2357.8009,14283.4462,61391.7059,-515016.6668,-436983.7138,-453624.9609
2063000,2403.499,14204.9522,61372.6239,-515414.3385,-437433.2634,-454041.7146
2064000,2373.0565,14318.7119,62341.0267,-516385.6742,-437352.8791,-454044.6475
2065000,2368.6044,14166.6909,62271.6855,-516538.7469,-437731.7661,-454267.0614
2066000,2381.5379,14265.28,61911.5989,-516617.7,-438059.2832,-454706.1011
2067000,2376.0197,14273.9219,61914.2647,-515892.8603,-437328.654,-453978.5956
2068000,2403.2879,14372.9288,61692.6383,-516126.436,-437657.581,-454433.7977
2069000,2380.1186,14226.1352,62419.5761,-516066.2823,-437040.4524,-453646.7062
2070000,2382.5868,14210.5956,62177.3134,-516898.9974,-438128.50159999996,-454721.684
2071000,2402.2619,14369.1208,62240.5691,-516826.6025,-437814.6507,-454586.03339999996
2072000,2349.5546,14265.7179,62002.4524,-516027.885,-437410.1601,-454025.4326
2073000,2383.2278,14237.5971,61884.5388,-515804.2165,-437298.8528,-453919.6777
2074000,2358.5883,14226.997,62215.4089,-516217.5756,-437416.58139999997,-454002.1667
2075000,2380.676,14295.4829,62191.478,-516515.8124,-437648.1755,-454324.3344
2076000,2415.6916,14303.1528,61903.0892,-516783.3404,-438161.4068,-454880.2512
2077000,2397.0792,14221.1073,62125.0989,-516380.2477,-437636.9623,-454255.1488
2078000,2399.8836,14269.9835,62023.4507,-516538.6292,-437845.3114,-454515.17850000004
2079000,2362.8853,14311.1579,61824.9705,-516518.8448,-438019.8311,-454693.8743
2080000,2381.0665,14293.3843,62013.0583,-515934.5772,-437247.06810000003,-453921.5189
2081000,2375.3852,14280.5181,62137.1132,-516020.437,-437227.4205,-453883.32379999995
2082000,2418.214,14375.7619,61506.1391,-515516.848,-437216.733,-454010.70889999997
2083000,2413.4074,14224.6643,61664.1085,-515672.0978,-437369.9176,-454007.9893
2084000,2370.1652,14263.3899,62063.9795,-515697.5944,-437000.0598,-453633.6149
2085000,2368.1068,14267.0712,62384.5251,-515937.5432,-436917.84010000003,-453553.0181
2086000,2405.1505,14414.3147,62150.0209,-516659.4025,-437689.9164,-454509.3816
2087000,2348.9296,14242.3144,62323.4542,-515932.9648,-437018.26660000003,-453609.51060000004
2088000,2367.7004,14195.7724,62163.2322,-515944.1818,-437217.4768,-453780.94960000005
2089000,2372.1952,14300.9084,61768.4522,-515791.6079,-437350.0521,-454023.1557
2090000,2386.0817,14253.7632,61661.5547,-515763.4245,-437462.0249,-454101.86980000004
2091000,2368.0729,14256.901,61928.7917,-516101.6555,-437547.8899,-454172.8638
2092000,2379.1339,14232.0869,62141.8351,-516130.0049,-437376.949,-453988.16980000003
2093000,2385.7737,14247.8457,62085.7211,-516405.446,-437686.1055,-454319.7249
2094000,2404.0345,14330.8641,62229.7745,-516455.1094,-437490.4363,-454225.3349
2095000,2405.9365,14334.3846,62236.2179,-516298.5843,-437322.0453,-454062.3664
2096000,2348.8313,14297.8234,61996.1385,-516133.271,-437490.4778,-454137.1325
2097000,2405.1086,14374.4537,61495.9374,-515357.2288,-437081.7291,-453861.2914
2098000,2403.4235,14290.2151,62421.4457,-516557.0706,-437441.9863,-454135.6249
2099000,2378.883,14380.0517,61962.7878,-516157.713,-437435.99049999996,-454194.9252
2100000,2382.2448,14343.5831,61941.7479,-516401.5173,-437733.9415,-454459.7694
2101000,2400.7544,14392.6069,62329.104,-516487.5069,-437365.0416,-454158.4029
2102000,2366.4992,14296.5308,62488.6227,-517035.2114,-437883.55869999994,-454546.58869999996
2103000,2365.6894,14291.9789,62428.2267,-516796.2814,-437710.38639999996,-454368.0547
2104000,2352.8523,14241.112,61966.8098,-516050.8862,-437490.1121,-454084.0764
2105000,2386.5749,14283.3469,61598.0317,-515738.8546,-437470.9011,-454140.8229
2106000,2390.0023,14275.6681,61747.7797,-515843.8382,-437430.3881,-454096.0585
2107000,2385.9052,14393.6754,61815.3243,-516361.2787,-437766.37380000006,-454545.95440000005
2108000,2369.7582,14314.3255,61912.0494,-516116.4303,-437520.29720000003,-454204.3809
2109000,2372.6719,14317.3533,62187.3149,-516748.6665,-437871.3264,-454561.3516
2110000,2387.376,14328.5521,62070.7399,-516315.5646,-437528.8966,-454244.8247
2111000,2413.1151,14348.703,61773.8699,-515687.3093,-437151.6213,-453913.43940000003
2112000,2380.0212,14252.5014,61805.8304,-516047.757,-437609.404,-454241.9266
2113000,2376.6173,14358.2958,62114.5542,-516363.435,-437513.96770000004,-454248.8808
2114000,2390.1756,14346.785,62374.1658,-516940.0283,-437828.9019,-454565.8625
2115000,2337.38,14251.611,62722.1843,-516931.6671,-437620.4918,-454209.4828
2116000,2403.9488,14334.3362,61761.3489,-515595.9062,-437096.2723,-453834.55730000004
2117000,2403.4366,14259.1585,62389.5707,-515653.5786,-436601.41280000005,-453264.0079
2118000,2360.5125,14241.1046,61692.931,-515531.2526,-437236.7045,-453838.3216
2119000,2410.7482,14274.5925,62097.2884,-516251.6777,-437469.0486,-454154.3893
2120000,2368.2644,14326.1158,61909.5347,-515785.6873,-437181.7724,-453876.1526
2121000,2359.6851,14283.9843,62302.8373,-516149.2491,-437202.7424,-453846.4118
2122000,2354.4212,14344.0261,61106.5596,-515057.3582,-437252.3513,-453950.79860000004
2123000,2391.7191,14328.8,62107.4762,-515936.9881,-437108.9928,-453829.51190000004
2124000,2382.8442,14274.9888,61902.3016,-516225.0525,-437664.9179,-454322.7509
2125000,2384.5904,14217.211,62161.2522,-516514.9752,-437751.9216,-454353.723
2126000,2359.1352,14229.7907,61996.219,-516154.9691,-437569.8242,-454158.7501
2127000,2363.135,14309.1006,61382.3247,-515519.4557,-437464.8954,-454137.131
2128000,2368.7543,14230.1677,61685.851,-514781.6399,-436496.8669,-453095.7889
2129000,2364.6696,14363.3121,62192.2309,-515909.5652,-436989.3526,-453717.3343
2130000,2421.3348,14340.1254,61775.537,-515752.1254,-437215.12820000004,-453976.5884
2131000,2343.7976,14201.335,61982.2673,-516169.6635,-437642.26360000006,-454187.3962
2132000,2378.085,14234.5951,61492.1982,-515101.0757,-436996.1974,-453608.8775
2133000,2412.0778,14313.0842,62154.5435,-516361.6715,-437481.966,-454207.128
2134000,2404.237,14292.6835,62136.7,-516611.501,-437777.88049999997,-454474.801
2135000,2351.3345,14297.1998,62369.1899,-516469.3807,-437451.6565,-454100.1908
2136000,2400.1646,14260.1658,61859.1052,-515618.4315,-437098.9959,-453759.3263
2137000,2351.6138,14265.0673,62104.0139,-516334.2604,-437613.5654,-454230.2465
2138000,2381.9284,14351.1734,62141.8897,-516114.0796,-437239.0881,-453972.1899
2139000,2332.0783,14316.5485,61785.534,-515827.7179,-437393.5571,-454042.1839
2140000,2391.4039,14309.025,62521.5427,-516862.7289,-437640.7573,-454341.1862
2141000,2398.0153,14321.0297,61961.473,-516799.1005,-438118.5825,-454837.6275
2142000,2365.2266,14182.4874,62100.0968,-515757.3796,-437109.5688,-453657.2828
2143000,2381.0024,14242.916,62176.2115,-516632.7901,-437832.6602,-454456.5786
2144000,2393.2924,14317.7323,62767.0923,-516971.6968,-437493.57979999995,-454204.60449999996
2145000,2407.7507,14385.445,62017.6392,-515818.3648,-437007.52989999996,-453800.7256
2146000,2398.8424,14293.3717,62342.3245,-516290.7017,-437256.1631,-453948.3772
2147000,2368.8905,14212.6683,62572.1218,-516511.134,-437357.4534,-453939.0122
2148000,2395.4072,14211.8519,62059.2641,-515826.9309,-437160.4077,-453767.6668
2149000,2384.1005,14227.1622,61440.9181,-515367.6176,-437315.4368,-453926.6995
2150000,2351.3056,14042.2942,62121.1287,-516157.2615,-437642.53300000005,-454036.1328
2151000,2329.4821,14153.2363,61510.2161,-515152.9195,-437159.985,-453642.7034
2152000,2353.7544,14159.1294,62047.1177,-516339.1383,-437779.1368,-454292.0206
2153000,2362.2554,14206.1422,62360.1539,-516266.2076,-437337.6561,-453906.05370000005
2154000,2371.936,14159.2546,61786.8629,-515686.1302,-437368.0767,-453899.2673
2155000,2349.2909,14224.5827,62107.2329,-516341.6149,-437660.5084,-454234.382
2156000,2383.1161,14195.9322,62145.3464,-516639.8451,-437915.4504,-454494.4987
2157000,2373.1232,14233.5682,62054.8837,-516847.7135,-438186.1384,-454792.8298
2158000,2359.99,14198.9384,61863.6996,-515500.8233,-437078.1953,-453637.1237
2159000,2372.3684,14378.4799,62320.9057,-516655.7556,-437584.00159999996,-454334.8499
2160000,2368.5567,14225.2771,62164.0722,-515937.2919,-437179.3859,-453773.2197
2161000,2380.1464,14128.9899,61763.953,-515372.7571,-437099.6678,-453608.8041
2162000,2386.189,14331.4519,62034.4473,-516327.2982,-437575.21,-454292.8509
2163000,2417.1972,14270.2286,61783.5187,-515809.8769,-437338.9324,-454026.35819999996
2164000,2351.6047,14205.0761,62120.03,-516427.8384,-437751.1276,-454307.8084
2165000,2353.2472,14244.5936,62115.5928,-516332.2269,-437618.7933,-454216.6341
2166000,2388.7137,14257.001,62489.485,-516552.7287,-437417.529,-454063.2437
2167000,2359.0712,14275.2403,61800.9493,-515909.9692,-437474.7084,-454109.0199
2168000,2365.5638,14237.8384,61962.8576,-516666.2289,-438099.9691,-454703.3713
2169000,2379.7021,14191.8777,62166.0226,-516315.4816,-437577.87919999997,-454149.45900000003
2170000,2382.1714,14216.3205,61929.8804,-516533.9074,-438005.53510000004,-454604.027
2171000,2393.3465,14244.8612,61909.3185,-516058.5527,-437511.02650000004,-454149.2342
2172000,2364.3764,14354.3518,61804.0998,-515964.8876,-437442.05960000004,-454160.7878
2173000,2398.5489,14230.9336,61471.6866,-515660.9093,-437559.7402,-454189.2227
2174000,2393.8063,14248.7674,62108.4344,-515794.4836,-437043.47549999994,-453686.0492
2175000,2396.9823,14150.1938,61964.1465,-515367.8713,-436856.5487,-453403.72479999997
2176000,2397.3559,14365.3669,61613.0704,-515383.8809,-437008.0877,-453770.8105
2177000,2375.496,14273.4143,61796.7825,-515423.5327,-436977.83989999996,-453626.7502
2178000,2383.525,14179.9351,62318.9398,-515864.0582,-436981.6583,-453545.11840000004
2179000,2394.3464,14273.5786,62791.484,-517186.6744,-437727.26540000003,-454395.1904
2180000,2348.9598,14224.2406,62034.5071,-516667.8982,-438060.1907,-454633.3911
2181000,2349.1964,14229.6859,62383.2747,-516963.7541,-438001.5971,-454580.4794
2182000,2366.2537,14243.8616,61768.6974,-515870.9455,-437492.13279999996,-454102.24809999997
2183000,2376.4168,14299.8387,61651.1264,-515369.9869,-437042.605,-453718.8605
2184000,2375.8016,14186.8312,61951.9548,-515296.2525,-436781.6649,-453344.2977
2185000,2378.5399,14271.5727,62411.9908,-516266.8705,-437204.76710000006,-453854.87970000005
2186000,2365.775,14158.2181,61937.3523,-516462.656,-438001.3106,-454525.30370000005
2187000,2422.592,14283.1958,61745.393,-515148.6551,-436697.4743,-453403.2621
2188000,2334.4616,14194.6076,61668.398,-515896.5509,-437699.08369999996,-454228.1529
2189000,2377.0771,14201.9974,62163.8875,-516010.5478,-437267.5858,-453846.6603
2190000,2380.9441,14363.3341,62415.893,-516768.7382,-437608.56700000004,-454352.84520000004
2191000,2384.251,14298.9119,62108.9407,-516243.5744,-437451.4708,-454134.6337
2192000,2362.1251,14265.972,62180.1753,-516426.8986,-437618.6262,-454246.7233
2193000,2368.5274,14345.9237,62005.1602,-516234.4306,-437514.81930000003,-454229.27040000004
2194000,2372.5145,14303.7537,62410.3232,-516698.5756,-437611.98419999995,-454288.2524
2195000,2381.0196,14295.2323,61696.4041,-516240.6384,-437867.9824,-454544.2343
2196000,2358.1495,14253.5177,61949.1655,-515892.4916,-437331.65890000004,-453943.3261
2197000,2404.3585,14278.9651,62047.774,-516141.3665,-437410.2689,-454093.5925
2198000,2417.4514,14322.4589,62424.7335,-516436.9094,-437272.2656,-454012.17590000003
2199000,2386.8555,14237.9781,61773.8433,-516050.4614,-437651.78449999995,-454276.61809999996
2200000,2360.0337,14286.9385,61740.9437,-515572.8819,-437184.96599999996,-453831.9382
2201000,2390.1746,14263.5203,61585.377,-515237.0754,-436998.0035,-453651.6984
2202000,2401.4438,14354.421,61510.6634,-516365.2779,-438098.7497,-454854.61449999997
2203000,2340.6237,14228.4005,61753.6569,-515579.1509,-437256.4698,-453825.494
2204000,2388.0882,14192.4364,62344.7642,-516394.451,-437469.1622,-454049.6868
2205000,2416.2305,14247.9393,61890.7367,-516320.9855,-437766.079,-454430.2488
2206000,2385.9822,14378.1487,62157.0188,-516506.2363,-437585.0866,-454349.21749999997
2207000,2388.7687,14247.2885,62264.9962,-517023.0057,-438121.9523,-454758.0095
2208000,2397.4571,14286.9197,62346.5709,-516640.515,-437609.5673,-454293.9441
2209000,2386.0834,14281.3999,62032.4501,-515914.2084,-437214.275,-453881.7583
2210000,2398.8558,14232.694,61550.5219,-515744.5415,-437562.46979999996,-454194.0196
2211000,2397.6789,14249.0941,62095.8826,-516630.0313,-437887.3757,-454534.14869999996
2212000,2402.4383,14357.8948,62058.3816,-516893.3372,-438074.6225,-454834.9556
2213000,2348.527,14158.4057,62059.0784,-516540.7691,-437974.758,-454481.6907
2214000,2344.0538,14264.6396,62296.2714,-516490.4466,-437585.4818,-454194.17520000006
2215000,2378.1101,14333.1183,62610.9307,-517116.0265,-437793.8674,-454505.0958
2216000,2404.8913,14331.4513,61866.9456,-516091.0952,-437487.807,-454224.1496
2217000,2379.9224,14216.9151,61905.8212,-516292.799,-437790.14029999997,-454386.9778
2218000,2390.5392,14307.6476,62223.406,-516476.9102,-437555.3174,-454253.50419999997
2219000,2408.1868,14383.7527,62155.2534,-516380.6998,-437433.50690000004,-454225.4464
2220000,2383.0768,14321.2688,62096.6415,-515880.6759,-437079.6888,-453784.0344
2221000,2394.4612,14296.8218,62342.4898,-516933.8754,-437900.1026,-454591.38560000004
2222000,2393.882,14262.911,61839.0853,-516584.714,-438088.8357,-454745.6287
2223000,2334.3315,14198.4874,62096.1702,-517041.3065,-438412.3174,-454945.1363
2224000,2355.0115,14347.9934,61999.7777,-516437.3556,-437734.573,-454437.57790000003
2225000,2379.6017,14213.7297,62120.8957,-516568.7172,-437854.4901,-454447.8215
2226000,2349.7168,14206.8724,61938.8334,-516508.6507,-438013.2281,-454569.8173
2227000,2399.0104,14195.9877,62189.5932,-516223.0885,-437438.4972,-454033.4953
2228000,2395.2189,14184.7509,62366.9492,-516999.8112,-438052.8922,-454632.86199999996
2229000,2358.6448,14182.51,62041.4984,-516067.7334,-437485.0802,-454026.23500000004
2230000,2401.6912,14300.942,61408.957,-515347.9192,-437236.329,-453938.9622
2231000,2361.7535,14284.8303,61977.913,-515713.8815,-437089.38470000005,-453735.9685
2232000,2370.277,14225.4428,62038.7496,-515362.3864,-436727.917,-453323.63680000004
2233000,2366.738,14328.8055,62355.4182,-516087.0329,-437036.0712,-453731.6147
2234000,2372.0958,14235.4631,62056.4485,-515762.1077,-437098.1003,-453705.6592
2235000,2374.0691,14306.5357,61714.0823,-515382.4201,-436987.733,-453668.3378
2236000,2395.989,14367.5531,61761.5927,-515495.9989,-436970.8641,-453734.4062
2237000,2380.9368,14241.8747,62312.0829,-516611.9171,-437677.02270000003,-454299.83420000004
2238000,2380.6135,14243.6888,62239.9301,-516119.4006,-437255.1682,-453879.4705
2239000,2382.5039,14281.1904,62064.0073,-515632.7915,-436905.0899,-453568.7842
2240000,2404.7699,14288.3275,62023.97,-516452.2109,-437735.1435,-454428.2409
2241000,2359.5222,14264.8227,62085.3968,-516219.6715,-437509.9298,-454134.2747
2242000,2379.2082,14257.4037,61906.626,-516313.2247,-437769.9868,-454406.59870000003
2243000,2378.8565,14261.244,61826.8744,-516204.6184,-437737.6435,-454377.74399999995
2244000,2366.2497,14243.481,62440.6838,-516664.9742,-437614.5597,-454224.2904
2245000,2371.1114,14306.1323,62363.4522,-516737.5127,-437696.81680000003,-454374.0605
2246000,2349.7141,14305.193,62503.7858,-516935.9799,-437777.287,-454432.19409999996
2247000,2395.4012,14315.8957,61915.3417,-516566.9942,-437940.3556,-454651.6525
2248000,2408.0511,14209.3664,62184.2176,-516662.9728,-437861.3377,-454478.7552
2249000,2411.7654,14235.3892,61791.6595,-515487.388,-437048.57389999996,-453695.72849999997
2250000,2408.6842,14244.2129,61923.1818,-516470.959,-437894.88009999995,-454547.77719999995
2251000,2370.561,14272.4255,61926.1069,-516214.0496,-437644.9562,-454287.9427
2252000,2386.0014,14362.6301,61750.5532,-516008.6803,-437509.4956,-454258.1271
2253000,2381.4076,14276.443,61495.9481,-515686.1085,-437532.3098,-454190.1604
2254000,2367.2844,14329.3554,61458.4503,-515675.4052,-437520.3151,-454216.9549
2255000,2376.08,14241.2804,61869.6584,-516027.1545,-437540.1357,-454157.4961
2256000,2369.4737,14267.2707,61869.0034,-516177.1057,-437671.3579,-454308.1023
2257000,2418.1208,14294.0065,62297.6531,-516974.5502,-437964.7698,-454676.8971
2258000,2381.0105,14338.1505,61857.7659,-516371.514,-437794.5871,-454513.7481
2259000,2357.1867,14236.8008,61525.4119,-515306.0346,-437186.6352,-453780.6227
2260000,2348.9781,14196.2379,61743.3028,-515968.4306,-437679.9118,-454225.1278
2261000,2376.3757,14286.8311,62042.643,-516027.6191,-437321.76930000004,-453984.9761
2262000,2377.2111,14288.2345,61689.7084,-515819.6759,-437464.52189999993,-454129.96749999997
2263000,2384.9623,14306.9796,61904.5045,-515923.404,-437326.95759999997,-454018.8995
2264000,2354.5071,14234.5294,61749.3326,-515526.9577,-437188.5886,-453777.6251
2265000,2397.8513,14226.0419,61802.3765,-515893.3658,-437467.0961,-454090.9893
2266000,2375.2503,14264.2163,61782.6684,-515404.2627,-436982.1277,-453621.5943
2267000,2410.5752,14252.1918,61667.3075,-516027.485,-437697.4105,-454360.1775
2268000,2373.0118,14135.3509,62221.3718,-516317.1766,-437587.4421,-454095.8048
2269000,2356.2021,14275.3311,61793.9211,-515477.3924,-437051.9381,-453683.47130000003
2270000,2403.3837,14286.3614,61861.044,-516043.4559,-437492.6668,-454182.4119
2271000,2385.6022,14341.3107,61936.108,-515891.5844,-437228.5635,-453955.4764
2272000,2391.6631,14253.8684,61763.0216,-515927.4899,-437518.93679999997,-454164.4683
2273000,2421.2264,14283.6459,61598.6213,-515818.7489,-437515.2553,-454220.1276
2274000,2401.028,14262.5519,61592.7883,-515755.0266,-437498.65839999996,-454162.23829999997
2275000,2364.4172,14311.6137,61820.4173,-515652.239,-437155.7908,-453831.8217
2276000,2422.1734,14309.6457,62174.0043,-516810.7142,-437904.8908,-454636.7099
2277000,2342.812,14188.6452,62584.8051,-516963.2892,-437847.0269,-454378.4841
2278000,2387.8307,14283.9381,62093.9145,-516336.1236,-437570.4403,-454242.2091
2279000,2358.9155,14265.1828,62005.4366,-515842.7816,-437213.2467,-453837.345
2280000,2394.9639,14270.2824,62224.0926,-515932.678,-437043.3391,-453708.5854
2281000,2352.4099,14218.1528,62290.7736,-516805.9678,-437944.6315,-454515.19419999997
2282000,2381.467,14304.4249,62176.6028,-516554.0498,-437691.5551,-454377.447
2283000,2398.9859,14251.2955,62065.7405,-516432.9843,-437716.9624,-454367.2438
2284000,2385.3359,14244.7142,61973.4432,-516841.3525,-438237.85919999995,-454867.9093
2285000,2374.3703,14341.9548,61907.7232,-516193.6777,-437569.6294,-454285.9545
2286000,2374.1668,14341.5393,61883.1595,-516230.2395,-437631.3739,-454347.08
2287000,2402.0776,14329.3137,62356.4863,-516954.4731,-437866.5955,-454597.9868
2288000,2374.0668,14309.9752,61680.4171,-515680.2556,-437315.79649999994,-453999.83849999995
2289000,2410.3842,14386.3377,62379.8699,-516456.7953,-437280.2035,-454076.9254
2290000,2377.8433,14250.0368,61789.194,-515774.6921,-437357.618,-453985.49809999997
2291000,2353.6283,14221.4136,62283.9416,-516324.2836,-437465.3001,-454040.342
2292000,2399.0676,14378.5092,61650.8215,-516110.2288,-437681.8305,-454459.40729999996
2293000,2384.5548,14174.2766,62300.6665,-516146.425,-437286.9271,-453845.7585
2294000,2379.6372,14313.1938,62186.7502,-516721.8843,-437842.30309999996,-454535.13409999997
2295000,2392.8927,14309.9672,61822.3707,-516206.5268,-437681.2962,-454384.1561
2296000,2370.262,14374.2565,61620.0559,-515961.3056,-437596.73120000004,-454341.24970000004
2297000,2391.3378,14339.399,62159.9239,-516314.4012,-437423.7405,-454154.4773
2298000,2406.3328,14321.6325,62072.5083,-516263.8079,-437463.3343,-454191.2996
2299000,2386.7676,14207.8724,61763.0748,-515705.2626,-437347.5478,-453942.1878
2300000,2369.2761,14259.1434,62401.3453,-516935.6138,-437905.849,-454534.2685
2301000,2367.2353,14265.6938,62087.8256,-516255.5136,-437534.7589,-454167.688
2302000,2399.965,14346.2657,61710.1395,-515751.5145,-437295.1443,-454041.375
2303000,2357.8584,14269.4785,61636.0278,-515495.2348,-437231.87009999994,-453859.207
2304000,2410.6538,14246.8837,61819.0982,-515518.1229,-437041.48720000003,-453699.0247
2305000,2405.5213,14395.1824,61630.4631,-515548.9077,-437117.7409,-453918.4446
2306000,2373.3603,14299.0886,61790.7124,-516111.9417,-437648.78040000005,-454321.2293
2307000,2412.5224,14237.8092,62364.548,-516630.1178,-437615.2382,-454265.5698
2308000,2355.8879,14160.3958,62373.0851,-516634.7712,-437745.4024,-454261.68610000005
2309000,2380.7322,14200.9354,62323.2467,-516914.1143,-438009.2,-454590.8676
2310000,2407.7908,14250.3844,62336.5192,-516493.1033,-437498.40890000004,-454156.58410000004
2311000,2386.0142,14257.4132,61604.1743,-515712.0029,-437464.4012,-454107.8286
2312000,2408.9971,14280.4151,62034.7334,-516611.4742,-437887.3286,-454576.7408
2313000,2377.3351,14289.0347,61419.721,-515213.2905,-437127.1997,-453793.5695
2314000,2409.1814,14433.7023,61988.5577,-515459.4073,-436627.9659,-453470.8496
2315000,2379.6189,14404.6837,61909.916,-515569.8059,-436875.5873,-453659.88989999995
2316000,2370.0107,14336.0136,62071.4241,-516744.2666,-437966.8182,-454672.84249999997
2317000,2376.2643,14295.0737,62089.5788,-516502.8995,-437741.9827,-454413.3207
2318000,2372.6068,14351.1429,62349.9819,-516862.4638,-437788.7322,-454512.4819
2319000,2388.9489,14192.6026,61772.0714,-515583.9404,-437230.3175,-453811.869
2320000,2407.0497,14286.5057,62266.7308,-516240.1583,-437279.87210000004,-453973.4275
2321000,2381.4771,14340.1894,61400.8036,-515756.0945,-437633.6244,-454355.2909
2322000,2375.8984,14316.5794,62181.6283,-516520.7372,-437646.6311,-454339.1089
2323000,2389.4237,14274.4961,62342.1375,-516535.3425,-437529.28520000004,-454193.205
2324000,2368.2285,14421.2695,62622.9538,-517100.6033,-437688.15150000004,-454477.6495
2325000,2390.0087,14326.3441,61800.3114,-516150.2627,-437633.5985,-454349.9513
2326000,2378.3308,14252.669,62272.7067,-516977.5365,-438073.82999999996,-454704.8298
2327000,2386.4959,14309.9294,62504.0915,-516719.1696,-437518.65280000004,-454215.07810000004
2328000,2375.4751,14223.7134,61402.9171,-514922.1275,-436920.0219,-453519.2104
2329000,2400.0583,14315.1722,61781.5111,-516254.2318,-437757.4902,-454472.7207
2330000,2361.9286,14294.6969,62145.0686,-516463.6232,-437661.92909999995,-454318.5546
2331000,2367.1785,14231.8054,62253.546,-516593.3916,-437740.8617,-454339.8456
2332000,2392.3815,14350.2389,61591.2731,-515605.8411,-437271.9476,-454014.568
2333000,2394.2926,14317.236,61799.0155,-515689.2382,-437178.6941,-453890.22270000004
2334000,2424.2403,14275.9083,62125.4063,-517096.7093,-438271.1544,-454971.30299999996
2335000,2339.0005,14249.442,62204.7143,-516876.3393,-438083.1825,-454671.625
2336000,2370.8302,14391.8033,62289.0997,-516891.7348,-437840.00159999996,-454602.63509999996
2337000,2346.6724,14276.1498,62325.5148,-517131.3873,-438183.0503,-454805.8725
2338000,2378.4767,14211.3372,61617.7207,-515602.5636,-437395.029,-453984.8429
2339000,2363.5152,14286.1254,61914.5709,-515830.1336,-437265.92209999997,-453915.5627
2340000,2373.7997,14347.3505,61909.5402,-516694.1788,-438063.4884,-454784.6386
2341000,2400.6397,14338.4978,61952.3286,-516630.8813,-437939.4152,-454678.5527
2342000,2409.602,14412.1529,61561.6327,-515851.3982,-437468.0106,-454289.7655
2343000,2378.6015,14266.8921,61578.5952,-515115.7355,-436891.64670000004,-453537.1403
2344000,2369.6333,14297.3032,61818.5568,-515242.6581,-436757.1648,-453424.1013
2345000,2365.7392,14281.4593,62054.3512,-516097.2588,-437395.7091,-454042.90760000004
2346000,2387.6476,14230.7665,61932.4915,-515538.7938,-436987.8882,-453606.3023
2347000,2409.2757,14254.5815,62136.1564,-516471.1916,-437671.178,-454335.03520000004
2348000,2379.4868,14329.5854,61302.6711,-515412.6754,-437400.9321,-454110.00430000003
2349000,2379.0591,14298.3455,61549.5135,-515610.8816,-437383.9635,-454061.3681
2350000,2391.1503,14201.0956,61487.359,-515884.9158,-437805.31090000004,-454397.5568
2351000,2385.9522,14234.1736,61360.7519,-515061.0271,-437080.1494,-453700.27520000003
2352000,2369.6815,14396.5156,62326.7759,-516919.8294,-437826.8564,-454593.0535
2353000,2424.4729,14268.0205,62176.2147,-516153.3429,-437284.6348,-453977.1282
2354000,2384.0853,14308.99,62153.3596,-516424.9331,-437578.49820000003,-454271.5735
2355000,2384.3889,14319.3488,62243.0872,-516659.1718,-437712.3469,-454416.0846
2356000,2375.5927,14364.5267,62049.7107,-516211.1403,-437421.3102,-454161.42960000003
2357000,2365.3716,14301.6729,62013.7764,-516777.0136,-438096.1927,-454763.2372
2358000,2398.4294,14375.1144,62261.9339,-516696.9196,-437661.44190000003,-454434.9857
2359000,2384.9679,14286.2281,61868.8355,-516405.0718,-437865.0403,-454536.2363
2360000,2388.1716,14324.1764,62173.0524,-516641.7757,-437756.3753,-454468.7233
2361000,2392.9153,14246.2141,62091.3931,-515868.9378,-437138.4153,-453777.5447
2362000,2361.8586,14316.3575,61613.9979,-515574.0678,-437281.85380000004,-453960.0699
2363000,2365.785,14261.5833,62103.901,-516145.0755,-437413.8062,-454041.17449999996
2364000,2391.8045,14289.2284,61821.8881,-516423.3086,-437920.3876,-454601.4205
2365000,2365.3001,14333.8194,61929.4176,-515965.1102,-437336.5731,-454035.6926
2366000,2362.7367,14275.2115,62056.6568,-516505.5378,-437810.9328,-454448.881
2367000,2396.5462,14266.8636,62230.4952,-516227.9996,-437334.09459999995,-453997.5044
2368000,2363.6732,14226.5949,61865.5438,-515750.8019,-437294.99,-453885.25810000004
2369000,2383.8764,14370.112,62253.2254,-516101.128,-437093.9142,-453847.90260000003
2370000,2350.5571,14269.3655,61898.3082,-515887.7577,-437369.52690000006,-453989.4495
2371000,2386.8247,14250.9307,61781.1519,-515975.8834,-437556.97609999997,-454194.7315
2372000,2369.8849,14289.004,62190.7896,-515923.35,-437073.6715,-453732.56039999996
2373000,2377.3631,14314.8581,62732.2727,-517362.1781,-437937.6842,-454629.90540000005
2374000,2387.4725,14384.7242,61832.1497,-516032.5942,-437428.2478,-454200.4445
2375000,2386.7513,14254.1366,61916.2749,-515860.7918,-437303.629,-453944.5169
2376000,2379.1248,14298.2021,61216.5482,-515088.7385,-437194.8634,-453872.19029999996
2377000,2372.2875,14374.7081,62159.8343,-516639.0884,-437732.2585,-454479.2541
2378000,2390.6961,14297.2805,61892.4916,-515864.0207,-437283.5525,-453971.5291
2379000,2359.2705,14285.3703,62217.6043,-517073.8137,-438211.5686,-454856.2094
2380000,2399.8588,14139.5354,62008.7311,-516675.0766,-438126.95129999996,-454666.3455
2381000,2382.5768,14309.6533,62619.4526,-517137.7209,-437826.0382,-454518.2683
2382000,2385.4921,14400.9254,62429.9701,-516409.4423,-437193.0547,-453979.4722
2383000,2397.439,14350.1137,61224.5056,-515316.7709,-437344.71259999997,-454092.2653
2384000,2391.8897,14307.461,61363.3298,-515152.2707,-437089.5902,-453788.9409
2385000,2369.0212,14253.5321,61999.5297,-515776.3398,-437154.25680000003,-453776.8101
2386000,2359.5125,14243.3649,62306.6301,-516742.6186,-437833.1111,-454435.9885
2387000,2406.8789,14263.1921,61646.1316,-515817.1823,-437500.97969999997,-454171.05069999996
2388000,2376.1749,14261.6289,61613.6894,-515680.4798,-437428.98659999995,-454066.79039999994
2389000,2363.3218,14259.5728,61993.1401,-515962.2931,-437346.25840000005,-453969.153
2390000,2363.6107,14259.3417,62311.6329,-517178.5525,-438243.96719999996,-454866.9196
2391000,2364.682,14213.0402,61837.2204,-516038.9275,-437623.9849,-454201.7071
2392000,2349.9439,14316.273,61791.3923,-515419.1862,-436961.577,-453627.7939
2393000,2380.8034,14223.4499,62239.8751,-516754.7692,-437910.6408,-454514.8941
2394000,2412.4909,14330.993,61650.498,-516041.0487,-437647.0668,-454390.55069999996
2395000,2369.0384,14240.6631,62005.719,-516058.8879,-437443.46739999996,-454053.1689
2396000,2364.9205,14200.4929,61496.4673,-515182.9189,-437121.0382,-453686.4516
2397000,2385.1375,14336.3723,62256.1816,-517063.324,-438085.6326,-454807.1424
2398000,2381.0861,14272.8468,62015.631,-516503.7881,-437834.2242,-454488.1571
2399000,2415.1023,14238.6602,62420.8424,-517300.9946,-438226.38969999994,-454880.15219999995
2400000,2337.9725,14326.4578,62603.6837,-517152.9512,-437884.8372,-454549.2675
2401000,2388.6563,14307.4283,61985.8926,-516527.531,-437845.5538,-454541.6384
2402000,2370.97,14292.3573,61912.9278,-516182.7391,-437606.484,-454269.8113
2403000,2341.1197,14348.8687,61523.5062,-515860.9782,-437647.48360000004,-454337.472
2404000,2372.6559,14202.5047,62188.2882,-516462.2554,-437698.8066,-454273.9672
2405000,2398.3343,14185.0405,61300.2935,-515073.0642,-437189.3959,-453772.7707
2406000,2386.3368,14318.5673,62058.227,-516937.3144,-438174.1833,-454879.08739999996
2407000,2378.8005,14266.7322,62245.4339,-516114.3035,-437223.3369,-453868.8696
2408000,2416.606,14235.2399,62261.4369,-516024.4275,-437111.1447,-453762.9906
2409000,2383.4801,14326.2509,61848.2098,-516046.4936,-437488.5528,-454198.2838
2410000,2390.3104,14255.568,62042.9153,-515522.0504,-436833.2567,-453479.1351
2411000,2385.8329,14205.3646,62200.7489,-516226.2477,-437434.3013,-454025.4988
2412000,2404.4543,14268.3452,62362.1619,-516219.1689,-437184.2075,-453857.007
2413000,2395.8239,14233.5829,61755.8424,-515701.259,-437316.0098,-453945.4166
2414000,2365.255,14099.2086,61981.678,-515822.5269,-437376.38529999997,-453840.8489
2415000,2365.4902,14279.7063,61850.4237,-515833.6858,-437338.0656,-453983.2621
2416000,2380.2069,14178.2566,61354.2046,-515159.6136,-437246.9455,-453805.409
2417000,2385.001,14236.7306,61975.8072,-516247.89,-437650.35120000003,-454272.08280000003
2418000,2379.9184,14280.4589,62268.8437,-516290.6163,-437361.3953,-454021.7726
2419000,2346.5871,14209.4395,62127.4826,-516278.5225,-437595.0133,-454151.03990000003
2420000,2386.0822,14323.3011,62065.7536,-516552.4389,-437777.302,-454486.6853
2421000,2351.6028,14157.1648,61510.2395,-515595.8528,-437576.8457,-454085.61329999997
2422000,2372.9079,14272.7563,61689.0342,-515736.326,-437401.6276,-454047.2918
2423000,2377.4901,14206.1274,62343.8183,-516666.8727,-437739.4369,-454323.0544
2424000,2429.6802,14262.6861,61831.8765,-515912.0677,-437387.8249,-454080.1912
2425000,2378.4524,14270.3794,61463.1243,-514834.6575,-436722.70139999996,-453371.53319999995
2426000,2381.1267,14332.3371,61911.2699,-515787.3697,-437162.636,-453876.09979999997
2427000,2377.9952,14362.8977,61527.0171,-514841.231,-436573.321,-453314.21390000003
2428000,2335.2033,14146.502,61658.6213,-516088.1668,-437947.8402,-454429.5455
2429000,2339.6681,14243.6303,62149.0504,-516068.6358,-437336.287,-453919.5854
2430000,2357.8699,14163.313,61876.5497,-516037.8909,-437640.1583,-454161.3412
2431000,2360.6326,14201.6025,61829.7006,-515712.5498,-437320.6141,-453882.8492
2432000,2397.2102,14276.0669,62241.164,-516403.0161,-437488.575,-454161.8521
2433000,2377.6033,14184.2346,61867.0747,-515632.4025,-437203.48990000004,-453765.3278
2434000,2359.6605,14185.8263,62244.4401,-515838.3745,-437048.44759999996,-453593.93439999997
2435000,2371.2597,14341.6652,61783.4424,-515469.4153,-436973.048,-453685.9729
2436000,2335.1849,14212.9046,62240.7356,-516295.4319,-437506.6068,-454054.6963
2437000,2364.9076,14195.5552,61791.1172,-516230.9872,-437879.40719999996,-454439.87
2438000,2394.7129,14191.3196,61952.8507,-516015.4996,-437476.61639999994,-454062.6489
2439000,2395.3104,14268.8047,61705.3113,-515505.0916,-437135.6652,-453799.7803
2440000,2369.98,14275.6603,62160.562,-516660.3247,-437854.1224,-454499.7627
2441000,2389.7276,14327.3504,61822.2523,-515395.2947,-436855.96440000006,-453573.04240000003
2442000,2426.6391,14235.5472,62069.2161,-516066.4908,-437335.0884,-453997.2747
2443000,2368.9044,14226.8506,62071.3014,-515776.3987,-437109.3423,-453705.0973
2444000,2393.676,14190.0142,62388.7254,-516683.8776,-437711.462,-454295.1522
2445000,2430.7312,14363.3859,61547.1479,-515901.4365,-437560.1715,-454354.2886
2446000,2427.0913,14281.9476,61825.1594,-516369.458,-437835.2597,-454544.2986
2447000,2404.2224,14272.2278,62531.7251,-517613.0194,-438404.8441,-455081.2943
2448000,2394.0729,14297.0885,62394.2814,-517062.2482,-437976.80539999995,-454667.9668
2449000,2412.5306,14269.6917,61786.1022,-515928.1557,-437459.8312,-454142.0535
2450000,2395.7876,14295.6638,61970.9001,-516416.1914,-437753.8399,-454445.29130000004
2451000,2400.9054,14262.9537,61980.8313,-516062.2128,-437417.5224,-454081.38149999996
2452000,2397.7412,14316.4897,61833.5244,-515796.8346,-437249.0793,-453963.3102
2453000,2354.5028,14323.8894,62282.4081,-516274.3663,-437313.566,-453991.9582
2454000,2351.1006,14239.8538,61668.4924,-516233.0807,-437973.6339,-454564.5883
2455000,2406.5206,14310.9877,62209.458,-515926.2447,-436999.27839999995,-453716.7867
2456000,2365.6827,14246.3017,61874.1571,-515690.0398,-437203.8983,-453815.8827
2457000,2369.1166,14267.2461,62182.0103,-516393.9619,-437575.5889,-454211.9516
2458000,2378.2357,14294.851,62205.485,-516201.4577,-437322.88600000006,-453995.97270000004
2459000,2356.836,14316.0098,62046.7419,-516463.4199,-437743.83219999995,-454416.67799999996
2460000,2399.6525,14322.6853,61665.5938,-515862.0033,-437474.0717,-454196.40949999995
2461000,2376.804,14278.2312,62032.8929,-515980.5274,-437292.5993,-453947.63450000004
2462000,2372.8832,14229.2404,61997.0862,-516117.7786,-437518.5688,-454120.6924
2463000,2356.7267,14293.224,61860.9027,-515968.3133,-437457.4599,-454107.4106
2464000,2401.0308,14170.6089,62290.1438,-516513.9124,-437652.1289,-454223.76859999995
2465000,2353.3396,14228.8732,61746.0946,-515516.9726,-437188.6652,-453770.87799999997
2466000,2392.9703,14322.5703,61762.269,-515844.0028,-437366.1932,-454081.73380000005
2467000,2391.9344,14350.6787,61985.2026,-516586.2741,-437858.4584,-454601.07149999996
2468000,2403.9966,14349.4253,62406.9276,-517215.6274,-438055.2779,-454808.6998
2469000,2399.6772,14250.6425,62036.0341,-515671.0302,-436984.6764,-453634.9961
2470000,2418.7069,14234.2169,62102.0614,-516346.3952,-437591.41000000003,-454244.3338
2471000,2385.5527,14294.9237,61490.3356,-515237.3367,-437066.52469999995,-453747.0011
2472000,2366.0449,14250.4467,62633.8531,-517217.921,-437967.57629999996,-454584.06789999997
2473000,2415.8881,14210.513,62335.8899,-516322.6501,-437360.3591,-453986.7602
2474000,2406.5667,14216.6589,61888.7699,-515309.4773,-436797.4818,-453420.7074
2475000,2392.3171,14281.361,61901.2132,-515689.451,-437114.5597,-453788.2378
2476000,2355.0268,14268.7711,61806.924,-515733.9965,-437303.2746,-453927.0725
2477000,2373.9446,14214.5051,61409.4318,-515208.4426,-437210.5611,-453799.0108
2478000,2380.0235,14197.1212,61982.687,-515874.5036,-437314.6719,-453891.8166
2479000,2382.5387,14272.8011,62601.2797,-516791.9665,-437535.34699999995,-454190.68679999997
2480000,2379.9306,14131.0477,62545.545,-517043.8018,-437987.2785,-454498.25680000003
2481000,2375.3322,14223.3706,62332.0971,-516562.12,-437631.3201,-454230.0229
2482000,2380.5271,14288.6703,61994.1146,-516286.7147,-437623.4027,-454292.60010000004
2483000,2365.7173,14258.2274,62087.8776,-516269.5781,-437557.7558,-454181.7005
2484000,2386.1152,14329.4678,61503.3213,-515146.9915,-436928.0872,-453643.6702
2485000,2400.8148,14300.1776,61821.8615,-516012.3609,-437489.50700000004,-454190.49940000003
2486000,2331.7107,14197.2547,62176.2319,-517051.3363,-438346.139,-454875.1044
2487000,2404.5376,14308.2855,61914.1361,-515292.3668,-436665.40760000004,-453378.2307
2488000,2406.3932,14253.5537,61836.1287,-515743.2154,-437247.1398,-453907.0867
2489000,2382.0253,14280.1009,61964.6756,-516324.7539,-437697.9521,-454360.0783
2490000,2364.1813,14256.2038,61877.6848,-515621.4508,-437123.3809,-453743.766
2491000,2357.56,14289.7398,62110.4453,-516161.1624,-437403.4173,-454050.71709999995
2492000,2368.58,14280.2913,61691.6111,-515872.2748,-437531.79240000003,-454180.66370000003
2493000,2394.6286,14223.1353,62117.0135,-516372.5612,-437637.7838,-454255.5477
2494000,2357.5185,14257.5173,62276.2498,-516554.2205,-437662.9349,-454277.9707
2495000,2390.0881,14187.7671,61780.5972,-515745.8616,-437387.4092,-453965.2644
2496000,2378.4879,14227.9753,61753.7147,-515681.4776,-437321.2997,-453927.7629
2497000,2405.0459,14339.9847,62010.237,-516132.684,-437377.4164,-454122.447
2498000,2380.6173,14284.6566,62106.0932,-516464.963,-437693.59589999996,-454358.8698
2499000,2413.9363,14232.0091,62514.37,-516619.0371,-437458.7217,-454104.6671
2500000,2346.2263,14281.0348,61585.6286,-515088.8289,-436875.9392,-453503.2003
2501000,2359.5299,14164.0857,61864.2192,-515759.6722,-437371.83739999996,-453895.453
2502000,2368.6463,14259.1283,62161.3987,-515783.7337,-436994.56039999996,-453622.33499999996
2503000,2337.7416,14130.8823,62351.1644,-516777.8457,-437958.0574,-454426.6813
2504000,2391.1811,14235.0833,61825.1187,-516333.7515,-437882.36840000004,-454508.6328
2505000,2365.623,14212.7511,62116.6909,-515937.2819,-437242.2169,-453820.591
2506000,2396.8462,14271.3717,62475.7618,-516436.2756,-437292.2959,-453960.5138
2507000,2399.2774,14217.9474,61207.823,-514764.0734,-436939.0256,-453556.2504
2508000,2383.231,14291.969,61417.3043,-515250.5723,-437158.06799999997,-453833.268
2509000,2400.6639,14283.1828,61879.4841,-515729.4546,-437166.1238,-453849.9705
2510000,2387.8401,14337.7236,62464.7838,-516737.3296,-437546.9821,-454272.5458
2511000,2401.6774,14286.7612,61741.1009,-516277.6145,-437848.075,-454536.5136
2512000,2389.8873,14213.1726,62289.1596,-516166.8963,-437274.6768,-453877.7367
2513000,2398.7564,14139.999,62247.4114,-516020.2716,-437234.1048,-453772.8602
2514000,2398.7378,14310.2689,61890.1254,-516405.7011,-437806.569,-454515.5757
2515000,2367.974,14236.9123,62714.5495,-517321.0936,-438001.65780000004,-454606.5441
2516000,2392.494,14297.0471,62153.9551,-516475.4375,-437631.9413,-454321.4824
2517000,2367.6554,14162.7087,61479.9495,-515830.7389,-437820.4253,-454350.7894
2518000,2388.3799,14256.304,62074.7183,-516792.1589,-438072.75669999997,-454717.4406
2519000,2377.2443,14080.174,61787.3512,-515725.3543,-437480.5848,-453938.00310000003
2520000,2416.1361,14304.783,61555.0091,-515266.4481,-436990.51989999996,-453711.43899999995
2521000,2414.2857,14239.2857,62273.4095,-516626.8006,-437699.8197,-454353.3911
2522000,2390.1237,14291.4111,61544.4281,-514987.8525,-436761.8896,-453443.42439999996
2523000,2368.6855,14220.755,62159.9353,-515865.1004,-437115.7246,-453705.1651
2524000,2379.1665,14281.9214,61737.9188,-516036.0786,-437637.0719,-454298.1598
2525000,2396.3453,14239.7463,62228.0204,-516704.2891,-437840.1771,-454476.2687
2526000,2384.8028,14247.27,62005.3434,-515890.2855,-437252.8693,-453884.9421
2527000,2387.4858,14161.2387,61635.6151,-515649.3664,-437465.0268,-454013.7513
2528000,2423.754,14277.8025,61833.6583,-515268.2162,-436733.0014,-453434.5579
2529000,2400.2839,14181.316,61559.1027,-515542.6845,-437401.98189999996,-453983.5818
2530000,2368.2685,14230.3396,62399.0682,-516662.793,-437665.1167,-454263.7248
2531000,2360.4273,14170.0684,62396.9339,-517284.6684,-438357.23880000005,-454887.7345
2532000,2374.5417,14233.4668,61916.5338,-516574.5261,-438049.98380000005,-454657.99230000004
2533000,2378.6503,14158.9064,61780.2375,-516273.9953,-437956.2011,-454493.7578
2534000,2372.7741,14330.3561,62058.9954,-516631.439,-437869.3134,-454572.4436
2535000,2371.516,14331.0703,61724.954,-515712.5006,-437284.96030000004,-453987.5466
2536000,2363.4366,14203.9946,62108.817,-515850.5082,-437174.26,-453741.6912
2537000,2364.4804,14283.7175,61472.6657,-515875.2924,-437754.4288,-454402.62669999996
2538000,2412.9585,14297.7039,62124.2296,-517066.0802,-438231.18820000003,-454941.8506
2539000,2356.5833,14258.9163,62307.7393,-516914.7346,-437991.4957,-454606.9953
2540000,2407.4962,14332.7857,62000.5671,-516723.7328,-437982.8838,-454723.1657
2541000,2338.3249,14255.0787,61559.5585,-515560.868,-437407.9059,-454001.30950000003
2542000,2337.8141,14275.1468,62251.0008,-516324.5414,-437460.5797,-454073.5406
2543000,2365.499,14285.7759,62015.2545,-516037.2614,-437370.732,-454022.00690000004
2544000,2365.5873,14195.015,62129.8296,-516127.4906,-437437.05870000005,-453997.661
2545000,2346.856,14281.6098,61787.2213,-515790.406,-437374.71890000004,-454003.18470000004
2546000,2372.7991,14236.0622,61746.5097,-515595.2655,-437239.8945,-453848.7558
2547000,2355.0601,14296.2111,62155.3272,-516647.8692,-437841.2708,-454492.542
2548000,2379.73,14217.2776,61530.4545,-515592.7854,-437465.3233,-454062.3309
2549000,2380.7529,14209.9336,62328.2626,-516790.4942,-437871.5451,-454462.2316
2550000,2372.6212,14194.6864,61998.4744,-515983.0956,-437417.3136,-453984.6212
2551000,2406.4437,14191.4155,61932.704,-516640.7204,-438110.1572,-454708.01639999996
2552000,2373.3702,14167.8083,62499.091,-516408.9883,-437368.71880000003,-453909.8973
2553000,2364.7904,14082.6127,61946.3907,-515975.8476,-437582.0538,-454029.4569
2554000,2370.3358,14112.9638,62095.434,-516631.6371,-438052.9035,-454536.2031
2555000,2391.4274,14255.4128,61859.6098,-516377.089,-437870.63899999997,-454517.4792
2556000,2381.4044,14212.2211,61768.0134,-516099.7434,-437738.10449999996,-454331.73
2557000,2362.5395,14171.2039,62119.2662,-516312.6593,-437659.6497,-454193.3931
2558000,2383.8864,14250.5876,61775.6931,-515886.7996,-437476.63250000007,-454111.10650000005
2559000,2337.8759,14118.1202,62188.7313,-516496.7086,-437851.98120000004,-454307.9773
2560000,2381.7362,14242.6143,61530.6567,-515800.2675,-437645.2603,-454269.6108
2561000,2381.6581,14296.7459,61891.1427,-516109.3479,-437539.8012,-454218.20519999997
2562000,2387.8768,14170.6517,61375.9871,-515726.1466,-437791.631,-454350.15949999995
2563000,2374.0144,14336.8625,61901.2475,-516685.1471,-438073.0227,-454783.8996
2564000,2363.5537,14207.7937,61836.5658,-516274.6468,-437866.7336,-454438.081
2565000,2415.8828,14314.1878,62082.1967,-516103.9794,-437291.7121,-454021.7827
2566000,2385.5937,14259.1454,62567.08,-517167.1519,-437955.3328,-454600.0719
2567000,2399.364,14301.1793,61669.516,-516509.7455,-438139.6862,-454840.2295
2568000,2374.9955,14203.5849,61029.1098,-515689.7026,-438082.0124,-454660.59280000004
2569000,2394.7063,14334.4115,61670.727,-515500.4959,-437100.6511,-453829.76889999997
2570000,2349.6151,14325.2502,62208.7977,-516198.8529,-437315.1899,-453990.0552
2571000,2383.2254,14263.775,62127.3708,-515788.4957,-437014.12450000003,-453661.12490000005
2572000,2398.0449,14271.7385,61524.078,-515711.22,-437517.3586,-454187.142
2573000,2401.2101,14341.6655,61825.667,-515738.8017,-437170.2591,-453913.1347
2574000,2397.783,14279.1331,62275.4616,-516580.6951,-437628.3174,-454305.23350000003
2575000,2376.2334,14131.7968,62155.2144,-516899.9167,-438236.67209999997,-454744.7023
2576000,2394.587,14279.6353,61742.6801,-515646.0423,-437229.13989999995,-453903.3622
2577000,2380.3064,14267.9401,62220.0988,-516917.5006,-438049.15530000004,-454697.40180000005
2578000,2357.071,14272.152,61401.9596,-515106.0145,-437074.8319,-453704.0549
2579000,2386.5151,14210.0042,61599.6629,-515389.5495,-437193.36730000004,-453789.8866
2580000,2405.4741,14308.6407,61438.306,-515022.3696,-436869.9488,-453584.0636
2581000,2387.5525,14182.9219,62023.2035,-516200.5994,-437606.9215,-454177.3959
2582000,2414.8104,14353.3347,62019.0112,-516671.7926,-437884.6363,-454652.7814
2583000,2419.6541,14300.1294,61817.8136,-516281.8102,-437744.2131,-454463.9966
2584000,2376.9251,14205.2224,61855.5313,-516321.8592,-437884.1804,-454466.32790000003
2585000,2360.1667,14234.3248,62386.114,-516657.8156,-437677.21009999997,-454271.7016
2586000,2388.4111,14246.2218,62048.722,-516476.9186,-437793.56369999994,-454428.19659999997
2587000,2386.7778,14213.7399,62475.8018,-517100.166,-438023.84650000004,-454624.3642
2588000,2378.2015,14245.1444,61614.9259,-515411.3886,-437173.1168,-453796.46270000003
2589000,2407.5531,14386.9605,62296.0348,-516791.1591,-437700.61069999996,-454495.12429999997
2590000,2365.341,14335.7278,61532.1141,-516201.0653,-437967.8824,-454668.9512
2591000,2384.5014,14242.5593,62019.3752,-515871.703,-437225.26709999994,-453852.32779999997
2592000,2399.8266,14279.0816,62421.9793,-516375.04,-437274.15249999997,-453953.0607
2593000,2392.2802,14293.1656,61656.4584,-515426.7081,-437084.8039,-453770.2497
2594000,2351.1863,14331.8051,62045.637,-516217.502,-437488.8736,-454171.865
2595000,2367.3415,14186.2146,62237.0196,-516690.8093,-437900.23360000004,-454453.7897
2596000,2349.2634,14314.3079,62000.4675,-516658.5185,-437994.4797,-454658.051
2597000,2370.054,14210.6459,62220.4675,-516512.7787,-437711.6113,-454292.3112
2598000,2366.6085,14386.5312,62225.3756,-516688.6706,-437710.1553,-454463.29500000004
2599000,2363.2823,14220.1991,62284.1062,-516597.2989,-437729.71129999997,-454313.1927
2600000,2374.2952,14257.0379,61745.2815,-516361.0922,-437984.4776,-454615.81070000003
2601000,2378.4339,14219.1613,62736.7504,-517035.9764,-437701.6308,-454299.22599999997
2602000,2377.4628,14251.0834,62027.9894,-516624.8297,-437968.2941,-454596.8403
2603000,2345.1443,14205.9995,62381.4138,-516548.5187,-437615.9611,-454167.10490000003
2604000,2345.5297,14291.7603,61450.7127,-515521.7849,-437433.7822,-454071.07220000005
2605000,2334.5003,14251.1226,61737.2707,-515864.6744,-437541.7808,-454127.4037
2606000,2361.4724,14206.7615,62086.7293,-515913.5752,-437258.612,-453826.8459
2607000,2370.121,14289.4813,61709.4511,-515954.1401,-437585.0867,-454244.689
2608000,2372.3659,14223.2741,62132.5081,-516480.6625,-437752.5144,-454348.1544
2609000,2382.2041,14314.0533,61789.1752,-515832.0459,-437346.6133,-454042.8707
2610000,2424.8192,14225.4085,61725.4383,-515519.059,-437143.39300000004,-453793.6207
2611000,2379.3614,14318.5959,62042.1092,-516607.1362,-437867.0697,-454565.027
2612000,2386.2586,14305.8688,61129.5296,-515352.0817,-437530.4247,-454222.5521
2613000,2374.9411,14358.6919,62084.3916,-515947.5697,-437129.5451,-453863.1781
2614000,2383.0071,14173.909,62105.913,-516754.951,-438092.1219,-454649.038
2615000,2369.8541,14175.2662,61893.4033,-516418.7497,-437980.22609999997,-454525.3464
2616000,2377.693,14270.0939,61529.475,-515506.6739,-437329.412,-453977.1989
2617000,2382.8323,14283.6787,61465.2815,-514874.8743,-436743.08180000004,-453409.59280000004
2618000,2373.472,14255.6272,61917.1496,-516191.9687,-437645.7199,-454274.8191
2619000,2384.5416,14204.6192,62147.6214,-515989.0286,-437252.2464,-453841.4072
2620000,2351.1192,14231.4638,61915.7815,-515671.3653,-437173.00080000004,-453755.5838
2621000,2346.3184,14337.2633,61998.9626,-515362.1977,-436679.6534,-453363.23510000005
2622000,2362.1384,14223.1878,61674.5203,-515172.5779,-436912.7314,-453498.0576
2623000,2382.8125,14299.0658,61453.1521,-515902.4597,-437767.4293,-454449.3076
2624000,2384.8318,14267.1258,62635.389,-517126.6923,-437839.3457,-454491.30329999997
2625000,2378.6185,14155.0541,61849.4335,-515594.6095,-437211.50340000005,-453745.17600000004
2626000,2405.7083,14303.6298,62181.0549,-516261.2305,-437370.8375,-454080.1756
2627000,2355.1497,14177.0076,62053.8255,-516440.1296,-437854.1468,-454386.3041
2628000,2381.3624,14239.1908,62245.3173,-516015.8413,-437149.97079999995,-453770.524
2629000,2407.0468,14258.9366,61855.246,-516160.1032,-437638.8738,-454304.8572
2630000,2356.3485,14232.1786,62088.5595,-516290.6242,-437613.53760000004,-454202.0647
2631000,2401.1099,14339.7559,61953.464,-515842.2413,-437147.9115,-453888.7773
2632000,2407.2838,14254.7745,61714.9224,-515670.5612,-437293.5805,-453955.6388
2633000,2378.9918,14264.9024,61965.9244,-516463.9711,-437854.1525,-454498.0467
2634000,2349.2123,14246.1617,61668.932,-515801.1657,-437536.85970000003,-454132.2337
2635000,2412.0604,14311.9765,61957.617,-516303.6459,-437621.99199999997,-454346.02890000003
2636000,2351.7753,14189.5332,62007.3009,-516160.0301,-437611.42069999996,-454152.72919999994
2637000,2392.8985,14268.6892,61565.7338,-515031.4745,-436804.153,-453465.7407
2638000,2387.7884,14157.0421,62612.8628,-517335.3349,-438177.64160000003,-454722.4721
2639000,2389.091,14223.5489,61416.7172,-514990.8157,-436961.4586,-453574.09849999996
2640000,2387.9601,14180.2933,61767.2584,-515862.8471,-437527.33530000004,-454095.5887
2641000,2372.2848,14213.4135,61916.1811,-516116.9756,-437615.0962,-454200.7945
2642000,2415.0644,14253.5026,62589.8881,-517220.65,-437962.1949,-454630.76190000004
2643000,2416.6168,14172.7574,62167.7123,-516288.0551,-437530.9686,-454120.3428
2644000,2379.5013,14225.2685,61996.2837,-516641.3193,-438040.26579999994,-454645.03559999994
2645000,2399.248,14247.2965,62117.8816,-516794.2229,-438029.7968,-454676.3413
2646000,2384.809,14267.0649,62047.9919,-516955.5121,-438255.6463,-454907.52019999997
2647000,2411.6651,14302.1443,62492.8944,-517480.2259,-438273.52210000006,-454987.33150000003
2648000,2379.9548,14147.9838,61940.4768,-515403.621,-436935.2056,-453463.1442
2649000,2409.5053,14179.5008,61915.8937,-515893.9861,-437389.08629999997,-453978.09239999996
2650000,2378.0945,14162.1084,62280.8168,-516244.9262,-437423.9065,-453964.10939999996
2651000,2391.3246,14271.5692,62139.311,-515707.632,-436905.4272,-453568.321
2652000,2370.055,14150.5478,62123.4719,-516328.0308,-437683.9561,-454204.5589
2653000,2389.7207,14179.748,62131.4148,-516212.8009,-437511.9174,-454081.3861
2654000,2396.0335,14237.9459,62390.3806,-516197.1412,-437172.7812,-453806.76060000004
2655000,2402.7445,14152.5026,61505.6678,-515006.0429,-436945.128,-453500.3751
2656000,2399.1981,14334.9362,61423.8648,-515053.7701,-436895.771,-453629.90530000004
2657000,2405.1817,14196.3349,62492.6069,-516661.3338,-437567.21030000004,-454168.7269
2658000,2376.1598,14224.5742,61572.1298,-515672.9592,-437500.0954,-454100.8294
2659000,2389.9062,14241.3055,61396.2726,-515450.0824,-437422.5981,-454053.80980000005
2660000,2373.2507,14111.4197,62079.7295,-516426.5723,-437862.1724,-454346.8428
2661000,2434.2546,14250.8765,61615.9676,-515363.0047,-437061.90599999996,-453747.03709999996
2662000,2404.5739,14205.3641,61669.1587,-515048.1139,-436769.0172,-453378.95519999997
2663000,2381.2104,14196.1767,61926.0249,-515999.7385,-437496.32649999997,-454073.71359999996
2664000,2389.6697,14337.1203,62151.816,-516662.7735,-437784.1675,-454510.9575
2665000,2390.2333,14292.9746,61934.6545,-515954.2921,-437336.42970000004,-454019.6376
2666000,2385.7277,14235.7542,61865.7983,-515658.8828,-437171.6026,-453793.0845
2667000,2348.9366,14210.7446,61695.8331,-515562.6795,-437307.16520000005,-453866.84640000004
2668000,2402.5522,14244.9921,61924.9924,-516711.6334,-438139.0967,-454786.641
2669000,2420.4664,14244.9938,61937.747,-515590.7509,-436987.5437,-453653.0039
2670000,2367.2792,14273.6357,61941.5912,-516159.5756,-437577.0695,-454217.98439999996
2671000,2398.7932,14302.3934,61306.8688,-515306.8627,-437298.8073,-453999.9939
2672000,2370.8625,14308.1108,62088.8132,-516553.1639,-437785.3774,-454464.3507
2673000,2384.3725,14224.0462,61810.9033,-515295.4614,-436876.1394,-453484.55809999997
2674000,2416.3711,14326.822,61992.7738,-516060.3405,-437324.3736,-454067.56669999997
2675000,2395.9649,14283.8296,62351.7167,-517147.2821,-438115.7709,-454795.5654
2676000,2389.7929,14234.469,62077.4461,-516258.6689,-437556.9609,-454181.2228
2677000,2381.4199,14212.515,61312.0155,-515135.3664,-437229.41599999997,-453823.3509
2678000,2368.8799,14281.4498,61785.7197,-516092.8463,-437656.79689999996,-454307.12659999996
2679000,2370.6141,14142.8706,62348.757,-516652.1174,-437789.8757,-454303.3604
2680000,2396.7526,14265.6607,61997.9461,-515966.072,-437305.71259999997,-453968.1259
2681000,2406.2057,14334.955,61509.7454,-515456.7187,-437205.81260000006,-453946.9733
2682000,2379.9085,14321.0411,61911.6132,-515869.329,-437256.7662,-453957.7158
2683000,2374.353,14245.0098,62167.5028,-516145.685,-437358.8194,-453978.1822
2684000,2368.8579,14249.1686,61571.1019,-515609.6124,-437420.484,-454038.5105
2685000,2373.2113,14273.7234,62104.9336,-516605.7468,-437853.8785,-454500.81320000003
2686000,2356.2023,14210.6936,61757.747,-516266.9535,-437942.31059999997,-454509.2065
2687000,2372.4939,14248.7807,62070.3072,-516736.7742,-438045.1924,-454666.467
2688000,2401.6412,14217.0388,62156.0333,-516400.042,-437625.3287,-454244.0087
2689000,2415.5236,14309.9892,61908.4816,-516221.8578,-437587.86340000003,-454313.3762
2690000,2369.6212,14257.3323,61901.7498,-516056.6007,-437527.8974,-454154.8509
2691000,2368.5365,14249.3649,62262.1967,-515893.416,-437013.3179,-453631.2193
2692000,2397.6394,14331.8884,62043.586,-516799.3398,-438026.226,-454755.7538
2693000,2391.9574,14270.0151,62413.097,-516529.4108,-437454.34130000003,-454116.3138
2694000,2401.548,14286.8032,62064.338,-516732.1763,-437979.48709999997,-454667.8383
2695000,2374.917,14319.7447,62293.7277,-517682.3362,-438693.94680000003,-455388.60850000003
2696000,2376.1231,14226.6311,62312.9803,-516751.2779,-437835.54339999997,-454438.2976
2697000,2381.2523,14301.5517,62026.9565,-516502.6554,-437792.89489999996,-454475.69889999996
2698000,2375.5653,14318.4448,62324.0554,-516889.1898,-437871.1243,-454565.1344
2699000,2359.6859,14174.3097,61499.7419,-514952.7403,-436919.0028,-453452.9984
2700000,2401.0075,14233.7089,61631.1792,-515053.4638,-436787.56820000004,-453422.2846
2701000,2371.899,14235.3838,61755.723,-516071.1152,-437708.1094,-454315.3922
2702000,2366.3024,14192.7349,61632.9723,-515539.8826,-437347.873,-453906.9103
2703000,2390.3979,14220.5193,62113.963,-516531.104,-437806.2238,-454417.141
2704000,2361.8231,14182.0954,61687.9295,-516019.6188,-437787.7708,-454331.68929999997
2705000,2406.5994,14217.7184,61818.7862,-515434.1165,-436991.0125,-453615.33030000003
2706000,2379.4229,14136.049,61561.7934,-515052.0181,-436974.7528,-453490.22469999996
2707000,2391.1919,14231.6825,61773.1857,-515574.1558,-437178.0957,-453800.97010000004
2708000,2401.2158,14162.1599,62172.1086,-516843.6962,-438108.2119,-454671.5876
2709000,2384.8831,14298.2653,61859.6987,-516399.1345,-437856.2874,-454539.4358
2710000,2397.0951,14313.6146,62756.4322,-517026.4337,-437559.2918,-454270.0015
2711000,2382.1492,14327.2511,62273.6265,-516712.9844,-437729.9576,-454439.3579
2712000,2391.216,14230.4846,61845.4414,-516082.3243,-437615.1823,-454236.88289999997
2713000,2375.39,14302.4293,61770.4833,-516217.3783,-437769.0757,-454446.89499999996
2714000,2401.3024,14248.0963,61905.1225,-516360.999,-437806.4778,-454455.8765
2715000,2384.9852,14247.4115,62276.3511,-516159.3749,-437250.6271,-453883.02379999997
2716000,2415.2569,14223.2229,61829.756,-516060.1766,-437591.9408,-454230.4206
2717000,2415.6139,14206.1374,61930.9982,-516039.7106,-437486.96109999996,-454108.71239999996
2718000,2377.0115,14201.5798,61740.5374,-515716.2254,-437397.0967,-453975.68799999997
2719000,2363.7639,14303.1912,61739.8379,-515126.2643,-436719.4713,-453386.4264
2720000,2401.8024,14318.1901,61637.4625,-515280.0148,-436922.5598,-453642.5523
2721000,2387.6156,14283.1141,62162.1725,-516481.5741,-437648.6719,-454319.40160000004
2722000,2356.4236,14266.7533,62775.1589,-517155.8785,-437757.5427,-454380.7196
2723000,2367.3413,14265.0551,62099.3179,-516173.533,-437441.8187,-454074.2151
2724000,2407.0045,14236.3019,61671.4641,-515815.0795,-437500.309,-454143.6154
2725000,2382.8941,14254.0267,61926.8341,-516161.4507,-437597.6958,-454234.6166
2726000,2381.803,14242.5664,61786.3357,-515853.8366,-437443.13149999996,-454067.5009
2727000,2364.1572,14204.7729,61979.3482,-515996.8792,-437448.6009,-454017.531
2728000,2368.241,14134.6471,62203.4492,-516574.5387,-437868.20139999996,-454371.0895
2729000,2400.0243,14243.2528,62007.9636,-516300.9939,-437649.75320000004,-454293.0303
2730000,2375.6562,14137.1837,61622.4107,-515927.664,-437792.41339999996,-454305.2533
2731000,2377.4817,14147.8542,61740.6344,-516099.7463,-437833.776,-454359.1119
2732000,2413.4478,14112.6915,62333.0545,-516598.1632,-437738.9694,-454265.1087
2733000,2363.3986,14115.1811,62081.8766,-516304.7436,-437744.28729999997,-454222.86699999997
2734000,2406.0286,14258.0234,62168.1248,-516490.8963,-437658.7195,-454322.77150000003
2735000,2387.5209,14197.1028,62243.4634,-516123.6408,-437295.5537,-453880.1774
2736000,2390.807,14346.7682,61949.6199,-516449.4489,-437762.2538,-454499.829
2737000,2391.3618,14237.2946,62163.1483,-516491.8908,-437700.08609999996,-454328.7425
2738000,2373.4299,14302.9018,62274.1913,-516992.2504,-438041.72740000003,-454718.0591
2739000,2356.5668,14250.422,61821.3893,-515921.2494,-437492.8713,-454099.8601
2740000,2423.2779,14323.6151,61197.8358,-515248.091,-437303.36220000003,-454050.2552
2741000,2398.4734,14287.2996,61648.181,-515420.4225,-437086.46849999996,-453772.2415
2742000,2405.0197,14155.716,61615.1933,-515110.9732,-436935.0442,-453495.7799
2743000,2384.8124,14247.5022,62406.1227,-516213.4861,-437175.0488,-453807.3634
2744000,2394.1385,14158.361,62257.2093,-516177.9761,-437368.2673,-453920.76680000004
2745000,2389.8809,14269.5356,61616.2554,-515300.803,-437025.1311,-453684.5476
2746000,2391.9231,14183.6443,62014.7406,-516084.8538,-437494.54579999996,-454070.11319999996
2747000,2399.0316,14185.5917,61627.9791,-515501.4221,-437288.8197,-453873.443
2748000,2401.7494,14272.2282,62618.2571,-517117.326,-437825.0913,-454499.0689
2749000,2381.3453,14225.9486,62233.3468,-516530.8005,-437690.1598,-454297.4537
2750000,2398.2816,14136.2896,61685.8637,-515655.4954,-437435.0605,-453969.6317
2751000,2385.0235,14214.9247,62078.031,-516348.3051,-437670.3259,-454270.2741
2752000,2353.5795,14282.5705,62103.7957,-516025.6652,-437285.7195,-453921.8695
2753000,2357.8883,14149.3532,61950.3765,-515899.5457,-437441.9277,-453949.1692
2754000,2392.0689,14287.755,62189.1062,-516510.3576,-437641.4275,-454321.2514
2755000,2349.9203,14253.6876,61628.2793,-515402.1464,-437170.25920000003,-453773.86710000003
2756000,2347.8637,14212.9827,61706.616,-515509.5346,-437242.0722,-453802.91860000003
2757000,2391.5711,14188.6752,62040.13,-516188.6324,-437568.2561,-454148.5024
2758000,2425.7358,14268.9628,61710.8758,-515355.7028,-436950.12840000005,-453644.82700000005
2759000,2373.3939,14208.7393,61825.3311,-515370.2749,-436962.8106,-453544.9438
2760000,2390.6346,14265.1267,62061.3562,-516217.6767,-437500.5592,-454156.32050000003
2761000,2378.7181,14226.6357,62242.9424,-517062.7867,-438214.4905,-454819.8443
2762000,2376.273,14122.749,61995.5791,-516272.468,-437777.8669,-454276.8889
2763000,2372.4267,14326.5664,62144.2532,-516636.4313,-437793.185,-454492.1781
2764000,2396.5696,14260.9379,62123.6543,-516242.6385,-437461.4767,-454118.9842
2765000,2344.9233,14253.7748,62238.7523,-516166.8364,-437329.38599999994,-453928.0841
2766000,2420.3057,14177.3753,61792.4153,-515624.682,-437234.58569999994,-453832.2667
2767000,2373.8202,14226.4409,62363.8752,-517533.1832,-438569.0469,-455169.308
2768000,2409.9541,14253.0128,62329.3706,-516100.6544,-437108.3169,-453771.2838
2769000,2406.2417,14335.4823,62026.2568,-516551.2636,-437783.2828,-454525.0068
2770000,2373.9716,14195.2604,61453.9504,-515344.4602,-437321.2778,-453890.5098
2771000,2354.3803,14337.9191,61764.1202,-515702.1491,-437245.7295,-453938.0289
2772000,2394.1078,14374.8671,61946.2366,-515826.0332,-437110.8217,-453879.7966
2773000,2392.4299,14202.977,61521.209,-515467.8841,-437351.26820000005,-453946.6751
2774000,2388.2611,14211.5716,61912.7776,-516635.6113,-438123.001,-454722.83369999996
2775000,2394.6562,14195.9916,61921.647,-516035.545,-437523.2502,-454113.898
2776000,2372.6187,14206.9071,61887.3088,-515685.3444,-437218.5098,-453798.0356
2777000,2379.9353,14298.8299,62032.1419,-516115.0637,-437404.1566,-454082.9218
2778000,2394.549,14240.5865,61258.2731,-514693.9085,-436800.49990000005,-453435.6354
2779000,2390.2989,14081.4024,61826.6768,-515644.6444,-437346.2663,-453817.9676
2780000,2333.373,14163.7183,61813.3541,-515873.2258,-437562.78040000005,-454059.8717
2781000,2364.4081,14233.3353,61557.6077,-515722.8,-437567.44889999996,-454165.1923
2782000,2336.6013,14233.8141,61481.2991,-515806.2889,-437754.5744,-454324.9898
2783000,2389.7761,14201.013,62165.7342,-516238.3661,-437481.8428,-454072.6319
2784000,2442.2987,14221.91,61612.5124,-515208.9977,-436932.2766,-453596.4853
2785000,2367.2499,14191.6214,62298.351,-516124.0128,-437266.7905,-453825.6618
2786000,2376.1737,14229.2009,62080.0293,-516110.7639,-437425.36,-454030.7346
2787000,2381.9125,14186.3887,61601.7122,-515078.885,-436908.8716,-453477.1728
2788000,2408.9593,14324.8638,61834.312,-515664.3749,-437096.2398,-453830.0629
2789000,2384.9222,14257.7355,62370.9328,-516629.5396,-437615.9491,-454258.6068
2790000,2401.3817,14270.5589,61837.4627,-515372.0388,-436862.6355,-453534.5761
2791000,2373.3507,14171.3502,61679.8155,-515866.2996,-437641.78320000006,-454186.4841
2792000,2389.2361,14269.5985,61787.772,-516919.992,-438473.3854,-455132.22000000003
2793000,2390.3236,14331.353,62325.5586,-516786.2173,-437738.9821,-454460.6587
2794000,2354.454,14245.8373,61782.6871,-515827.4633,-437444.4849,-454044.7762
2795000,2332.2981,14212.4297,61981.4439,-515303.796,-436777.62429999997,-453322.35209999996
2796000,2358.326,14276.43,61775.3017,-515727.1627,-437317.105,-453951.861
2797000,2379.215,14233.2638,61840.818,-515863.1539,-437409.85709999996,-454022.33589999995
2798000,2380.257,14411.5699,61916.6587,-515933.7168,-437225.2312,-454017.0581
2799000,2379.2877,14249.2224,62077.0654,-516394.4179,-437688.84239999996,-454317.3525
2800000,2387.9722,14274.0101,61970.7477,-516024.5351,-437391.8051,-454053.7874
2801000,2344.6934,14250.6997,61932.0187,-516072.5172,-437545.1054,-454140.4985
2802000,2392.5296,14254.346,61699.7224,-516260.3763,-437913.7783,-454560.65390000003
2803000,2350.4368,14184.4326,62391.1348,-516889.4169,-437963.4127,-454498.2821
2804000,2388.5259,14247.2604,62363.7904,-517140.9566,-438141.37989999994,-454777.1662
2805000,2377.1765,14150.7955,61880.2923,-515709.398,-437301.1337,-453829.10569999996
2806000,2371.8362,14198.2747,62354.6248,-516840.6185,-437915.8828,-454485.9937
2807000,2377.0088,14153.312,61932.077,-515331.8464,-436869.4486,-453399.7694
2808000,2425.8656,14315.8711,62167.62,-516865.6134,-437956.25669999997,-454697.9934
2809000,2389.2673,14258.2125,61438.9197,-516284.2331,-438197.8336,-454845.3134
2810000,2390.0198,14144.5166,61881.7964,-515925.5551,-437509.2223,-454043.7587
2811000,2387.979,14302.5437,61957.8804,-516314.5216,-437666.1185,-454356.64119999995
2812000,2383.2558,14187.4727,62186.8528,-516215.1179,-437457.5366,-454028.2651
2813000,2368.5156,14136.6738,61668.535,-515531.9364,-437358.212,-453863.4014
2814000,2367.3541,14127.8437,62251.6295,-515925.0347,-437178.2074,-453673.40520000004
2815000,2385.7589,14283.2595,62184.5264,-516913.4347,-438059.88989999995,-454728.9083
2816000,2386.3222,14261.566,61381.4389,-515105.0727,-437075.7456,-453723.6338
2817000,2358.5875,14139.5316,62029.8723,-516179.4318,-437651.4404,-454149.55950000003
2818000,2436.4605,14242.3782,62370.2288,-516373.0147,-437323.9472,-454002.7859
2819000,2394.6903,14144.8781,61868.2933,-515728.3125,-437320.4508,-453860.0192
2820000,2383.6935,14237.1812,61872.1562,-515711.6866,-437218.6557,-453839.53040000005
2821000,2377.1239,14201.8342,61828.5761,-515298.5542,-436891.02,-453469.9781
2822000,2393.6231,14186.2498,61677.1275,-515441.7365,-437184.7361,-453764.609
2823000,2371.1892,14226.982,61926.9053,-515414.4148,-436889.33830000006,-453487.50950000004
2824000,2332.6391,14228.7403,62468.9476,-516133.5509,-437103.2239,-453664.60329999996
2825000,2391.2196,14242.6122,61682.208,-515172.8375,-436856.7977,-453490.62950000004
2826000,2378.4327,14312.5241,62183.5986,-515953.1089,-437078.5535,-453769.51029999997
2827000,2369.06,14222.5323,62131.6835,-516446.911,-437723.6352,-454315.22750000004
2828000,2384.0628,14177.2966,62099.1576,-516260.0986,-437599.58160000003,-454160.94100000005
2829000,2380.2771,14180.465,61853.8278,-515312.4939,-436897.924,-453458.66610000003
2830000,2406.5003,14241.5116,62191.0567,-515545.0335,-436705.9649,-453353.9768
2831000,2387.8997,14197.1269,61989.9964,-514861.4892,-436286.4662,-452871.4928
2832000,2380.5874,14254.852,62002.1355,-515793.4549,-437155.88,-453791.31940000004
2833000,2383.6303,14242.7196,61617.8304,-515300.422,-437056.2417,-453682.59160000004
2834000,2411.0714,14244.0946,61821.2202,-516030.858,-437554.4718,-454209.6378
2835000,2388.9438,14136.8441,62568.8716,-516476.6213,-437381.9618,-453907.7497
2836000,2377.916,14180.4183,62226.3183,-516326.6057,-437541.95310000004,-454100.28740000003
2837000,2398.9855,14219.7431,62064.198,-515699.0638,-437016.1372,-453634.8658
2838000,2358.7514,14108.28,62245.4622,-516744.7775,-438032.28390000004,-454499.3153
2839000,2358.9398,14187.2832,61714.5998,-516125.3956,-437864.57279999997,-454410.79579999996
2840000,2379.5328,14198.2923,62225.3808,-515942.0938,-437138.8879,-453716.713
2841000,2383.1202,14228.1846,61853.2456,-515253.6017,-436789.0513,-453400.3561
2842000,2354.9938,14128.8109,62378.3824,-516866.1045,-438003.91740000003,-454487.7221
2843000,2380.2544,14214.1545,62544.3438,-517015.7752,-437877.02249999996,-454471.4314
2844000,2377.3309,14222.9149,62173.1894,-516902.7701,-438129.3349,-454729.58070000005
2845000,2367.6702,14196.658,62272.3743,-516703.4372,-437866.7347,-454431.06289999996
2846000,2346.7091,14194.5075,62641.1684,-516818.4212,-437636.0362,-454177.25279999996
2847000,2399.3567,14232.6631,61633.6488,-515583.4904,-437317.82180000003,-453949.8416
2848000,2369.7989,14202.0562,62271.2027,-516702.6116,-437859.5538,-454431.4089
2849000,2383.075,14292.4616,61899.5369,-515830.7507,-437255.6772,-453931.21379999997
2850000,2380.0735,14295.25,62785.27,-517186.5063,-437725.91280000005,-454401.2363
2851000,2380.6295,14272.631,61691.2248,-515950.4946,-437606.0093,-454259.26979999995
2852000,2389.6172,14346.8447,62069.5871,-516163.334,-437357.285,-454093.74689999997
2853000,2379.3852,14301.313,62496.9409,-516672.145,-437494.5059,-454175.20410000003
2854000,2374.8711,14162.488,62160.748,-516594.0814,-437895.9743,-454433.3334
2855000,2379.5638,14207.1633,62545.415,-516863.6527,-437731.5106,-454318.2377
2856000,2399.5643,14157.7365,62079.8659,-515692.1371,-437054.9704,-453612.2712
2857000,2382.7979,14313.9897,61875.5639,-515022.7293,-436450.3778,-453147.1654
2858000,2391.796,14237.9529,61728.3985,-515831.8841,-437473.7367,-454103.4856
2859000,2373.2995,14318.4482,61547.7858,-515505.9584,-437266.4249,-453958.1726
2860000,2369.4127,14225.196,62028.7444,-515271.572,-436648.2189,-453242.82759999996
2861000,2360.3416,14265.3227,62194.0661,-516302.1819,-437482.4515,-454108.1158
2862000,2370.5489,14280.6398,61866.7128,-516338.018,-437820.1165,-454471.3052
2863000,2384.7795,14282.65,61988.7377,-516480.6657,-437824.4985,-454491.928
2864000,2368.2572,14220.2827,62202.8604,-516601.1383,-437809.738,-454398.2779
2865000,2384.6983,14164.0258,61932.3332,-515958.9593,-437477.902,-454026.6261
2866000,2374.1416,14311.0399,62442.0765,-516323.5507,-437196.2927,-453881.4742
2867000,2370.9794,14263.5022,62724.8831,-517240.1882,-437880.82349999994,-454515.3051
2868000,2366.4478,14244.2436,61961.0192,-516410.9469,-437839.2363,-454449.9277
2869000,2388.2943,14252.629,62609.0061,-517143.8873,-437893.95790000004,-454534.8812
2870000,2396.7258,14203.5367,61907.4277,-515880.5935,-437372.9033,-453973.1658
2871000,2371.5498,14162.0435,61602.8401,-515279.021,-437142.58759999997,-453676.18090000004
2872000,2354.3901,14317.0916,61745.308,-515133.4023,-436716.6126,-453388.0943
2873000,2353.562,14250.7456,62457.7278,-515884.8497,-436822.8143,-453427.1219
2874000,2374.1009,14280.803,61934.1568,-515605.9764,-437016.9157,-453671.8196
2875000,2412.8935,14184.318,61683.5124,-515002.416,-436721.69210000004,-453318.9036
2876000,2380.7186,14272.1277,62017.7211,-515992.7583,-437322.1909,-453975.03719999996
2877000,2345.832,14166.1508,62810.4484,-516597.9191,-437275.4879,-453787.4707
2878000,2357.1901,14236.8962,62025.6603,-515890.0526,-437270.306,-453864.3923
2879000,2375.888,14202.3248,61710.5425,-514893.0047,-436604.2494,-453182.4622
2880000,2415.211,14349.4284,62125.7544,-516088.5198,-437198.12600000005,-453962.76540000003
2881000,2369.0681,14277.8703,61945.4271,-516112.7385,-437520.37299999996,-454167.3114
2882000,2381.0951,14285.7484,62238.9584,-516168.9785,-437263.1766,-453930.0201
2883000,2346.7389,14255.3465,62077.9113,-515714.4411,-437034.4444,-453636.5298
2884000,2380.2744,14338.4663,62229.6322,-516235.0563,-437286.6834,-454005.4241
2885000,2389.9043,14346.3763,62088.9756,-516480.5023,-437655.2461,-454391.5267
2886000,2348.6096,14195.9249,61957.7367,-515858.5652,-437356.294,-453900.8285
2887000,2377.1316,14261.0504,61833.3321,-515595.2837,-437123.7696,-453761.95160000003
2888000,2398.5994,14379.2076,62071.1035,-516262.3863,-437413.4758,-454191.28280000004
2889000,2393.4215,14184.8142,61905.1013,-515823.9854,-437340.6484,-453918.8841
2890000,2374.402,14258.5572,62313.3109,-516519.0037,-437572.73360000004,-454205.6928
2891000,2364.2791,14257.1535,61396.7097,-514964.1084,-436945.9661,-453567.3987
2892000,2384.5007,14209.0885,62039.8505,-516047.9304,-437414.4907,-454008.0799
2893000,2393.5122,14235.6258,62419.0769,-516393.8394,-437345.62450000003,-453974.7625
2894000,2342.4605,14223.1402,61721.0368,-516129.4657,-437842.8282,-454408.4289
2895000,2366.8132,14276.0207,62611.759,-516883.4421,-437628.8492,-454271.68309999997
2896000,2376.9745,14218.6132,62031.8005,-516753.6753,-438126.2871,-454721.8748
2897000,2383.2722,14319.9977,62411.2289,-516800.8159,-437686.3171,-454389.587
2898000,2394.0483,14214.614,61850.2791,-515589.1781,-437130.2367,-453738.89900000003
2899000,2374.726,14244.5642,62196.0488,-516788.0279,-437972.6889,-454591.9791
2900000,2373.2802,14195.0457,61965.6872,-516076.565,-437542.5519,-454110.8778
2901000,2413.2546,14305.3214,62394.4989,-517102.907,-437989.8321,-454708.4081
2902000,2373.5599,14200.1319,61953.7443,-515996.3744,-437468.9383,-454042.63009999995
2903000,2385.4407,14301.4054,62270.9896,-516748.2857,-437790.45,-454477.29610000004
2904000,2365.96,14261.1392,62256.1328,-516313.8256,-437430.59359999996,-454057.69279999996
2905000,2374.1047,14300.2098,61880.2821,-516550.5292,-437995.9326,-454670.2471
2906000,2383.8694,14272.0992,61715.1318,-515509.3619,-437138.2615,-453794.23010000004
2907000,2384.6989,14290.4654,61799.4219,-515343.2927,-436868.7065,-453543.8708
2908000,2366.6664,14223.183,62209.7785,-516057.9548,-437258.3269,-453848.1763
2909000,2401.1532,14259.2204,62074.3067,-516192.7773,-437458.097,-454118.4706
2910000,2387.2212,14276.6046,62411.5466,-517303.9656,-438228.5932,-454892.419
2911000,2399.2051,14325.2632,61852.0341,-515942.103,-437365.6006,-454090.0689
2912000,2363.9022,14332.1036,62138.2794,-516746.1723,-437911.8871,-454607.8929
2913000,2387.749,14293.2525,62070.8643,-516724.6085,-437972.74269999994,-454653.74419999996
2914000,2406.2547,14290.6859,61985.5524,-515984.3732,-437301.88019999996,-453998.8208
2915000,2386.4814,14323.333,61964.9198,-516052.3872,-437377.653,-454087.46739999996
2916000,2398.3247,14186.2018,62165.8685,-516397.0427,-437646.6477,-454231.1742
2917000,2385.4427,14412.6529,61782.3564,-516215.7732,-437635.3212,-454433.4168
2918000,2401.9714,14260.5865,61501.3464,-515553.4841,-437389.5798,-454052.1377
2919000,2362.2564,14250.6107,62010.1476,-515692.8151,-437069.8004,-453682.6675
2920000,2351.6988,14263.8568,61744.388,-516292.1159,-437932.1723,-454547.7279
2921000,2374.1046,14322.0586,61865.5613,-516029.2032,-437467.4787,-454163.6419
2922000,2387.6568,14277.6323,61655.5879,-516367.9242,-438047.04720000003,-454712.3363
2923000,2390.4572,14297.2061,61382.6544,-515429.2222,-437358.9045,-454046.5678
2924000,2386.2714,14245.6473,61630.6111,-515159.3466,-436896.8168,-453528.7355
2925000,2408.7347,14271.0958,61382.6231,-515936.9685,-437874.5149,-454554.3454
2926000,2381.6214,14238.4598,61766.7441,-515921.3262,-437534.5009,-454154.5821
2927000,2363.91,14356.2877,62134.4988,-516732.0766,-437877.38009999995,-454597.57779999997
2928000,2397.399,14413.6115,61809.9898,-516202.6155,-437581.6152,-454392.62570000003
2929000,2370.2398,14277.8965,61530.1491,-515462.8472,-437284.5618,-453932.69810000004
2930000,2369.3505,14345.6469,62051.1021,-515977.0608,-437210.96129999997,-453925.95869999996
2931000,2357.3203,14258.2667,61946.1772,-515886.6282,-437324.86399999994,-453940.451
2932000,2351.7978,14285.0025,61966.8532,-516141.554,-437537.9005,-454174.7008
2933000,2373.5313,14301.1231,62271.17,-516600.8915,-437655.06710000004,-454329.72150000004
2934000,2372.9715,14371.2781,62171.4631,-516344.0426,-437428.3299,-454172.5795
2935000,2412.6631,14367.5274,62568.0482,-517417.4901,-438069.2514,-454849.4419
2936000,2379.2327,14319.0415,62159.3154,-516585.3287,-437727.7391,-454426.0133
2937000,2363.0171,14199.3731,61894.0781,-516273.4979,-437817.0296,-454379.41980000003
2938000,2378.0999,14182.0537,62023.4556,-516075.8865,-437492.2773,-454052.43090000004
2939000,2367.1825,14285.9994,61923.4622,-516445.5742,-437868.9301,-454522.11199999996
2940000,2381.9891,14223.7772,62024.3773,-516368.6611,-437738.5175,-454344.28380000003
2941000,2399.6367,14344.9335,61868.8154,-515751.018,-437137.6324,-453882.20259999996
2942000,2382.5783,14211.0096,62175.5368,-516348.0417,-437578.917,-454172.5049
2943000,2421.2911,14327.1503,61702.7706,-515602.4998,-437151.2878,-453899.7292
2944000,2406.5794,14252.4161,62354.8012,-516876.6365,-437862.8398,-454521.83530000004
2945000,2386.8253,14250.0321,62147.2546,-516670.1068,-437885.9948,-454522.8522
2946000,2386.8426,14276.9563,62311.7144,-517381.0601,-438405.5468,-455069.3457
2947000,2383.5525,14293.1175,62204.8283,-516733.1419,-437851.64359999995,-454528.3136
2948000,2402.6551,14299.2679,61914.2476,-515823.9469,-437207.77629999997,-453909.6993
2949000,2361.3183,14185.8515,61653.7913,-515791.4138,-437590.45269999997,-454137.6225
2950000,2376.9715,14309.1217,61641.3678,-515698.9834,-437371.5224,-454057.6156
2951000,2421.8595,14265.9992,62015.8669,-516610.1833,-437906.45769999997,-454594.31639999995
2952000,2351.2519,14304.5248,61952.6154,-516110.6351,-437502.243,-454158.0197
2953000,2356.3676,14300.4822,62198.8985,-516797.3893,-437941.64099999995,-454598.49079999997
2954000,2390.2701,14311.0087,62120.5721,-516548.4002,-437726.54929999996,-454427.8281
2955000,2388.0755,14215.9733,61881.207,-516038.5518,-437553.29600000003,-454157.3448
2956000,2359.8526,14380.2202,61939.6249,-516602.8765,-437923.1788,-454663.2516
2957000,2407.0928,14326.7673,62259.5987,-516527.5859,-437534.12710000004,-454267.9872
2958000,2402.5945,14335.807,61994.3156,-516101.4152,-437368.6981,-454107.09959999996
2959000,2383.8256,14261.7691,62622.8573,-517307.9646,-438039.5126,-454685.10730000003
2960000,2399.1277,14235.5473,62015.5998,-516144.0253,-437493.75049999997,-454128.42549999995
2961000,2372.5057,14229.7034,61728.0415,-515872.498,-437542.2474,-454144.45650000003
2962000,2378.3512,14178.1232,61961.1059,-515961.2763,-437443.696,-454000.1704
2963000,2393.6937,14248.8338,61852.3559,-516606.8779,-438111.99450000003,-454754.522
2964000,2395.265,14239.6958,62258.8755,-516480.3337,-437586.4974,-454221.4582
2965000,2399.9546,14255.2358,61671.325,-515969.9291,-437643.41370000003,-454298.6041
2966000,2369.0942,14215.5246,61777.493,-516169.0058,-437806.894,-454391.51279999997
2967000,2385.152,14301.2121,61881.3548,-516431.5021,-437863.78319999995,-454550.14729999995
2968000,2368.5359,14155.6297,62302.6035,-516321.8105,-437495.0414,-454019.20700000005
2969000,2402.0276,14330.2424,62407.5726,-516417.7432,-437277.90060000005,-454010.1706
2970000,2367.5695,14298.0864,61816.0972,-516575.9075,-438094.1544,-454759.81029999995
2971000,2402.2068,14242.4272,62303.4281,-516824.5816,-437876.5195,-454521.15349999996
2972000,2342.3147,14219.8373,61964.16,-516704.1386,-438177.82660000003,-454739.97860000003
2973000,2361.7702,14155.1142,61739.566,-515456.0129,-437199.5625,-453716.4469
2974000,2363.4514,14212.3163,61669.9963,-515738.7763,-437493.01230000006,-454068.78
2975000,2398.4876,14172.2305,61286.8552,-515066.395,-437208.82170000003,-453779.5398
2976000,2382.1011,14269.131,61661.697,-515563.4616,-437250.5325,-453901.7646
2977000,2363.1565,14301.1364,61219.1351,-514580.5564,-436697.1284,-453361.4213
2978000,2322.1141,14178.0975,61659.4352,-515654.6118,-437494.965,-453995.1766
2979000,2356.5319,14238.1207,61613.5657,-516090.9983,-437882.77999999997,-454477.4326
2980000,2389.7123,14223.6824,62097.0808,-516247.6467,-437537.1712,-454150.5659
2981000,2378.4099,14211.7322,62325.4578,-516618.1561,-437702.5562,-454292.69830000005
2982000,2360.9908,14126.8385,62361.1038,-516788.4673,-437939.5342,-454427.36350000004
2983000,2357.4737,14288.9303,62129.9398,-516756.3852,-437980.0414,-454626.4454
2984000,2350.4397,14298.6153,62131.1648,-516326.2666,-437546.0468,-454195.10179999995
2985000,2382.8273,14244.2394,61669.2131,-515487.3277,-437191.0479,-453818.11460000003
2986000,2365.4289,14151.1342,61814.1053,-515799.0706,-437468.4022,-453984.9653
2987000,2383.3126,14248.8433,61669.2073,-515471.6626,-437170.29939999996,-453802.4553
2988000,2362.9575,14215.9176,61625.8775,-515566.4536,-437361.701,-453940.5761
2989000,2365.2749,14232.6062,61692.2941,-515688.0682,-437397.893,-453995.7741
2990000,2389.4965,14339.0406,61801.2182,-515979.3859,-437449.6306,-454178.1677
2991000,2366.0539,14224.3149,62395.2806,-516491.5549,-437505.9055,-454096.2743
2992000,2343.9965,14318.9303,61844.7174,-516242.5105,-437734.8663,-454397.79309999995
2993000,2390.6132,14330.6202,61861.227,-516033.6584,-437451.19800000003,-454172.4314
2994000,2391.7826,14237.6989,62477.5438,-516570.1848,-437463.1595,-454092.641
2995000,2392.8405,14285.1063,62283.7397,-516497.5205,-437535.834,-454213.7808
2996000,2399.9972,14258.4833,61866.9989,-515878.0328,-437352.5534,-454011.0339
2997000,2342.2887,14257.9457,61681.926,-515470.709,-437188.5486,-453788.783
2998000,2336.9367,14207.4945,61903.2389,-515925.2983,-437477.62820000004,-454022.0594
2999000,2373.2822,14197.1997,62155.4946,-516378.6961,-437652.7196,-454223.2015
3000000,2342.779,14253.0754,61649.0869,-515798.4282,-437553.4869,-454149.34130000003
3001000,2379.8785,14240.1332,62126.579,-516220.6974,-437474.1067,-454094.11840000004
3002000,2403.2624,14383.0243,61896.8181,-516059.9365,-437376.8317,-454163.11840000004
3003000,2379.9709,14312.9375,62044.0047,-516820.8645,-438083.9514,-454776.85980000003
3004000,2363.6607,14213.0277,61942.3959,-516679.2928,-438160.2085,-454736.8969
3005000,2397.4338,14350.5086,61582.766,-515505.7028,-437174.9944,-453922.9368
3006000,2412.563,14267.6522,62141.1485,-516062.0085,-437240.6448,-453920.86
3007000,2386.4438,14229.6644,62254.5204,-516769.9005,-437899.2719,-454515.3801
3008000,2360.0751,14164.9347,61381.8906,-515543.5688,-437636.6684,-454161.6782
3009000,2381.0978,14199.0902,61513.0243,-514690.8282,-436597.6159,-453177.8039
3010000,2392.7456,14263.2793,61818.8945,-515621.4094,-437146.49,-453802.5149
3011000,2354.0221,14345.1449,61947.307,-516143.2022,-437496.7282,-454195.8952
3012000,2384.3613,14248.0286,62078.5443,-516092.7899,-437381.85569999996,-454014.24559999997
3013000,2407.2122,14364.5466,62174.5816,-516031.9636,-437085.62320000003,-453857.38200000004
3014000,2379.5603,14257.5549,61984.1792,-516545.3162,-437924.0218,-454561.137
3015000,2357.6186,14292.3446,62400.8825,-516842.7783,-437791.9326,-454441.8958
3016000,2375.2098,14167.5281,62567.5428,-517257.2349,-438146.9542,-454689.6921
3017000,2365.2894,14320.1398,62392.6334,-516925.0086,-437846.946,-454532.3752
3018000,2380.7808,14235.8407,62171.4631,-516415.0672,-437626.9826,-454243.6041
3019000,2390.5936,14314.6542,62132.3045,-516120.4879,-437282.9356,-453988.1834
3020000,2392.1853,14228.3551,61686.7801,-515319.8235,-437012.503,-453633.04339999997
3021000,2385.7924,14349.7754,62356.884,-516844.6763,-437752.2245,-454487.7923
3022000,2387.5488,14295.8011,61870.3661,-516873.2791,-438319.56309999997,-455002.913
3023000,2359.5257,14327.0815,61854.755,-515737.3053,-437195.94310000003,-453882.5503
3024000,2347.1185,14333.626,62057.586,-515935.0284,-437196.6979,-453877.4424
3025000,2368.5148,14257.3199,61837.5316,-515609.677,-437146.31070000003,-453772.14540000004
3026000,2410.4158,14300.0373,62217.7423,-516282.3433,-437354.1479,-454064.601
3027000,2367.2653,14214.0184,62582.676,-516824.8674,-437660.9077,-454242.1914
3028000,2381.0239,14302.5044,61807.9937,-516093.8871,-437602.3651,-454285.8934
3029000,2377.9237,14223.3459,61503.7383,-516031.9113,-437926.90339999995,-454528.17299999995
3030000,2395.624,14282.0704,62012.6385,-515867.6861,-437177.3532,-453855.0476
3031000,2401.1984,14330.3515,61637.6678,-515344.3204,-436975.10270000005,-453706.65260000003
3032000,2403.4103,14399.4379,61782.6823,-516027.153,-437441.6225,-454244.4707
3033000,2379.1871,14211.5849,61881.2311,-516022.1576,-437550.15449999995,-454140.9265
3034000,2383.7945,14255.4422,62096.0552,-516560.9374,-437825.6455,-454464.8822
3035000,2364.7778,14306.5937,62353.9233,-516676.7688,-437651.47400000005,-454322.8455
3036000,2386.8084,14284.8438,61935.1379,-516011.8889,-437405.09880000004,-454076.75100000005
3037000,2383.7728,14306.4061,62109.5589,-516173.0675,-437373.3297,-454063.5086
3038000,2359.8412,14314.8948,62119.8223,-516027.9536,-437233.3953,-453908.1313
3039000,2373.0696,14220.1733,61682.6711,-515021.7169,-436745.8029,-453339.0458
3040000,2368.8557,14282.5478,61698.0486,-516077.9129,-437728.4608,-454379.8643
3041000,2358.6423,14127.4188,62595.2942,-517120.5233,-438039.168,-454525.2291
3042000,2362.0092,14129.145,62467.2243,-516912.198,-437953.8195,-454444.9737
3043000,2324.1157,14167.8605,61764.7547,-515533.6689,-437276.93799999997,-453768.9142
3044000,2365.777,14193.9521,62021.2036,-516193.059,-437612.1263,-454171.8554
3045000,2375.6417,14298.6692,62329.5017,-516932.6295,-437928.8169,-454603.12779999996
3046000,2391.2545,14285.0129,62305.6961,-517258.3335,-438276.37,-454952.6374
3047000,2374.2531,14298.4292,61659.088,-515320.7648,-436988.99450000003,-453661.6768
3048000,2337.0527,14212.849,61839.9661,-515738.7304,-437348.8626,-453898.7643
3049000,2360.1698,14273.8618,62069.7829,-516116.8642,-437413.0497,-454047.0813
3050000,2402.8086,14274.2242,62045.3099,-516165.6609,-437443.3182,-454120.351
3051000,2382.1638,14262.192,62319.5585,-516427.6832,-437463.7689,-454108.12470000004
3052000,2347.533,14145.6885,62219.52,-516075.5703,-437362.8288,-453856.0503
3053000,2365.3772,14273.7593,61811.8813,-515744.1693,-437293.15150000004,-453932.288
3054000,2410.2002,14357.6309,61674.5564,-515894.5002,-437452.1127,-454219.9438
3055000,2404.254,14237.965,61697.8465,-515252.8972,-436912.8317,-453555.0507
3056000,2366.6451,14240.1172,62102.6076,-516160.3487,-437450.9788,-454057.7411
3057000,2402.1867,14160.3397,62520.6,-517068.7524,-437985.626,-454548.1524
3058000,2361.4449,14290.2622,61943.6858,-516092.5863,-437497.1934,-454148.90050000005
3059000,2385.0076,14190.8293,62112.1709,-516121.0341,-437433.0263,-454008.8632
3060000,2354.3729,14193.9903,62344.2998,-516346.4868,-437453.8238,-454002.18700000003
3061000,2398.0046,14156.9223,61936.1792,-516726.7532,-438235.64709999994,-454790.57399999996
3062000,2349.6471,14151.5355,62342.414,-516228.6758,-437385.07920000004,-453886.26180000004
3063000,2394.01,14238.8439,62390.7641,-516393.2151,-437369.59709999996,-454002.451
3064000,2373.0296,14197.9878,61736.2412,-515702.474,-437395.2154,-453966.2328
3065000,2359.6087,14243.6857,62073.8728,-516628.7027,-437951.5355,-454554.8299
3066000,2391.7353,14293.9733,62410.3229,-516910.5817,-437814.5502,-454500.25879999995
3067000,2393.6329,14285.1212,62130.2313,-516486.4266,-437677.4412,-454356.1953
3068000,2406.6978,14354.2245,62817.8333,-517319.2543,-437740.4987,-454501.421
3069000,2355.8322,14372.7729,61907.0731,-516663.0977,-438027.41949999996,-454756.0246
3070000,2386.2484,14226.0456,61646.1969,-515889.5011,-437631.0102,-454243.3042
3071000,2361.5723,14189.8112,61827.1683,-516012.6035,-437634.0517,-454185.4352
3072000,2346.6454,14166.5863,62158.2452,-516015.0286,-437343.5517,-453856.7834
3073000,2380.106,14255.5311,62116.8901,-516335.3043,-437582.7771,-454218.4142
3074000,2386.8753,14257.0538,61927.0576,-516150.317,-437579.3303,-454223.2594
3075000,2444.9229,14295.9551,62507.3346,-516362.6181,-437114.4055,-453855.2835
3076000,2396.9152,14146.448,62159.0709,-516092.4983,-437390.06419999996,-453933.4274
3077000,2375.1427,14257.9471,62281.0639,-516347.6752,-437433.52150000003,-454066.6113
3078000,2370.3903,14262.0939,61877.9615,-516122.1242,-437611.67850000004,-454244.16270000004
3079000,2394.5261,14212.0238,61843.2629,-515503.7345,-437053.9217,-453660.47160000005
3080000,2397.5551,14227.3705,62027.263,-516080.2544,-437428.0658,-454052.9914
3081000,2334.363,14208.4983,62306.2121,-516986.7744,-438137.701,-454680.5623
3082000,2369.2699,14228.0744,62534.8661,-516833.3818,-437701.1714,-454298.5157
3083000,2372.7136,14251.4503,61848.7827,-515667.5186,-437194.57200000004,-453818.7359
3084000,2390.8839,14252.6582,62075.971,-516774.1513,-438054.63820000004,-454698.1803
3085000,2385.1641,14261.2524,61570.0702,-515795.5854,-437579.0987,-454225.51519999997
3086000,2362.8274,14438.8262,61794.6556,-515908.2735,-437311.9643,-454113.6179
3087000,2381.0746,14276.8493,61763.1224,-515934.903,-437513.8567,-454171.7806
3088000,2410.2124,14232.5265,62044.946,-515782.6669,-437094.982,-453737.7209
3089000,2349.3191,14143.4955,62181.7759,-516300.8251,-437626.2346,-454119.0492
3090000,2390.8566,14232.0054,61878.0877,-515835.8066,-437334.8569,-453957.71890000004
3091000,2358.9794,14186.2013,61653.6068,-515950.3778,-437751.59030000004,-454296.771
3092000,2388.3042,14280.2662,62018.3162,-516164.3622,-437477.4756,-454146.046
3093000,2375.1237,14249.7985,62354.8781,-516132.3204,-437152.5201,-453777.4423
3094000,2369.5854,14170.5552,62082.8848,-516063.6625,-437440.6371,-453980.7777
3095000,2375.1164,14185.6014,61712.7518,-515196.0182,-436922.5486,-453483.26639999996
3096000,2414.4097,14361.2725,61894.3968,-516342.6469,-437672.5679,-454448.2501
3097000,2352.1209,14121.7803,62154.9227,-516020.2183,-437391.3944,-453865.2956
3098000,2377.7357,14272.2287,62123.7465,-516259.3956,-437485.6847,-454135.6491
3099000,2371.6705,14270.4546,61723.5871,-515454.6936,-437088.9814,-453731.1065
3100000,2377.7748,14159.7698,62234.373,-515964.4799,-437192.5623,-453730.10689999996
3101000,2370.1664,14237.9949,62127.7769,-515863.1963,-437127.2581,-453735.4194
3102000,2398.0677,14280.5251,62077.301,-516350.1864,-437594.2926,-454272.8854
3103000,2377.4869,14210.8638,62179.8076,-516716.5503,-437948.392,-454536.7427
3104000,2357.4456,14244.4929,62552.236,-516944.6703,-437790.49580000003,-454392.4343
3105000,2332.1914,14205.1983,61512.5702,-515678.3403,-437628.38039999997,-454165.77009999997
3106000,2368.8511,14198.5969,61809.6743,-515585.4511,-437208.3288,-453775.7768
3107000,2370.7487,14253.1377,61783.7322,-515519.799,-437112.1804,-453736.06680000003
3108000,2384.3288,14219.1508,62003.5171,-515906.6295,-437299.6328,-453903.1124
3109000,2386.9908,14229.8424,61467.3313,-514983.7524,-436899.5879,-453516.4211
3110000,2383.4131,14287.6091,61620.1783,-516165.0273,-437873.82680000004,-454544.84900000005
3111000,2341.8367,14273.1097,62246.7236,-516587.328,-437725.658,-454340.60439999995
3112000,2376.8453,14297.2953,62072.4483,-516322.8231,-437576.23419999995,-454250.3748
3113000,2369.302,14195.4927,62366.2177,-516310.3201,-437379.3077,-453944.10240000003
3114000,2348.8465,14192.3168,61645.7594,-515660.3835,-437473.4608,-454014.6241
3115000,2385.5764,14280.3097,61762.9761,-515564.3775,-437135.51529999997,-453801.4014
3116000,2364.0609,14328.0105,62059.4888,-515927.6449,-437176.0847,-453868.1561
3117000,2346.1741,14248.7236,61810.3623,-515505.864,-437100.604,-453695.5017
3118000,2400.6394,14194.5207,61265.0764,-515276.1189,-437415.8824,-454011.0425
3119000,2371.7635,14181.6609,62232.1087,-516345.057,-437559.5239,-454112.9483
3120000,2366.0567,14293.5899,62276.7798,-516518.5576,-437582.1312,-454241.7778
3121000,2381.8326,14300.5461,61714.0284,-515538.557,-437142.14989999996,-453824.52859999996
3122000,2380.0011,14322.0691,61754.8918,-515678.2124,-437221.2504,-453923.32060000004
3123000,2370.3206,14230.4233,61733.0753,-515423.8351,-437090.0159,-453690.7598
3124000,2390.3371,14266.6697,62414.9916,-516845.4423,-437773.4439,-454430.4507
3125000,2367.3312,14200.5563,61943.6725,-516319.8308,-437808.2708,-454376.1583
3126000,2357.8734,14197.6558,62073.6832,-516428.8998,-437799.6874,-454355.21660000004
3127000,2375.0996,14366.9096,62468.8664,-516785.206,-437574.3304,-454316.3396
3128000,2352.8586,14213.7171,62520.9557,-516903.297,-437815.76560000004,-454382.34130000003
3129000,2395.5233,14264.8925,62144.827,-516844.7655,-438039.5227,-454699.9385
3130000,2383.6205,14195.8347,62058.4848,-516449.1519,-437811.2119,-454390.6671
3131000,2400.522,14132.5008,62270.5849,-516942.2516,-438138.6439,-454671.6667
3132000,2363.4412,14304.2163,62040.6325,-516387.8271,-437679.53709999996,-454347.1946
3133000,2376.5121,14204.0744,61633.0177,-516390.419,-438176.8148,-454757.4013
3134000,2398.0229,14275.962,61889.187,-515856.0512,-437292.8793,-453966.8642
3135000,2374.0215,14256.398,61718.2811,-515954.539,-437605.8384,-454236.25789999997
3136000,2389.5967,14219.4738,62269.1839,-516089.0339,-437210.77949999995,-453819.85
3137000,2380.8749,14202.9492,61700.9334,-515813.7902,-437529.0327,-454112.8568
3138000,2374.7744,14275.8419,61979.0497,-516327.5284,-437697.8624,-454348.4787
3139000,2379.9689,14259.0558,61664.4775,-515047.7458,-436744.2436,-453383.2683
3140000,2369.2337,14296.0606,61408.2364,-515110.9348,-437037.4041,-453702.6984
3141000,2339.1973,14201.4061,61874.3189,-515341.8009,-436926.87859999994,-453467.48199999996
3142000,2372.4823,14202.6469,61881.9823,-515948.3362,-437491.2247,-454066.3539
3143000,2374.3489,14312.1858,62207.2547,-516005.1144,-437111.325,-453797.85970000003
3144000,2350.9722,14151.5717,62092.4297,-516519.7499,-437924.7763,-454427.3202
3145000,2402.9689,14265.9235,62081.7638,-516996.3241,-438245.6679,-454914.5603
3146000,2354.6967,14278.2433,61995.4649,-516550.5657,-437922.16079999995,-454555.10079999996
3147000,2388.7594,14067.5792,61647.2459,-515609.8578,-437506.2733,-453962.6119
3148000,2346.8686,14215.7761,62053.3944,-515905.5739,-437289.5348,-453852.1795
3149000,2339.7817,14224.0654,61766.7687,-515732.7544,-437402.13859999995,-453965.98569999996
3150000,2362.7668,14240.5271,62373.3898,-516246.1775,-437269.4938,-453872.7877
3151000,2372.2913,14314.8093,62153.4199,-516967.5854,-438127.0649,-454814.1655
3152000,2391.1525,14177.4096,62384.0306,-516190.7036,-437238.11089999997,-453806.673
3153000,2384.4301,14235.6248,61798.287,-515994.1288,-437575.7869,-454195.8418
3154000,2381.8812,14299.5674,62343.6449,-516659.6752,-437634.5817,-454316.0303
3155000,2393.4894,14274.6948,62480.2865,-517052.842,-437904.3713,-454572.5555
3156000,2380.0716,14252.7377,62009.4965,-516252.7495,-437610.44369999995,-454243.25299999997
3157000,2389.6081,14280.0752,61996.6401,-516180.2913,-437513.9679,-454183.65119999996
3158000,2363.2952,14424.3629,62131.938,-516190.6254,-437271.02930000005,-454058.6874
3159000,2396.8334,14181.4628,61720.2453,-515681.3227,-437382.7812,-453961.0774
3160000,2352.282,14184.3386,62130.3311,-516130.3498,-437463.3981,-454000.0187
3161000,2353.9895,14179.0617,61761.141,-516279.2922,-437985.10000000003,-454518.1512
3162000,2385.9375,14277.5426,61619.2106,-515601.4966,-437318.80590000004,-453982.286
3163000,2370.3048,14251.5068,61762.8057,-515635.4067,-437250.7894,-453872.601
3164000,2375.9878,14287.0289,61698.1756,-516074.6489,-437713.4566,-454376.47329999995
3165000,2357.7832,14120.3832,62081.9947,-516276.5216,-437716.36049999995,-454194.5269
3166000,2375.5534,14236.0299,61619.6095,-515896.203,-437665.0102,-454276.59349999996
3167000,2379.6536,14253.3607,62139.4376,-516420.8896,-437648.4377,-454281.452
3168000,2404.3916,14218.9406,62026.138,-516052.9092,-437403.439,-454026.7712
3169000,2359.3176,14126.9898,61703.9642,-515723.403,-437533.13139999995,-454019.4388
3170000,2379.3583,14221.9292,62108.3851,-515964.316,-437254.6434,-453855.9309
3171000,2388.9234,14234.4911,61595.6634,-515559.5443,-437340.46640000003,-453963.8809
3172000,2397.4498,14263.3891,62234.456,-515661.3296,-436766.0347,-453426.8736
3173000,2365.0897,14249.1068,62257.2301,-516324.5181,-437453.0915,-454067.288
3174000,2376.486,14148.0158,61872.2338,-515342.4882,-436945.7526,-453470.25440000003
3175000,2393.6242,14199.0269,61549.3285,-514770.3563,-436628.37669999996,-453221.0278
3176000,2373.3665,14196.5287,62368.7226,-516140.1587,-437201.5409,-453771.43610000005
3177000,2384.2442,14241.1464,62348.9878,-516794.7702,-437820.39180000004,-454445.7824
3178000,2370.4619,14198.6004,61973.0222,-515581.6166,-437039.5321,-453608.5944
3179000,2344.6938,14256.6303,61873.2339,-515755.5336,-437280.9756,-453882.29970000003
3180000,2358.1485,14227.9578,61242.7169,-514900.9435,-437072.1203,-453658.2266
3181000,2359.2591,14210.0336,61755.2695,-515413.2163,-437088.6541,-453657.9468
3182000,2355.3599,14245.0466,61536.0606,-515090.1288,-436953.6617,-453554.0682
3183000,2399.3912,14290.7216,62588.5047,-516501.7413,-437223.1238,-453913.2366
3184000,2370.5997,14212.5302,61942.9541,-516243.373,-437717.289,-454300.41890000005
3185000,2381.8492,14271.1335,62004.2116,-515922.583,-437265.3887,-453918.3714
3186000,2371.6657,14295.805,61921.6447,-516222.9655,-437633.8501,-454301.3208
3187000,2381.9699,14296.0431,62003.2166,-516620.3236,-437939.09400000004,-454617.107
3188000,2405.3459,14312.4379,61953.1843,-515971.4553,-437300.4872,-454018.27099999995
3189000,2394.2824,14287.372,61695.8549,-515740.3104,-437362.80110000004,-454044.45550000004
3190000,2350.9023,14225.1541,61596.6289,-515779.5892,-437606.9039,-454182.9603
3191000,2393.5633,14290.0478,62011.9757,-516142.6846,-437447.0978,-454130.70889999997
3192000,2392.0923,14242.5048,62137.3754,-516281.2419,-437509.2694,-454143.8665
3193000,2391.8422,14245.2794,62246.2072,-516642.0483,-437758.7195,-454395.8411
3194000,2390.263,14208.6806,61340.5465,-515141.0051,-437201.515,-453800.4586
3195000,2379.1407,14237.1135,61566.6396,-515800.6243,-437617.7305,-454233.98470000003
3196000,2388.5719,14219.4303,62430.9436,-516639.862,-437600.91620000004,-454208.9184
3197000,2344.0208,14237.6809,61780.7649,-516172.0641,-437809.59750000003,-454391.2992
3198000,2346.8173,14273.003,61922.6059,-516398.2285,-437855.80230000004,-454475.6226
3199000,2383.5025,14290.2278,61840.2794,-515653.1056,-437139.0959,-453812.8262
3200000,2375.8154,14322.0677,62483.6758,-516586.3595,-437404.8006,-454102.68370000005
3201000,2388.1072,14317.615,62365.1943,-516184.5826,-437113.66610000003,-453819.3883
3202000,2403.2084,14248.9398,61777.6828,-515753.4916,-437323.6606,-453975.8088
3203000,2397.7615,14223.0154,61470.6665,-515621.7118,-437530.2684,-454151.0453
3204000,2380.8819,14147.4055,61939.4206,-515813.3159,-437345.6079,-453873.8953
3205000,2372.5845,14319.0462,61180.9583,-514444.149,-436571.55999999994,-453263.1907
3206000,2388.3829,14315.9745,61813.1609,-516036.685,-437519.1667,-454223.5241
3207000,2369.2918,14274.3455,61511.0544,-515084.7462,-436930.05449999997,-453573.6918
3208000,2383.2588,14355.908,61665.8209,-515240.5968,-436835.6091,-453574.7759
3209000,2404.8336,14420.744,61926.4127,-515450.1706,-436698.1803,-453523.7579
3210000,2404.6057,14258.685,61758.8718,-515224.6257,-436802.4632,-453465.75389999995
3211000,2369.9643,14303.3159,61714.4171,-515531.4562,-437143.7589,-453817.0391
3212000,2422.9559,14319.0782,62241.7381,-515796.9456,-436813.17339999997,-453555.20749999996
3213000,2357.5991,14191.8524,61562.5317,-515703.4119,-437591.4287,-454140.8802
3214000,2431.45,14275.3696,61577.8553,-515380.1361,-437095.4612,-453802.2808
3215000,2338.93,14268.1755,61569.724,-515472.2005,-437295.371,-453902.4765
3216000,2341.8291,14317.417,62166.1285,-516453.8805,-437628.50590000005,-454287.75200000004
3217000,2383.2086,14296.7608,62115.9501,-516123.9823,-437328.06279999996,-454008.03219999996
3218000,2371.9067,14236.3133,61964.473,-515875.4187,-437302.72569999995,-453910.9457
3219000,2411.2406,14251.6103,62013.4055,-515940.4621,-437264.2057,-453927.0566
3220000,2382.5444,14289.2962,62688.0705,-517066.9954,-437707.0843,-454378.9249
3221000,2364.7536,14215.725,61512.695,-515220.6648,-437127.49120000005,-453707.9698
3222000,2314.8242,14320.9115,62147.5843,-516316.3197,-437532.9997,-454168.7354
3223000,2359.2894,14190.3327,61943.8895,-516006.8465,-437513.3349,-454062.957
3224000,2394.1824,14273.9367,61865.388,-515724.9447,-437191.4376,-453859.5567
3225000,2367.5229,14263.3805,62051.4458,-516937.5319,-438255.1827,-454886.0861
3226000,2356.7183,14161.2538,62171.9026,-515585.9216,-436896.0469,-453414.019
3227000,2350.5352,14278.2282,61577.9734,-515196.0632,-436989.32639999996,-453618.08979999996
3228000,2377.188,14257.0747,61386.8136,-515438.7032,-437417.6269,-454051.8896
3229000,2352.3557,14270.9535,61974.8084,-515821.2732,-437223.1556,-453846.4648
3230000,2351.8525,14268.2379,61884.4504,-515542.9391,-437038.3983,-453658.4887
3231000,2381.7567,14297.7565,61922.5434,-515837.8204,-437235.7638,-453915.277
3232000,2382.3461,14185.5307,61625.0429,-515371.3205,-437178.40079999994,-453746.2776
3233000,2368.9461,14227.4232,61765.9766,-515448.6447,-437086.2988,-453682.6681
3234000,2360.3515,14148.1764,62656.1991,-517322.9512,-438158.2242,-454666.75210000004
3235000,2337.234,14273.318,61587.7721,-515911.2774,-437712.95330000005,-454323.5053
3236000,2378.7947,14282.3308,62267.6662,-516628.4363,-437699.6446,-454360.7701
3237000,2386.6454,14244.7396,61842.2863,-516051.6094,-437577.9381,-454209.32310000004
3238000,2348.8939,14277.9589,62353.9053,-516347.2146,-437366.4565,-453993.3093
3239000,2367.0564,14260.4182,62440.6957,-517017.6752,-437949.5049,-454576.9795
3240000,2372.4369,14360.0513,61654.3125,-515280.3692,-436893.56850000005,-453626.0567
3241000,2383.9235,14292.3418,61729.0499,-515634.956,-437229.6408,-453905.9061
3242000,2375.9257,14289.0294,61726.7055,-516310.6023,-437918.9417,-454583.89680000005
3243000,2362.6335,14278.6439,62203.5371,-516682.9151,-437838.1006,-454479.37799999997
3244000,2368.791,14213.4215,62437.2042,-517011.1662,-437991.7495,-454573.962
3245000,2370.021,14311.4506,61455.7702,-515329.3017,-437192.0599,-453873.53150000004
3246000,2359.114,14334.8294,61713.5865,-515870.0856,-437462.5557,-454156.4991
3247000,2333.7348,14331.9031,61593.1572,-515646.1358,-437387.3407,-454052.9786
3248000,2388.7124,14367.5528,61992.9751,-516436.8649,-437687.6246,-454443.8898
3249000,2366.6978,14234.2676,61873.6155,-515988.4006,-437513.8197,-454114.7851
3250000,2368.3966,14314.1308,61747.5643,-515932.7478,-437502.6561,-454185.18350000004
3251000,2356.2996,14258.9657,62070.1915,-516293.2694,-437607.8126,-454223.0779
3252000,2376.8984,14314.7432,61879.5728,-516124.2294,-437553.015,-454244.6566
3253000,2378.5272,14234.5527,62353.1019,-517325.7833,-438359.6015,-454972.6814
3254000,2375.9558,14293.092,62317.7551,-517033.9054,-438047.1025,-454716.1503
3255000,2370.9274,14288.2582,62256.3761,-516888.0139,-437972.4522,-454631.6378
3256000,2382.6864,14338.8726,62345.2897,-517152.5212,-438085.6725,-454807.2315
3257000,2372.7007,14319.2604,62159.9293,-516883.2786,-438031.38820000004,-454723.3493
3258000,2368.8532,14311.4653,62153.3091,-516427.638,-437594.01039999997,-454274.32889999996
3259000,2375.226,14270.9842,61572.5034,-515620.5183,-437401.8047,-454048.0149
3260000,2357.0189,14313.5799,61104.503,-514565.5825,-436790.4807,-453461.0795
3261000,2369.8622,14325.7763,62272.1211,-516555.5743,-437587.8147,-454283.4532
3262000,2364.7304,14306.6059,62298.7564,-516343.4207,-437373.32800000004,-454044.6643
3263000,2364.4131,14365.2941,62090.4285,-516663.4178,-437843.2821,-454572.9893
3264000,2364.5784,14387.6601,61730.276,-515303.7323,-436821.2178,-453573.45629999996
3265000,2411.4277,14349.1625,62044.1962,-516106.1261,-437301.3397,-454061.9299
3266000,2398.2987,14366.4495,62448.1924,-516752.0247,-437539.0841,-454303.8323
3267000,2364.9589,14284.3135,62363.0325,-516680.928,-437668.6231,-454317.8955
3268000,2365.164,14337.1245,61780.3474,-515470.3074,-436987.6715,-453689.95999999996
3269000,2394.2372,14413.3365,61724.11,-515966.5737,-437434.89,-454242.4637
3270000,2379.1731,14274.371,61578.5653,-515719.3707,-437487.2613,-454140.8054
3271000,2375.1226,14344.7016,61381.9654,-515263.6225,-437161.8329,-453881.6571
3272000,2389.5444,14289.6587,61655.0188,-515627.6967,-437293.47479999997,-453972.67789999995
3273000,2406.8103,14390.7326,61529.0521,-515323.7921,-436997.1971,-453794.74
3274000,2363.3964,14340.2125,61584.7103,-515679.0819,-437390.76269999996,-454094.3716
3275000,2404.8323,14361.5346,61783.2576,-515612.4733,-437062.84880000004,-453829.2157
3276000,2368.6887,14277.2484,61848.7963,-515896.5684,-437401.83499999996,-454047.7721
3277000,2377.9675,14295.3458,62099.4176,-516154.5635,-437381.83259999997,-454055.1459
3278000,2402.5423,14390.156,61794.2881,-515691.8234,-437104.837,-453897.5353
3279000,2380.4868,14315.1942,62219.501,-516055.675,-437140.493,-453836.174
3280000,2439.074,14312.3411,62060.9986,-515822.2183,-437009.80460000003,-453761.2197
3281000,2395.211,14311.0077,62391.8524,-516153.0398,-437054.9687,-453761.18740000005
3282000,2400.1485,14436.3342,62017.5461,-516255.349,-437401.32019999996,-454237.8029
3283000,2399.6113,14296.4036,62274.7931,-516480.7321,-437509.9241,-454205.939
3284000,2340.8083,14268.8435,61860.8285,-515465.6589,-436995.1786,-453604.8304
3285000,2377.1951,14301.4579,62100.0685,-516111.8197,-437333.0982,-454011.7512
3286000,2384.2771,14369.8144,62133.9064,-516936.1844,-438048.1865,-454802.27800000005
3287000,2399.2399,14260.4122,62214.8695,-516877.1016,-438002.57999999996,-454662.2321
3288000,2407.977,14273.6691,61971.3776,-516843.1732,-438190.14950000006,-454871.7956
3289000,2362.5321,14327.0691,62280.6384,-516442.6732,-437472.4336,-454162.0348
3290000,2378.0162,14318.4985,61896.847,-516575.2571,-437981.8954,-454678.4101
3291000,2397.9737,14310.8346,62098.6547,-516765.8039,-437958.3409,-454667.1492
3292000,2395.4003,14326.5865,62277.6982,-516818.5346,-437818.8496,-454540.83640000003
3293000,2365.5721,14358.141,61653.775,-515614.761,-437237.2729,-453960.986
3294000,2383.3645,14316.5049,61566.9224,-515802.1786,-437535.3868,-454235.2562
3295000,2379.4238,14408.6629,61916.3931,-516199.5563,-437495.07649999997,-454283.1632
3296000,2373.2111,14318.5512,62579.776,-517340.5675,-438069.0292,-454760.7915
3297000,2391.8082,14320.0065,62322.625,-516363.786,-437329.34630000003,-454041.161
3298000,2345.5187,14193.8182,61729.327,-515740.9519,-437472.288,-454011.6249
3299000,2394.7296,14466.727,62718.7101,-516897.1376,-437316.9709,-454178.4275
3300000,2396.0438,14277.3544,62208.7082,-517100.4173,-438218.3109,-454891.7091
3301000,2358.2313,14245.8133,62008.1108,-516536.3836,-437924.2282,-454528.2728
3302000,2389.3242,14267.6387,62298.059,-517066.2934,-438111.27150000003,-454768.2344
3303000,2378.5741,14374.7362,61788.255,-516233.9763,-437692.41099999996,-454445.7213
3304000,2344.0669,14318.0411,62000.8711,-516719.0904,-438056.1113,-454718.2193
3305000,2354.8891,14201.5749,61462.2744,-515313.6174,-437294.87899999996,-453851.343
3306000,2383.6625,14219.0502,62105.6302,-516269.2596,-437560.9167,-454163.6294
3307000,2392.299,14376.8844,61770.5623,-515716.0599,-437176.3142,-453945.4976
3308000,2384.4183,14196.4876,62070.3481,-516128.9826,-437477.7286,-454058.6345
3309000,2394.1982,14161.5065,62078.7372,-515826.0865,-437191.6446,-453747.3493
3310000,2352.97,14342.791,62177.4677,-516363.1141,-437489.8854,-454185.6464
3311000,2373.2578,14246.9103,62395.1544,-516679.8811,-437664.5586,-454284.7267
3312000,2337.8143,14224.8813,61879.6674,-515478.8626,-437036.4996,-453599.1952
3313000,2363.7548,14261.3431,62080.6426,-516482.9094,-437777.1689,-454402.2668
3314000,2357.0466,14280.9126,61624.4066,-515761.0114,-437498.64560000005,-454136.60480000003
3315000,2380.5246,14270.5533,61747.9189,-515445.7003,-437046.70350000006,-453697.78140000004
3316000,2363.3458,14225.3322,62353.9181,-516061.1824,-437118.58629999997,-453707.2643
3317000,2387.5369,14336.9331,61920.5848,-516342.5397,-437697.48490000004,-454421.9549
3318000,2398.9683,14232.3229,62165.0048,-516206.0514,-437409.7554,-454041.0466
3319000,2371.5426,14284.8258,61829.7623,-515830.8913,-437344.76060000004,-454001.129
3320000,2374.6403,14250.9443,62269.575,-516251.2726,-437356.113,-453981.6976
3321000,2354.221,14237.2915,62177.956,-516660.6025,-437891.13399999996,-454482.6465
3322000,2358.6739,14374.3734,61982.1737,-516423.1949,-437707.9739,-454441.0212
3323000,2357.6218,14231.0936,61916.192,-516215.5751,-437710.6677,-454299.38310000004
3324000,2392.3393,14250.1927,61870.5142,-516074.5485,-437561.5023,-454204.0343
3325000,2424.4822,14226.2244,61754.9827,-515708.9493,-437303.26,-453953.9666
3326000,2348.4754,14282.5738,62167.0403,-516153.5023,-437355.4128,-453986.462
3327000,2385.6322,14334.9628,61852.5094,-515692.5408,-437119.4364,-453840.03140000004
3328000,2401.1582,14252.0736,61454.3124,-515863.4755,-437755.9313,-454409.1631
3329000,2405.1477,14435.3012,62283.8472,-516679.7387,-437555.4426,-454395.89149999997
3330000,2375.9941,14293.506,62426.5885,-516929.076,-437832.9874,-454502.4875
3331000,2385.6684,14268.6206,61959.1372,-516400.8302,-437787.40400000004,-454441.693
3332000,2392.8869,14345.8334,61546.1416,-515667.5103,-437382.6484,-454121.3687
3333000,2373.8156,14268.5011,61722.072,-516063.7973,-437699.40859999997,-454341.7253
3334000,2390.661,14260.1523,62044.3989,-516313.7066,-437618.49439999997,-454269.3077
3335000,2413.3401,14399.9084,61369.6588,-515414.5634,-437231.6561,-454044.9046
3336000,2407.8951,14329.6524,61747.2208,-515994.7205,-437509.9522,-454247.4997
3337000,2376.6541,14292.048,61779.3009,-515753.7198,-437305.71680000005,-453974.41890000005
3338000,2435.9242,14369.0033,61193.1281,-515130.8668,-437132.8112,-453937.7387
3339000,2374.05,14332.3809,62252.5792,-516848.8683,-437889.85819999996,-454596.2891
3340000,2397.7354,14274.3467,61957.7564,-516625.933,-437996.0945,-454668.1766
3341000,2361.4292,14321.0856,62076.5177,-516353.5054,-437594.47290000005,-454276.98770000006
3342000,2363.2303,14344.658,62299.0342,-516600.2832,-437593.3607,-454301.249
3343000,2376.9557,14265.0154,61517.3362,-515602.5722,-437443.2649,-454085.236
3344000,2376.0141,14189.723,61900.2895,-515784.0291,-437318.0025,-453883.7396
3345000,2350.9341,14146.5241,61931.6041,-516078.924,-437649.8617,-454147.3199
3346000,2380.7065,14279.7425,61962.1356,-516307.6487,-437685.0641,-454345.51310000004
3347000,2393.4398,14285.2096,61588.6583,-515786.9134,-437519.6057,-454198.2551
3348000,2381.3588,14168.2448,61491.7143,-515162.2396,-437120.92169999995,-453670.5253
3349000,2359.8558,14218.0708,62149.9292,-516850.5409,-438122.6851,-454700.6117
3350000,2365.7707,14281.9338,61758.3277,-515189.5474,-436783.51519999997,-453431.21969999996
3351000,2373.0494,14332.6154,62039.7472,-515896.8912,-437151.4792,-453857.14400000003
3352000,2385.6178,14358.6942,61894.6587,-516460.859,-437821.8883,-454566.2003
3353000,2377.5879,14329.6991,61510.2435,-515393.817,-437176.2865,-453883.5735
3354000,2413.9235,14298.524,62235.7166,-516470.5734,-437522.4093,-454234.8568
3355000,2362.2344,14371.7741,61970.5423,-516209.0766,-437504.52579999994,-454238.53429999994
3356000,2395.9241,14351.0561,61898.8098,-516648.5131,-438002.72309999994,-454749.7033
3357000,2382.6193,14285.7024,61893.0568,-515986.8465,-437425.468,-454093.78969999996
3358000,2371.5826,14285.2287,61954.5985,-516206.4191,-437595.00930000003,-454251.8206
3359000,2363.7818,14232.831,62491.7762,-516329.784,-437241.395,-453838.00779999996
3360000,2379.8711,14363.6824,61460.002,-514648.2972,-436444.74169999996,-453188.2952
3361000,2377.6141,14350.095,61917.716,-516190.5661,-437545.141,-454272.8501
3362000,2353.1603,14298.5051,61922.9917,-516080.2802,-437505.62309999997,-454157.28849999997
3363000,2373.0588,14263.7879,61920.5898,-516431.691,-437874.2545,-454511.1012
3364000,2400.297,14395.985,62129.0965,-516768.4961,-437843.1176,-454639.3996
3365000,2381.7608,14373.649,62263.122,-516732.2299,-437713.6981,-454469.10789999994
3366000,2373.6099,14332.7208,61911.4564,-515535.0752,-436917.2881,-453623.6188
3367000,2384.3317,14301.1994,61968.8226,-515686.2578,-437031.90410000004,-453717.4352
3368000,2394.6942,14333.037,62098.4282,-515394.3393,-436568.1799,-453295.91109999997
3369000,2352.5549,14181.9209,62117.9371,-516157.0168,-437504.6039,-454039.0797
3370000,2412.6646,14343.6896,61758.1561,-516013.0497,-437498.5394,-454254.89359999995
3371000,2369.5286,14368.4731,62612.7528,-516567.908,-437217.1535,-453955.1552
3372000,2368.2681,14334.1307,61737.2455,-515986.5815,-437546.9372,-454249.33599999995
3373000,2397.009,14367.1689,62065.2933,-516439.0218,-437609.55059999996,-454373.72849999997
3374000,2407.1076,14434.1624,62109.218,-515962.2446,-437011.75659999996,-453853.0266
3375000,2372.2266,14343.5676,61473.3158,-515057.2414,-436868.1314,-453583.9256
3376000,2392.8006,14308.5977,62095.2233,-516358.3526,-437561.73099999997,-454263.1293
3377000,2419.7334,14402.594,62483.7626,-516638.5422,-437332.45220000006,-454154.7796
3378000,2395.6235,14366.9962,62305.6792,-516245.2976,-437176.9987,-453939.6184
3379000,2347.7556,14225.0348,62164.5789,-516000.7858,-437263.41650000005,-453836.2069
3380000,2376.3527,14307.2944,62190.9131,-516223.4195,-437348.8593,-454032.5064
3381000,2404.4873,14334.3865,61802.34,-516636.412,-438095.1982,-454834.07200000004
3382000,2412.6274,14401.5955,62215.9466,-516946.1715,-437916.002,-454730.2249
3383000,2356.1158,14276.8732,62075.9125,-516851.9432,-438143.04169999994,-454776.0307
3384000,2393.1686,14337.5757,62172.9824,-517061.7497,-438158.023,-454888.7673
3385000,2364.2612,14310.9636,62729.2236,-517873.3833,-438468.9349,-455144.15969999996
3386000,2391.034,14317.0395,61878.3465,-515879.4244,-437293.00440000003,-454001.07790000003
3387000,2377.5526,14336.832,62078.9784,-516043.3191,-437249.9561,-453964.3407
3388000,2380.1289,14335.9109,61951.1912,-515628.6375,-436961.40650000004,-453677.4463
3389000,2380.8313,14284.8156,61496.6484,-515921.8805,-437759.58520000003,-454425.2321
3390000,2358.6022,14289.2152,62164.0143,-517217.1671,-438405.3354,-455053.15280000004
3391000,2375.7269,14200.239,62124.5252,-516010.2793,-437309.7882,-453885.7541
3392000,2395.8048,14326.3915,61997.4216,-516335.5392,-437615.9213,-454338.1176
3393000,2389.224,14381.4943,62274.6771,-517019.2365,-437973.84109999996,-454744.5594
3394000,2378.1731,14267.9476,61854.151,-515891.2244,-437390.9527,-454037.0734
3395000,2392.4993,14326.7804,62056.4527,-516463.6177,-437687.88529999997,-454407.165
3396000,2386.0294,14296.4652,62046.2313,-515940.4631,-437211.7372,-453894.2318
3397000,2377.293,14337.8114,62199.3499,-516392.257,-437477.8027,-454192.90709999995
3398000,2349.1658,14212.5118,61921.8681,-516002.1467,-437518.60099999997,-454080.27859999996
3399000,2358.3828,14286.857,62048.7892,-516002.2351,-437308.2061,-453953.4459
3400000,2365.6704,14359.7709,61274.7979,-515252.5128,-437252.2736,-453977.7149
3401000,2380.4276,14320.1501,62041.3065,-515979.1435,-437237.25930000003,-453937.837
3402000,2397.1285,14308.251,62117.8226,-516607.1894,-437783.9873,-454489.36679999996
3403000,2346.3407,14339.0467,61748.2294,-515441.8443,-437008.22750000004,-453693.6149
3404000,2389.8916,14209.589,62121.4172,-516417.8668,-437696.96900000004,-454296.4496
3405000,2338.4533,14292.9804,61727.0208,-515917.4886,-437559.0341,-454190.4678
3406000,2397.4546,14434.3604,62268.2583,-516187.7722,-437087.6989,-453919.5139
3407000,2377.4493,14326.422,61695.6149,-515913.5775,-437514.09130000003,-454217.9626
3408000,2405.1961,14270.9255,61723.3513,-515455.7838,-437056.3109,-453732.4325
3409000,2360.7209,14300.7838,61904.9748,-515757.7152,-437191.23569999996,-453852.74039999995
3410000,2374.7769,14278.0008,61875.1552,-515847.2646,-437319.3317,-453972.1094
3411000,2338.7682,14197.9451,61893.931,-516296.4994,-437865.8551,-454402.5684
3412000,2381.7655,14301.7687,61933.1697,-516225.5995,-437608.89560000005,-454292.42980000004
3413000,2355.6115,14241.387,61772.8545,-515773.7708,-437403.9178,-454000.9163
3414000,2369.0234,14320.9237,62081.6901,-516262.6239,-437490.9867,-454180.9338
3415000,2350.3893,14273.5205,62586.8039,-517426.019,-438215.3053,-454839.2151
3416000,2373.3845,14360.0136,62114.5805,-515933.3325,-437085.3539,-453818.75200000004
3417000,2388.5795,14278.1166,62229.6261,-516429.257,-437532.9348,-454199.6309
3418000,2360.3766,14211.7914,61484.0217,-514792.7049,-436736.5152,-453308.6832
3419000,2377.902,14376.8941,61755.6727,-515818.4384,-437307.96959999995,-454062.7657
3420000,2383.6872,14330.9516,61356.4912,-515436.6284,-437365.4984,-454080.1372
3421000,2373.8899,14201.8085,61845.6942,-515418.9153,-436997.5227,-453573.22109999997
3422000,2376.4947,14283.5792,62101.2105,-515816.1548,-437054.8704,-453714.94430000003
3423000,2392.4786,14258.2181,62073.9434,-516475.827,-437751.1869,-454401.8836
3424000,2373.214,14304.213,62129.5793,-516645.2925,-437838.2862,-454515.7132
3425000,2377.2977,14215.7189,61634.7696,-515085.9033,-436858.11710000003,-453451.1337
3426000,2370.3159,14283.4602,61767.4283,-515949.7302,-437528.5258,-454182.30189999996
3427000,2382.4506,14223.6996,61501.1716,-515932.7116,-437825.3898,-454431.54
3428000,2382.3055,14290.4023,61917.0435,-516031.1676,-437441.4163,-454114.1241
3429000,2368.5277,14294.5901,61967.5972,-515905.343,-437274.628,-453937.7458
3430000,2370.9284,14228.422,62395.749,-517563.4356,-438568.3362,-455167.6866
3431000,2369.4643,14265.6284,62641.3753,-516727.7522,-437451.2842,-454086.3769
3432000,2404.6026,14262.3082,61534.5659,-515584.2789,-437382.8022,-454049.713
3433000,2369.736,14265.8917,62004.8018,-515651.4816,-437011.0521,-453646.6798
3434000,2363.893,14266.5517,61977.6389,-516212.2936,-437604.20999999996,-454234.65469999996
3435000,2386.8432,14302.0499,62025.7163,-516521.0726,-437806.4632,-454495.3563
3436000,2387.0869,14307.2217,61844.3152,-516304.3594,-437765.7356,-454460.0442
3437000,2371.2248,14262.5378,61983.2812,-516206.9884,-437589.9446,-454223.70719999995
3438000,2356.0731,14325.121,61811.7149,-516199.2899,-437706.3809,-454387.57499999995
3439000,2406.8596,14304.0893,61905.9253,-516407.8665,-437790.9923,-454501.9412
3440000,2408.1116,14283.3375,62191.5752,-516604.9324,-437721.9081,-454413.35719999997
3441000,2371.1771,14344.8041,62466.0849,-517497.9908,-438315.92470000003,-455031.9059
3442000,2347.7236,14233.6273,62135.9532,-516611.0838,-437893.7797,-454475.13060000003
3443000,2369.7434,14411.2712,61067.1242,-515235.9077,-437387.76889999997,-454168.78349999996
3444000,2340.4449,14262.2568,62197.7872,-516909.9012,-438109.4123,-454712.114
3445000,2378.7759,14325.5419,61930.7489,-516080.3127,-437445.24600000004,-454149.5638
3446000,2363.5509,14288.6081,61767.3729,-516038.4223,-437618.8904,-454271.04939999996
3447000,2360.2898,14253.4437,62112.4954,-516910.9547,-438184.7258,-454798.4593
3448000,2362.5255,14357.1012,62076.6489,-516276.3359,-437480.0603,-454199.68700000003
3449000,2348.4397,14218.9967,61971.9031,-516092.2687,-437552.9292,-454120.3656
3450000,2364.635,14332.3989,61997.5756,-516978.6324,-438284.0229,-454981.0568
3451000,2384.6636,14339.6735,62430.0102,-517342.6459,-438188.2986,-454912.6357
3452000,2357.8075,14324.0002,62006.5178,-516700.9782,-438012.6527,-454694.4604
3453000,2369.8749,14305.82,61803.8316,-516104.4815,-437624.955,-454300.6499
3454000,2394.5987,14378.3393,62357.4812,-517250.8459,-438120.4267,-454893.36470000003
3455000,2386.6472,14309.4527,62107.0829,-516310.3559,-437507.1731,-454203.27300000004
3456000,2368.2144,14306.1655,61334.5445,-515201.1846,-437192.26019999996,-453866.64009999996
3457000,2372.4062,14193.7184,62066.4969,-516818.3174,-438185.6959,-454751.82050000003
3458000,2383.787,14322.9689,62335.9822,-517037.9204,-437995.1823,-454701.9382
3459000,2381.5298,14226.3232,61974.1708,-516120.087,-437538.0632,-454145.9162
3460000,2384.7283,14398.4563,62299.1653,-517292.9419,-438210.59199999995,-454993.7766
3461000,2399.6908,14389.1639,61404.1123,-515401.2781,-437208.3111,-453997.1658
3462000,2417.3698,14217.3804,61827.4996,-516262.2938,-437800.044,-454434.7942
3463000,2362.9953,14267.322,62248.3634,-515884.1265,-437005.4458,-453635.7631
3464000,2372.1009,14312.2901,61646.3718,-515180.617,-436849.85420000006,-453534.2452
3465000,2386.2075,14374.0267,61791.899,-516052.4049,-437500.27170000004,-454260.50590000005
3466000,2373.9783,14353.325,62118.0173,-516713.4629,-437868.14229999995,-454595.4456
3467000,2388.6986,14249.3676,62070.7685,-516459.1071,-437750.2724,-454388.3386
3468000,2424.4432,14356.2209,61373.1699,-515669.9702,-437516.13619999995,-454296.8003
3469000,2424.6359,14348.5675,61777.8893,-515879.6037,-437328.51099999994,-454101.7144
3470000,2375.5806,14281.9035,62150.5141,-516292.6608,-437484.66260000004,-454142.14670000004
3471000,2406.299,14297.5655,62182.2094,-516146.5858,-437260.5119,-453964.3764
3472000,2374.1561,14232.9847,61842.9781,-516232.3176,-437782.1987,-454389.3395
3473000,2393.6522,14292.1959,61973.9085,-516575.7639,-437916.00730000006,-454601.8554
3474000,2387.1353,14343.6494,61568.8104,-515899.3388,-437599.7437,-454330.5284
3475000,2381.0106,14276.3948,62240.9691,-516176.3731,-437277.99860000005,-453935.40400000004
3476000,2390.789,14324.8957,61995.6824,-516653.5344,-437942.1673,-454657.852
3477000,2405.7566,14305.9024,62076.7684,-516915.827,-438127.3996,-454839.0586
3478000,2358.8158,14167.5962,61632.4399,-515836.9133,-437678.0614,-454204.4734
3479000,2364.4506,14333.5932,61734.5951,-516020.6947,-437588.0558,-454286.0996
3480000,2392.1731,14320.4152,61531.1846,-515883.988,-437640.21510000003,-454352.80340000003
3481000,2361.2565,14297.2099,62247.2716,-516561.5133,-437655.7753,-454314.2417
3482000,2385.4561,14291.6052,61814.3637,-515828.213,-437336.788,-454013.8493
3483000,2375.4778,14229.7574,61851.8498,-515854.5138,-437397.4288,-454002.664
3484000,2380.0791,14343.9128,61532.9921,-515198.3787,-436941.3947,-453665.38659999997
3485000,2391.9334,14311.1641,61955.377,-516404.3114,-437745.8369,-454448.9344
3486000,2378.0761,14285.5657,62141.9372,-516489.0037,-437683.4247,-454347.0665
3487000,2333.7736,14398.3274,62725.5332,-517323.9554,-437866.3212,-454598.4222
3488000,2370.016,14257.8986,62089.735,-516161.6375,-437443.9879,-454071.9025
3489000,2400.5427,14387.8619,62209.5952,-516297.0404,-437299.0406,-454087.4452
3490000,2371.9444,14222.9733,62041.4501,-516645.0584,-438008.6906,-454603.60829999996
3491000,2377.9829,14351.5142,62300.4019,-517097.3941,-438067.49509999994,-454796.9922
3492000,2365.5093,14342.0481,61912.2107,-516065.1175,-437445.3494,-454152.9068
3493000,2373.7264,14285.6714,62332.0321,-516682.6146,-437691.1847,-454350.58249999996
3494000,2380.0398,14289.6763,62551.4909,-516810.6551,-437589.4481,-454259.1642
3495000,2399.3787,14239.2534,62075.3269,-516420.3528,-437706.39379999996,-454345.0259
3496000,2375.1776,14263.3093,61548.4799,-515350.9865,-437164.0197,-453802.5066
3497000,2376.9859,14262.141,61941.8439,-516034.1132,-437453.1424,-454092.26930000004
3498000,2383.7255,14267.259,61857.6479,-516550.9899,-438042.3575,-454693.342
3499000,2373.7074,14331.8639,61767.824,-516456.6245,-437983.22919999994,-454688.80049999995
3500000,2370.5388,14253.7274,61946.3526,-516084.3317,-437513.7129,-454137.9791
3501000,2413.5802,14265.9799,62263.2717,-515962.041,-437019.20920000004,-453698.76930000004
3502000,2370.7101,14336.8799,62226.7702,-516500.4239,-437566.0637,-454273.6537
3503000,2381.3104,14275.8357,61820.1902,-515870.6096,-437393.2733,-454050.4194
3504000,2353.2909,14227.3135,61946.4182,-516488.0707,-437961.0481,-454541.65249999997
3505000,2392.4162,14310.2136,62175.8547,-516327.1542,-437448.66969999997,-454151.29949999996
3506000,2418.8111,14360.3252,62301.2598,-516417.8432,-437337.4471,-454116.5834
3507000,2407.8859,14266.4161,62407.0988,-516194.4924,-437113.0916,-453787.3936
3508000,2418.5411,14289.9601,62049.7906,-515544.0259,-436785.7341,-453494.2353
3509000,2372.6742,14352.1391,61925.9698,-516137.4383,-437486.6552,-454211.46849999996
3510000,2373.6105,14243.2528,62266.7214,-516573.7612,-437690.1765,-454307.0398
3511000,2378.6904,14206.2807,61741.8547,-515778.9096,-437452.0838,-454037.0549
3512000,2403.1548,14277.089,61802.6661,-516562.2751,-438079.3652,-454759.60900000005
3513000,2391.1197,14220.0752,62203.4933,-516661.7068,-437847.01859999995,-454458.21349999995
3514000,2383.8757,14307.2626,62082.9582,-516804.258,-438030.1615,-454721.2998
3515000,2407.6911,14431.3075,62103.4159,-517030.447,-438088.0325,-454927.03109999996
3516000,2384.0647,14260.9682,62103.4758,-515940.0083,-437191.4996,-453836.5325
3517000,2400.455,14317.3313,61633.1366,-515914.0253,-437563.1024,-454280.8887
3518000,2380.8341,14330.0694,61776.0969,-516502.5463,-438015.5459,-454726.4494
3519000,2405.0097,14379.5225,62420.6766,-516802.9354,-437597.72660000005,-454382.2588
3520000,2414.6708,14279.8317,61639.5243,-515897.7,-437563.6732,-454258.1757
3521000,2385.7842,14314.2468,61890.5577,-516053.4918,-437462.9031,-454162.9341
3522000,2424.7372,14322.4051,61575.7918,-515670.7873,-437347.8532,-454094.9955
3523000,2384.934,14317.4628,62312.0751,-516139.3917,-437124.9198,-453827.31659999996
3524000,2393.8762,14300.108,62372.4446,-516492.8143,-437426.38550000003,-454120.36970000004
3525000,2396.9009,14235.9752,62308.0448,-516285.8176,-437344.89670000004,-453977.77280000004
3526000,2365.8034,14230.447,61197.0878,-515106.01,-437312.6718,-453908.92220000003
3527000,2365.0591,14243.3406,61621.99,-515413.7491,-437183.3594,-453791.7591
3528000,2369.6181,14329.8056,62098.7347,-516167.7519,-437369.59349999996,-454069.0172
3529000,2391.8991,14291.1587,61375.4306,-515652.0531,-437593.5647,-454276.6225
3530000,2384.6472,14257.4729,62500.2882,-516866.7955,-437724.3872,-454366.5073
3531000,2359.2329,14247.388,61964.1265,-516222.944,-437652.1966,-454258.8175
3532000,2367.1255,14262.9827,61887.1647,-516459.3948,-437942.1219,-454572.2301
3533000,2404.3198,14305.5793,61505.218,-515660.4937,-437445.37659999996,-454155.2757
3534000,2403.156,14310.5912,62700.8239,-516297.9602,-436883.3891,-453597.13629999995
3535000,2366.3199,14350.4177,62173.2782,-516637.7998,-437747.784,-454464.5216
3536000,2406.2333,14309.7342,61696.842,-515832.725,-437419.9155,-454135.883
3537000,2376.2901,14274.2167,62389.8243,-517486.8098,-438446.4787,-455096.9855
3538000,2412.9807,14252.7303,62425.563,-516849.4475,-437758.17350000003,-454423.8845
3539000,2412.4513,14255.7692,61880.042,-516024.3895,-437476.127,-454144.3475
3540000,2395.1379,14384.4587,62288.9746,-516569.3705,-437500.7993,-454280.3959
3541000,2356.2732,14336.9699,61603.3289,-515124.8329,-436828.2609,-453521.50399999996
3542000,2425.1885,14306.6453,62047.4002,-516590.5216,-437811.2876,-454543.1214
3543000,2366.855,14320.0917,61900.5628,-516188.3134,-437600.8039,-454287.75059999997
3544000,2391.4456,14312.2895,62221.0459,-516732.9761,-437808.1951,-454511.93020000006
3545000,2388.8633,14325.8817,61441.8859,-515704.1036,-437547.4727,-454262.2177
3546000,2401.2752,14254.9657,61943.0547,-516225.4591,-437626.16349999997,-454282.4044
3547000,2370.9176,14268.0353,61862.9307,-515220.4194,-436718.5358,-453357.4887
3548000,2404.2717,14345.7713,61483.1141,-515327.7295,-437094.5724,-453844.6154
3549000,2394.2922,14278.9903,62043.744,-515865.8283,-437148.8018,-453822.0843
3550000,2380.8205,14309.6734,61867.3001,-516377.523,-437819.729,-454510.2229
3551000,2403.9064,14276.5534,61786.01,-515887.2328,-437420.763,-454101.2228
3552000,2383.8492,14200.7112,61998.5402,-516536.6379,-437953.53729999997,-454538.0977
3553000,2378.7788,14271.634,61745.384,-515848.4743,-437452.6775,-454103.0903
3554000,2359.5842,14244.5345,61903.5158,-516211.1916,-437703.55710000003,-454307.6758
3555000,2375.2788,14325.9562,62112.2946,-515829.7313,-437016.2017,-453717.43669999996
3556000,2375.2915,14320.4505,61785.9241,-516127.4739,-437645.80779999995,-454341.5498
3557000,2345.1356,14229.1687,62371.1482,-517525.3955,-438579.94299999997,-455154.2473
3558000,2390.4506,14251.5684,62104.6617,-516804.4041,-438057.7234,-454699.7424
3559000,2388.8244,14270.5446,62468.9942,-516673.1796,-437544.8164,-454204.18539999996
3560000,2396.816,14227.3763,61953.4274,-516381.8619,-437804.24220000004,-454428.43450000003
3561000,2386.309,14318.7965,62272.7644,-516658.6332,-437680.7633,-454385.8688
3562000,2396.6606,14299.0526,61914.8181,-515971.2879,-437360.75659999996,-454056.4698
3563000,2354.2918,14297.2536,62206.1559,-516166.6593,-437308.958,-453960.5034
3564000,2351.6531,14373.2183,62081.2025,-515986.6514,-437180.57749999996,-453905.44889999996
3565000,2377.2942,14260.713,62111.9695,-516371.733,-437621.7563,-454259.7635
3566000,2390.1998,14169.3336,61636.606,-515776.0708,-437579.9314,-454139.46479999996
3567000,2412.0502,14302.6511,62081.6365,-516105.3705,-437309.0327,-454023.734
3568000,2390.2388,14235.8337,61986.3048,-516172.1753,-437559.798,-454185.8705
3569000,2365.1836,14352.1601,61861.6173,-515382.67,-436803.709,-453521.0527
3570000,2355.6568,14265.7296,62441.5608,-516240.8377,-437177.8905,-453799.2769
3571000,2362.6817,14274.6144,62624.2479,-516305.5626,-437044.0186,-453681.3147
3572000,2389.3502,14320.806,61420.0931,-514939.1675,-436808.91819999996,-453519.0744
3573000,2390.8212,14293.4437,62203.5059,-516376.9529,-437489.1821,-454173.447
3574000,2359.7453,14323.6339,61905.3283,-515858.7187,-437270.0112,-453953.39040000003
3575000,2367.3024,14200.9412,62174.8246,-516382.3156,-437639.2474,-454207.491
3576000,2377.5924,14270.0752,62024.7675,-516061.011,-437388.5759,-454036.2435
3577000,2385.3096,14207.7315,61655.2109,-515185.0057,-436936.7537,-453529.7948
3578000,2367.9823,14230.708,62018.5332,-515912.1887,-437294.9652,-453893.6555
3579000,2409.488,14179.7699,62101.6905,-516227.2892,-437536.3408,-454125.5987
3580000,2392.3923,14197.5586,62105.4438,-516211.0429,-437515.6482,-454105.5991
3581000,2378.6029,14200.2192,61820.0429,-515891.3473,-437492.48230000003,-454071.3044
3582000,2357.2832,14181.6351,62011.8866,-515770.7483,-437219.9434,-453758.8617
3583000,2374.2494,14283.2065,62153.0351,-516564.446,-437753.95499999996,-454411.4109
3584000,2403.6479,14373.972,62024.0808,-515759.3986,-436957.6979,-453735.3178
3585000,2440.4441,14366.4691,61978.2311,-515584.8653,-436799.721,-453606.63420000003
3586000,2362.6524,14297.3956,61487.1668,-514828.6614,-436681.44659999997,-453341.4946
3587000,2398.3348,14330.7886,61785.6388,-516011.8616,-437497.0994,-454226.2228
3588000,2368.2419,14264.9343,62399.6406,-517109.4731,-438076.65630000003,-454709.8325
3589000,2381.1431,14360.2278,61720.9341,-516089.8793,-437627.5743,-454368.94519999996
3590000,2370.3975,14184.2307,61915.4337,-515406.8032,-436936.7413,-453491.36950000003
3591000,2375.8983,14328.2941,61916.4366,-516270.8863,-437650.2573,-454354.4497
3592000,2406.1106,14275.0352,61955.6311,-515904.1395,-437267.3626,-453948.5084
3593000,2402.8237,14248.4303,62316.1568,-516351.5124,-437384.1016,-454035.3556
3594000,2418.4475,14314.0435,62012.9221,-515864.1865,-437118.7734,-453851.2644
3595000,2422.4847,14324.274,61870.9666,-516418.8294,-437801.1041,-454547.8628
3596000,2368.4371,14267.4694,61703.4112,-515788.5769,-437449.2592,-454085.1657
3597000,2395.722,14155.853,61963.2897,-515882.9733,-437368.10860000004,-453919.6836
3598000,2386.9833,14281.868,62142.0298,-515742.1722,-436931.2911,-453600.14239999995
3599000,2363.0976,14241.9455,61724.0673,-515330.1992,-437001.08879999997,-453606.1319
3600000,2368.7173,14144.9574,62463.6574,-516546.6907,-437569.3586,-454083.0333
3601000,2374.5555,14224.7309,62377.2799,-516209.2857,-437232.7194,-453832.0058
3602000,2387.4458,14246.1939,62296.5279,-516474.0925,-437543.92490000004,-454177.56460000004
3603000,2347.3963,14227.4672,61945.6588,-516310.4266,-437789.9043,-454364.76780000003
3604000,2396.0536,14347.19,62214.3104,-516776.5517,-437818.9977,-454562.2413
3605000,2380.977,14291.8289,61898.5985,-515967.3201,-437395.9157,-454068.7216
3606000,2359.8918,14239.8455,61666.6687,-515505.5847,-437239.1787,-453838.916
3607000,2418.9116,14210.0762,61510.9427,-515646.6594,-437506.7289,-454135.7167
3608000,2333.9858,14194.0936,61997.8711,-516542.264,-438016.31350000005,-454544.39290000004
3609000,2368.3457,14268.7,62132.3706,-517167.8388,-438398.4225,-455035.4682
3610000,2376.7736,14259.9017,61539.9709,-515751.046,-437574.39979999996,-454211.07509999996
3611000,2375.5426,14275.361,62099.8009,-516298.7036,-437547.9991,-454198.9027
3612000,2348.5597,14170.4816,61933.1778,-515987.0139,-437534.79480000003,-454053.8361
3613000,2378.3423,14247.0256,61985.6179,-515764.2752,-437153.2894,-453778.65729999996
3614000,2368.0475,14308.6655,62202.8382,-515973.0368,-437093.4856,-453770.1986
3615000,2380.1513,14310.8398,62128.7372,-516240.07,-437420.3417,-454111.3328
3616000,2390.5812,14339.8029,61918.1358,-516561.8657,-437913.3458,-454643.72990000003
3617000,2353.2238,14309.1192,61511.6183,-515764.3207,-437590.35939999996,-454252.70239999995
3618000,2378.4177,14328.8205,61960.2921,-516341.7641,-437674.2338,-454381.47199999995
3619000,2382.1865,14243.465,62380.588,-516505.5731,-437499.3336,-454124.9851
3620000,2384.3446,14293.4823,61935.3145,-516137.2432,-437524.10180000006,-454201.92870000005
3621000,2349.6846,14185.5727,61664.8231,-515862.3099,-437662.2295,-454197.4868
3622000,2399.7767,14291.4317,62233.688,-516430.6802,-437505.7838,-454196.9922
3623000,2407.8916,14225.5698,61874.2267,-515682.4994,-437174.81129999994,-453808.2727
3624000,2386.1167,14362.1687,61931.2415,-515817.5006,-437137.97370000003,-453886.2591
3625000,2387.6062,14260.3802,62141.5845,-516574.9631,-437785.3922,-454433.3786
3626000,2373.2205,14269.3814,61467.5295,-515452.9851,-437342.8537,-453985.4556
3627000,2346.2897,14207.03,62425.0141,-516218.2805,-437239.9467,-453793.26639999996
3628000,2378.6946,14268.319,61979.4978,-515807.0644,-437180.55299999996,-453827.56659999996
3629000,2376.8979,14188.9303,61719.0201,-515076.6926,-436791.8443,-453357.6725
3630000,2404.9631,14272.8805,62071.3121,-516260.6358,-437511.4801,-454189.3237
3631000,2411.0118,14234.2925,61863.7935,-515865.3433,-437356.2455,-454001.54980000004
3632000,2350.151,14188.3249,62094.504,-516364.1003,-437731.1204,-454269.5963
3633000,2382.9915,14250.8918,62039.1522,-516575.2615,-437902.226,-454536.1093
3634000,2361.4203,14293.9838,62054.6494,-516304.2079,-437594.1544,-454249.5585
3635000,2385.5462,14343.1862,62593.1492,-517743.8351,-438421.95350000006,-455150.68590000004
3636000,2395.2714,14252.9913,62702.7265,-517544.2132,-438193.224,-454841.4867
3637000,2374.5008,14302.4955,62482.2672,-516885.1303,-437725.8668,-454402.8631
3638000,2373.9635,14281.6799,61565.3162,-516417.7358,-438196.7762,-454852.4196
3639000,2381.1664,14309.0081,62069.1862,-516611.9375,-437852.57680000004,-454542.7513
3640000,2380.4796,14272.9726,62259.4904,-516243.9488,-437331.0062,-453984.4584
3641000,2355.399,14262.7256,62183.3972,-516872.7068,-438071.185,-454689.3096
3642000,2375.6403,14243.612,62061.8648,-515854.7274,-437173.61029999994,-453792.8626
3643000,2374.2324,14267.1432,61926.4762,-515592.5044,-437024.6526,-453666.0282
3644000,2380.9482,14232.9073,62245.0698,-515878.8343,-437019.909,-453633.7645
3645000,2376.9747,14161.082,61760.1858,-515722.9098,-437424.66730000003,-453962.72400000005
3646000,2381.0113,14275.7864,62317.3611,-515866.0877,-436891.92889999994,-453548.7266
3647000,2408.9061,14271.4364,61478.9794,-515225.7129,-437066.391,-453746.7335
3648000,2391.4532,14291.9456,62084.8143,-515987.7412,-437219.5281,-453902.92689999996
3649000,2405.5875,14297.9839,62112.6408,-516183.8808,-437367.6686,-454071.24
3650000,2400.3965,14206.6333,62168.0835,-516286.7929,-437511.67960000003,-454118.7094
3651000,2364.0102,14274.0419,61570.6626,-515390.6479,-437181.93319999997,-453819.9853
3652000,2373.272,14255.9953,62319.3604,-516699.839,-437751.21129999997,-454380.4786
3653000,2399.5569,14243.2614,62330.245,-516466.2579,-437493.19460000005,-454136.01290000003
3654000,2364.8276,14288.3621,62011.6766,-516159.8012,-437494.9349,-454148.1246
3655000,2376.6333,14194.4571,61990.4537,-516016.1589,-437454.6148,-454025.70519999997
3656000,2387.9488,14279.3574,61986.9912,-516179.7668,-437525.4694,-454192.7756
3657000,2414.4981,14365.5015,61625.0594,-515870.9012,-437465.8422,-454245.84180000005
3658000,2367.424,14261.7223,62458.8718,-516640.2558,-437552.2377,-454181.38399999996
3659000,2392.0195,14306.3874,62167.2833,-515868.0865,-437002.39629999996,-453700.80319999997
3660000,2372.0404,14225.5825,61860.3839,-516215.0678,-437757.061,-454354.6839
3661000,2403.3154,14451.3796,61618.2683,-515328.4571,-436855.4938,-453710.1888
3662000,2381.8152,14289.1817,61458.1372,-514892.7424,-436763.60829999996,-453434.6052
3663000,2405.1617,14249.051,61849.6598,-515430.8566,-436926.9841,-453581.1968
3664000,2408.3524,14279.3832,62082.5658,-515833.67,-437063.3686,-453751.1042
3665000,2376.1391,14268.9728,62228.3642,-516714.6692,-437841.19310000003,-454486.305
3666000,2412.3109,14336.6505,61876.3545,-516121.8983,-437496.5824,-454245.5438
3667000,2378.6804,14291.6921,61736.1233,-516522.8274,-438116.33160000003,-454786.70410000003
3668000,2386.2524,14217.0571,62459.7353,-517166.8838,-438103.83900000004,-454707.1485
3669000,2358.9187,14264.6156,61700.3967,-515793.8383,-437469.9073,-454093.4416
3670000,2364.8532,14195.7282,62100.1677,-516297.6514,-437636.90229999996,-454197.4837
3671000,2362.7158,14225.214,61804.0145,-516046.2978,-437654.35349999997,-454242.2833
3672000,2401.323,14295.7557,62177.2324,-516680.5386,-437806.22750000004,-454503.30620000005
3673000,2388.8417,14187.179,62157.7319,-516105.4734,-437371.7208,-453947.7415
3674000,2396.6224,14242.9467,62138.8602,-516263.3509,-437484.9216,-454124.4907
3675000,2396.1154,14272.6449,61922.9356,-516348.429,-437756.7331,-454425.49340000004
3676000,2392.9938,14285.204,62009.0804,-516346.6405,-437659.3623,-454337.5601
3677000,2329.6608,14201.3988,61715.8207,-515569.6693,-437322.789,-453853.8486
3678000,2362.7453,14302.2821,62168.0025,-516552.1095,-437719.07960000006,-454384.107
3679000,2364.1493,14370.7409,61952.066,-516807.627,-438120.67079999996,-454855.561
3680000,2395.2581,14344.0682,62032.0343,-516257.1074,-437485.74679999996,-454225.0731
3681000,2379.9022,14258.5691,61940.7906,-516203.6396,-437624.3777,-454262.849
3682000,2370.5691,14292.0829,62454.9186,-516836.8593,-437719.28870000003,-454381.94070000004
3683000,2365.5212,14245.8786,62396.2314,-516722.8856,-437715.2544,-454326.6542
3684000,2408.2697,14352.0415,61860.6643,-516325.0971,-437704.1216,-454464.4328
3685000,2412.0849,14265.6519,62290.3724,-516499.1045,-437530.9953,-454208.7321
3686000,2384.6488,14266.9042,62048.0813,-516490.8546,-437791.22030000004,-454442.7733
3687000,2409.3007,14380.3586,61615.6584,-515106.2809,-436700.9632,-453490.6225
3688000,2384.4708,14408.2734,61602.6587,-516017.0805,-437621.6776,-454414.4218
3689000,2410.4185,14322.5232,61846.0723,-516967.5225,-438388.5085,-455121.4502
3690000,2388.7895,14403.376,62167.2746,-517033.4527,-438074.0126,-454866.1781
3691000,2350.3213,14260.3174,62288.3068,-516830.9609,-437932.01540000003,-454542.6541
3692000,2385.1658,14388.5658,61621.1141,-515968.6305,-437573.7848,-454347.5164
3693000,2407.9825,14333.6573,62335.744,-516689.6515,-437612.26769999997,-454353.9075
3694000,2392.4147,14385.8266,61905.6918,-515565.9161,-436881.983,-453660.2243
3695000,2386.7003,14379.8489,61780.0241,-515356.1779,-436809.6046,-453576.15380000003
3696000,2443.9874,14359.5973,61408.2974,-515181.03,-436969.14790000004,-453772.73260000005
3697000,2336.2965,14277.5358,62025.778,-516050.1033,-437410.493,-454024.3253
3698000,2378.3588,14285.0406,61711.1665,-516283.0056,-437908.4397,-454571.8391
3699000,2386.9314,14348.8342,62444.3851,-516496.7282,-437316.5775,-454052.3431
3700000,2384.5862,14340.2677,62115.0143,-515951.0748,-437111.20660000003,-453836.0605
3701000,2380.0079,14318.7479,62010.2589,-516507.9032,-437798.8885,-454497.6443
3702000,2388.8883,14167.0512,61861.0903,-516037.2086,-437620.1788,-454176.11830000003
3703000,2392.4453,14294.3014,62138.2727,-516271.7471,-437446.7277,-454133.47439999995
3704000,2386.6219,14256.8853,61405.2905,-515724.4779,-437675.6802,-454319.1874
3705000,2385.5434,14293.9096,62245.2498,-516439.08,-437514.3772,-454193.8302
3706000,2377.9362,14325.3761,62154.537,-516361.5134,-437503.6641,-454206.9764
3707000,2378.7961,14328.1604,62072.8479,-516098.1293,-437318.3249,-454025.2814
3708000,2374.2846,14366.8288,61577.75,-515495.4212,-437176.55779999995,-453917.6712
3709000,2394.7196,14339.0731,61830.3868,-516675.8356,-438111.6561,-454845.4488
3710000,2388.1114,14311.3273,62192.9241,-516636.6088,-437744.246,-454443.6847
3711000,2377.3182,14274.3122,61830.6142,-515576.6005,-437094.35589999997,-453745.9863
3712000,2397.747,14362.0441,61975.3822,-516557.822,-437822.6487,-454582.4398
3713000,2370.0822,14337.2242,61757.0025,-516467.523,-438003.2141,-454710.5205
3714000,2377.9789,14303.1821,61915.421,-516290.1644,-437693.5824,-454374.74340000004
3715000,2381.6655,14373.5893,62368.3499,-517403.7209,-438280.11620000005,-455035.37100000004
3716000,2388.2816,14358.9125,62169.5028,-516427.9296,-437511.23269999993,-454258.42679999996
3717000,2394.6127,14352.5373,62326.5819,-517127.6196,-438053.88769999996,-454801.0377
3718000,2333.3604,14296.4271,61805.8577,-516471.1169,-438035.4717,-454665.25920000003
3719000,2379.5207,14258.7444,62006.5423,-516297.5521,-437652.7447,-454291.0098
3720000,2395.5769,14295.4689,61555.3393,-515204.9077,-436958.52259999997,-453649.5684
3721000,2364.837,14265.1908,62087.0424,-516524.7928,-437807.7226,-454437.7504
3722000,2376.6369,14325.3013,62092.4976,-517145.3085,-438350.87269999995,-455052.8109
3723000,2380.2987,14324.5726,62022.4392,-515978.083,-437250.77249999996,-453955.64379999996
3724000,2339.7278,14298.1492,62335.1872,-516944.4574,-437971.39320000005,-454609.2702
3725000,2391.7928,14364.8688,62140.5536,-516887.7599,-437990.54469999997,-454747.2063
3726000,2380.856,14300.7159,61911.6442,-516107.374,-437514.1579,-454195.72980000003
3727000,2409.7861,14219.9326,61954.4277,-516104.8952,-437520.74880000006,-454150.4675
3728000,2392.217,14246.5232,62241.6875,-516288.2138,-437407.7861,-454046.5263
3729000,2399.9035,14344.4972,62422.4806,-516754.8238,-437587.9425,-454332.3432
3730000,2389.0146,14304.484,62256.3059,-516195.1251,-437245.3206,-453938.8192
3731000,2415.825,14424.3517,61923.2754,-515654.2228,-436890.7707,-453730.9474
3732000,2428.5102,14352.1625,61919.4284,-515974.3356,-437274.2345,-454054.9072
3733000,2363.2996,14243.5242,61535.9959,-515382.3526,-437239.5329,-453846.3567
3734000,2355.8205,14337.6751,62228.9005,-516844.4481,-437922.05199999997,-454615.5476
3735000,2376.8936,14275.8515,62209.7302,-515968.2307,-437105.7554,-453758.5005
3736000,2372.9454,14326.2854,61984.6443,-515599.5863,-436915.7112,-453614.94200000004
3737000,2351.5437,14273.5137,61503.6961,-515221.9765,-437093.223,-453718.2804
3738000,2385.4894,14382.7806,61946.504,-515827.3436,-437112.56960000005,-453880.8396
3739000,2349.9524,14230.4901,62185.7377,-515381.4772,-436615.297,-453195.7395
3740000,2413.0269,14311.0684,62134.2264,-515542.4763,-436684.1546,-453408.2499
3741000,2390.3682,14258.9555,61713.4314,-516291.9133,-437929.1582,-454578.4819
3742000,2367.8675,14256.9803,61559.8454,-515286.6969,-437102.0037,-453726.8515
3743000,2394.5193,14213.5093,61465.3851,-515573.3505,-437499.9368,-454107.9654
3744000,2369.7647,14231.7548,61678.9537,-515576.9078,-437296.4346,-453897.9541
3745000,2391.4034,14304.429,61637.243,-515970.3625,-437637.28709999996,-454333.1195
3746000,2399.2709,14277.9164,62241.4439,-516653.4874,-437734.8562,-454412.04349999997
3747000,2381.1096,14245.424,62081.6653,-516909.5292,-438201.3303,-454827.8639
3748000,2386.6934,14254.1258,61951.0291,-516299.2568,-437707.40849999996,-454348.2277
3749000,2354.8672,14276.3339,62797.2497,-517569.7713,-438141.32050000003,-454772.52160000004
3750000,2384.6521,14322.686,62128.4307,-517349.6152,-438513.84640000004,-455221.1845
3751000,2419.2391,14341.0255,61862.7885,-516073.9822,-437450.9291,-454211.1937
3752000,2411.1071,14279.8961,62138.1074,-516422.6993,-437593.58869999996,-454284.5919
3753000,2383.2523,14289.0032,62199.2102,-516595.7186,-437724.2529,-454396.50840000005
3754000,2399.6263,14218.5203,61960.3266,-516558.9039,-437980.43069999997,-454598.5773
3755000,2410.155,14299.6606,61852.3264,-515608.2055,-437046.0635,-453755.87909999996
3756000,2393.9226,14287.3181,62389.8398,-516538.473,-437467.39249999996,-454148.6332
3757000,2383.1468,14248.8236,61685.2233,-516074.9464,-437757.7527,-454389.7231
3758000,2385.1701,14232.1212,61798.9961,-516209.5996,-437793.31220000004,-454410.6035
3759000,2403.2761,14255.448,61932.2628,-516485.9539,-437894.96700000006,-454553.69110000005
3760000,2392.4415,14306.3007,62382.6612,-516453.6169,-437372.2135,-454070.95570000005
3761000,2355.9558,14321.1559,61723.4339,-515881.0315,-437480.48589999997,-454157.5976
3762000,2381.7448,14305.9495,61195.9339,-515403.7027,-437520.0745,-454207.7688
3763000,2371.6352,14290.2974,62284.3073,-516514.1906,-437567.9507,-454229.8833
3764000,2414.9086,14126.7301,62221.5951,-516969.223,-438205.9892,-454747.6279
3765000,2354.7158,14214.7585,62256.3376,-517255.6467,-438429.83479999995,-454999.30909999995
3766000,2389.3881,14191.0084,61538.1032,-515813.4572,-437694.9575,-454275.354
3767000,2372.3046,14241.3732,61827.674,-516442.6404,-438001.28859999997,-454614.9664
3768000,2390.5494,14278.0496,61951.3214,-516543.8668,-437923.9464,-454592.5454
3769000,2365.7993,14319.3748,61783.3076,-516008.2533,-437539.7716,-454224.9457
3770000,2377.7488,14193.6334,62412.4013,-516707.4532,-437723.66969999997,-454295.05189999996
3771000,2358.3711,14216.5886,61855.1198,-515428.2643,-436998.1848,-453573.1445
3772000,2373.1957,14188.8266,61789.7892,-515821.0798,-437469.2683,-454031.2906
3773000,2408.239,14172.0299,62015.6322,-516054.1282,-437458.22709999996,-454038.496
3774000,2384.6908,14241.5797,62496.0146,-516969.8106,-437847.5255,-454473.79600000003
3775000,2395.5056,14304.6755,61662.053,-515685.8505,-437323.6164,-454023.7975
3776000,2373.5267,14304.1453,62312.7257,-516692.6805,-437702.28280000004,-454379.9548
3777000,2370.0895,14256.4944,61652.8552,-515491.788,-437212.3489,-453838.9328
3778000,2395.702,14195.7472,62353.7952,-516293.5744,-437348.32999999996,-453939.7792
3779000,2378.632,14240.0601,62282.8925,-516837.2537,-437935.6691,-454554.3612
3780000,2397.0174,14218.8699,61782.7811,-515890.2525,-437491.5841,-454107.4714
3781000,2390.6173,14328.257,61868.7588,-515763.5478,-437175.91469999996,-453894.789
3782000,2347.404,14345.8302,61576.7048,-515694.0459,-437424.1069,-454117.3411
3783000,2366.5806,14320.8736,61748.5718,-516089.7507,-437653.72469999996,-454341.1789
3784000,2376.6079,14298.1667,62271.0875,-516738.9408,-437793.07869999995,-454467.85329999996
3785000,2366.6211,14314.9961,61878.5835,-515802.2809,-437242.0802,-453923.6974
3786000,2393.2062,14252.1257,62092.4481,-516212.5911,-437474.81110000005,-454120.14300000004
3787000,2370.6392,14321.8927,62206.7538,-516297.4405,-437398.1548,-454090.6867
3788000,2403.5383,14343.9869,61780.7757,-515697.24,-437168.93909999996,-453916.4643
3789000,2370.3942,14246.3211,62248.7671,-516845.5883,-437980.1059,-454596.8212
3790000,2374.4157,14257.2053,61981.6643,-516320.8463,-437707.561,-454339.182
3791000,2370.8874,14216.904,61928.0294,-516485.4263,-437969.6055,-454557.3969
3792000,2411.8779,14182.7232,61575.0669,-515245.4853,-437075.8173,-453670.4184
3793000,2371.372,14232.5041,61915.5718,-515957.3373,-437437.8894,-454041.76550000004
3794000,2432.6791,14194.2439,62032.6761,-516490.947,-437831.3479,-454458.2709
3795000,2370.5296,14229.319,62081.2994,-515692.3608,-437011.21280000004,-453611.0614
3796000,2395.7702,14214.0757,61787.8488,-515818.618,-437420.9233,-454030.76920000004
3797000,2385.0017,14250.7144,61595.6637,-515676.4099,-437445.03010000003,-454080.74620000005
3798000,2351.9752,14233.5383,62230.9714,-516319.3584,-437502.8735,-454088.38700000005
3799000,2386.0584,14229.3957,61556.0425,-515767.0054,-437595.5088,-454210.96290000004
3800000,2417.9784,14279.2449,61894.6644,-516004.252,-437412.3643,-454109.58759999997
3801000,2377.2574,14274.3102,62231.4556,-516044.2948,-437161.2716,-453812.8392
3802000,2387.0077,14342.4567,61960.0454,-515864.483,-437174.9732,-453904.4376
3803000,2387.6104,14247.368,62656.7657,-516784.7736,-437493.0295,-454128.0079
3804000,2354.7931,14233.2504,62194.3182,-516661.1009,-437878.7392,-454466.78270000004
3805000,2379.508,14239.1966,61647.1894,-515843.7653,-437577.8713,-454196.57590000005
3806000,2339.0363,14209.4616,62055.4836,-516108.0042,-437504.02270000003,-454052.52060000005
3807000,2360.314,14207.7741,62141.8539,-516093.6169,-437383.6749,-453951.76300000004
3808000,2375.8992,14307.1793,61704.6003,-515315.5108,-436927.832,-453610.9105
3809000,2381.3348,14264.8609,61534.9944,-514662.1516,-436480.9615,-453127.15719999996
3810000,2389.5547,14396.4976,61870.1927,-516128.4588,-437472.2138,-454258.2661
3811000,2375.9275,14295.1139,61851.042,-515656.1634,-437134.08,-453805.1214
3812000,2364.1204,14345.8154,62272.1488,-516295.7217,-437313.6371,-454023.57289999997
3813000,2388.6991,14323.5927,62044.1339,-516321.6067,-437565.181,-454277.4728
3814000,2348.1428,14318.06,62176.2445,-516177.6764,-437335.2291,-454001.43189999997
3815000,2361.545,14377.6463,61863.333,-515713.6585,-437111.13420000003,-453850.32550000004
3816000,2342.5673,14242.5438,61823.8977,-515547.2661,-437138.2573,-453723.36840000004
3817000,2360.3711,14349.8521,61994.3777,-516411.274,-437706.6731,-454416.89629999996
3818000,2371.6711,14335.3843,61952.0844,-516214.9373,-437555.7975,-454262.8529
3819000,2334.931,14279.4441,62294.4393,-516971.034,-438062.21959999995,-454676.5947
3820000,2413.8713,14307.934,61857.8718,-516051.0169,-437471.33979999996,-454193.14509999997
3821000,2345.6327,14318.1257,62366.084,-516297.0653,-437267.22290000005,-453930.9813
3822000,2365.5876,14337.639,62507.3325,-516700.4941,-437489.935,-454193.1616
3823000,2369.8791,14330.223,62318.5844,-516049.406,-437030.7195,-453730.8216
3824000,2342.0493,14263.0736,61830.9997,-515199.2757,-436763.1531,-453368.276
3825000,2401.6293,14312.3495,61883.9674,-515674.5752,-437076.629,-453790.6078
3826000,2360.1661,14221.4784,62360.5569,-516599.4174,-437657.21599999996,-454238.86049999995
3827000,2338.0655,14228.6281,61917.0386,-515681.719,-437197.98679999996,-453764.68039999995
3828000,2385.1833,14268.1177,62059.7741,-516755.384,-438042.3089,-454695.60990000004
3829000,2390.7028,14215.4838,61266.4466,-515434.2581,-437561.62489999994,-454167.81149999995
3830000,2393.6649,14309.9533,61720.7353,-516044.0907,-437619.7372,-454323.3554
3831000,2362.2589,14325.3751,61988.2387,-516460.9852,-437785.1125,-454472.7465
3832000,2384.1004,14401.9042,61690.5324,-516265.6516,-437789.1146,-454575.11919999996
3833000,2394.5428,14236.053,61355.9052,-515698.3343,-437711.8333,-454342.4291
3834000,2381.699,14221.2371,62515.0833,-517669.9128,-438551.8934,-455154.8295
3835000,2372.1575,14333.1563,61929.9331,-516097.7439,-437462.497,-454167.8108
3836000,2354.4392,14251.0903,62026.5239,-515967.8644,-437335.811,-453941.34050000005
3837000,2423.3288,14212.301,62006.7042,-516285.4022,-437643.0682,-454278.69800000003
3838000,2367.6882,14243.9335,61617.6928,-515964.5879,-437735.2734,-454346.89509999997
3839000,2377.1525,14282.0568,61973.8776,-515842.4338,-437209.3469,-453868.5562
3840000,2376.6882,14447.4981,62014.4355,-516309.7657,-437471.1439,-454295.33019999997
3841000,2397.4875,14344.8436,61544.35,-516103.8446,-437817.1635,-454559.49460000003
3842000,2357.5894,14303.5197,61656.3787,-515928.4106,-437610.9228,-454272.0319
3843000,2359.5082,14315.9111,61837.9468,-515941.9363,-437428.5702,-454103.9895
3844000,2353.582,14275.0879,62019.5383,-516712.2949,-438064.0867,-454692.75659999996
3845000,2379.4695,14301.9103,62549.7396,-516845.3469,-437614.22750000004,-454295.60730000003
3846000,2372.597,14277.0265,61504.1598,-515365.318,-437211.5347,-453861.1582
3847000,2358.6853,14250.1205,61887.0513,-516176.7286,-437680.8715,-454289.6773
3848000,2378.1662,14236.8387,61813.5329,-516615.1211,-438186.5833,-454801.5882
3849000,2403.3271,14270.4969,62101.3259,-516345.9622,-437570.8123,-454244.6363
3850000,2346.7401,14291.5985,62413.2105,-516547.4317,-437495.8826,-454134.2212
3851000,2388.6343,14204.4129,62340.281,-517064.4928,-438131.1646,-454724.2118
3852000,2429.435,14291.8061,62066.7917,-516515.0827,-437727.04990000004,-454448.291
3853000,2378.2756,14301.7072,61976.3869,-516256.2298,-437599.8601,-454279.8429
3854000,2384.5197,14260.2266,62404.7856,-517327.2078,-438277.6759,-454922.4222
3855000,2389.1388,14291.9163,62259.8243,-516044.8368,-437103.95739999996,-453785.0125
3856000,2399.466,14369.8639,61618.7283,-516217.5419,-437829.4837,-454598.8136
3857000,2395.093,14325.7362,62350.9357,-517115.8943,-438044.1294,-454764.9586
3858000,2354.6782,14271.8392,62028.654,-517027.1604,-438371.989,-454998.5064
3859000,2377.0634,14234.6255,61625.1586,-515707.7586,-437470.9111,-454082.6
3860000,2424.9155,14301.7757,62006.2256,-516265.5323,-437532.6155,-454259.3067
3861000,2371.3929,14309.3392,61463.7497,-515195.0196,-437050.5378,-453731.2699
3862000,2363.5385,14217.0672,61694.5528,-515538.2824,-437263.1239,-453843.7296
3863000,2351.6104,14276.3061,61311.1555,-515437.0303,-437497.9583,-454125.8748
3864000,2377.209,14130.6102,61933.1997,-515690.8148,-437249.7959,-453757.6151
3865000,2414.1286,14231.5145,61866.5878,-515944.3032,-437432.0723,-454077.71540000004
3866000,2362.2045,14265.9454,61981.8382,-516653.7131,-438043.725,-454671.8749
3867000,2385.2144,14353.5646,61676.6441,-515969.5773,-437554.1542,-454292.9332
3868000,2418.8628,14364.4081,61917.9821,-516335.2363,-437633.98329999996,-454417.25419999997
3869000,2385.6842,14414.4653,61812.1166,-516565.0598,-437952.7937,-454752.9432
3870000,2383.4641,14377.4078,61513.6171,-515574.5387,-437300.0497,-454060.9216
3871000,2399.8538,14328.9054,61474.0315,-515862.1438,-437659.3531,-454388.11230000004
3872000,2372.8062,14343.097,61036.6939,-515004.2442,-437251.6471,-453967.5503
3873000,2380.9257,14250.5923,61974.3802,-515853.4008,-437247.5026,-453879.0206
3874000,2369.5989,14322.5672,61959.1816,-516152.2131,-437500.8654,-454193.0315
3875000,2381.3531,14305.9859,62060.2245,-515745.9327,-436998.3692,-453685.7082
3876000,2381.221,14396.1989,62256.4847,-516385.301,-437351.39639999997,-454128.81629999995
3877000,2418.7119,14286.8263,62304.9715,-516501.7821,-437491.2724,-454196.8106
3878000,2376.7317,14172.2267,61553.6104,-515801.6119,-437699.0431,-454248.0015
3879000,2378.8179,14306.1927,61617.3979,-516342.9646,-438040.5561,-454725.5667
3880000,2361.5083,14322.1426,61485.3518,-515170.3793,-437001.37659999996,-453685.02749999997
3881000,2377.1815,14270.3389,62107.34,-516134.2669,-437379.4065,-454026.92689999996
3882000,2399.7725,14273.4334,62431.9261,-517424.7997,-438319.6677,-454992.8736
3883000,2383.5633,14277.1791,61847.7144,-516725.0708,-438216.614,-454877.3564
3884000,2368.7719,14234.7353,61807.5456,-515403.1939,-436992.1411,-453595.6483
3885000,2329.2237,14192.4115,61715.7858,-515686.6463,-437449.22530000005,-453970.8605
3886000,2409.585,14226.8379,61879.0838,-516638.3937,-438122.887,-454759.3099
3887000,2349.5654,14197.6111,62354.9253,-517053.8414,-438151.7396,-454698.9161
3888000,2393.4091,14284.4399,62225.5359,-516868.7939,-437965.409,-454643.258
3889000,2390.3938,14332.4253,61676.1151,-515811.9661,-437413.0319,-454135.851
3890000,2386.3347,14336.392,61945.8289,-516581.4633,-437912.9077,-454635.6344
3891000,2391.0692,14267.9066,62200.2186,-517258.2326,-438399.03819999995,-455058.01399999997
3892000,2410.3167,14318.3463,62019.0435,-516699.5082,-437951.80169999995,-454680.4647
3893000,2410.1473,14372.3116,61810.4696,-516037.7253,-437444.7968,-454227.2557
3894000,2390.7441,14254.1444,61645.0337,-516643.0218,-438353.09959999996,-454997.98809999996
3895000,2414.2874,14323.4196,62775.3737,-517757.7083,-438244.6276,-454982.3346
3896000,2407.8553,14307.3726,62600.0901,-517414.9954,-438099.67740000004,-454814.9053
3897000,2393.6115,14256.6154,62063.1604,-516515.9141,-437802.5268,-454452.7537
3898000,2384.9307,14321.2604,62142.4962,-516410.1331,-437561.4458,-454267.6369
3899000,2353.7543,14358.2285,62092.3164,-516061.9597,-437257.6605,-453969.6433
3900000,2393.4304,14318.0077,62249.8728,-516575.0105,-437613.6996,-454325.13769999996
3901000,2401.8408,14312.471,62268.3314,-516996.0642,-438013.42100000003,-454727.7328
3902000,2387.1682,14265.1919,62150.2973,-516312.5913,-437509.93389999995,-454162.294
3903000,2367.7737,14415.4915,61753.0977,-515663.5414,-437127.1785,-453910.4437
3904000,2381.4401,14392.2483,62500.9855,-517161.3194,-437886.6455,-454660.33389999997
3905000,2361.5152,14308.0216,61395.5194,-515745.4997,-437680.4435,-454349.9803
3906000,2383.1017,14218.3923,61787.6169,-516259.0213,-437869.91040000005,-454471.4044
3907000,2373.2491,14349.4103,62040.8459,-516589.4781,-437825.9728,-454548.6322
3908000,2379.9152,14363.5661,61221.5592,-515646.7851,-437681.7446,-454425.22589999996
3909000,2392.2777,14388.2293,61516.0115,-515511.4386,-437214.9201,-453995.4271
3910000,2367.9763,14391.8137,62367.3918,-516341.8416,-437214.6598,-453974.4498
3911000,2377.3846,14273.0622,62336.7916,-516673.4644,-437686.226,-454336.6728
3912000,2410.2381,14360.8993,61474.3115,-515631.6658,-437386.2169,-454157.3543
3913000,2374.9131,14365.6264,62605.4571,-517098.9405,-437752.9439,-454493.4834
3914000,2372.3135,14258.4917,62557.3095,-517585.4357,-438397.321,-455028.12619999994
3915000,2409.7612,14391.6656,61521.1811,-515895.4693,-437572.8614,-454374.2882
3916000,2397.4489,14369.475,62207.1341,-516701.6632,-437727.6052,-454494.5291
3917000,2390.8592,14291.0575,61723.5763,-516265.581,-437860.088,-454542.0047
3918000,2339.1643,14292.9124,62644.0349,-517000.7177,-437724.6061,-454356.68279999995
3919000,2356.1235,14314.495,62394.4745,-516025.9146,-436960.8216,-453631.4401
3920000,2422.2231,14301.0959,61866.6312,-516412.8007,-437822.8505,-454546.1695
3921000,2385.6502,14327.7773,62032.3277,-516331.0918,-437585.3366,-454298.7641
3922000,2382.5705,14218.2546,62130.9343,-515500.5543,-436768.7949,-453369.62
3923000,2396.8228,14371.6896,62051.0806,-516721.8049,-437902.2119,-454670.7243
3924000,2377.6499,14263.7121,61971.0256,-516077.8312,-437465.4436,-454106.8056
3925000,2398.3118,14317.9433,61932.3969,-516123.3634,-437474.7114,-454190.9665
3926000,2380.0575,14336.227,61999.9786,-515922.875,-437206.6119,-453922.89639999997
3927000,2396.6534,14204.1523,62390.6712,-516551.0207,-437559.5438,-454160.3495
3928000,2400.1132,14273.5307,61835.0924,-515747.257,-437238.5207,-453912.16459999996
3929000,2374.4631,14278.8532,61368.7422,-515517.9031,-437495.8446,-454149.1609
3930000,2393.5499,14303.0657,62047.6942,-516476.8855,-437732.5757,-454429.19129999995
3931000,2393.1647,14277.7842,62015.864,-516177.4955,-437490.6826,-454161.6315
3932000,2364.2817,14287.2746,61888.4815,-516313.9072,-437773.8694,-454425.4257
3933000,2402.5572,14280.4604,62517.7229,-517199.5681,-437998.82759999996,-454681.8452
3934000,2400.3553,14268.2719,61688.602,-515231.5091,-436874.2799,-453542.9071
3935000,2390.365,14286.9776,62076.0689,-515964.536,-437211.12450000003,-453888.4671
3936000,2385.7545,14218.6983,62106.3907,-515837.5273,-437126.6838,-453731.1366
3937000,2369.0288,14247.7198,61688.2867,-516018.3944,-437713.3591,-454330.1077
3938000,2348.3685,14282.1945,62572.6266,-516627.2948,-437424.1052,-454054.66819999996
3939000,2401.911,14284.7235,61543.3023,-515499.6948,-437269.75800000003,-453956.3925
3940000,2346.2856,14192.6935,62210.348,-516492.24,-437742.9129,-454281.892
3941000,2399.7515,14298.5435,62032.3546,-516862.3332,-438131.6836,-454829.9786
3942000,2354.8653,14279.9316,62302.8473,-516651.6102,-437713.966,-454348.7629
3943000,2347.5874,14284.0269,61796.4835,-516011.1457,-437583.0479,-454214.6622
3944000,2381.6588,14234.6496,61813.4472,-515660.7677,-437231.01210000005,-453847.32050000003
3945000,2396.9552,14362.9607,61851.8672,-515822.6666,-437210.8835,-453970.7994
3946000,2377.7589,14291.3239,61859.006,-516468.7732,-437940.6844,-454609.7672
3947000,2365.2875,14317.2839,62600.0836,-517792.3665,-438509.7115,-455192.2829
3948000,2397.2188,14315.1062,61905.9248,-516785.3653,-438167.1155,-454879.4405
3949000,2393.8734,14281.4674,62045.7683,-515818.3376,-437097.2285,-453772.56930000003
3950000,2436.6304,14419.9964,62278.7857,-516803.8656,-437668.45310000004,-454525.0799
3951000,2395.2005,14257.9918,61765.4747,-516175.2492,-437756.5822,-454409.7745
3952000,2378.3773,14290.2989,61657.66,-515948.6476,-437622.3114,-454290.9876
3953000,2354.5525,14268.7755,62404.3083,-516725.9887,-437698.3524,-454321.6804
3954000,2394.1142,14193.707,62333.9755,-516282.1861,-437360.3894,-453948.2106
3955000,2387.1149,14331.7855,61058.8873,-515022.0172,-437244.2295,-453963.1299
3956000,2355.2858,14270.6053,62035.4923,-516254.4746,-437593.0912,-454218.98230000003
3957000,2428.2261,14254.7961,62647.5084,-517188.2648,-437857.7342,-454540.7564
3958000,2408.3711,14216.8212,62366.9093,-516761.7259,-437769.6243,-454394.8166
3959000,2405.2436,14264.7917,62448.295,-516349.4762,-437231.1459,-453901.1812
3960000,2399.2819,14363.0261,61954.552,-516709.2246,-437992.36460000003,-454754.6726
3961000,2361.6865,14314.0772,61847.3684,-515848.2786,-437325.14650000003,-454000.91020000004
3962000,2409.6635,14345.8188,61985.4989,-516677.6332,-437936.652,-454692.1343
3963000,2406.4502,14256.5807,61591.7628,-515212.7135,-436957.91980000003,-453620.95070000004
3964000,2381.689,14252.0242,61804.6411,-515657.6353,-437219.281,-453852.9942
3965000,2378.9717,14326.3463,62007.9953,-516321.0326,-437607.7193,-454313.03729999997
3966000,2370.7544,14219.5707,62039.2342,-516000.8618,-437371.3025,-453961.6276
3967000,2399.6408,14361.3859,61835.2744,-515985.2448,-437388.9437,-454149.9704
3968000,2365.4939,14386.9971,61821.7458,-515390.5513,-436816.3145,-453568.8055
3969000,2366.2537,14324.8174,62036.9117,-515777.2577,-437049.2749,-453740.346
3970000,2373.1848,14241.951,61590.0006,-515569.1204,-437363.984,-453979.1198
3971000,2405.4638,14230.8403,62064.8563,-516554.3675,-437853.2071,-454489.5112
3972000,2384.6604,14282.7324,62090.7113,-516294.5485,-437536.4444,-454203.83719999995
3973000,2356.438,14313.8728,61733.8506,-516144.5808,-437740.4194,-454410.7302
3974000,2384.256,14260.3514,61909.6052,-515604.7333,-437050.5207,-453695.12810000003
3975000,2378.1807,14352.9969,61739.3596,-515923.8304,-437453.29319999996,-454184.47079999995
3976000,2373.9701,14275.4096,61992.8168,-515999.2713,-437357.0748,-454006.4545
3977000,2389.056,14340.3105,61964.0508,-516269.9098,-437576.49250000005,-454305.85900000005
3978000,2398.7975,14313.6238,62152.8025,-516215.3683,-437350.1445,-454062.5658
3979000,2383.5803,14257.9171,61796.7433,-516268.2691,-437830.02839999995,-454471.52579999994
3980000,2389.9117,14219.4889,62289.1665,-516822.0401,-437923.473,-454532.8736
3981000,2360.3716,14185.9794,62532.8232,-516290.4465,-437211.2723,-453757.62330000004
3982000,2399.9876,14285.9642,61947.6282,-516277.588,-437644.008,-454329.9598
3983000,2404.9135,14369.0237,61682.3437,-515751.8307,-437295.5498,-454069.48699999996
3984000,2406.6007,14332.2867,62022.5926,-516307.4884,-437546.00839999993,-454284.89579999994
3985000,2404.9163,14189.6009,61925.7169,-515869.4611,-437349.227,-453943.7442
3986000,2396.2135,14222.5189,62184.5943,-515652.8316,-436849.50489999994,-453468.2373
3987000,2392.2728,14350.4699,62426.8112,-516964.7759,-437795.222,-454537.9647
3988000,2397.1911,14308.4659,62036.908,-516235.2119,-437492.6469,-454198.3039
3989000,2362.857,14259.0863,62468.3676,-517109.7254,-438019.4145,-454641.3578
3990000,2377.7206,14194.2298,62284.1277,-516797.2328,-437941.1547,-454513.1051
3991000,2372.7871,14303.2305,62106.1674,-516835.9434,-438053.7584,-454729.776
3992000,2422.5284,14391.0018,61750.5228,-516465.3682,-437901.3152,-454714.84540000005
3993000,2392.1461,14398.9451,62461.8267,-516836.6268,-437583.7089,-454374.80010000005
3994000,2362.4033,14391.6502,62072.1271,-516283.4408,-437457.2602,-454211.3137
3995000,2399.3705,14364.1324,61981.631,-516080.2108,-437335.0769,-454098.5798
3996000,2417.4942,14403.7903,61763.5534,-516270.0101,-437685.17220000003,-454506.45670000004
3997000,2391.7856,14293.4232,62179.618,-516012.5733,-437147.7465,-453832.9553
3998000,2402.5022,14185.4282,61995.9712,-515887.444,-437303.54240000003,-453891.4728
3999000,2392.9482,14382.7395,61698.861,-515838.0143,-437363.4656,-454139.1533
4000000,2363.3111,14222.3529,62544.3073,-516570.3905,-437440.4192,-454026.0832
4001000,2406.1667,14373.4078,61879.7948,-516831.9783,-438172.609,-454952.18350000004
4002000,2339.2761,14268.1529,61922.6617,-515552.8804,-437022.7897,-453630.2187
4003000,2369.1761,14235.7366,61667.6812,-515331.479,-437058.88509999996,-453663.7978
4004000,2384.5502,14298.7087,61863.2663,-516752.476,-438205.9508,-454889.2097
4005000,2372.6406,14320.2946,62586.3836,-517138.2076,-437858.8888,-454551.824
4006000,2360.0557,14307.0296,62245.3451,-516478.857,-437566.4266,-454233.51190000004
4007000,2403.3722,14287.2448,61929.3013,-516342.0329,-437722.1146,-454412.7316
4008000,2389.8749,14293.0077,61869.6243,-516067.5125,-437515.00560000003,-454197.8882
4009000,2342.5598,14209.6053,61697.3679,-515438.3823,-437188.8493,-453741.0144
4010000,2383.0066,14219.2757,62012.8407,-515781.5428,-437166.41980000003,-453768.7021
4011000,2392.9368,14234.9517,62073.5008,-516159.217,-437457.8277,-454085.7162
4012000,2377.0434,14224.1741,62323.309,-516514.3467,-437589.82019999996,-454191.0377
4013000,2410.3191,14300.3657,61582.1671,-515838.3475,-437545.49559999997,-454256.18039999995
4014000,2395.1924,14342.7758,62220.0367,-517417.3266,-438459.3217,-455197.2899
4015000,2391.3571,14347.677,61995.7229,-516243.2519,-437508.4949,-454247.529
4016000,2358.0177,14280.379,61671.8582,-516327.8992,-438017.6443,-454656.04099999997
4017000,2340.9429,14187.7381,61904.1197,-516186.6485,-437753.8478,-454282.52880000003
4018000,2360.2666,14321.7181,62032.7807,-516165.1523,-437450.38690000004,-454132.3716
4019000,2362.8605,14323.6307,61850.5213,-516473.3049,-437936.2924,-454622.78359999997
4020000,2378.7197,14302.5388,62168.106,-515980.6609,-437131.2964,-453812.5549
4021000,2386.6894,14261.7292,61860.1032,-516299.8438,-437791.322,-454439.74059999996
4022000,2394.6355,14319.6528,62052.3916,-516272.2348,-437505.5549,-454219.8432
4023000,2369.1992,14358.4511,61793.0903,-516263.2715,-437742.53089999995,-454470.1812
4024000,2365.6929,14264.2239,61471.6488,-515204.27,-437102.70440000005,-453732.6212
4025000,2383.2143,14140.0839,61846.2278,-516139.9977,-437770.4717,-454293.7699
4026000,2385.2655,14250.2964,62236.5581,-516523.7673,-437651.6473,-454287.2092
4027000,2379.0328,14241.2265,62170.7915,-516496.6574,-437705.60660000006,-454325.86590000003
4028000,2392.0467,14405.5504,62335.5506,-516893.4752,-437760.3275,-454557.92459999997
4029000,2399.1609,14305.7839,62021.8973,-516808.3499,-438081.50779999996,-454786.45259999996
4030000,2393.3054,14367.4823,61963.146,-516061.5447,-437337.61100000003,-454098.3987
4031000,2395.7023,14270.1,62273.7216,-516951.0274,-438011.5035,-454677.30580000003
4032000,2398.3349,14307.7348,62486.5982,-517094.1649,-437901.497,-454607.56669999997
4033000,2399.3199,14387.1211,62129.5592,-516957.9187,-438041.91849999997,-454828.35949999996
4034000,2358.0451,14247.0348,62528.2544,-516651.8503,-437518.516,-454123.5959
4035000,2401.5186,14336.2602,61950.8196,-516041.7093,-437353.11089999997,-454090.8897
4036000,2350.3612,14229.2691,61673.5027,-515958.4333,-437705.3003,-454284.93059999996
4037000,2365.0436,14226.1712,61796.8542,-515727.8699,-437339.8009,-453931.0157
4038000,2378.0907,14321.7858,62087.6963,-516241.7797,-437454.2069,-454154.0834
4039000,2394.7325,14419.328,62548.8265,-516504.6764,-437141.7894,-453955.8499
4040000,2400.1235,14275.1526,61905.1596,-515894.2091,-437313.77339999995,-453989.04949999996
4041000,2380.3171,14353.9381,61780.878,-516000.7611,-437485.6279,-454219.8831
4042000,2388.7591,14372.6065,62202.3511,-516822.9676,-437859.2509,-454620.6165
4043000,2391.0339,14288.5912,62016.3496,-517001.5813,-438305.6066,-454985.2317
4044000,2366.3011,14295.1978,61782.0967,-515125.0129,-436681.4173,-453342.9162
4045000,2341.4273,14196.843,62370.0892,-516854.1689,-437945.80939999997,-454484.0797
4046000,2389.1854,14395.5379,61520.8364,-515513.7708,-437208.2111,-453992.9344
4047000,2376.613,14339.2585,61787.3645,-515621.59,-437118.35400000005,-453834.2255
4048000,2369.2045,14199.4314,61917.7125,-515805.259,-437318.9106,-453887.5465
4049000,2348.9125,14286.8487,61503.7017,-515203.8768,-437064.41390000004,-453700.17510000005
4050000,2364.927,14303.2527,62002.4337,-515925.6789,-437255.0655,-453923.2452
4051000,2373.9409,14267.3848,62193.5402,-515703.8971,-436869.03119999997,-453510.3569
4052000,2354.1472,14336.0611,61706.5641,-515714.8896,-437318.1172,-454008.3255
4053000,2348.4308,14291.2491,61898.5294,-516420.7957,-437882.58640000003,-454522.2663
4054000,2420.5566,14339.2706,61451.6501,-514937.1388,-436725.66150000005,-453485.4887
4055000,2383.0428,14248.6115,61902.7613,-515891.7073,-437357.2917,-453988.946
4056000,2379.7983,14394.714,61442.7773,-515468.478,-437251.1884,-454025.7007
4057000,2385.2223,14394.1332,62018.1216,-516510.3733,-437712.89619999996,-454492.25169999996
4058000,2359.9993,14272.2995,62588.9793,-517306.1569,-438084.8788,-454717.1776
4059000,2361.365,14301.5843,62533.9105,-516898.763,-437701.90319999994,-454364.8525
4060000,2391.146,14273.0661,61752.074,-516387.4526,-437971.16650000005,-454635.3786
4061000,2371.0739,14249.2553,62192.7085,-515982.624,-437169.5863,-453789.9155
4062000,2354.4601,14320.7349,61725.3326,-515567.2634,-437166.7358,-453841.9308
4063000,2378.8945,14294.3501,61728.3928,-515723.6139,-437321.9765,-453995.22109999997
4064000,2338.2107,14286.831,61620.7606,-515595.4687,-437349.6664,-453974.70810000005
4065000,2366.9422,14310.569,61915.3591,-516278.289,-437685.4187,-454362.9299
4066000,2374.8774,14373.1772,61565.4857,-515737.8807,-437424.3404,-454172.39499999996
4067000,2377.9011,14400.2502,61749.6971,-516583.1065,-438055.2581,-454833.4094
4068000,2391.0779,14325.9366,61967.2341,-516731.0234,-438046.7748,-454763.7893
4069000,2384.4418,14327.8788,61760.882,-516540.8113,-438067.6087,-454779.9293
4070000,2337.9036,14180.7952,62562.9099,-517033.9815,-437952.3728,-454471.0716
4071000,2376.7166,14301.899,62183.4446,-516621.0085,-437758.9483,-454437.5639
4072000,2368.9823,14226.556,61865.7212,-515984.9389,-437523.6794,-454119.21770000004
4073000,2412.7787,14324.8465,62440.5725,-516511.7953,-437333.5976,-454071.2228
4074000,2412.2129,14340.4429,61698.1769,-515781.4832,-437330.6505,-454083.3063
4075000,2402.8351,14264.2783,62156.5373,-516437.0263,-437613.3756,-454280.489
4076000,2356.8705,14329.1481,62324.8587,-516429.5896,-437418.7123,-454104.7309
4077000,2370.6799,14309.7126,62115.1966,-516063.5645,-437267.9754,-453948.36789999995
4078000,2419.2528,14359.5143,61837.8325,-515976.6823,-437360.08269999997,-454138.84979999997
4079000,2382.4317,14290.0889,62215.3032,-516519.1843,-437631.3605,-454303.8811
4080000,2370.8126,14291.2442,61638.7698,-516637.0693,-438336.24269999994,-454998.29949999996
4081000,2388.1045,14338.0415,62214.7174,-516239.7782,-437298.9148,-454025.0608
4082000,2384.4929,14339.4563,62072.8855,-516353.8591,-437557.0244,-454280.9736
4083000,2368.6988,14295.4172,62034.4355,-515890.7703,-437192.2188,-453856.33479999995
4084000,2373.4668,14220.5628,62114.2122,-516361.2296,-437652.9878,-454247.0174
4085000,2374.47,14277.7697,61736.0762,-516145.7367,-437757.4208,-454409.6605
4086000,2345.7878,14265.4713,61628.9258,-515481.6392,-437241.4543,-453852.7134
4087000,2380.2256,14293.4374,61612.8006,-515171.244,-436884.7804,-453558.4434
4088000,2407.4782,14293.7064,62348.3976,-516804.8923,-437755.3101,-454456.49470000004
4089000,2357.4389,14231.8583,62405.4224,-516918.1375,-437923.4179,-454512.71510000003
4090000,2372.6173,14247.1154,62024.9088,-516207.7675,-437563.12600000005,-454182.85870000004
4091000,2377.1401,14297.7907,62186.1599,-516899.2963,-438038.2056,-454713.13639999996
4092000,2373.1156,14374.5781,62485.3602,-516952.2161,-437719.1622,-454466.8559
4093000,2404.7459,14302.9513,61580.9143,-515693.9086,-437405.2971,-454112.9943
4094000,2361.5868,14186.8865,61795.7581,-515783.4477,-437439.21630000003,-453987.68960000004
4095000,2396.6831,14327.3447,62094.0327,-516757.5953,-437939.53479999996,-454663.5626
4096000,2396.4474,14199.4228,62147.8962,-516300.4066,-437556.64019999997,-454152.51039999997
4097000,2382.9862,14352.8107,62544.294,-516686.6072,-437406.5163,-454142.31320000003
4098000,2413.7633,14285.7154,62267.0532,-516358.5874,-437392.0555,-454091.5342
4099000,2379.5094,14342.5714,62044.3666,-516015.8555,-437249.4081,-453971.4889
4100000,2373.5211,14324.5769,61678.0886,-515640.9807,-437264.7941,-453962.8921
4101000,2368.2327,14339.3071,61802.1304,-515806.4864,-437296.8162,-454004.35599999997
4102000,2420.3304,14282.3824,61959.083,-516297.7067,-437635.9109,-454338.6237
4103000,2377.9122,14259.0087,61740.0963,-516043.2234,-437666.2062,-454303.12710000004
4104000,2390.1589,14285.4539,61850.4272,-516231.9168,-437705.8768,-454381.48960000003
4105000,2403.0422,14280.3566,61872.2715,-516304.4807,-437748.8104,-454432.20920000004
4106000,2452.0857,14268.0523,61655.0478,-515300.5503,-436925.3645,-453645.5025
4107000,2376.835,14181.281,62502.192,-517013.6255,-437953.3175,-454511.43350000004
4108000,2396.3316,14322.3452,61589.7766,-516387.5382,-438079.0848,-454797.7616
4109000,2405.6365,14326.385,62200.1041,-517165.9518,-438233.8262,-454965.8477
4110000,2396.3876,14296.6333,61953.1327,-515929.7254,-437283.5718,-453976.5927
4111000,2385.6486,14278.2448,62189.5544,-516610.9262,-437757.4784,-454421.37179999996
4112000,2392.3854,14276.026,61800.0601,-515692.3525,-437223.881,-453892.2924
4113000,2389.9022,14354.9636,61980.2388,-516316.2418,-437591.1372,-454336.003
4114000,2394.9057,14245.3503,61670.1308,-515914.2043,-437603.8175,-454244.0735
4115000,2364.6884,14284.5333,62285.4161,-516526.3343,-437591.69649999996,-454240.91819999996
4116000,2383.5789,14306.9731,62333.3068,-516343.7761,-437319.91730000003,-454010.4693
4117000,2357.6458,14301.5985,62193.2458,-516631.9332,-437779.44310000003,-454438.68740000005
4118000,2408.0326,14351.9818,62164.0787,-516205.6047,-437281.5116,-454041.526
4119000,2375.2012,14262.4533,61695.5709,-515292.9668,-436959.7414,-453597.3959
4120000,2398.2304,14259.9995,62126.8074,-515872.5405,-437087.50320000004,-453745.7331
4121000,2383.84,14352.1504,61945.668,-515943.6759,-437262.01749999996,-453998.00789999997
4122000,2393.7434,14326.8415,61814.8934,-515456.9204,-436921.4421,-453642.027
4123000,2350.5986,14344.3594,61650.2387,-515336.1664,-436990.9697,-453685.9277
4124000,2372.0932,14251.6871,61735.5712,-515372.8669,-437013.51540000003,-453637.2957
4125000,2364.4043,14386.5357,61977.2408,-516093.2086,-437365.02780000004,-454115.9678
4126000,2384.1956,14369.1016,62692.4897,-517378.0773,-437932.2904,-454685.5876
4127000,2410.5118,14398.1541,61924.666,-516404.1287,-437670.7968,-454479.46270000003
4128000,2391.0014,14273.4785,61718.0781,-515139.4882,-436756.93020000006,-453421.41010000004
4129000,2351.6235,14211.5818,62085.5457,-515674.606,-437025.85500000004,-453589.0603
4130000,2376.0245,14341.7741,61956.8024,-516178.2361,-437503.63509999996,-454221.4337
4131000,2370.9146,14271.7205,61822.7463,-516084.05,-437618.6686,-454261.3037
4132000,2379.073,14272.6024,61911.1834,-515835.7621,-437272.9033,-453924.5787
4133000,2368.6155,14239.9793,61931.939,-516941.1416,-438400.6078,-455009.20259999996
4134000,2429.0995,14300.316,61721.9137,-516016.0078,-437564.67860000004,-454294.09410000005
4135000,2402.4097,14403.0254,62091.8851,-516575.8494,-437678.5292,-454483.9643
4136000,2384.1907,14335.2225,62280.7071,-516755.6269,-437755.50659999996,-454474.9198
4137000,2406.2337,14221.1839,62074.7105,-515924.0057,-437221.8776,-453849.2952
4138000,2390.4203,14224.6179,62656.7553,-516838.4466,-437566.6531,-454181.6913
4139000,2387.5265,14307.3176,61850.7008,-516435.0029,-437889.458,-454584.30210000003
4140000,2403.2728,14365.1517,62185.4761,-516855.2538,-437901.3532,-454669.7777
4141000,2384.7192,14227.4538,61722.4471,-516022.7848,-437688.1647,-454300.33770000003
4142000,2403.5728,14338.2006,61630.5127,-515976.1525,-437603.86640000006,-454345.6398
4143000,2374.8363,14314.4999,62164.1879,-516237.2961,-437383.772,-454073.10819999996
4144000,2383.406,14218.5701,62701.4096,-516588.0158,-437284.6301,-453886.6062
4145000,2368.4376,14332.6259,61671.4233,-516099.5014,-437727.0146,-454428.0781
4146000,2353.4326,14277.3488,62208.6415,-516171.6391,-437332.21619999997,-453962.9976
4147000,2360.6875,14240.1209,61649.0354,-515385.8003,-437135.9565,-453736.7649
4148000,2362.2756,14169.0097,62234.7978,-516025.2798,-437259.19670000003,-453790.482
4149000,2380.2316,14292.7636,62466.1033,-517116.0764,-437976.9779,-454649.9731
4150000,2351.3814,14270.5548,62365.0886,-516724.5608,-437737.53599999996,-454359.47219999996
4151000,2377.7425,14358.8305,62287.9717,-516411.4429,-437386.89820000005,-454123.4712
4152000,2419.4806,14362.5055,61361.6233,-515199.6776,-437056.0682,-453838.0543
4153000,2398.4088,14253.2325,62017.0805,-516387.646,-437718.9242,-454370.5655
4154000,2370.2515,14262.3566,61946.6212,-516260.0766,-437680.84729999996,-454313.4554
4155000,2369.451,14395.9364,61555.7425,-516220.2167,-437899.0868,-454664.4742
4156000,2426.0563,14225.3293,62100.5078,-516570.8635,-437818.9701,-454470.35569999996
4157000,2419.4718,14402.4299,62417.2485,-517199.0909,-437959.94070000004,-454781.8424
4158000,2379.6703,14311.1979,62130.8673,-515820.1968,-436998.46129999997,-453689.3295
4159000,2374.5883,14307.5797,61829.5749,-515733.0749,-437221.332,-453903.5
4160000,2408.0909,14261.7516,62177.2974,-515493.2319,-436646.092,-453315.93450000003
4161000,2386.376,14279.4733,61930.1015,-516525.1693,-437929.2185,-454595.0678
4162000,2385.2352,14225.9112,61826.6994,-515783.7683,-437345.9225,-453957.0689
4163000,2370.899,14334.599,62407.6071,-516306.3906,-437193.2855,-453898.78349999996
4164000,2370.3854,14330.4865,62327.2453,-516379.7892,-437351.672,-454052.5439
4165000,2408.0107,14338.279,62168.5613,-516070.2372,-437155.38619999995,-453901.6759
4166000,2395.0243,14358.4523,62224.8913,-516503.6285,-437525.2606,-454278.7372
4167000,2351.0391,14234.8938,62152.6342,-515964.806,-437226.2389,-453812.1718
4168000,2377.1731,14339.7604,61370.2765,-515344.7616,-437257.5516,-453974.48510000005
4169000,2357.8583,14307.063,61688.2234,-515557.5388,-437204.3941,-453869.31539999996
4170000,2381.1578,14271.2645,62273.6899,-516554.9047,-437628.7925,-454281.2148
4171000,2371.1932,14254.6612,62279.1419,-516434.3973,-437529.401,-454155.2554
4172000,2390.5766,14203.9375,61731.4742,-515811.0498,-437485.06149999995,-454079.5756
4173000,2368.0561,14269.4785,61779.2179,-515841.0221,-437424.2696,-454061.8042
4174000,2372.1605,14341.2179,62037.73,-515373.5277,-436622.41929999995,-453335.7977
4175000,2352.7232,14291.2663,61656.5237,-515851.709,-437551.1958,-454195.18529999995
4176000,2393.9884,14325.0668,61754.194,-515391.4267,-436918.1775,-453637.2327
4177000,2407.2315,14236.0261,61948.0281,-515527.9756,-436936.6899,-453579.9475
4178000,2384.5257,14318.7379,62216.7257,-516493.9893,-437574.0,-454277.2636
4179000,2411.3868,14377.3466,61723.5108,-515775.7166,-437263.47239999997,-454052.2058
4180000,2380.3997,14325.4989,61922.2427,-515818.7481,-437190.6068,-453896.5054
4181000,2400.0082,14209.8405,61939.8162,-516310.0123,-437760.34739999997,-454370.1961
4182000,2366.5572,14258.0561,62383.5885,-517464.1056,-438455.90380000003,-455080.5171
4183000,2377.0564,14333.6571,61830.857,-515040.7454,-436499.1749,-453209.8884
4184000,2380.1238,14242.8676,61631.429,-515199.2701,-436944.8497,-453567.8411
4185000,2388.0709,14419.2588,61637.0041,-515748.0093,-437303.6755,-454111.00519999996
4186000,2352.2523,14285.9554,62044.3731,-515610.0306,-436927.4498,-453565.6575
4187000,2383.2343,14329.0054,62248.466,-516167.7718,-437207.0661,-453919.3058
4188000,2372.5141,14238.8214,61515.0061,-515598.3353,-437471.9937,-454083.3292
4189000,2346.4943,14329.6781,61914.2626,-516000.0784,-437409.6434,-454085.8158
4190000,2390.5649,14299.5036,62095.0427,-516070.5866,-437285.4754,-453975.5439
4191000,2381.0284,14240.8697,61556.1261,-515139.3029,-436961.2787,-453583.1768
4192000,2388.2408,14209.1311,61882.7696,-515696.8506,-437216.7091,-453814.081
4193000,2365.5517,14271.185,62405.6159,-516709.0639,-437666.7113,-454303.44800000003
4194000,2335.2476,14169.6474,61854.1073,-515618.6336,-437259.6313,-453764.5263
4195000,2392.9969,14294.7522,61755.0676,-515762.5296,-437319.71290000004,-454007.462
4196000,2315.7174,14120.8212,61980.8567,-516298.0845,-437880.6892,-454317.2278
4197000,2365.3686,14266.8846,61833.1401,-515784.2934,-437318.9001,-453951.1533
4198000,2361.6583,14180.2437,61590.2574,-515178.5154,-437046.35599999997,-453588.258
4199000,2362.0291,14278.9846,62456.8776,-516696.4086,-437598.5173,-454239.531
4200000,2384.2058,14297.2442,61543.5197,-515902.8242,-437677.85449999996,-454359.30449999997
4201000,2355.707,14230.5125,61735.0829,-515769.8015,-437448.4991,-454034.7186
4202000,2403.2626,14277.5025,62210.3666,-516107.6415,-437216.5098,-453897.2749
4203000,2375.577,14283.2235,62410.14,-516160.041,-437091.10050000006,-453749.901
4204000,2375.0251,14213.3392,62088.1289,-516092.63,-437416.1368,-454004.5011
4205000,2346.121,14270.7243,62027.2444,-515997.9446,-437353.8549,-453970.70019999996
4206000,2397.7375,14163.8694,62489.2697,-516445.6732,-437394.7966,-453956.4035
4207000,2356.6785,14158.0871,61949.8627,-515925.2303,-437460.602,-453975.3676
4208000,2380.948,14332.1452,62425.3613,-515950.6905,-436812.23600000003,-453525.32920000004
4209000,2392.4523,14240.9277,62050.8543,-516125.4961,-437441.2618,-454074.6418
4210000,2400.0484,14302.5488,61485.3466,-515338.8963,-437150.9525,-453853.54970000003
4211000,2355.4115,14287.1297,62362.2294,-516575.4396,-437570.669,-454213.2102
4212000,2383.9392,14153.2834,61603.3984,-516160.2928,-438019.6718,-454556.8944
4213000,2343.6899,14314.6764,61928.286,-515747.23,-437160.57769999997,-453818.94399999996
4214000,2361.3683,14319.0599,62754.8568,-516887.3432,-437452.05819999997,-454132.4864
4215000,2422.752,14277.9918,62119.1826,-517030.5692,-438210.64280000003,-454911.3866
4216000,2382.789,14257.2009,61948.2972,-516016.6865,-437428.3994,-454068.38930000004
4217000,2359.5559,14264.2578,61503.1619,-516337.6086,-438210.633,-454834.4467
4218000,2367.0462,14081.6299,62008.3268,-516269.3296,-437812.3267,-454261.0028
4219000,2436.7287,14281.4807,61811.0326,-516185.3393,-437656.0973,-454374.3067
4220000,2372.7731,14234.1791,62250.0219,-516484.9261,-437627.952,-454234.9042
4221000,2391.647,14278.7353,61985.0482,-515896.0556,-437240.6251,-453911.0074
4222000,2360.8844,14118.9949,62214.5642,-516044.5521,-437350.1086,-453829.98789999995
4223000,2388.9165,14204.947,61628.4826,-515227.325,-437004.9789,-453598.8424
4224000,2370.9328,14257.0283,61876.5045,-515740.0608,-437235.5952,-453863.5563
4225000,2381.9947,14198.5172,62118.2734,-516627.2374,-437928.4521,-454508.964
4226000,2375.0983,14247.937,61877.5373,-515565.3937,-437064.8211,-453687.8564
4227000,2362.9048,14287.8326,62224.224,-515577.3752,-436702.4138,-453353.1512
4228000,2394.4019,14289.7771,61828.2996,-515253.8079,-436741.3293,-453425.5083
4229000,2379.3648,14158.1921,62044.2761,-516764.274,-438182.441,-454719.99789999996
4230000,2390.6378,14215.7271,62140.3068,-516429.2925,-437682.6208,-454288.98569999996
4231000,2384.9301,14332.5852,61495.8176,-515961.2829,-437747.94999999995,-454465.4653
4232000,2391.0392,14101.4775,61756.8186,-515710.9031,-437461.56779999996,-453954.0845
4233000,2366.0175,14340.2717,61934.1333,-515808.0962,-437167.67370000004,-453873.96290000004
4234000,2374.2208,14131.7206,61847.6701,-515256.8543,-436903.2428,-453409.1842
4235000,2341.1495,14269.6614,62386.2772,-516964.1179,-437967.0298,-454577.8407
4236000,2395.0375,14244.2754,62350.5037,-516689.5031,-437699.68649999995,-454338.9994
4237000,2359.6675,14215.978,61893.1037,-516116.1096,-437647.3604,-454223.00590000005
4238000,2393.6067,14285.4205,61874.7396,-516072.0612,-437518.2944,-454197.3216
4239000,2363.0969,14169.6888,61839.2491,-515660.3534,-437288.3186,-453821.1043
4240000,2372.0965,14189.7487,62106.8993,-516297.0867,-437628.34219999996,-454190.1874
4241000,2382.1813,14214.1604,61763.926,-515811.8692,-437451.6015,-454047.94320000004
4242000,2396.6732,14300.9404,61710.7522,-516237.2612,-437828.89540000004,-454526.509
4243000,2345.9882,14140.9954,61833.6048,-516475.9281,-438155.3397,-454642.32330000005
4244000,2397.3896,14274.6836,61923.8134,-516530.5305,-437934.6439,-454606.7171
4245000,2367.6572,14302.0032,61694.6558,-516071.3942,-437707.078,-454376.7384
4246000,2393.0993,14219.8899,61573.4495,-515748.5649,-437562.1262,-454175.1154
4247000,2359.2643,14166.5607,62325.1122,-516196.0456,-437345.1084,-453870.9334
4248000,2401.4648,14361.1699,62149.1422,-515891.5702,-436979.7933,-453742.428
4249000,2336.3353,14112.5354,61568.7958,-515150.1182,-437132.45170000003,-453581.3224
4250000,2380.9212,14170.2803,61232.7837,-514985.8864,-437201.9012,-453753.10270000005
4251000,2359.6527,14245.9943,62050.0487,-516054.4522,-437398.7565,-454004.4035
4252000,2364.1473,14264.1696,61956.3937,-515815.1978,-437230.48720000003,-453858.8041
4253000,2368.4221,14193.5979,62680.668,-516948.4373,-437705.7493,-454267.7693
4254000,2387.7732,14225.7461,61746.3281,-515957.417,-437597.56960000005,-454211.08890000003
4255000,2350.5203,14322.9711,62118.7342,-516350.0882,-437557.8626,-454231.354
4256000,2363.4792,14176.8549,61909.8032,-515821.8069,-437371.6696,-453912.0037
4257000,2360.9831,14235.6631,61914.7585,-515718.4974,-437207.0927,-453803.7389
4258000,2366.8302,14152.1093,61795.0919,-515025.6425,-436711.6111,-453230.5506
4259000,2375.8142,14289.0272,61278.1303,-515002.5277,-437059.556,-453724.39739999996
4260000,2406.5043,14293.0302,62388.5171,-516912.8544,-437824.8028,-454524.3373
4261000,2378.9644,14211.6917,61707.5488,-515489.2769,-437191.072,-453781.7281
4262000,2415.4216,14315.4753,62516.9477,-516988.0448,-437740.20019999996,-454471.09709999996
4263000,2349.3713,14243.4221,62005.9532,-516218.0242,-437619.2776,-454212.071
4264000,2368.2062,14124.6233,61883.6297,-515612.7478,-437236.2886,-453729.1181
4265000,2392.2199,14277.9666,62191.3628,-517149.0255,-438287.4762,-454957.6627
4266000,2350.0281,14154.2273,62032.881,-516433.5818,-437896.44539999997,-454400.7008
4267000,2386.7114,14254.1988,61789.0678,-515887.0019,-437457.0239,-454097.93409999995
4268000,2409.6437,14330.036,61972.8683,-516592.5957,-437880.0477,-454619.7274
4269000,2376.1033,14196.3058,61518.0182,-515052.0187,-436961.59140000003,-453534.0005
4270000,2349.0375,14124.8159,62014.9581,-515972.4253,-437483.6138,-453957.4672
4271000,2392.7436,14341.9433,62634.3653,-516632.9965,-437263.9443,-453998.6312
4272000,2358.7452,14253.4709,62420.8602,-517014.3685,-437981.29219999997,-454593.5083
4273000,2409.9788,14304.7259,62475.3913,-517048.8536,-437858.75759999995,-454573.46229999996
4274000,2395.655,14350.3766,62137.3071,-516459.3569,-437576.01820000005,-454322.04980000004
4275000,2368.3079,14393.1104,62250.3165,-516769.3008,-437757.566,-454518.9843
4276000,2415.7507,14298.5736,62073.7476,-516434.4129,-437646.341,-454360.6653
4277000,2376.984,14138.4516,62407.5662,-516654.0511,-437731.04929999996,-454246.4849
4278000,2370.9719,14289.2764,62204.9877,-515912.5574,-437047.3214,-453707.5697
4279000,2406.1805,14378.3939,61738.9114,-515850.1404,-437326.6546,-454111.229
4280000,2410.2754,14323.6439,61843.9877,-515863.1655,-437285.2585,-454019.1778
4281000,2365.384,14216.7737,61564.3583,-515336.8586,-437190.3426,-453772.50029999996
4282000,2354.2179,14338.0844,61754.1088,-516079.7246,-437633.31350000005,-454325.6158
4283000,2388.9996,14247.819,61860.3206,-515626.8925,-437129.7533,-453766.57190000004
4284000,2392.1068,14417.1069,61791.3576,-516263.998,-437663.4267,-454472.64040000003
4285000,2397.7912,14212.5851,61660.3058,-515611.6025,-437340.92039999994,-453951.29669999995
4286000,2388.706,14273.026,62164.1882,-516151.2823,-437325.3621,-453987.09410000005
4287000,2385.7116,14239.1374,62071.7028,-516120.1094,-437423.5576,-454048.4066
4288000,2367.9415,14312.1498,61622.9222,-515373.3603,-437070.3468,-453750.4381
4289000,2362.3087,14236.6877,62401.2621,-516290.1689,-437289.9104,-453888.9068
4290000,2418.7685,14379.4234,61792.3213,-515739.7672,-437149.254,-453947.4459
4291000,2386.8534,14266.4024,61793.8881,-515225.5421,-436778.39820000005,-453431.65400000004
4292000,2339.8673,14143.2973,61709.665,-515324.2296,-437131.4,-453614.56460000004
4293000,2393.0138,14331.2989,62233.3814,-515770.6212,-436812.9271,-453537.2398
4294000,2361.316,14277.4379,61936.4789,-515717.2848,-437142.052,-453780.80590000004
4295000,2350.2808,14260.9503,62200.3701,-516089.8061,-437278.2049,-453889.436
4296000,2380.3102,14209.4855,62325.4763,-516686.0855,-437770.8135,-454360.6092
4297000,2393.6543,14253.1108,61749.1658,-515140.6955,-436744.7646,-453391.52969999996
4298000,2429.68,14295.7214,61515.677,-515831.8336,-437590.7552,-454316.1566
4299000,2401.9754,14349.4672,61561.0021,-515827.0032,-437514.5585,-454266.0011
4300000,2408.9256,14326.8538,62399.9209,-516581.5349,-437445.83460000006,-454181.61400000006
4301000,2393.5238,14332.5739,61900.9322,-516023.816,-437396.7861,-454122.8838
4302000,2382.0933,14234.3032,61812.7873,-515491.839,-437062.6552,-453679.05169999995
4303000,2387.6648,14198.1726,61977.089,-516554.9866,-437992.0602,-454577.8976
4304000,2396.005,14245.7037,62526.5091,-517487.5673,-438319.3495,-454961.05819999997
4305000,2393.3101,14227.9267,62101.975,-516488.5874,-437765.3756,-454386.61240000004
4306000,2385.9472,14325.0422,61835.6074,-516374.4421,-437827.8453,-454538.8347
4307000,2410.9298,14326.3713,62235.5024,-516752.0279,-437779.2244,-454516.5255
4308000,2362.4157,14120.4921,62057.6017,-516686.3459,-438145.83640000003,-454628.7442
4309000,2399.3006,14298.337,61941.8559,-516428.7926,-437789.2991,-454486.93669999996
4310000,2389.431,14252.7999,62523.6369,-517180.6797,-438014.8119,-454657.0428
4311000,2381.0128,14216.0726,61650.1868,-516055.9855,-437808.7133,-454405.7987
4312000,2381.3264,14228.5077,61788.243,-515870.9866,-437472.9095,-454082.7436
4313000,2367.8386,14284.007,62584.0338,-517049.6165,-437813.7371,-454465.5827
4314000,2390.031,14265.3303,62366.4939,-516755.7425,-437733.8873,-454389.2486
4315000,2384.8159,14185.3788,62058.8881,-515949.943,-437320.8602,-453891.05490000005
4316000,2389.1796,14196.1831,62242.0902,-516962.5548,-438135.1019,-454720.4646
4317000,2386.9632,14244.5077,62467.226,-516051.3672,-436952.6703,-453584.14119999995
4318000,2372.5065,14329.8804,62128.8672,-515825.8689,-436994.6148,-453697.0017
4319000,2362.5623,14230.2934,62354.3014,-516537.4186,-437590.26149999996,-454183.1172
4320000,2378.5934,14312.0601,61978.7855,-515932.4999,-437263.0609,-453953.7144
4321000,2405.0848,14391.147,61368.0283,-515867.5556,-437703.2955,-454499.5273
4322000,2373.4799,14228.2517,62049.9737,-516195.1211,-437543.41579999996,-454145.1474
4323000,2369.8669,14245.9666,61275.9429,-515124.0728,-437232.2964,-453848.1299
4324000,2396.3585,14170.5692,61847.4857,-515746.8885,-437332.47510000004,-453899.4028
4325000,2387.3914,14255.2232,62178.8704,-516099.23,-437277.745,-453920.35959999997
4326000,2396.3747,14257.6425,61666.5647,-515335.2731,-437014.6912,-453668.7084
4327000,2388.0757,14258.5503,62238.6169,-516791.7414,-437906.4985,-454553.1245
4328000,2380.0131,14249.2112,62421.0314,-516799.7515,-437749.49580000003,-454378.72010000004
4329000,2384.1763,14244.8366,62553.5339,-517171.321,-437988.7742,-454617.7871
4330000,2357.4783,14209.4242,62086.3975,-516728.5571,-438075.2571,-454642.15959999996
4331000,2402.2662,14387.352,61993.9188,-516792.1564,-438008.61939999997,-454798.2376
4332000,2349.9258,14104.3685,62115.9247,-516456.6105,-437886.3915,-454340.6858
4333000,2362.2878,14139.9214,62490.7677,-517054.1766,-438061.1997,-454563.40890000004
4334000,2357.6951,14251.3472,61873.2094,-516252.869,-437770.61730000004,-454379.6596
4335000,2383.0617,14184.8293,62222.6132,-516637.0908,-437846.58660000004,-454414.4776
4336000,2369.8967,14230.6263,62246.3127,-516137.6933,-437290.8576,-453891.3806
4337000,2386.76,14268.4079,62829.0262,-517335.3822,-437851.1881,-454506.35599999997
4338000,2404.7527,14198.8347,61863.8429,-515745.8254,-437278.39509999997,-453881.9825
4339000,2331.3675,14280.1946,61922.1738,-515992.8132,-437459.0773,-454070.6394
4340000,2371.9699,14227.4419,61759.3892,-516145.2228,-437786.4218,-454385.8336
4341000,2393.6673,14231.8874,61916.7471,-516161.4728,-437619.171,-454244.7257
4342000,2357.8562,14250.2002,62080.5243,-516107.0623,-437418.4816,-454026.538
4343000,2361.4106,14234.6047,61673.02,-515636.6148,-437367.5795,-453963.59479999996
4344000,2372.4841,14237.7106,61687.1583,-515571.2476,-437273.8946,-453884.0893
4345000,2362.4707,14299.183,61394.476,-516115.368,-438059.2383,-454720.892
4346000,2413.1211,14309.7997,62396.2872,-515978.0069,-436858.7989,-453581.71969999996
4347000,2378.2787,14285.0067,61914.3783,-515969.7978,-437392.1341,-454055.4195
4348000,2420.335,14251.8608,61544.3087,-515526.5298,-437310.0253,-453982.2211
4349000,2405.3597,14210.8302,61797.9139,-515911.7946,-437497.69080000004,-454113.88070000004
4350000,2413.425,14256.5433,61871.7284,-515866.4033,-437324.70660000003,-453994.6749
4351000,2344.6413,14177.3374,61868.4928,-515736.5163,-437346.04480000003,-453868.0235
4352000,2377.8537,14244.4052,62229.8119,-516334.2577,-437482.18690000003,-454104.4458
4353000,2394.7735,14222.7544,62077.5824,-516318.1605,-437623.0502,-454240.5781
4354000,2350.7385,14200.8568,62261.9795,-516627.9554,-437814.3806,-454365.97589999996
4355000,2380.7857,14194.371,62091.572,-516769.1999,-438102.4712,-454677.6279
4356000,2343.5276,14218.9173,62137.86,-516021.635,-437321.3301,-453883.775
4357000,2363.286,14184.4777,62000.459,-516676.7286,-438128.5059,-454676.2696
4358000,2378.4538,14249.4537,61952.474,-515695.214,-437114.83249999996,-453742.74
4359000,2356.3236,14226.1648,61879.3931,-515806.3431,-437344.4616,-453926.95
4360000,2401.0867,14272.8782,62214.8674,-516359.1806,-437470.3483,-454144.31320000003
4361000,2349.071,14196.0347,62058.848,-515817.0701,-437213.1164,-453758.2221
4362000,2364.5524,14289.6511,62180.1788,-515771.2021,-436936.8198,-453591.0233
4363000,2359.2539,14206.5043,61794.1221,-516269.2043,-437909.32399999996,-454475.0822
4364000,2368.236,14233.7481,61683.5279,-515377.809,-437092.297,-453694.2811
4365000,2352.7921,14095.0048,61691.1038,-515212.1136,-437073.2129,-453521.0098
4366000,2383.9634,14212.5724,61173.6248,-514628.7077,-436858.5471,-453455.08290000004
4367000,2385.4884,14130.6207,61925.2522,-515382.1275,-436940.7662,-453456.8753
4368000,2379.1316,14207.376,62326.8507,-515883.2423,-436969.88399999996,-453556.3916
4369000,2399.7103,14212.6335,61458.0933,-515140.6532,-437070.2161,-453682.5599
4370000,2382.593,14218.7179,61966.3514,-515820.548,-437252.8857,-453854.1966
4371000,2369.6704,14074.4422,61901.8027,-515773.8741,-437427.9588,-453872.0714
4372000,2358.4363,14131.6272,62072.0249,-515765.0057,-437202.9173,-453692.98079999996
4373000,2383.8549,14137.4966,61654.5486,-515564.9957,-437389.0956,-453910.44710000005
4374000,2350.2654,14236.885,62453.4297,-515867.1186,-436826.5385,-453413.6889
4375000,2383.5591,14188.0206,61527.6698,-515507.1781,-437407.9286,-453979.5083
4376000,2415.0534,14250.9413,62524.5209,-516813.8582,-437623.34260000003,-454289.3373
4377000,2419.9935,14274.0693,62089.5479,-516237.4054,-437453.79469999997,-454147.8575
4378000,2385.6468,14279.0246,61812.3689,-515040.3322,-436563.2919,-453227.9633
4379000,2356.1232,14201.833,62485.6486,-516398.0615,-437354.4567,-453912.4129
4380000,2388.8155,14200.2264,61819.4692,-516510.2972,-438101.78609999997,-454690.828
4381000,2354.565,14231.1093,61785.2151,-515637.3643,-437266.47490000003,-453852.1492
4382000,2399.4364,14342.1821,62512.3027,-516800.4761,-437546.55490000005,-454288.1734
4383000,2401.3204,14235.3127,62287.9996,-516435.4073,-437510.7746,-454147.40770000004
4384000,2391.5213,14263.7732,62453.7908,-516838.634,-437729.54870000004,-454384.8432
4385000,2376.97,14174.3427,61848.6772,-516646.8743,-438246.88440000004,-454798.19710000005
4386000,2396.5607,14176.8714,62031.8379,-516071.7593,-437466.4893,-454039.9214
4387000,2385.6751,14266.1472,61326.0084,-515204.3462,-437226.51550000004,-453878.33780000004
4388000,2376.5433,14234.2937,61680.5104,-515185.6569,-436894.3095,-453505.14650000003
4389000,2376.428,14229.8856,62025.2301,-516373.0902,-437741.54649999994,-454347.8601
4390000,2353.6219,14148.4759,62081.9377,-516404.2344,-437820.1989,-454322.2967
4391000,2399.4705,14201.2719,61994.8862,-516055.8962,-437460.2676,-454061.01
4392000,2406.6656,14273.629,62255.3692,-516507.2817,-437571.61789999995,-454251.9125
4393000,2420.1989,14126.1911,62412.8849,-516591.9475,-437632.67260000005,-454179.0626
4394000,2393.6047,14229.6624,62011.242,-515796.6881,-437162.179,-453785.44610000006
4395000,2405.466,14230.3014,62231.8699,-516876.8425,-438009.2052,-454644.97260000004
4396000,2355.4072,14240.2214,61958.3255,-515825.8994,-437271.9453,-453867.5739
4397000,2376.6541,14116.2555,61952.2928,-516106.0757,-437660.8733,-454153.7829
4398000,2423.8007,14183.6755,61563.617,-514996.2472,-436825.154,-453432.6302
4399000,2411.8969,14220.1587,62118.5143,-515943.0023,-437192.4324,-453824.488
4400000,2354.8608,14185.3785,62331.7805,-516980.5174,-438108.4976,-454648.7369
4401000,2400.2998,14210.5546,61965.558,-515353.5168,-436777.10439999995,-453387.95879999996
4402000,2366.2823,14142.8664,61772.8795,-515783.9207,-437501.8925,-454011.04120000004
4403000,2394.7403,14232.9317,61883.9827,-516546.1108,-438034.4561,-454662.12810000003
4404000,2396.4968,14142.9887,61297.7967,-514969.1556,-437131.8734,-453671.3589
4405000,2374.6705,14180.2205,62067.0009,-516003.1698,-437381.2779,-453936.1689
4406000,2354.8396,14133.8115,61352.1432,-515175.0959,-437334.3016,-453822.9527
4407000,2391.7051,14168.0499,61926.1412,-516228.1324,-437742.2362,-454301.9912
4408000,2398.4866,14219.3343,62466.6928,-516636.2312,-437551.71749999997,-454169.53839999996
4409000,2375.274,14249.992,62254.6141,-516579.5171,-437699.637,-454324.903
4410000,2388.7748,14284.1007,62143.1415,-516629.1453,-437813.1283,-454486.00379999995
4411000,2389.7277,14126.5136,62191.0074,-516729.0479,-438021.7992,-454538.0405
4412000,2336.0503,14192.9759,61826.3834,-515869.1717,-437513.7621,-454042.7883
4413000,2362.6768,14183.7432,61850.1076,-515586.2906,-437189.76300000004,-453736.183
4414000,2398.3111,14293.181,62557.8231,-516946.6713,-437697.3561,-454388.8482
4415000,2364.7983,14225.0481,61880.1353,-515853.2741,-437383.2924,-453973.13879999996
4416000,2394.7822,14179.3521,61341.1944,-515210.8722,-437295.54349999997,-453869.6778
4417000,2375.3248,14153.357,61790.6873,-516066.4143,-437747.0452,-454275.727
4418000,2362.4372,14147.168,62451.9344,-516855.722,-437894.18240000005,-454403.78760000004
4419000,2401.299,14271.1447,61604.3088,-515708.6398,-437431.8873,-454104.331
4420000,2388.3215,14171.947,62287.7812,-516695.4686,-437847.41890000005,-454407.68740000005
4421000,2395.0894,14143.4525,62016.3958,-515698.9725,-437144.03479999996,-453682.5767
4422000,2408.0344,14139.4262,61733.5374,-515860.5122,-437579.5142,-454126.97479999997
4423000,2388.1833,14138.9595,61998.7156,-515990.5505,-437464.6921,-453991.8349
4424000,2399.1857,14232.7336,62179.4379,-516213.9633,-437402.6061,-454034.5254
4425000,2390.8582,14228.3498,62455.6515,-515894.9693,-436820.1098,-453439.3178
4426000,2361.0662,14234.6088,61845.7763,-515760.533,-437319.0817,-453914.7567
4427000,2400.5997,14149.4329,61443.1287,-515512.3791,-437519.2178,-454069.2504
4428000,2368.9488,14168.7589,62111.1695,-516447.3619,-437798.48470000003,-454336.1924
4429000,2388.1521,14171.6346,61112.3141,-514341.4895,-436669.3887,-453229.1754
4430000,2354.998,14223.7153,61348.9059,-514644.0954,-436716.4762,-453295.1895
4431000,2395.5366,14243.086,61550.8496,-515521.8508,-437332.3786,-453971.0012
4432000,2360.1966,14307.688,62149.5242,-516412.4505,-437595.04169999994,-454262.9263
4433000,2380.388,14247.8922,61972.6188,-516007.4865,-437406.5875,-454034.8677
4434000,2380.7935,14161.2538,61690.1309,-516025.0623,-437792.8841,-454334.9314
4435000,2384.9234,14188.1582,62292.9426,-516543.1229,-437677.09870000003,-454250.1803
4436000,2413.1719,14214.1665,61894.8351,-515630.5746,-437108.4011,-453735.7395
4437000,2381.3745,14272.8732,62414.8238,-516221.6134,-437152.54189999995,-453806.78959999996
4438000,2400.909,14232.7745,61905.7635,-515748.591,-437209.14400000003,-453842.8275
4439000,2420.9462,14328.9165,61591.902,-515685.5365,-437343.7718,-454093.6345
4440000,2400.9384,14288.7962,61910.9814,-516225.0423,-437624.32629999996,-454314.0609
4441000,2391.1553,14199.1904,62587.1639,-517117.6641,-437940.1545,-454530.5002
4442000,2400.0736,14282.1855,61503.1278,-515782.5698,-437597.1829,-454279.442
4443000,2386.7238,14196.6005,61516.5014,-515580.5066,-437480.68090000004,-454064.0052
4444000,2416.4132,14246.4911,62259.1903,-516540.1277,-437618.0331,-454280.9374
4445000,2369.159,14214.4345,62494.7175,-516815.527,-437737.216,-454320.8095
4446000,2406.9452,14289.8893,61767.6256,-516062.1406,-437597.6805,-454294.515
4447000,2357.6645,14138.9438,61433.1122,-515706.6362,-437776.9157,-454273.524
4448000,2400.8454,14280.4509,61680.4297,-515825.9567,-437464.23069999996,-454145.527
4449000,2369.9008,14262.1656,62243.4948,-516426.49,-437550.9288,-454182.9952
4450000,2372.3129,14156.2261,62020.8692,-516333.5792,-437784.171,-454312.70999999996
4451000,2395.2841,14246.3112,62058.4203,-516160.4787,-437460.4631,-454102.0584
4452000,2358.2937,14234.4308,61501.5582,-515629.3011,-437535.0184,-454127.74289999995
4453000,2370.5643,14171.3473,61671.8977,-515944.2496,-437730.4403,-454272.3519
4454000,2407.5202,14296.7705,61814.2642,-515727.9943,-437209.43940000003,-453913.73010000004
4455000,2394.5504,14270.1908,61757.7238,-515662.4471,-437239.9821,-453904.7233
4456000,2392.8167,14258.7714,61957.3566,-516274.7142,-437665.7695,-454317.3576
4457000,2381.1455,14223.0689,61908.6146,-516738.3341,-438225.50509999995,-454829.7195
4458000,2356.5334,14217.399,61857.5179,-516506.615,-438075.16469999996,-454649.0971
4459000,2378.5466,14238.8831,62431.8559,-516253.6525,-437204.3669,-453821.7966
4460000,2397.3887,14193.3033,61927.5912,-516092.5914,-437574.30819999997,-454165.00019999995
4461000,2398.9398,14132.2232,61725.6631,-515970.9419,-437714.11579999997,-454245.2788
4462000,2378.1488,14207.5405,62336.6473,-516461.0848,-437538.74820000003,-454124.4375
4463000,2410.0074,14353.7919,62172.2546,-516144.2488,-437208.1949,-453971.9942
4464000,2376.8701,14222.246,61672.0168,-515974.3925,-437703.2596,-454302.37570000003
4465000,2381.3277,14243.9769,62245.7357,-516654.7214,-437783.6811,-454408.98569999996
4466000,2387.4672,14239.5573,61616.4946,-515465.8399,-437222.3208,-453849.34530000004
4467000,2377.3738,14200.372,61815.2678,-515499.4753,-437106.4617,-453684.2075
4468000,2368.222,14293.776,61890.393,-515508.4101,-436956.0191,-453618.0171
4469000,2379.485,14466.267,61934.4982,-516227.4039,-437447.15369999997,-454292.9057
4470000,2377.9045,14173.8449,62100.9335,-516779.257,-438126.57409999997,-454678.3235
4471000,2428.6553,14212.7352,62300.086,-516609.5268,-437668.0503,-454309.4408
4472000,2386.4039,14211.8,62630.842,-517606.4187,-438377.3728,-454975.5767
4473000,2359.0089,14161.6526,62074.8447,-516319.0617,-437723.5555,-454244.217
4474000,2377.4854,14259.0613,62307.6448,-516338.5961,-437394.4046,-454030.9513
4475000,2393.6485,14308.7838,62270.6548,-516471.4629,-437498.3758,-454200.80809999997
4476000,2395.4773,14178.7295,62056.0662,-516770.6515,-438140.3785,-454714.5853
4477000,2400.3645,14293.968,62263.7591,-516004.0487,-437045.9571,-453740.28959999996
4478000,2424.7045,14161.5361,62270.5025,-516838.3134,-437981.5703,-454567.8109
4479000,2386.0043,14260.817,61982.428,-516241.7246,-437612.47530000005,-454259.2966
4480000,2400.9861,14341.3626,61838.0651,-516163.0622,-437582.64839999995,-454324.9971
4481000,2408.5387,14255.8062,61906.7768,-516846.9683,-438275.8466,-454940.1915
4482000,2342.8735,14114.427,62191.7878,-516588.1778,-437939.0895,-454396.39
4483000,2385.725,14299.0616,62354.3814,-516067.24,-437028.072,-453712.8586
4484000,2382.6938,14271.2128,62201.2625,-516161.8632,-437306.6941,-453960.6007
4485000,2374.8292,14215.0453,61595.2638,-515355.4285,-437170.2902,-453760.16469999996
4486000,2386.8233,14231.0333,61739.099,-515923.7764,-437566.8208,-454184.6774
4487000,2375.4523,14154.1349,62441.89,-516917.3244,-437945.84719999996,-454475.43439999997
4488000,2380.9413,14169.5307,62484.8559,-516711.4815,-437676.15359999996,-454226.62559999997
4489000,2393.0066,14376.4585,62085.536,-516775.7912,-437920.7901,-454690.25519999996
4490000,2414.296,14279.367,62220.9629,-515910.4497,-436995.8238,-453689.4868
4491000,2346.1368,14250.3938,62279.6302,-516152.4649,-437276.3041,-453872.8347
4492000,2400.1377,14188.3709,62273.4916,-516687.165,-437825.16479999997,-454413.67339999997
4493000,2359.0009,14170.9856,62152.5968,-516277.7211,-437595.1378,-454125.1243
4494000,2380.9209,14296.7165,62536.3605,-517090.9356,-437876.9377,-454554.5751
4495000,2401.5831,14264.9345,61718.8201,-516247.6899,-437862.35219999996,-454528.8698
4496000,2413.2738,14227.369,61629.4323,-515594.9443,-437324.86919999996,-453965.512
4497000,2380.0156,14220.3879,61555.3871,-514768.0994,-436612.3088,-453212.7123
4498000,2374.1607,14335.886,62185.833,-516646.0778,-437750.19810000004,-454460.24480000004
4499000,2402.2783,14184.9296,61880.0275,-516406.1076,-437938.8722,-454526.0801
4500000,2356.2664,14233.3936,62240.1602,-516807.7301,-437977.90989999997,-454567.5699
4501000,2395.4281,14436.0842,62447.7623,-516736.1244,-437456.84979999997,-454288.36209999997
4502000,2361.758,14322.3638,62719.8179,-517406.3665,-438002.4268,-454686.5486
4503000,2397.829,14219.9613,62300.2218,-516950.6966,-438032.68450000003,-454650.4748
4504000,2402.4687,14206.3479,62132.9309,-515728.3543,-436986.6068,-453595.4234
4505000,2371.9351,14248.0529,61930.4659,-515870.0474,-437319.59349999996,-453939.5815
4506000,2345.4725,14225.9286,61987.0857,-516468.2486,-437909.7618,-454481.1629
4507000,2359.4678,14332.5776,61992.3047,-516592.1517,-437907.8016,-454599.847
4508000,2403.7535,14230.7303,61804.5571,-516324.5677,-437885.5268,-454520.01060000004
4509000,2406.4098,14257.6504,61796.1897,-516044.2441,-437583.9942,-454248.0544
4510000,2380.1482,14281.258,62280.4614,-516554.3776,-437612.51,-454273.9162
4511000,2377.7585,14263.4598,62404.7932,-516390.4559,-437344.44440000004,-453985.6627
4512000,2414.6605,14298.7589,61803.3326,-515803.3679,-437286.6159,-454000.0353
4513000,2377.8462,14170.4765,61814.5874,-515985.8999,-437622.98980000004,-454171.3125
4514000,2398.0176,14149.3615,62328.6881,-517187.0049,-438310.9377,-454858.31680000003
4515000,2354.2369,14167.3749,62125.2258,-516219.5435,-437572.70590000006,-454094.3177
4516000,2383.5745,14211.8376,62429.8003,-516259.4908,-437234.2784,-453829.6905
4517000,2377.3104,14272.9946,61937.3611,-516468.2645,-437880.5984,-454530.9034
4518000,2380.8043,14320.6024,61666.8611,-516074.975,-437706.70719999995,-454408.1139
4519000,2379.7768,14332.5671,61856.7533,-516041.745,-437472.64780000004,-454184.9917
4520000,2371.7673,14312.1283,61208.5319,-515373.7599,-437481.3324,-454165.228
4521000,2367.1563,14224.1206,62641.55,-516531.7081,-437298.8812,-453890.1581
4522000,2383.4053,14273.1459,61977.1446,-515790.1991,-437156.50330000004,-453813.0545
4523000,2408.9729,14360.3863,62403.3577,-516598.2529,-437425.536,-454194.8952
4524000,2362.1505,14188.3019,61967.1496,-516766.3296,-438248.7276,-454799.18
4525000,2328.8942,14202.673,62449.9059,-516481.6459,-437500.1728,-454031.74
4526000,2395.792,14260.8864,62024.9852,-516445.2799,-437763.6163,-454420.2947
4527000,2363.8955,14197.3393,62101.0298,-517008.1802,-438345.9156,-454907.1504
4528000,2388.4191,14251.6384,62564.8256,-517107.1275,-437902.2444,-454542.3019
4529000,2403.0355,14337.8809,62343.488,-516505.1395,-437420.7351,-454161.6515
4530000,2373.5501,14182.2017,61834.1746,-515732.4168,-437342.4904,-453898.2422
4531000,2391.6651,14320.9831,62042.808,-516514.6547,-437759.1985,-454471.8467
4532000,2411.8201,14288.0952,61834.9999,-516318.1156,-437783.20040000003,-454483.1157
4533000,2380.8793,14218.9021,61582.3417,-515677.6432,-437495.52009999997,-454095.3015
4534000,2375.983,14249.0824,62029.0724,-516573.0603,-437918.9225,-454543.9879
4535000,2403.033,14231.1603,61686.7537,-515446.1224,-437125.1754,-453759.3687
4536000,2377.0537,14160.5091,61794.0748,-515274.8947,-436943.2571,-453480.8199
4537000,2363.5793,14230.8738,62034.1212,-515657.2887,-437028.71439999994,-453623.1675
4538000,2371.3511,14266.3272,61872.1802,-515675.2615,-437165.40300000005,-453803.0813
4539000,2390.9102,14193.1981,61545.7449,-514795.8429,-436665.9897,-453250.098
4540000,2396.5972,14379.7474,62379.781,-516371.4746,-437215.34900000005,-453991.6936
4541000,2334.1202,14214.5809,62125.0801,-516133.0084,-437459.22719999996,-454007.92829999997
4542000,2358.6156,14245.9057,61252.0011,-515456.8643,-437600.3419,-454204.8632
4543000,2392.7751,14242.8204,62493.228,-517618.2947,-438489.4712,-455125.0667
4544000,2383.8206,14288.4754,62151.8411,-517308.7339,-438484.5968,-455156.8928
4545000,2375.3913,14218.0932,61797.7314,-516845.1472,-438453.9313,-455047.4158
4546000,2398.835,14344.1654,62348.3309,-516623.5874,-437532.2561,-454275.2565
4547000,2381.6039,14331.8951,61974.3321,-516228.251,-437540.4199,-454253.9189
4548000,2377.0583,14315.7234,61854.965,-515541.0351,-436993.28839999996,-453686.0701
4549000,2388.004,14326.1417,62346.5858,-516927.8403,-437867.1088,-454581.2545
4550000,2384.5498,14093.4924,62018.8035,-515290.5695,-436793.7238,-453271.766
4551000,2385.8642,14318.4775,62150.4575,-516701.5164,-437846.7172,-454551.0589
4552000,2400.4213,14226.158,61956.0126,-516222.3086,-437639.7167,-454266.296
4553000,2379.8369,14217.0552,62359.8086,-516573.3182,-437616.6175,-454213.5096
4554000,2370.2065,14255.6081,62338.0317,-517187.3561,-438223.5098,-454849.3244
4555000,2380.0132,14309.5981,61743.8885,-516545.0797,-438111.5799,-454801.1912
4556000,2376.0189,14196.0782,62073.1947,-515929.6281,-437284.33629999997,-453856.4334
4557000,2395.0833,14314.6452,62391.4372,-516498.1005,-437396.9348,-454106.6633
4558000,2388.1581,14329.3525,62017.8964,-516610.9059,-437875.4989,-454593.00950000004
4559000,2383.7999,14256.4626,61440.3819,-515590.0935,-437509.4491,-454149.71160000004
4560000,2393.86,14349.5859,62465.4325,-516687.6696,-437478.79120000004,-454222.2371
4561000,2342.2084,14209.1458,62171.8183,-516253.4997,-437530.3272,-454081.6814
4562000,2380.548,14294.8119,62221.8734,-516899.4891,-438002.25580000004,-454677.6157
4563000,2365.3452,14250.2703,61975.9134,-516244.395,-437652.8661,-454268.4816
4564000,2375.3446,14180.1478,61870.7336,-515709.7226,-437283.49659999995,-453838.989
4565000,2389.359,14325.1845,62214.4879,-516582.8069,-437653.7755,-454368.319
4566000,2394.3116,14341.244,62400.5436,-516867.0865,-437730.9873,-454466.5429
4567000,2344.3368,14271.9995,61931.0017,-516474.6975,-437927.3595,-454543.6958
4568000,2352.6644,14250.9582,62326.5067,-516912.2116,-437982.0823,-454585.7049
4569000,2359.7826,14296.9586,61525.6586,-515686.4601,-437504.0603,-454160.8015
4570000,2348.8997,14252.9644,61901.7214,-515755.9591,-437252.3736,-453854.2377
4571000,2360.8885,14313.2855,61610.9582,-516797.4175,-438512.2853,-455186.4593
4572000,2355.9692,14223.9411,62225.8355,-516866.2837,-438060.5379,-454640.44820000004
4573000,2394.0097,14289.0904,62061.4992,-516370.1441,-437625.5448,-454308.64489999996
4574000,2363.6692,14213.9604,62185.5027,-516757.2471,-437994.1148,-454571.74439999997
4575000,2410.4039,14261.2242,62094.8747,-516090.3101,-437323.8073,-453995.4354
4576000,2377.7917,14241.2296,61965.792,-515979.9325,-437395.11919999996,-454014.1405
4577000,2395.0769,14246.0173,61915.1468,-516254.8112,-437698.57019999996,-454339.6644
4578000,2371.1949,14194.2039,62310.74,-517234.8193,-438358.68049999996,-454924.0793
4579000,2371.0097,14161.4205,62073.1247,-516325.4516,-437719.8967,-454252.3269
4580000,2358.4435,14204.5396,61853.7599,-516570.7541,-438154.0111,-454716.9942
4581000,2361.8618,14280.2007,62129.1586,-515901.5506,-437130.3295,-453772.392
4582000,2384.6151,14295.6477,62692.9378,-516973.067,-437599.8664,-454280.12919999997
4583000,2379.4905,14313.681,62185.8522,-516578.5068,-437699.48309999995,-454392.65459999995
4584000,2406.5052,14259.5767,62321.6458,-516435.1104,-437447.3827,-454113.4646
4585000,2406.12,14300.0572,62168.0991,-516066.2911,-437192.0148,-453898.192
4586000,2351.2471,14291.4882,62097.2084,-516027.9229,-437287.9792,-453930.7145
4587000,2376.5791,14279.7586,62492.7136,-517048.8094,-437899.75810000004,-454556.0958
4588000,2378.9168,14350.8587,61491.7122,-515826.0947,-437604.607,-454334.3825
4589000,2385.1853,14300.9482,62336.8617,-516123.3768,-437100.3816,-453786.5151
4590000,2383.33,14277.5148,61896.6403,-516067.1692,-437509.6841,-454170.52890000003
4591000,2355.8773,14211.105,61791.6373,-515855.8785,-437497.2589,-454064.2412
4592000,2378.4211,14288.1153,61985.3585,-516276.9617,-437625.0668,-454291.6032
4593000,2381.2542,14362.8434,61761.1848,-515372.6001,-436867.3177,-453611.4153
4594000,2387.3889,14282.9265,62093.5529,-515980.4953,-437216.627,-453886.9424
4595000,2401.7452,14266.3494,61496.6568,-515310.0097,-437145.2583,-453813.3529
4596000,2400.947,14256.9116,61756.4821,-515764.5779,-437350.2372,-454008.09579999995
4597000,2369.2004,14286.237,61893.7462,-516254.7216,-437705.538,-454360.9754
4598000,2393.9503,14225.5817,61613.4639,-515038.812,-436805.81609999994,-453425.34809999994
4599000,2345.6964,14293.5719,62412.5134,-516364.7005,-437312.9188,-453952.1871
4600000,2332.4696,14180.2529,62072.9484,-515839.7791,-437254.1082,-453766.8307
4601000,2349.7361,14298.2997,61726.8111,-516341.2347,-437966.38779999997,-454614.4236
4602000,2375.2439,14227.1868,62243.4098,-516805.3993,-437959.5588,-454561.98949999997
4603000,2383.5854,14305.7068,62496.3677,-517094.7891,-437909.12919999997,-454598.4214
4604000,2370.9563,14222.3538,62685.3987,-516840.359,-437561.65020000003,-454154.9603
4605000,2338.4905,14205.5397,61689.7954,-515496.6985,-437262.87289999996,-453806.9031
4606000,2375.2709,14247.0113,61895.5743,-516434.4155,-437916.559,-454538.8412
4607000,2331.4528,14243.6267,61965.9793,-515964.8773,-437423.8185,-453998.898
4608000,2334.5674,14207.7808,61323.0009,-514886.179,-437020.8299,-453563.1781
4609000,2368.9624,14220.1564,62266.8349,-516621.1339,-437765.1802,-454354.299
4610000,2344.0976,14224.5799,62260.5652,-516824.9066,-437995.6639,-454564.3414
4611000,2411.2394,14230.6148,61678.535,-515238.9483,-436918.55909999995,-453560.4133
4612000,2346.2493,14225.8368,61443.8843,-515229.3437,-437213.37330000004,-453785.45940000005
4613000,2363.3913,14224.3684,62165.6188,-516747.1703,-437993.7918,-454581.5515
4614000,2384.0019,14257.2974,61820.837,-515877.9447,-437415.8084,-454057.1077
4615000,2383.5418,14293.1826,62148.3211,-516647.1731,-437822.1276,-454498.852
4616000,2394.1458,14257.5021,62288.6621,-516258.6124,-437318.3024,-453969.95029999997
4617000,2338.7728,14181.3554,62322.076,-516390.4618,-437548.2576,-454068.3858
4618000,2382.6554,14239.1712,62023.7012,-515938.3087,-437292.7809,-453914.6075
4619000,2339.676,14247.6997,62123.5997,-516052.0804,-437341.105,-453928.48069999996
4620000,2385.6921,14196.3875,62013.9452,-516477.8931,-437881.8683,-454463.94789999997
4621000,2379.2727,14216.3194,61818.1804,-516118.2454,-437704.47290000005,-454300.065
4622000,2381.3125,14279.6801,62368.8465,-517097.7376,-438067.8985,-454728.8911
4623000,2355.3501,14266.7872,62568.2981,-517060.1368,-437869.70139999996,-454491.83869999996
4624000,2387.2431,14181.862,61652.2549,-515505.7215,-437284.3615,-453853.4666
4625000,2367.8093,14290.0364,61992.7803,-516241.1665,-437590.5405,-454248.3862
4626000,2344.4135,14285.1949,62137.0368,-516700.9201,-437934.27489999996,-454563.8833
4627000,2409.4499,14234.7229,62479.8973,-516997.4835,-437873.41339999996,-454517.58619999996
4628000,2378.85,14208.766,62000.0329,-516259.8486,-437672.1997,-454259.81570000004
4629000,2424.2223,14196.6164,61751.7866,-516268.7363,-437896.111,-454516.9497
4630000,2383.4376,14251.3953,62010.8808,-516256.4,-437610.68630000006,-454245.51920000004
4631000,2370.5083,14349.4187,61720.832,-516292.6938,-437851.9348,-454571.8618
4632000,2379.4045,14316.1953,62189.3369,-516738.9628,-437854.02609999996,-454549.6259
4633000,2332.5133,14202.0652,61990.0172,-516238.7927,-437714.197,-454248.7755
4634000,2376.3149,14286.8826,62137.6831,-516429.8728,-437628.9922,-454292.1897
4635000,2362.7244,14274.2616,62102.9357,-516862.6934,-438122.7717,-454759.75769999996
4636000,2367.8559,14219.0645,61813.8301,-516584.0471,-438183.2966,-454770.217
4637000,2399.4071,14306.4241,62236.9194,-516944.377,-438001.62639999995,-454707.45759999997
4638000,2366.0258,14255.6289,62288.0181,-516859.5446,-437949.8718,-454571.52650000004
4639000,2351.4667,14238.8888,61924.8524,-516148.2858,-437633.07790000003,-454223.4334
4640000,2373.9701,14315.7084,62335.3544,-516896.9192,-437871.8863,-454561.5648
4641000,2377.2687,14184.9455,62040.063,-516164.6646,-437562.3874,-454124.6016
4642000,2380.4191,14211.0879,62098.1275,-515979.3322,-437289.6977,-453881.2047
4643000,2395.5636,14344.5801,62187.6817,-516750.7575,-437822.9321,-454563.0758
4644000,2396.7297,14286.8817,61969.9826,-515967.9755,-437314.3815,-453997.9929
4645000,2371.1263,14258.9756,61556.7141,-514847.6668,-436660.8508,-453290.9527
4646000,2330.169,14198.7792,61805.1687,-516130.9483,-437796.8314,-454325.7796
4647000,2344.9293,14212.938,61527.2435,-515623.6956,-437538.58479999995,-454096.4521
4648000,2387.6625,14169.0539,62133.2577,-516340.6853,-437650.7112,-454207.4276
4649000,2391.3145,14245.2916,61767.9888,-516333.3792,-437928.78430000006,-454565.39040000003
4650000,2362.1678,14260.0165,61923.5886,-516341.2444,-437795.4715,-454417.6558
4651000,2363.3385,14163.6268,62540.8659,-517981.9491,-438914.1179,-455441.08320000005
4652000,2389.0764,14264.7621,61888.3195,-516747.5264,-438205.3684,-454859.2069
4653000,2346.9215,14261.2241,62000.2246,-516323.121,-437714.7508,-454322.89639999997
4654000,2421.8268,14188.1552,61646.0818,-515650.6724,-437394.6086,-454004.5906
4655000,2385.5508,14213.2398,62175.1422,-516133.2719,-437359.3391,-453958.1297
4656000,2368.3308,14189.5873,62240.0601,-515891.2781,-437093.2999,-453651.218
4657000,2359.7777,14248.7613,62110.7095,-516200.9589,-437481.71040000004,-454090.24940000003
4658000,2385.1475,14310.3179,62385.5942,-517057.8807,-437976.82109999994,-454672.2865
4659000,2390.6973,14212.4815,62188.2318,-516013.8427,-437222.4321,-453825.61089999997
4660000,2401.8015,14305.3973,61584.1523,-515226.1708,-436934.8197,-453642.0185
4661000,2384.177,14141.1425,61827.7698,-515574.6453,-437221.556,-453746.87549999997
4662000,2324.1881,14228.9081,61813.5562,-515214.0256,-436847.37320000003,-453400.4694
4663000,2376.192,14228.2429,61965.8523,-515655.8401,-437085.5529,-453689.9878
4664000,2419.6374,14269.9583,62280.3466,-516085.2242,-437115.2819,-453804.8776
4665000,2406.4436,14347.1969,61818.0625,-516182.0585,-437610.35549999995,-454363.996
4666000,2365.394,14163.5238,61566.1816,-514966.5397,-436871.4403,-453400.3581
4667000,2398.7881,14189.2712,61781.7141,-515101.58,-436731.8066,-453319.86590000003
4668000,2376.2023,14388.1,61943.1885,-515982.4854,-437274.9946,-454039.2969
4669000,2375.7704,14268.2066,62010.2564,-516083.4925,-437429.2591,-454073.2361
4670000,2368.7241,14211.2931,61909.7586,-515836.2799,-437346.5041,-453926.5213
4671000,2374.8469,14297.0625,61868.5611,-516200.8605,-437660.39,-454332.2994
4672000,2398.5638,14236.4749,62455.8691,-517302.1207,-438211.21290000004,-454846.2516
4673000,2395.7431,14278.3577,62310.7774,-516601.6857,-437616.8075,-454290.90829999995
4674000,2359.0278,14181.1714,61898.4606,-516613.1846,-438174.5248,-454714.724
4675000,2391.3039,14253.3617,62139.138,-516407.3316,-437623.528,-454268.1936
4676000,2377.1852,14164.3212,61702.0259,-515749.0353,-437505.503,-454047.0094
4677000,2335.5941,14225.2283,62417.3671,-516818.999,-437840.8095,-454401.63190000004
4678000,2362.285,14321.5227,62030.9036,-515867.539,-437152.8277,-453836.63539999997
4679000,2396.8244,14242.6246,61399.9049,-515238.3393,-437198.9854,-453838.43439999997
4680000,2339.4815,14228.9929,62102.2154,-516284.54,-437613.8502,-454182.3246
4681000,2380.041,14231.5148,62137.9187,-515872.2123,-437122.7378,-453734.29360000003
4682000,2385.8997,14288.3036,62354.3909,-516544.2739,-437515.6797,-454189.883
4683000,2348.5131,14238.5704,62220.7387,-516117.561,-437309.7388,-453896.8223
4684000,2403.7387,14353.9224,62130.5884,-516229.2892,-437341.03969999996,-454098.7008
4685000,2332.0248,14247.4739,62237.6728,-516752.1878,-437935.0163,-454514.515
4686000,2395.3694,14412.0641,61672.0555,-516289.8665,-437810.3775,-454617.811
4687000,2376.7876,14270.6327,61885.4681,-516317.1656,-437784.2772,-454431.6975
4688000,2336.8035,14296.9426,62563.8156,-517265.0772,-438067.5155,-454701.26159999997
4689000,2383.8715,14291.003,62633.5761,-516971.5727,-437663.12210000004,-454337.9966
4690000,2380.4444,14365.7369,62017.916,-516451.6754,-437687.57810000004,-454433.7594
4691000,2362.4419,14273.3878,61958.2867,-515872.1675,-437278.0511,-453913.8808
4692000,2378.6641,14279.4629,61920.0634,-516056.6581,-437478.46770000004,-454136.5947
4693000,2378.2894,14093.7709,62033.4502,-515809.8915,-437304.38100000005,-453776.4413
4694000,2388.9588,14286.1537,61841.2792,-516217.0263,-437700.63460000005,-454375.74710000004
4695000,2416.9976,14310.4479,61899.8695,-515883.3376,-437256.0226,-453983.46810000006
4696000,2360.2657,14303.1909,61777.3261,-515457.977,-437017.19430000003,-453680.6509
4697000,2355.9962,14240.2878,62155.3955,-516158.7118,-437407.03229999996,-454003.3163
4698000,2377.1467,14321.6472,61375.2578,-515302.1709,-437228.1192,-453926.9131
4699000,2374.0294,14197.5839,62212.4662,-516383.9246,-437599.84510000004,-454171.4584
4700000,2401.0167,14280.0416,61761.9502,-516019.1215,-437576.113,-454257.1713
4701000,2399.0892,14146.4463,62227.3128,-516442.9235,-437670.07519999996,-454215.61069999996
4702000,2367.9664,14183.5646,62221.3111,-515929.5987,-437156.75659999996,-453708.2876
4703000,2391.7669,14266.8333,61870.4198,-515862.0292,-437333.0092,-453991.60939999996
4704000,2411.209,14286.3281,62412.4312,-516062.1993,-436952.23099999997,-453649.7681
4705000,2405.5582,14212.3146,61995.1325,-516047.018,-437434.01269999996,-454051.8855
4706000,2345.9132,14175.9305,61989.2275,-515657.2162,-437146.145,-453667.98870000005
4707000,2401.8555,14246.4791,62400.5122,-516764.4898,-437715.643,-454363.9776
4708000,2419.0883,14234.3451,62176.5264,-516441.3726,-437611.4128,-454264.8462
4709000,2395.822,14259.9373,61620.4022,-515072.952,-436796.7905,-453452.5498
4710000,2382.4304,14202.2322,61743.6791,-515657.5946,-437329.2529,-453913.9155
4711000,2427.5338,14245.5956,62515.3442,-516584.7579,-437396.28430000006,-454069.41370000003
4712000,2378.1174,14284.947,62394.4506,-516551.691,-437494.176,-454157.2404
4713000,2352.5165,14288.6543,61701.0331,-515328.8509,-436986.647,-453627.8178
4714000,2367.0219,14239.2152,62133.7648,-516289.3365,-437549.33459999994,-454155.5717
4715000,2383.3059,14248.6103,62076.7861,-515976.7482,-437268.04589999997,-453899.9621
4716000,2363.2807,14305.4862,61495.1847,-515904.2313,-437740.27969999996,-454409.0466
4717000,2362.3274,14281.3356,61854.75,-516292.0239,-437793.61089999997,-454437.2739
4718000,2363.2001,14359.1322,62299.1319,-516681.21,-437659.74580000003,-454382.07810000004
4719000,2371.2082,14290.8528,61630.8419,-516369.2217,-438076.3188,-454738.3798
4720000,2408.6953,14305.437,61862.4127,-516008.7173,-437432.17230000003,-454146.30460000003
4721000,2378.2377,14256.9078,61814.2781,-516570.0033,-438120.5797,-454755.7252
4722000,2370.5564,14316.5549,62406.3171,-516790.5169,-437697.08849999995,-454384.1998
4723000,2379.492,14345.0017,62240.1103,-516431.1316,-437466.52760000003,-454191.0213
4724000,2347.5272,14210.9828,62006.3866,-516835.3925,-438270.49590000004,-454829.0059
4725000,2368.4674,14283.8608,61952.1001,-515866.3042,-437261.8759,-453914.20410000003
4726000,2356.5442,14306.5075,62103.9451,-515810.0502,-437043.0534,-453706.1051
4727000,2384.7108,14328.3607,62055.0193,-515930.0337,-437161.9429,-453875.01440000004
4728000,2367.6439,14275.5804,61569.6055,-514996.6373,-436783.8075,-453427.0318
4729000,2387.8089,14252.9861,61575.4841,-515512.4798,-437296.2007,-453936.99569999997
4730000,2393.0157,14283.811,62097.3447,-515974.2901,-437200.1187,-453876.94539999997
4731000,2354.4271,14274.5012,61984.9357,-516160.5982,-437546.7342,-454175.6625
4732000,2374.0812,14220.2207,61878.6374,-516263.5985,-437790.6592,-454384.9611
4733000,2352.8401,14208.4752,61840.1558,-516585.0529,-438183.58180000004,-454744.8971
4734000,2329.2914,14198.5181,61657.7684,-516395.9689,-438210.39099999995,-454738.2005
4735000,2361.1426,14307.4736,62404.4685,-517146.9875,-438073.9028,-454742.519
4736000,2362.9133,14246.9155,62027.6655,-516500.4094,-437862.9151,-454472.7439
4737000,2388.252,14302.4616,61939.6461,-515956.8509,-437326.49120000005,-454017.2048
4738000,2383.646,14228.7741,62174.4018,-516410.4903,-437623.6684,-454236.0885
4739000,2368.464,14233.4806,62536.1462,-516941.0436,-437802.95279999997,-454404.89739999996
4740000,2368.8476,14257.2522,62408.9172,-517474.9547,-438439.9377,-455066.0375
4741000,2374.0842,14279.5874,62707.0931,-517092.5884,-437731.8237,-454385.4953
4742000,2366.4518,14267.7365,62726.713,-517349.2869,-437988.38560000004,-454622.5739
4743000,2393.385,14250.4244,62126.3507,-516509.5767,-437739.4166,-454383.22599999997
4744000,2319.905,14216.0277,61707.063,-516493.0762,-438250.08050000004,-454786.0132
4745000,2410.5579,14310.0813,61882.5863,-516810.4029,-438207.1774,-454927.81659999996
4746000,2362.1173,14282.3138,62570.7796,-517004.1404,-437788.9297,-454433.36079999997
4747000,2341.7158,14256.9173,62250.4007,-516303.0304,-437453.99659999995,-454052.6297
4748000,2396.9691,14373.726,61741.6829,-516103.0587,-437590.6807,-454361.3758
4749000,2396.4621,14368.7587,61892.3421,-516062.282,-437404.7191,-454169.9399
4750000,2385.1244,14234.7932,62521.2368,-517119.2676,-437978.1132,-454598.0308
4751000,2366.9187,14265.0728,62566.6621,-517298.1835,-438099.52989999996,-454731.52139999997
4752000,2347.2357,14261.0033,62386.7458,-516826.9874,-437832.0026,-454440.2416
4753000,2374.9841,14204.0068,61871.9927,-515723.36,-437272.37639999995,-453851.3673
4754000,2354.7052,14266.7417,61981.8061,-515704.6802,-437101.42720000003,-453722.8741
4755000,2337.7624,14255.7497,62236.5047,-516619.3752,-437789.3584,-454382.8705
4756000,2358.2485,14342.1618,62161.0476,-516189.1963,-437327.73840000003,-454028.1487
4757000,2380.7908,14216.2448,61579.3964,-515889.1118,-437712.67980000004,-454309.7154
4758000,2348.2101,14239.8447,62170.8445,-516462.8934,-437703.9941,-454292.0489
4759000,2386.937,14271.4919,62500.9057,-516345.7704,-437186.4358,-453844.8647
4760000,2363.5268,14220.0993,62463.6829,-516806.4439,-437759.1349,-454342.761
4761000,2366.0095,14166.9781,62459.3627,-517226.5404,-438234.1901,-454767.1777
4762000,2369.1414,14200.9416,62221.9763,-516163.9759,-437371.9166,-453941.99960000004
4763000,2354.6617,14290.0442,61557.0749,-515724.3785,-437522.5977,-454167.3036
4764000,2353.0826,14182.9384,62076.952,-516955.2164,-438342.2434,-454878.2644
4765000,2377.8261,14299.3052,62123.8973,-516837.1161,-438036.0875,-454713.2188
4766000,2389.9318,14284.3096,61997.5357,-516504.806,-437833.0289,-454507.2703
4767000,2376.2546,14146.7732,61905.7792,-516327.8572,-437899.05020000006,-454422.07800000004
4768000,2355.3065,14314.84,62010.8122,-516492.147,-437811.1883,-454481.3348
4769000,2385.0557,14278.7322,62234.9559,-516689.4443,-437790.7005,-454454.4884
4770000,2400.0324,14221.86,61980.4513,-516221.7615,-437619.41780000005,-454241.3102
4771000,2344.7977,14153.0664,62687.0981,-517678.8608,-438493.8986,-454991.7627
4772000,2359.1829,14187.0091,61979.6003,-516635.8327,-438110.04040000006,-454656.23240000004
4773000,2364.1156,14160.573,62223.339,-516881.427,-438133.3994,-454658.08800000005
4774000,2355.8296,14169.3682,61963.961,-516581.7306,-438092.57180000003,-454617.7696
4775000,2362.3924,14246.6238,62297.209,-516323.8155,-437417.59030000004,-454026.6065
4776000,2355.1927,14224.5871,62122.4724,-516971.9415,-438269.6893,-454849.4691
4777000,2370.182,14244.5512,61828.3701,-516263.0685,-437819.9652,-454434.6984
4778000,2372.9531,14215.2319,61942.3503,-515803.137,-437272.6017,-453860.7867
4779000,2351.0814,14322.3385,62137.9725,-515904.9332,-437093.5408,-453766.96070000005
4780000,2386.1961,14180.4633,62481.6218,-517152.2089,-438103.9277,-454670.5871
4781000,2355.1165,14263.9703,62385.8864,-516852.9934,-437848.02019999997,-454467.10699999996
4782000,2350.3118,14227.6338,61583.645,-515526.2283,-437364.6377,-453942.5833
4783000,2431.6143,14390.4282,62271.6219,-516805.2076,-437711.5432,-454533.58570000005
4784000,2391.5898,14325.4632,61977.1022,-516567.7078,-437873.55259999994,-454590.60559999995
4785000,2378.3316,14308.9502,62245.2344,-516568.2898,-437635.7736,-454323.0554
4786000,2325.4898,14332.1685,62533.9992,-517039.5552,-437847.8977,-454505.556
4787000,2381.7114,14310.9754,61852.2536,-516208.3902,-437663.44980000006,-454356.1366
4788000,2384.3933,14313.2768,62411.7756,-516744.4545,-437635.0088,-454332.6789
4789000,2344.9834,14303.2901,62041.8403,-516576.2958,-437886.18200000003,-454534.45550000004
4790000,2373.4018,14307.1405,62487.0256,-517006.0206,-437838.4527,-454518.995
4791000,2366.328,14250.6464,61751.3663,-515720.8221,-437352.4814,-453969.4558
4792000,2391.6215,14270.2896,61884.9369,-515557.6603,-437010.8123,-453672.7234
4793000,2386.6444,14269.7066,61692.4946,-515932.4841,-437583.6385,-454239.9895
4794000,2369.826,14251.5906,61803.8355,-515888.7598,-437463.5077,-454084.9243
4795000,2387.7236,14264.2421,62278.3581,-517532.5661,-438602.2423,-455254.208
4796000,2370.694,14270.4573,62116.553,-516576.6278,-437818.92350000003,-454460.0748
4797000,2367.2084,14193.55,62137.1315,-516512.6561,-437814.7662,-454375.5246
4798000,2359.4939,14367.963,61908.717,-516380.961,-437744.7871,-454472.244
4799000,2353.3157,14287.2508,61997.7208,-516520.383,-437882.09569999995,-454522.66219999996
4800000,2347.6696,14307.0239,62225.8654,-517019.3942,-438138.8353,-454793.5288
4801000,2363.9419,14240.6702,62463.355,-517234.1611,-438166.194,-454770.80610000005
4802000,2380.9867,14327.9385,62069.6767,-516205.9333,-437427.33139999997,-454136.25659999996
4803000,2327.5895,14257.8644,61906.2913,-516253.838,-437762.0928,-454347.5467
4804000,2377.5216,14273.0269,62237.4295,-517054.3892,-438166.4112,-454816.9597
4805000,2334.8744,14292.6976,62180.0514,-516171.4692,-437363.8458,-453991.4178
4806000,2352.3213,14361.1708,61434.5627,-516127.8375,-437979.78270000004,-454693.2748
4807000,2372.5073,14198.2024,62110.1779,-516563.6304,-437882.7428,-454453.4525
4808000,2374.8692,14252.8678,61980.2779,-516582.1247,-437974.1098,-454601.8468
4809000,2365.9547,14212.7664,62098.8527,-516890.2162,-438212.6424,-454791.36350000004
4810000,2413.1535,14352.6107,62189.6825,-516562.8997,-437607.453,-454373.2172
4811000,2387.5327,14274.2726,62274.6087,-516604.4028,-437667.9888,-454329.7941
4812000,2399.1449,14404.1234,62068.3296,-516361.9788,-437490.3809,-454293.6492
4813000,2363.0305,14259.229,61652.4304,-515488.663,-437213.9731,-453836.2326
4814000,2372.6953,14235.4078,61417.918,-515630.4305,-437604.4094,-454212.5125
4815000,2343.4306,14243.2633,62312.8093,-517514.4302,-438614.927,-455201.6209
4816000,2381.23,14365.0823,62224.5832,-516590.5816,-437619.6861,-454365.9984
4817000,2382.0029,14348.2986,62263.7952,-516800.3813,-437806.2846,-454536.5861
4818000,2380.6386,14240.5765,62161.5594,-516207.3474,-437424.5729,-454045.78800000006
4819000,2423.1925,14287.6761,61954.1133,-516356.4043,-437691.4224,-454402.29099999997
4820000,2400.6186,14274.5552,61853.5383,-515763.8444,-437235.1323,-453910.3061
4821000,2399.5683,14303.9221,61612.772,-515158.6627,-436842.4003,-453545.8907
4822000,2371.6916,14285.6392,61562.1929,-515243.204,-437023.6803,-453681.0111
4823000,2390.1558,14271.1181,61642.791,-516449.443,-438145.37810000003,-454806.652
4824000,2401.9123,14347.5937,62104.839,-516965.7645,-438111.41949999996,-454860.9255
4825000,2361.4092,14232.5158,61667.9286,-516151.3004,-437889.44680000003,-454483.3718
4826000,2391.0058,14222.5664,61983.5175,-516258.1188,-437661.0291,-454274.6013
4827000,2356.9687,14274.3265,62241.477,-516258.3547,-437385.5825,-454016.8777
4828000,2388.8723,14164.9241,61777.6479,-516075.2588,-437743.8145,-454297.6109
4829000,2377.3827,14273.4813,62369.5629,-516118.4704,-437098.0435,-453748.9075
4830000,2329.8,14206.4412,61772.1092,-515957.3518,-437649.0014,-454185.2426
4831000,2341.4399,14223.2913,62211.7145,-516449.0319,-437672.5862,-454237.3174
4832000,2366.9754,14213.4174,61853.1528,-516671.905,-438238.3594,-454818.75220000005
4833000,2396.4956,14183.5425,62234.4501,-516395.3425,-437580.8543,-454160.8924
4834000,2398.6298,14248.4005,62194.6253,-516858.8829,-438017.2273,-454664.2576
4835000,2367.7677,14312.7053,61991.0737,-516320.6485,-437649.1018,-454329.5748
4836000,2365.1956,14224.3281,62032.4048,-516650.2315,-438028.303,-454617.8267
4837000,2344.9657,14264.3641,61947.6399,-516048.3824,-437491.4127,-454100.7425
4838000,2358.6755,14266.0435,62220.3895,-516468.1661,-437623.05759999994,-454247.7766
4839000,2375.0294,14346.3371,62104.5642,-516330.1856,-437504.25490000006,-454225.6214
4840000,2341.0058,14124.14,61654.7363,-516028.8636,-437908.9815,-454374.1273
4841000,2395.8671,14228.6129,62466.0254,-517008.0821,-437917.5767,-454542.0567
4842000,2397.5767,14311.9728,62708.9428,-516560.6118,-437142.11950000003,-453851.669
4843000,2362.6513,14311.38,62165.3255,-516143.2255,-437303.8687,-453977.9
4844000,2375.5198,14226.6164,62187.4959,-517205.8803,-438416.24820000003,-455018.38440000004
4845000,2346.9458,14221.3403,62147.0227,-516450.181,-437734.8722,-454303.1583
4846000,2359.9196,14290.5947,62316.1672,-516399.014,-437432.3325,-454082.8468
4847000,2344.1273,14199.4599,62274.6165,-516428.4045,-437610.2008,-454153.788
4848000,2339.5727,14270.6139,61863.7485,-516470.6418,-437996.7067,-454606.8933
4849000,2339.8994,14203.2619,62419.3405,-516464.9935,-437502.4917,-454045.653
4850000,2338.9691,14212.3756,62135.7933,-516322.2614,-437635.12340000004,-454186.4681
4851000,2356.3267,14253.3551,62273.7309,-516243.1161,-437359.7034,-453969.38519999996
4852000,2373.0311,14178.4443,61698.2007,-515500.7142,-437251.0381,-453802.5135
4853000,2392.6375,14262.5686,62903.6908,-516886.7361,-437327.8392,-453983.0453
4854000,2395.7147,14246.7981,62154.7223,-516278.3228,-437481.08770000003,-454123.6005
4855000,2372.2208,14164.04,61879.8037,-515595.3981,-437179.3336,-453715.5944
4856000,2387.2594,14303.9723,62139.9597,-516394.9305,-437563.7391,-454254.9708
4857000,2339.8765,14217.2792,61512.5107,-515127.0658,-437057.3994,-453614.5551
4858000,2401.5296,14311.0128,62062.607,-515742.6582,-436967.5088,-453680.0512
4859000,2429.9875,14332.5818,62221.8028,-515995.6338,-437011.26170000003,-453773.831
4860000,2414.2581,14280.7637,61701.4367,-515877.7355,-437481.277,-454176.2988
4861000,2412.4269,14352.8756,62569.3964,-517438.5374,-438103.83849999995,-454869.14099999995
4862000,2398.4054,14332.6658,62018.634,-516712.0185,-437962.31330000004,-454693.3845
4863000,2385.214,14176.3399,61902.8535,-515674.2307,-437209.82330000005,-453771.3772
4864000,2380.3515,14301.015,61051.7689,-514631.2419,-436898.1065,-453579.473
4865000,2355.7886,14279.2201,61585.9985,-515956.2728,-437735.2656,-454370.2743
4866000,2339.4485,14203.5216,62513.4913,-516817.9726,-437761.51119999995,-454304.4813
4867000,2361.1078,14275.2624,61727.4145,-515841.3981,-437477.6134,-454113.9836
4868000,2386.4395,14276.7574,62341.1853,-517125.7214,-438121.3392,-454784.53609999997
4869000,2400.9192,14253.2136,61952.0516,-516263.6105,-437657.42610000004,-454311.5589
4870000,2355.9482,14211.9757,62131.725,-516539.993,-437840.3441,-454408.26800000004
4871000,2395.0963,14254.9227,62096.9788,-516218.7594,-437471.76159999997,-454121.7806
4872000,2369.286,14364.0151,61966.8524,-516201.8546,-437501.7011,-454235.0022
4873000,2360.7027,14254.3172,61767.2085,-515899.2597,-437517.03130000003,-454132.0512
4874000,2370.5906,14258.8388,62126.9626,-516839.9838,-438083.5918,-454713.02119999996
4875000,2401.6205,14233.9189,61978.1283,-516065.8752,-437452.2075,-454087.7469
4876000,2378.9933,14249.7678,61668.9019,-515607.7404,-437310.0774,-453938.8385
4877000,2417.9426,14262.9141,62128.2805,-516658.8197,-437849.6825,-454530.5392
4878000,2354.9336,14270.0628,61712.785,-516349.1823,-438011.4009,-454636.39729999995
4879000,2393.8751,14255.342,61676.7559,-515722.857,-437396.884,-454046.1011
4880000,2349.9483,14184.3928,61932.2131,-515623.7189,-437157.16469999996,-453691.5058
4881000,2371.3757,14264.3709,61681.0149,-515609.4836,-437292.7221,-453928.46869999997
4882000,2323.7727,14209.3255,61654.0618,-515608.2286,-437421.0686,-453954.16679999995
4883000,2395.1215,14354.1168,61793.0017,-515979.456,-437437.216,-454186.4543
4884000,2392.0632,14316.3678,61905.8476,-516734.5839,-438120.3053,-454828.73630000005
4885000,2354.9318,14155.8858,61793.0171,-515804.8679,-437501.0332,-454011.8508
4886000,2316.6362,14199.8239,61935.3632,-516025.3382,-437573.5149,-454089.975
4887000,2326.1951,14202.7174,62497.1932,-516841.696,-437815.5903,-454344.5028
4888000,2373.7441,14287.8667,61726.2957,-515811.4463,-437423.5398,-454085.1506
4889000,2349.4674,14246.094,61716.1595,-516013.824,-437702.1031,-454297.6645
4890000,2390.1942,14323.5506,62370.263,-516452.8668,-437368.85900000005,-454082.60380000004
4891000,2351.8723,14226.9732,62122.9741,-516263.2909,-437561.47130000003,-454140.31680000003
4892000,2331.7198,14271.5959,61950.6612,-516073.455,-437519.4781,-454122.7938
4893000,2354.3181,14222.8892,62217.339,-516218.9063,-437424.36,-454001.5673
4894000,2344.9079,14302.6249,61492.6487,-515175.1763,-437034.9948,-453682.5276
4895000,2409.6001,14259.6409,62562.469,-516893.505,-437661.79500000004,-454331.036
4896000,2413.054,14189.0083,61716.7098,-515527.0633,-437208.2912,-453810.35349999997
4897000,2365.3656,14168.9771,62059.6606,-515736.6722,-437142.66889999993,-453677.01159999997
4898000,2363.1918,14345.8432,62053.9194,-516257.2817,-437494.3273,-454203.3623
4899000,2390.6659,14302.1057,62237.3217,-517045.4011,-438115.3078,-454808.07940000005
4900000,2378.161,14360.7714,61924.5018,-516164.2971,-437500.86290000007,-454239.7953
4901000,2364.8419,14258.0221,62130.6552,-516037.878,-437284.35880000005,-453907.22280000005
4902000,2385.3448,14361.7782,61484.9562,-515834.4486,-437602.36939999997,-454349.4924
4903000,2383.1387,14307.937,62180.4158,-516342.9716,-437471.4801,-454162.5558
4904000,2377.0288,14312.3604,62112.8307,-516483.4192,-437681.1993,-454370.5885
4905000,2390.0967,14385.2021,62185.8463,-516367.3551,-437406.20999999996,-454181.5088
4906000,2390.8858,14271.91,62048.8872,-516639.7068,-437928.02379999997,-454590.8196
4907000,2376.4175,14297.831,61453.4612,-515672.2129,-437544.5032,-454218.75169999996
4908000,2338.8249,14265.2034,61927.3556,-516518.7513,-437987.3674,-454591.3957
4909000,2396.7311,14243.4545,61422.0981,-515499.9925,-437437.7088,-454077.8944
4910000,2414.143,14296.8452,62256.7432,-516866.4022,-437898.6708,-454609.659
4911000,2351.7954,14273.3629,62003.7056,-516374.1499,-437745.286,-454370.44430000003
4912000,2350.2684,14137.4719,61897.9626,-515865.1809,-437479.478,-453967.21829999995
4913000,2334.278,14165.3245,61857.6646,-515763.412,-437406.1449,-453905.7474
4914000,2361.4151,14194.2101,62460.9846,-516543.1819,-437526.5721,-454082.1973
4915000,2419.2281,14318.3117,62173.168,-516097.5235,-437186.81570000004,-453924.3555
4916000,2382.8118,14304.4156,62037.8328,-516401.8006,-437676.7404,-454363.96780000004
4917000,2373.7768,14252.6702,61518.1447,-515540.2168,-437395.6251,-454022.0721
4918000,2353.2602,14363.7329,62338.443,-516411.0366,-437355.6005,-454072.5936
4919000,2380.8913,14296.4499,61719.7673,-516235.6715,-437838.56299999997,-454515.9042
4920000,2349.5529,14302.3245,62355.2044,-516370.3203,-437363.23850000004,-454015.11590000003
4921000,2369.0186,14270.601,62148.2182,-516403.1124,-437615.2746,-454254.8942
4922000,2393.7649,14381.6756,62094.7106,-515984.5928,-437114.44169999997,-453889.8822
4923000,2388.9073,14378.6821,62404.4965,-516968.4079,-437796.322,-454563.9114
4924000,2407.2749,14319.3265,62225.9045,-516737.2685,-437784.7626,-454511.364
4925000,2405.3236,14252.0294,62445.1652,-517096.4032,-437993.885,-454651.238
4926000,2418.7314,14427.698,62137.3382,-517189.1093,-438205.3417,-455051.7711
4927000,2407.1114,14316.698,62177.6144,-516594.9935,-437693.5697,-454417.37909999996
4928000,2367.0856,14258.3955,62126.9111,-516757.2333,-438004.8411,-454630.32220000005
4929000,2416.7419,14381.0117,62243.6913,-517141.368,-438099.9231,-454897.6767
4930000,2346.2792,14235.1865,62592.3678,-517247.5489,-438073.7154,-454655.1811
4931000,2370.6275,14303.099,62073.9838,-516336.1813,-437588.471,-454262.1975
4932000,2367.199,14395.9667,61758.4116,-516085.1062,-437563.5289,-454326.6946
4933000,2336.0934,14277.5357,61791.6591,-515482.0644,-437076.77619999996,-453690.4053
4934000,2400.4423,14271.9579,61711.2205,-515517.3788,-437133.7581,-453806.1583
4935000,2363.07,14292.5898,61873.3871,-515658.0,-437128.9531,-453784.6129
4936000,2383.1933,14255.4383,62147.8718,-515732.3812,-436945.8778,-453584.5094
4937000,2362.5658,14303.6875,62179.7242,-516693.5267,-437847.5492,-454513.8025
4938000,2381.8548,14257.4393,62081.7,-516042.2455,-437321.2514,-453960.5455
4939000,2357.1799,14114.4533,61600.923,-515950.4435,-437877.8873,-454349.5205
4940000,2361.3617,14275.5563,62039.6967,-516389.7632,-437713.1485,-454350.06649999996
4941000,2365.4804,14313.1558,62099.2722,-516636.0791,-437858.17069999996,-454536.80689999997
4942000,2388.3711,14253.8842,62260.2904,-516511.967,-437609.4213,-454251.6766
4943000,2375.7351,14267.0631,62405.2623,-516949.0904,-437901.02989999996,-454543.8281
4944000,2395.7782,14275.9953,62618.5551,-516685.5547,-437395.22609999997,-454066.9996
4945000,2389.593,14314.8754,62015.0645,-516379.2882,-437659.7553,-454364.22370000003
4946000,2387.5039,14307.2951,62364.3947,-517166.4632,-438107.2695,-454802.0685
4947000,2393.2899,14261.6874,61996.4911,-516247.6879,-437596.2195,-454251.19680000003
4948000,2368.742,14228.3136,62027.1879,-516658.522,-438034.2785,-454631.3341
4949000,2364.8622,14362.9205,61997.903,-516472.2254,-437746.53969999996,-454474.3224
4950000,2327.9852,14315.3052,62131.5953,-516466.2957,-437691.41000000003,-454334.70040000003
4951000,2374.5521,14293.0704,62060.0044,-515939.4895,-437211.8626,-453879.48510000005
4952000,2377.5505,14183.7143,61878.8763,-515963.6,-437523.45889999997,-454084.7237
4953000,2344.6729,14372.4174,62064.1589,-516582.8186,-437801.5694,-454518.6597
4954000,2412.9184,14301.6616,62019.1214,-516636.3931,-437902.69169999997,-454617.2717
4955000,2359.1784,14351.6898,61876.2915,-516264.5176,-437677.3579,-454388.2261
4956000,2374.673,14274.5489,62285.466,-516457.7849,-437523.097,-454172.3189
4957000,2378.444,14428.7383,62410.6764,-516794.8034,-437576.9447,-454384.127
4958000,2357.8067,14241.0088,62109.6271,-516359.3262,-437650.8836,-454249.6991
4959000,2396.7409,14365.1611,62057.9484,-516076.5279,-437256.6775,-454018.5795
4960000,2375.059,14218.8231,62125.7816,-516268.5843,-437548.92059999995,-454142.8027
4961000,2350.0193,14315.7983,61993.0473,-516344.884,-437686.01910000003,-454351.83670000004
4962000,2405.0184,14381.7208,62375.7725,-516897.2615,-437734.7498,-454521.489
4963000,2401.3189,14380.4637,62206.9449,-516802.3552,-437813.62769999995,-454595.4103
4964000,2401.8938,14272.3147,61859.4098,-515879.3769,-437345.75859999994,-454019.96709999995
4965000,2403.0096,14328.9633,61796.3486,-515790.377,-437262.0555,-453994.02839999995
4966000,2399.2189,14217.1625,61836.7771,-515972.9711,-437519.81260000006,-454136.194
4967000,2372.9076,14406.8099,61785.8201,-516372.4499,-437806.9123,-454586.6298
4968000,2407.6531,14296.5246,62273.0004,-516360.6832,-437383.50510000007,-454087.6828
4969000,2381.1326,14378.7467,61598.9122,-516145.3221,-437786.5306,-454546.40989999997
4970000,2358.9353,14234.7209,61791.4361,-516665.1859,-438280.09359999996,-454873.7498
4971000,2362.958,14286.6019,62070.1443,-516016.2968,-437296.5926,-453946.1525
4972000,2350.4326,14293.5542,62038.8214,-516569.3798,-437886.5716,-454530.5584
4973000,2403.5885,14412.7171,62313.1887,-517011.2523,-437881.75800000003,-454698.0636
4974000,2394.105,14308.0507,62586.1657,-517322.2548,-438033.9334,-454736.0891
4975000,2385.3986,14343.6676,62250.0321,-516921.8653,-437942.767,-454671.8332
4976000,2396.214,14296.8456,62326.2974,-516236.2309,-437216.8739,-453909.93350000004
4977000,2391.9318,14349.2918,61834.91,-516213.7111,-437637.5775,-454378.80110000004
4978000,2345.5343,14251.8237,61994.587,-516461.783,-437869.838,-454467.196
4979000,2394.8803,14336.6156,61969.1864,-516678.0992,-437977.4169,-454708.9128
4980000,2377.3294,14384.5896,62135.7007,-516593.1611,-437695.54140000005,-454457.46040000004
4981000,2377.2717,14279.2436,62082.4112,-516649.9876,-437911.0611,-454567.5764
4982000,2353.3118,14418.6,61944.4232,-516132.9455,-437416.61049999995,-454188.52229999995
4983000,2385.0811,14237.8041,62042.0638,-516289.884,-437624.935,-454247.8202
4984000,2367.3712,14287.0158,61729.8123,-515500.9691,-437116.7698,-453771.1568
4985000,2367.6769,14232.1235,62220.7309,-515912.2633,-437091.73199999996,-453691.53239999997
4986000,2365.5863,14316.7236,62113.8769,-515523.4296,-436727.2428,-453409.5527
4987000,2344.8271,14316.0057,61557.1157,-515922.1318,-437704.1833,-454365.01609999995
4988000,2377.743,14297.9592,61313.0012,-515270.8111,-437282.1077,-453957.8099
4989000,2377.405,14197.3517,61885.0981,-515668.6873,-437208.8325,-453783.5892
4990000,2357.7901,14229.3349,62423.3073,-516783.2067,-437772.7744,-454359.8994
4991000,2338.7474,14272.1565,62737.959,-517061.8363,-437712.9734,-454323.87730000005
4992000,2369.6191,14412.8078,61856.631,-515549.529,-436910.47109999997,-453692.898
4993000,2324.9379,14272.3587,61553.4246,-515116.8741,-436966.1529,-453563.4495
4994000,2316.4566,14304.4285,62101.2153,-516409.597,-437687.4966,-454308.3817
4995000,2390.6588,14349.4267,62059.0584,-515760.2608,-436961.1169,-453701.2024
4996000,2378.5721,14257.3485,62081.6041,-516425.587,-437708.0623,-454343.9829
4997000,2366.4535,14215.7127,62397.7955,-516941.8043,-437961.84260000003,-454544.0088
4998000,2396.5384,14280.0658,62125.3042,-516119.8881,-437317.97969999997,-453994.58389999997
4999000,2328.4767,14252.3996,61928.4529,-516082.2954,-437572.9662,-454153.8425
5000000,2390.0142,14300.3463,62218.0571,-516903.722,-437995.3044,-454685.66490000003
5001000,2387.6948,14420.1502,62812.6672,-517428.5038,-437807.9916,-454615.8366
5002000,2367.5362,14330.8047,62327.0351,-516531.2318,-437505.8558,-454204.19670000003
5003000,2375.7945,14224.7827,61936.4431,-516144.6272,-437607.6069,-454208.1841
5004000,2379.0608,14319.8958,61701.1863,-515950.3417,-437550.1988,-454249.1554
5005000,2361.7062,14357.3987,61672.4428,-515782.2724,-437390.7247,-454109.8296
5006000,2363.6698,14327.0975,61586.3361,-515621.4877,-437344.38430000003,-454035.1516
5007000,2348.5121,14297.6056,61741.836,-515855.5808,-437467.6271,-454113.7448
5008000,2392.3888,14245.3755,61634.2632,-515368.4719,-437096.44440000004,-453734.2087
5009000,2378.303,14228.819,61613.5466,-515362.8953,-437142.2267,-453749.3487
5010000,2366.0112,14325.5842,62420.6954,-516789.7162,-437677.42540000007,-454369.02080000006
5011000,2418.5784,14394.8837,62304.4687,-517240.9033,-438122.97250000003,-454936.43460000004
5012000,2376.692,14358.3121,62431.8261,-517070.7746,-437903.94440000004,-454638.9485
5013000,2366.4415,14279.8446,62185.8167,-516607.9304,-437775.8276,-454422.1137
5014000,2363.5621,14324.0633,61765.0376,-516369.3395,-437916.6765,-454604.3019
5015000,2372.6402,14263.7151,62174.2656,-516481.0015,-437670.38060000003,-454306.7359
5016000,2379.5856,14311.9498,61660.5497,-515043.5478,-436691.46270000003,-453382.99809999997
5017000,2378.1995,14340.4442,62193.4429,-516236.6219,-437324.5353,-454043.179
5018000,2363.7603,14308.7481,61600.4793,-515701.7325,-437428.7448,-454101.2532
5019000,2390.0067,14371.8969,62393.4403,-516519.8187,-437364.47479999997,-454126.3784
5020000,2354.1861,14266.5102,62096.1588,-515774.2719,-437057.4168,-453678.1131
5021000,2371.6115,14360.5683,61816.8967,-515927.6899,-437378.61340000003,-454110.7932
5022000,2368.1884,14276.6145,61770.2595,-515452.5674,-437037.505,-453682.3079
5023000,2345.5556,14390.8965,62084.7521,-516211.4226,-437390.2184,-454126.6705
5024000,2357.1083,14308.6804,62502.4158,-517133.9186,-437965.7141,-454631.50279999996
5025000,2380.6937,14346.4271,61912.8739,-516704.0868,-438064.0921,-454791.2129
5026000,2407.6904,14410.0776,61806.8264,-516073.1258,-437448.5314,-454266.29939999996
5027000,2374.8025,14237.6928,62269.3209,-516857.1757,-437975.3595,-454587.85480000003
5028000,2394.5122,14271.6994,61870.2527,-515475.4923,-436939.028,-453605.2396
5029000,2339.727,14304.0471,61875.783,-515575.5892,-437056.03209999995,-453699.8062
5030000,2359.2099,14328.3801,61904.9323,-516416.2215,-437823.6992,-454511.2892
5031000,2348.0524,14258.4482,62180.9893,-516218.6073,-437431.1174,-454037.61799999996
5032000,2404.1531,14367.3701,61945.2355,-515737.3449,-437020.5862,-453792.1094
5033000,2378.0533,14319.4724,61796.8747,-515969.1865,-437474.7861,-454172.3118
5034000,2369.0992,14292.7061,61807.0622,-516439.2275,-437970.36,-454632.1653
5035000,2360.4092,14295.9192,61566.316,-515277.439,-437054.7946,-453711.123
5036000,2383.3225,14306.7475,61824.0048,-515741.1055,-437227.0307,-453917.1007
5037000,2406.2771,14346.3309,61912.5847,-516234.7711,-437569.5784,-454322.1864
5038000,2381.0837,14431.9248,62094.484,-516141.6869,-437234.1944,-454047.2029
5039000,2378.0763,14308.2499,61961.7418,-515553.4336,-436905.3656,-453591.6918
5040000,2367.7927,14296.1587,62184.1028,-516358.4449,-437510.3907,-454174.3421
5041000,2405.1582,14437.5608,61912.9879,-515863.3865,-437107.67960000003,-453950.3986
5042000,2361.4221,14378.8615,62124.2261,-516808.1418,-437943.6321,-454683.9157
5043000,2367.1522,14356.2511,62110.2292,-516402.6345,-437569.002,-454292.4053
5044000,2382.937,14309.2546,62076.9658,-516790.2503,-438021.09290000005,-454713.2845
5045000,2350.5199,14358.0921,61577.2786,-515499.2601,-437213.36950000003,-453921.9815
5046000,2334.7189,14301.4656,61916.7236,-516507.5084,-437954.6003,-454590.7848
5047000,2367.9687,14314.6479,61612.0816,-515519.1468,-437224.4486,-453907.0652
5048000,2350.1684,14385.9076,61844.1493,-515681.3028,-437101.0775,-453837.1535
5049000,2369.4259,14352.9643,61542.6363,-515486.2414,-437221.2149,-453943.6051
5050000,2376.9943,14322.6457,61356.8376,-514636.2808,-436579.8032,-453279.4432
5051000,2380.5052,14238.4264,62029.2327,-515782.8209,-437134.6566,-453753.5882
5052000,2373.156,14319.1818,62226.6099,-516619.6784,-437700.73069999996,-454393.0685
5053000,2398.8891,14303.7529,62329.0121,-516498.5591,-437466.905,-454169.547
5054000,2356.1118,14395.7652,62328.6303,-516940.9762,-437860.4689,-454612.34589999996
5055000,2342.1321,14351.302,62444.2258,-516695.6851,-437558.02520000003,-454251.4593
5056000,2359.8646,14373.5923,61901.204,-515949.0515,-437314.3906,-454047.84750000003
5057000,2386.0994,14364.4518,62452.892,-516897.8657,-437694.4225,-454444.97370000003
5058000,2360.7153,14258.8615,61878.1783,-516273.2342,-437775.4791,-454395.05590000004
5059000,2378.8076,14296.1271,62095.6737,-516425.4711,-437654.86270000006,-454329.79740000004
5060000,2398.9148,14326.8666,61960.0684,-515885.1681,-437199.31830000004,-453925.0997
5061000,2370.5106,14283.2961,61475.9378,-515137.0863,-437007.34180000005,-453661.1485
5062000,2384.352,14401.5355,61765.6488,-515340.296,-436788.75969999994,-453574.64719999995
5063000,2383.6736,14385.9622,61913.0477,-516188.9617,-437506.2782,-454275.914
5064000,2352.0929,14356.5163,61897.0682,-515888.5507,-437282.87330000004,-453991.48250000004
5065000,2368.3217,14374.3255,61922.4399,-515971.5788,-437306.4917,-454049.1389
5066000,2392.1238,14346.8999,62250.2442,-516361.7919,-437372.524,-454111.5477
5067000,2365.6018,14269.6682,61777.7982,-515829.9043,-437416.8361,-454052.1061
5068000,2356.5932,14380.7341,62330.3392,-516847.4183,-437779.7518,-454517.07910000003
5069000,2386.4603,14432.8711,62267.0692,-516891.4865,-437805.0859,-454624.4173
5070000,2360.8402,14184.8733,62095.6843,-516464.2378,-437822.83999999997,-454368.5535
5071000,2355.0189,14443.1338,62440.5449,-516673.4194,-437434.7218,-454232.87450000003
5072000,2383.183,14427.4187,61673.5948,-515532.4947,-437048.29819999996,-453858.89989999996
5073000,2395.7468,14351.7109,61887.3623,-516240.5283,-437605.7083,-454353.166
5074000,2334.7662,14255.1157,61809.3773,-515580.0691,-437180.8099,-453770.69180000003
5075000,2380.6511,14366.335,62444.4351,-516460.3565,-437268.9353,-454015.9214
5076000,2360.3178,14317.4448,62148.1194,-516572.9136,-437747.03160000005,-454424.7942
5077000,2350.5311,14220.6721,61749.6999,-516052.5882,-437731.6851,-454302.8883
5078000,2382.7275,14310.5165,61945.6769,-516883.5525,-438244.63159999996,-454937.87559999997
5079000,2356.4241,14333.2175,61684.129,-515912.0267,-437538.2561,-454227.8977
5080000,2373.184,14422.2444,62251.2634,-516768.6318,-437721.93999999994,-454517.3684
5081000,2379.2961,14207.6149,61730.8619,-515801.4353,-437483.66240000003,-454070.5734
5082000,2341.6277,14248.7088,62136.2706,-516542.5068,-437815.89969999995,-454406.2362
5083000,2387.676,14333.0659,62160.9824,-516941.0279,-438059.3036,-454780.0455
5084000,2390.4401,14280.6387,62203.1172,-516764.2487,-437890.0527,-454561.1315
5085000,2379.7678,14296.9302,62235.7951,-516818.5359,-437906.0428,-454582.7408
5086000,2338.6948,14317.9905,62369.841,-516565.2074,-437538.68110000005,-454195.3664
5087000,2333.6009,14431.4361,61798.0536,-516286.688,-437723.5974,-454488.63440000004
5088000,2342.6105,14171.13,62075.6599,-516957.773,-438368.3726,-454882.11309999996
5089000,2391.2092,14321.8066,61843.6049,-516485.8205,-437929.19979999994,-454642.2156
5090000,2355.5463,14287.0529,61822.8418,-515744.1638,-437278.7228,-453921.322
5091000,2379.526,14351.3066,62068.497,-516273.3701,-437474.0405,-454204.87309999997
5092000,2385.3747,14285.5915,62365.6693,-516804.0979,-437767.46239999996,-454438.4286
5093000,2354.1716,14306.6936,62046.6407,-516016.1618,-437308.6559,-453969.5211
5094000,2376.3269,14325.5896,62029.7597,-516225.9838,-437494.3076,-454196.2241
5095000,2386.6151,14215.6993,62339.8462,-516420.2316,-437478.071,-454080.3854
5096000,2414.0001,14379.1926,62696.9017,-517556.0838,-438065.9894,-454859.18210000003
5097000,2359.9285,14308.9758,61664.0707,-516050.3253,-437717.35030000005,-454386.25460000004
5098000,2372.306,14235.5208,61645.3614,-515652.3767,-437399.18850000005,-454007.0153
5099000,2373.8901,14313.6258,61708.0244,-515889.4578,-437493.9175,-454181.4334
5100000,2395.1806,14340.804,61816.8146,-516253.0055,-437700.2063,-454436.19090000005
5101000,2369.8969,14357.7178,62406.4966,-516800.5262,-437666.41490000003,-454394.0296
5102000,2385.5978,14320.5105,61204.0937,-515274.3692,-437364.1672,-454070.2755
5103000,2370.1301,14343.0327,62338.565,-517219.0979,-438167.3701,-454880.5329
5104000,2375.3436,14302.9122,61726.8665,-515966.1935,-437561.0712,-454239.327
5105000,2390.1831,14300.2462,61715.0035,-515696.3947,-437290.9619,-453981.3912
5106000,2381.0873,14292.0051,62179.9261,-516515.8051,-437662.7866,-454335.879
5107000,2373.8648,14322.0156,61469.1614,-515814.3939,-437649.3521,-454345.23250000004
5108000,2420.3374,14302.395,62003.3795,-516242.0862,-437515.9743,-454238.70670000004
5109000,2384.4377,14334.4522,62107.4634,-516414.8959,-437588.5426,-454307.4325
5110000,2396.9528,14254.9405,62060.6217,-516220.8391,-437508.32409999997,-454160.21739999996
5111000,2393.8239,14365.0271,62026.8917,-516569.8265,-437784.0838,-454542.93480000005
5112000,2385.5598,14289.5671,61962.0636,-516240.4866,-437603.29610000004,-454278.423
5113000,2376.9318,14280.5187,62504.0447,-516642.8935,-437481.3983,-454138.84880000004
5114000,2348.5354,14230.7881,62539.9986,-516999.1931,-437879.871,-454459.1945
5115000,2378.4043,14290.6327,62269.621,-517084.4488,-438145.7908,-454814.8278
5116000,2387.3787,14329.2807,62482.82,-516993.1487,-437793.6693,-454510.3287
5117000,2385.0812,14160.4685,61732.9588,-515932.2746,-437653.7661,-454199.3158
5118000,2317.1007,14274.7756,62246.8222,-517085.5537,-438246.8552,-454838.7315
5119000,2330.4741,14235.3691,62453.4189,-517201.7453,-438182.4832,-454748.3264
5120000,2416.7183,14353.8465,61316.2647,-515829.1276,-437742.2981,-454512.8629
5121000,2367.8327,14195.2964,62101.3555,-516133.9325,-437469.4479,-454032.577
5122000,2394.0867,14343.0233,62551.0628,-516980.6844,-437692.5116,-454429.6216
5123000,2394.6388,14325.0082,61719.3987,-516448.3268,-438009.28109999996,-454728.92809999996
5124000,2340.9216,14212.3588,62371.5126,-516899.8528,-437975.0598,-454528.3402
5125000,2368.853,14382.8378,61549.2979,-515881.7295,-437580.7408,-454332.4316
5126000,2340.6524,14313.9466,61776.676,-515925.0339,-437493.7589,-454148.3579
5127000,2392.7372,14249.9735,62180.0408,-516968.3037,-438145.5522,-454788.2629
5128000,2358.128,14365.9962,62511.8891,-517244.9312,-438008.9179,-454733.04209999996
5129000,2377.1973,14267.5595,62203.9644,-516912.6114,-438063.8902,-454708.647
5130000,2404.4106,14319.2692,62177.7903,-516687.9263,-437786.4562,-454510.136
5131000,2387.2522,14290.3525,61550.4155,-515416.8843,-437188.8641,-453866.4688
5132000,2367.9165,14283.5733,62300.8511,-516312.743,-437360.4021,-454011.89190000005
5133000,2357.1331,14301.1735,61832.3409,-516870.5112,-438379.8637,-455038.1703
5134000,2379.5337,14363.3689,61503.7658,-515634.907,-437388.23860000004,-454131.1412
5135000,2398.1491,14236.4319,62118.2027,-516404.2209,-437651.43720000004,-454286.0182
5136000,2345.4156,14284.0194,61776.5741,-515871.3249,-437465.3158,-454094.75080000004
5137000,2366.7341,14300.5543,61754.2932,-516098.1651,-437676.58349999995,-454343.87189999997
5138000,2373.4158,14265.8044,61733.0387,-515750.2194,-437377.9605,-454017.1807
5139000,2370.1201,14412.9291,61497.5198,-515784.1125,-437503.54349999997,-454286.5927
5140000,2376.1378,14344.6976,62482.679,-516612.9182,-437409.40380000003,-454130.2392
5141000,2372.6503,14443.5265,62155.9111,-516495.2474,-437523.1595,-454339.33629999997
5142000,2383.007,14373.9055,61383.0769,-514885.5442,-436745.5548,-453502.4673
5143000,2385.9126,14345.5817,61433.4667,-515435.2563,-437270.2953,-454001.7896
5144000,2355.3003,14322.3768,61958.4439,-515625.1154,-436988.9944,-453666.6715
5145000,2366.0036,14220.4934,61346.3359,-514688.3071,-436755.4742,-453341.97119999997
5146000,2366.5732,14284.9051,62358.1618,-516049.4317,-437039.7916,-453691.2699
5147000,2343.9806,14290.4134,61856.8365,-516300.9171,-437809.6866,-454444.08060000004
5148000,2370.1401,14298.5666,62803.9144,-517238.3157,-437765.6946,-454434.40129999997
5149000,2344.9383,14238.8214,62625.3878,-517714.4073,-438505.2598,-455089.01950000005
5150000,2382.8781,14303.3263,61924.762,-516239.4796,-437628.51320000004,-454314.71760000003
5151000,2375.3153,14285.2474,62213.8004,-516430.3866,-437556.0235,-454216.5862
5152000,2359.7313,14249.6635,62719.5704,-516490.7404,-437161.77520000003,-453771.17000000004
5153000,2418.5041,14344.7821,61814.6215,-515687.1895,-437109.2818,-453872.56799999997
5154000,2395.9864,14310.6258,61755.9973,-515769.7875,-437307.17799999996,-454013.7902
5155000,2332.9521,14264.6226,62418.5191,-515932.3558,-436916.262,-453513.83670000004
5156000,2362.1417,14337.1295,62012.3028,-516307.1651,-437595.59109999996,-454294.8623
5157000,2352.7113,14323.1163,62192.403,-516667.6004,-437799.3698,-454475.1974
5158000,2347.292,14259.1624,61792.7429,-516089.0171,-437689.8198,-454296.2742
5159000,2375.0574,14283.0528,61639.6952,-516031.6495,-437733.8441,-454391.9543
5160000,2358.1152,14297.051,62615.3452,-516409.3211,-437138.8097,-453793.9759
5161000,2405.9138,14253.925,61695.1826,-515881.296,-437526.2746,-454186.1134
5162000,2341.6319,14308.5936,62194.3734,-516128.5231,-437283.9242,-453934.1497
5163000,2311.6772,14255.8699,62175.5163,-515953.9639,-437210.9005,-453778.44759999996
5164000,2372.533,14309.1209,61816.0285,-515610.5361,-437112.85370000004,-453794.5076
5165000,2385.9419,14321.6505,61438.5437,-515121.3082,-436975.1721,-453682.76450000005
5166000,2394.8057,14308.0026,61824.66,-515830.3499,-437302.88159999996,-454005.6899
5167000,2388.1296,14384.3115,61635.5319,-515688.7783,-437280.8053,-454053.2464
5168000,2374.5263,14349.4397,61330.5135,-515380.0148,-437325.5353,-454049.5013
5169000,2356.7218,14383.5609,61524.0549,-515551.0638,-437286.72620000003,-454027.0089
5170000,2373.8504,14296.782,62476.0272,-516432.574,-437285.9144,-453956.5468
5171000,2369.1555,14244.2791,62092.8228,-516651.4281,-437945.1707,-454558.6053
5172000,2344.466,14369.7944,62297.7487,-516833.9914,-437821.98230000003,-454536.2427
5173000,2401.598,14285.6517,62018.1108,-516418.1503,-437712.78979999997,-454400.03949999996
5174000,2376.3566,14271.2406,62012.0382,-516751.8012,-438092.16579999996,-454739.763
5175000,2381.2312,14349.3417,62555.1343,-517176.702,-437890.9948,-454621.5677
5176000,2361.6815,14260.645,61498.5205,-515605.2997,-437484.45269999997,-454106.7792
5177000,2344.4234,14374.3129,61939.3006,-516322.3964,-437664.3595,-454383.0958
5178000,2360.1673,14267.4695,62123.6612,-516640.1983,-437888.9003,-454516.53709999996
5179000,2398.7593,14351.259,61980.5853,-516173.8856,-437443.282,-454193.3003
5180000,2389.3163,14330.3684,61704.8052,-515566.3805,-437141.89060000004,-453861.5753
5181000,2396.7637,14339.7861,61603.2056,-515131.4794,-436791.72400000005,-453528.2738
5182000,2408.2967,14235.5607,62082.6544,-516201.0406,-437474.5288,-454118.3862
5183000,2360.8726,14303.0368,62013.3108,-516449.9504,-437772.7302,-454436.6396
5184000,2378.7798,14299.0342,62277.3175,-517268.7548,-438313.6233,-454991.4373
5185000,2373.8206,14328.006,62341.133,-516871.8381,-437828.8785,-454530.7051
5186000,2403.1867,14426.8542,61902.7826,-515885.9605,-437153.137,-453983.1779
5187000,2365.5733,14224.8085,61839.6304,-515988.96,-437558.9478,-454149.3296
5188000,2413.5981,14372.4329,62168.497,-516125.3289,-437170.80090000003,-453956.8319
5189000,2387.5598,14400.4311,61767.4239,-516187.0745,-437631.65969999996,-454419.6506
5190000,2362.9116,14271.1289,61673.2023,-515881.2538,-437574.011,-454208.0515
5191000,2401.5003,14261.1208,61817.0353,-516551.4906,-438071.83420000004,-454734.45530000003
5192000,2404.0843,14346.4735,61804.5619,-516120.42,-437565.3003,-454315.85809999995
5193000,2354.8115,14357.022,62700.437,-516677.8439,-437265.5734,-453977.4069
5194000,2395.0851,14413.8116,62176.6,-516264.7313,-437279.23459999997,-454088.1313
5195000,2366.5202,14295.5821,62465.7806,-516790.8516,-437662.96869999997,-454325.071
5196000,2366.9518,14229.4987,61625.3134,-516240.5358,-438018.77190000005,-454615.2224
5197000,2351.7016,14220.2291,62058.811,-516730.3693,-438099.6276,-454671.55830000003
5198000,2369.7084,14249.3084,61666.9329,-515951.008,-437665.0583,-454284.07509999996
5199000,2373.208,14241.9499,61518.2378,-516128.489,-437995.0933,-454610.2512
5200000,2379.3161,14345.992,62239.3661,-516930.339,-437965.66479999997,-454690.9729
5201000,2376.2915,14268.0029,61969.1348,-515698.881,-437085.4518,-453729.7462
5202000,2386.8196,14343.0499,61700.1112,-515266.2132,-436836.2325,-453566.102
5203000,2390.7055,14277.0691,61316.8403,-515506.3077,-437521.6928,-454189.4674
5204000,2381.0202,14256.5563,61214.4472,-515437.3903,-437585.3666,-454222.94310000003
5205000,2357.9692,14268.8427,61569.9169,-515822.9825,-437626.2537,-454253.0656
5206000,2402.2998,14284.9981,62230.4992,-517709.8141,-438792.017,-455479.3149
5207000,2406.803,14361.88,61429.4212,-515332.6081,-437134.5039,-453903.18690000003
5208000,2396.2088,14356.8083,62802.5718,-516935.3326,-437379.7437,-454132.76080000005
5209000,2408.0162,14250.8038,61899.4201,-515832.4351,-437274.195,-453933.015
5210000,2406.2475,14316.262,62025.4376,-515925.7287,-437177.7816,-453900.2911
5211000,2416.9393,14367.6809,62225.0218,-516937.2169,-437927.5749,-454712.1951
5212000,2395.8584,14299.7437,61629.7503,-515812.5705,-437487.21809999994,-454182.82019999996
5213000,2402.6163,14274.9176,61610.8473,-515286.6858,-436998.3046,-453675.83849999995
5214000,2374.7587,14285.8959,61882.1315,-515974.5332,-437431.74710000004,-454092.4017
5215000,2334.3065,14305.2473,61747.6139,-516106.5072,-437719.3395,-454358.8933
5216000,2389.6013,14240.8059,62135.6328,-516881.8581,-438115.81810000003,-454746.2253
5217000,2393.4704,14328.4807,61791.6434,-516445.6958,-437932.1013,-454654.0524
5218000,2402.103,14279.7147,61840.1983,-516222.2419,-437700.2259,-454382.04360000003
5219000,2417.4818,14283.6432,61969.3224,-516566.9406,-437896.49319999997,-454597.61819999997
5220000,2366.2315,14274.6813,62247.2267,-516853.888,-437965.7485,-454606.6613
5221000,2400.3939,14334.6562,61583.0663,-516218.8787,-437900.7623,-454635.8124
5222000,2372.1674,14400.3423,62427.2338,-516875.9889,-437676.2454,-454448.7551
5223000,2349.5828,14261.9083,62023.4667,-516717.9792,-438083.02139999997,-454694.5125
5224000,2393.0883,14264.2184,61710.51,-516362.3265,-437994.5098,-454651.8165
5225000,2377.7816,14391.8579,61690.3885,-515126.807,-436666.779,-453436.41849999997
5226000,2374.6949,14285.1961,62114.5689,-515917.6455,-437143.18559999997,-453803.0766
5227000,2354.0876,14272.0456,61173.3713,-515667.7101,-437868.20560000004,-454494.3388
5228000,2383.4869,14254.043,61516.2052,-515909.5174,-437755.7823,-454393.31220000004
5229000,2381.9597,14186.1494,61683.4834,-515514.1111,-437262.51859999995,-453830.62769999995
5230000,2363.8945,14278.8663,61242.175,-515414.5568,-437529.62100000004,-454172.38180000003
5231000,2384.8566,14275.1569,61637.4881,-515928.98,-437631.47839999996,-454291.49189999996
5232000,2350.2513,14277.5008,62077.4059,-516103.8111,-437398.6531,-454026.4052
5233000,2355.8013,14311.4113,61588.2302,-516170.4246,-437914.98180000007,-454582.19440000004
5234000,2382.0772,14282.0218,62144.748,-516273.9022,-437465.0552,-454129.1542
5235000,2414.2773,14226.0297,61936.9077,-516072.3307,-437495.116,-454135.423
5236000,2381.2042,14339.0559,61313.4738,-515324.9623,-437291.2284,-454011.48850000004
5237000,2362.1063,14342.3988,61994.9965,-515960.7791,-437261.27749999997,-453965.7826
5238000,2380.1122,14401.9793,61851.723,-515631.6373,-436997.82279999997,-453779.9143
5239000,2373.988,14301.0865,61940.9803,-516257.7585,-437641.7037,-454316.7782
5240000,2386.6812,14243.6814,62457.9783,-516608.5932,-437520.2523,-454150.6149
5241000,2388.6097,14341.87,62044.7501,-516519.3636,-437744.13379999995,-454474.6135
5242000,2381.0817,14335.8408,62631.9033,-517440.2671,-438091.4413,-454808.3638
5243000,2374.7925,14146.7782,62130.3756,-516798.7757,-438146.8294,-454668.40009999997
5244000,2368.7965,14204.5782,61863.7425,-515579.8372,-437142.72,-453716.0947
5245000,2363.1002,14187.7272,61638.5595,-516045.872,-437856.4851,-454407.3125
5246000,2410.2007,14242.5785,62266.6989,-515745.7637,-436826.2856,-453479.0648
5247000,2398.1069,14325.8395,62254.003,-516410.7713,-437432.82190000004,-454156.7683
5248000,2399.5739,14279.3486,62103.6489,-516221.9357,-437439.36429999996,-454118.2868
5249000,2374.7764,14279.9226,62204.2757,-516907.1832,-438048.20850000007,-454702.90750000003
5250000,2385.846,14217.9899,61349.4086,-515446.3238,-437493.0793,-454096.9152
5251000,2358.6742,14312.8536,62108.8774,-516574.3378,-437793.9326,-454465.4604
5252000,2410.018,14216.4481,62216.704,-516811.6732,-437968.50310000003,-454594.96920000005
5253000,2349.7847,14210.8791,62281.5383,-517037.1386,-438194.9365,-454755.6003
5254000,2353.2929,14355.6517,62219.2197,-516756.3666,-437828.2023,-454537.1469
5255000,2334.7952,14274.5757,62185.1051,-516769.5831,-437975.1071,-454584.478
5256000,2397.1524,14258.7366,61785.494,-516188.7651,-437747.38210000005,-454403.2711
5257000,2381.8717,14279.1103,61795.5334,-516022.3563,-437565.84089999995,-454226.82289999997
5258000,2406.6266,14388.4676,62173.2141,-516668.774,-437700.46569999994,-454495.5599
5259000,2436.5851,14314.8585,61705.1599,-516526.6593,-438070.0558,-454821.4994
5260000,2377.4111,14216.0544,62212.3159,-516648.6747,-437842.8933,-454436.3588
5261000,2327.1171,14237.0557,62287.2948,-516591.474,-437740.00639999995,-454304.1792
5262000,2368.6348,14307.0217,61897.4831,-515968.5669,-437395.4273,-454071.08379999996
5263000,2385.1858,14191.432,61924.82,-516201.971,-437700.5332,-454277.151
5264000,2385.3411,14267.7579,61277.1528,-515207.4509,-437277.19909999997,-453930.2981
5265000,2365.2577,14203.1235,62488.2592,-516823.6953,-437767.0549,-454335.43610000005
5266000,2381.3794,14321.2323,62549.9661,-517022.4424,-437769.8646,-454472.4763
5267000,2397.8504,14266.0792,62387.8101,-516871.7683,-437820.02859999996,-454483.9582
5268000,2371.0754,14354.3592,61958.8932,-515909.5828,-437225.255,-453950.6896
5269000,2353.8631,14285.1685,62134.3093,-516416.0314,-437642.69049999997,-454281.72209999996
5270000,2363.7585,14398.2762,61958.137,-516268.4781,-437548.3064,-454310.3411
5271000,2352.3054,14178.6032,62311.5416,-516804.3711,-437961.9209,-454492.8295
5272000,2386.8772,14276.2624,62052.3629,-515486.959,-436771.4565,-453434.59609999997
5273000,2363.7534,14377.0133,61692.5541,-515914.3615,-437481.0407,-454221.8074
5274000,2418.3115,14264.9986,61599.34,-515294.0191,-437011.36899999995,-453694.67909999995
5275000,2398.8337,14182.0476,61536.3342,-515577.4595,-437460.244,-454041.1253
5276000,2369.6581,14257.3974,61882.8954,-515938.1214,-437428.1705,-454055.226
5277000,2364.7123,14254.5124,61949.0774,-516287.5435,-437719.24140000006,-454338.4661
5278000,2401.817,14296.6202,61746.3685,-515872.9639,-437428.15819999995,-454126.5954
5279000,2364.7624,14260.9077,61656.4171,-515947.1037,-437665.01649999997,-454290.68659999996
5280000,2415.1224,14311.5666,61533.2772,-515405.6977,-437145.7315,-453872.4205
5281000,2378.3479,14390.099,61839.1138,-515701.1292,-437093.56850000005,-453862.01540000003
5282000,2371.6655,14178.2743,61320.2088,-515612.7274,-437742.57879999996,-454292.51859999995
5283000,2334.7894,14366.2093,61497.1036,-515705.3318,-437507.2295,-454208.2282
5284000,2356.6358,14167.4463,62124.4611,-516210.4751,-437561.93189999997,-454086.01399999997
5285000,2375.2827,14344.7563,61961.2368,-516546.3841,-437865.1083,-454585.1473
5286000,2357.2123,14208.0151,61772.9238,-517203.7713,-438865.62010000006,-455430.84750000003
5287000,2372.8826,14187.5668,62075.601,-516088.3073,-437452.2569,-454012.70629999996
5288000,2398.6711,14332.6413,62319.2546,-516602.2506,-437551.68360000005,-454282.99600000004
5289000,2371.7986,14169.927,61933.2047,-515997.884,-437522.9537,-454064.6793
5290000,2359.5371,14227.0553,61733.5531,-515606.8742,-437286.72870000004,-453873.3211
5291000,2355.1016,14262.8866,61617.75,-516255.348,-438019.6098,-454637.598
5292000,2372.8123,14242.8946,62372.5437,-516482.0799,-437493.8293,-454109.53620000003
5293000,2406.8412,14337.0131,61465.8259,-515554.5677,-437344.8875,-454088.7418
5294000,2398.4327,14181.0402,62020.6815,-516275.813,-437675.6586,-454255.1315
5295000,2375.7146,14277.7635,62083.1374,-516729.2353,-437992.6198,-454646.0979
5296000,2384.6855,14309.6,61665.7792,-516311.8614,-437951.7967,-454646.0822
5297000,2393.4415,14287.6775,62191.8491,-516907.3342,-438034.3661,-454715.4851
5298000,2426.1237,14306.7682,61954.8253,-516499.9357,-437812.21849999996,-454545.1104
5299000,2378.4453,14238.7179,61629.7228,-516239.5721,-437992.6861,-454609.8493
5300000,2400.3266,14309.9081,62026.5299,-516597.3071,-437860.5425,-454570.77719999995
5301000,2377.9287,14240.6329,62552.1484,-516749.1981,-437578.48809999996,-454197.0497
5302000,2382.4983,14309.7783,61974.129,-516453.7201,-437787.3145,-454479.59109999996
5303000,2380.617,14237.7613,62809.0575,-517190.7449,-437763.30909999995,-454381.6874
5304000,2409.8666,14306.7175,62228.343,-516742.3931,-437797.466,-454514.0501
5305000,2373.976,14292.9734,61919.67,-516275.8548,-437689.2354,-454356.1848
5306000,2390.2871,14233.4906,62117.5196,-516482.2436,-437740.94629999995,-454364.724
5307000,2361.3856,14210.1341,62017.8979,-516612.9729,-438023.5553,-454595.075
5308000,2411.0864,14370.3729,62392.173,-516913.3415,-437739.7092,-454521.16849999997
5309000,2347.0918,14198.7347,62328.3271,-516763.5798,-437889.4262,-454435.2527
5310000,2366.4804,14305.4896,61491.6565,-515568.6909,-437405.0644,-454077.0344
5311000,2390.5718,14393.912,62055.0037,-516018.9914,-437179.5039,-453963.9877
5312000,2372.1454,14194.5839,62198.4753,-516469.9829,-437704.7783,-454271.5076
5313000,2370.2434,14297.8507,61847.1994,-515957.0596,-437441.7661,-454109.8602
5314000,2348.9792,14379.9599,62282.9767,-516598.8316,-437586.91579999996,-454315.8549
5315000,2361.3211,14263.3632,61735.4205,-515980.4531,-437620.34829999995,-454245.0326
5316000,2354.2836,14291.3986,62015.0319,-515934.4045,-437273.6904,-453919.3726
5317000,2391.4477,14241.0321,62173.7036,-516823.7339,-438017.5505,-454650.0303
5318000,2420.8498,14324.6526,61641.9908,-516134.7064,-437747.2132,-454492.7156
5319000,2363.6277,14389.5538,61501.2285,-516003.542,-437749.132,-454502.31350000005
5320000,2394.291,14425.0186,62220.8094,-516770.9736,-437730.8546,-454550.1642
5321000,2362.6013,14337.361,62417.2084,-516431.7233,-437314.5526,-454014.5149
5322000,2371.1196,14201.5544,61976.1398,-516471.7525,-437922.9387,-454495.6127
5323000,2341.6437,14209.7092,62065.8551,-515825.9988,-437208.7908,-453760.1437
5324000,2378.4859,14342.4194,62326.0215,-516842.5081,-437795.58129999996,-454516.48659999995
5325000,2362.7515,14326.8936,61930.1355,-516367.9059,-437748.1253,-454437.77040000004
5326000,2348.8539,14178.8916,62153.2682,-515793.738,-437112.7243,-453640.4698
5327000,2354.9936,14189.145,61997.3927,-516329.3139,-437787.78260000004,-454331.9212
5328000,2376.6512,14247.5789,61893.4221,-516279.6532,-437762.001,-454386.2311
5329000,2391.4389,14267.9046,62052.9477,-515440.6772,-436728.386,-453387.72949999996
5330000,2358.4858,14194.3893,61719.181,-515769.3693,-437497.31320000003,-454050.18830000004
5331000,2364.9276,14245.296,61751.72,-515897.3295,-437535.3859,-454145.6095
5332000,2400.0272,14179.3429,61967.8605,-516588.1404,-438040.90979999996,-454620.27989999996
5333000,2369.608,14263.9108,61986.6591,-516737.6888,-438117.5109,-454751.0297
5334000,2332.6674,14255.8087,61739.5887,-515960.5884,-437632.5236,-454220.9997
5335000,2379.8072,14278.3944,62046.7418,-515851.0754,-437146.132,-453804.33359999995
5336000,2394.6896,14391.7373,62168.6722,-516898.4943,-437943.3952,-454729.8221
5337000,2374.0535,14311.682,62114.2917,-516510.29,-437710.26279999997,-454395.9983
5338000,2356.6705,14210.9947,62271.4321,-516440.0962,-437600.9989,-454168.66410000005
5339000,2365.2642,14173.1458,62306.8281,-516592.6914,-437747.4533,-454285.8633
5340000,2381.5904,14252.924,61866.6966,-515987.2967,-437486.0857,-454120.6001
5341000,2412.8193,14295.9126,61900.9018,-515833.3846,-437223.7509,-453932.4828
5342000,2384.429,14340.7726,62468.971,-516147.3023,-436953.1297,-453678.33129999996
5343000,2363.0175,14266.2457,61982.9919,-516264.1065,-437651.8514,-454281.1146
5344000,2360.3829,14316.64,61657.4394,-515207.0619,-436872.59959999996,-453549.62249999994
5345000,2350.1652,14252.1639,62045.1487,-516410.5201,-437763.04230000003,-454365.3714
5346000,2383.1187,14278.5166,62197.6794,-516670.5661,-437811.2514,-454472.8867
5347000,2378.3199,14222.88,62035.6646,-515450.9114,-436814.04689999996,-453415.24679999996
5348000,2372.291,14266.685,62520.0513,-516415.8779,-437256.8506,-453895.82660000003
5349000,2364.1991,14254.701,61804.537,-515129.4737,-436706.0366,-453324.93669999996
5350000,2356.2199,14306.7038,62087.2228,-516028.1563,-437278.0098,-453940.9335
5351000,2365.577,14292.1333,62268.2266,-516565.2638,-437639.3269,-454297.0372
5352000,2410.242,14278.8173,61980.3764,-515949.9479,-437280.5122,-453969.5715
5353000,2374.4596,14279.6538,62599.5026,-516515.9625,-437262.3465,-453916.4599
5354000,2399.7009,14255.5638,62124.5021,-515887.052,-437107.28520000004,-453762.54990000004
5355000,2397.1456,14329.3684,61778.174,-515385.3934,-436880.7054,-453607.2194
5356000,2343.5566,14269.8595,62335.4307,-516851.2659,-437902.4191,-454515.8352
5357000,2348.7263,14226.4631,61831.021,-515840.5126,-437434.30220000003,-454009.4916
5358000,2366.484,14257.9627,62597.1842,-516875.3675,-437653.7366,-454278.1833
5359000,2368.3719,14337.233,61919.3469,-516261.7106,-437636.7588,-454342.3637
5360000,2345.9621,14342.5856,61975.2536,-516151.9506,-437488.1493,-454176.697
5361000,2347.1117,14277.53,61395.1686,-515426.2126,-437406.4023,-454031.04400000005
5362000,2363.9804,14275.7274,62210.6087,-516514.2059,-437663.8894,-454303.5972
5363000,2377.3635,14292.2484,62241.6093,-516409.6914,-437498.4702,-454168.0821
5364000,2385.3407,14316.8356,62065.9722,-516168.8324,-437400.6839,-454102.8602
5365000,2373.2499,14261.2568,62442.3971,-517152.456,-438075.55220000003,-454710.0589
5366000,2336.5587,14350.394,62320.8095,-517173.9502,-438166.188,-454853.1407
5367000,2365.3784,14213.2234,61695.0316,-516029.3898,-437755.7564,-454334.3582
5368000,2346.0536,14261.9298,62158.1502,-517089.8804,-438323.7468,-454931.73020000005
5369000,2360.4216,14413.5071,62416.3511,-516712.1716,-437521.8918,-454295.82050000003
5370000,2398.0536,14285.92,61600.2726,-516376.8039,-438092.5577,-454776.53130000003
5371000,2391.9538,14326.3965,62691.3539,-517642.7069,-438233.00269999995,-454951.353
5372000,2353.1181,14237.9212,62696.5511,-517526.0897,-438238.4993,-454829.5386
5373000,2381.3135,14257.9207,61656.2948,-515845.2929,-437549.7639,-454188.99809999997
5374000,2377.7654,14276.6887,61948.4706,-516127.4733,-437524.5486,-454179.0027
5375000,2367.3738,14293.4275,62308.4298,-516831.3058,-437862.0747,-454522.876
5376000,2384.6087,14445.522,61765.3406,-515944.0917,-437348.6204,-454178.7511
5377000,2371.5271,14271.5647,61477.3237,-515225.7519,-437105.3364,-453748.42819999997
5378000,2368.6801,14272.8032,62181.7858,-516415.7461,-437592.47699999996,-454233.9603
5379000,2368.1356,14225.6835,62220.9175,-516468.8683,-437654.13169999997,-454247.9508
5380000,2370.9726,14283.1932,61945.7622,-516446.6949,-437846.7669,-454500.9327
5381000,2392.3304,14226.2867,61588.095,-516068.619,-437861.9069,-454480.524
5382000,2367.4432,14273.8972,62251.5564,-516829.2527,-437936.3559,-454577.6963
5383000,2363.258,14283.3671,62011.0399,-516646.7836,-437989.11860000005,-454635.7437
5384000,2374.0836,14361.338,62048.7726,-516948.2487,-438164.05449999997,-454899.47609999997
5385000,2351.3721,14255.8108,62006.7351,-516425.2577,-437811.3397,-454418.5226
5386000,2391.5289,14308.8833,61471.6516,-515688.3074,-437516.2436,-454216.6558
5387000,2397.3237,14255.2837,62039.2578,-516596.4153,-437904.5501,-454557.1575
5388000,2372.6317,14245.4339,61942.5674,-516461.7154,-437901.08239999996,-454519.148
5389000,2392.7891,14320.9592,61961.9595,-516070.5737,-437394.8659,-454108.6142
5390000,2405.6978,14376.8788,62132.8568,-516851.2947,-437935.8613,-454718.4379
5391000,2417.9725,14388.6609,61198.3885,-514627.4773,-436622.45540000004,-453429.0888
5392000,2348.4903,14327.4099,61885.1497,-516061.8552,-437500.8053,-454176.7055
5393000,2401.8288,14297.2149,61814.4857,-515752.3125,-437238.7831,-453937.8268
5394000,2360.513,14242.6851,62128.2228,-516306.6848,-437575.2639,-454178.462
5395000,2359.8886,14257.0613,61604.0873,-515803.0044,-437581.96719999996,-454198.91709999996
5396000,2363.9538,14288.2704,61760.4945,-515536.9094,-437124.19070000004,-453776.4149
5397000,2372.9098,14221.4618,62159.6963,-515877.8175,-437123.7496,-453718.1212
5398000,2385.6049,14295.1574,61465.4693,-515786.6379,-437640.4063,-454321.1686
5399000,2362.0507,14314.2029,61681.3963,-516026.6787,-437669.0288,-454345.28239999997
5400000,2369.1472,14211.3698,62273.087,-517103.8893,-438250.2853,-454830.8023
5401000,2389.6271,14318.2796,61810.2685,-516240.869,-437722.6938,-454430.6005
5402000,2384.1927,14220.7226,62422.0994,-517346.1441,-438319.1294,-454924.04469999997
5403000,2375.4916,14239.7943,62126.802,-515855.215,-437113.12710000004,-453728.413
5404000,2388.393,14187.2343,62320.8037,-516685.0423,-437788.6113,-454364.2386
5405000,2378.504,14258.6839,61810.3217,-516042.2096,-437594.7,-454231.8879
5406000,2341.6539,14120.4158,61948.7417,-515992.5642,-437581.7528,-454043.8225
5407000,2350.0077,14293.8349,62121.0106,-516228.7051,-437463.8519,-454107.69450000004
5408000,2377.9382,14336.9266,62282.4429,-516735.5732,-437738.2655,-454453.13029999996
5409000,2402.116,14242.3723,62147.5971,-516578.8764,-437786.791,-454431.2793
5410000,2413.0088,14319.4573,61940.1834,-516232.0565,-437559.407,-454291.8731
5411000,2380.9245,14388.9684,62549.0648,-516992.9156,-437673.95790000004,-454443.8508
5412000,2359.7705,14281.27,61738.7609,-515367.025,-436987.2236,-453628.26410000003
5413000,2400.6945,14342.1417,62052.1472,-516318.8109,-437523.8275,-454266.6637
5414000,2369.5842,14377.259,62375.949,-516775.4429,-437652.6507,-454399.4939
5415000,2372.9018,14226.8009,62207.6271,-516775.1866,-437967.8568,-454567.55950000003
5416000,2382.3231,14359.1909,62333.8024,-516303.7584,-437228.442,-453969.956
5417000,2354.2277,14306.0513,62116.5731,-516605.1322,-437828.2801,-454488.5591
5418000,2404.3216,14285.3036,61528.2014,-515652.16,-437434.3334,-454123.95859999995
5419000,2353.6531,14178.6456,62149.5893,-516243.8364,-437561.9484,-454094.2471
5420000,2403.2359,14271.2732,62102.5998,-515853.481,-437076.37210000004,-453750.8812
5421000,2415.0356,14238.8023,62026.4588,-516921.4183,-438241.1216,-454894.9595
5422000,2385.601,14334.1398,61761.6811,-515619.1033,-437137.6814,-453857.42220000003
5423000,2402.8624,14371.1238,61450.4139,-515816.8168,-437592.41669999994,-454366.4029
5424000,2371.624,14312.8127,62136.9691,-516161.4886,-437340.0828,-454024.5195
5425000,2375.1277,14365.7951,61913.7087,-516790.4777,-438135.84619999997,-454876.769
5426000,2343.8018,14187.7259,61216.4271,-515318.2578,-437570.303,-454101.83070000005
5427000,2405.9336,14199.7645,62291.4213,-516332.3349,-437435.21550000005,-454040.9136
5428000,2362.7187,14312.4473,61725.1824,-515818.435,-437418.0866,-454093.2526
5429000,2351.0702,14254.3047,62059.4567,-515642.4972,-436977.66559999995,-453583.0405
5430000,2403.8674,14280.0188,61692.7424,-516020.0841,-437643.4555,-454327.3417
5431000,2377.3245,14314.6758,61945.1223,-515864.7893,-437227.6667,-453919.667
5432000,2399.7388,14301.5189,62195.0193,-517255.8703,-438359.5933,-455060.851
5433000,2392.755,14364.5325,61838.9165,-516208.4331,-437612.2291,-454369.51660000003
5434000,2367.4248,14308.856,61418.5292,-515538.0651,-437443.2551,-454119.5359
5435000,2377.7022,14341.9543,61803.3802,-516066.8914,-437543.8547,-454263.5112
5436000,2393.1033,14350.7161,61850.657,-515963.5923,-437369.11590000003,-454112.9353
5437000,2389.8565,14415.2033,61549.502,-515614.3186,-437259.7568,-454064.8166
5438000,2387.4598,14342.4398,62368.9954,-516932.7113,-437833.8163,-454563.7159
5439000,2400.7687,14232.6922,61819.7402,-516017.8798,-437564.6787,-454198.1396
5440000,2379.7564,14348.5508,62211.353,-516617.0183,-437677.35809999995,-454405.6653
5441000,2388.3035,14207.8004,61954.8347,-516047.3793,-437496.4407,-454092.54459999996
5442000,2402.5419,14332.1762,61411.5186,-515793.4687,-437647.232,-454381.9501
5443000,2368.8053,14219.6973,61781.83,-516102.6155,-437732.2829,-454320.7855
5444000,2377.5162,14181.6514,62394.5102,-516261.8494,-437308.1716,-453867.3392
5445000,2379.0645,14300.0462,62151.7832,-516659.2083,-437828.31440000003,-454507.4251
5446000,2368.8635,14287.5093,61975.133,-516763.7854,-438132.2796,-454788.6524
5447000,2395.1733,14327.8164,61654.9157,-515891.5696,-437513.6642,-454236.6539
5448000,2377.0744,14204.8372,62053.7238,-516333.5449,-437697.90949999995,-454279.8211
5449000,2364.8452,14333.5728,61277.427,-515217.6264,-437241.7814,-453940.1994
5450000,2391.3844,14243.9639,62272.9096,-516514.7993,-437606.5414,-454241.8897
5451000,2377.0309,14278.34,61540.6608,-515206.3714,-437010.3397,-453665.7106
5452000,2343.9313,14357.0831,61997.4594,-516384.9557,-437686.4819,-454387.4963
5453000,2325.6694,14315.2392,62636.9635,-517708.551,-438430.6789,-455071.58749999997
5454000,2367.5949,14324.4571,62000.5967,-516697.5769,-438004.92819999997,-454696.9802
5455000,2378.8241,14263.7234,62081.4299,-516524.8032,-437800.8258,-454443.37330000004
5456000,2408.4013,14320.8506,62283.4128,-517055.3774,-438042.71270000003,-454771.9646
5457000,2406.6903,14374.2431,62204.2775,-517024.6212,-438039.4103,-454820.34369999997
5458000,2363.7188,14292.0774,61883.6076,-516379.5304,-437840.12659999996,-454495.9228
5459000,2364.2735,14338.6774,62263.9339,-516530.7631,-437563.8783,-454266.8292
5460000,2364.2911,14213.6504,62042.3171,-515762.5083,-437142.2497,-453720.1912
5461000,2375.7707,14293.288,62066.5926,-516077.6047,-437341.9534,-454011.01210000005
5462000,2382.0291,14286.6311,61749.8393,-515864.8342,-437446.3347,-454114.9949
5463000,2392.9858,14318.1589,62056.2217,-516335.7946,-437568.4282,-454279.5729
5464000,2362.4226,14279.3773,61120.7252,-515051.7513,-437289.22620000003,-453931.0261
5465000,2374.4907,14362.6148,62609.79,-516649.9283,-437303.03280000004,-454040.13830000005
5466000,2368.3614,14360.4982,61366.0839,-515150.8866,-437055.94310000003,-453784.8027
5467000,2371.8511,14345.3998,61942.3598,-516546.7548,-437887.14410000003,-454604.395
5468000,2382.8603,14255.6469,62109.5182,-516523.3276,-437775.30220000003,-454413.8094
5469000,2349.7949,14360.1165,62158.7792,-516597.0843,-437728.3937,-454438.3051
5470000,2368.4532,14277.3227,62051.684,-516452.1033,-437754.6434,-454400.4193
5471000,2353.6664,14274.319,62296.027,-516655.8051,-437731.7927,-454359.7781
5472000,2377.0982,14287.5099,61635.6519,-516381.8113,-438081.5513,-454746.1594
5473000,2410.4116,14351.1863,62085.8253,-516605.0411,-437757.61789999995,-454519.2158
5474000,2360.3891,14222.7849,62078.7906,-516232.7908,-437570.8262,-454154.0002
5475000,2376.5488,14282.1977,62412.9628,-516508.2839,-437436.5746,-454095.3211
5476000,2401.7353,14288.8513,61467.4498,-515128.7645,-436970.7281,-453661.3147
5477000,2363.5734,14299.3785,61997.2681,-515841.874,-437181.654,-453844.6059
5478000,2351.0372,14194.269,61800.1491,-515841.6243,-437496.169,-454041.47520000004
5479000,2358.86,14251.4177,61900.222,-516152.7917,-437642.292,-454252.5697
5480000,2354.2834,14230.2636,62316.7201,-516738.3732,-437837.1061,-454421.6531
5481000,2388.8595,14268.4533,61764.9009,-515695.0009,-437272.7872,-453930.1
5482000,2374.7134,14336.8314,61785.6931,-515483.3745,-436986.13659999997,-453697.6814
5483000,2356.0718,14399.0991,62127.4232,-516882.4258,-437999.83170000004,-454755.0026
5484000,2372.0809,14196.3747,62161.0407,-516908.1502,-438178.6539,-454747.10949999996
5485000,2399.275,14322.4241,61672.7229,-516114.5473,-437720.12529999996,-454441.8244
5486000,2331.1638,14255.6406,62370.3936,-516380.9051,-437423.7071,-454010.51149999996
5487000,2394.9015,14210.4358,62373.2569,-516582.4827,-437603.8885,-454209.2258
5488000,2353.1152,14252.941,62355.8669,-517321.081,-438359.1579,-454965.2141
5489000,2395.7617,14353.3488,61727.6537,-515670.3041,-437193.5399,-453942.6504
5490000,2373.5022,14293.4734,62070.1078,-516489.635,-437752.5516,-454419.5272
5491000,2397.9453,14347.4506,61871.2906,-516108.8347,-437492.1482,-454237.5441
5492000,2373.7737,14316.8712,62521.4944,-517065.2465,-437853.10719999997,-454543.7521
5493000,2367.5514,14331.0408,62013.4523,-515867.6776,-437155.6331,-453854.2253
5494000,2397.4022,14312.5013,62422.217,-517011.3949,-437879.2744,-454589.1779
5495000,2392.699,14244.5471,62323.3182,-517156.7576,-438196.19330000004,-454833.43940000003
5496000,2377.5295,14242.7738,62213.6336,-516359.8914,-437525.9545,-454146.2578
5497000,2376.8383,14252.6449,62193.772,-516175.1969,-437351.94169999997,-453981.4249
5498000,2370.3255,14243.6925,62950.9197,-517457.4436,-437892.5059,-454506.52390000003
5499000,2370.0551,14300.3529,61779.6251,-516010.4921,-437560.459,-454230.86699999997
5500000,2371.6439,14346.882,61670.7473,-515575.7061,-437186.4329,-453904.9588
5501000,2393.0446,14266.3332,61824.517,-515951.9607,-437468.0659,-454127.4437
5502000,2403.2492,14330.7384,62171.3932,-516285.6427,-437380.26190000004,-454114.24950000003
5503000,2395.2364,14317.7801,61802.7079,-516100.9347,-437585.2103,-454298.2268
5504000,2364.1955,14340.3527,62206.9424,-516208.8504,-437297.3598,-454001.908
5505000,2372.1055,14317.1662,62299.2441,-516512.8556,-437524.3398,-454213.6115
5506000,2387.1422,14381.806,62050.9118,-516855.5933,-438035.7333,-454804.6815
5507000,2417.5402,14279.9714,61842.3306,-515747.1091,-437207.2669,-453904.7785
5508000,2412.8372,14270.141,62009.9099,-515938.3506,-437245.4625,-453928.44070000004
5509000,2391.2137,14183.2015,62304.0625,-516421.3947,-437542.917,-454117.3322
5510000,2425.9338,14308.7895,62313.2555,-516426.6178,-437378.639,-454113.36230000004
5511000,2402.4076,14142.3321,62323.1656,-516670.7457,-437802.84040000004,-454347.5801
5512000,2344.0414,14288.9908,61523.4389,-515339.2154,-437182.7443,-453815.7765
5513000,2384.1992,14304.9662,62182.7797,-516296.0844,-437424.1393,-454113.3047
5514000,2375.8151,14300.7225,61807.2686,-516601.5494,-438117.7432,-454794.2808
5515000,2413.5552,14278.0592,62003.4035,-516226.8442,-437531.82629999996,-454223.4407
5516000,2381.0183,14349.7931,61909.3205,-515665.0384,-437024.90650000004,-453755.71790000005
5517000,2397.6884,14311.9929,62210.6186,-516463.0959,-437542.79600000003,-454252.4773
5518000,2361.0889,14232.2851,61825.7614,-515454.0603,-437034.9249,-453628.2989
5519000,2385.7762,14309.5419,61593.2942,-515305.5738,-437016.96150000003,-453712.2796
5520000,2373.2925,14247.9666,62097.3028,-515615.7658,-436897.20389999996,-453518.463
5521000,2336.2523,14218.9648,61882.8455,-515949.4997,-437511.4371,-454066.6542
5522000,2369.7761,14254.364,62249.3563,-515968.7082,-437095.2118,-453719.3519
5523000,2381.4585,14201.0925,62003.5026,-515771.7137,-437185.66010000004,-453768.2111
5524000,2384.717,14318.6689,62130.4646,-516280.657,-437446.8065,-454150.1924
5525000,2396.8856,14369.6966,61749.2763,-515901.6501,-437385.7916,-454152.37380000006
5526000,2380.8309,14320.2591,61972.1552,-515306.9532,-436633.708,-453334.798
5527000,2404.7036,14337.4623,61639.5376,-516081.5626,-437699.8591,-454442.025
5528000,2349.4009,14303.0665,61954.2857,-516269.0074,-437662.25430000003,-454314.7217
5529000,2383.1922,14312.2237,61865.1449,-515725.8673,-437165.30649999995,-453860.72239999997
5530000,2368.3498,14327.0511,61210.3884,-514756.0518,-436850.2625,-453545.6634
5531000,2383.0236,14340.6781,62066.7341,-516565.2502,-437774.81440000003,-454498.5161
5532000,2378.4405,14214.0559,62247.1764,-516134.1671,-437294.4943,-453886.9907
5533000,2362.6894,14261.8546,62066.0884,-516707.5052,-438016.8728,-454641.4168
5534000,2407.4971,14336.9311,62005.656,-516761.9682,-438011.884,-454756.3122
5535000,2396.3191,14271.4256,61855.2262,-515980.9892,-437458.0183,-454125.76300000004
5536000,2371.422,14318.7226,61921.9858,-516124.3834,-437512.253,-454202.39759999997
5537000,2377.029,14276.2917,62581.5088,-516855.7297,-437620.90020000003,-454274.2209
5538000,2378.9577,14277.3981,62173.5125,-516394.561,-437564.6927,-454221.0485
5539000,2385.9515,14257.365,61713.1296,-515311.5041,-436955.058,-453598.37450000003
5540000,2398.1571,14259.2666,62033.6035,-516273.814,-437582.7868,-454240.21050000004
5541000,2419.0055,14349.6373,62812.1492,-517183.9217,-437603.1297,-454371.7725
5542000,2383.3987,14289.4101,62062.354,-515580.1321,-436844.9693,-453517.7781
5543000,2365.1138,14262.2722,62184.2422,-516636.3929,-437824.76469999994,-454452.1507
5544000,2348.9264,14195.5152,61753.7886,-515297.3141,-436999.0839,-453543.5255
5545000,2370.3696,14310.8419,62052.8583,-516211.8568,-437477.787,-454158.9985
5546000,2355.7457,14213.7136,62130.2077,-516365.3023,-437665.63529999997,-454235.09459999995
5547000,2358.8467,14277.9212,62054.5342,-516576.9328,-437885.6307,-454522.3986
5548000,2401.4236,14356.1086,61836.9326,-516699.4003,-438104.93549999996,-454862.4677
5549000,2384.4054,14309.7295,62083.4297,-515795.1029,-437017.5383,-453711.6732
5550000,2344.6685,14279.4988,61977.419,-516002.8875,-437401.3012,-454025.4685
5551000,2372.5425,14337.8978,61600.661,-515874.2583,-437563.157,-454273.59729999996
5552000,2371.4703,14174.6109,61589.5535,-515541.6701,-437406.0354,-453952.1166
5553000,2361.5123,14242.9056,61229.3635,-515144.4835,-437310.7021,-453915.12
5554000,2377.1219,14327.6862,62011.7262,-515878.5086,-437161.9743,-453866.7824
5555000,2374.3879,14361.0887,62011.353,-516860.7803,-438113.9507,-454849.4273
5556000,2388.9808,14314.8287,62231.5055,-516389.3264,-437454.0114,-454157.82090000005
5557000,2390.6115,14334.4195,62076.2203,-515827.2279,-437025.9766,-453751.0076
5558000,2393.2243,14204.9457,61674.9023,-515388.9807,-437115.9084,-453714.0784
5559000,2386.7209,14295.0587,62455.9127,-516797.1301,-437659.4378,-454341.2174
5560000,2384.258,14276.6655,62495.9599,-516355.8575,-437198.9741,-453859.89759999997
5561000,2379.8926,14360.0811,62074.0584,-516196.4768,-437382.4447,-454122.4184
5562000,2391.1002,14184.1799,61619.1284,-516043.5475,-437849.13899999997,-454424.4191
5563000,2381.4848,14283.5607,61855.4854,-516073.376,-437552.8451,-454217.8906
5564000,2374.7619,14265.726,61943.5052,-516053.3967,-437469.40359999996,-454109.89149999997
5565000,2395.5127,14301.6254,62017.5822,-516337.3425,-437622.62220000004,-454319.7603
5566000,2389.6134,14379.707,62185.9571,-516390.5599,-437435.2824,-454204.6028
5567000,2374.6662,14192.1209,62126.9733,-516145.0036,-437451.2432,-454018.0303
5568000,2386.493,14238.5512,61592.9945,-515958.376,-437740.3373,-454365.3815
5569000,2363.2476,14230.9891,61925.7052,-515344.9052,-436824.96329999994,-453419.19999999995
5570000,2401.477,14229.0039,62009.4888,-516244.6976,-437604.7279,-454235.2088
5571000,2396.5009,14365.4166,61989.0899,-516168.8082,-437417.8008,-454179.7183
5572000,2382.1606,14249.7024,62107.8609,-516673.4028,-437933.6789,-454565.54189999995
5573000,2366.0201,14228.7764,61947.771,-516112.713,-437570.1455,-454164.942
5574000,2413.4745,14277.4791,62194.6882,-516398.6144,-437512.97260000004,-454203.92620000005
5575000,2374.9196,14263.5583,62436.8104,-516727.2943,-437652.006,-454290.4839
5576000,2387.7698,14183.9475,62159.6094,-516232.6912,-437501.3645,-454073.0818
5577000,2386.5861,14346.3684,62140.7328,-516564.9006,-437691.2133,-454424.1678
5578000,2415.618,14320.7936,61589.5576,-515154.7318,-436828.7626,-453565.1742
5579000,2362.6984,14321.1513,61991.3919,-515929.8034,-437254.56179999997,-453938.4115
5580000,2350.0203,14216.9921,61988.9317,-516341.6068,-437785.6627,-454352.6751
5581000,2386.9028,14210.8347,62274.3173,-516443.3549,-437571.3001,-454169.0376
5582000,2358.5363,14227.9994,61728.494,-515544.1783,-437229.1486,-453815.6843
5583000,2379.5412,14335.4594,61355.7332,-515107.4747,-437036.74090000003,-453751.7415
5584000,2393.0528,14305.0365,61558.6851,-514983.9171,-436727.1427,-453425.232
5585000,2370.4344,14224.2914,61636.912,-515218.2217,-436986.58389999997,-453581.3097
5586000,2368.4842,14319.3105,61925.8069,-515949.3117,-437335.7101,-454023.5048
5587000,2399.0321,14255.2404,61694.8074,-515305.4822,-436956.4023,-453610.67480000004
5588000,2384.3912,14298.2978,62632.7143,-516867.0682,-437551.6649,-454234.3539
5589000,2387.4786,14236.1967,62133.6234,-516695.9056,-437938.6069,-454562.2822
5590000,2345.6254,14259.1564,61864.9553,-516363.3861,-437893.649,-454498.4308
5591000,2406.2658,14322.2311,62502.0037,-517145.0516,-437914.551,-454643.0479
5592000,2382.5769,14304.5917,61915.4697,-516589.9397,-437987.3014,-454674.47
5593000,2378.0062,14225.9751,62585.9222,-517355.7444,-438165.8409,-454769.82220000005
5594000,2378.7324,14290.5414,61926.2421,-516343.6762,-437748.1603,-454417.43409999995
5595000,2366.7986,14269.4215,61586.5541,-516271.8795,-438049.1053,-454685.3254
5596000,2333.8124,14319.4868,61768.7504,-516076.4255,-437654.3759,-454307.6751
5597000,2367.5025,14232.9286,61501.1418,-515902.4903,-437800.91740000003,-454401.3485
5598000,2402.3195,14318.6276,61502.3312,-515190.9708,-436967.6925,-453688.6396
5599000,2366.4097,14280.0773,61622.5462,-515212.7889,-436943.7557,-453590.2427
5600000,2382.2392,14273.5775,61891.8101,-516323.3616,-437775.7348,-454431.5515
5601000,2345.5935,14237.1465,61687.0277,-515163.3958,-436893.6281,-453476.3681
5602000,2371.1218,14275.4689,62238.8315,-516904.3642,-438018.94200000004,-454665.5327
5603000,2364.4489,14348.8136,61920.1494,-516512.5447,-437879.1328,-454592.39530000003
5604000,2367.0591,14265.8919,62147.4044,-516354.1416,-437573.7862,-454206.7372
5605000,2389.6128,14255.799,61841.052,-515991.5862,-437505.1224,-454150.5342
5606000,2351.3523,14285.4272,61293.7081,-515327.5078,-437397.0202,-454033.79970000003
5607000,2389.6204,14368.2247,61258.1429,-515755.5341,-437739.5461,-454497.3912
5608000,2405.3784,14269.0311,61607.037,-515638.4814,-437357.03489999997,-454031.4444
5609000,2384.9949,14313.4057,62024.6527,-516803.2903,-438080.23699999996,-454778.6376
5610000,2380.7099,14327.0211,62338.3261,-516406.2832,-437360.22609999997,-454067.9571
5611000,2452.7288,14279.9781,61755.4254,-515385.8171,-436897.6848,-453630.3917
5612000,2376.1075,14249.1349,61263.7173,-514558.3867,-436669.42699999997,-453294.66939999996
5613000,2406.523,14261.7487,61614.1745,-515491.3076,-437208.8614,-453877.1331
5614000,2363.3676,14191.19,61499.6036,-515948.4337,-437894.27249999996,-454448.8301
5615000,2346.5664,14298.0347,62346.5272,-516743.558,-437752.42970000004,-454397.0308
5616000,2384.1416,14277.2733,62203.2586,-516095.6737,-437231.0002,-453892.4151
5617000,2381.81,14277.1531,61776.6539,-515316.5276,-436880.91059999994,-453539.8737
5618000,2396.708,14261.6739,62492.6624,-517611.1789,-438460.1346,-455118.5165
5619000,2350.0432,14354.0264,62376.2178,-517366.3448,-438286.05740000005,-454990.12700000004
5620000,2394.0191,14216.8564,61419.0958,-515356.0078,-437326.03650000005,-453936.912
5621000,2379.8933,14254.2663,62415.7186,-516836.0984,-437786.2202,-454420.3798
5622000,2343.5029,14264.9105,62394.0129,-516407.9805,-437405.5542,-454013.9676
5623000,2365.7662,14366.932,61411.4507,-515797.6059,-437653.45700000005,-454386.15520000004
5624000,2401.8802,14272.9167,61761.7598,-516125.8806,-437689.32389999996,-454364.1208
5625000,2359.0289,14313.8439,61622.0248,-515425.4289,-437130.53130000003,-453803.4041
5626000,2358.8691,14298.7869,61982.5404,-516150.9543,-437510.75789999997,-454168.4139
5627000,2383.7733,14252.9289,61689.5152,-515734.6323,-437408.4149,-454045.1171
5628000,2436.7228,14275.641,61585.1604,-516118.7269,-437821.2027,-454533.5665
5629000,2341.9098,14256.8053,62227.0994,-516522.5286,-437696.7141,-454295.4292
5630000,2364.4369,14233.6752,62118.4178,-515724.1735,-437007.64359999995,-453605.7557
5631000,2356.2341,14311.2948,61319.4188,-515303.8037,-437316.85599999997,-453984.3849
5632000,2384.131,14255.5271,62115.44,-516820.7026,-438065.6045,-454705.2626
5633000,2363.7344,14238.0423,62014.7372,-516555.0659,-437938.55199999997,-454540.32869999995
5634000,2391.7445,14228.4959,61892.1194,-516218.6603,-437706.3005,-454326.54089999996
5635000,2350.7029,14106.8782,61892.0363,-515698.7674,-437349.15,-453806.73110000003
5636000,2388.8166,14208.8976,62094.0409,-516100.5527,-437408.7976,-454006.5118
5637000,2376.2671,14219.9769,61870.0879,-516504.0538,-438037.7219,-454633.9659
5638000,2369.4631,14237.9021,61801.6528,-516350.0599,-437941.04189999995,-454548.4071
5639000,2351.6414,14307.258,62029.5205,-516625.9815,-437937.5616,-454596.461
5640000,2384.2887,14304.5896,62080.2,-516395.6783,-437626.60000000003,-454315.4783
5641000,2360.4309,14295.5864,61943.7647,-516097.4197,-437497.6377,-454153.655
5642000,2389.4805,14281.5747,61874.8896,-515990.1195,-437444.1747,-454115.2299
5643000,2394.6484,14342.1849,62386.5002,-517469.6099,-438346.2764,-455083.1097
5644000,2363.0933,14212.5106,62588.1535,-517105.9494,-437942.192,-454517.79589999997
5645000,2397.5767,14283.8625,62049.2277,-517177.5561,-438446.8892,-455128.3284
5646000,2385.6258,14327.6896,62314.7664,-516741.078,-437712.9962,-454426.31159999996
5647000,2373.7709,14251.6975,62393.0938,-516708.5989,-437690.0367,-454315.50509999995
5648000,2370.9418,14287.6536,61708.3019,-516690.0516,-438323.1543,-454981.7497
5649000,2347.6359,14282.2864,62194.9736,-516538.0514,-437713.1555,-454343.07779999997
5650000,2389.3646,14363.1453,61796.9898,-515987.113,-437437.6133,-454190.12320000003
5651000,2403.9504,14223.1329,62667.5016,-516223.4267,-436928.8418,-453555.9251
5652000,2367.8703,14225.9338,62087.5694,-516468.3087,-437786.9352,-454380.7393
5653000,2365.6304,14368.2857,61991.328,-516389.6152,-437664.3711,-454398.2872
5654000,2380.8341,14102.4239,61987.069,-515512.1679,-437041.8409,-453525.0989
5655000,2369.5946,14302.3531,61617.3228,-515559.3453,-437270.0748,-453942.02249999996
5656000,2341.0776,14228.5201,62145.6603,-516304.0528,-437588.79480000003,-454158.3925
5657000,2403.5572,14273.1568,62043.7491,-516383.7926,-437663.3295,-454340.04349999997
5658000,2375.6065,14210.1285,62239.9755,-516381.6197,-437555.9092,-454141.6442
5659000,2356.4881,14238.1366,62279.9167,-516592.9682,-437718.4268,-454313.0515
5660000,2364.1668,14218.8381,62604.5515,-517464.4137,-438276.8573,-454859.8622
5661000,2367.967,14309.275,62071.8399,-516339.6447,-437590.5628,-454267.8048
5662000,2387.7635,14317.8674,62001.8277,-515792.0726,-437084.614,-453790.2449
5663000,2406.6651,14293.1511,62249.779,-516487.5141,-437537.91889999993,-454237.7351
5664000,2354.2012,14188.9871,62368.0604,-516420.0425,-437508.7938,-454051.98209999996
5665000,2372.8454,14209.5144,61534.7158,-515362.3946,-437245.319,-453827.6788
5666000,2407.1813,14233.2315,61908.7117,-515955.0311,-437405.9066,-454046.31940000004
5667000,2341.0405,14218.243,62466.7827,-517372.8387,-438346.7725,-454906.05600000004
5668000,2361.9924,14268.0341,61876.7608,-516238.4118,-437731.62450000003,-454361.651
5669000,2373.8602,14171.7566,61836.2237,-516368.6452,-437986.80470000004,-454532.42150000005
5670000,2360.0524,14204.5318,61924.3162,-515971.9378,-437483.03740000003,-454047.6216
5671000,2406.3399,14251.7244,61771.7872,-516095.6921,-437665.8406,-454323.90489999996
5672000,2356.6374,14320.461,61691.4916,-515681.9493,-437313.3593,-453990.45769999997
5673000,2368.2473,14310.3513,62150.8162,-517139.4657,-438310.05090000003,-454988.6495
5674000,2349.867,14243.6481,61561.0313,-515617.7188,-437463.1724,-454056.6875
5675000,2361.9277,14159.5962,61876.843,-515888.5206,-437490.1537,-454011.6776
5676000,2382.508,14220.8587,61645.6534,-515376.2736,-437127.2535,-453730.6202
5677000,2422.7842,14225.1713,61939.491,-515731.5376,-437144.09109999996,-453792.0466
5678000,2364.8212,14315.5864,62453.2452,-517097.6756,-437964.02280000004,-454644.4304
5679000,2343.6219,14214.9878,61867.6214,-516455.1935,-438028.96239999996,-454587.5721
5680000,2354.1841,14190.3336,62016.7127,-516465.5795,-437904.3491,-454448.8668
5681000,2371.9599,14303.5665,62214.6185,-516433.6312,-437543.4863,-454219.0127
5682000,2361.982,14357.1735,61556.4931,-515991.9383,-437716.28969999996,-454435.44519999996
5683000,2383.2884,14234.2728,62246.6157,-516076.838,-437212.66109999997,-453830.22229999996
5684000,2370.0454,14237.651,62421.402,-517351.3166,-438322.2182,-454929.9146
5685000,2360.465,14277.2121,62260.0136,-516334.8507,-437437.16000000003,-454074.8371
5686000,2370.5986,14230.9225,62378.116,-516911.0594,-437931.42230000003,-454532.94340000005
5687000,2394.2862,14282.4054,62442.7824,-517234.729,-438115.255,-454791.9466
5688000,2369.3524,14287.6568,62210.6089,-515990.0563,-437122.4382,-453779.4474
5689000,2395.9831,14211.7961,62067.8938,-516062.602,-437386.929,-453994.7082
5690000,2359.432,14264.7555,61913.7119,-515735.6151,-437197.7157,-453821.9032
5691000,2376.7277,14243.4843,61568.9962,-515250.5285,-437061.3203,-453681.5323
5692000,2389.4713,14252.985,62038.9263,-515741.9368,-437060.5542,-453703.01050000003
5693000,2381.5529,14174.8718,62012.7912,-515459.3909,-436890.175,-453446.5997
5694000,2367.4661,14246.689,62021.5475,-516143.0178,-437507.31519999995,-454121.4703
5695000,2351.4829,14281.6641,61691.9367,-515440.6507,-437115.567,-453748.714
5696000,2398.0907,14244.7151,61917.0245,-515885.6854,-437325.85510000004,-453968.6609
5697000,2382.0595,14239.5701,61799.1459,-515672.765,-437251.9895,-453873.6191
5698000,2347.7791,14196.4037,62146.5178,-516620.5282,-437929.82759999996,-454474.0104
5699000,2375.29,14167.692,61733.8379,-515702.2039,-437425.384,-453968.36600000004
5700000,2354.0329,14253.6765,61788.4562,-516463.401,-438067.2354,-454674.9448
5701000,2386.709,14227.9236,61918.8125,-515664.3482,-437130.9031,-453745.5357
5702000,2368.2108,14140.9048,62023.9007,-516519.5612,-437986.5449,-454495.6605
5703000,2374.1708,14314.0867,62117.1979,-516884.0365,-438078.58109999995,-454766.8386
5704000,2361.6312,14291.1855,62035.2665,-516326.6504,-437638.5672,-454291.3839
5705000,2349.8467,14233.1381,62537.402,-517033.7535,-437913.3667,-454496.3515
5706000,2379.8729,14157.7403,62256.2432,-515908.815,-437114.9586,-453652.57180000003
5707000,2385.5805,14289.5552,61557.537,-515635.9519,-437403.2792,-454078.4149
5708000,2336.8447,14230.9145,62117.6031,-516348.8215,-437663.45920000004,-454231.2184
5709000,2366.1788,14283.0232,62156.4539,-516064.5543,-437258.8984,-453908.1004
5710000,2370.4151,14223.248,62107.9162,-516101.9799,-437400.4006,-453994.0637
5711000,2378.6487,14361.1208,61549.8366,-516388.5347,-438098.9286,-454838.69810000004
5712000,2376.0528,14280.9296,61700.2997,-515584.9204,-437227.6383,-453884.62069999997
5713000,2391.229,14279.5349,61648.7303,-515771.2807,-437451.7865,-454122.5504
5714000,2379.7474,14237.4395,61951.0727,-516907.6083,-438339.34870000003,-454956.5356
5715000,2408.5773,14305.1181,61420.6552,-515499.9165,-437365.5659,-454079.2613
5716000,2372.3463,14157.3207,62540.8154,-516195.8224,-437125.33999999997,-453655.007
5717000,2368.5679,14242.1843,62011.7137,-516438.8419,-437816.376,-454427.1282
5718000,2378.977,14245.0697,61630.667,-516032.3228,-437777.6091,-454401.6558
5719000,2385.431,14252.4755,62010.929,-516062.6901,-437413.8546,-454051.7611
5720000,2376.0159,14221.0727,62243.0654,-516754.1145,-437913.96050000004,-454511.0491
5721000,2366.1442,14255.1239,62192.2198,-517052.4573,-438238.9694,-454860.2375
5722000,2416.2872,14263.5016,61877.9775,-515973.91,-437416.14369999996,-454095.9325
5723000,2371.7811,14221.943,61861.0807,-515449.0223,-436994.2175,-453587.9416
5724000,2370.0853,14279.5761,62228.178,-516418.2037,-437540.3643,-454190.0257
5725000,2383.0024,14355.9931,62154.3535,-516504.2832,-437610.9342,-454349.9297
5726000,2368.7825,14221.957,62095.5953,-516157.1349,-437470.8001,-454061.5396
5727000,2403.8294,14263.8354,62324.7729,-516521.8696,-437529.43189999997,-454197.0967
5728000,2399.2541,14353.0008,62092.2057,-516765.1763,-437920.7157,-454672.9706
5729000,2352.771,14274.8443,62353.6375,-515878.3408,-436897.088,-453524.7033
5730000,2386.9437,14320.2603,62143.4313,-516502.7755,-437652.1402,-454359.3442
5731000,2383.8882,14323.2701,62225.061,-516516.0548,-437583.8355,-454290.9938
5732000,2393.0761,14325.6042,62669.7238,-517791.4745,-438403.0704,-455121.75070000003
5733000,2409.4864,14372.0397,62280.7804,-517041.3751,-437979.0686,-454760.5947
5734000,2376.3518,14309.2004,62005.6218,-516742.4972,-438051.3232,-454736.87539999996
5735000,2386.3465,14305.9516,61997.3726,-516342.255,-437652.5843,-454344.8824
5736000,2379.5963,14266.9246,61949.5842,-516721.5236,-438125.4185,-454771.93940000003
5737000,2363.9931,14266.2469,61909.8829,-516083.4067,-437543.2838,-454173.52379999997
5738000,2383.5095,14254.6945,61706.203,-515384.0642,-437039.6572,-453677.86120000004
5739000,2392.7477,14336.3478,61897.6327,-515479.0112,-436852.283,-453581.3785
5740000,2371.524,14347.2932,61448.9533,-515067.5132,-436899.7427,-453618.5599
5741000,2381.1737,14258.8472,61932.4022,-515614.0183,-437041.5952,-453681.6161
5742000,2399.0439,14435.772,61848.6443,-516078.4589,-437394.9987,-454229.81460000004
5743000,2342.8878,14279.0687,61352.1352,-515468.7434,-437494.6517,-454116.60819999996
5744000,2370.1901,14412.0431,61879.5312,-516343.764,-437681.99960000004,-454464.2328
5745000,2414.5879,14326.6614,61782.3919,-516294.6392,-437770.99799999996,-454512.2473
5746000,2371.0824,14303.4863,62022.0465,-516203.4177,-437506.8025,-454181.3712
5747000,2381.0752,14295.7886,61872.7529,-515769.1302,-437219.5135,-453896.3773
5748000,2358.5114,14326.8049,61885.1684,-515968.9161,-437398.4314,-454083.74769999995
5749000,2383.927,14362.9011,62342.0118,-516707.4429,-437618.603,-454365.43110000005
5750000,2397.2611,14403.4676,61373.5252,-515453.1374,-437278.8835,-454079.61220000003
5751000,2379.6387,14261.1638,62047.1014,-516001.7075,-437313.8036,-453954.60610000003
5752000,2387.6967,14209.8694,61910.3018,-516093.5509,-437585.68299999996,-454183.24909999996
5753000,2381.4641,14293.1171,61791.2933,-516096.8266,-437630.9521,-454305.53329999995
5754000,2394.2631,14279.7508,61837.9614,-515989.1308,-437477.1555,-454151.1694
5755000,2384.9913,14289.993,61987.5266,-516045.8406,-437383.3297,-454058.314
5756000,2363.074,14276.0117,61769.0354,-515929.1609,-437521.0398,-454160.1255
5757000,2387.9382,14222.9775,62103.4657,-517092.7731,-438378.3917,-454989.3074
5758000,2368.8806,14265.2182,62040.4855,-516067.1976,-437392.6133,-454026.7121
5759000,2376.4387,14295.4747,62432.3545,-516722.4347,-437618.1668,-454290.08019999997
5760000,2377.5917,14321.9155,62189.8937,-517036.271,-438146.8701,-454846.3773
5761000,2374.2098,14289.4994,62536.8943,-516817.0255,-437616.422,-454280.1312
5762000,2369.0912,14239.5477,61656.2174,-515635.4694,-437370.6131,-453979.252
5763000,2381.9466,14294.9621,61796.6737,-515556.8934,-437083.311,-453760.2197
5764000,2358.0811,14287.5033,62016.0819,-516466.9327,-437805.2664,-454450.8508
5765000,2372.6501,14255.7882,61532.6827,-515455.7271,-437294.60610000003,-453923.0444
5766000,2387.4472,14437.9123,61493.6855,-515667.0293,-437347.9843,-454173.3438
5767000,2405.8943,14076.3752,61419.0884,-514666.4915,-436765.1336,-453247.4031
5768000,2411.2611,14295.2211,62253.8651,-516568.6861,-437608.33879999997,-454314.821
5769000,2427.3999,14273.1626,61667.6075,-515997.9302,-437629.7602,-454330.3227
5770000,2368.7281,14246.9349,62427.4786,-516987.2195,-437944.07790000003,-454559.7409
5771000,2430.7603,14200.6601,62062.4469,-516943.0773,-438249.21,-454880.6304
5772000,2392.1178,14260.1782,62434.6122,-516766.2374,-437679.3292,-454331.6252
5773000,2354.1826,14155.065,62032.0761,-516269.9471,-437728.6234,-454237.871
5774000,2352.8657,14260.2052,61867.2346,-516048.4611,-437568.1556,-454181.2265
5775000,2387.7142,14191.1549,61728.6566,-516197.7192,-437890.1935,-454469.0626
5776000,2377.5624,14252.9406,61924.8424,-516300.8109,-437745.4655,-454375.96849999996
5777000,2348.1222,14239.0591,61558.4214,-515959.1855,-437813.58280000003,-454400.76410000003
5778000,2386.5618,14264.3608,61946.4531,-516563.2771,-437965.9014,-454616.824
5779000,2389.0206,14285.1016,62056.8621,-516818.9909,-438088.00659999996,-454762.12879999995
5780000,2380.5798,14245.2878,61975.5036,-515768.6784,-437167.3072,-453793.1748
5781000,2379.1453,14356.9033,62300.1424,-516448.4383,-437412.2473,-454148.29589999997
5782000,2395.9117,14304.0454,62136.4192,-517005.9156,-438169.5393,-454869.4964
5783000,2426.0487,14382.7454,62042.135,-516688.2323,-437837.30319999997,-454646.09729999996
5784000,2393.6374,14294.7843,61830.7385,-516379.8834,-437860.7232,-454549.1449
5785000,2375.0889,14320.7576,61965.4105,-516382.9695,-437721.7125,-454417.559
5786000,2386.2328,14228.9424,62181.5961,-516512.6764,-437715.9051,-454331.0803
5787000,2347.0492,14149.991,62156.665,-516198.0455,-437544.34030000004,-454041.3805
5788000,2359.3316,14283.2325,62605.6013,-516549.4782,-437301.3128,-453943.87690000003
5789000,2372.806,14395.8864,61914.6622,-516017.9549,-437334.60030000005,-454103.2927
5790000,2383.471,14195.9762,62184.4863,-516903.5012,-438139.5677,-454719.0149
5791000,2374.649,14293.015,62120.7018,-516093.3255,-437304.9597,-453972.6237
5792000,2368.5362,14274.4255,62053.7031,-516558.4779,-437861.8131,-454504.7748
5793000,2369.4054,14236.2587,62588.7133,-517238.1058,-438043.7284,-454649.3925
5794000,2370.7097,14385.7913,62122.2301,-516492.1683,-437613.43720000004,-454369.93820000003
5795000,2397.5865,14262.1257,62456.0323,-516903.9667,-437788.22219999996,-454447.93439999997
5796000,2384.5182,14307.8095,61756.5536,-515715.6061,-437266.72479999997,-453959.0525
5797000,2377.3565,14371.6694,62287.4468,-516076.538,-437040.0653,-453789.0912
5798000,2386.4091,14240.202,62191.1473,-515433.6613,-436615.9029,-453242.51399999997
5799000,2381.9407,14349.7209,61668.3683,-515007.39,-436607.36010000005,-453339.02170000004
5800000,2382.0846,14276.5602,62053.0794,-516004.5135,-437292.7893,-453951.4341
5801000,2373.4857,14306.4884,62059.0177,-516106.6402,-437367.64840000006,-454047.62250000006
5802000,2377.9489,14247.8328,62110.0592,-516279.6058,-437543.7649,-454169.5466
5803000,2362.0667,14282.8593,61591.8307,-515853.4852,-437616.72849999997,-454261.6545
5804000,2378.2276,14261.0911,62167.3836,-516006.4435,-437199.7412,-453839.0599
5805000,2366.5747,14217.4506,61832.4962,-516030.6975,-437614.176,-454198.2013
5806000,2357.7984,14229.9769,61832.8576,-515912.0334,-437491.4005,-454079.1758
5807000,2383.1164,14343.0294,61633.7473,-515387.7411,-437027.848,-453753.9938
5808000,2337.7164,14246.7884,61740.069,-515526.3534,-437201.7796,-453786.2844
5809000,2424.7219,14223.3759,62818.938,-517019.0566,-437552.0208,-454200.1186
5810000,2397.9654,14391.2131,62489.4787,-516852.329,-437573.6718,-454362.85030000005
5811000,2352.9522,14207.6692,62019.3178,-516039.1329,-437459.19370000006,-454019.8151
5812000,2367.8,14283.7634,62019.3269,-516265.8351,-437594.94480000006,-454246.50820000004
5813000,2370.4431,14349.2032,61599.5686,-515293.7588,-436974.54390000005,-453694.1902
5814000,2377.7529,14259.028,62092.0819,-516765.3914,-438036.5286,-454673.30950000003
5815000,2384.6829,14358.3579,62107.181,-516331.8104,-437481.5886,-454224.62940000003
5816000,2358.7414,14274.445,62027.8518,-516588.6258,-437927.58759999997,-454560.774
5817000,2387.0391,14286.776,62005.107,-515798.7965,-437119.8744,-453793.6895
5818000,2378.8962,14247.2375,61813.6936,-515599.0344,-437159.2071,-453785.3408
5819000,2346.8595,14351.5795,61868.0569,-515846.65,-437280.15410000004,-453978.5931
5820000,2397.5079,14238.1547,62267.7296,-516607.7607,-437704.3685,-454340.03109999996
5821000,2382.3469,14257.4921,61890.0137,-516132.6896,-437602.8369,-454242.6759
5822000,2386.4077,14305.1226,61888.423,-516321.5319,-437741.5786,-454433.1089
5823000,2372.7339,14224.2056,61518.2663,-515864.3745,-437749.1687,-454346.10819999996
5824000,2402.3017,14323.9601,61921.4032,-516236.9205,-437589.25549999997,-454315.5173
5825000,2384.9321,14262.0695,61893.3747,-516207.4556,-437667.0793,-454314.0809
5826000,2369.9559,14307.6065,61596.7994,-516028.0661,-437753.7043,-454431.2667
5827000,2413.537,14330.3032,61572.9531,-515809.6859,-437492.8926,-454236.7328
5828000,2389.9973,14252.9974,61874.8148,-516204.2963,-437686.48679999996,-454329.4815
5829000,2364.9297,14300.3226,62368.2959,-516763.3564,-437729.80819999997,-454395.0605
5830000,2367.7517,14311.4773,62249.3201,-516274.4452,-437345.8961,-454025.1251
5831000,2363.9056,14271.19,61588.8364,-515708.2594,-437484.32739999995,-454119.42299999995
5832000,2358.8886,14218.7362,62040.4436,-516519.6228,-437901.5544,-454479.1792
5833000,2404.2511,14301.8478,61759.1378,-516057.0531,-437591.8164,-454297.9153
5834000,2401.8842,14296.7923,62079.1984,-515963.7508,-437185.8759,-453884.5524
5835000,2407.6272,14301.8101,61713.9028,-516210.8361,-437787.49600000004,-454496.93330000003
5836000,2352.7347,14122.7082,61916.9922,-515915.3426,-437522.9075,-453998.3504
5837000,2361.7539,14208.2783,62005.1501,-515804.5243,-437229.342,-453799.37419999996
5838000,2380.6567,14221.478,61814.1607,-515600.664,-437184.3686,-453786.5033
5839000,2380.1793,14298.5788,62035.2935,-516280.6668,-437566.6152,-454245.3733
5840000,2359.2528,14292.2841,61654.6772,-516218.0648,-437911.8507,-454563.3876
5841000,2339.5399,14299.3879,61577.2587,-515314.7573,-437098.5708,-453737.4986
5842000,2392.335,14278.4298,61733.7038,-515811.437,-437406.96839999995,-454077.73319999996
5843000,2370.4563,14341.6793,61820.459,-515783.5624,-437250.9678,-453963.1034
5844000,2374.8128,14362.5923,61942.5533,-515912.4842,-437232.5258,-453969.93090000004
5845000,2346.2309,14256.6365,61824.3829,-516147.3566,-437720.1063,-454322.9737
5846000,2356.3175,14251.5475,62057.9175,-516515.6636,-437849.8811,-454457.74610000005
5847000,2354.8743,14219.659,62237.5419,-516210.7282,-437398.65300000005,-453973.1863
5848000,2364.3818,14255.2504,62349.9408,-516741.4465,-437771.8735,-454391.50570000004
5849000,2382.5264,14245.1033,61801.7432,-515948.4975,-437519.1246,-454146.75430000003
5850000,2385.6619,14390.8675,62144.931,-516651.402,-437729.9416,-454506.471
5851000,2374.6565,14310.1753,61724.273,-515851.768,-437442.66319999995,-454127.495
5852000,2376.8548,14294.29,62512.5791,-517228.3312,-438044.60730000003,-454715.75210000004
5853000,2400.5837,14354.1443,61990.5801,-516288.5063,-437543.1982,-454297.9262
5854000,2387.4887,14297.3371,61456.0007,-515622.7835,-437481.95700000005,-454166.78280000004
5855000,2422.6244,14323.9615,62460.6205,-516802.8606,-437595.6542,-454342.2401
5856000,2394.991,14285.2221,61766.7619,-516265.4761,-437818.5011,-454498.71420000005
5857000,2372.1294,14315.4815,61844.15,-515951.1028,-437419.3419,-454106.95279999997
5858000,2392.2967,14365.1234,62769.6203,-516841.6465,-437314.6061,-454072.02619999996
5859000,2427.7476,14271.5525,62274.1354,-516513.956,-437540.5205,-454239.8206
5860000,2418.7891,14251.4438,61800.6035,-516513.0066,-438042.17020000005,-454712.4031
5861000,2369.944,14369.6906,61232.1947,-515305.3428,-437333.5135,-454073.1481
5862000,2355.7083,14277.693,62426.0836,-516793.5704,-437734.08550000004,-454367.4868
5863000,2349.4935,14169.3861,62713.3953,-516996.5608,-437764.2859,-454283.1655
5864000,2366.2043,14275.5806,62660.4737,-517340.3626,-438038.104,-454679.8889
5865000,2382.6157,14287.9532,62386.1338,-516000.3869,-436943.6842,-453614.2531
5866000,2378.9335,14271.7274,62051.6725,-516468.4027,-437766.0693,-454416.7302
5867000,2347.221,14238.8397,61817.1015,-514767.6168,-436364.45460000006,-452950.5153
5868000,2391.7317,14418.936,61496.8381,-515030.018,-436722.5122,-453533.1799
5869000,2394.2469,14264.1447,61921.3872,-516060.648,-437480.86919999996,-454139.2608
5870000,2400.6932,14269.1585,61337.6403,-514916.8016,-436909.30960000004,-453579.16130000004
5871000,2401.3699,14268.8142,61746.627,-515286.0569,-436869.24580000003,-453539.42990000005
5872000,2393.8624,14239.3313,61908.7842,-516024.6621,-437482.6842,-454115.8779
5873000,2381.417,14244.4564,61924.5502,-516323.9608,-437773.5372,-454399.4106
5874000,2380.8942,14201.0893,61870.6635,-516355.5409,-437902.8939,-454484.8774
5875000,2332.5553,14251.372,61845.6371,-516115.6921,-437686.12769999995,-454270.055
5876000,2409.4068,14348.2863,61546.1182,-515693.8531,-437390.0418,-454147.73490000004
5877000,2369.5212,14266.2568,62058.8101,-515991.4289,-437296.8408,-453932.6188
5878000,2344.106,14277.4482,61899.4375,-515816.9811,-437295.98939999996,-453917.5436
5879000,2393.3768,14299.4622,61687.5873,-515698.2493,-437317.82300000003,-454010.662
5880000,2361.0487,14196.2493,61744.9842,-515610.7513,-437308.4691,-453865.7671
5881000,2389.3649,14282.3578,62002.3625,-516161.4624,-437487.3772,-454159.09990000003
5882000,2345.7148,14200.345,61689.2906,-514746.5314,-436511.181,-453057.24079999997
5883000,2385.1184,14318.7471,62012.9851,-515971.0908,-437254.2402,-453958.1057
5884000,2419.0417,14216.8234,61590.2403,-515583.3032,-437357.1978,-453993.0629
5885000,2338.5333,14280.9095,62143.2847,-516590.5363,-437827.8088,-454447.25159999996
5886000,2365.2946,14290.5908,61834.353,-516523.347,-438033.10860000004,-454688.994
5887000,2385.7881,14254.4931,62939.4598,-517816.4544,-438236.7134,-454876.9946
5888000,2369.328,14285.5204,62371.7459,-517272.0237,-438245.4294,-454900.27780000004
5889000,2376.2865,14341.1843,61498.1445,-515949.1169,-437733.5016,-454450.9724
5890000,2389.6426,14248.594,62035.2105,-516205.4904,-437532.0433,-454170.2799
5891000,2345.2372,14161.366,62184.736,-516412.0646,-437720.7254,-454227.3286
5892000,2401.5276,14180.6012,61932.61,-516299.7405,-437785.0017,-454367.1305
5893000,2359.925,14249.7865,62340.8934,-515999.1697,-437048.56480000005,-453658.2763
5894000,2376.2685,14256.986,61624.5284,-515702.0079,-437444.22500000003,-454077.4795
5895000,2354.9076,14252.7534,61384.0856,-515624.8497,-437633.1031,-454240.76410000003
5896000,2384.3826,14250.1415,61645.0475,-515948.443,-437668.87140000006,-454303.39550000004
5897000,2346.5813,14259.2378,61813.2043,-516568.3802,-438149.3568,-454755.17590000003
5898000,2384.4619,14246.2538,61681.7229,-515207.6199,-436895.1813,-453525.897
5899000,2383.0078,14302.7337,62568.1728,-516598.6714,-437344.7571,-454030.4986
5900000,2377.1257,14340.9431,62064.1522,-515976.0048,-437193.7838,-453911.8526
5901000,2354.0298,14275.8869,61581.5071,-515828.5876,-437617.16380000004,-454247.08050000004
5902000,2374.57,14445.9396,62399.7215,-516903.2716,-437683.0405,-454503.5501
5903000,2371.4619,14313.7733,62107.6144,-516787.4575,-437994.6079,-454679.8431
5904000,2394.6372,14318.3895,61518.4571,-515551.3516,-437319.8678,-454032.8945
5905000,2377.0784,14337.0303,62106.5847,-516400.1719,-437579.4785,-454293.5872
5906000,2377.479,14299.616,61992.2063,-516052.4807,-437383.1794,-454060.2744
5907000,2361.2252,14209.2098,62230.3059,-516217.5382,-437416.7973,-453987.23230000003
5908000,2378.0778,14205.6404,62517.006,-517685.2084,-438584.4842,-455168.2024
5909000,2382.0203,14278.265,61867.9833,-516206.7191,-437678.4505,-454338.73579999997
5910000,2397.9519,14387.7256,62136.7043,-516289.9191,-437367.53729999997,-454153.2148
5911000,2375.7193,14453.6078,62204.8314,-516483.4588,-437449.3003,-454278.6274
5912000,2408.3053,14230.9334,62137.0779,-516659.5521,-437883.23549999995,-454522.4742
5913000,2383.3983,14290.4231,62039.7133,-515913.2245,-437199.6898,-453873.5112
5914000,2345.4004,14281.7963,61636.6081,-515475.5086,-437211.7038,-453838.9005
5915000,2389.1646,14401.6481,62135.8414,-515949.6727,-437023.0186,-453813.8313
5916000,2379.1186,14300.3027,62005.1369,-515644.8487,-436960.2905,-453639.7118
5917000,2384.5471,14330.6322,61984.0478,-516297.5122,-437598.2851,-454313.4644
5918000,2372.9847,14260.5464,62236.2776,-516208.8377,-437339.029,-453972.5601
5919000,2354.4616,14179.8997,61694.9206,-516309.7284,-438080.4465,-454614.8078
5920000,2388.2771,14263.6571,62118.5304,-516498.8103,-437728.3457,-454380.2799
5921000,2345.151,14194.6958,61892.2136,-516500.0201,-438067.9597,-454607.8065
5922000,2345.2131,14254.075,61878.2111,-516538.7901,-438061.29089999996,-454660.57899999997
5923000,2374.5156,14195.7262,61898.8919,-516157.5157,-437688.382,-454258.6238
5924000,2387.8752,14277.4919,62183.1956,-516540.6131,-437692.0504,-454357.41750000004
5925000,2388.6444,14308.6573,61789.5223,-516192.2852,-437705.4612,-454402.7629
5926000,2372.5408,14349.7568,62391.4662,-517480.0911,-438366.3273,-455088.6249
5927000,2354.1144,14384.6858,61575.8964,-516120.0027,-437805.30610000005,-454544.1063
5928000,2361.5546,14258.6401,61674.3295,-516241.0366,-437946.5124,-454566.7071
5929000,2367.774,14261.3556,61898.1874,-516144.3609,-437617.04390000005,-454246.17350000003
5930000,2365.034,14303.2844,62411.4386,-516622.4327,-437542.6757,-454210.9941
5931000,2348.013,14383.4575,61780.3862,-516417.1882,-437905.3315,-454636.80199999997
5932000,2379.0712,14274.6675,62152.8181,-516938.4551,-438131.8983,-454785.63700000005
5933000,2349.1098,14353.8411,62017.257,-516399.5322,-437679.32430000004,-454382.27520000003
5934000,2365.0814,14296.6785,61686.9307,-515923.5751,-437574.88450000004,-454236.6444
5935000,2354.3349,14307.6762,62046.2233,-515524.9568,-436816.72239999997,-453478.7335
5936000,2401.6627,14239.996,62035.832,-516464.2791,-437786.78839999996,-454428.4471
5937000,2362.1906,14239.1435,61808.6531,-516013.8725,-437603.88529999997,-454205.2194
5938000,2381.4328,14240.0707,61777.9212,-516239.6436,-437840.2189,-454461.7224
5939000,2377.5092,14249.5306,61322.0206,-515383.1906,-437434.13019999996,-454061.17
5940000,2380.3047,14247.9123,61757.8634,-515791.718,-437405.6376,-454033.85459999996
5941000,2383.2503,14353.0681,62408.8624,-516246.3402,-437101.1594,-453837.4778
5942000,2374.0486,14273.5945,62227.273,-516852.0038,-437977.08770000003,-454624.7308
5943000,2354.8869,14290.8226,61817.9933,-515616.7089,-437153.0061,-453798.7156
5944000,2435.9656,14333.2403,61871.5702,-515656.4413,-437015.6652,-453784.8711
5945000,2362.7894,14281.8739,61792.9994,-515709.1162,-437271.4535,-453916.11679999996
5946000,2333.6834,14298.0683,61456.6804,-514800.872,-436712.4399,-453344.19159999996
5947000,2367.5296,14384.6367,61971.0436,-516533.2131,-437810.00320000004,-454562.1695
5948000,2394.034,14274.5379,61749.4578,-515815.6293,-437397.59959999996,-454066.1715
5949000,2364.9328,14316.0464,62149.2556,-516754.8415,-437924.6067,-454605.5859
5950000,2378.3728,14320.1915,62158.1125,-516344.2916,-437487.6148,-454186.1791
5951000,2369.9152,14330.9391,61338.6814,-515294.0269,-437254.4912,-453955.3455
5952000,2402.0104,14280.0189,62606.0148,-516871.6759,-437583.6318,-454265.66109999997
5953000,2397.3841,14412.5962,61858.1054,-516100.8167,-437432.731,-454242.7113
5954000,2406.0697,14315.0611,62277.5613,-516480.7197,-437482.02760000003,-454203.1584
5955000,2374.2915,14333.3697,62254.4474,-516608.4445,-437646.3359,-454353.9971
5956000,2359.4604,14321.3404,62012.704,-516087.1593,-437393.6545,-454074.45530000003
5957000,2359.0444,14354.6823,61515.7914,-515907.3871,-437677.869,-454391.5957
5958000,2368.9462,14254.7314,61528.9802,-515704.2733,-437551.6155,-454175.2931
5959000,2410.6519,14342.8401,62533.9961,-516782.1986,-437494.71050000004,-454248.2025
5960000,2368.0769,14312.7507,61421.4687,-515477.3242,-437375.0279,-454055.85549999995
5961000,2402.9825,14305.6899,61877.3042,-516098.9743,-437512.9977,-454221.6701
5962000,2405.2946,14351.2159,61520.4878,-515347.1573,-437070.159,-453826.6695
5963000,2343.66,14194.2998,62504.4475,-517038.3494,-437995.9421,-454533.9019
5964000,2357.9857,14247.2402,61651.0672,-515974.715,-437718.4219,-454323.64780000004
5965000,2391.8705,14330.1883,62423.6142,-517244.0379,-438098.3649,-454820.4237
5966000,2374.866,14290.8345,62585.0627,-517424.435,-438173.6718,-454839.3723
5967000,2366.3883,14317.0797,62156.829,-517047.5127,-438207.21570000006,-454890.68370000005
5968000,2393.6665,14216.1141,61793.9514,-515913.2146,-437509.4826,-454119.2632
5969000,2386.8732,14283.6054,61626.6328,-515391.8709,-437094.7595,-453765.23809999996
5970000,2400.7526,14271.0352,62267.5519,-516495.0741,-437555.7344,-454227.5222
5971000,2369.1914,14320.1567,62273.1768,-516980.0518,-438017.5269,-454706.875
5972000,2343.3119,14281.6945,61614.1808,-515886.4475,-437647.2603,-454272.26670000004
5973000,2398.89,14365.0166,61817.1953,-516207.7829,-437626.681,-454390.58759999997
5974000,2380.471,14327.7941,62089.6664,-516529.4824,-437731.5509,-454439.816
5975000,2394.5866,14300.0718,61859.7485,-516122.6301,-437568.2232,-454262.8816
5976000,2361.7708,14309.4503,62249.8515,-516684.0753,-437763.0027,-454434.22380000004
5977000,2394.562,14191.564,62093.9326,-515804.7284,-437124.66980000003,-453710.7958
5978000,2396.7835,14322.3667,62020.3154,-516383.3743,-437643.9087,-454363.0589
5979000,2373.1394,14225.8142,62455.3034,-516367.354,-437313.097,-453912.0506
5980000,2374.1802,14284.3118,61612.9143,-516080.1895,-437808.78319999995,-454467.2752
5981000,2365.9954,14334.7097,61854.1688,-515586.3561,-437031.48219999997,-453732.1873
5982000,2360.0207,14303.2726,62121.3946,-516306.5022,-437521.81429999997,-454185.1076
5983000,2354.8824,14359.884,62304.3956,-516781.4238,-437762.2618,-454477.0282
5984000,2345.7423,14249.4336,61929.0463,-515388.3805,-436864.1583,-453459.33420000004
5985000,2396.8669,14373.0967,62096.0844,-516415.277,-437549.229,-454319.1926
5986000,2382.1602,14274.9987,61695.9238,-515087.1635,-436734.0808,-453391.23970000003
5987000,2374.0961,14248.7947,61928.8535,-515959.4295,-437407.68520000007,-454030.576
5988000,2376.7071,14357.2663,62115.3839,-516558.5652,-437709.20790000004,-454443.1813
5989000,2415.9197,14286.2965,61955.1498,-516921.5822,-438264.2162,-454966.4324
5990000,2407.2522,14268.7677,61768.3762,-516321.9659,-437877.5698,-454553.5897
5991000,2359.1287,14206.2086,62145.8567,-516501.7211,-437790.52710000006,-454355.8644
5992000,2408.8182,14388.8247,62173.0865,-516775.548,-437804.8186,-454602.46150000003
5993000,2382.8324,14283.5244,61237.3675,-515717.2356,-437813.5113,-454479.8681
5994000,2401.2994,14310.4262,61776.1488,-515633.4167,-437145.5423,-453857.2679
5995000,2384.4047,14249.2736,61879.0217,-516430.358,-437917.658,-454551.3363
5996000,2376.2435,14345.7176,61761.7184,-516374.9548,-437891.2753,-454613.2364
5997000,2365.1798,14232.7315,62461.4102,-517188.9051,-438129.5836,-454727.4949
5998000,2366.0722,14253.7385,61785.7094,-516235.6397,-437830.1196,-454449.9303
5999000,2382.5829,14172.4785,61791.8497,-515359.9411,-437013.03,-453568.0914
6000000,2386.3069,14248.6367,62001.0745,-515761.2641,-437125.246,-453760.1896
6001000,2380.5938,14274.7658,61659.3025,-515619.8055,-437305.1434,-453960.503
6002000,2355.7252,14297.4299,61355.7284,-515679.6132,-437670.7297,-454323.8848
6003000,2396.0803,14332.7278,61953.119,-516038.2189,-437356.2918,-454085.0999
6004000,2364.6688,14237.2313,62305.0322,-517333.5866,-438426.6543,-455028.55439999996
6005000,2376.0137,14230.7447,61802.8383,-515900.0816,-437490.4849,-454097.2433
6006000,2349.1729,14236.5365,62062.9112,-515773.0066,-437124.38600000006,-453710.0954
6007000,2393.0799,14179.6133,61615.6536,-514979.6454,-436791.2986,-453363.99179999996
6008000,2356.6007,14219.6455,61303.3368,-515105.4047,-437225.82170000003,-453802.0679
6009000,2378.8384,14354.3421,62268.904,-516630.7979,-437628.7134,-454361.8939
6010000,2388.0796,14295.1486,61905.9829,-516239.5571,-437650.34599999996,-454333.5742
6011000,2374.9305,14303.7202,61333.0086,-515253.4307,-437241.7714,-453920.4221
6012000,2394.354,14290.2628,62271.3822,-516959.463,-438003.464,-454688.0808
6013000,2353.1047,14177.9808,62113.7115,-516641.5346,-437996.7376,-454527.82310000004
6014000,2379.5554,14248.8555,62188.8873,-516707.2677,-437889.9695,-454518.3804
6015000,2389.1684,14295.9175,62022.1846,-515987.9208,-437280.65030000004,-453965.73620000004
6016000,2377.8799,14124.7592,61913.1701,-515679.6328,-437263.8236,-453766.46270000003
6017000,2370.4163,14337.7436,61784.5041,-515533.4407,-437040.7767,-453748.93659999996
6018000,2361.203,14363.7892,62050.9075,-515734.2592,-436958.35949999996,-453683.3517
6019000,2384.4727,14303.0779,61484.1043,-515548.8593,-437377.20440000005,-454064.755
6020000,2395.9115,14374.8421,61799.2948,-515808.1719,-437238.1235,-454008.87710000004
6021000,2377.4706,14230.3225,62308.8968,-516258.3467,-437341.6568,-453949.4499
6022000,2356.069,14331.7314,62350.7055,-516356.7437,-437318.2378,-454006.0382
6023000,2381.3308,14318.716,62202.1251,-515898.1763,-436996.0044,-453696.0512
6024000,2360.925,14255.6913,61914.5255,-515807.7375,-437276.59569999995,-453893.212
6025000,2353.3656,14303.9265,61525.9638,-515440.0884,-437256.8325,-453914.1246
6026000,2356.3804,14281.8547,62125.1221,-516340.9749,-437577.61769999994,-454215.8528
6027000,2337.3037,14286.8963,62038.4903,-516004.9402,-437342.2499,-453966.4499
6028000,2366.9017,14409.5645,61679.8003,-515728.4161,-437272.1496,-454048.61579999997
6029000,2365.4323,14240.6668,61892.1107,-515941.1327,-437442.9229,-454049.022
6030000,2364.116,14329.1268,62457.9731,-516939.5006,-437788.2847,-454481.5275
6031000,2357.2704,14274.2932,61720.9628,-516163.1517,-437810.62529999996,-454442.1889
6032000,2393.6133,14302.3189,61996.6183,-516673.7453,-437981.1948,-454677.127
6033000,2370.4139,14262.3687,62099.4819,-516147.4269,-437415.16240000003,-454047.945
6034000,2352.3572,14150.6575,62128.0207,-516614.4801,-437983.4447,-454486.4594
6035000,2349.5736,14370.5095,61987.8654,-515917.1326,-437209.1841,-453929.2672
6036000,2330.5623,14179.7218,61822.6924,-515885.3817,-437552.40520000004,-454062.6893
6037000,2409.6758,14378.3656,61960.4111,-516455.2517,-437706.7992,-454494.8406
6038000,2392.5472,14338.8909,61972.628,-516736.9196,-438032.8535,-454764.2916
6039000,2388.0081,14347.0154,61780.4319,-516075.0414,-437559.586,-454294.60949999996
6040000,2385.4955,14239.3801,61639.8796,-515686.665,-437421.90979999996,-454046.7854
6041000,2385.4119,14304.225,62111.9419,-516604.4712,-437802.8924,-454492.52930000005
6042000,2352.7964,14249.7216,61789.0794,-515736.7226,-437345.1252,-453947.6432
6043000,2365.2927,14236.6601,62222.9769,-516612.6323,-437787.70259999996,-454389.6554
6044000,2395.3894,14224.649,62015.1104,-516013.5669,-437378.4181,-453998.4565
6045000,2344.9687,14215.6165,61761.7394,-515869.1193,-437546.7947,-454107.3799
6046000,2384.7795,14233.5989,62099.4648,-515600.4117,-436882.5685,-453500.9469
6047000,2382.7196,14279.3202,61993.6771,-516553.1606,-437897.4437,-454559.4835
6048000,2395.138,14278.749,62052.8606,-515502.6468,-436775.8992,-453449.7862
6049000,2402.9423,14353.8646,61824.4564,-515579.9792,-436998.7159,-453755.5228
6050000,2365.5983,14187.5451,61702.8524,-515235.1822,-436979.1864,-453532.32979999995
6051000,2418.7722,14458.8748,61932.1439,-516045.3751,-437235.5842,-454113.2312
6052000,2355.9483,14316.8307,62206.8229,-515778.2725,-436898.6706,-453571.44960000005
6053000,2374.8031,14194.6372,61796.6724,-516120.2176,-437754.1049,-454323.5452
6054000,2396.0248,14302.0143,61944.2114,-516102.6848,-437460.43429999996,-454158.4734
6055000,2372.7075,14328.4156,62007.088,-516473.067,-437764.85589999997,-454465.979
6056000,2365.9969,14237.9145,61897.5662,-516407.4211,-437905.9435,-454509.8549
6057000,2385.7867,14379.1414,62224.2209,-516203.4366,-437214.28760000004,-453979.2157
6058000,2374.4908,14274.118,62485.3425,-516777.5338,-437643.58249999996,-454292.19129999995
6059000,2367.8604,14338.7871,62254.317,-517041.249,-438080.2845,-454786.93200000003
6060000,2371.6408,14250.4917,62379.8429,-517336.0522,-438334.0768,-454956.2093
6061000,2368.3244,14351.2835,61782.291,-515558.0548,-437056.1559,-453775.76379999996
6062000,2349.7955,14371.6483,61856.6115,-515875.5225,-437297.4672,-454018.911
6063000,2367.5065,14305.7984,62488.068,-516986.4057,-437825.0328,-454498.33770000003
6064000,2401.7353,14367.079,61803.8208,-516368.0644,-437795.42929999996,-454564.2436
6065000,2366.6367,14404.6026,62091.8001,-516846.9151,-437983.8757,-454755.115
6066000,2373.1585,14221.9208,61802.0054,-515800.0202,-437402.9355,-453998.0148
6067000,2356.6362,14298.7094,62000.9161,-515891.7987,-437235.537,-453890.8826
6068000,2369.9143,14405.2915,62083.2628,-516400.1626,-437541.694,-454316.8998
6069000,2354.8216,14246.9538,61711.3792,-515428.0383,-437114.8837,-453716.6591
6070000,2368.4509,14366.1286,61689.6812,-516170.2219,-437745.9612,-454480.5407
6071000,2341.8113,14196.1268,62532.8193,-517331.994,-438261.2366,-454799.1747
6072000,2377.2245,14320.6534,62634.9519,-516828.7739,-437495.94409999996,-454193.822
6073000,2379.7477,14250.6443,62274.7307,-515708.6756,-436803.5529,-453433.9449
6074000,2366.843,14304.6012,61943.4101,-515709.7256,-437094.8713,-453766.3155
6075000,2367.8249,14169.5411,62040.0922,-516080.0328,-437502.5746,-454039.9406
6076000,2386.9356,14374.3767,62321.7388,-516552.2066,-437469.1555,-454230.4678
6077000,2381.2284,14294.1484,62002.7034,-516351.0292,-437672.949,-454348.3258
6078000,2350.1288,14277.0811,61973.047,-515962.8473,-437362.59040000004,-453989.8003
6079000,2349.3618,14257.5855,62313.2112,-517292.2609,-438372.1024,-454979.0497
6080000,2378.8831,14198.3093,62267.4185,-516416.121,-437571.51009999996,-454148.7025
6081000,2382.96,14219.6724,61869.9961,-516064.9442,-437592.31570000004,-454194.94810000004
6082000,2330.3444,14327.4762,61482.9755,-515840.9283,-437700.1322,-454357.9528
6083000,2395.8146,14165.577,61982.7964,-516253.9439,-437709.7559,-454271.1475
6084000,2375.0396,14333.3917,62140.3249,-516516.6338,-437667.8776,-454376.3089
6085000,2360.0445,14334.6799,61974.432,-516652.8618,-437983.7054,-454678.42980000004
6086000,2368.1522,14204.3195,61988.7091,-516624.2804,-438063.09959999996,-454635.5713
6087000,2377.7522,14326.5244,61849.3052,-516225.0707,-437671.4889,-454375.7655
6088000,2422.2026,14363.8068,61700.9034,-515983.9926,-437497.0798,-454283.0892
6089000,2397.1838,14354.9151,61914.7112,-516118.7424,-437451.9323,-454204.03119999997
6090000,2375.9104,14201.4753,61719.8702,-515858.0193,-437560.7634,-454138.1491
6091000,2363.0125,14293.6984,61495.5117,-514963.0964,-436810.87379999994,-453467.5847
6092000,2386.0231,14329.157,62173.7403,-515781.046,-436892.12559999997,-453607.30569999997
6093000,2382.329,14313.341,61971.3126,-516641.8667,-437974.8841,-454670.5541
6094000,2392.168,14334.1571,62021.5773,-516827.4265,-438079.52410000004,-454805.8492
6095000,2356.8,14300.7513,61951.0476,-516578.8598,-437970.2609,-454627.8122
6096000,2381.647,14301.3607,61502.1494,-515913.7004,-437728.54329999996,-454411.551
6097000,2353.702,14339.2769,62412.8917,-517422.5782,-438316.70759999997,-455009.6865
6098000,2350.7419,14331.4566,62045.1538,-516069.2143,-437341.86199999996,-454024.0605
6099000,2395.7569,14349.2364,62039.3504,-516372.073,-437587.7293,-454332.7226
6100000,2362.5008,14367.0513,61650.9811,-515515.0429,-437134.5097,-453864.0618
6101000,2371.1462,14254.9677,61791.9993,-515927.3721,-437509.25889999996,-454135.37279999995
6102000,2374.1801,14365.4257,62341.2322,-516585.7038,-437504.8658,-454244.47160000005
6103000,2366.2291,14325.6865,61441.0479,-515608.4987,-437475.5352,-454167.4508
6104000,2381.9201,14326.8145,61461.4914,-515380.6948,-437210.46880000003,-453919.2034
6105000,2359.7567,14318.341,61739.5545,-515377.2429,-436959.5907,-453637.6884
6106000,2368.7059,14290.3231,61602.808,-515833.8292,-437571.9922,-454231.02119999996
6107000,2354.6863,14315.9328,61545.9616,-515593.0522,-437376.4715,-454047.0906
6108000,2395.9611,14278.7627,62529.1758,-517157.5737,-437953.6741,-454628.3979
6109000,2357.8046,14190.797,62546.3333,-516934.1535,-437839.2186,-454387.8202
6110000,2372.1482,14286.0511,62054.5908,-516193.5541,-437480.764,-454138.9633
6111000,2398.5895,14345.2758,62203.9829,-516373.3225,-437425.4743,-454169.3396
6112000,2408.0319,14350.16,62171.3654,-515929.4223,-436999.865,-453758.05689999997
6113000,2358.9396,14344.1185,61908.8672,-516202.378,-437590.4527,-454293.51080000005
6114000,2384.76,14382.3757,62303.1637,-516480.9646,-437410.66520000005,-454177.80090000003
6115000,2363.1565,14389.0233,61633.2655,-515943.3526,-437557.90729999996,-454310.0871
6116000,2370.9779,14424.934,62159.0464,-516091.7345,-437136.7762,-453932.6881
6117000,2397.8295,14312.7716,62184.1106,-516510.9336,-437616.2219,-454326.823
6118000,2377.9575,14306.5312,61745.1613,-516394.907,-437965.257,-454649.7457
6119000,2398.7633,14345.4027,62242.7438,-516803.8374,-437816.92760000005,-454561.0936
6120000,2359.1411,14259.8885,62054.2749,-515823.7069,-437150.4024,-453769.432
6121000,2342.9662,14213.3646,62328.0287,-516698.4065,-437814.04699999996,-454370.37779999996
6122000,2369.7448,14209.273,62020.252,-515961.3301,-437362.0603,-453941.07810000004
6123000,2364.8785,14358.0834,61856.9715,-516190.943,-437611.00960000005,-454333.97150000004
6124000,2403.4543,14322.8416,61612.0691,-515154.2017,-436815.8367,-453542.13259999995
6125000,2384.7758,14331.7871,61750.3405,-515638.6233,-437171.71989999997,-453888.2828
6126000,2390.304,14271.1513,61687.2739,-515981.7642,-437633.035,-454294.49029999995
6127000,2379.2798,14289.3699,61235.8785,-515514.7126,-437610.1844,-454278.83410000004
6128000,2345.4832,14282.3524,61913.3207,-516566.0982,-438024.9419,-454652.7775
6129000,2371.8945,14306.6822,61972.0764,-516111.723,-437461.0699,-454139.6466
6130000,2377.5083,14356.9927,61947.4299,-516331.4585,-437649.52760000003,-454384.0286
6131000,2368.0952,14350.058,61821.7128,-516094.7493,-437554.8833,-454273.03650000005
6132000,2367.533,14293.4399,61478.2173,-515730.9141,-437591.7239,-454252.6968
6133000,2382.621,14319.717,61682.2288,-516158.643,-437774.0762,-454476.4142
6134000,2361.3607,14293.4703,61917.8359,-517018.6321,-438445.9652,-455100.7962
6135000,2386.0903,14324.5792,62006.9736,-516196.045,-437478.4019,-454189.0714
6136000,2370.8956,14247.9618,62138.7228,-516223.1485,-437465.56830000004,-454084.4257
6137000,2384.5562,14382.38,61496.5969,-516135.2075,-437871.6744,-454638.6106
6138000,2355.2955,14240.5397,62803.6953,-517685.5837,-438286.0532,-454881.8884
6139000,2361.8422,14271.737,61780.4777,-516475.4172,-438061.36030000006,-454694.93950000004
6140000,2394.1592,14360.9695,61746.7476,-516409.8797,-437908.0034,-454663.1321
6141000,2382.5004,14277.3251,62204.8483,-516158.5988,-437293.925,-453953.75049999997
6142000,2383.4831,14309.833,62175.115,-516529.0265,-437660.5954,-454353.9115
6143000,2373.874,14334.3432,61967.6642,-516808.3567,-438132.4753,-454840.6925
6144000,2379.4093,14336.1491,62184.1558,-517422.7153,-438523.0011,-455238.5595
6145000,2349.4506,14334.1373,61966.1031,-516338.589,-437688.898,-454372.48589999997
6146000,2344.5274,14179.436,61717.2409,-515988.1794,-437746.97510000004,-454270.93850000005
6147000,2341.6026,14208.422,61329.857,-515251.957,-437372.0754,-453922.1
6148000,2389.9735,14335.9764,62238.2427,-516280.1787,-437315.9861,-454041.936
6149000,2351.8694,14208.4558,61792.8391,-515664.1197,-437310.9554,-453871.2806
6150000,2390.6663,14325.6343,62190.1603,-516688.6699,-437782.209,-454498.5096
6151000,2379.7624,14319.9414,61475.3854,-515498.5463,-437323.4571,-454023.1609
6152000,2377.9799,14289.9754,62256.8697,-515984.6974,-437059.8724,-453727.8277
6153000,2372.4825,14302.0091,62226.6158,-516390.1204,-437489.01300000004,-454163.5046
6154000,2370.0593,14283.8515,62035.898,-516214.8653,-437525.0565,-454178.9673
6155000,2389.1705,14292.4076,62045.9608,-515950.377,-437222.8381,-453904.4162
6156000,2392.8099,14322.3865,62134.8573,-515896.0464,-437045.9927,-453761.18909999996
6157000,2368.3402,14341.3571,62022.4988,-516150.2378,-437418.0417,-454127.739
6158000,2378.407,14228.5325,61320.6055,-515260.6078,-437333.0628,-453940.0023
6159000,2355.5546,14304.3022,62085.6644,-516350.6415,-437605.1203,-454264.9771
6160000,2331.45,14303.785,62570.1886,-516411.3602,-437205.9366,-453841.1716
6161000,2379.9075,14201.7648,62074.7906,-515770.8006,-437114.33770000003,-453696.01
6162000,2387.5467,14230.0454,61653.3434,-515903.278,-437632.3425,-454249.9346
6163000,2404.3999,14339.5598,62229.8743,-516395.9578,-437422.12379999994,-454166.08349999995
6164000,2395.4401,14362.4355,61839.6971,-515484.0733,-436886.5006,-453644.3762
6165000,2364.0785,14267.832,62291.6189,-517425.6542,-438502.1248,-455134.0353
6166000,2396.0575,14239.7808,62040.1302,-516521.6304,-437845.6619,-454481.5002
6167000,2381.3503,14386.4742,62131.1113,-516975.0695,-438076.1337,-454843.9582
6168000,2393.1738,14329.1293,62054.0862,-516898.7817,-438122.3924,-454844.6955
6169000,2377.1041,14258.1568,62044.9784,-515882.9453,-437202.706,-453837.9669
6170000,2407.8217,14360.5982,62033.5891,-516475.3574,-437673.3484,-454441.7683
6171000,2389.7444,14245.3768,61765.6036,-515964.2034,-437563.47860000003,-454198.59979999997
6172000,2387.9327,14376.1929,62038.6242,-516406.1193,-437603.36950000003,-454367.4951
6173000,2355.9405,14306.0963,61760.0235,-516148.1208,-437726.06049999996,-454388.09729999996
6174000,2361.4392,14356.014,61887.3342,-515811.6126,-437206.82519999996,-453924.2784
6175000,2348.6657,14251.9292,62339.197,-516855.3966,-437915.60469999997,-454516.1996
6176000,2362.5581,14424.0522,61790.5406,-516708.614,-438131.4631,-454918.0734
6177000,2358.9935,14270.5469,62062.5217,-516754.4156,-438062.3535,-454691.8939
6178000,2354.5188,14160.3987,62742.0269,-516636.7249,-437379.7805,-453894.698
6179000,2394.1412,14267.2456,61618.2298,-515295.0282,-437015.4116,-453676.79839999997
6180000,2366.4674,14181.1299,62268.2652,-516484.5842,-437668.7217,-454216.31899999996
6181000,2362.4657,14309.5345,61752.1812,-516060.1761,-437635.9947,-454307.9949
6182000,2352.9316,14264.3296,61797.617,-515299.4198,-436884.5416,-453501.80279999995
6183000,2365.4483,14302.0323,62315.7172,-516821.8589,-437838.6611,-454506.1417
6184000,2353.5885,14282.3504,62071.1389,-515600.7596,-436893.6818,-453529.62069999997
6185000,2360.9626,14342.4333,62076.3466,-516762.2018,-437982.4593,-454685.8552
6186000,2361.4843,14288.5657,62281.865,-516654.9007,-437722.9857,-454373.0357
6187000,2389.5008,14331.4988,61858.455,-516132.3486,-437552.89400000003,-454273.8936
6188000,2349.9198,14338.2611,62398.0267,-516811.3253,-437725.11770000006,-454413.29860000004
6189000,2349.7409,14212.3385,61721.7765,-515967.6036,-437683.74769999995,-454245.8271
6190000,2354.1203,14261.9883,62266.4599,-516696.8356,-437814.2671,-454430.3757
6191000,2357.4507,14296.3507,62464.0204,-517633.0895,-438515.26769999997,-455169.0691
6192000,2367.967,14306.3583,62637.5662,-517412.1846,-438100.2931,-454774.6184
6193000,2359.2179,14276.6098,61431.87,-515653.6108,-437585.9131,-454221.7408
6194000,2370.9023,14366.0401,61939.0001,-516447.1817,-437771.2392,-454508.1816
6195000,2365.303,14306.5644,62194.4385,-516178.2422,-437311.9363,-453983.8037
6196000,2411.0431,14249.1595,61852.1998,-516272.4807,-437760.0783,-454420.2809
6197000,2359.3012,14283.2257,61754.3326,-515577.9867,-437181.1272,-453823.6541
6198000,2415.6808,14309.0667,61778.118,-515850.9297,-437348.06419999996,-454072.81169999996
6199000,2375.8748,14238.1466,62036.0482,-516023.2726,-437373.20300000004,-453987.2244
6200000,2384.9949,14267.1914,61886.9547,-516162.9145,-437623.7735,-454275.9598
6201000,2373.479,14288.301,62086.464,-516850.5359,-438102.2919,-454764.07190000004
6202000,2366.1942,14280.87,61765.5521,-516687.7349,-438275.1186,-454922.18279999995
6203000,2338.2338,14317.6672,62240.2728,-516762.3474,-437866.17360000004,-454522.07460000005
6204000,2370.3466,14418.4766,62210.7395,-516404.4769,-437404.9142,-454193.7374
6205000,2373.6676,14311.3489,61938.5847,-516644.8722,-438021.27099999995,-454706.2875
6206000,2366.2033,14321.8791,61732.0377,-516472.1335,-438052.0134,-454740.0958
6207000,2369.8225,14338.6038,62237.9199,-516441.7998,-437495.4536,-454203.8799
6208000,2340.6734,14306.8747,61724.041,-516059.9032,-437688.3141,-454335.8622
6209000,2396.5383,14358.3941,61941.5251,-516348.2698,-437651.8123,-454406.74470000004
6210000,2351.6501,14186.0444,61814.992,-515448.4783,-437095.7918,-453633.4863
6211000,2367.2714,14141.3169,61952.5888,-516460.384,-437999.2069,-454507.79520000005
6212000,2354.4978,14279.2507,61923.3461,-516287.5277,-437730.43309999997,-454364.18159999995
6213000,2377.6069,14266.3351,61779.0222,-516121.5604,-437698.5962,-454342.5382
6214000,2424.8024,14314.2178,61986.6294,-516415.2332,-437689.5836,-454428.60380000004
6215000,2353.0283,14275.8233,61721.3062,-515354.8486,-437004.69080000004,-453633.54240000003
6216000,2402.0835,14351.9577,61629.4995,-516742.7339,-438359.1932,-455113.2344
6217000,2391.1469,14301.7451,61684.4809,-516159.236,-437781.86309999996,-454474.75509999995
6218000,2377.3751,14242.665,61952.8725,-516191.9809,-437619.06830000004,-454239.1084
6219000,2396.6588,14332.4621,61938.6657,-515967.0577,-437299.2711,-454028.392
6220000,2377.6484,14264.3945,61318.9444,-515448.5818,-437487.5945,-454129.6374
6221000,2416.9172,14260.9346,61672.8628,-515925.0737,-437574.3591,-454252.2109
6222000,2380.7308,14283.9969,61953.9519,-516470.925,-437852.2454,-454516.9731
6223000,2365.308,14251.297,62129.7202,-515816.2964,-437069.97119999997,-453686.5762
6224000,2386.1347,14282.4021,61180.5625,-515276.6136,-437427.5143,-454096.0511
6225000,2351.0261,14368.2469,61716.4888,-515358.7131,-436922.95129999996,-453642.2243
6226000,2368.9671,14251.2306,61338.3744,-515020.4896,-437061.9175,-453682.1152
6227000,2374.6048,14314.8251,61899.0088,-515998.5954,-437410.1567,-454099.5866
6228000,2368.0378,14238.5381,62092.4526,-516739.8392,-438040.8107,-454647.38659999997
6229000,2346.6387,14236.978,62043.7589,-517376.1781,-438748.8025,-455332.4192
6230000,2362.8842,14252.2646,62710.396,-516642.0648,-437316.52,-453931.6688
6231000,2354.2587,14282.7054,61955.7583,-516054.6365,-437461.91410000005,-454098.87820000004
6232000,2377.0314,14407.9872,62112.5771,-516976.7891,-438079.1934,-454864.212
6233000,2422.8834,14325.6892,62285.2599,-517124.9122,-438091.0797,-454839.6523
6234000,2363.0126,14300.1706,62339.0856,-516722.1904,-437719.9216,-454383.10480000003
6235000,2394.2033,14335.1467,62782.2821,-518359.9192,-438848.2871,-455577.6371
6236000,2395.8673,14264.7991,61929.1699,-516672.0293,-438082.19299999997,-454742.8594
6237000,2379.1643,14258.2796,61867.4589,-516002.7218,-437497.819,-454135.2629
6238000,2397.3129,14362.5453,61879.406,-515626.7569,-436987.49269999994,-453747.35089999996
6239000,2377.5266,14306.1636,62154.4908,-516379.8828,-437541.70180000004,-454225.392
6240000,2395.8783,14412.7243,61696.4606,-515643.445,-437138.3818,-453946.9844
6241000,2400.0993,14273.6271,62334.1426,-516625.9285,-437618.0595,-454291.78589999996
6242000,2422.9899,14273.1723,61860.0681,-516012.984,-437456.7537,-454152.9159
6243000,2364.9469,14302.393,61942.6245,-515787.3564,-437177.392,-453844.7319
6244000,2366.1085,14320.821,61787.2039,-516208.3801,-437734.2467,-454421.1762
6245000,2391.334,14350.0972,62304.6033,-517012.1653,-437966.1308,-454707.562
6246000,2408.2552,14221.7662,61936.1817,-516408.8429,-437842.6398,-454472.6612
6247000,2390.8375,14371.9691,61996.4469,-516549.4943,-437790.2408,-454553.04740000004
6248000,2334.5122,14345.6244,61860.2923,-516622.997,-438082.5681,-454762.7047
6249000,2377.4481,14234.5187,62258.5835,-517026.7829,-438156.2326,-454768.1994
6250000,2344.6448,14237.9744,62241.3927,-516444.0552,-437620.0433,-454202.6625
6251000,2373.733,14303.7034,62218.4876,-516072.1816,-437176.2576,-453853.694
6252000,2396.3606,14309.8263,62317.6259,-517788.3521,-438764.5393,-455470.72620000003
6253000,2364.3473,14391.6243,61874.1895,-515980.6464,-437350.48530000006,-454106.45690000005
6254000,2362.6146,14341.7466,62283.7376,-517169.6462,-438181.54740000004,-454885.9086
6255000,2365.1498,14254.1117,61960.9191,-515702.1294,-437121.9488,-453741.2103
6256000,2366.9521,14278.7243,61749.2074,-516206.835,-437811.9512,-454457.6276
6257000,2370.0697,14304.3221,61969.4925,-516596.5375,-437952.65319999994,-454627.045
6258000,2351.9071,14306.9555,62288.0424,-516650.5811,-437703.67610000004,-454362.53870000003
6259000,2375.5546,14322.0499,62397.689,-516709.6009,-437614.30740000005,-454311.9119
6260000,2378.3822,14283.0026,61217.4195,-515036.3168,-437157.51249999995,-453818.89729999995
6261000,2352.4091,14282.916,62021.5978,-516305.1821,-437648.2592,-454283.5843
6262000,2383.7385,14320.6761,62111.2883,-516306.277,-437490.57409999997,-454194.9887
6263000,2377.1468,14309.8301,62185.0933,-516150.0176,-437277.9474,-453964.9243
6264000,2385.3188,14374.9636,62144.5714,-516647.8606,-437743.00680000003,-454503.2892
6265000,2340.2751,14323.9214,62179.1767,-516761.458,-437918.08479999995,-454582.2813
6266000,2384.742,14302.496,62493.6448,-517345.3344,-438164.45160000003,-454851.6896
6267000,2394.9347,14387.7735,62078.6125,-516517.4651,-437656.1444,-454438.8526
6268000,2347.594,14323.7662,62109.2014,-516265.6342,-437485.07259999996,-454156.43279999995
6269000,2373.7435,14323.5555,61915.3871,-515889.0144,-437276.3283,-453973.6273
6270000,2385.1573,14317.9275,61903.8401,-516937.0676,-438330.1427,-455033.22750000004
6271000,2379.9134,14243.4731,62093.1272,-516067.7333,-437351.2196,-453974.60610000003
6272000,2383.2979,14337.2974,61850.0744,-516413.629,-437842.9593,-454563.55460000003
6273000,2348.326,14295.352,61708.6398,-515733.5132,-437381.19539999997,-454024.8734
6274000,2363.5579,14245.7483,62124.5326,-515415.0269,-436681.1881,-453290.4943
6275000,2342.7879,14295.6097,61825.9563,-516309.6816,-437845.3277,-454483.7253
6276000,2367.1129,14214.5971,62243.4074,-516782.4578,-437957.3404,-454539.05039999995
6277000,2380.5857,14280.187,62114.1412,-516551.9705,-437777.0566,-454437.8293
6278000,2375.8394,14297.9439,61980.1953,-516009.595,-437355.61639999994,-454029.39969999995
6279000,2332.4538,14405.2264,62123.3564,-516722.0145,-437860.9779,-454598.6581
6280000,2355.4753,14264.5334,61632.0055,-515505.7812,-437253.767,-453873.7757
6281000,2365.621,14264.2703,62013.551,-515809.5146,-437166.0723,-453795.9636
6282000,2365.4091,14291.6701,61868.186,-515195.5451,-436670.27989999996,-453327.3591
6283000,2363.0435,14217.0125,62051.347,-516106.6281,-437475.2251,-454055.28109999996
6284000,2396.7916,14407.8446,61211.8579,-515742.7306,-437726.2365,-454530.8727
6285000,2387.9103,14289.2234,61868.3346,-516085.4285,-437539.9602,-454217.0939
6286000,2375.0171,14284.7102,61596.3244,-515906.5726,-437650.5209,-454310.24820000003
6287000,2389.0356,14444.1593,62218.6487,-516522.5463,-437470.7027,-454303.89759999997
6288000,2368.1711,14234.6452,62308.2103,-517112.4163,-438201.3897,-454804.206
6289000,2429.7263,14400.0188,61731.7254,-516525.5009,-437964.0304,-454793.7755
6290000,2374.5512,14341.9362,61744.566,-515418.7339,-436957.6805,-453674.1679
6291000,2349.6481,14204.8945,61703.7497,-515729.7311,-437471.4388,-454025.9814
6292000,2392.2494,14339.2027,62032.8977,-516132.4201,-437368.0703,-454099.5224
6293000,2354.9677,14273.326,61842.5719,-515692.6342,-437221.76859999995,-453850.0623
6294000,2374.997,14318.6605,62104.3031,-517240.3834,-438442.4228,-455136.0803
6295000,2391.5179,14272.6075,62562.9231,-517381.7779,-438154.72939999995,-454818.8548
6296000,2386.657,14430.9494,62708.4923,-517964.631,-438438.53229999996,-455256.1387
6297000,2360.6669,14333.1704,61742.9255,-515965.1855,-437528.4227,-454222.26
6298000,2371.8177,14395.7563,61468.768,-516096.1638,-437859.8218,-454627.3958
6299000,2368.8672,14352.9051,62081.4763,-516450.905,-437647.65640000004,-454369.42870000005
6300000,2395.0763,14391.9949,61936.5949,-516479.6272,-437755.96109999996,-454543.03229999996
6301000,2363.6854,14342.9806,62019.6728,-516651.5331,-437925.1943,-454631.8603
6302000,2381.0628,14386.108,61596.4253,-515761.6913,-437398.0952,-454165.266
6303000,2360.1213,14347.0443,62109.4192,-516347.336,-437530.7512,-454237.9168
6304000,2334.2701,14298.4838,61919.2254,-516032.381,-437480.4017,-454113.1556
6305000,2315.5801,14193.4515,61982.9204,-515863.8451,-437371.8931,-453880.9247
6306000,2402.4192,14294.8362,61735.7146,-516026.5986,-437593.62860000005,-454290.884
6307000,2401.5066,14333.7366,62107.868,-516214.0851,-437370.97390000004,-454106.2171
6308000,2346.881,14383.8018,61657.1251,-516177.2855,-437789.4776,-454520.1604
6309000,2386.8585,14465.6076,62252.7761,-516328.3981,-437223.1559,-454075.622
6310000,2393.0785,14369.0482,61749.1385,-515862.1137,-437350.84849999996,-454112.9752
6311000,2381.1617,14420.5798,61478.6109,-516096.2852,-437815.93279999995,-454617.67429999996
6312000,2366.8486,14278.6944,62661.3565,-516652.7641,-437345.8646,-453991.4076
6313000,2393.7656,14417.1455,61664.0737,-516097.6058,-437622.62100000004,-454433.5321
6314000,2374.9221,14387.9473,61866.2994,-516539.3355,-437910.1667,-454673.03609999997
6315000,2377.5125,14270.0261,62176.2666,-516790.2903,-437966.4851,-454614.0237
6316000,2401.883,14360.2475,62486.4222,-516803.7133,-437555.1606,-454317.29110000003
6317000,2351.5161,14331.7446,61529.3284,-516195.5325,-437982.9434,-454666.2041
6318000,2395.5344,14321.4556,61905.3621,-515943.1967,-437320.84459999995,-454037.83459999994
6319000,2358.0374,14379.1315,62681.9515,-516803.8833,-437384.7629,-454121.93179999996
6320000,2373.8728,14346.8582,62356.4951,-516342.1845,-437264.9584,-453985.6894
6321000,2351.6374,14339.2032,62069.9702,-516185.3521,-437424.54130000004,-454115.38190000004
6322000,2383.5009,14211.1273,62048.2341,-516330.3426,-437687.48029999994,-454282.1085
6323000,2374.2991,14292.2176,62018.4544,-516377.2543,-437692.28319999995,-454358.7999
6324000,2394.8487,14336.166,61801.0078,-515767.2507,-437235.2282,-453966.24289999995
6325000,2391.7808,14298.8236,61784.8,-516529.4425,-438054.0381,-454744.6425
6326000,2409.1756,14282.9048,61771.7765,-516257.094,-437793.23709999997,-454485.3175
6327000,2348.0693,14290.3637,62219.5485,-516721.0755,-437863.094,-454501.527
6328000,2345.9107,14217.1675,61425.9764,-515717.6219,-437728.5673,-454291.64550000004
6329000,2398.8397,14366.5046,61769.235,-516104.2046,-437569.6253,-454334.9696
6330000,2400.9713,14259.4944,61964.7135,-515756.5325,-437131.35329999996,-453791.81899999996
6331000,2405.7116,14400.6841,61900.1189,-516464.6229,-437758.1083,-454564.504
6332000,2385.9408,14303.4701,61809.0261,-516575.5455,-438077.1085,-454766.5194
6333000,2359.8955,14348.8233,62216.8359,-515896.8878,-436971.33310000005,-453680.0519
6334000,2365.1727,14255.2533,61758.58,-516109.9187,-437730.9127,-454351.33869999996
6335000,2378.9347,14331.3522,61636.4014,-516529.2448,-438182.55649999995,-454892.8434
6336000,2372.3148,14377.8755,61985.468,-516630.4815,-437894.8232,-454645.0135
6337000,2373.882,14313.6578,61362.7415,-515391.9324,-437341.6511,-454029.1909
6338000,2403.786,14309.2021,62308.7783,-516704.6281,-437682.8617,-454395.84979999997
6339000,2393.513,14315.2364,62190.8735,-516284.6862,-437385.0633,-454093.8127
6340000,2362.3405,14352.7218,62165.7066,-516387.4587,-437506.68980000005,-454221.75210000004
6341000,2345.6062,14242.1307,61631.6273,-516286.4426,-438067.0784,-454654.8153
6342000,2367.2084,14271.1854,62036.4318,-516625.4528,-437950.62720000005,-454589.021
6343000,2386.2882,14322.9784,62207.9075,-516927.1123,-438009.9382,-454719.20479999995
6344000,2377.0271,14479.5237,61887.6149,-516499.7929,-437755.6272,-454612.178
6345000,2377.5547,14301.9265,61278.899,-515014.8479,-437056.4677,-453735.9489
6346000,2381.1775,14307.9643,61555.6138,-515120.9857,-436876.23010000004,-453565.3719
6347000,2372.153,14223.1944,61898.7253,-515539.4734,-437045.4007,-453640.7481
6348000,2386.5688,14285.8337,61613.6856,-515562.2081,-437276.12,-453948.52249999996
6349000,2368.4217,14342.7234,62087.5371,-516443.9958,-437645.3136,-454356.45869999996
6350000,2365.9231,14389.992,62052.9683,-516214.12,-437405.2366,-454161.1517
6351000,2388.8475,14313.59,61942.3667,-515659.1164,-437014.3122,-453716.7497
6352000,2369.4946,14381.5546,61604.7825,-515751.0419,-437395.2102,-454146.2594
6353000,2369.4873,14342.9262,61752.1279,-516059.0137,-437594.4723,-454306.8858
6354000,2386.9055,14407.7468,61420.5214,-515485.8755,-437270.70180000004,-454065.3541
6355000,2360.6467,14406.3298,61894.883,-516824.9982,-438163.13869999995,-454930.1152
6356000,2366.4101,14255.5066,62035.1464,-516252.5351,-437595.47199999995,-454217.3887
6357000,2363.4907,14254.6405,62305.9151,-516193.2965,-437269.2502,-453887.3814
6358000,2398.1479,14465.2187,62268.7869,-517027.6197,-437895.46619999997,-454758.8328
6359000,2386.4462,14376.3621,61808.8003,-516462.5159,-437890.90729999996,-454653.7156
6360000,2380.3262,14384.5821,61352.9515,-515875.5092,-437757.6494,-454522.55769999995
6361000,2379.4407,14286.2438,62165.3447,-516454.5797,-437623.5505,-454289.235
6362000,2382.5573,14328.8171,61936.4092,-516820.4823,-438172.69869999995,-454884.0731
6363000,2322.5143,14282.0942,62263.0201,-516595.8569,-437728.2283,-454332.8368
6364000,2364.9306,14280.4118,61985.8515,-516118.9585,-437487.7646,-454133.107
6365000,2396.1187,14332.2883,61677.0569,-515412.6843,-437007.2204,-453735.6274
6366000,2387.8977,14160.9642,61211.6712,-514977.3639,-437216.8308,-453765.6927
6367000,2348.885,14317.2863,61885.3513,-516265.6443,-437714.1217,-454380.293
6368000,2393.7616,14287.606,62025.6627,-515649.0845,-436942.0542,-453623.4218
6369000,2377.0693,14255.4643,62158.0688,-516157.8316,-437367.22919999994,-453999.76279999997
6370000,2385.4621,14281.346,62087.2345,-516468.4977,-437714.4551,-454381.2632
6371000,2333.5898,14206.8726,62000.933,-515970.125,-437428.7296,-453969.192
6372000,2371.0109,14296.1396,61952.3925,-516170.2397,-437550.6967,-454217.84719999996
6373000,2357.7491,14338.5561,61879.8362,-516778.0303,-438201.8889,-454898.19409999996
6374000,2407.157,14362.6749,62052.3279,-516743.3648,-437921.20499999996,-454691.0369
6375000,2355.4545,14259.2706,62417.5542,-516286.5395,-437254.2602,-453868.9853
6376000,2397.4238,14293.0336,61978.7249,-516479.9657,-437810.7834,-454501.2408
6377000,2372.8376,14221.5175,61766.611,-516488.708,-438127.7419,-454722.097
6378000,2409.8558,14410.5052,61702.2155,-516009.0099,-437486.4334,-454306.7944
6379000,2346.102,14304.3655,62129.7698,-516627.7427,-437847.5054,-454497.9729
6380000,2361.5665,14309.078,61888.6483,-516409.3572,-437850.06440000003,-454520.7089
6381000,2348.9976,14199.9496,61958.7633,-516347.0874,-437839.37690000003,-454388.3241
6382000,2382.154,14455.9574,61807.1658,-515550.4688,-436905.19159999996,-453743.30299999996
6383000,2404.9602,14310.8333,62139.8411,-515937.3845,-437081.7499,-453797.54339999997
6384000,2353.3586,14242.9361,61985.4655,-516076.115,-437494.3548,-454090.6495
6385000,2396.1844,14328.4221,62139.2516,-516117.1765,-437253.3184,-453977.9249
6386000,2399.0832,14367.6293,62415.5855,-516483.1427,-437300.8447,-454067.55720000004
6387000,2394.5602,14384.0103,62502.6239,-516836.4703,-437555.2759,-454333.8464
6388000,2358.7829,14360.1345,61786.199,-515992.6594,-437487.543,-454206.4604
6389000,2384.6095,14307.3825,61546.007,-515953.1482,-437715.1492,-454407.1412
6390000,2336.4672,14196.7196,62118.92,-516246.289,-437594.1822,-454127.369
6391000,2353.8114,14330.3497,61952.6229,-516974.1667,-438337.3827,-455021.5438
6392000,2385.3132,14268.9623,62430.693,-516663.2024,-437578.2339,-454232.5094
6393000,2372.1968,14323.7583,61878.0499,-516329.0109,-437755.0059,-454450.961
6394000,2400.7802,14409.7576,61548.5877,-515597.5198,-437238.39430000004,-454048.93210000003
6395000,2339.4637,14281.7616,61822.463,-515768.6697,-437324.98140000005,-453946.20670000004
6396000,2350.6633,14252.3476,61865.8457,-516659.0652,-438190.2086,-454793.2195
6397000,2375.5903,14319.7338,62252.2118,-516340.9692,-437393.43330000003,-454088.7574
6398000,2381.7853,14299.9717,61716.6583,-515698.7938,-437300.3785,-453982.1355
6399000,2369.4772,14264.354,62078.1771,-516650.6055,-437938.5972,-454572.4284
6400000,2405.9862,14291.7338,62188.4482,-516620.5729,-437734.4047,-454432.12470000004
6401000,2413.7859,14406.1581,61705.2657,-516140.9747,-437615.765,-454435.70900000003
6402000,2357.0498,14156.0276,62274.935,-516246.8241,-437458.8117,-453971.88910000003
6403000,2388.8329,14356.5806,62413.9825,-516732.6095,-437573.2135,-454318.62700000004
6404000,2341.0955,14341.0005,61971.3387,-515878.9357,-437225.501,-453907.59699999995
6405000,2367.5173,14285.6799,61642.7763,-515982.355,-437686.3815,-454339.57869999995
6406000,2328.8813,14202.8481,62038.2451,-516340.2516,-437770.2771,-454302.0065
6407000,2376.8971,14294.6354,61909.8597,-516626.7096,-438045.3174,-454716.84990000003
6408000,2412.3036,14369.9248,62103.3527,-516341.0592,-437455.4781,-454237.70650000003
6409000,2368.0421,14358.1317,61357.8487,-514863.7159,-436779.6934,-453505.8672
6410000,2360.7504,14284.4914,61758.5351,-515954.1951,-437550.4182,-454195.66000000003
6411000,2355.3212,14433.1757,62033.513,-517047.5951,-438225.5852,-455014.0821
6412000,2404.0852,14428.2013,62286.7654,-516917.5573,-437798.5054,-454630.7919
6413000,2324.0555,14335.3547,62050.7423,-516280.093,-437569.9405,-454229.3507
6414000,2331.901,14311.7797,62046.8645,-516351.9283,-437661.38310000004,-454305.0638
6415000,2354.8485,14327.7026,62111.1794,-516864.9158,-438071.1853,-454753.7364
6416000,2345.9095,14224.9717,62448.0804,-516747.7391,-437728.7775,-454299.6587
6417000,2366.133,14319.5382,62326.8319,-517035.8871,-438023.38399999996,-454709.0552
6418000,2369.1655,14358.3297,62120.8374,-516729.9504,-437881.6178,-454609.11299999995
6419000,2352.0254,14262.8493,61942.0122,-515832.7245,-437275.8376,-453890.7123
6420000,2409.2118,14472.8142,62102.2888,-516961.8321,-437977.5173,-454859.5433
6421000,2372.8116,14290.9263,62219.7501,-516486.9458,-437603.4578,-454267.1957
6422000,2364.9643,14286.3258,61759.4365,-515914.7407,-437504.01410000003,-454155.3042
6423000,2383.0041,14241.6976,62098.0678,-517017.9877,-438295.2182,-454919.9199
6424000,2351.2502,14299.5828,61985.5784,-516450.4112,-437813.9998,-454464.8328
6425000,2413.7685,14285.3044,61828.3868,-516383.7394,-437856.2797,-454555.35260000004
6426000,2360.2763,14336.8869,62336.9379,-516288.5095,-437254.40839999996,-453951.57159999997
6427000,2368.2442,14325.4115,61581.9643,-515928.3153,-437652.6953,-454346.351
6428000,2345.4887,14324.9509,62243.4238,-516273.9213,-437360.0579,-454030.4975
6429000,2372.9011,14308.4433,62373.7565,-516458.1331,-437403.03219999996,-454084.37659999996
6430000,2382.7565,14307.684,62002.7529,-516600.7982,-437907.60480000003,-454598.0453
6431000,2372.0767,14404.8312,61700.3454,-515797.1548,-437319.90150000004,-454096.8094
6432000,2390.8571,14379.0482,62019.8979,-516474.0519,-437684.2487,-454454.15400000004
6433000,2382.8779,14391.6943,62196.8852,-516201.9019,-437230.4445,-454005.0167
6434000,2323.3507,14320.7057,61840.5869,-515983.0105,-437498.3672,-454142.4236
6435000,2353.5418,14426.5078,61812.9788,-516058.6539,-437465.62549999997,-454245.6751
6436000,2370.7744,14271.1452,62121.0421,-515511.7152,-436748.7535,-453390.67309999996
6437000,2408.6182,14343.1319,61581.3178,-515758.0745,-437425.00659999996,-454176.75669999997
6438000,2408.0557,14343.2783,62145.7044,-516917.598,-438020.5596,-454771.8936
6439000,2349.9945,14352.3079,61975.0542,-516835.6784,-438158.3218,-454860.62419999996
6440000,2398.8961,14376.8449,62336.2765,-516829.7207,-437717.7032,-454493.4442
6441000,2416.9435,14295.4902,61719.4562,-516166.2444,-437734.3545,-454446.7882
6442000,2425.5454,14403.8545,61595.3255,-515629.9387,-437205.2133,-454034.6132
6443000,2367.1566,14208.8361,62234.0596,-516426.705,-437616.65270000004,-454192.64540000004
6444000,2385.4486,14293.9078,62405.2181,-516987.4612,-437902.88670000003,-454582.2431
6445000,2378.3198,14382.3763,62037.0331,-516178.8446,-437381.1154,-454141.8115
6446000,2381.1217,14292.2609,62234.9322,-517065.3971,-438157.0823,-454830.4649
6447000,2386.0445,14254.7746,62339.9839,-517096.0612,-438115.2582,-454756.0773
6448000,2373.1993,14264.1464,61771.4267,-516847.3072,-438438.53479999996,-455075.88049999997
6449000,2360.4931,14284.4401,61733.2453,-516301.5629,-437923.3844,-454568.3176
6450000,2382.4099,14347.3995,62035.0683,-516741.3973,-437976.5196,-454706.329
6451000,2364.8233,14267.902,62488.4968,-517400.9745,-438279.7524,-454912.4777
6452000,2393.4165,14422.0907,61852.6113,-516555.5986,-437887.48010000004,-454702.98730000004
6453000,2411.9494,14278.6285,62145.423,-516827.6981,-437991.6972,-454682.27509999997
6454000,2386.1404,14330.6454,62000.9019,-516464.0226,-437746.3349,-454463.1207
6455000,2381.3643,14279.7863,62336.0494,-516527.9828,-437530.7828,-454191.9334
6456000,2355.3821,14382.937,62043.5002,-516226.7702,-437444.95090000005,-454183.27
6457000,2361.3369,14376.1123,62089.2445,-516288.7313,-437462.0376,-454199.48679999996
6458000,2352.5429,14274.1985,61583.136,-515846.8487,-437636.9713,-454263.7127
6459000,2385.0795,14285.7099,62304.5107,-516824.8203,-437849.5202,-454520.30960000004
6460000,2355.9486,14354.3841,61801.5391,-516652.3579,-438140.4861,-454850.8188
6461000,2389.099,14384.1823,62330.5771,-516764.9806,-437661.1222,-454434.4035
6462000,2407.5264,14448.6371,61883.5389,-516262.4684,-437522.766,-454378.9295
6463000,2378.5451,14366.5327,62136.9568,-516657.1851,-437775.1505,-454520.2283
6464000,2389.0638,14366.8973,62153.6872,-516631.414,-437721.7657,-454477.7268
6465000,2384.3024,14343.1312,62254.8871,-516469.1873,-437486.8666,-454214.3002
6466000,2391.9406,14344.1086,61906.2047,-516861.6293,-438219.37539999996,-454955.42459999997
6467000,2397.7239,14389.9459,61960.849,-516344.7497,-437596.23089999997,-454383.9007
6468000,2367.2253,14371.9664,61872.6403,-516517.1735,-437905.3415,-454644.53319999995
6469000,2351.9149,14305.3173,61833.8331,-516099.3372,-437608.2719,-454265.5041
6470000,2349.8001,14393.6163,62390.7282,-516561.7322,-437427.5876,-454171.004
6471000,2397.7984,14396.5323,61607.6841,-515876.6034,-437474.5886,-454268.9193
6472000,2374.2299,14314.8608,61749.8752,-516278.1824,-437839.2165,-454528.3072
6473000,2377.4657,14405.3407,62274.5386,-516765.2197,-437707.87470000004,-454490.68110000005
6474000,2364.04,14316.8554,62047.0817,-516047.3465,-437319.36939999997,-454000.2648
6475000,2355.4624,14250.6698,62269.6587,-517041.2203,-438165.4294,-454771.5616
6476000,2386.9848,14336.9332,61817.4653,-516775.0511,-438233.6678,-454957.5858
6477000,2365.2927,14332.1605,61588.1689,-516055.1158,-437769.49370000005,-454466.94690000004
6478000,2361.5978,14275.1083,62620.4231,-518058.2099,-438801.08070000005,-455437.7868
6479000,2414.568,14304.4703,62403.5977,-516954.1201,-437831.4841,-454550.5224
6480000,2366.2917,14240.2394,61928.4811,-515996.5912,-437461.579,-454068.11010000005
6481000,2367.4973,14431.9271,62104.4443,-516342.587,-437438.7183,-454238.14269999997
6482000,2391.7812,14252.5529,62516.6917,-517038.9808,-437877.955,-454522.2891
6483000,2376.0308,14320.7848,61807.9596,-516291.7654,-437786.9902,-454483.8058
6484000,2355.4018,14279.8164,61998.465,-516587.3514,-437953.66819999996,-454588.88639999996
6485000,2383.0477,14368.3702,62181.1046,-516351.5669,-437419.0444,-454170.46229999996
6486000,2406.0653,14373.2676,61852.4972,-515595.0054,-436963.1753,-453742.50820000004
6487000,2407.4798,14473.2905,61939.7999,-515817.2806,-436996.7104,-453877.4807
6488000,2391.2521,14347.4335,61866.694,-517119.515,-438514.1354,-455252.821
6489000,2374.0483,14273.3478,61985.2607,-515887.4978,-437254.841,-453902.2371
6490000,2368.0983,14344.6829,61594.6123,-515423.9089,-437116.5154,-453829.2966
6491000,2381.6822,14233.2329,61636.3509,-515832.9479,-437581.6819,-454196.597
6492000,2370.3436,14316.0891,61742.4222,-515906.1908,-437477.33589999995,-454163.76859999995
6493000,2347.4269,14304.2984,62251.6346,-516379.0949,-437475.73500000004,-454127.46030000004
6494000,2398.9795,14401.8485,62066.288,-515917.136,-437050.02,-453850.848
6495000,2412.7497,14295.6907,61989.5032,-515960.6546,-437262.711,-453971.15140000003
6496000,2396.8005,14298.4441,61693.1801,-515886.9535,-437498.5288,-454193.7734
6497000,2383.8809,14246.4572,61789.1233,-516534.5634,-438115.10199999996,-454745.4401
6498000,2388.8695,14262.1395,62317.4311,-516902.5448,-437934.10469999997,-454585.1137
6499000,2395.336,14327.2553,61651.4154,-516015.7759,-437641.7692,-454364.3605
6500000,2368.0415,14289.3591,62151.0877,-516579.5718,-437771.08349999995,-454428.4841
6501000,2419.6957,14386.8412,61599.8167,-516211.3078,-437804.95420000004,-454611.4911
6502000,2361.0028,14235.2582,61592.794,-515407.1127,-437218.0577,-453814.3187
6503000,2409.8958,14305.6958,62283.748,-516368.8599,-437369.5203,-454085.11189999996
6504000,2405.2799,14253.6346,62153.1745,-516163.4961,-437351.40709999995,-454010.32159999997
6505000,2351.2687,14349.9664,62160.3421,-516925.8704,-438064.2932,-454765.5283
6506000,2403.6849,14241.2266,62065.9365,-516161.8286,-437450.9806,-454095.8921
6507000,2379.4292,14294.0947,61780.9296,-516016.7306,-437562.2771,-454235.801
6508000,2359.4873,14222.3664,61951.1895,-516092.2728,-437559.22959999996,-454141.0833
6509000,2394.0391,14308.595,62114.0604,-516375.169,-437558.4745,-454261.1086
6510000,2410.5601,14241.6753,61791.7685,-515836.3,-437392.2961,-454044.5315
6511000,2350.8784,14348.6061,62078.9382,-516565.8105,-437787.3878,-454486.87230000005
6512000,2362.1419,14372.2217,62441.6833,-517076.8249,-437900.778,-454635.14160000003
6513000,2427.9635,14437.2734,62156.0141,-516596.2671,-437575.0161,-454440.253
6514000,2376.2075,14311.7225,62638.2212,-517199.4014,-437873.2502,-454561.18019999994
6515000,2382.1172,14362.6935,62462.7473,-516726.1206,-437518.5626,-454263.37330000004
6516000,2394.5936,14275.9298,62518.2043,-516573.7029,-437384.9752,-454055.4986
6517000,2399.8401,14385.4729,62129.3898,-516101.8413,-437187.1385,-453972.45149999997
6518000,2365.5873,14254.9909,61866.1951,-515907.9731,-437421.1998,-454041.778
6519000,2353.5488,14298.3046,61871.0697,-515934.9248,-437412.00169999996,-454063.8551
6520000,2402.0566,14369.2921,61812.464,-516475.1981,-437891.38539999997,-454662.7341
6521000,2384.0359,14332.403,61881.5658,-515717.3356,-437119.3309,-453835.7698
6522000,2383.1404,14279.4362,61823.2449,-515814.495,-437328.67350000003,-453991.2501
6523000,2392.7761,14398.5422,62033.3432,-516368.5597,-437543.8982,-454335.2165
6524000,2367.13,14348.8326,62323.7183,-516701.1524,-437661.4715,-454377.4341
6525000,2373.1384,14297.1778,61193.4655,-515020.3035,-437156.5218,-453826.838
6526000,2384.9925,14407.565,61748.5342,-515782.8518,-437241.7601,-454034.3176
6527000,2397.0279,14326.9966,62160.7532,-516596.1276,-437711.34990000003,-454435.37440000003
6528000,2390.6936,14363.6508,62229.6996,-516772.0353,-437787.9913,-454542.3357
6529000,2385.0142,14423.9589,61725.4133,-515205.722,-436671.3356,-453480.3087
6530000,2392.7897,14327.3339,61900.6069,-516172.0774,-437551.3469,-454271.4705
6531000,2368.5058,14313.7045,61689.4094,-515974.4079,-437602.7882,-454284.9985
6532000,2371.4553,14311.0333,62343.4968,-517234.7349,-438208.7495,-454891.23809999996
6533000,2398.2838,14391.3547,61372.4506,-516023.4665,-437861.3774,-454651.0159
6534000,2381.8849,14345.8114,62041.7056,-516362.5283,-437593.1264,-454320.8227
6535000,2393.2633,14429.7712,61972.8638,-516673.6912,-437877.7929,-454700.8274
6536000,2408.768,14370.4722,61787.823,-516262.354,-437695.29079999996,-454474.531
6537000,2377.9768,14319.6475,62165.4873,-516565.8891,-437702.77749999997,-454400.4018
6538000,2383.7115,14333.4962,62401.2124,-516925.0778,-437806.65770000004,-454523.8654
6539000,2373.6483,14331.8152,61958.9595,-516558.3115,-437893.8885,-454599.352
6540000,2391.8415,14335.1552,61692.3876,-515694.8033,-437275.419,-454002.4157
6541000,2388.8359,14300.9055,61929.2399,-515855.1757,-437236.19440000004,-453925.93580000004
6542000,2370.0407,14358.5741,62062.1487,-516977.3958,-438186.6323,-454915.2471
6543000,2372.7967,14362.6645,62022.0431,-516734.6609,-437977.1566,-454712.6178
6544000,2373.7038,14322.3307,62028.9201,-516519.4441,-437794.4895,-454490.52400000003
6545000,2362.0232,14330.9632,62594.4043,-517054.9493,-437767.5586,-454460.545
6546000,2384.9452,14252.0693,61903.7771,-515853.8876,-437313.096,-453950.1105
6547000,2376.2917,14341.5301,61900.1905,-515911.9253,-437293.913,-454011.7348
6548000,2374.2054,14306.6068,61859.8201,-516114.2132,-437573.5809,-454254.3931
6549000,2390.3559,14382.7426,61538.7207,-515991.7248,-437679.90560000006,-454453.0041
6550000,2388.2056,14330.7171,62241.6777,-516466.0689,-437505.4685,-454224.3912
6551000,2371.7619,14211.8983,61851.7909,-515235.553,-436800.1019,-453383.7621
6552000,2403.9547,14319.7605,62496.336,-516086.6688,-436866.6176,-453590.3328
6553000,2372.2524,14415.0849,61842.3679,-516075.2935,-437445.58830000006,-454232.9256
6554000,2363.3652,14370.3976,62201.013,-516545.1678,-437610.392,-454344.1548
6555000,2394.2297,14351.2893,61293.5238,-515155.4935,-437116.4507,-453861.96969999996
6556000,2396.278,14361.7009,61898.8125,-516201.7744,-437544.983,-454302.9619
6557000,2374.6898,14244.1887,61995.6755,-517214.6977,-438600.1437,-455219.0222
6558000,2379.5786,14301.7019,62400.3261,-516972.3697,-437890.7631,-454572.0436
6559000,2391.9537,14354.7855,62092.1134,-516357.0098,-437518.1572,-454264.89639999997
6560000,2368.7773,14386.0841,61972.1007,-516019.9475,-437292.9854,-454047.8468
6561000,2391.3641,14355.5864,62231.6412,-516852.6264,-437874.0347,-454620.9852
6562000,2337.0941,14254.1126,62528.7101,-516902.1937,-437782.2769,-454373.48360000004
6563000,2394.0143,14359.6465,62013.3677,-516507.4271,-437740.39859999996,-454494.05939999997
6564000,2392.647,14269.9535,62143.2739,-517033.4892,-438227.6148,-454890.21530000004
6565000,2383.5124,14323.4919,61531.3161,-515164.5301,-436926.2097,-453633.214
6566000,2380.6948,14361.5785,61754.3301,-515793.1984,-437296.595,-454038.8683
6567000,2406.4357,14414.8648,62026.3594,-516084.5965,-437236.9366,-454058.23709999997
6568000,2361.124,14361.1921,62129.4114,-516646.3916,-437794.6641,-454516.9802
6569000,2374.3307,14302.6492,61830.4899,-515692.6835,-437185.21369999996,-453862.1936
6570000,2355.9651,14424.3083,62077.4751,-516937.8904,-438080.1419,-454860.4153
6571000,2355.714,14235.9985,62121.0353,-516381.7621,-437669.0143,-454260.7268
6572000,2405.0918,14288.1568,61507.8392,-516012.1405,-437811.0527,-454504.3013
6573000,2362.4692,14433.0789,62318.6804,-517292.2332,-438178.00470000005,-454973.5528
6574000,2363.3335,14393.0186,61858.0993,-515763.1285,-437148.6771,-453905.0292
6575000,2390.9761,14335.6099,61871.4685,-516270.9899,-437672.93539999996,-454399.52139999997
6576000,2397.2974,14301.268,61620.6376,-516489.6295,-438170.42649999994,-454868.99189999996
6577000,2388.3843,14407.4587,61968.8403,-515812.3325,-437047.6492,-453843.49220000004
6578000,2360.1051,14298.8438,62048.4354,-516028.2165,-437320.83219999995,-453979.78109999996
6579000,2391.1197,14308.6567,61952.2121,-516543.6728,-437891.6843,-454591.4607
6580000,2366.6926,14283.3185,61856.682,-516523.5869,-438016.89379999996,-454666.90489999996
6581000,2386.2939,14402.655,61898.2992,-516695.2805,-438008.0324,-454796.9813
6582000,2393.6554,14448.3659,62511.3131,-517400.7425,-438047.4081,-454889.4294
6583000,2369.8333,14431.4272,62182.9589,-517127.3844,-438143.165,-454944.4255
6584000,2350.9156,14290.5467,62062.894,-516324.5961,-437620.23980000004,-454261.7021
6585000,2388.0825,14270.8083,61975.2909,-516762.7272,-438128.5455,-454787.4363
6586000,2381.7648,14390.3223,61883.1967,-516314.9365,-437659.6527,-454431.7398
6587000,2374.9308,14301.4072,62201.2296,-516080.5652,-437202.9976,-453879.3356
6588000,2382.2567,14339.1553,62316.1251,-516362.0888,-437324.5517,-454045.9637
6589000,2377.6645,14299.5476,61877.9338,-516372.269,-437817.12309999997,-454494.3352
6590000,2355.3004,14325.1999,61693.4064,-515228.3799,-436854.4732,-453534.9735
6591000,2373.0499,14306.0692,62193.8475,-515828.4564,-436955.48980000004,-453634.6089
6592000,2370.6011,14356.8921,61871.0422,-516341.6487,-437743.1133,-454470.6065
6593000,2388.9148,14322.2445,61586.9495,-515548.2921,-437250.18330000003,-453961.34260000003
6594000,2359.4834,14304.332,61350.658,-515453.2276,-437438.75419999997,-454102.5696
6595000,2382.5997,14306.7618,62325.1283,-516043.5661,-437029.0763,-453718.4378
6596000,2407.7335,14347.8848,61617.2735,-515339.5614,-436966.6696,-453722.2879
6597000,2402.7187,14389.4963,62184.2362,-516553.1089,-437576.6577,-454368.8727
6598000,2388.7681,14327.8744,62208.0033,-516881.0413,-437956.3955,-454673.038
6599000,2390.7388,14393.738,61605.3153,-516246.1568,-437856.3647,-454640.8415
6600000,2385.8936,14407.6477,62081.5682,-516455.3848,-437580.2753,-454373.8166
6601000,2379.8301,14364.4197,61727.7713,-516121.1622,-437649.1411,-454393.3909
6602000,2375.5313,14258.308,61853.1146,-515922.7044,-437435.75049999997,-454069.58979999996
6603000,2356.5539,14339.865,61938.8792,-516754.1121,-438118.814,-454815.2329
6604000,2387.8458,14365.3242,62317.7513,-516858.9618,-437788.0405,-454541.2105
6605000,2389.4525,14310.9624,61692.8689,-516390.3621,-437997.07830000005,-454697.4932
6606000,2370.795,14290.0695,61628.9827,-515375.9556,-437086.10839999997,-453746.9729
6607000,2372.9066,14298.909,62314.6841,-517315.5228,-438329.0231,-455000.83869999996
6608000,2399.5594,14389.4802,61996.9761,-516742.5245,-437956.5088,-454745.54839999997
6609000,2366.3746,14398.3271,62074.6347,-516403.0873,-437563.7509,-454328.4526
6610000,2376.4247,14395.6944,62258.4779,-516607.8192,-437577.2222,-454349.34130000003
6611000,2392.641,14360.236,61946.186,-515999.5954,-437300.5324,-454053.4094
6612000,2368.5834,14354.8425,62800.0042,-516681.6858,-437158.2557,-453881.68159999995
6613000,2376.8302,14355.9272,61800.4554,-515573.7527,-437040.53990000003,-453773.29730000003
6614000,2347.521,14368.8851,62038.7736,-516409.5385,-437654.35880000005,-454370.7649
6615000,2367.1005,14271.6247,61824.7805,-515703.6391,-437240.13339999993,-453878.8586
6616000,2394.2273,14334.6172,62298.702,-516378.0497,-437350.5032,-454079.3477
6617000,2392.6897,14309.4277,61624.2305,-516021.5015,-437695.1536,-454397.271
6618000,2349.1523,14268.3124,61867.6261,-516093.0323,-437607.9415,-454225.4062
6619000,2398.487,14364.6715,61860.1823,-516139.9304,-437516.5896,-454279.7481
6620000,2352.2629,14325.8663,61496.9793,-515498.3456,-437323.2371,-454001.3663
6621000,2394.3708,14357.8806,61412.7095,-515438.1927,-437273.2318,-454025.4832
6622000,2375.4397,14274.1618,62211.1731,-516565.5065,-437704.7319,-454354.3334
6623000,2383.8644,14347.0443,61664.0726,-515742.8016,-437347.8203,-454078.729
6624000,2377.8664,14381.9321,61419.849,-516002.8217,-437823.17419999995,-454582.9727
6625000,2343.8409,14405.8525,62175.4315,-516827.6518,-437902.5269,-454652.2203
6626000,2379.2772,14309.9889,61128.1132,-514542.0703,-436724.691,-453413.9571
6627000,2427.4596,14313.7697,61873.0054,-515852.344,-437238.1093,-453979.33859999996
6628000,2389.5178,14360.4937,62116.9288,-516017.6977,-437150.7574,-453900.7689
6629000,2389.1333,14321.0851,62414.0586,-516847.062,-437722.785,-454433.0034
6630000,2345.6047,14225.4919,62539.0108,-516644.9775,-437534.8701,-454105.9667
6631000,2378.3663,14307.6129,62148.0665,-516578.2878,-437744.2421,-454430.2213
6632000,2382.1519,14302.1199,61962.7196,-516742.3598,-438095.3684,-454779.64019999997
6633000,2389.4846,14353.4112,61886.5452,-516234.4338,-437604.9928,-454347.8886
6634000,2371.6257,14342.2866,62261.8613,-516743.6004,-437767.8268,-454481.7391
6635000,2368.8347,14479.2525,61787.6596,-516300.6399,-437664.8931,-454512.9803
6636000,2384.8806,14381.8031,62225.5167,-516785.2365,-437793.0361,-454559.7198
6637000,2381.1762,14275.9575,62007.2787,-516135.8677,-437471.45530000003,-454128.589
6638000,2378.8356,14338.8377,62106.9472,-516456.3966,-437631.77609999996,-454349.4494
6639000,2383.8887,14345.5227,61964.1842,-516339.4466,-437645.851,-454375.2624
6640000,2367.0049,14405.2083,62005.6668,-516635.8171,-437857.9371,-454630.1503
6641000,2395.8917,14382.4287,62575.8856,-516443.7569,-437089.5509,-453867.8713
6642000,2382.2244,14390.2386,61909.205,-515796.183,-437114.515,-453886.978
6643000,2350.4195,14404.4589,62109.1186,-517114.9665,-438250.9695,-455005.8479
6644000,2384.0198,14374.8009,61871.5942,-515990.0451,-437359.6302,-454118.4509
6645000,2384.9371,14342.7237,61223.0188,-515672.2941,-437721.6145,-454449.2753
6646000,2390.059,14363.7684,61482.0279,-515358.73,-437122.8747,-453876.7021
6647000,2383.4731,14325.3753,62049.9267,-516082.928,-437324.1529,-454033.0013
6648000,2363.4395,14375.5411,61643.0762,-516006.0081,-437623.95129999996,-454362.93189999997
6649000,2368.7339,14259.1156,61406.1813,-515107.0403,-437073.0095,-453700.859
6650000,2361.3762,14356.5295,61839.2025,-516053.6574,-437496.5492,-454214.4549
6651000,2378.7181,14383.4543,62560.4619,-517119.527,-437796.89269999997,-454559.0651
6652000,2357.9792,14255.7087,62201.6523,-516371.8501,-437556.50989999995,-454170.19779999997
6653000,2399.016,14233.8245,61866.5288,-516404.7135,-437905.3442,-454538.1847
6654000,2358.0502,14337.9964,61363.6085,-516041.0926,-437981.4375,-454677.4841
6655000,2362.3934,14329.9471,62131.4316,-516073.3425,-437249.5704,-453941.9109
6656000,2377.9754,14328.7412,62056.4439,-516508.5189,-437745.3584,-454452.075
6657000,2353.84,14310.7752,62150.0945,-516159.0479,-437344.3382,-454008.9534
6658000,2382.3899,14367.682,61541.9759,-515666.9574,-437374.9096,-454124.9815
6659000,2411.7323,14402.3039,61899.4126,-516126.4459,-437412.9971,-454227.0333
6660000,2349.0545,14374.5944,61717.8308,-516265.323,-437823.84329999995,-454547.4922
6661000,2376.2277,14321.0305,62093.8457,-516347.9889,-437556.885,-454254.1432
6662000,2371.1069,14309.1116,61664.9296,-515624.315,-437279.1669,-453959.3854
6663000,2376.7757,14285.6609,61721.8531,-516132.5341,-437748.24439999997,-454410.681
6664000,2336.7796,14316.4576,61890.2722,-515802.5721,-437259.0627,-453912.2999
6665000,2404.3348,14223.4546,62001.5008,-516173.8398,-437544.5496,-454172.33900000004
6666000,2395.8925,14314.1226,62155.4941,-516480.7442,-437615.235,-454325.2501
6667000,2386.4077,14391.6907,62060.8675,-515993.9032,-437154.9373,-453933.0357
6668000,2344.657,14301.1288,62360.9598,-516888.039,-437881.29339999997,-454527.0792
6669000,2369.5565,14275.0423,61415.371,-514766.8869,-436706.91709999996,-453351.5159
6670000,2382.898,14400.199,62035.5854,-515678.5868,-436859.9044,-453643.0014
6671000,2356.428,14365.4324,62317.4236,-516903.1986,-437863.9146,-454585.775
6672000,2376.8667,14336.8631,61973.2262,-516233.3874,-437546.4314,-454260.16120000003
6673000,2385.62,14299.5471,62116.2798,-516947.1474,-438145.70050000004,-454830.8676
6674000,2439.1578,14509.9922,61899.8232,-516418.0205,-437569.0473,-454518.1973
6675000,2388.7286,14277.6658,62277.2112,-516502.4052,-437558.79959999997,-454225.19399999996
6676000,2405.7811,14298.913,61777.9821,-515377.6394,-436894.9632,-453599.65729999996
6677000,2366.4912,14274.3947,61926.662,-515970.5994,-437403.0515,-454043.9374
6678000,2386.4594,14296.5029,62052.2577,-515785.7039,-437050.4839,-453733.4462
6679000,2399.1706,14372.702,62101.7679,-515597.2738,-436723.63330000004,-453495.50590000005
6680000,2356.4865,14186.9977,61421.6116,-514782.1632,-436817.0674,-453360.5516
6681000,2378.5912,14436.1302,61389.4088,-515644.4035,-437440.2733,-454254.99470000004
6682000,2394.7714,14319.8751,61927.1386,-515953.2734,-437311.4883,-454026.1348
6683000,2371.6359,14323.3179,61375.563,-514880.4261,-436809.9093,-453504.86309999996
6684000,2347.8475,14303.7525,62270.3371,-516162.2631,-437240.326,-453891.926
6685000,2378.3066,14341.1579,62228.9715,-515951.3,-437002.864,-453722.3285
6686000,2367.0908,14295.0624,61654.1849,-515985.4057,-437669.0676,-454331.2208
6687000,2326.5914,14258.7156,62038.2013,-515545.3386,-436921.83030000003,-453507.1373
6688000,2384.6883,14274.0861,61486.5095,-515685.8415,-437540.55759999994,-454199.332
6689000,2384.3381,14295.9993,61643.0076,-516357.7259,-438034.3809,-454714.7183
6690000,2377.8631,14289.6195,61992.638,-515886.8686,-437226.748,-453894.2306
6691000,2391.5894,14355.9844,61426.2831,-514849.8549,-436675.99799999996,-453423.5718
6692000,2380.2497,14356.7052,61041.3241,-514709.4633,-436931.1843,-453668.1392
6693000,2383.8617,14274.8618,62003.215,-515953.1315,-437291.193,-453949.91650000005
6694000,2372.5723,14317.2497,61944.3992,-515800.9329,-437166.7117,-453856.5337
6695000,2387.9677,14279.3199,62126.6153,-516502.5333,-437708.6304,-454375.918
6696000,2338.7784,14335.181,61621.4268,-516055.8451,-437760.45889999997,-454434.41829999996
6697000,2380.5524,14392.867,62161.6614,-516656.116,-437721.0352,-454494.4546
6698000,2392.5615,14307.1561,62179.4211,-517071.7866,-438192.6479,-454892.3655
6699000,2355.1452,14220.0025,61697.1822,-515377.3347,-437105.0048,-453680.1525
6700000,2386.1797,14251.4689,61951.2444,-516450.9761,-437862.08310000005,-454499.7317
6701000,2382.2243,14312.5414,62597.2014,-517467.1794,-438175.2123,-454869.978
6702000,2359.4467,14341.5695,61570.8934,-515441.3578,-437169.4482,-453870.4644
6703000,2381.378,14295.416,61802.7814,-515424.3994,-436944.824,-453621.618
6704000,2349.1297,14363.5159,61448.3984,-515379.3834,-437218.3394,-453930.985
6705000,2328.6937,14281.3783,61935.6436,-516031.2336,-437485.518,-454095.58999999997
6706000,2357.9394,14334.2616,62335.0494,-516645.0053,-437617.7549,-454309.9559
6707000,2382.0685,14404.8592,61804.5669,-515572.93,-436981.43539999996,-453768.3631
6708000,2368.6495,14253.9487,62035.9972,-516137.9686,-437479.37320000003,-454101.97140000004
6709000,2400.426,14273.9396,62496.9763,-516807.5311,-437636.1892,-454310.55480000004
6710000,2377.2644,14386.4259,61450.232,-514768.4057,-436554.4834,-453318.1737
6711000,2387.6509,14297.2966,61845.134,-515832.297,-437302.21550000005,-453987.163
6712000,2361.3374,14253.0152,62429.3092,-516563.3496,-437519.6878,-454134.0404
6713000,2382.1625,14271.2046,62283.8961,-516424.764,-437487.50080000004,-454140.8679
6714000,2379.9165,14389.6183,61343.0516,-515734.5024,-437621.91599999997,-454391.4508
6715000,2373.0294,14310.1639,61470.0746,-515419.5465,-437266.27859999996,-453949.4719
6716000,2408.3174,14388.6351,62309.7446,-516517.004,-437410.3069,-454207.25940000004
6717000,2387.7059,14383.4472,61405.8502,-516092.3635,-437915.3602,-454686.5133
6718000,2377.3067,14371.766,61620.9328,-516081.3814,-437711.3759,-454460.4486
6719000,2363.1602,14369.4167,62069.9186,-516800.0215,-437997.52599999995,-454730.1029
6720000,2386.5795,14355.7287,62236.9812,-516708.5162,-437729.2268,-454471.53500000003
6721000,2345.4739,14274.0021,62091.3951,-515916.5131,-437205.642,-453825.11799999996
6722000,2393.5507,14337.5005,62102.0727,-516675.3862,-437842.2623,-454573.3135
6723000,2363.6266,14404.6482,62068.2602,-516473.3364,-437636.8014,-454405.07619999995
6724000,2370.9205,14284.8608,61939.6453,-516450.0663,-437854.6397,-454510.42100000003
6725000,2381.4705,14350.7635,62188.2394,-516424.9191,-437504.4457,-454236.6797
6726000,2361.0763,14298.7474,61751.0417,-516126.5231,-437715.6577,-454375.4814
6727000,2378.0491,14303.2609,61549.9494,-515846.5188,-437615.25940000004,-454296.56940000004
6728000,2342.8256,14306.0267,62025.2432,-516028.3274,-437354.2319,-454003.08420000004
6729000,2359.7391,14228.2544,62511.6083,-516510.4562,-437410.8544,-453998.8479
6730000,2426.6809,14355.8847,61702.994,-515949.2738,-437463.71420000005,-454246.2798
6731000,2407.5156,14329.0608,61898.1681,-516577.9381,-437943.1936,-454679.77
6732000,2365.1515,14276.5132,62146.3932,-516202.6735,-437414.61559999996,-454056.2803
6733000,2358.2895,14219.1483,61563.7533,-515778.1373,-437636.9462,-454214.384
6734000,2323.2541,14291.6987,62203.1059,-516105.3054,-437287.2467,-453902.1995
6735000,2409.2727,14241.4138,61786.5281,-515159.6426,-436722.428,-453373.1145
6736000,2370.8918,14345.329,61251.746,-514543.4633,-436575.4965,-453291.7173
6737000,2388.2702,14365.1154,61937.6589,-515573.2059,-436882.1614,-453635.547
6738000,2369.3648,14268.9374,61874.3953,-516160.7672,-437648.0697,-454286.3719
6739000,2373.5125,14192.6329,61840.8588,-516152.0862,-437745.08200000005,-454311.22740000003
6740000,2377.5772,14218.6628,61805.9842,-515717.8598,-437315.6356,-453911.87559999997
6741000,2365.8773,14265.9603,61847.1609,-515514.0503,-437035.0518,-453666.8894
6742000,2358.7614,14354.8083,62554.3071,-517061.319,-437793.44220000005,-454507.01190000004
6743000,2369.6249,14303.8613,62961.5121,-517497.175,-437862.17669999995,-454535.6629
6744000,2379.7006,14317.9586,62143.8532,-516686.965,-437845.4526,-454543.1118
6745000,2361.1326,14300.5797,62332.4349,-516754.5467,-437760.3995,-454422.1118
6746000,2399.5914,14401.8458,62202.3498,-516504.9575,-437501.1705,-454302.6077
6747000,2371.3285,14339.7652,62502.2188,-517350.7002,-438137.3877,-454848.48140000005
6748000,2349.9479,14239.84,62361.1672,-517044.7712,-438093.8161,-454683.604
6749000,2330.5877,14345.3296,61838.2136,-516291.0343,-437776.9034,-454452.8207
6750000,2358.1953,14245.6695,61901.4633,-516599.335,-438094.00690000004,-454697.8717
6751000,2401.3054,14268.1575,61685.7561,-516173.9576,-437818.73860000004,-454488.2015
6752000,2378.3689,14263.5773,62301.9661,-516916.0845,-437972.17220000003,-454614.1184
6753000,2369.3038,14289.1205,62203.5849,-516425.3726,-437563.36340000003,-454221.7877
6754000,2420.8245,14344.9698,62259.8461,-517304.7943,-438279.15390000003,-455044.9482
6755000,2405.4188,14470.0788,62395.9772,-517184.7524,-437913.27760000003,-454788.7752
6756000,2399.2716,14433.2297,62327.48,-517295.0876,-438135.10630000004,-454967.60760000005
6757000,2388.7664,14269.5292,61824.0283,-516235.5853,-437753.26139999996,-454411.557
6758000,2334.691,14296.8177,62531.3643,-516963.7236,-437800.8506,-454432.3593
6759000,2413.852,14364.2591,61769.6434,-515989.7535,-437441.999,-454220.1101
6760000,2399.4741,14299.9261,61635.3754,-515888.9729,-437554.1973,-454253.5975
6761000,2381.7699,14348.9708,62241.1303,-516180.819,-437208.94800000003,-453939.6887
6762000,2370.2898,14220.2747,61775.5806,-515736.3134,-437370.1683,-453960.7328
6763000,2384.5267,14202.8014,61499.3703,-515825.0792,-437738.3808,-454325.70889999997
6764000,2377.5452,14338.2444,61889.1501,-516338.6263,-437733.6866,-454449.47620000003
6765000,2338.3131,14318.9057,62024.9025,-516614.0705,-437931.9492,-454589.16799999995
6766000,2383.961,14312.3071,62069.4105,-516987.7424,-438222.0638,-454918.3319
6767000,2356.3129,14371.0391,62259.4783,-516621.8114,-437634.9811,-454362.3331
6768000,2358.168,14399.4515,62321.9005,-516723.9926,-437644.4726,-454402.0921
6769000,2390.4183,14267.9475,62465.9732,-516584.3464,-437460.0074,-454118.3732
6770000,2389.2948,14352.4505,62126.1109,-516053.1018,-437185.2456,-453926.9909
6771000,2358.9653,14297.2873,62176.2916,-516546.4463,-437713.9021,-454370.1547
6772000,2365.7469,14257.5145,61720.7843,-516167.191,-437823.1453,-454446.4067
6773000,2422.3192,14276.5328,62278.0598,-516908.0239,-437931.11209999997,-454629.9641
6774000,2334.6831,14343.7184,61583.39,-516104.4134,-437842.6219,-454521.0234
6775000,2402.9353,14399.6431,61537.6934,-515532.5464,-437192.2746,-453994.853
6776000,2356.6403,14216.3891,62033.7461,-516513.7412,-437906.9657,-454479.9951
6777000,2368.5594,14249.1001,61902.4269,-516408.6592,-437888.57279999997,-454506.2323
6778000,2347.8235,14364.3832,62394.7366,-516566.0699,-437459.1266,-454171.3333
6779000,2377.2434,14283.789,61792.163,-515770.9789,-437317.7835,-453978.8159
6780000,2388.8099,14339.4863,62007.5224,-516069.284,-437333.4654,-454061.76159999997
6781000,2371.608,14373.47,61749.0166,-515482.5086,-436988.414,-453733.49199999997
6782000,2358.1879,14282.6287,62452.7133,-516373.344,-437279.81409999996,-453920.6307
6783000,2378.5589,14330.6432,62080.8242,-516725.0753,-437935.049,-454644.2511
6784000,2366.6067,14407.4152,61997.5586,-516872.2209,-438100.64040000003,-454874.6623
6785000,2367.5916,14429.5369,62074.7256,-516464.5354,-437592.6813,-454389.8098
6786000,2367.1647,14375.4505,62786.9802,-517863.2977,-438333.7023,-455076.3175
6787000,2393.3924,14387.4598,61578.7599,-515740.7948,-437381.1827,-454162.03489999997
6788000,2371.0231,14281.5634,61976.1138,-516358.116,-437729.4157,-454382.0022
6789000,2392.1878,14378.1075,61645.0033,-515767.0338,-437351.7352,-454122.0305
6790000,2374.8181,14347.0373,61857.6962,-516659.3498,-438079.7982,-454801.6536
6791000,2392.0447,14424.1923,61931.3229,-516294.8994,-437547.3395,-454363.57649999997
6792000,2356.6326,14301.7741,61670.6447,-515674.2765,-437345.2251,-454003.6318
6793000,2384.6241,14412.8383,62272.1196,-516611.4801,-437541.8981,-454339.3605
6794000,2374.828,14309.0708,61928.6552,-516002.8954,-437390.3414,-454074.2402
6795000,2380.8092,14332.1717,61972.4432,-516019.8403,-437334.4162,-454047.3971
6796000,2387.5622,14377.5489,61504.9321,-515116.9377,-436846.8945,-453612.00560000003
6797000,2367.3852,14301.1632,61680.9829,-516098.1919,-437748.66059999994,-454417.209
6798000,2386.7527,14357.3518,62288.8394,-516423.0137,-437390.0698,-454134.1743
6799000,2404.598,14392.6568,61913.606,-515775.7461,-437064.88529999997,-453862.14009999996
6800000,2366.8909,14302.6533,61933.631,-516120.1935,-437517.0183,-454186.5625
6801000,2344.3612,14377.2792,62289.3636,-516483.6895,-437472.68549999996,-454194.3259
6802000,2378.1027,14409.1044,62113.6404,-515975.3913,-437074.5438,-453861.75090000004
6803000,2373.6591,14345.2758,61781.889,-516377.0473,-437876.22339999996,-454595.15829999995
6804000,2433.1673,14355.0037,62195.2958,-516719.1354,-437735.66860000003,-454523.8396
6805000,2372.4724,14376.881,61884.8543,-516077.5677,-437443.36,-454192.7134
6806000,2387.9165,14246.953,61966.9746,-515990.3679,-437388.5238,-454023.3933
6807000,2380.75,14301.4133,62483.2683,-516430.5926,-437265.16099999996,-453947.3243
6808000,2373.0,14297.2106,62161.5461,-516372.3838,-437540.62710000004,-454210.83770000003
6809000,2354.4877,14330.5654,62296.7011,-516239.0445,-437257.2903,-453942.3434
6810000,2398.2582,14366.5015,62028.212,-516703.6147,-437910.643,-454675.4027
6811000,2385.6475,14297.5337,62329.7538,-517135.35,-438122.415,-454805.59619999997
6812000,2388.568,14341.0329,62702.3482,-517510.246,-438078.29689999996,-454807.8978
6813000,2390.6804,14345.8644,62279.1567,-516649.2434,-437633.54189999995,-454370.0867
6814000,2387.4923,14415.2851,61566.5027,-515530.2194,-437160.93929999997,-453963.7167
6815000,2348.0826,14312.4493,61913.8804,-515878.983,-437304.57070000004,-453965.1026
6816000,2381.3029,14299.0478,62257.9453,-516506.8322,-437568.5362,-454248.8869
6817000,2405.5571,14389.0511,61941.0127,-516433.34,-437697.7191,-454492.3273
6818000,2393.0712,14386.616,61938.4688,-516664.4894,-437946.3334,-454726.02060000005
6819000,2369.2046,14312.9869,62408.4163,-516649.0221,-437558.4143,-454240.6058
6820000,2367.6446,14357.4691,62356.696,-516438.4157,-437356.606,-454081.7197
6821000,2378.6173,14440.0782,62210.366,-516046.6701,-437017.6086,-453836.3041
6822000,2354.0129,14328.8336,61826.3269,-515414.401,-436905.2276,-453588.0741
6823000,2388.8198,14373.9837,61267.9686,-515204.474,-437173.7019,-453936.50539999997
6824000,2365.1845,14342.7301,61184.6032,-514564.8154,-436672.29760000005,-453380.2122
6825000,2358.3531,14350.2241,61364.2218,-515299.6725,-437226.8735,-453935.4507
6826000,2382.1698,14348.3158,61776.9011,-515476.048,-436968.66130000004,-453699.1469
6827000,2390.262,14343.2462,61743.33,-515733.8142,-437256.976,-453990.4842
6828000,2348.8742,14263.4712,61983.8922,-515513.1012,-436916.8636,-453529.209
6829000,2384.155,14360.6437,61606.4382,-515539.4223,-437188.18539999996,-453932.9841
6830000,2378.6626,14270.7779,62352.7863,-517200.654,-438198.4272,-454847.8677
6831000,2401.0801,14382.1145,62061.2093,-516710.6564,-437866.25249999994,-454649.4471
6832000,2363.7763,14301.2491,61874.6823,-516624.4823,-438084.7746,-454749.8
6833000,2353.8725,14333.0971,61681.5673,-516151.8364,-437783.29949999996,-454470.2691
6834000,2400.8548,14289.9908,62078.8625,-516191.7925,-437422.0844,-454112.93
6835000,2407.5277,14381.8115,61897.266,-515963.8305,-437277.2253,-454066.5645
6836000,2352.3661,14271.7178,61700.023,-516050.537,-437726.4301,-454350.514
6837000,2402.5307,14289.371,62010.4513,-516322.9265,-437620.5735,-454312.4752
6838000,2412.497,14361.8051,62130.4657,-517105.9858,-438201.218,-454975.5201
6839000,2399.3491,14421.7845,61936.4313,-516063.7108,-437306.1459,-454127.2795
6840000,2358.6886,14347.593,62382.4758,-517096.1827,-438007.4253,-454713.7069
6841000,2376.0648,14345.5184,62226.3237,-516884.6029,-437936.696,-454658.2792
6842000,2395.3149,14402.8574,62424.2926,-517828.0768,-438605.61189999996,-455403.7842
6843000,2383.4275,14303.2595,61985.7192,-516479.92,-437807.51379999996,-454494.2008
6844000,2356.3585,14335.4342,62174.6416,-517007.3989,-438140.96459999995,-454832.75729999994
6845000,2376.136,14360.0697,61349.5555,-515461.0164,-437375.2552,-454111.4609
6846000,2339.6038,14306.6367,62368.2619,-516940.7149,-437926.2125,-454572.45300000004
6847000,2388.6241,14325.6773,62017.6431,-516745.5006,-438013.55610000005,-454727.85750000004
6848000,2348.1566,14347.1302,61844.1442,-516430.4456,-437891.0146,-454586.3014
6849000,2370.5741,14397.8005,61371.1836,-515407.1534,-437267.5952,-454035.9698
6850000,2386.296,14294.4641,61861.1438,-516129.2327,-437587.3288,-454268.0889
6851000,2399.772,14293.5029,61479.8977,-515181.1252,-437007.9526,-453701.22750000004
6852000,2358.6147,14228.2141,62147.7674,-516293.7243,-437559.1281,-454145.9569
6853000,2348.6558,14173.9259,62103.8595,-516441.4479,-437815.0067,-454337.5884
6854000,2356.8523,14311.3795,61573.8772,-515003.7452,-436761.6362,-453429.868
6855000,2354.3157,14208.2534,62163.7933,-516099.0312,-437372.66880000004,-453935.2379
6856000,2387.6339,14287.975,62225.0431,-516431.4405,-437530.7885,-454206.3974
6857000,2375.4976,14295.3972,61455.1605,-515871.9186,-437745.86329999997,-454416.7581
6858000,2403.6703,14340.1096,62669.0246,-517540.0842,-438127.27969999996,-454871.0596
6859000,2372.0414,14297.3602,62248.3245,-516777.6686,-437859.9425,-454529.3441
6860000,2374.2209,14202.4321,62164.9023,-515984.6616,-437243.1063,-453819.7593
6861000,2364.3139,14287.1067,62427.4569,-517264.2604,-438185.3829,-454836.80350000004
6862000,2398.1997,14247.403,62012.009,-516588.2642,-437930.65249999997,-454576.25519999996
6863000,2364.437,14244.9219,61396.3273,-515651.1228,-437645.4366,-454254.7955
6864000,2325.905,14158.1277,61992.9476,-516517.5749,-438040.5946,-454524.6273
6865000,2381.9007,14310.4164,62192.2003,-516180.252,-437295.73459999997,-453988.05169999995
6866000,2360.4565,14340.5423,61844.0734,-516171.6023,-437626.53010000003,-454327.52890000003
6867000,2380.4856,14374.8809,61987.2048,-516352.5312,-437609.9599,-454365.3264
6868000,2392.7055,14343.8483,62422.4694,-517180.3211,-438021.2979,-454757.8517
6869000,2369.2624,14390.4993,62099.3095,-516473.5352,-437614.464,-454374.22569999995
6870000,2369.9071,14345.7095,61675.1836,-515994.0824,-437603.2822,-454318.8988
6871000,2399.7322,14396.4637,61729.7453,-515179.9817,-436654.0405,-453450.2364
6872000,2315.0958,14370.203,61936.2953,-516215.2778,-437593.6837,-454278.9825
6873000,2417.6608,14305.5381,61679.2056,-515051.9137,-436649.5092,-453372.7081
6874000,2352.4533,14295.1928,61583.4883,-515451.3654,-437220.231,-453867.87710000004
6875000,2388.8261,14381.9742,61867.6087,-515459.0322,-436820.62320000003,-453591.42350000003
6876000,2346.1691,14218.4639,62099.8359,-516164.1372,-437499.6683,-454064.3013
6877000,2345.1374,14300.0228,62231.626,-516978.8607,-438102.0745,-454747.23470000003
6878000,2384.0747,14337.595,62188.9344,-516738.4114,-437827.8073,-454549.47699999996
6879000,2387.1209,14359.1954,61796.8162,-515804.7052,-437261.5727,-454007.889
6880000,2393.5522,14391.1963,61651.0102,-515986.997,-437551.23829999997,-454335.98679999996
6881000,2405.6872,14287.0325,62101.1995,-516551.5686,-437757.6494,-454450.3691
6882000,2383.9133,14362.3271,61720.0721,-516388.2087,-437921.8962,-454668.1366
6883000,2380.5449,14401.5072,61891.6564,-516135.4453,-437461.7368,-454243.78890000004
6884000,2355.9539,14429.0145,61754.1424,-515717.3301,-437178.2193,-453963.1877
6885000,2365.4337,14301.0558,62223.7682,-515788.7032,-436898.4455,-453564.935
6886000,2379.1237,14232.657,62272.7758,-516450.7166,-437566.1601,-454177.9408
6887000,2366.1664,14312.451,62000.4676,-516030.2507,-437351.16569999995,-454029.7831
6888000,2391.1032,14298.9127,61739.0793,-515957.4616,-437528.3664,-454218.3823
6889000,2382.652,14417.6345,61696.693,-515436.5114,-436939.5319,-453739.8184
6890000,2410.8663,14339.3669,62206.1646,-516053.1407,-437096.74289999995,-453846.97609999997
6891000,2355.8784,14305.4473,62454.6268,-516525.4645,-437409.512,-454070.83770000003
6892000,2389.7952,14380.6034,62532.7185,-516824.6889,-437521.57180000003,-454291.9704
6893000,2390.9189,14353.0743,62394.3522,-516989.785,-437851.4396,-454595.43279999995
6894000,2372.5025,14367.6032,62518.4734,-517420.6881,-438162.10900000005,-454902.2147
6895000,2404.8316,14276.7537,62471.9404,-517011.284,-437857.7583,-454539.34359999996
6896000,2399.6404,14428.4435,62186.9546,-516670.2569,-437655.2184,-454483.3023
6897000,2366.406,14205.4337,61895.2478,-516160.3767,-437693.2892,-454265.1289
6898000,2393.1758,14200.8533,61910.2794,-515997.105,-437492.7965,-454086.8256
6899000,2394.3563,14383.1141,62201.3005,-516855.4536,-437876.6827,-454654.1531
6900000,2390.3746,14227.2517,61815.6575,-516035.5451,-437602.2613,-454219.8876
6901000,2368.4173,14282.7494,62382.6348,-517142.1106,-438108.3091,-454759.4758
6902000,2360.0497,14262.9754,61548.3778,-515240.5783,-437069.1754,-453692.2005
6903000,2403.0395,14339.0526,62111.2464,-516543.0548,-437689.7163,-454431.8084
6904000,2411.1456,14338.6724,62195.5343,-516148.6091,-437203.2568,-453953.0748
6905000,2367.1195,14375.4871,62231.935,-516938.2817,-437963.7401,-454706.3467
6906000,2368.0582,14376.6587,62337.5074,-517072.7619,-437990.5376,-454735.2545
6907000,2391.9544,14318.6848,62523.1636,-517424.7609,-438190.9581,-454901.5973
6908000,2358.9744,14247.8893,61645.7774,-516197.417,-437944.7759,-454551.6396
6909000,2393.4124,14387.2051,62393.288,-517074.7477,-437900.8422,-454681.4597
6910000,2354.1216,14294.241,61900.0506,-516189.5199,-437641.1067,-454289.4693
6911000,2375.2989,14386.5652,61693.747,-516763.0797,-438307.4686,-455069.3327
6912000,2354.3506,14356.1542,61547.2878,-515743.402,-437485.6094,-454196.1142
6913000,2337.5405,14360.4775,62087.1146,-516633.3034,-437848.17079999996,-454546.1888
6914000,2357.737,14306.0917,62546.8571,-516984.7306,-437774.04480000003,-454437.8735
6915000,2389.1461,14390.9353,62147.2293,-516243.5961,-437316.28540000005,-454096.3668
6916000,2411.0191,14297.243,61648.4918,-516063.1771,-437706.42319999996,-454414.68529999995
6917000,2369.3534,14343.1598,62301.4285,-517109.7228,-438095.7811,-454808.2943
6918000,2392.0932,14236.831,62464.392,-517237.3237,-438144.0075,-454772.9317
6919000,2400.0509,14319.4453,61864.0691,-516364.3596,-437780.7943,-454500.2905
6920000,2407.6346,14380.9972,61763.105,-516329.9708,-437778.234,-454566.8658
6921000,2408.9621,14354.0845,62324.8529,-516962.2753,-437874.3758,-454637.4224
6922000,2374.6675,14356.8865,61695.5736,-516100.575,-437673.4474,-454405.0014
6923000,2372.592,14351.3845,61704.2415,-516305.6967,-437877.4787,-454601.45519999997
6924000,2390.4225,14426.2365,62097.8754,-516769.1704,-437854.636,-454671.295
6925000,2390.2926,14260.0248,61592.5457,-515427.9646,-437185.1015,-453835.4189
6926000,2359.7194,14205.9223,62058.291,-515884.6994,-437260.7667,-453826.40839999996
6927000,2379.3466,14332.6799,62412.7934,-516436.9797,-437312.1598,-454024.1863
6928000,2378.6261,14319.2144,62150.0314,-516292.0712,-437444.1993,-454142.0398
6929000,2379.939,14373.522,62216.7566,-516514.889,-437544.6714,-454298.1324
6930000,2379.8593,14347.9953,62148.2438,-516501.3445,-437625.2461,-454353.1007
6931000,2364.1259,14304.3399,62256.1123,-516654.2019,-437729.6238,-454398.0896
6932000,2368.9323,14365.0838,61821.0003,-515808.9654,-437253.949,-453987.9651
6933000,2367.8097,14333.9755,62103.2761,-516808.3195,-438003.2582,-454705.04339999997
6934000,2382.5762,14188.4805,61457.6306,-515545.5164,-437516.82910000003,-454087.88580000005
6935000,2383.1386,14318.2047,62069.8607,-516308.9979,-437537.79390000005,-454239.1372
6936000,2349.3341,14241.9772,61996.7166,-516284.8766,-437696.84870000003,-454288.16000000003
6937000,2361.0606,14330.3579,61977.4232,-515899.3028,-437230.4611,-453921.8796
6938000,2402.4642,14337.8105,61972.6652,-516411.4566,-437698.5167,-454438.7914
6939000,2384.1554,14390.2453,62218.2039,-516426.1256,-437433.521,-454207.9217
6940000,2399.3282,14243.6835,62475.4903,-517331.522,-438213.02,-454856.0317
6941000,2343.1759,14333.3837,62367.6722,-517053.3633,-438009.1315,-454685.69110000005
6942000,2358.3899,14274.9094,62245.0005,-516559.1364,-437680.83660000004,-454314.1359
6943000,2375.0679,14346.6248,61859.418,-515623.5806,-437042.4699,-453764.1626
6944000,2397.2536,14348.4858,61889.886,-515679.8572,-437044.23180000007,-453789.9712
6945000,2415.0216,14370.9266,62353.8367,-516949.3076,-437809.5227,-454595.4709
6946000,2384.5753,14305.976,62148.0427,-516493.4001,-437654.80610000005,-454345.35740000004
6947000,2409.7893,14222.7575,61747.905,-515898.4226,-437517.9708,-454150.5176
6948000,2394.7772,14365.5073,62013.4901,-516338.475,-437564.7004,-454324.9849
6949000,2410.6411,14337.2768,62235.5645,-516244.5141,-437261.03169999993,-454008.9496
6950000,2374.49,14323.132,61653.8546,-516142.9936,-437791.517,-454489.13899999997
6951000,2373.8262,14241.4786,61783.4421,-516019.8898,-437621.1429,-454236.4477
6952000,2350.0769,14295.4768,61510.7974,-515722.4786,-437566.12749999994,-454211.6812
6953000,2347.6128,14286.2423,62448.4549,-517537.4492,-438455.1392,-455088.99429999996
6954000,2376.8712,14384.622,61873.4717,-516045.6223,-437410.65739999997,-454172.1506
6955000,2393.4946,14357.512,62355.841,-516284.7044,-437177.85679999995,-453928.8634
6956000,2335.0501,14326.4618,62262.0741,-516746.0898,-437822.5038,-454484.0157
6957000,2368.0329,14293.4231,62374.8001,-516746.6808,-437710.4247,-454371.8807
6958000,2367.0341,14375.8441,61715.9571,-516410.9411,-437952.1058,-454694.984
6959000,2378.7231,14357.1216,61863.7351,-516268.6209,-437669.0411,-454404.8858
6960000,2355.1383,14310.1006,61812.9559,-516044.45,-437566.2552,-454231.4941
6961000,2398.5144,14217.0462,62500.7125,-517001.2801,-437885.007,-454500.56759999995
6962000,2367.8813,14363.81,61991.8032,-516323.5147,-437600.0202,-454331.7115
6963000,2382.0491,14349.0599,62037.8854,-515805.9476,-437036.9532,-453768.06220000004
6964000,2393.5176,14229.0837,62363.7881,-516508.5802,-437522.19080000004,-454144.7921
6965000,2396.3913,14313.5286,61984.8965,-517103.2697,-438408.4533,-455118.37320000003
6966000,2381.3432,14328.7201,61969.4347,-516725.0876,-438045.58960000006,-454755.65290000004
6967000,2386.5777,14334.3197,62289.0568,-517008.7632,-437998.809,-454719.70639999997
6968000,2361.1741,14331.1787,62102.7066,-516677.5563,-437882.4969,-454574.8497
6969000,2398.0119,14365.7404,61917.3235,-516670.0314,-437988.9556,-454752.7079
6970000,2399.3469,14206.569,62111.1348,-516309.2715,-437592.2208,-454198.1367
6971000,2397.2936,14306.336,61964.3896,-516551.618,-437883.59880000004,-454587.2284
6972000,2389.7709,14386.999,62204.4075,-517053.0656,-438071.8882,-454848.6581
6973000,2378.4153,14402.9047,61640.679,-516826.9757,-438404.9767,-455186.2967
6974000,2368.2911,14223.4761,61649.3083,-515815.6176,-437574.5421,-454166.3093
6975000,2408.0464,14289.4582,61765.6149,-515527.2929,-437064.17339999997,-453761.678
6976000,2376.2892,14307.0921,61111.575,-515170.7542,-437375.7979,-454059.1792
6977000,2357.467,14282.2462,61795.9372,-515942.3179,-437506.66750000004,-454146.38070000004
6978000,2347.0862,14237.4836,62100.1852,-516974.3938,-438289.6388,-454874.2086
6979000,2389.121,14280.3026,62234.1986,-517251.446,-438347.8238,-455017.2474
6980000,2379.3755,14221.1626,62032.0299,-516074.0316,-437441.4636,-454042.00169999996
6981000,2364.3582,14184.7709,61942.5898,-516320.3072,-437828.58829999994,-454377.71739999996
6982000,2384.2378,14365.2825,62224.9685,-516723.895,-437749.4062,-454498.9265
6983000,2367.0621,14383.0206,61758.2219,-516536.2974,-438027.9928,-454778.0755
6984000,2390.6392,14270.9714,62024.371,-517105.8584,-438419.8768,-455081.48740000004
6985000,2349.0798,14247.0294,62091.9974,-517004.7481,-438316.6415,-454912.75070000003
6986000,2365.0867,14211.4004,62046.4905,-516716.3188,-438093.3412,-454669.8283
6987000,2323.5132,14270.484,62341.0676,-517240.2766,-438305.2118,-454899.209
6988000,2380.3544,14278.9738,62711.2295,-517628.2439,-438257.6862,-454917.0144
6989000,2350.1689,14171.6818,62186.6447,-516981.3034,-438272.80799999996,-454794.65869999997
6990000,2348.0761,14210.0076,62130.9412,-516195.0245,-437505.9996,-454064.0833
6991000,2393.8808,14378.9342,61923.5403,-516850.2523,-438153.897,-454926.712
6992000,2352.1885,14268.459,62376.3641,-516516.5795,-437519.5679,-454140.2154
6993000,2384.6153,14323.6214,62139.813,-515807.472,-436959.4223,-453667.659
6994000,2379.4443,14301.9535,62336.6168,-516745.553,-437727.5384,-454408.9362
6995000,2366.9935,14258.087,61499.2109,-515196.0341,-437071.7427,-453696.8232
6996000,2381.6999,14299.2397,61860.3937,-516120.0448,-437578.7115,-454259.65109999996
6997000,2371.092,14209.9829,62372.179,-516354.117,-437400.8631,-453981.938
6998000,2399.7521,14298.4149,62396.3778,-516728.1472,-437633.6024,-454331.7694
6999000,2384.3891,14302.3595,61323.1599,-515265.1984,-437255.2899,-453942.0385
7000000,2351.368,14277.4774,61649.846,-515674.1188,-437395.4274,-454024.2728
7001000,2407.0914,14413.0747,61761.3369,-515912.154,-437330.65099999995,-454150.8171
7002000,2363.1546,14271.6316,62338.5652,-517359.8018,-438386.45040000003,-455021.2366
7003000,2398.3565,14355.9998,61807.82,-516191.8087,-437629.6324,-454383.9887
7004000,2408.9687,14327.6605,62566.2836,-517026.6412,-437723.7284,-454460.3576
7005000,2357.8723,14198.5928,62015.9348,-515894.6199,-437322.22,-453878.6851
7006000,2414.8934,14231.3758,62151.3665,-516269.5674,-437471.9317,-454118.2009
7007000,2388.56,14316.9031,61767.0061,-516096.2759,-437623.8067,-454329.2698
7008000,2382.6292,14269.8313,62835.5083,-517304.0245,-437816.0557,-454468.5162
7009000,2377.0726,14260.9053,61782.0748,-515927.3622,-437507.3095,-454145.2874
7010000,2366.542,14290.1644,61903.2217,-516294.5713,-437734.6432,-454391.3496
7011000,2365.9304,14247.9698,61644.1524,-516590.8701,-438332.8175,-454946.7177
7012000,2413.9089,14323.3863,62054.7259,-516456.5874,-437664.5663,-454401.8615
7013000,2399.1968,14269.1978,61651.5809,-515628.0503,-437308.0748,-453976.4694
7014000,2395.8301,14276.4496,61818.2416,-515977.9284,-437487.40709999995,-454159.68679999997
7015000,2388.4496,14371.1373,61868.3422,-516444.7811,-437816.852,-454576.4389
7016000,2371.9653,14268.4681,61796.8742,-516418.6395,-437981.3319,-454621.76529999997
7017000,2405.2337,14304.8241,61772.2423,-516234.3831,-437752.083,-454462.1408
7018000,2397.3336,14255.3925,62257.784,-516229.2587,-437318.7486,-453971.4747
7019000,2350.5664,14210.5618,62052.5071,-515519.6657,-436906.03040000005,-453467.1586
7020000,2372.87,14260.867,62163.6612,-516562.5552,-437765.157,-454398.894
7021000,2370.932,14304.967,61981.3779,-516404.362,-437747.0851,-454422.9841
7022000,2373.5564,14297.3158,62311.7305,-516828.9678,-437846.3651,-454517.2373
7023000,2405.0892,14266.052,62119.2353,-516169.3057,-437378.9292,-454050.0704
7024000,2406.8441,14299.5793,62521.0941,-517044.0148,-437816.4973,-454522.9207
7025000,2399.5246,14370.1565,61517.7113,-515465.5236,-437178.1312,-453947.8123
7026000,2388.822,14359.8608,61644.067,-515127.1481,-436734.3983,-453483.0811
7027000,2420.6367,14235.6238,61882.3594,-515352.6734,-436814.05350000004,-453470.314
7028000,2401.7913,14307.4702,61389.7213,-515312.9083,-437213.9255,-453923.18700000003
7029000,2362.3846,14258.2355,61812.0768,-515901.2176,-437468.5207,-454089.1408
7030000,2355.904,14313.7375,61975.4224,-515820.7773,-437175.7134,-453845.35490000003
7031000,2367.7613,14247.3469,62170.6212,-516279.3214,-437493.592,-454108.7002
7032000,2392.8551,14383.6151,61594.732,-515777.3906,-437406.1884,-454182.65859999997
7033000,2390.3249,14253.0972,62581.1657,-516971.3923,-437746.8045,-454390.2266
7034000,2394.6759,14251.8089,61498.6838,-515349.5677,-437204.39910000004,-453850.8839
7035000,2357.3839,14341.6567,61701.7832,-515635.1088,-437234.285,-453933.3256
7036000,2371.2055,14280.2884,61644.1112,-516066.37,-437770.7649,-454422.2588
7037000,2413.3141,14294.579,62229.6256,-517164.5853,-438227.06659999996,-454934.9597
7038000,2383.6312,14236.2145,62119.1462,-516806.8912,-438067.89930000005,-454687.745
7039000,2373.5615,14334.064,61748.4049,-516204.4396,-437748.4092,-454456.03469999996
7040000,2346.154,14320.1656,61718.0046,-516224.6142,-437840.29000000004,-454506.6096
7041000,2389.6001,14380.2001,62346.3697,-516943.2025,-437827.03260000004,-454596.83280000003
7042000,2377.8234,14346.5203,62219.925,-516685.5647,-437741.296,-454465.6397
7043000,2420.3467,14345.0879,61570.8578,-515785.424,-437449.13159999996,-454214.5662
7044000,2402.6318,14358.3831,61911.9765,-516085.6442,-437412.6528,-454173.6677
7045000,2397.328,14298.612,62496.8191,-516859.2291,-437666.47,-454362.41
7046000,2384.3174,14329.6488,62518.1605,-517021.3284,-437789.2017,-454503.1679
7047000,2384.4112,14256.2507,61612.7916,-516137.3637,-437883.9102,-454524.5721
7048000,2389.8036,14362.7546,62221.215,-516852.0537,-437878.2805,-454630.83869999996
7049000,2403.2425,14371.673,62824.7265,-516387.5187,-436787.8767,-453562.7922
7050000,2342.6219,14396.1835,62273.1625,-516416.2704,-437404.3025,-454143.1079
7051000,2344.9204,14284.2461,61836.382,-515821.7066,-437356.1581,-453985.3246
7052000,2350.4102,14255.0534,62352.61,-516392.6505,-437434.5769,-454040.0405
7053000,2336.2013,14322.1795,62567.437,-517091.4913,-437865.67350000003,-454524.0543
7054000,2377.4667,14336.7725,61836.7338,-516064.4589,-437513.4859,-454227.72510000004
7055000,2367.0557,14308.5159,61893.4691,-516184.8587,-437615.81799999997,-454291.3896
7056000,2392.3716,14412.6833,62148.8214,-516461.4018,-437507.5255,-454312.5804
7057000,2351.7755,14226.9977,62326.6207,-517171.1926,-438265.79870000004,-454844.5719
7058000,2346.0061,14217.8054,61719.4795,-515812.1549,-437528.8639,-454092.6754
7059000,2383.3584,14287.9792,62655.2737,-516797.6409,-437471.0296,-454142.3672
7060000,2383.8271,14303.8717,61963.5415,-515977.392,-437326.1517,-454013.8505
7061000,2362.8689,14346.6268,62119.0611,-516886.4872,-438057.93039999995,-454767.4261
7062000,2375.2982,14285.2677,62134.0824,-516327.1001,-437532.4518,-454193.01769999997
7063000,2401.4091,14377.5944,62004.4298,-515896.3449,-437112.9116,-453891.91510000004
7064000,2373.8194,14346.6624,62056.4344,-516155.5146,-437378.5984,-454099.08019999997
7065000,2373.0089,14312.2973,61744.0586,-515977.8661,-437548.5013,-454233.8075
7066000,2344.8668,14356.7937,61949.2829,-515804.6,-437153.6566,-453855.3171
7067000,2350.8804,14368.5903,61482.5716,-515341.628,-437139.58570000005,-453859.0564
7068000,2385.2178,14409.2728,62262.8652,-516635.7745,-437578.4187,-454372.9093
7069000,2369.035,14221.5075,61597.0282,-515132.548,-436944.9773,-453535.5198
7070000,2380.6827,14422.4631,61858.3035,-516377.5218,-437716.0725,-454519.2183
7071000,2353.7431,14303.0233,62338.8644,-516431.8235,-437436.1927,-454092.9591
7072000,2386.6611,14266.9552,62046.9966,-516287.56,-437586.9471,-454240.5634
7073000,2355.3583,14315.9002,61800.1061,-516346.5411,-437875.17649999994,-454546.435
7074000,2363.0405,14240.1312,61367.7912,-515844.6046,-437873.64170000004,-454476.81340000004
7075000,2387.2732,14333.6093,62157.3881,-517062.2865,-438184.0159,-454904.8984
7076000,2375.3154,14321.6397,61906.444,-516816.5378,-438213.1387,-454910.0938
7077000,2375.3774,14301.4671,61855.4753,-516442.9904,-437910.6706,-454587.5151
7078000,2357.6872,14304.0583,61657.1585,-516107.6838,-437788.7798,-454450.5253
7079000,2407.6383,14310.5898,61776.8909,-515732.0342,-437236.9152,-453955.1433
7080000,2345.4803,14223.1922,62271.7855,-516861.7676,-438021.30960000004,-454589.9821
7081000,2396.523,14376.4902,61559.5782,-516301.9993,-437969.4079,-454742.42110000004
7082000,2381.1308,14254.0053,61752.3404,-515974.1382,-437586.6617,-454221.7978
7083000,2367.4546,14241.2353,61950.8312,-516694.0142,-438134.49309999996,-454743.18299999996
7084000,2373.017,14400.1884,61945.4535,-516106.1365,-437387.4776,-454160.683
7085000,2385.2232,14197.1395,61509.5283,-515263.3591,-437171.4681,-453753.8308
7086000,2361.6359,14319.6037,61564.5952,-515414.4736,-437168.6388,-453849.87840000005
7087000,2340.0408,14265.3955,61706.3418,-516239.0835,-437927.3054,-454532.7417
7088000,2379.6756,14374.5585,62333.1497,-516823.0565,-437735.6727,-454489.9068
7089000,2381.6901,14349.5922,61703.2848,-515920.7713,-437486.20420000004,-454217.4865
7090000,2379.8437,14259.102,61868.6858,-516294.6006,-437786.9691,-454425.9148
7091000,2400.6765,14327.3346,62032.2097,-516359.7566,-437599.5358,-454327.5469
7092000,2367.033,14324.0201,62312.436,-516551.4387,-437547.9496,-454239.0027
7093000,2364.9336,14282.8389,62121.3611,-516850.6997,-438081.5661,-454729.3386
7094000,2363.8427,14298.8756,61775.9584,-516060.264,-437621.5873,-454284.3056
7095000,2386.0246,14216.0647,61347.0463,-514939.4892,-436990.35360000003,-453592.4429
7096000,2402.5751,14406.51,61902.288,-516219.3092,-437507.93610000005,-454317.0212
7097000,2363.027,14303.2434,61805.1092,-516215.5532,-437744.17360000004,-454410.444
7098000,2405.3059,14301.6271,62379.3708,-515874.8838,-436788.58,-453495.51300000004
7099000,2389.2222,14352.3571,62122.6361,-516402.0063,-437537.7909,-454279.3702
7100000,2388.7487,14263.4047,62105.2691,-516770.2897,-438012.86720000004,-454665.02060000005
7101000,2356.5978,14216.4702,62498.5227,-517239.5908,-438168.0001,-454741.06810000003
7102000,2338.6442,14321.569,62507.6541,-517178.313,-438010.44570000004,-454670.65890000004
7103000,2365.9351,14284.9995,62056.161,-516378.2517,-437671.1561,-454322.0907
7104000,2360.9107,14309.8098,62012.7639,-516224.9719,-437541.4875,-454212.208
7105000,2342.1264,14371.4536,62187.4455,-516810.5437,-437909.5182,-454623.0982
7106000,2375.4613,14310.0198,62434.4881,-517492.3641,-438372.3949,-455057.876
7107000,2353.2593,14265.3945,61821.2815,-516778.8731,-438338.9378,-454957.59160000004
7108000,2378.2126,14339.9515,62412.2439,-516483.9906,-437353.5826,-454071.7467
7109000,2396.2529,14234.5357,61981.4785,-516544.2563,-437931.9892,-454562.77780000004
7110000,2382.8263,14376.1958,62378.3029,-517111.535,-437974.20999999996,-454733.23209999996
7111000,2359.7387,14348.8601,61430.6491,-516372.8029,-438233.555,-454942.15380000003
7112000,2337.5378,14366.2574,61377.8405,-515553.0523,-437471.4166,-454175.2118
7113000,2364.7256,14307.3913,62173.0833,-516491.5213,-437646.32110000006,-454318.438
7114000,2356.8811,14281.854,62041.8296,-516112.9134,-437432.34870000003,-454071.0838
7115000,2362.1063,14327.5532,62266.6634,-516939.4491,-437983.12620000006,-454672.7857
7116000,2345.3013,14463.0236,61775.8271,-515529.1944,-436945.0424,-453753.3673
7117000,2370.4686,14257.0355,61822.8145,-515862.6979,-437412.37930000003,-454039.88340000005
7118000,2350.6749,14229.5099,62020.5151,-515813.2375,-437212.5376,-453792.72239999997
7119000,2371.4199,14350.2698,62096.5207,-516783.0826,-437964.87220000004,-454686.56190000003
7120000,2402.9778,14277.406,62437.2068,-516626.0187,-437508.4281,-454188.81190000003
7121000,2367.748,14250.2218,61687.3687,-515941.5952,-437636.25669999997,-454254.2265
7122000,2374.5955,14288.1605,62270.3513,-516804.752,-437871.64469999995,-454534.4007
7123000,2378.0611,14226.9852,61819.9316,-515716.3093,-437291.3314,-453896.3777
7124000,2372.4293,14211.1105,61783.6738,-516428.8178,-438061.60420000006,-454645.14400000003
7125000,2373.0343,14328.4055,62326.4894,-516823.0469,-437795.1177,-454496.5575
7126000,2396.3378,14255.1915,62164.359,-516208.3126,-437392.4243,-454043.9536
7127000,2399.3146,14323.6479,62048.8682,-516692.3375,-437920.50680000003,-454643.4693
7128000,2378.1159,14349.5085,62122.6785,-516392.2796,-437541.9767,-454269.6011
7129000,2344.4791,14279.0717,61635.5173,-516071.5891,-437812.52099999995,-454436.0718
7130000,2389.4269,14320.4067,62558.192,-516817.179,-437549.1534,-454258.987
7131000,2382.9013,14309.5036,61396.0374,-514513.3269,-436424.8846,-453117.28949999996
7132000,2418.2598,14235.0535,61439.0266,-515469.6845,-437377.34459999995,-454030.6579
7133000,2383.0591,14386.0047,62291.2307,-516588.3025,-437528.008,-454297.0718
7134000,2324.9972,14276.6916,62513.2638,-516752.0923,-437637.1397,-454238.8285
7135000,2410.6356,14280.0096,61606.6559,-515680.633,-437383.3319,-454073.97709999996
7136000,2351.5517,14283.715,62253.1649,-516167.3463,-437278.91469999996,-453914.1814
7137000,2358.6668,14340.6235,62133.9758,-515740.3035,-436907.0374,-453606.32769999997
7138000,2382.8576,14182.9209,61536.6604,-515170.2762,-437067.8373,-453633.6158
7139000,2405.4811,14316.8696,61767.5355,-516759.1917,-438269.3055,-454991.6562
7140000,2401.6931,14310.0108,62245.616,-516649.7205,-437692.4006,-454404.1045
7141000,2379.1402,14328.906,62371.5856,-516380.1343,-437300.50249999994,-454008.5487
7142000,2391.7056,14215.8768,62338.3066,-516787.9723,-437842.08330000006,-454449.6657
7143000,2356.7253,14232.3253,61804.0771,-515531.7877,-437138.66,-453727.7106
7144000,2369.3257,14376.4302,61812.2193,-516054.5916,-437496.6164,-454242.3723
7145000,2372.4583,14265.7395,62293.8549,-516958.4053,-438026.3526,-454664.5504
7146000,2334.0204,14262.6252,61781.1827,-515928.1139,-437550.2856,-454146.9312
7147000,2397.8143,14390.5424,62826.4792,-517309.3292,-437694.4933,-454482.85
7148000,2414.8615,14335.7861,61743.2318,-515632.1969,-437138.3175,-453888.9651
7149000,2387.1467,14406.268,61945.2936,-515750.9848,-437012.2765,-453805.6912
7150000,2376.6168,14266.1954,62385.6774,-516005.6949,-436977.20530000003,-453620.0175
7151000,2361.3446,14316.1323,62140.2993,-516366.3738,-437548.5976,-454226.0745
7152000,2372.0803,14316.6683,61991.4379,-516039.6444,-437359.4579,-454048.2065
7153000,2411.5065,14374.6389,61941.2062,-515979.2934,-437251.94180000003,-454038.0872
7154000,2388.8063,14324.2728,61966.1592,-516676.99,-437997.7517,-454710.8308
7155000,2366.2429,14251.4491,62043.3293,-516247.4376,-437586.41630000004,-454204.1083
7156000,2368.5268,14266.3069,62225.7634,-516479.071,-437618.4739,-454253.3076
7157000,2365.7789,14276.0774,62023.85,-516043.5604,-437377.8541,-454019.71040000004
7158000,2373.3375,14229.1424,61920.5101,-516386.2004,-437863.2104,-454465.69029999996
7159000,2358.7299,14264.6082,62109.4094,-516983.7057,-438250.9582,-454874.2963
7160000,2367.7532,14231.4974,62343.1369,-516814.7721,-437872.3846,-454471.6352
7161000,2402.2938,14284.2346,62385.5067,-517167.5166,-438095.4815,-454782.00989999995
7162000,2395.3175,14359.6277,62415.6712,-517229.3988,-438058.7824,-454813.72760000004
7163000,2377.3423,14296.286,62336.3607,-516555.5826,-437545.5936,-454219.2219
7164000,2390.6465,14287.8574,62313.6262,-516575.1352,-437583.0051,-454261.509
7165000,2403.1011,14307.5234,61911.1618,-516351.8879,-437730.10159999994,-454440.72609999997
7166000,2368.3558,14252.9784,61703.6406,-515326.4154,-437001.4406,-453622.7748
7167000,2373.6587,14267.8705,62262.3725,-516893.2391,-437989.3374,-454630.8666
7168000,2391.1005,14273.4186,61442.3841,-514770.3109,-436663.4077,-453327.92679999996
7169000,2353.6046,14344.6777,62121.1021,-516206.5183,-437387.1339,-454085.4162
7170000,2387.902,14262.1538,61785.0776,-516009.6649,-437574.5315,-454224.58729999996
7171000,2381.6855,14287.5677,62357.0501,-517077.6639,-438051.3606,-454720.6138
7172000,2375.2098,14270.9254,61430.3217,-515872.6501,-437796.19320000004,-454442.3284
7173000,2394.1897,14246.9009,62221.3,-516634.0635,-437771.6729,-454412.7635
7174000,2401.6529,14296.2089,61807.5849,-516032.7489,-437527.30220000003,-454225.164
7175000,2422.7787,14275.3049,62087.2365,-516877.8629,-438092.5428,-454790.6264
7176000,2342.6855,14394.3941,62135.3985,-516547.2588,-437674.7807,-454411.8603
7177000,2350.4891,14242.1652,62013.1468,-515591.0774,-436985.2763,-453577.9306
7178000,2344.9066,14230.9846,61876.4883,-515526.6002,-437074.2207,-453650.1119
7179000,2376.2696,14294.1376,62079.9485,-516399.4,-437649.0443,-454319.4515
7180000,2356.0126,14240.6591,61842.8481,-515909.0589,-437469.5391,-454066.2108
7181000,2358.2388,14333.4765,61485.8927,-515186.6663,-437009.0583,-453700.77359999996
7182000,2397.5824,14207.3839,61670.5207,-515885.7305,-437610.2435,-454215.2098
7183000,2385.3743,14249.3531,62344.0727,-516202.9922,-437224.1921,-453858.91949999996
7184000,2392.4752,14297.8669,62341.7679,-516259.6531,-437227.5431,-453917.8852
7185000,2395.8087,14327.358,61824.9129,-515992.6113,-437444.5317,-454167.6984
7186000,2344.4433,14266.3392,61676.8286,-516047.5066,-437759.8955,-454370.678
7187000,2385.1835,14313.3177,62043.1446,-516131.7001,-437390.0543,-454088.5555
7188000,2406.3435,14315.1658,62117.1776,-516150.157,-437311.47010000004,-454032.9794
7189000,2391.6329,14220.586,61904.9091,-515582.2717,-437065.1437,-453677.3626
7190000,2397.8344,14341.4764,61947.6897,-516664.9922,-437977.9917,-454717.3025
7191000,2403.2921,14249.9678,61755.413,-515576.8335,-437168.1606,-453821.4205
7192000,2389.4424,14298.9105,62385.403,-516650.103,-437576.3471,-454264.7
7193000,2357.9345,14293.4205,62216.0173,-516685.6657,-437818.2934,-454469.6484
7194000,2375.5289,14285.6746,62387.9273,-516519.2382,-437470.10740000004,-454131.31090000004
7195000,2372.6538,14271.1551,62372.1939,-517164.5604,-438148.5576,-454792.3665
7196000,2376.9351,14373.6477,61792.1203,-516336.5657,-437793.8626,-454544.44539999997
7197000,2406.102,14193.7088,62023.0808,-516426.578,-437803.6864,-454403.4972
7198000,2409.1039,14284.917,61519.4725,-515911.9215,-437698.4281,-454392.449
7199000,2369.255,14306.395,62082.6282,-515922.2363,-437163.9581,-453839.6081
7200000,2399.4599,14303.1163,61960.459,-515965.3653,-437302.3301,-454004.90630000003
7201000,2371.7435,14331.1801,62184.6305,-516107.3869,-437219.8328,-453922.75639999995
7202000,2401.2246,14318.7354,61768.3112,-515774.5096,-437286.23840000003,-454006.1984
7203000,2362.3672,14120.1358,61506.1219,-515256.7322,-437268.10730000003,-453750.61030000006
7204000,2395.7185,14314.692,62031.1862,-516001.9724,-437260.37570000003,-453970.78620000003
7205000,2395.5843,14374.9284,61959.4653,-516289.3387,-437559.3607,-454329.87340000004
7206000,2424.5075,14257.7352,62285.4951,-516772.2602,-437804.5224,-454486.7651
7207000,2387.4662,14340.2336,62259.2476,-516637.2261,-437650.2787,-454377.9785
7208000,2381.8916,14305.6884,61888.7216,-515756.8718,-437180.5702,-453868.15020000003
7209000,2357.0272,14212.7159,62028.5868,-516248.3145,-437649.98459999997,-454219.7277
7210000,2328.8169,14242.4137,61880.9269,-515666.1876,-437214.0301,-453785.2607
7211000,2376.2477,14270.8005,61736.0974,-515964.9059,-437581.7603,-454228.80850000004
7212000,2392.4972,14193.3064,61060.8687,-514972.047,-437325.37470000004,-453911.1783
7213000,2393.7861,14253.5692,62241.0084,-516531.5849,-437643.2212,-454290.5765
7214000,2374.1405,14329.7817,62539.7975,-517741.2498,-438497.5301,-455201.4523
7215000,2379.522,14263.7561,62442.9444,-516564.4164,-437478.19389999995,-454121.472
7216000,2370.2426,14330.8611,61709.2443,-515988.2735,-437577.9255,-454279.0292
7217000,2399.7437,14279.8891,61805.1988,-515764.4207,-437279.5891,-453959.2219
7218000,2387.6188,14343.1492,62121.2063,-516740.4841,-437888.5098,-454619.2778
7219000,2403.2925,14269.1331,61872.0418,-516555.5902,-438011.1228,-454683.54839999997
7220000,2361.3665,14346.9075,62230.9917,-516842.9682,-437903.7025,-454611.9765
7221000,2399.4663,14232.8373,62230.5364,-516337.1398,-437474.29980000004,-454106.6034
7222000,2372.708,14343.994,61558.4787,-515548.3966,-437273.21589999995,-453989.9179
7223000,2371.1326,14265.9892,62341.5179,-516999.479,-438020.8393,-454657.9611
7224000,2378.5467,14366.0853,62363.8679,-516752.4996,-437643.9997,-454388.63169999997
7225000,2363.0098,14346.1598,62166.0526,-515637.1599,-436761.9377,-453471.10730000003
7226000,2350.0234,14288.7281,61705.5479,-515705.9401,-437361.6407,-454000.3922
7227000,2362.5956,14255.7999,62017.1217,-515556.7189,-436921.2017,-453539.59719999996
7228000,2398.2475,14407.246,61874.704,-515798.5825,-437118.385,-453923.8785
7229000,2404.6014,14217.1621,62131.9803,-516473.2179,-437719.4741,-454341.2376
7230000,2390.4843,14307.8342,62207.0691,-516579.0465,-437673.6589,-454371.9774
7231000,2359.2787,14335.9618,62205.0242,-516096.2734,-437196.0087,-453891.2492
7232000,2386.5726,14409.7598,61743.411,-516008.5115,-437468.7681,-454265.1005
7233000,2391.1952,14221.6312,62409.4257,-516485.7223,-437463.47020000004,-454076.2966
7234000,2359.0048,14290.0614,61721.3426,-515553.5777,-437183.16890000005,-453832.23510000005
7235000,2385.4702,14271.2442,62160.025,-516759.8458,-437943.1064,-454599.8208
7236000,2346.5567,14398.7475,62034.0031,-516435.7016,-437656.3943,-454401.69849999994
7237000,2379.4015,14191.5587,62435.9073,-516566.9018,-437560.0343,-454130.9945
7238000,2358.1619,14295.0351,62152.5847,-516282.36,-437476.5783,-454129.7753
7239000,2413.1552,14283.3696,62141.4324,-516242.0085,-437404.0513,-454100.5761
7240000,2399.2705,14434.0132,62188.9938,-516648.3934,-437626.1159,-454459.3996
7241000,2393.6068,14304.3159,62270.6206,-516912.4324,-437943.8891,-454641.81179999997
7242000,2377.0038,14375.5249,62070.7928,-516818.2559,-437994.93439999997,-454747.4631
7243000,2413.2328,14301.9474,61802.1197,-515800.2672,-437282.9673,-453998.1475
7244000,2400.9159,14336.0284,61372.0727,-515418.9304,-437309.9134,-454046.8577
7245000,2368.6369,14392.0125,62041.2875,-516467.2367,-437665.29980000004,-454425.94920000003
7246000,2416.4973,14386.2079,62247.5192,-516822.442,-437772.2176,-454574.9228
7247000,2388.2856,14345.9136,61523.5284,-516028.0032,-437770.2756,-454504.47479999997
7248000,2405.4597,14293.29,61756.7286,-516138.635,-437683.1567,-454381.9064
7249000,2381.4157,14287.5469,62903.0894,-517486.9766,-437914.9246,-454583.8872
7250000,2396.6134,14317.8718,62170.1149,-516597.9396,-437713.3395,-454427.8247
7251000,2376.9164,14264.6005,61374.2755,-515755.9131,-437740.12069999997,-454381.6376
7252000,2365.9902,14259.5356,61917.7894,-515943.3255,-437400.01029999997,-454025.53609999997
7253000,2358.6817,14317.8707,62281.3422,-516868.7249,-437910.8303,-454587.38269999996
7254000,2365.5414,14200.7882,62116.1532,-516666.0433,-437983.5605,-454549.8901
7255000,2344.9937,14236.6977,61830.0594,-516207.962,-437796.2112,-454377.90260000003
7256000,2381.1634,14205.3162,62187.5289,-516167.0116,-437393.00310000003,-453979.48270000005
7257000,2365.6061,14368.0898,62097.6784,-516139.9964,-437308.62210000004,-454042.318
7258000,2397.2764,14299.5522,61968.0069,-516127.1998,-437462.3643,-454159.1929
7259000,2377.4484,14211.9724,61739.0964,-516028.1903,-437699.6731,-454289.09390000004
7260000,2387.4255,14213.6939,61889.1623,-515604.8546,-437114.5729,-453715.6923
7261000,2362.4673,14246.5721,61867.6602,-516030.7313,-437554.0317,-454163.0711
7262000,2380.2433,14412.9901,61904.1887,-515652.7486,-436955.32649999997,-453748.5599
7263000,2381.3629,14332.4486,61621.762,-515841.3826,-437505.8091,-454219.6206
7264000,2429.6996,14285.3314,62252.243,-516549.4147,-437582.1407,-454297.1717
7265000,2411.8862,14296.652,62498.9911,-517249.5551,-438042.0258,-454750.564
7266000,2360.1896,14348.8293,61988.4817,-516822.8626,-438125.36199999996,-454834.3809
7267000,2417.2587,14445.3603,61880.4,-516279.826,-437536.80700000003,-454399.426
7268000,2389.2802,14330.2073,61682.5019,-516437.3902,-438035.4008,-454754.8883
7269000,2397.8169,14376.8407,61960.4429,-516144.2249,-437409.1244,-454183.78199999995
7270000,2391.3977,14422.1964,61636.6977,-516515.7589,-438065.4671,-454879.0612
7271000,2359.8225,14341.6914,62013.5846,-516224.1234,-437509.02489999996,-454210.5388
7272000,2398.9455,14276.5015,62141.2694,-516097.0124,-437280.296,-453955.743
7273000,2381.4538,14328.9224,61971.8887,-516289.3503,-437607.0854,-454317.4616
7274000,2356.7003,14312.1899,62272.1999,-516213.5177,-437272.42760000005,-453941.3178
7275000,2401.6614,14363.6971,62000.925,-516184.1591,-437417.87559999997,-454183.2341
7276000,2407.2672,14332.6566,62326.9565,-516083.8834,-437017.0031,-453756.92689999996
7277000,2370.2252,14293.7558,62180.1745,-516238.5368,-437394.3813,-454058.3623
7278000,2380.2445,14315.2102,62176.4568,-515614.6732,-436742.76170000003,-453438.21640000003
7279000,2358.7838,14312.9011,62169.4854,-516408.7769,-437567.6066,-454239.2915
7280000,2375.6461,14293.9225,61704.2709,-515865.8151,-437491.9756,-454161.5442
7281000,2383.9974,14345.6844,62201.3748,-516568.3865,-437637.3299,-454367.01170000003
7282000,2378.6225,14313.0785,61800.0879,-515838.6487,-437346.85980000003,-454038.56080000004
7283000,2393.1755,14247.3799,61738.596,-516147.1682,-437768.0168,-454408.5722
7284000,2386.5607,14351.5845,62171.8447,-516495.7301,-437585.7402,-454323.88539999997
7285000,2384.3931,14411.2466,62209.5929,-516732.3054,-437727.0728,-454522.7125
7286000,2353.9516,14337.0953,62477.7016,-516855.0445,-437686.29600000003,-454377.34290000005
7287000,2358.3378,14249.1169,62014.9861,-516508.5305,-437886.0897,-454493.5444
7288000,2392.7908,14479.4133,61908.5995,-517127.935,-438347.1314,-455219.3355
7289000,2364.1091,14364.8042,61728.1598,-515712.8637,-437255.79059999995,-453984.70389999996
7290000,2398.3149,14287.852,62522.7601,-517416.6031,-438207.67610000004,-454893.843
7291000,2371.8611,14274.8864,62356.0293,-517558.1937,-438555.4169,-455202.1644
7292000,2381.8029,14259.2724,61822.9748,-515821.7163,-437357.6662,-453998.74149999995
7293000,2373.4811,14298.7542,62124.6725,-516675.2653,-437878.35750000004,-454550.59280000004
7294000,2410.6904,14330.6837,61771.6973,-515902.0715,-437389.0001,-454130.3742
7295000,2394.4903,14265.052,61891.7116,-515535.4573,-436984.2034,-453643.7457
7296000,2367.4995,14276.7667,61780.2939,-515803.342,-437378.7819,-454023.0481
7297000,2375.5378,14308.8073,61992.6754,-516492.923,-437815.9025,-454500.2476
7298000,2360.5553,14423.4583,62275.1029,-515862.6282,-436803.5117,-453587.5253
7299000,2330.6998,14337.9633,62122.0351,-516592.8307,-437802.1325,-454470.7956
7300000,2376.5571,14270.547,61926.7739,-515724.9004,-437151.0224,-453798.1265
7301000,2369.5874,14313.0839,61921.3766,-516133.5685,-437529.5206,-454212.1919
7302000,2401.9403,14246.6946,62194.0188,-516466.3749,-437623.7212,-454272.3561
7303000,2368.0943,14392.9617,62036.0972,-516355.0109,-437557.8577,-454318.9137
7304000,2406.9133,14372.5678,61798.6382,-515871.8102,-437293.6909,-454073.172
7305000,2418.6281,14400.3881,61877.1189,-515970.8779,-437274.7428,-454093.759
7306000,2343.1478,14358.0825,61466.6751,-515986.4544,-437818.549,-454519.7793
7307000,2379.2243,14360.1557,61631.2132,-516395.0285,-438024.4353,-454763.8153
7308000,2369.8821,14358.1231,62035.3505,-516539.2649,-437775.9092,-454503.9144
7309000,2387.9899,14289.3445,62411.8949,-516672.0755,-437582.84619999997,-454260.18059999996
7310000,2351.4789,14256.0026,62284.493,-517358.4323,-438466.4578,-455073.93929999997
7311000,2386.7532,14301.4466,62164.6723,-516399.7881,-437546.916,-454235.1158
7312000,2378.4751,14354.9979,61812.1091,-515879.7554,-437334.1733,-454067.6463
7313000,2384.5977,14281.5875,61802.5366,-516117.0145,-437648.2927,-454314.4779
7314000,2339.2722,14298.6996,62541.5001,-517174.724,-437995.2521,-454633.2239
7315000,2332.0857,14248.7423,62079.5897,-515741.6504,-437081.2327,-453662.0607
7316000,2389.8601,14216.0326,62192.146,-516410.9648,-437612.92610000004,-454218.8188
7317000,2360.3114,14229.049,62312.156,-516471.9042,-437570.38779999997,-454159.7482
7318000,2414.8354,14315.674,62529.4762,-516401.2476,-437141.262,-453871.7714
7319000,2402.2061,14340.0698,62115.0593,-516108.3446,-437251.0094,-453993.2853
7320000,2366.5518,14319.7477,61995.0449,-516443.8967,-437762.5523,-454448.8518
7321000,2369.2586,14344.9394,62098.739,-516264.368,-437451.431,-454165.629
7322000,2371.8028,14303.9219,61929.6446,-515528.5474,-436923.1781,-453598.9028
7323000,2360.3047,14230.7097,61776.1387,-515798.1825,-437431.0294,-454022.0438
7324000,2364.0187,14319.5525,62144.7146,-516684.4804,-437856.1946,-454539.7658
7325000,2348.2228,14232.9183,61396.8159,-515698.434,-437720.477,-454301.6181
7326000,2364.4346,14388.0345,62235.3277,-516387.4183,-437399.6215,-454152.0906
7327000,2412.6419,14373.4579,62142.6423,-516068.5797,-437139.83759999997,-453925.9374
7328000,2358.5924,14267.1029,61040.1414,-514907.3085,-437241.4718,-453867.16709999996
7329000,2387.4102,14458.7028,62012.2138,-516172.5569,-437314.23010000004,-454160.34310000006
7330000,2382.3615,14285.5001,61553.8671,-514701.1691,-436479.44039999996,-453147.302
7331000,2385.0876,14335.6726,61563.0359,-515837.6026,-437553.80649999995,-454274.56669999997
7332000,2377.4285,14347.8273,61864.9347,-515887.7903,-437297.59979999997,-454022.8556
7333000,2408.406,14403.9346,62273.6988,-516064.6981,-436978.65869999997,-453790.99929999997
7334000,2383.8089,14265.1132,61767.4985,-516068.4203,-437651.9997,-454300.9218
7335000,2390.6799,14327.4576,62212.3384,-516662.0258,-437731.5499,-454449.6874
7336000,2397.1479,14440.8737,61746.949,-516007.0981,-437422.1275,-454260.1491
7337000,2413.6234,14310.7319,61853.3892,-516423.6281,-437845.88359999994,-454570.2389
7338000,2377.1702,14254.3946,62183.9252,-516284.992,-437469.50200000004,-454101.06680000003
7339000,2364.0991,14332.2484,62387.7683,-516866.1018,-437781.98600000003,-454478.3335
7340000,2357.4835,14279.0862,62181.4557,-515775.7715,-436957.7461,-453594.3158
7341000,2373.3193,14308.0826,61928.4418,-515524.5494,-436914.70570000005,-453596.1076
7342000,2379.9408,14300.151,62186.3994,-516308.6528,-437442.1616,-454122.2534
7343000,2370.7414,14276.0671,61847.9872,-515706.9723,-437212.1766,-453858.98510000005
7344000,2381.8116,14394.9328,62249.0941,-516548.0722,-437522.2337,-454298.9781
7345000,2395.3205,14326.4314,61889.2084,-515548.8262,-436937.8659,-453659.6178
7346000,2406.5846,14293.1234,61740.9023,-515163.6278,-436723.0175,-453422.7255
7347000,2359.9082,14222.2371,62063.1192,-516181.8228,-437536.55830000003,-454118.7036
7348000,2380.9357,14326.274,61732.8483,-515638.3049,-437198.2469,-453905.4566
7349000,2363.8933,14304.1919,61870.0778,-516228.8452,-437690.6822,-454358.7674
7350000,2380.8453,14345.5993,62222.486,-516459.4399,-437510.50930000003,-454236.9539
7351000,2389.257,14294.3698,62637.4672,-517009.8914,-437688.79740000004,-454372.4242
7352000,2371.1183,14368.5902,62071.9753,-516536.293,-437724.6092,-454464.3177
7353000,2348.33,14355.0795,61335.4856,-515818.0829,-437779.18779999996,-454482.59729999996
7354000,2338.6171,14322.0853,62277.4921,-516498.624,-437560.42949999997,-454221.13190000004
7355000,2359.6489,14264.1536,61910.897,-515574.8089,-437040.1094,-453663.9119
7356000,2380.9876,14315.1714,61694.4108,-515874.3016,-437483.7318,-454179.8908
7357000,2344.2639,14364.0287,62077.333,-516681.0048,-437895.37919999997,-454603.6718
7358000,2384.0048,14343.5385,62349.0059,-516372.053,-437295.5038,-454023.0471
7359000,2366.3318,14289.8287,61860.1897,-516236.8322,-437720.482,-454376.6425
7360000,2380.1547,14333.3078,62770.3228,-517575.1017,-438091.3164,-454804.7789
7361000,2382.4988,14399.1601,61766.4367,-516367.5946,-437819.499,-454601.1579
7362000,2363.051,14206.1309,61910.5344,-516352.7617,-437873.04539999994,-454442.22729999997
7363000,2358.4774,14234.7958,61697.7288,-516237.3412,-437946.33920000005,-454539.61240000004
7364000,2358.6653,14365.7535,61556.8248,-515442.9763,-437161.7327,-453886.1515
7365000,2392.5386,14380.4083,62204.5772,-516867.3765,-437889.85240000003,-454662.7993
7366000,2377.1521,14290.7001,62260.9206,-517288.6196,-438359.84679999994,-455027.69899999996
7367000,2358.4027,14258.1825,62194.551,-516815.3771,-438004.2409,-454620.8261
7368000,2379.4377,14360.5173,62019.5091,-515899.0553,-437139.5912,-453879.5462
7369000,2342.8696,14264.9885,61804.3665,-515574.1578,-437161.93319999997,-453769.7913
7370000,2380.9012,14351.9204,61718.7578,-515889.0443,-437437.4649,-454170.2865
7371000,2394.6274,14343.8674,61914.0071,-516372.2529,-437719.75100000005,-454458.24580000003
7372000,2395.3105,14409.4906,61706.537,-515133.5333,-436622.1952,-453426.9963
7373000,2406.8874,14326.2134,62039.5518,-516559.7676,-437787.115,-454520.2158
7374000,2400.8798,14312.9531,62206.1753,-517053.3934,-438133.3852,-454847.2181
7375000,2350.4024,14417.6976,61891.5468,-516481.8123,-437822.1655,-454590.2655
7376000,2368.5533,14382.9588,61376.7657,-515633.0796,-437504.8018,-454256.3139
7377000,2345.3544,14366.535,62541.1062,-517166.0665,-437913.07090000005,-454624.96030000004
7378000,2355.7481,14225.4997,61500.9339,-515763.9908,-437681.8091,-454263.0569
7379000,2370.1242,14300.1446,62169.2882,-516641.8737,-437802.31669999997,-454472.5855
7380000,2351.7678,14311.5141,62405.187,-517491.223,-438422.7541,-455086.036
7381000,2427.9113,14291.7541,62308.6938,-516617.6978,-437589.3386,-454309.004
7382000,2372.1445,14422.5043,62248.9485,-516094.5857,-437050.98840000003,-453845.6372
7383000,2362.643,14337.5005,62648.9579,-517228.8261,-437879.7247,-454579.8682
7384000,2362.1714,14317.314,62063.7293,-516178.645,-437435.4303,-454114.9157
7385000,2365.3657,14308.013,62277.6828,-516803.3842,-437852.32269999996,-454525.70139999996
7386000,2360.7246,14334.5531,61828.692,-515925.0285,-437401.0588,-454096.33650000003
7387000,2359.2188,14313.4217,62047.3847,-516525.8799,-437805.8547,-454478.4952
7388000,2383.7448,14374.8237,62871.2175,-517430.1484,-437800.3624,-454558.93090000004
7389000,2349.1439,14398.664,61952.4421,-517002.314,-438302.064,-455049.8719
7390000,2341.3954,14444.1692,62168.3219,-516953.3319,-437999.44539999997,-454785.01
7391000,2364.0079,14350.1379,62339.8532,-516780.6729,-437726.6739,-454440.8197
7392000,2382.631,14337.4506,61389.2394,-515611.3355,-437502.0145,-454222.09609999997
7393000,2381.6109,14267.1468,62391.0801,-517015.4385,-437975.60069999995,-454624.35839999997
7394000,2369.5359,14371.6299,61856.7202,-515999.0151,-437401.1291,-454142.29490000004
7395000,2406.4129,14421.2226,61844.9172,-515481.9301,-436809.3774,-453637.0129
7396000,2378.9135,14313.7835,61400.5744,-515485.1073,-437391.83589999995,-454084.5329
7397000,2356.5882,14230.7242,62022.827,-516054.8433,-437444.7039,-454032.0163
7398000,2360.9552,14329.8287,62101.9147,-516004.2985,-437211.5999,-453902.38379999995
7399000,2371.5676,14314.8835,61797.278,-515707.933,-437224.2039,-453910.655
7400000,2371.7988,14307.5776,61919.4865,-516296.6422,-437697.7793,-454377.1557
7401000,2378.4813,14347.2817,61895.5058,-515622.0083,-437000.7395,-453726.5025
7402000,2361.9153,14301.4495,62134.8824,-516688.6475,-437890.40030000004,-454553.7651
7403000,2383.9219,14310.5646,62223.4314,-516970.5185,-438052.6006,-454747.0871
7404000,2392.3153,14346.4064,61467.1281,-515217.2369,-437011.38710000005,-453750.10880000005
7405000,2373.8542,14239.6519,61929.1225,-516436.6962,-437894.0676,-454507.5737
7406000,2349.4171,14355.8837,62275.3487,-517013.1775,-438032.528,-454737.8288
7407000,2365.7974,14271.6908,61955.74,-516878.3413,-438285.11309999996,-454922.6013
7408000,2374.1544,14289.2055,62992.3766,-517207.3909,-437551.6544,-454215.0143
7409000,2402.3414,14358.2579,62118.8613,-516534.7734,-437655.3128,-454415.9121
7410000,2377.6815,14273.261,61998.6568,-516227.9433,-437578.344,-454229.2865
7411000,2365.368,14400.0105,61447.4021,-516478.9715,-438266.1909,-455031.5694
7412000,2374.4444,14270.6343,62376.5761,-516688.0314,-437666.37659999996,-454311.4553
7413000,2367.4148,14348.3494,62442.296,-516329.5944,-437171.5342,-453887.29839999997
7414000,2359.8438,14274.0603,62176.8308,-515943.3406,-437132.60569999996,-453766.5098
7415000,2360.9027,14295.7712,61473.6432,-515644.2124,-437513.89530000003,-454170.5692
7416000,2366.392,14263.7706,61699.4494,-516866.2322,-438536.6202,-455166.78280000004
7417000,2382.3973,14295.3519,62210.2155,-516560.8684,-437672.90369999997,-454350.6529
7418000,2339.0448,14247.0379,61926.695,-516406.9284,-437894.1507,-454480.23339999997
7419000,2378.7929,14324.5782,61752.0868,-515882.0301,-437426.5722,-454129.9433
7420000,2397.4965,14350.7438,61988.4192,-516278.971,-437542.3115,-454290.5518
7421000,2381.2807,14259.7952,61888.0263,-516067.1755,-437538.07330000005,-454179.1492
7422000,2387.1466,14365.4725,61909.0157,-516119.0537,-437457.4189,-454210.038
7423000,2396.8686,14407.0295,61889.5277,-516210.5134,-437517.08759999997,-454320.9857
7424000,2380.1039,14411.9971,62667.4204,-517093.6697,-437634.1483,-454426.2493
7425000,2400.2685,14404.0654,61062.8768,-514766.1201,-436898.9094,-453703.2433
7426000,2399.9163,14317.9481,61663.31,-516089.3074,-437708.13300000003,-454425.9974
7427000,2401.9352,14324.317,62159.6639,-516586.666,-437700.74990000005,-454427.00210000004
7428000,2374.5721,14353.5825,62581.5268,-516872.6765,-437562.9951,-454291.1497
7429000,2352.2772,14345.0426,62200.6612,-516517.8476,-437619.86659999995,-454317.1864
7430000,2401.0253,14385.6715,61746.6756,-516383.095,-437849.7226,-454636.41939999996
7431000,2389.9508,14286.8631,61750.1897,-515611.1889,-437184.1853,-453860.9992
7432000,2374.1369,14265.8468,62241.7942,-517199.8055,-438318.02760000003,-454958.0113
7433000,2378.295,14349.4337,61499.3586,-515077.1867,-436850.0994,-453577.82810000004
7434000,2319.5237,14266.6732,61342.5924,-515056.0273,-437127.238,-453713.4349
7435000,2391.3276,14376.7295,62289.44,-516706.5569,-437649.05980000005,-454417.1169
7436000,2412.8119,14380.5666,62014.1827,-516315.0208,-437507.4596,-454300.8381
7437000,2360.4208,14295.9041,62153.366,-516971.5117,-438161.8208,-454818.1457
7438000,2420.51,14464.4745,62060.3283,-516585.1888,-437639.876,-454524.8605
7439000,2364.6447,14354.2294,61969.5474,-516050.8348,-437362.4133,-454081.28740000003
7440000,2361.3381,14313.2035,62251.55,-516729.4994,-437803.4078,-454477.9494
7441000,2351.8448,14332.6265,62255.6488,-516547.7111,-437607.591,-454292.0623
7442000,2388.0951,14400.9155,61854.3201,-515551.7288,-436908.3981,-453697.40869999997
7443000,2323.1859,14319.6957,62393.4056,-517041.1983,-438004.9111,-454647.7927
7444000,2365.3868,14375.511,62353.5129,-516766.2791,-437671.8684,-454412.76619999995
7445000,2375.0225,14330.0398,61653.0726,-516224.2305,-437866.0956,-454571.1579
7446000,2382.0591,14204.1029,62618.1065,-516742.8896,-437538.6211,-454124.7831
7447000,2384.9184,14336.2508,62057.3056,-516523.5097,-437745.03489999997,-454466.2041
7448000,2412.5792,14328.007,62159.9083,-515829.9603,-436929.4658,-453670.05199999997
7449000,2394.8655,14338.307,62288.3184,-516982.4262,-437960.9353,-454694.1078
7450000,2415.5811,14342.7637,61935.0167,-516394.611,-437701.2495,-454459.5943
7451000,2376.8064,14194.1909,62296.6537,-516540.2791,-437672.6281,-454243.62539999996
7452000,2385.9999,14371.4464,61719.1884,-515266.482,-436789.8473,-453547.29360000003
7453000,2378.3371,14327.6176,61717.608,-515345.0667,-436921.504,-453627.4587
7454000,2432.747,14448.4871,62458.0311,-516872.0701,-437532.8049,-454414.039
7455000,2392.7131,14284.1117,62190.9441,-516740.0126,-437872.2437,-454549.0685
7456000,2397.0443,14261.5191,61561.9071,-515381.8654,-437161.3949,-453819.9583
7457000,2367.1448,14348.8672,61632.6243,-514870.3134,-436521.6771,-453237.68909999996
7458000,2368.7405,14329.5657,61308.3108,-515150.6492,-437144.0322,-453842.3384
7459000,2362.0591,14341.7291,61825.6322,-516187.8414,-437658.421,-454362.2092
7460000,2394.2522,14319.2807,61429.2202,-514798.1891,-436655.436,-453368.96890000004
7461000,2386.8986,14294.8755,61694.3351,-515901.2906,-437525.1814,-454206.95550000004
7462000,2380.4509,14320.8041,61727.2274,-515892.132,-437463.6496,-454164.9046
7463000,2398.0111,14362.6928,61728.9052,-516134.0177,-437644.4086,-454405.11250000005
7464000,2346.9401,14324.9771,62239.4706,-517027.6705,-438116.2827,-454788.1999
7465000,2352.2249,14432.7331,61983.1323,-516017.6421,-437249.5518,-454034.5098
7466000,2381.8947,14310.9375,62177.7019,-516709.7282,-437839.1941,-454532.0263
7467000,2353.4379,14354.9983,61996.2924,-516670.902,-437966.17339999997,-454674.6096
7468000,2357.0305,14297.9812,61911.2524,-516513.3913,-437947.1272,-454602.1389
7469000,2395.7961,14367.595,62334.3752,-516965.956,-437868.1897,-454631.5808
7470000,2388.4594,14309.0579,62617.7974,-517258.8352,-437943.5205,-454641.0378
7471000,2396.6499,14336.025,61893.2521,-516135.1278,-437509.2008,-454241.87570000003
7472000,2399.4484,14320.9468,61746.4427,-516105.7221,-437638.88420000003,-454359.2794
7473000,2386.2391,14295.0432,62464.5096,-516914.3468,-437768.5549,-454449.8372
7474000,2349.3205,14378.101,61685.8193,-516376.4147,-437963.17390000005,-454690.5954
7475000,2384.0671,14337.1616,61925.7429,-516270.5954,-437623.6238,-454344.8525
7476000,2409.8029,14427.8034,62167.5127,-516449.6666,-437444.5476,-454282.1539
7477000,2387.8284,14365.404,61857.3005,-516535.917,-437925.3841,-454678.6165
7478000,2456.5717,14366.7237,62008.5009,-516037.2282,-437205.4319,-454028.7273
7479000,2380.4405,14395.2293,61843.9129,-516095.1475,-437475.56480000005,-454251.2346
7480000,2374.3361,14260.0931,62574.742,-517255.9068,-438046.7356,-454681.1648
7481000,2377.2904,14259.9423,62175.3633,-516610.828,-437798.23199999996,-454435.4647
7482000,2384.1817,14272.4844,61805.5843,-516256.1919,-437793.94149999996,-454450.6076
7483000,2385.5093,14311.5616,62225.5045,-517185.1105,-438262.5351,-454959.606
7484000,2384.2997,14303.6498,61625.3808,-515303.9666,-436990.6363,-453678.5858
7485000,2360.0268,14294.1483,61786.292,-515592.4674,-437152.0003,-453806.1754
7486000,2364.9616,14282.5898,61920.774,-515750.7732,-437182.44779999997,-453829.9992
7487000,2377.1672,14235.7464,61845.637,-516101.9932,-437643.4426,-454256.35620000004
7488000,2340.3095,14284.5096,61767.6514,-516430.1388,-438037.6683,-454662.4874
7489000,2371.1137,14271.2266,61505.5674,-515626.808,-437478.90030000004,-454121.2406
7490000,2363.7728,14228.1135,61782.9216,-516127.4187,-437752.61079999997,-454344.4971
7491000,2380.9495,14276.9345,62315.9049,-515754.6337,-436780.8448,-453438.7288
7492000,2383.1023,14258.3546,62024.1144,-516658.5379,-437992.9666,-454634.4235
7493000,2375.7989,14258.4954,61821.7991,-516483.4109,-438027.3175,-454661.6118
7494000,2359.0629,14267.2764,61980.7562,-516462.291,-437855.19550000003,-454481.5348
7495000,2393.7084,14410.903,61713.6848,-515638.6102,-437120.314,-453924.9254
7496000,2400.7406,14368.9169,61644.5396,-516160.9355,-437746.73840000003,-454516.3959
7497000,2388.5896,14323.2154,61774.1842,-516369.6451,-437883.6559,-454595.4609
7498000,2393.3035,14266.2856,62452.1669,-516986.4982,-437874.7422,-454534.33129999996
7499000,2368.4671,14302.4442,61933.1291,-516045.1577,-437441.1173,-454112.02859999996
7500000,2383.8497,14359.8853,62145.315,-516266.8108,-437377.7608,-454121.4958
7501000,2378.2039,14332.0383,62321.8393,-516364.0195,-437331.93799999997,-454042.1802
7502000,2370.6809,14396.0553,61474.5055,-515245.3436,-437004.1019,-453770.83810000005
7503000,2418.4186,14255.5032,62001.2948,-515772.6652,-437097.4486,-453771.3704
7504000,2400.2593,14358.21,61977.4089,-516775.0932,-438039.21499999997,-454797.6843
7505000,2362.3767,14350.1315,62487.2446,-516622.5142,-437422.76139999996,-454135.2696
7506000,2376.8842,14348.3111,62218.5178,-515956.122,-437012.4089,-453737.60419999994
7507000,2399.033,14355.7815,61849.9632,-516250.696,-437645.9183,-454400.7328
7508000,2402.9354,14418.6553,62162.0279,-516389.3479,-437405.7293,-454227.32
7509000,2366.9214,14174.2535,62644.1171,-516987.6469,-437802.3549,-454343.5298
7510000,2401.8631,14355.6333,61729.6577,-515716.9873,-437229.8332,-453987.3296
7511000,2367.1901,14313.912,62235.3725,-516687.0262,-437770.5516,-454451.6537
7512000,2374.6001,14245.7514,62000.3276,-515491.8154,-436871.1363,-453491.4878
7513000,2364.0024,14280.9679,62067.219,-516339.0719,-437626.8826,-454271.8529
7514000,2410.2336,14361.5005,61446.965,-515442.9264,-437224.2273,-453995.96140000003
7515000,2416.5236,14245.0682,61657.2439,-515244.1316,-436925.2959,-453586.8877
7516000,2388.8024,14329.0358,62248.588,-516657.823,-437691.3968,-454409.235
7517000,2373.3481,14422.3212,61922.4613,-516029.5117,-437311.3811,-454107.05039999995
7518000,2358.6632,14302.1953,62299.5416,-516351.8976,-437391.49750000006,-454052.356
7519000,2382.9477,14347.1195,62345.6673,-517469.7823,-438394.0478,-455124.115
7520000,2394.4449,14320.2858,62049.679,-516170.7854,-437406.3757,-454121.1064
7521000,2411.9643,14430.2943,62170.9341,-516769.1128,-437755.9201,-454598.1787
7522000,2367.3388,14329.8454,62033.1744,-516610.9926,-437880.63399999996,-454577.8182
7523000,2356.134,14414.5807,62107.1263,-516528.4499,-437650.6089,-454421.3236
7524000,2398.8201,14428.8368,61658.5838,-516571.1609,-438084.92020000005,-454912.5771
7525000,2380.6789,14418.4486,61504.575,-516171.785,-437868.08249999996,-454667.20999999996
7526000,2374.7189,14241.3544,62178.3621,-516171.6008,-437377.1654,-453993.2387
7527000,2400.6209,14374.2539,62022.8988,-516420.8998,-437623.1262,-454398.001
7528000,2370.4034,14306.8175,61575.1134,-515428.4411,-437176.1068,-453853.3277
7529000,2359.0778,14353.1111,61841.9143,-516387.1136,-437833.01039999997,-454545.1993
7530000,2402.1736,14381.4588,61940.8122,-516072.5531,-437348.10850000003,-454131.74090000003
7531000,2370.0361,14302.5546,61885.7127,-515426.7995,-436868.4961,-453541.08680000005
7532000,2365.6424,14382.6247,61784.1597,-516360.6872,-437828.26039999997,-454576.52749999997
7533000,2357.2858,14339.2525,61879.6402,-516121.1989,-437545.02040000004,-454241.5587
7534000,2393.4293,14334.2937,62200.719,-516053.9087,-437125.46670000005,-453853.18970000005
7535000,2394.9345,14374.0952,61829.285,-516058.5895,-437460.2748,-454229.30449999997
7536000,2374.9739,14391.7104,61932.8065,-515750.2032,-437050.71239999996,-453817.3967
7537000,2368.9956,14288.8791,61974.3102,-516773.4578,-438141.2729,-454799.14759999997
7538000,2402.8823,14253.6168,61955.1033,-516319.4542,-437707.85179999995,-454364.35089999996
7539000,2375.1696,14433.4493,62013.4982,-516219.9932,-437397.8761,-454206.495
7540000,2352.3517,14358.2143,62058.208,-515829.1113,-437060.3373,-453770.9033
7541000,2406.6174,14269.5426,62302.5694,-516659.2124,-437680.483,-454356.64300000004
7542000,2369.2321,14311.6534,61913.6571,-516108.597,-437514.0544,-454194.9399
7543000,2393.1562,14423.7413,62335.2699,-516977.3039,-437825.1365,-454642.034
7544000,2382.7941,14412.46,61984.2921,-516784.7066,-438005.1604,-454800.41449999996
7545000,2366.611,14243.5133,61890.5974,-515964.0504,-437463.3287,-454073.453
7546000,2378.5583,14379.7207,61416.0779,-515929.1146,-437754.75769999996,-454513.0367
7547000,2382.3138,14280.7776,62156.0569,-515644.0685,-436824.9202,-453488.01159999997
7548000,2399.1449,14265.244,62002.9863,-516136.0768,-437468.7016,-454133.0905
7549000,2395.0869,14314.6414,61852.2818,-516002.5023,-437440.4922,-454150.2205
7550000,2366.8863,14218.6896,62020.1439,-516515.6921,-437909.97229999996,-454495.54819999996
7551000,2376.8094,14345.1784,62334.6091,-517365.603,-438309.0061,-455030.9939
7552000,2378.7404,14277.9654,61727.8916,-516577.9083,-438193.31090000004,-454850.01670000004
7553000,2377.8435,14284.9072,62200.3107,-516222.6451,-437359.5837,-454022.33440000005
7554000,2375.5147,14288.9104,61651.0999,-516350.6774,-438035.1524,-454699.5775
7555000,2383.033,14331.6794,62158.689,-516739.7289,-437866.3275,-454581.0399
7556000,2365.9242,14239.4634,62099.2245,-516029.8735,-437325.26139999996,-453930.649
7557000,2400.1729,14227.8832,61884.6694,-515642.6092,-437129.8837,-453757.9398
7558000,2378.9189,14290.4266,62533.2499,-516959.0358,-437756.4404,-454425.7859
7559000,2402.6494,14320.9416,61689.2057,-515453.3989,-437040.60219999996,-453764.1932
7560000,2364.0618,14206.7454,62294.3557,-516606.9975,-437741.8346,-454312.6418
7561000,2355.6363,14234.8416,62300.0653,-516548.3194,-437657.77619999996,-454248.25409999996
7562000,2383.2427,14322.584,62149.1591,-516295.3966,-437440.41079999995,-454146.2375
7563000,2389.3007,14401.928,61696.5109,-516095.3055,-437607.56590000005,-454398.7946
7564000,2384.7277,14280.8059,61427.7111,-515507.3197,-437414.075,-454079.6086
7565000,2353.1885,14360.2497,61914.2765,-516623.8906,-437996.1759,-454709.6141
7566000,2360.9422,14270.0977,61887.4502,-515574.0057,-437055.5156,-453686.55549999996
7567000,2391.5336,14313.8202,62308.6944,-516614.6959,-437600.6477,-454306.0015
7568000,2410.459,14364.088,61775.098,-516248.6869,-437699.04189999995,-454473.5889
7569000,2373.1905,14323.3091,61515.4246,-515581.2526,-437369.3284,-454065.828
7570000,2374.9085,14337.0857,62122.3386,-517067.7056,-438233.3728,-454945.36699999997
7571000,2411.863,14233.0874,61600.999,-515722.1462,-437476.19680000003,-454121.1472
7572000,2402.155,14295.9508,61969.9063,-516026.3592,-437358.3471,-454056.45290000003
7573000,2365.4278,14350.033,61473.9589,-515693.5382,-437504.1185,-454219.5793
7574000,2364.5324,14307.8048,62464.5684,-516575.9328,-437439.0272,-454111.3644
7575000,2356.6194,14224.4307,62425.6262,-516310.5982,-437303.9219,-453884.972
7576000,2389.2809,14412.9836,62642.9511,-517076.7305,-437631.5149,-454433.7794
7577000,2356.3972,14312.4151,61632.282,-515679.9147,-437378.8204,-454047.6327
7578000,2402.0657,14248.114,61801.0035,-516115.9767,-437664.7935,-454314.9732
7579000,2401.2498,14328.9896,62393.8727,-516678.743,-437554.6309,-454284.8703
7580000,2378.8874,14291.0179,62216.4411,-516968.4393,-438082.09290000005,-454751.99820000003
7581000,2378.9217,14292.5588,62202.1,-516901.1748,-438027.5943,-454699.0748
7582000,2404.5172,14349.8165,62540.8367,-517227.2527,-437932.0823,-454686.416
7583000,2432.4006,14326.8325,62217.5128,-516776.3986,-437799.65270000004,-454558.88580000005
7584000,2400.6533,14319.074,62183.3471,-517211.3405,-438308.2661,-455027.9934
7585000,2387.9367,14362.3789,61893.1941,-516437.2251,-437793.7154,-454544.03099999996
7586000,2363.1991,14375.7285,61919.0343,-515985.3956,-437327.4337,-454066.3613
7587000,2349.1784,14327.3698,62094.5778,-516978.9075,-438207.7815,-454884.3297
7588000,2409.6118,14382.322,62368.2644,-517079.6459,-437919.4477,-454711.3815
7589000,2367.5437,14259.7391,61949.2683,-516716.8778,-438140.3267,-454767.6095
7590000,2383.6332,14263.5125,62833.8271,-517275.5348,-437794.56200000003,-454441.7077
7591000,2410.3406,14256.3957,62380.1944,-516626.4161,-437579.4854,-454246.2217
7592000,2439.823,14358.6196,62510.3885,-516253.5656,-436944.73449999996,-453743.1771
7593000,2347.3657,14325.8204,61766.1988,-515936.5123,-437497.1274,-454170.3135
7594000,2414.8562,14354.2404,62125.217,-516863.9651,-437969.6515,-454738.74809999997
7595000,2387.0129,14304.0518,62041.8143,-515843.6354,-437110.7564,-453801.82110000006
7596000,2400.6399,14323.7607,62176.5233,-516076.008,-437175.0841,-453899.4847
7597000,2380.6861,14290.4042,61686.0992,-515912.6639,-437555.4744,-454226.5647
7598000,2317.8423,14225.1351,61676.8535,-516029.7338,-437809.9029,-454352.88029999996
7599000,2382.3715,14347.1058,61905.5714,-515971.5377,-437336.489,-454065.9663
7600000,2414.7582,14331.9817,61944.4741,-516768.2913,-438077.0773,-454823.8172
7601000,2401.4481,14311.9243,61679.7994,-515574.0401,-437180.8683,-453894.24069999997
7602000,2402.4735,14320.0917,61900.2271,-515509.5002,-436886.70790000004,-453609.2731
7603000,2392.8808,14295.7967,62139.925,-516334.3478,-437505.74529999995,-454194.4228
7604000,2363.7324,14248.295,61804.126,-516224.6545,-437808.5011,-454420.5285
7605000,2357.4729,14362.8034,61945.8325,-516053.852,-437387.7432,-454108.0195
7606000,2375.6295,14296.6778,61877.1701,-516087.4559,-437537.97849999997,-454210.2858
7607000,2372.2634,14345.3625,61832.5776,-515574.783,-437024.5795,-453742.2054
7608000,2368.6727,14343.4918,61531.6874,-516075.2255,-437831.3736,-454543.5381
7609000,2378.8299,14325.7661,61631.3799,-515439.6783,-437103.7024,-453808.2984
7610000,2407.1544,14252.6839,62198.6176,-516379.2437,-437520.7878,-454180.6261
7611000,2357.7599,14397.4041,62156.2874,-516507.3907,-437595.93929999997,-454351.10329999996
7612000,2380.3677,14310.5407,62205.1392,-516152.8714,-437256.8238,-453947.7322
7613000,2412.4298,14499.4249,62286.9247,-516659.8603,-437461.0809,-454372.93559999997
7614000,2342.2246,14313.7855,61550.0163,-515381.978,-437175.95160000003,-453831.9617
7615000,2391.4897,14291.097,61563.7592,-515727.9683,-437481.6224,-454164.2091
7616000,2412.1027,14369.0669,61992.432,-516359.1824,-437585.5808,-454366.7504
7617000,2376.6103,14349.4105,62525.2283,-517271.3983,-438020.1492,-454746.17
7618000,2374.8336,14360.0611,62516.9296,-516832.5643,-437580.74,-454315.63470000005
7619000,2393.3417,14369.7409,62146.3404,-516522.1178,-437612.6948,-454375.7774
7620000,2372.2134,14306.9298,61728.1414,-515712.9823,-437305.69769999996,-453984.84089999995
7621000,2394.2105,14407.3612,62591.8006,-516756.5118,-437363.1395,-454164.71119999996
7622000,2371.1888,14371.3031,61675.1351,-516039.0549,-437621.4279,-454363.9198
7623000,2372.2588,14455.3587,62254.5128,-515743.9944,-436661.8641,-453489.48160000006
7624000,2401.5138,14418.1827,62167.126,-515918.4617,-436931.6392,-453751.3357
7625000,2372.3098,14321.0927,61131.8741,-514622.6593,-436797.3827,-453490.7852
7626000,2393.3126,14365.8408,61624.3769,-515811.0797,-437427.5494,-454186.70279999997
7627000,2409.0939,14358.4655,61873.301,-516332.2552,-437691.3948,-454458.95420000004
7628000,2381.2964,14345.6973,62283.4491,-516247.2584,-437236.8156,-453963.80929999996
7629000,2366.0111,14280.3131,62283.049,-515855.5422,-436926.169,-453572.4932
7630000,2385.5058,14353.9735,61695.1066,-515414.7705,-436980.1846,-453719.6639
7631000,2419.7262,14277.7805,61897.5853,-515606.4786,-437011.38659999997,-453708.8933
7632000,2393.1425,14401.1758,62544.3374,-516318.1286,-436979.4729,-453773.7912
7633000,2404.2054,14411.2313,62054.7914,-516249.6048,-437379.37669999996,-454194.8134
7634000,2375.8115,14300.6058,61895.8008,-515723.0501,-437150.832,-453827.2493
7635000,2387.6601,14386.3767,61945.784,-516181.4925,-437461.6717,-454235.7085
7636000,2383.579,14264.1201,61575.5921,-514848.9528,-436625.6616,-453273.3607
7637000,2387.2454,14255.1924,61775.483,-516673.6355,-438255.7147,-454898.15249999997
7638000,2436.9045,14413.234,62039.8921,-516371.3283,-437481.2977,-454331.4362
7639000,2443.8864,14328.7198,61549.968,-515478.0914,-437155.5172,-453928.1234
7640000,2372.9584,14203.9798,61686.4662,-515950.7351,-437687.3307,-454264.26889999997
7641000,2407.0851,14297.5787,62390.5596,-517137.8686,-438042.64519999997,-454747.309
7642000,2427.7241,14351.4334,61860.3946,-516144.2004,-437504.6483,-454283.8058
7643000,2367.2711,14289.9006,62178.9634,-516749.3032,-437913.1681,-454570.3398
7644000,2407.2891,14269.5717,62078.5476,-516836.3657,-438080.9573,-454757.81810000003
7645000,2397.0053,14293.5452,61911.6631,-515766.9959,-437164.78229999996,-453855.3328
7646000,2380.2742,14281.7823,61755.3499,-516693.4158,-438276.0094,-454938.06590000005
7647000,2405.1255,14354.7459,61582.8128,-516337.3929,-437994.70869999996,-454754.58009999996
7648000,2388.7903,14274.3236,62186.0966,-516665.409,-437816.1985,-454479.3124
7649000,2361.1657,14320.2822,62043.0471,-515798.1186,-437073.6236,-453755.07149999996
7650000,2384.8862,14407.7798,62175.7018,-516243.9229,-437275.5551,-454068.2211
7651000,2357.3095,14405.4435,61563.8489,-515707.8551,-437381.2532,-454144.0062
7652000,2401.6687,14418.8257,62130.8415,-516828.8339,-437877.498,-454697.99240000005
7653000,2347.0473,14310.6579,62218.9262,-516049.0299,-437172.3985,-453830.10370000004
7654000,2339.0332,14335.3456,61836.3877,-515890.8445,-437380.078,-454054.4568
7655000,2365.4292,14290.5096,62737.6725,-517266.982,-437873.3707,-454529.30950000003
7656000,2359.2755,14300.0229,62097.561,-516640.5275,-437883.6681,-454542.96650000004
7657000,2406.1567,14299.7794,61981.7012,-516836.2434,-438148.6061,-454854.54219999997
7658000,2363.152,14321.0424,61627.5597,-515778.8795,-437467.1254,-454151.3198
7659000,2394.8182,14341.4471,61627.7435,-515871.695,-437507.6862,-454243.9515
7660000,2391.7816,14264.5902,61975.1754,-516018.8464,-437387.2992,-454043.671
7661000,2391.3017,14371.9512,61852.7126,-515580.8083,-436964.8428,-453728.09569999995
7662000,2392.9415,14372.5875,62191.5535,-516610.2773,-437653.1948,-454418.72380000004
7663000,2377.9446,14363.0087,62118.2712,-515721.4921,-436862.26759999996,-453603.22089999996
7664000,2363.2126,14263.684,62100.771,-516472.6088,-437744.9412,-454371.8378
7665000,2357.7944,14258.272,61710.7402,-515462.682,-437135.87539999996,-453751.9418
7666000,2370.7262,14390.0111,62075.4022,-515954.046,-437117.9065,-453878.64379999996
7667000,2368.6888,14392.9206,61871.1218,-516424.0978,-437791.36659999995,-454552.97599999997
7668000,2370.2441,14308.6387,61861.0262,-515331.2562,-436791.3472,-453470.23
7669000,2324.1857,14336.5974,61988.918,-515759.0359,-437109.3348,-453770.1179
7670000,2400.2334,14360.9085,61569.3915,-515551.2752,-437220.74179999996,-453981.8837
7671000,2393.3238,14219.8655,62383.3868,-516016.4692,-437019.8931,-453633.0824
7672000,2416.8965,14360.1479,62194.428,-516160.5209,-437189.04850000003,-453966.0929
7673000,2370.3979,14275.8462,62122.4096,-516233.7031,-437465.0494,-454111.29349999997
7674000,2393.2306,14370.4066,61704.499,-515346.076,-436877.9398,-453641.577
7675000,2399.3194,14390.3699,62316.4525,-516870.5244,-437764.3826,-454554.0719
7676000,2389.3875,14261.8163,61673.6673,-516068.951,-437744.0799,-454395.2837
7677000,2379.4446,14302.1906,62488.6938,-516943.2588,-437772.92980000004,-454454.565
7678000,2379.382,14385.3462,61915.3181,-516477.8987,-437797.85240000003,-454562.58060000004
7679000,2408.8012,14247.1879,62742.0739,-517278.775,-437880.71200000006,-454536.7011
7680000,2377.3251,14420.2927,62192.921,-516624.8643,-437634.32550000004,-454431.94330000004
7681000,2385.6727,14297.8493,62221.2619,-516285.0325,-437380.2486,-454063.7706
7682000,2375.1916,14380.8112,61751.4756,-515860.0798,-437352.60140000004,-454108.6042
7683000,2336.9926,14177.3647,61963.0243,-516293.8487,-437816.4671,-454330.8244
7684000,2388.438,14287.7688,61761.2637,-515438.5959,-437001.1254,-453677.3322
7685000,2369.7016,14388.6284,61602.5811,-515704.5232,-437343.6121,-454101.9421
7686000,2389.0778,14427.0465,61835.8766,-516427.4461,-437775.4452,-454591.5695
7687000,2376.9956,14312.9738,62288.6125,-516318.2232,-437339.6413,-454029.6107
7688000,2416.5489,14440.2884,62334.6028,-516900.7278,-437709.2877,-454566.125
7689000,2363.1543,14342.4042,62149.607,-516645.0634,-437789.8979,-454495.45639999997
7690000,2418.2065,14292.3927,62411.2116,-517581.9958,-438460.18499999994,-455170.7842
7691000,2371.5567,14342.786,62252.396,-517090.0866,-438123.3479,-454837.6906
7692000,2350.1808,14378.1923,62080.0296,-516746.1658,-437937.7631,-454666.1362
7693000,2374.2478,14392.5954,61910.7027,-516184.904,-437507.35809999995,-454274.20129999996
7694000,2373.823,14382.4438,62100.3238,-516383.6289,-437527.0383,-454283.3051
7695000,2385.6484,14368.1839,62291.0029,-516588.8,-437543.96479999996,-454297.79709999997
7696000,2365.8761,14430.8152,62044.8515,-516781.728,-437940.1852,-454736.8765
7697000,2399.3215,14328.6237,61923.8992,-516502.4283,-437850.5839,-454578.52910000004
7698000,2373.3928,14394.8168,61824.1624,-516537.4471,-437945.0751,-454713.28469999996
7699000,2405.4332,14348.8653,61762.3364,-515821.7489,-437305.114,-454059.4125
7700000,2326.9773,14329.325,61818.424,-516690.1445,-438215.4182,-454871.7205
7701000,2394.9534,14414.6379,62406.7255,-517311.0141,-438094.6973,-454904.28859999997
7702000,2364.1145,14338.5304,61888.6448,-517428.2765,-438836.98679999996,-455539.63169999997
7703000,2365.8091,14349.1858,62030.1759,-516707.3024,-437962.13159999996,-454677.1265
7704000,2387.6879,14441.4146,62284.4339,-517199.0285,-438085.49210000003,-454914.5946
7705000,2377.9376,14272.6405,61710.8551,-515950.3917,-437588.95849999995,-454239.5366
7706000,2368.5368,14422.7437,62190.3901,-516157.1379,-437175.46729999996,-453966.74779999995
7707000,2364.0222,14267.9447,62136.426,-516212.2956,-437443.9027,-454075.86960000003
7708000,2364.5146,14246.5192,61588.0512,-515178.9677,-436979.88269999996,-453590.9165
7709000,2353.7019,14365.6138,61705.4187,-515611.5356,-437186.8012,-453906.1169
7710000,2366.512,14295.0903,62076.9392,-516493.4563,-437754.9148,-454416.5171
7711000,2384.7968,14324.2347,61640.8966,-516119.422,-437769.4939,-454478.52540000004
7712000,2384.5836,14379.1493,61994.8513,-516106.0147,-437347.4305,-454111.1634
7713000,2356.0447,14261.2707,62198.7165,-516794.8654,-437978.8335,-454596.14890000003
7714000,2356.3462,14321.8732,61844.6645,-516100.2987,-437577.41479999997,-454255.6342
7715000,2385.2288,14357.272,61935.2141,-516341.7183,-437664.00340000005,-454406.5042
7716000,2356.5922,14229.7605,62598.9415,-517050.839,-437865.5448,-454451.89749999996
7717000,2397.3326,14380.8859,62300.6093,-516930.1501,-437851.3223,-454629.5408
7718000,2402.2943,14443.6519,62327.1989,-516138.3275,-436965.1824,-453811.1286
7719000,2383.5481,14439.7345,62175.0855,-516044.8531,-437046.485,-453869.7676
7720000,2332.6686,14278.5409,61485.9231,-515498.6275,-437401.4949,-454012.7044
7721000,2402.5755,14336.0756,61568.2784,-515687.4789,-437380.5494,-454119.2005
7722000,2371.4852,14300.0915,62312.5814,-517004.3024,-438020.1443,-454691.72099999996
7723000,2393.632,14293.0799,61497.9167,-514997.671,-436813.0424,-453499.7543
7724000,2368.3801,14258.7966,61834.0973,-515607.7279,-437146.45389999996,-453773.6306
7725000,2370.0392,14297.1042,61974.6754,-515973.2231,-437331.4043,-453998.5477
7726000,2372.7097,14292.2487,62435.1403,-517452.2828,-438352.18409999995,-455017.14249999996
7727000,2397.3019,14390.2015,62138.1001,-516154.9464,-437229.34290000005,-454016.84630000003
7728000,2417.9232,14358.8396,61910.7782,-515904.8447,-437217.30370000005,-453994.0665
7729000,2369.5389,14345.4496,61997.8219,-516026.5983,-437313.7879,-454028.77640000003
7730000,2402.8323,14313.0,62171.5586,-516240.3541,-437352.9632,-454068.7955
7731000,2378.327,14351.3239,61742.4187,-516403.6226,-437931.553,-454661.2039
7732000,2374.3425,14315.1002,62770.7832,-517046.69,-437586.4641,-454275.9068
7733000,2379.5561,14347.8995,61964.9464,-516511.6229,-437819.2209,-454546.6765
7734000,2353.7247,14343.2527,61860.6885,-516025.9559,-437468.29000000004,-454165.2674
7735000,2371.0097,14395.3468,61805.5778,-516204.6276,-437632.69330000004,-454399.04980000004
7736000,2391.7203,14367.6235,61968.6488,-515530.4378,-436802.4452,-453561.789
7737000,2362.4042,14382.0822,62009.0844,-516396.2839,-437642.7131,-454387.1995
7738000,2376.5274,14286.9986,62038.6786,-516915.366,-438213.1614,-454876.6874
7739000,2361.1438,14336.6008,61991.6941,-516514.2761,-437824.8374,-454522.582
7740000,2401.5445,14313.7064,62202.3206,-516240.9471,-437323.3756,-454038.6265
7741000,2346.3302,14291.3985,61621.0407,-515892.949,-437634.17960000003,-454271.9083
7742000,2376.6541,14319.5316,62208.4809,-516622.6724,-437718.0058,-454414.19149999996
7743000,2344.7516,14315.9507,61862.5233,-516397.7899,-437874.56429999997,-454535.2666
7744000,2383.5019,14360.5338,62183.4849,-516331.7845,-437404.2639,-454148.2996
7745000,2363.3975,14310.9436,61872.1299,-516226.2262,-437679.75519999996,-454354.0963
7746000,2384.4418,14344.8884,62084.6145,-516557.2773,-437743.3326,-454472.6628
7747000,2399.8424,14333.6997,62116.4271,-516666.4551,-437816.4859,-454550.02800000005
7748000,2362.5617,14289.7906,62490.6274,-516946.5191,-437803.5394,-454455.8917
7749000,2405.2788,14418.1723,61639.4151,-515951.1075,-437488.2413,-454311.6924
7750000,2403.2163,14417.0808,61637.7992,-515495.8229,-437037.72660000005,-453858.0237
7751000,2401.7504,14297.0916,61755.6251,-515943.3269,-437488.8598,-454187.7018
7752000,2386.778,14271.6531,62427.4147,-516102.4887,-437016.6429,-453675.07399999996
7753000,2386.2331,14326.135,62156.8954,-516176.5588,-437307.2953,-454019.6634
7754000,2387.2025,14327.24,62003.6349,-515618.8835,-436900.8061,-453615.2486
7755000,2370.0358,14334.9979,61069.7215,-515557.6658,-437782.9106,-454487.94430000003
7756000,2374.6359,14280.3114,61943.1905,-515974.5697,-437376.43189999997,-454031.37919999997
7757000,2365.9579,14293.7419,61625.4278,-515813.2767,-437528.1491,-454187.8489
7758000,2369.7274,14287.5225,61563.0504,-515521.1632,-437300.8629,-453958.1128
7759000,2397.8582,14406.0493,62038.1938,-515865.7268,-437023.62549999997,-453827.533
7760000,2360.0172,14396.7037,62536.3263,-516981.4739,-437688.42669999995,-454445.14759999997
7761000,2397.4492,14336.3917,61569.4185,-515646.524,-437343.2646,-454077.10549999995
7762000,2397.0634,14320.2475,61763.4014,-515569.5212,-437088.8089,-453806.1198
7763000,2373.0146,14207.9577,62388.438,-516463.2987,-437493.8884,-454074.86069999996
7764000,2370.8082,14371.0706,61564.8374,-515661.6139,-437354.8977,-454096.7765
7765000,2402.596,14293.1343,62244.0372,-516780.1978,-437840.4303,-454536.1606
7766000,2399.9299,14303.5396,62063.5005,-516170.5965,-437403.6265,-454107.09599999996
7767000,2365.1295,14277.1718,62053.8713,-516808.0739,-438111.9013,-454754.2026
7768000,2387.6242,14338.6088,61970.0562,-516233.046,-437536.7568,-454262.9898
7769000,2389.7288,14258.5018,61922.3079,-515910.9332,-437340.39470000006,-453988.6253
7770000,2366.5341,14359.396,61977.8205,-516349.8977,-437646.14709999994,-454372.07719999994
7771000,2373.972,14454.4122,61475.3222,-515268.4268,-436964.7204,-453793.1046
7772000,2389.4658,14343.3581,61776.8812,-515832.6374,-437322.9323,-454055.7562
7773000,2350.0413,14247.5939,61788.1338,-516209.5801,-437823.81110000005,-454421.4463
7774000,2374.3923,14322.4961,62327.9597,-516668.8774,-437644.0293,-454340.9177
7775000,2387.8725,14378.1551,61936.5355,-516413.6007,-437711.03760000004,-454477.0652
7776000,2361.5178,14231.7948,62378.95,-516573.0437,-437600.78109999996,-454194.09369999997
7777000,2382.9633,14243.5787,62163.5252,-516467.1463,-437677.07910000003,-454303.62110000005
7778000,2386.0961,14359.7748,61787.9529,-516020.1743,-437486.3505,-454232.22140000004
7779000,2361.52,14256.769,62215.7278,-516866.8496,-438032.83280000003,-454651.1218
7780000,2386.3206,14366.3463,61585.3962,-516056.2708,-437718.2077,-454470.8746
7781000,2370.6279,14295.7269,61757.7559,-516276.2827,-437852.172,-454518.5268
7782000,2359.3504,14298.0052,61648.1237,-515107.3275,-436801.8482,-453459.2038
7783000,2364.1771,14400.2919,61850.7908,-516984.3531,-438369.0933,-455133.5623
7784000,2386.4641,14342.4613,61692.9877,-516213.9938,-437792.0807,-454521.0061
7785000,2350.5675,14316.7793,61881.5311,-515664.6729,-437115.79500000004,-453783.1418
7786000,2363.8892,14320.9379,61937.2225,-515152.8566,-436530.80700000003,-453215.6341
7787000,2381.7662,14248.3384,61311.0006,-515546.2364,-437605.1312,-454235.2358
7788000,2394.1396,14313.8681,61873.1981,-516294.614,-437713.4082,-454421.4159
7789000,2402.3613,14341.8854,62342.7771,-516898.8204,-437811.7966,-454556.0433
7790000,2368.2537,14374.148,61978.7056,-515817.3317,-437096.22439999995,-453838.6261
7791000,2368.8846,14401.4018,61900.4869,-516349.0192,-437678.2459,-454448.53229999996
7792000,2394.5375,14333.6869,61881.9904,-516449.6177,-437839.4029,-454567.6273
7793000,2369.202,14326.5889,62177.5213,-516759.6571,-437886.3449,-454582.1358
7794000,2353.5627,14330.0698,61664.7481,-516008.6331,-437660.25249999994,-454343.885
7795000,2389.8303,14342.697,62004.0647,-516809.4854,-438072.8934,-454805.4207
7796000,2381.6199,14328.189,62060.5715,-516450.7662,-437680.38580000005,-454390.1947
7797000,2386.6914,14201.3786,62055.4034,-517216.5726,-438573.0992,-455161.1692
7798000,2405.4799,14380.1091,61781.8593,-516247.2836,-437679.83530000004,-454465.4243
7799000,2403.1579,14394.5284,62290.7872,-516364.1446,-437275.67110000004,-454073.3574
7800000,2396.445,14232.1953,62192.8723,-516424.5837,-437603.0711,-454231.71140000003
7801000,2385.8714,14280.7363,61906.4645,-515886.5429,-437313.4707,-453980.0784
7802000,2400.9095,14339.2621,61982.9783,-516275.1655,-437552.0156,-454292.1872
7803000,2345.6661,14313.514,61957.2444,-516511.868,-437895.44350000005,-454554.6236
7804000,2388.8085,14448.7716,61976.4665,-516435.5256,-437621.479,-454459.0591
7805000,2345.0716,14326.2042,62023.3474,-516229.7085,-437535.08530000004,-454206.3611
7806000,2366.2894,14375.7286,62032.9973,-516879.5432,-438104.5279,-454846.5459
7807000,2369.462,14311.0552,61861.9243,-516319.1591,-437776.7176,-454457.2348
7808000,2369.6321,14345.1713,61904.3603,-515900.5145,-437281.3508,-453996.1542
7809000,2365.8518,14320.2299,61721.7325,-515771.9465,-437364.13230000006,-454050.21400000004
7810000,2353.3162,14321.8693,61851.2617,-516006.4948,-437480.0476,-454155.23309999995
7811000,2368.0325,14326.9339,62563.05,-516616.155,-437358.1386,-454053.10500000004
7812000,2365.871,14290.2875,61896.5395,-515761.9488,-437209.25080000004,-453865.4093
7813000,2399.6446,14275.0053,62064.3595,-516253.5715,-437514.56210000004,-454189.212
7814000,2389.9605,14297.8303,62414.3518,-516862.4835,-437760.34089999995,-454448.13169999997
7815000,2364.8338,14445.7386,62379.6728,-517658.1762,-438467.931,-455278.5034
7816000,2375.7397,14305.0574,62667.7731,-517149.1163,-437800.5461,-454481.3432
7817000,2386.5739,14446.6234,62422.6953,-517735.9798,-438480.08719999995,-455313.28449999995
7818000,2375.8623,14321.7541,62083.9896,-516890.5617,-438108.95570000005,-454806.5721
7819000,2386.9248,14312.8341,62263.7974,-516687.5034,-437723.9471,-454423.706
7820000,2389.6826,14336.8746,61890.0018,-516648.726,-438032.167,-454758.72420000006
7821000,2367.6186,14236.9416,62568.1812,-516708.9299,-437536.1885,-454140.7487
7822000,2372.8441,14365.7849,61639.1519,-516034.5503,-437656.7694,-454395.3984
7823000,2380.5891,14321.4124,61966.4159,-516036.9241,-437368.5067,-454070.5082
7824000,2368.5109,14305.0485,61789.3512,-515893.0661,-437430.1555,-454103.7149
7825000,2405.9661,14318.0933,62344.0191,-516529.142,-437461.0635,-454185.1229
7826000,2427.0756,14269.5245,62712.0859,-516813.8913,-437405.20530000003,-454101.8054
7827000,2366.57,14366.0581,61975.8523,-516032.1179,-437323.6375,-454056.26560000004
7828000,2359.3382,14246.1579,62256.7917,-516599.6171,-437737.3293,-454342.8254
7829000,2390.4305,14258.9327,62263.3304,-515897.7596,-436985.066,-453634.4292
7830000,2421.8198,14350.0312,61397.5498,-515038.0267,-436868.6259,-453640.4769
7831000,2394.4198,14249.4265,61656.4921,-515966.1872,-437665.8488,-454309.6951
7832000,2391.6606,14340.6238,61341.2443,-515462.0574,-437388.5287,-454120.81309999997
7833000,2391.1388,14319.1408,62459.671,-516676.0449,-437506.0943,-454216.3739
7834000,2364.7592,14277.6666,62162.4387,-516972.5423,-438167.67779999995,-454810.1036
7835000,2400.6012,14258.737,61980.7421,-516099.7665,-437459.6862,-454119.0244
7836000,2383.0924,14352.5935,62026.8775,-516700.0112,-437937.4478,-454673.1337
7837000,2414.5468,14282.6966,62422.7123,-516522.7513,-437402.7956,-454100.039
7838000,2399.6241,14306.2783,61603.5929,-515836.362,-437526.8667,-454232.76910000003
7839000,2385.8664,14248.4336,62174.2101,-516276.6382,-437468.1281,-454102.4281
7840000,2403.2495,14469.581,62264.4184,-517119.8532,-437982.6043,-454855.4348
7841000,2373.8888,14273.0504,61510.9329,-515186.9352,-437029.0631,-453676.0023
7842000,2369.5595,14339.4971,61871.8492,-515917.3148,-437336.409,-454045.4656
7843000,2362.7553,14280.4881,62044.3657,-516855.8553,-438168.2462,-454811.4896
7844000,2393.657,14338.2637,62014.5938,-516557.8679,-437811.3534,-454543.27410000004
7845000,2401.2687,14337.8041,62213.9985,-516275.8543,-437322.783,-454061.8558
7846000,2360.2533,14433.8928,62060.6736,-516440.6865,-437585.8668,-454380.01290000003
7847000,2360.7592,14346.0593,61279.6045,-515291.6424,-437305.2194,-454012.0379
7848000,2370.9726,14257.6023,62333.5774,-516045.7033,-437083.551,-453712.1259
7849000,2409.1376,14353.5425,61852.4349,-515933.2329,-437318.1179,-454080.798
7850000,2358.0628,14308.2513,61723.8351,-516033.9951,-437643.8459,-454310.16000000003
7851000,2370.532,14322.3912,62316.4292,-516359.8818,-437350.5294,-454043.45259999996
7852000,2343.7158,14259.5259,62093.2359,-516094.056,-437397.5784,-454000.8201
7853000,2354.0002,14307.7539,61794.5267,-516117.2036,-437660.9228,-454322.6769
7854000,2330.6743,14228.4975,62543.3938,-517316.311,-438213.7454,-454772.91719999997
7855000,2386.24,14395.9225,62179.9236,-516358.0397,-437395.9536,-454178.11610000004
7856000,2391.101,14335.4487,62231.6992,-516857.1472,-437898.8983,-454625.448
7857000,2392.8331,14324.9246,62278.3822,-516753.623,-437757.4831,-454475.2408
7858000,2343.1588,14332.7639,61973.8605,-517005.6167,-438355.8335,-455031.7562
7859000,2352.6037,14281.1537,62324.3936,-516824.6567,-437866.5057,-454500.2631
7860000,2287.3001,14250.7616,61935.7372,-516203.4891,-437729.6902,-454267.75190000003
7861000,2370.2886,14374.834,61957.3861,-516153.1343,-437450.62559999997,-454195.7482
7862000,2360.4034,14301.6039,62175.9945,-515915.2763,-437077.27450000006,-453739.2818
7863000,2375.6801,14366.8817,61758.9887,-516377.487,-437875.9365,-454618.49830000004
7864000,2352.8352,14278.587,61735.5529,-515875.8487,-437508.87359999993,-454140.29579999996
7865000,2343.8616,14338.0178,61829.2499,-516969.3927,-438458.26340000005,-455140.14280000003
7866000,2376.7547,14332.3005,62066.249,-516326.2662,-437550.962,-454260.0172
7867000,2382.1857,14410.144,62280.6779,-516888.3979,-437815.39029999997,-454607.72
7868000,2350.5373,14480.2173,62050.9858,-516950.7878,-438069.0474,-454899.80199999997
7869000,2390.4289,14390.52,61956.5966,-516637.5073,-437899.9618,-454680.9107
7870000,2360.7101,14485.2943,61780.7048,-516081.3719,-437454.66270000004,-454300.6671
7871000,2358.7665,14316.7159,61980.6379,-516310.6726,-437654.5523,-454330.03469999996
7872000,2365.8203,14396.858,61501.9672,-515851.567,-437586.9215,-454349.59979999997
7873000,2377.7907,14497.0321,62273.438,-516401.0669,-437252.8061,-454127.62889999995
7874000,2388.9726,14331.5513,62170.3242,-516894.5199,-438003.6718,-454724.19570000004
7875000,2412.5091,14362.99,62141.9291,-516460.9487,-437543.5205,-454319.0196
7876000,2343.984,14400.8174,62246.8253,-516811.9161,-437820.2894,-454565.0908
7877000,2391.8767,14290.1629,62143.7667,-516679.5213,-437853.715,-454535.75460000004
7878000,2371.3822,14431.7757,62258.6883,-516833.2536,-437771.4074,-454574.5653
7879000,2388.9524,14293.2965,62288.0459,-517106.4027,-438136.10789999994,-454818.35679999995
7880000,2329.8244,14503.7369,61988.6236,-517156.1461,-438333.9612,-455167.5225
7881000,2415.1683,14345.4122,62097.4816,-516852.879,-437994.81690000003,-454755.3974
7882000,2377.0331,14357.527,62408.9918,-517073.1083,-437929.5564,-454664.1165
7883000,2372.5547,14340.3915,62484.3384,-517294.6238,-438097.3392,-454810.2854
7884000,2339.6253,14232.2918,62234.7761,-517186.0464,-438379.3532,-454951.2703
7885000,2395.4618,14383.0392,62133.9314,-516645.8738,-437733.4414,-454511.9424
7886000,2370.9818,14317.9785,62072.8398,-516368.186,-437606.3859,-454295.34619999997
7887000,2376.7628,14377.3022,62453.4943,-516675.4054,-437467.84609999997,-454221.91109999997
7888000,2381.755,14354.5959,62366.0562,-517192.4277,-438090.0206,-454826.3715
7889000,2372.6565,14345.1952,61966.2433,-515941.799,-437257.704,-453975.5557
7890000,2386.8619,14375.6387,61967.6907,-516347.6602,-437617.4689,-454379.9695
7891000,2378.8402,14293.0797,62323.5435,-516679.9744,-437684.511,-454356.43090000004
7892000,2371.4617,14287.2009,61404.8283,-515194.5244,-437131.0335,-453789.6961
7893000,2367.7939,14395.6055,61856.4287,-516349.7975,-437729.9694,-454493.3688
7894000,2359.4992,14284.1488,62202.8902,-516616.8252,-437770.287,-454413.935
7895000,2407.7009,14346.4898,61693.5877,-515865.1906,-437417.41219999996,-454171.6029
7896000,2384.5152,14383.3153,62383.1181,-516860.8806,-437709.932,-454477.76249999995
7897000,2389.6772,14365.3593,61887.2595,-515652.2372,-437009.9412,-453764.9777
7898000,2355.8537,14396.8631,61845.617,-515531.9163,-436933.5825,-453686.29929999996
7899000,2396.3716,14300.6407,61773.9131,-515855.302,-437384.3766,-454081.3889
7900000,2392.9612,14433.0419,62096.1456,-516893.3751,-437971.2264,-454797.2295
7901000,2354.8063,14419.2894,62418.0197,-517355.2478,-438163.1324,-454937.2281
7902000,2386.0143,14444.8408,62016.517,-516596.1631,-437748.79099999997,-454579.6461
7903000,2353.5345,14277.257,62216.9172,-516855.7109,-438008.0022,-454638.7937
7904000,2401.5742,14383.9716,62593.2915,-517440.7701,-438061.9328,-454847.47860000003
7905000,2380.8993,14326.5656,61701.1216,-516186.5841,-437777.9976,-454485.46249999997
7906000,2364.6037,14264.8223,61671.2189,-516142.3691,-437841.7242,-454471.15020000003
7907000,2368.7247,14314.4715,61746.8426,-515542.2001,-437112.16130000004,-453795.35750000004
7908000,2384.4952,14429.101,62077.4694,-516131.644,-437240.5784,-454054.17459999997
7909000,2353.2684,14381.3494,62256.6629,-516890.4489,-437899.1682,-454633.786
7910000,2385.7933,14384.8525,62056.1356,-516622.7527,-437795.9713,-454566.61710000003
7911000,2339.9036,14341.3581,62415.2404,-516595.2199,-437498.71780000004,-454179.9795
7912000,2357.2685,14370.0813,62150.54,-516108.3042,-437230.4144,-453957.76420000003
7913000,2368.0545,14321.3917,62672.3909,-517212.168,-437850.3309,-454539.7771
7914000,2391.3263,14343.7772,62216.6838,-517348.186,-438396.3987,-455131.5022
7915000,2375.3333,14254.6257,61989.5024,-516127.9569,-437508.49549999996,-454138.4545
7916000,2375.566,14383.7716,62124.698,-515850.3563,-436966.3207,-453725.6583
7917000,2328.2511,14314.4443,61932.082,-515890.8819,-437316.10449999996,-453958.7999
7918000,2412.9564,14393.7615,61425.2377,-515326.5676,-437094.612,-453901.3299
7919000,2363.5217,14432.5035,62383.532,-517325.2346,-438145.67740000004,-454941.7026
7920000,2393.8893,14400.3371,62212.0833,-516333.8715,-437327.5618,-454121.7882
7921000,2365.5761,14433.7951,62357.4443,-516562.2748,-437405.4593,-454204.83050000004
7922000,2378.4482,14252.3298,62161.9479,-515777.7288,-436985.00289999996,-453615.7809
7923000,2376.6544,14241.6286,61685.6274,-515774.6818,-437470.7714,-454089.0544
7924000,2367.7679,14341.7386,61979.1007,-516367.4113,-437678.80409999995,-454388.31059999997
7925000,2384.1422,14388.3346,62084.6139,-516373.2905,-437516.1998,-454288.6766
7926000,2395.2117,14400.6433,61905.1548,-516620.1848,-437919.175,-454715.02999999997
7927000,2372.6331,14425.9401,62358.6526,-516524.1913,-437366.9655,-454165.53870000003
7928000,2374.4173,14459.4889,62251.3704,-516341.6164,-437256.3398,-454090.246
7929000,2406.49,14380.0564,61671.9699,-515971.4407,-437512.9244,-454299.4708
7930000,2399.0855,14318.1704,61565.0055,-515304.3644,-437022.103,-453739.3589
7931000,2382.274,14354.3603,61619.5909,-516006.2732,-437650.048,-454386.6823
7932000,2383.5662,14433.3192,61713.1664,-515936.7355,-437406.6837,-454223.5691
7933000,2361.2579,14398.3839,61479.8393,-515451.2763,-437211.79520000005,-453971.43700000003
7934000,2381.0507,14466.3456,62094.2439,-516028.9657,-437087.32550000004,-453934.7218
7935000,2380.6899,14349.9927,61678.0142,-515423.429,-437014.73219999997,-453745.4148
7936000,2343.9362,14406.279,61863.0167,-515972.7879,-437359.556,-454109.7712
7937000,2363.8791,14269.5994,61989.4398,-516880.7128,-438257.79449999996,-454891.273
7938000,2375.1144,14261.7285,62309.3779,-516516.3542,-437570.1334,-454206.9763
7939000,2383.1632,14293.5589,62304.9633,-516485.0424,-437503.35699999996,-454180.0791
7940000,2387.9652,14468.5903,62393.2,-516803.5245,-437553.769,-454410.3245
7941000,2376.6562,14415.7653,62131.1622,-516543.3341,-437619.75039999996,-454412.17189999996
7942000,2392.581,14359.6661,62006.7798,-516566.4528,-437807.42590000003,-454559.673
7943000,2357.5462,14315.2518,62166.5867,-516614.3867,-437775.002,-454447.8
7944000,2386.8913,14407.994,61876.3261,-516107.5692,-437436.3578,-454231.2431
7945000,2381.3631,14353.8454,61778.6412,-515680.6529,-437166.80319999997,-453902.0117
7946000,2423.7668,14446.2316,61638.8872,-515699.9195,-437191.03390000004,-454061.0323
7947000,2395.7157,14301.9576,61603.2789,-515287.332,-436986.3798,-453684.0531
7948000,2398.5157,14394.6658,61800.8931,-516531.1952,-437937.1206,-454730.30210000003
7949000,2384.3241,14416.7815,62388.8914,-516911.6321,-437721.63509999996,-454522.74069999997
7950000,2421.5618,14368.7423,61771.8532,-516000.7767,-437438.61939999997,-454228.9235
7951000,2384.8491,14351.7473,62498.222,-517109.2005,-437874.3821,-454610.97849999997
7952000,2372.0032,14389.3329,61912.3072,-516238.4314,-437564.7881,-454326.1242
7953000,2370.2703,14357.6613,61458.2917,-515640.3672,-437454.14389999997,-454182.0755
7954000,2356.6971,14353.5837,62290.1518,-516141.1985,-437140.7659,-453851.0467
7955000,2373.5863,14378.8172,61601.2551,-515645.6594,-437292.00080000004,-454044.4043
7956000,2399.0195,14428.1939,62040.3852,-516488.2951,-437620.69649999996,-454447.90989999997
7957000,2363.5936,14297.4001,61800.8004,-515544.0984,-437082.3043,-453743.298
7958000,2353.1916,14292.3173,62120.7629,-516603.6054,-437837.3336,-454482.8425
7959000,2349.7096,14331.1384,62087.5523,-516276.3893,-437507.98899999994,-454188.837
7960000,2373.895,14362.1348,61705.0926,-515060.3007,-436619.1783,-453355.20810000005
7961000,2385.3431,14324.1562,61469.7362,-515280.9464,-437101.7109,-453811.21020000003
7962000,2378.5594,14389.4555,61739.2689,-516105.96,-437598.6762,-454366.6911
7963000,2396.0295,14380.7166,62353.0843,-516645.5782,-437515.7478,-454292.4939
7964000,2391.6058,14552.5889,62349.6896,-516952.9579,-437659.0736,-454603.2683
7965000,2410.4018,14428.4883,61764.9407,-515456.0224,-436852.1916,-453691.08170000004
7966000,2351.5713,14416.5069,61593.3964,-515530.1387,-437168.6641,-453936.74230000004
7967000,2393.757,14403.4255,61817.5308,-515657.0806,-437042.3673,-453839.5498
7968000,2370.7724,14398.3127,61796.6946,-515680.188,-437114.4083,-453883.49340000004
7969000,2352.9698,14473.0808,61922.9565,-515959.5785,-437210.5714,-454036.622
7970000,2415.0177,14417.8532,61615.0109,-515654.6194,-437206.7376,-454039.60850000003
7971000,2385.6403,14440.3697,61986.6576,-515855.5862,-437042.91860000003,-453868.92860000004
7972000,2339.2901,14315.4072,62350.1116,-516962.5554,-437957.7465,-454612.4438
7973000,2346.5426,14397.4818,62098.7385,-516745.1964,-437902.43350000004,-454646.45790000004
7974000,2378.8206,14414.8769,62207.9132,-516189.9513,-437188.3406,-453982.0381
7975000,2394.5053,14383.929,62011.0835,-517300.442,-438510.9242,-455289.3585
7976000,2343.3354,14420.5811,61691.735,-515355.4883,-436899.83680000005,-453663.75330000004
7977000,2373.8901,14361.2073,62270.0583,-516405.372,-437400.2163,-454135.3137
7978000,2420.0561,14400.1043,61968.5592,-516114.1406,-437325.421,-454145.58139999997
7979000,2382.7517,14417.3978,62296.2361,-516743.9927,-437647.6071,-454447.7566
7980000,2351.7649,14234.6836,62036.2146,-516198.0935,-437575.4304,-454161.8789
7981000,2363.3943,14432.9535,62159.1806,-515624.0853,-436668.55689999997,-453464.90469999996
7982000,2372.6862,14400.6441,62131.2149,-516924.1175,-438019.5723,-454792.9026
7983000,2365.6419,14307.9501,62617.1418,-516859.7073,-437568.9735,-454242.5655
7984000,2333.5237,14224.227,61991.7895,-515890.6491,-437341.1089,-453898.85959999997
7985000,2339.92,14437.9896,61889.2644,-515825.6784,-437158.5044,-453936.414
7986000,2343.2718,14380.0232,61866.9721,-515814.7092,-437224.4421,-453947.73709999997
7987000,2347.7531,14355.4848,62004.5276,-516481.3459,-437773.5804,-454476.81830000004
7988000,2404.4453,14359.1588,62281.8566,-516947.9104,-437902.4497,-454666.0538
7989000,2373.786,14413.8008,62366.6867,-516775.0553,-437620.7818,-454408.3686
7990000,2363.0089,14300.8974,62316.2185,-516205.1059,-437224.98110000003,-453888.8874
7991000,2388.314,14285.6465,62216.0555,-516441.9158,-437551.8998,-454225.8603
7992000,2412.8378,14314.2068,61836.4448,-516087.0861,-437523.5967,-454250.6413
7993000,2382.0996,14340.1456,61913.5256,-516198.399,-437562.6282,-454284.8734
7994000,2384.7338,14356.3748,61846.7332,-516529.9717,-437942.1299,-454683.2385
7995000,2358.3943,14323.4027,61251.8323,-515189.8989,-437256.2696,-453938.06659999996
7996000,2390.3231,14362.4399,62353.6748,-517118.7918,-438012.354,-454765.117
7997000,2349.4081,14353.0279,61565.1065,-515925.9229,-437658.3804,-454360.8164
7998000,2341.5321,14385.8301,62190.7633,-516647.4063,-437729.28079999995,-454456.643
7999000,2374.807,14326.4743,61667.9406,-515914.2974,-437545.0755,-454246.35679999995
8000000,2349.2017,14330.0381,61971.8822,-516227.1951,-437576.07310000004,-454255.3129
8001000,2331.4045,14338.8345,61695.2685,-515442.0208,-437076.5133,-453746.7523
8002000,2396.6143,14385.5455,62313.5724,-517086.0853,-437990.35309999995,-454772.5129
8003000,2366.6819,14332.848,61610.2473,-515610.8938,-437301.1166,-454000.64650000003
8004000,2365.3885,14368.0565,62234.5976,-516897.5923,-437929.54970000003,-454662.99470000004
8005000,2385.1297,14406.1717,62230.8132,-516689.9801,-437667.86549999996,-454459.1669
8006000,2380.9057,14282.9235,61482.5719,-515573.5852,-437427.18409999995,-454091.0133
8007000,2384.322,14263.0426,62184.5518,-516062.2109,-437230.2945,-453877.6591
8008000,2367.6569,14330.198,62308.7003,-516888.8862,-437882.331,-454580.18590000004
8009000,2408.8817,14315.5959,61965.6712,-516479.2604,-437789.11160000006,-454513.58920000005
8010000,2402.6727,14438.1609,62223.7048,-516520.6522,-437456.1138,-454296.9474
8011000,2371.5949,14311.092,62066.0489,-515961.8144,-437213.0786,-453895.7655
8012000,2369.9007,14390.9543,62437.0163,-517017.8297,-437819.9584,-454580.8134
8013000,2417.0417,14426.2972,62027.014,-516434.6128,-437564.2599,-454407.5988
8014000,2366.1605,14425.9586,61508.9153,-515432.4381,-437131.4037,-453923.52280000004
8015000,2367.8471,14299.8659,62298.7197,-515980.0634,-437013.6307,-453681.34369999997
8016000,2368.7561,14402.507,61547.5764,-515322.121,-437003.2815,-453774.54459999996
8017000,2362.4462,14298.8677,61482.6415,-514743.4432,-436599.4878,-453260.80169999995
8018000,2384.0604,14307.387,61838.6153,-515642.9156,-437112.8529,-453804.3003
8019000,2379.1734,14252.3378,61959.2822,-516231.5901,-437640.79669999995,-454272.30789999996
8020000,2367.6776,14285.9157,61765.7025,-516134.6027,-437715.30689999997,-454368.9002
8021000,2365.0953,14255.7668,61572.5407,-515462.5502,-437269.1474,-453890.0095
8022000,2387.3957,14356.713,61847.5665,-515935.6727,-437343.9975,-454088.1062
8023000,2357.2869,14311.6367,61806.9339,-515765.7872,-437289.92970000004,-453958.8533
8024000,2385.4237,14273.332,61675.9278,-515791.0688,-437456.3853,-454115.141
8025000,2363.6042,14310.6028,61794.4655,-516320.4522,-437851.7797,-454525.9867
8026000,2366.2414,14370.3418,62025.8639,-515486.3852,-436723.9381,-453460.5213
8027000,2363.5487,14348.5217,62069.7811,-516740.7306,-437958.8791,-454670.9495
8028000,2387.6224,14317.6914,61921.7523,-515719.2336,-437092.1675,-453797.4813
8029000,2372.1131,14282.4475,62157.232,-515941.995,-437130.2024,-453784.763
8030000,2365.8561,14329.9698,61644.6657,-515402.5675,-437062.0759,-453757.9018
8031000,2388.3521,14357.6197,61740.8751,-516102.3826,-437615.5357,-454361.5075
8032000,2371.3992,14327.9718,62029.6339,-516163.341,-437434.3361,-454133.7071
8033000,2373.5035,14271.9924,62113.9227,-516676.5929,-437917.17429999996,-454562.6702
8034000,2414.9327,14381.8204,61646.9687,-516273.7775,-437830.0557,-454626.8088
8035000,2379.7784,14375.115,61472.5785,-516061.175,-437833.7031,-454588.5965
8036000,2416.9941,14479.5458,62376.3835,-516581.9631,-437309.03969999996,-454205.5796
8037000,2353.4467,14433.9,62170.4481,-516847.3075,-437889.51269999996,-454676.8594
8038000,2382.1043,14456.4493,62355.8281,-516361.2036,-437166.8219,-454005.3755
8039000,2373.4937,14313.8547,61795.5235,-515681.8289,-437198.95700000005,-453886.3054
8040000,2406.0388,14286.8678,62008.0096,-516605.8394,-437904.9232,-454597.8298
8041000,2343.719,14346.81,62087.8148,-516735.9631,-437957.6193,-454648.1483
8042000,2353.5876,14401.2853,61920.7888,-516149.3917,-437473.73,-454228.6029
8043000,2386.1631,14410.5338,62010.4646,-516332.1708,-437525.00930000003,-454321.7062
8044000,2337.9205,14429.1793,61868.3931,-516366.6573,-437731.1644,-454498.26420000003
8045000,2359.5729,14404.7046,61745.6078,-515763.5791,-437253.6938,-454017.9713
8046000,2366.2623,14434.9475,61920.9062,-516065.0301,-437342.9141,-454144.1239
8047000,2402.5067,14397.9222,61666.3524,-515920.4364,-437453.6551,-454254.08400000003
8048000,2352.79,14494.3854,62158.6168,-516130.1268,-437124.33460000006,-453971.51
8049000,2372.2606,14342.7348,62045.0324,-516175.2862,-437415.2584,-454130.25379999995
8050000,2408.5565,14354.869,62339.3865,-516583.7739,-437480.9619,-454244.38739999995
8051000,2383.795,14293.2464,61739.6,-515416.8365,-437000.1951,-453677.2365
8052000,2370.4542,14398.5865,62549.9197,-516466.9885,-437148.0281,-453917.0688
8053000,2383.6006,14303.6024,61274.1347,-514972.2568,-437010.91909999994,-453698.1221
8054000,2346.5128,14318.6944,61386.1044,-514405.4855,-436354.1739,-453019.3811
8055000,2426.0066,14452.1524,62373.1845,-516357.1123,-437105.76879999996,-453983.92779999995
8056000,2397.7478,14376.4091,62390.035,-516211.6396,-437047.4477,-453821.60459999996
8057000,2407.7714,14435.4234,61998.3539,-516182.7063,-437341.15760000004,-454184.35240000003
8058000,2381.4529,14303.7469,62031.9551,-515995.8804,-437278.72550000006,-453963.9253
8059000,2388.2815,14361.1232,62146.6373,-515832.2827,-436936.24069999997,-453685.6454
8060000,2386.1973,14409.6748,61799.951,-515852.6099,-437256.7868,-454052.6589
8061000,2369.039,14344.2115,62071.3681,-516455.4536,-437670.835,-454384.0855
8062000,2339.6966,14376.1708,62172.7111,-516232.8587,-437344.2802,-454060.14759999997
8063000,2350.7304,14413.7944,61939.4339,-517026.8684,-438322.90969999996,-455087.4345
8064000,2407.2105,14335.1563,61597.3861,-515339.0611,-436999.30819999997,-453741.675
8065000,2373.6014,14349.3102,61766.1515,-515481.8301,-436992.767,-453715.67860000004
8066000,2378.9799,14508.0512,61826.6753,-516269.6983,-437555.9919,-454443.023
8067000,2427.8748,14377.6986,61480.3077,-515598.5887,-437312.7076,-454118.281
8068000,2346.7896,14325.1074,61924.0367,-516031.0663,-437435.1326,-454107.0296
8069000,2371.2141,14456.8749,62021.2415,-516441.4321,-437592.1016,-454420.1906
8070000,2406.2672,14401.9926,61326.4421,-515340.0834,-437205.3815,-454013.6413
8071000,2351.3445,14360.0193,61991.8522,-515932.4451,-437229.2291,-453940.5929
8072000,2420.852,14416.8911,61336.3986,-515302.2122,-437128.07050000003,-453965.8136
8073000,2408.8867,14482.2773,61667.3857,-516033.9393,-437475.3896,-454366.55360000004
8074000,2382.0525,14417.1354,61827.0451,-515886.2392,-437260.0062,-454059.1941
8075000,2404.7012,14436.4539,61466.8857,-516180.8261,-437872.7853,-454713.9404
8076000,2345.5322,14411.3681,61932.4453,-516033.385,-437344.0394,-454100.9397
8077000,2387.0614,14330.2709,61848.0156,-515479.1059,-436913.75800000003,-453631.09030000004
8078000,2393.8867,14426.9586,62157.5551,-516282.3484,-437303.94800000003,-454124.7933
8079000,2386.997,14400.6351,61250.2302,-515237.1453,-437199.283,-453986.9151
8080000,2402.6363,14323.1951,61635.694,-515439.7379,-437078.2125,-453804.0439
8081000,2370.3663,14467.5624,61541.6908,-515492.9111,-437113.2916,-453951.22030000004
8082000,2369.9836,14435.7139,62230.1791,-516234.5926,-437198.71599999996,-454004.41349999997
8083000,2368.8778,14345.9764,62057.339,-516511.748,-437739.55480000004,-454454.40900000004
8084000,2367.811,14421.2378,62236.3671,-516844.7075,-437819.2916,-454608.3404
8085000,2359.6739,14301.2904,61661.7046,-516432.0925,-438109.42360000004,-454770.38790000003
8086000,2368.334,14393.9522,62591.2637,-516583.7105,-437230.1606,-453992.4468
8087000,2367.5667,14448.9455,61647.5299,-515832.1486,-437368.1065,-454184.6187
8088000,2374.3014,14380.8918,62759.7821,-517190.9474,-437675.9721,-454431.1653
8089000,2372.483,14432.1566,61777.3841,-515659.5879,-437077.56419999996,-453882.20379999996
8090000,2364.03,14387.4968,62602.5981,-517166.1731,-437812.0482,-454563.575
8091000,2394.1858,14475.3668,62292.4007,-516839.9096,-437677.9563,-454547.5089
8092000,2330.7479,14384.9122,61556.0277,-515341.1537,-437069.4659,-453785.12600000005
8093000,2369.1987,14319.4761,62093.9722,-516504.4126,-437721.7656,-454410.44039999996
8094000,2387.4502,14383.4242,61792.9215,-516048.2008,-437484.40489999996,-454255.2793
8095000,2399.8979,14390.9707,62403.6321,-517360.9226,-438166.42189999996,-454957.2905
8096000,2337.5051,14303.6384,62415.1844,-517574.251,-438517.9231,-455159.0666
8097000,2350.9499,14404.8093,61914.856,-516806.8172,-438136.202,-454891.9612
8098000,2374.2589,14338.6673,62033.6928,-515855.7071,-437109.0881,-453822.0143
8099000,2339.7381,14423.8431,62024.6239,-515949.232,-437161.02690000006,-453924.6081
8100000,2369.6309,14376.5743,61644.6848,-516006.6776,-437615.7876,-454361.9928
8101000,2385.5742,14335.3395,62092.6122,-516283.7306,-437470.2047,-454191.11840000004
8102000,2401.3098,14432.5656,62122.5107,-516606.3702,-437649.9841,-454483.8595
8103000,2352.3549,14415.0198,61908.7582,-516207.0271,-437530.8942,-454298.2689
8104000,2377.0934,14400.0587,61983.5975,-516442.3837,-437681.6341,-454458.7862
8105000,2370.1843,14364.091,62047.7849,-515894.6003,-437112.5401,-453846.81539999996
8106000,2393.9104,14336.7651,61828.952,-516214.0898,-437654.4623,-454385.1378
8107000,2357.3009,14345.9969,62100.091,-516548.0425,-437744.65369999997,-454447.95149999997
8108000,2393.1776,14340.6092,61987.6129,-515732.3517,-437010.952,-453744.7388
8109000,2389.8429,14424.0275,61579.7915,-515505.4745,-437111.8126,-453925.683
8110000,2370.9237,14447.5951,61324.3891,-515004.0643,-436861.15640000004,-453679.67520000006
8111000,2360.7865,14387.0251,61960.8687,-516575.9527,-437867.2724,-454615.08400000003
8112000,2405.4146,14424.8954,62180.3635,-516678.9778,-437668.30429999996,-454498.6143
8113000,2386.0474,14333.864,62363.9992,-516491.8285,-437407.9179,-454127.8293
8114000,2394.5146,14330.3136,61952.7122,-515974.8418,-437297.3014,-454022.1296
8115000,2363.8425,14206.9961,61410.5461,-515320.9478,-437339.5631,-453910.40170000005
8116000,2411.8068,14383.6585,62281.7306,-516139.6073,-437062.4114,-453857.87669999996
8117000,2372.6532,14363.2263,61402.7439,-515121.8282,-436983.2048,-453719.0843
8118000,2385.863,14317.685,62480.4109,-517298.7592,-438114.8003,-454818.34829999995
8119000,2376.2614,14354.4182,61988.8531,-516618.082,-437898.5493,-454629.2289
8120000,2379.7073,14372.645,62105.9017,-516220.3491,-437362.0951,-454114.4474
8121000,2376.7542,14364.475,62050.3094,-516721.5547,-437930.0161,-454671.24529999995
8122000,2377.8941,14420.1945,61956.4056,-516537.573,-437783.07879999996,-454581.1674
8123000,2374.431,14289.9355,61887.5235,-515393.7837,-436841.8937,-453506.2602
8124000,2358.6739,14428.3461,62186.7078,-516427.1467,-437453.4189,-454240.4389
8125000,2391.3003,14298.4828,62169.5131,-516371.8105,-437512.51430000004,-454202.29740000004
8126000,2398.65,14375.11,61766.3973,-516690.1592,-438150.00190000003,-454923.7619
8127000,2378.1081,14379.843,61854.0926,-516716.7429,-438104.69920000003,-454862.6503
8128000,2408.8821,14463.0435,61555.3389,-515697.3792,-437270.11470000003,-454142.0403
8129000,2375.9817,14371.8399,62062.5252,-516633.7048,-437823.358,-454571.17960000003
8130000,2356.2045,14408.7426,62258.6083,-517246.1505,-438222.5951,-454987.54219999997
8131000,2360.0431,14409.7166,62090.8557,-516217.1831,-437356.5677,-454126.3274
8132000,2405.2707,14346.152,61508.19,-515704.2145,-437444.6018,-454196.0245
8133000,2343.5086,14386.7628,62081.8568,-515740.821,-436928.69279999996,-453658.9642
8134000,2356.4764,14367.2472,61541.2259,-515490.0137,-437225.0642,-453948.7878
8135000,2378.8633,14482.3278,62208.3804,-516303.6931,-437234.12159999995,-454095.31269999995
8136000,2353.6074,14460.7556,62427.6395,-516477.5216,-437235.5191,-454049.8821
8137000,2358.1781,14514.3705,61909.8172,-516426.4906,-437644.1248,-454516.6734
8138000,2348.9383,14405.288,61889.2673,-516675.1929,-438031.69930000004,-454785.9256
8139000,2384.1976,14434.2031,62377.3614,-517008.0748,-437812.3127,-454630.7134
8140000,2358.948,14519.3326,61526.696,-515844.4681,-437439.4915,-454317.7721
8141000,2383.9913,14418.0451,62150.3419,-516541.804,-437589.4257,-454391.4621
8142000,2355.9937,14373.0738,62497.198,-517369.7057,-438143.4402,-454872.5077
8143000,2381.9096,14328.8109,62078.1502,-516586.3773,-437797.50659999996,-454508.2271
8144000,2361.9701,14289.2821,62426.4603,-516691.8379,-437614.1254,-454265.3776
8145000,2384.6279,14419.7048,61829.4105,-516030.5897,-437396.8465,-454201.1792
8146000,2399.1778,14348.6717,61960.0832,-517002.6812,-438294.7485,-455042.598
8147000,2382.9432,14408.6695,62187.2429,-516942.1419,-437963.2863,-454754.899
8148000,2392.7027,14432.301,62305.7662,-517024.0117,-437893.24179999996,-454718.24549999996
8149000,2378.0232,14358.7384,62563.3705,-517451.2856,-438151.1535,-454887.9151
8150000,2361.8943,14291.6411,62122.8508,-516982.9981,-438206.6119,-454860.1473
8151000,2387.9619,14317.0877,62538.1399,-517332.0604,-438088.8709,-454793.9205
8152000,2391.5106,14412.0111,62394.8444,-517396.8729,-438198.50680000003,-455002.0285
8153000,2360.8911,14274.5747,62308.0747,-516050.2571,-437106.7166,-453742.1824
8154000,2364.6199,14476.6025,62125.3854,-516276.537,-437309.9292,-454151.1516
8155000,2393.2259,14458.4853,61891.0165,-516064.1771,-437321.4494,-454173.16059999994
8156000,2353.1904,14397.0459,61835.8598,-516458.3016,-437872.20550000004,-454622.44180000003
8157000,2358.365,14389.2079,62422.1969,-516719.7717,-437550.0019,-454297.5748
8158000,2366.0787,14430.0341,61665.2648,-515846.0568,-437384.6792,-454180.792
8159000,2371.2076,14432.3282,62491.915,-517470.7405,-438175.2897,-454978.82550000004
8160000,2371.8748,14366.9062,61846.7657,-516001.3888,-437415.8421,-454154.6231
8161000,2365.2973,14413.4437,61888.7982,-516541.6728,-437874.1336,-454652.8746
8162000,2337.2207,14415.7221,62155.9785,-516144.9187,-437235.9974,-453988.94019999995
8163000,2381.105,14389.8376,62179.0011,-516459.3059,-437509.3622,-454280.3048
8164000,2399.2129,14408.8246,61202.4196,-515784.0949,-437773.6378,-454581.6753
8165000,2420.1106,14490.6559,62138.8798,-516704.7046,-437655.05830000003,-454565.8248
8166000,2358.1943,14431.2331,61691.1639,-515669.6509,-437189.05960000004,-453978.487
8167000,2330.6805,14364.2555,62532.4566,-517227.6697,-438000.27710000006,-454695.21310000005
8168000,2431.389,14398.0187,62265.7216,-516665.8171,-437570.68779999996,-454400.0955
8169000,2342.53,14410.2871,61973.7243,-516671.5078,-437944.96640000003,-454697.7835
8170000,2370.7954,14379.5723,61664.544,-515456.3425,-437041.43080000003,-453791.79850000003
8171000,2368.4071,14230.2632,62129.4883,-516673.2752,-437945.11659999995,-454543.78689999995
8172000,2367.8762,14311.869,62118.585,-516266.447,-437468.11679999996,-454147.86199999996
8173000,2390.675,14418.2097,62001.6741,-517097.9348,-438287.376,-455096.2607
8174000,2353.309,14448.2973,62009.7357,-517259.8626,-438448.5206,-455250.1269
8175000,2370.3309,14352.1761,62124.2917,-515655.0667,-436808.26800000004,-453530.775
8176000,2410.339,14402.4353,61927.6047,-515997.7203,-437257.3413,-454070.11559999996
8177000,2360.9382,14354.7473,61890.8262,-515920.3698,-437313.85809999995,-454029.5436
8178000,2377.8237,14406.8081,61968.2067,-516914.0053,-438161.1668,-454945.79860000004
8179000,2382.183,14316.3168,62019.7664,-516146.4314,-437428.1652,-454126.665
8180000,2400.5303,14397.4126,62020.2947,-516192.614,-437374.3764,-454172.3193
8181000,2416.742,14307.1496,61737.2002,-515601.3628,-437140.271,-453864.1626
8182000,2366.2142,14499.2842,62454.0319,-517068.9181,-437749.3878,-454614.8862
8183000,2343.4559,14398.0938,61925.2212,-516825.4752,-438158.7043,-454900.25399999996
8184000,2362.2293,14338.8561,61841.6523,-516432.9169,-437890.1792,-454591.2646
8185000,2351.6648,14426.1256,61881.5695,-516100.2993,-437440.93940000003,-454218.72980000003
8186000,2448.0049,14448.609,61990.5681,-515982.7569,-437095.5749,-453992.1888
8187000,2354.716,14288.5582,61914.0507,-516401.5073,-437844.1824,-454487.4566
8188000,2389.6196,14372.1675,61258.2141,-515590.2093,-437570.2081,-454331.9952
8189000,2367.5565,14394.9816,61592.4646,-515482.6824,-437127.6797,-453890.2178
8190000,2402.2288,14422.3891,62117.8583,-517064.0076,-438121.5314,-454946.1493
8191000,2364.1596,14472.4485,62273.429,-516418.6969,-437308.65979999996,-454145.2679
8192000,2395.9257,14414.2101,61844.6024,-516367.3692,-437712.631,-454522.7668
8193000,2400.5436,14330.9859,61797.0038,-516105.6001,-437577.0668,-454308.5963
8194000,2378.5224,14430.8272,62213.5459,-516821.7135,-437798.818,-454608.16760000004
8195000,2365.3939,14383.0886,61869.6629,-516597.3911,-437979.24569999997,-454727.7282
8196000,2430.173,14380.749,62032.3972,-516976.8716,-438133.55240000004,-454944.4744
8197000,2369.0686,14286.8853,62175.3861,-516935.5005,-438104.1605,-454760.1144
8198000,2394.3461,14323.3835,62387.1668,-517264.9765,-438160.0801,-454877.8097
8199000,2393.0735,14435.2436,62053.4302,-515727.1339,-436845.3866,-453673.7037
8200000,2384.6405,14462.4609,62362.3218,-516827.9901,-437618.5669,-454465.6683
8201000,2355.4439,14392.1438,62082.1023,-516261.8656,-437432.1756,-454179.7633
8202000,2406.7208,14408.0066,61783.412,-516817.8261,-438219.6867,-455034.4141
8203000,2402.3233,14373.2344,62014.1469,-516850.0225,-438060.3179,-454835.8756
8204000,2381.5577,14372.9701,62471.8706,-517289.5293,-438063.1309,-454817.65869999997
8205000,2395.3949,14426.0945,62377.5072,-516649.1339,-437450.1373,-454271.6267
8206000,2389.7526,14449.9666,62022.2668,-515893.2768,-437031.29079999996,-453871.01
8207000,2327.0562,14287.9731,61946.4867,-516058.6401,-437497.1241,-454112.1534
8208000,2432.6827,14486.1327,62030.0951,-516805.9306,-437857.0201,-454775.83550000004
8209000,2396.0839,14432.2605,62083.2257,-516615.0074,-437703.4373,-454531.7817
8210000,2387.2075,14534.0495,61808.4025,-516324.8882,-437595.2287,-454516.48569999996
8211000,2387.0895,14486.6795,62601.8666,-517274.4324,-437798.7968,-454672.5658
8212000,2366.5574,14417.6821,61873.4771,-516347.8281,-437690.1115,-454474.35099999997
8213000,2371.5468,14414.9308,61587.4372,-516336.7799,-437962.86510000005,-454749.34270000004
8214000,2385.4766,14387.8896,61857.2405,-515707.2856,-437076.6789,-453850.0451
8215000,2370.1154,14324.098,62565.019,-517015.1623,-437755.9299,-454450.1433
8216000,2371.9783,14397.1402,61519.2041,-515404.0388,-437115.71619999997,-453884.8347
8217000,2350.2701,14435.7336,61456.3032,-515712.8474,-437470.5405,-454256.5442
8218000,2368.644,14475.5449,61895.7477,-516962.5979,-438222.6613,-455066.8502
8219000,2385.6065,14502.4782,62114.0355,-516668.2254,-437666.1052,-454554.1899
8220000,2380.5421,14444.6385,62126.0773,-516162.2145,-437210.95660000003,-454036.1372
8221000,2344.8204,14290.2105,61822.746,-516040.6719,-437582.895,-454217.92590000003
8222000,2401.1866,14474.0347,62191.3899,-517003.1274,-437936.5162,-454811.7375
8223000,2370.615,14337.8398,62134.2635,-516418.4468,-437575.72849999997,-454284.1833
8224000,2391.0198,14443.6547,62187.4702,-516448.3988,-437426.2541,-454260.92860000004
8225000,2387.9236,14437.6691,61979.2238,-516310.4401,-437505.6236,-454331.21630000003
8226000,2360.2825,14446.7631,61758.5885,-515258.5623,-436692.92819999997,-453499.9738
8227000,2376.479,14451.8767,61527.0055,-515718.497,-437363.1358,-454191.4915
8228000,2377.5975,14508.9947,61676.8638,-516547.6756,-437984.2196,-454870.8118
8229000,2420.5504,14406.7829,61869.2232,-516138.9229,-437442.3664,-454269.6997
8230000,2401.9063,14434.7918,62385.093,-517555.7553,-438333.96420000005,-455170.6623
8231000,2379.6137,14477.8124,62314.6616,-516787.0452,-437614.9575,-454472.3836
8232000,2344.9366,14361.5407,62186.0274,-516763.3341,-437870.8294,-454577.30669999996
8233000,2386.1925,14427.1464,61966.3394,-516660.5624,-437880.8841,-454694.223
8234000,2347.5038,14479.537,62266.005,-517477.2067,-438384.1609,-455211.2017
8235000,2336.779,14400.6827,62002.9618,-516785.1199,-438044.6964,-454782.1581
8236000,2395.8469,14386.5609,61870.4719,-515980.0339,-437327.1542,-454109.562
8237000,2373.4587,14352.6898,62164.8377,-516263.4033,-437372.4171,-454098.56560000003
8238000,2361.461,14372.1462,62320.0248,-516419.5699,-437365.9379,-454099.5451
8239000,2376.9888,14421.1515,61708.6047,-515840.4246,-437333.67960000003,-454131.8199
8240000,2365.8195,14483.2784,61810.43,-515830.6878,-437171.1599,-454020.2578
8241000,2376.3298,14482.4827,61880.094,-516300.5324,-437561.62590000004,-454420.43840000004
8242000,2377.2355,14437.1108,61722.7403,-514924.002,-436386.9154,-453201.2617
8243000,2398.6323,14488.8986,61579.8874,-516049.5604,-437582.1421,-454469.673
8244000,2358.055,14403.7478,62083.1157,-516714.7158,-437869.7973,-454631.6001
8245000,2397.4651,14486.2651,62530.807,-517604.0953,-438189.55809999997,-455073.2883
8246000,2360.5153,14307.7935,61743.347,-516419.0037,-438007.3479,-454675.6567
8247000,2387.3789,14337.2369,61749.2088,-516063.9732,-437590.1486,-454314.7644
8248000,2390.072,14474.4316,62330.9387,-516809.6593,-437614.217,-454478.7206
8249000,2382.4859,14469.7676,62426.6085,-517357.7194,-438078.8574,-454931.11089999997
8250000,2379.6657,14360.9237,62071.273,-516385.3219,-437573.4595,-454314.0489
8251000,2379.5145,14391.9786,62035.2718,-516827.1825,-438020.4176,-454791.9107
8252000,2383.2873,14450.2154,61569.4884,-515405.0047,-437002.0136,-453835.5163
8253000,2370.1276,14468.943,61781.6141,-516063.6838,-437442.9991,-454282.0697
8254000,2358.9731,14377.641,62118.0601,-516053.5233,-437198.8491,-453935.4632
8255000,2365.7019,14323.2045,61948.6941,-516434.9215,-437797.321,-454486.2274
8256000,2392.0757,14405.2497,62182.1439,-516031.3143,-437051.84500000003,-453849.1704
8257000,2366.5491,14413.3435,61610.6629,-515308.3814,-436917.8259,-453697.7185
8258000,2397.5237,14406.5004,61598.118,-515732.694,-437330.5519,-454134.576
8259000,2386.7435,14501.8117,61979.6617,-516299.5103,-437431.2934,-454319.8486
8260000,2375.9683,14316.739,61943.9291,-516125.0207,-437488.3843,-454181.0916
8261000,2367.5261,14301.2648,62645.8916,-517151.9864,-437837.3039,-454506.09479999996
8262000,2353.1754,14312.6705,62303.9605,-516903.2697,-437933.4633,-454599.3092
8263000,2384.5777,14388.7535,61736.4813,-516061.5334,-437551.7209,-454325.05210000003
8264000,2399.0283,14456.0597,61785.9448,-516243.8986,-437602.8658,-454457.9538
8265000,2342.7707,14381.2462,62115.2728,-516821.2445,-437981.95479999995,-454705.9717
8266000,2372.5944,14326.786,62313.3238,-517152.0056,-438139.3014,-454838.68179999996
8267000,2359.3455,14433.8072,62124.4145,-516856.4391,-437938.8719,-454732.0246
8268000,2379.8738,14334.4728,62023.0581,-516720.5633,-437983.15859999997,-454697.50519999996
8269000,2367.9323,14437.6383,62266.9549,-517368.2903,-438295.7648,-455101.3354
8270000,2367.7627,14295.1685,62178.7421,-516648.6409,-437806.9676,-454469.89879999997
8271000,2414.0235,14336.6053,61937.7121,-516330.1011,-437641.7602,-454392.389
8272000,2361.0553,14423.8279,62054.8273,-516217.4518,-437377.7413,-454162.6245
8273000,2366.4136,14389.5963,62327.2594,-516831.8454,-437748.5761,-454504.586
8274000,2370.9397,14269.5497,61877.6107,-516077.5796,-437559.4795,-454199.9689
8275000,2353.253,14409.7828,62358.0319,-516631.5515,-437510.4838,-454273.5196
8276000,2410.904,14444.7329,62200.5412,-517019.7931,-437963.615,-454819.25190000003
8277000,2391.223,14388.1883,62043.0325,-516132.334,-437309.89019999997,-454089.30149999994
8278000,2365.8244,14414.513,61965.3988,-516169.1545,-437423.4183,-454203.7557
8279000,2396.2605,14376.5067,61600.2564,-515023.2368,-436650.2132,-453422.9804
8280000,2407.5705,14329.22,61577.4947,-515338.2107,-437023.9255,-453760.716
8281000,2395.0556,14501.4138,61344.5366,-515555.7571,-437314.7511,-454211.2205
8282000,2384.6831,14423.8743,62210.0612,-516512.6121,-437493.99350000004,-454302.55090000003
8283000,2384.9891,14349.8278,61870.5717,-515369.5983,-436764.2097,-453499.0266
8284000,2379.0593,14418.4607,61814.3867,-516372.8862,-437760.9795,-454558.49950000003
8285000,2363.4055,14311.3357,62325.618,-517161.7716,-438161.4124,-454836.15359999996
8286000,2382.8042,14311.4842,62094.4803,-516319.2825,-437530.51379999996,-454224.8022
8287000,2338.3953,14307.7939,62006.4386,-515971.4123,-437318.7845,-453964.97370000003
8288000,2378.8796,14476.1723,61618.5811,-515536.1753,-437062.5423,-453917.5942
8289000,2395.144,14401.1885,62061.4924,-516281.0354,-437423.2105,-454219.543
8290000,2416.3619,14405.0434,62108.7489,-515985.1142,-437054.96,-453876.3653
8291000,2396.3072,14387.9909,62147.1511,-515883.698,-436952.24879999994,-453736.54689999996
8292000,2391.7402,14317.0761,61889.2406,-515520.8975,-436922.8406,-453631.6569
8293000,2381.1901,14208.0735,62334.9836,-516496.8118,-437572.56460000004,-454161.82820000005
8294000,2380.2978,14434.8573,61739.6065,-515626.5419,-437071.7803,-453886.9354
8295000,2372.5475,14364.3658,61647.8981,-516540.2761,-438155.4647,-454892.378
8296000,2364.6454,14275.587,61945.4863,-515856.7293,-437271.01060000004,-453911.243
8297000,2368.952,14350.6714,62289.4597,-516191.9905,-437182.9074,-453902.5308
8298000,2364.3418,14350.4958,62615.6127,-517232.8285,-437902.37820000004,-454617.2158
8299000,2363.2382,14450.4752,62535.1744,-517138.125,-437789.2372,-454602.9506
8300000,2388.4737,14316.2948,62146.2051,-516786.9575,-437935.9839,-454640.7524
8301000,2373.1701,14321.57,61940.603,-515659.5041,-437024.161,-453718.9011
8302000,2382.1038,14384.8369,62484.0322,-516690.5298,-437439.5569,-454206.4976
8303000,2343.6698,14468.6282,62193.8199,-516711.0824,-437704.9645,-454517.2625
8304000,2386.9577,14376.9983,61719.5885,-516190.7091,-437707.1646,-454471.12059999997
8305000,2400.7404,14352.7054,61935.7074,-516242.4781,-437553.3249,-454306.7707
8306000,2365.2569,14408.5805,62226.1074,-516166.7605,-437166.8157,-453940.6531
8307000,2330.6195,14313.5403,61833.5473,-515538.4175,-437060.7104,-453704.8702
8308000,2399.9792,14376.9924,62268.3259,-516977.9924,-437932.6949,-454709.6665
8309000,2387.9922,14384.0655,62137.6984,-516790.3878,-437880.6317,-454652.68940000003
8310000,2392.6605,14443.1617,62042.5107,-515971.5797,-437093.24679999996,-453929.069
8311000,2413.1918,14368.452,61863.2114,-516626.2776,-437981.4224,-454763.0662
8312000,2379.3554,14240.9717,61783.9537,-516181.697,-437777.4162,-454397.7433
8313000,2424.6986,14486.1046,61996.4363,-517152.0831,-438244.8436,-455155.6468
8314000,2379.6004,14430.2223,62029.4505,-516393.5493,-437554.2761,-454364.09880000004
8315000,2379.406,14373.4595,61300.6414,-515357.6056,-437304.0987,-454056.9642
8316000,2371.754,14302.0493,62408.8957,-516764.7953,-437682.0963,-454355.8996
8317000,2364.8737,14369.6711,61766.1082,-516264.9115,-437764.2585,-454498.80329999997
8318000,2393.0245,14364.1306,62103.9905,-517064.0517,-438202.9061,-454960.0612
8319000,2364.8992,14380.7128,62002.2058,-516400.1415,-437652.3237,-454397.93570000003
8320000,2392.5535,14468.1351,61886.7794,-516133.6832,-437386.21520000004,-454246.90380000003
8321000,2388.0023,14413.8955,61580.6703,-516064.2938,-437681.72569999995,-454483.6235
8322000,2406.2741,14315.811,62261.8556,-516333.7746,-437349.83389999997,-454071.919
8323000,2363.0804,14369.7265,62269.8303,-517160.1995,-438157.5623,-454890.36919999996
8324000,2337.7651,14323.0726,61689.216,-516334.4651,-437984.4114,-454645.24909999996
8325000,2394.3494,14319.2509,62065.046,-516268.336,-437489.6897,-454203.29000000004
8326000,2391.199,14354.9137,62458.9939,-516836.4703,-437631.3637,-454377.4764
8327000,2370.0563,14331.4364,61936.4442,-515919.985,-437282.0481,-453983.54079999996
8328000,2405.5353,14451.3956,61986.9946,-516354.1314,-437510.2059,-454367.13680000004
8329000,2369.9504,14247.2796,62492.7217,-516905.2857,-437795.33400000003,-454412.564
8330000,2365.0388,14349.1861,62101.6144,-516632.9129,-437817.0736,-454531.2985
8331000,2370.7447,14446.8016,61785.4537,-516208.616,-437605.616,-454423.16229999997
8332000,2378.8236,14338.4326,62135.0037,-516036.5574,-437184.2975,-453901.5537
8333000,2357.9158,14317.4289,62699.3614,-516859.5509,-437484.84479999996,-454160.1895
8334000,2374.1581,14236.5406,62004.1244,-516166.7134,-437551.89029999997,-454162.58900000004
8335000,2403.8413,14393.0351,62197.3125,-516604.7906,-437610.6017,-454407.4781
8336000,2416.6267,14436.9378,61889.1258,-516591.6483,-437848.958,-454702.5225
8337000,2390.6184,14292.0381,61948.4179,-515995.1465,-437364.0721,-454046.7286
8338000,2358.8517,14316.0226,61869.1853,-515728.4056,-437184.346,-453859.2203
8339000,2316.9496,14299.1754,61496.3763,-515594.3989,-437481.89759999997,-454098.02259999997
8340000,2368.9613,14270.3289,61600.2566,-515831.2625,-437591.7157,-454231.0059
8341000,2369.7053,14360.6018,62605.3065,-517180.1187,-437844.5051,-454574.8122
8342000,2357.7006,14321.9828,62170.1537,-516633.281,-437783.4439,-454463.1273
8343000,2397.8191,14385.0325,62328.2922,-516864.8101,-437753.6663,-454536.5179
8344000,2385.7403,14407.8153,61857.9658,-516706.8611,-438055.3397,-454848.8953
8345000,2398.4554,14376.6664,62114.68,-516774.3859,-437884.5841,-454659.7059
8346000,2409.4096,14451.1663,62024.0772,-516365.5836,-437480.9305,-454341.5064
8347000,2409.126,14326.5415,61564.7035,-515401.8642,-437101.4932,-453837.1607
8348000,2369.0973,14414.722,61650.6941,-515802.4591,-437367.9457,-454151.76499999996
8349000,2382.9385,14323.3878,62194.0455,-516670.2303,-437769.8585,-454476.1848
8350000,2383.7559,14396.7192,61688.2491,-515680.3243,-437211.6001,-453992.07519999996
8351000,2403.8633,14416.2788,61749.6595,-516206.7245,-437636.9229,-454457.065
8352000,2380.5717,14364.9776,62279.4086,-515931.4452,-436906.48730000004,-453652.0366
8353000,2355.099,14399.2919,61695.0872,-516174.0365,-437724.5584,-454478.9493
8354000,2362.1215,14427.9504,62019.2091,-516422.9343,-437613.6533,-454403.72520000004
8355000,2342.3446,14415.0463,61830.6187,-515956.7214,-437368.7118,-454126.1027
8356000,2365.5205,14435.1152,61997.5314,-515999.234,-437201.0669,-454001.7026
8357000,2409.8978,14389.5623,61759.4703,-516072.1171,-437513.18669999996,-454312.6468
8358000,2396.3113,14360.7341,61488.6573,-515443.3857,-437197.68299999996,-453954.72839999996
8359000,2396.773,14400.2937,61832.1566,-515616.9334,-436987.71009999997,-453784.7768
8360000,2334.1307,14266.2519,62213.3845,-516322.7476,-437508.9805,-454109.3631
8361000,2350.4755,14314.3735,61663.2337,-515667.6057,-437339.52300000004,-454004.37200000003
8362000,2349.9969,14308.2309,61898.4478,-515644.2521,-437087.57649999997,-453745.80429999996
8363000,2381.117,14416.5787,61993.8479,-516482.3485,-437690.8049,-454488.5006
8364000,2381.5772,14386.9799,62062.7922,-516253.6897,-437422.3404,-454190.89749999996
8365000,2353.4225,14281.996,61814.3989,-516033.906,-437584.0886,-454219.50710000005
8366000,2397.4992,14391.1429,62404.0884,-517309.1627,-438116.4322,-454905.0743
8367000,2351.2041,14318.6026,62637.2331,-517196.2934,-437889.25360000005,-454559.0603
8368000,2373.6764,14429.5609,62179.1467,-517101.6447,-438119.2607,-454922.498
8369000,2406.6938,14333.1416,61825.16,-516182.5276,-437617.53219999996,-454357.3676
8370000,2379.2625,14401.5727,61442.8868,-515918.2128,-437694.49079999997,-454475.326
8371000,2377.3865,14343.4509,61940.9661,-516470.1288,-437808.3253,-454529.1627
8372000,2379.0025,14304.9254,62248.4268,-516511.0402,-437578.6855,-454262.6134
8373000,2368.5194,14307.3613,62175.7638,-516228.338,-437376.6935,-454052.5742
8374000,2372.2937,14392.1533,61841.2737,-516197.4093,-437591.6886,-454356.1356
8375000,2377.2976,14189.9512,61909.0142,-516221.0511,-437744.7881,-454312.0369
8376000,2386.6714,14375.8051,61971.0084,-516248.0518,-437514.56690000003,-454277.0434
8377000,2371.3791,14318.8708,61389.8489,-515042.9833,-436962.88450000004,-453653.13440000004
8378000,2362.281,14398.7398,62215.2468,-516347.7755,-437371.50789999997,-454132.52869999997
8379000,2384.1746,14413.7754,62400.4339,-517079.2555,-437880.8716,-454678.8216
8380000,2371.1365,14348.3539,61995.6128,-516265.1965,-437550.0933,-454269.5837
8381000,2384.7022,14392.221,61735.12,-516289.8351,-437777.7919,-454554.71510000003
8382000,2361.2471,14281.4659,61951.8202,-515999.2822,-437404.749,-454047.462
8383000,2375.0571,14303.0655,62000.887,-516372.7178,-437693.7082,-454371.8308
8384000,2391.069,14365.563,61204.4261,-515341.3046,-437380.2465,-454136.8785
8385000,2369.8849,14282.1727,62646.0301,-516951.3937,-437653.306,-454305.36360000004
8386000,2388.1515,14278.5662,62001.9113,-515825.1198,-437156.49079999997,-453823.2085
8387000,2366.7572,14356.3996,61805.9118,-515922.6544,-437393.5858,-454116.7426
8388000,2350.673,14293.1032,61891.8403,-515723.3471,-437187.7306,-453831.50680000003
8389000,2358.1189,14367.8819,62439.3261,-517214.8053,-438049.4784,-454775.4792
8390000,2353.6258,14283.978,62019.2847,-516381.7573,-437724.8688,-454362.4726
8391000,2379.5972,14423.8084,61743.8945,-515942.3965,-437395.0964,-454198.502
8392000,2387.4239,14338.8206,62161.5402,-516439.7287,-437551.94399999996,-454278.1885
8393000,2390.0278,14448.4445,61301.4383,-515042.4775,-436902.5669,-453741.0392
8394000,2359.0814,14358.4194,62155.266,-516425.3354,-437552.5686,-454270.0694
8395000,2393.7769,14321.0109,62438.7698,-516520.2228,-437366.6652,-454081.453
8396000,2377.0044,14268.168,62641.0343,-517352.7997,-438066.593,-454711.7654
8397000,2365.5224,14336.1852,62499.1288,-517307.3599,-438106.5235,-454808.2311
8398000,2377.2245,14477.2747,61897.5326,-516688.9673,-437936.9355,-454791.43470000004
8399000,2396.5171,14505.2907,62207.0679,-516892.6457,-437783.77,-454685.57779999997
8400000,2396.7495,14262.8914,61954.9028,-516459.4245,-437844.88080000004,-454504.52170000004
8401000,2355.7165,14488.4042,62072.6913,-516811.5391,-437894.7271,-454738.8478
8402000,2423.2098,14445.2258,62186.8646,-516403.9682,-437348.668,-454217.10360000003
8403000,2371.284,14410.9417,61811.7118,-516234.2285,-437640.291,-454422.51670000004
8404000,2364.5703,14470.1362,61917.9563,-516008.2099,-437255.5471,-454090.2536
8405000,2392.9254,14188.577,62458.6901,-516134.7275,-437094.535,-453676.0374
8406000,2365.7887,14488.4076,62112.2337,-515975.2325,-437008.8025,-453862.9988
8407000,2397.8688,14400.009,62017.908,-515905.3307,-437089.5449,-453887.4227
8408000,2391.9231,14438.8826,62517.0548,-517014.5668,-437666.70629999996,-454497.512
8409000,2376.8598,14381.1481,61641.9988,-515967.0823,-437567.0756,-454325.0835
8410000,2341.669,14273.8992,62186.9324,-516684.1671,-437881.66650000005,-454497.23470000003
8411000,2352.9191,14286.501,62008.6555,-515765.1884,-437117.1128,-453756.5329
8412000,2378.6277,14301.1694,62718.0886,-517153.3687,-437755.483,-454435.2801
8413000,2362.8083,14276.9209,61495.2355,-515343.2568,-437208.29209999996,-453848.02129999996
8414000,2355.8413,14517.4928,61435.764,-515651.2386,-437342.1405,-454215.47459999996
8415000,2393.3282,14390.695,61894.3938,-515815.3531,-437136.9361,-453920.9593
8416000,2386.5381,14343.0183,61699.7842,-515597.3514,-437168.0108,-453897.5672
8417000,2384.4486,14378.3873,62116.7603,-516195.8093,-437316.21310000005,-454079.049
8418000,2347.4515,14362.6612,62223.2712,-517574.3599,-438640.97599999997,-455351.08869999996
8419000,2381.0727,14367.2146,62277.8592,-516496.4087,-437470.2622,-454218.5495
8420000,2329.879,14280.2136,61811.5556,-516329.5696,-437907.9214,-454518.01399999997
8421000,2403.0295,14362.6388,62182.6671,-517135.9452,-438187.60980000003,-454953.2781
8422000,2379.3747,14430.9086,61978.3281,-515955.3502,-437166.7388,-453977.0221
8423000,2382.9558,14291.3463,62206.7735,-515923.5576,-437042.48199999996,-453716.7841
8424000,2404.0491,14373.9398,61839.7741,-515938.735,-437320.97199999995,-454098.9609
8425000,2366.6737,14324.9898,61796.8257,-515959.5593,-437471.0701,-454162.73360000004
8426000,2377.2064,14262.9775,62451.2324,-517019.9317,-437928.51540000003,-454568.69930000004
8427000,2378.3461,14245.9749,61950.7026,-516639.5628,-438064.5392,-454688.8602
8428000,2366.0732,14363.4111,62910.0119,-516467.1583,-436827.6621,-453557.1464
8429000,2354.8069,14350.0877,62247.4916,-517003.6361,-438051.2499,-454756.1445
8430000,2375.7765,14335.4083,62089.209,-516147.6122,-437347.21839999995,-454058.40319999994
8431000,2367.5198,14326.4097,62055.5869,-516480.3609,-437730.8445,-454424.77400000003
8432000,2378.3976,14407.544,61786.6946,-515757.4424,-437184.8062,-453970.7478
8433000,2401.6221,14487.9341,62321.1721,-517164.1673,-437953.43899999995,-454842.99519999995
8434000,2392.2357,14303.1217,61987.7313,-515858.9123,-437175.8236,-453871.18100000004
8435000,2379.159,14377.1592,61922.9974,-516350.49,-437671.1744,-454427.4926
8436000,2380.838,14423.1555,62177.8255,-516592.1322,-437610.3132,-454414.3067
8437000,2357.0241,14300.659,62210.8092,-517106.0063,-438237.514,-454895.1971
8438000,2340.7598,14292.6838,61628.4479,-515936.4056,-437674.51410000003,-454307.9577
8439000,2390.1225,14445.1563,62064.6515,-516671.3987,-437771.4684,-454606.74720000004
8440000,2363.0405,14384.9877,61766.9393,-515197.5233,-436682.5558,-453430.58400000003
8441000,2350.7678,14261.7006,62434.9897,-516269.5997,-437222.14160000003,-453834.61000000004
8442000,2365.2296,14380.1794,61712.4954,-516011.9038,-437553.9994,-454299.40839999996
8443000,2412.2552,14432.5739,62122.0799,-515636.7597,-436669.8507,-453514.6798
8444000,2379.2632,14320.5153,61649.1826,-514993.1629,-436644.2018,-453343.9803
8445000,2393.0715,14345.5008,62389.473,-516553.6896,-437425.6443,-454164.2166
8446000,2387.7395,14426.2121,62156.0905,-516152.985,-437182.9429,-453996.8945
8447000,2375.637,14377.0537,62423.0806,-516568.1063,-437392.33499999996,-454145.0257
8448000,2426.0936,14412.8596,61487.273,-515069.4923,-436743.2661,-453582.2193
8449000,2390.1184,14282.4463,61927.5669,-516349.2382,-437749.10660000006,-454421.67130000005
8450000,2381.4534,14325.1609,61940.0916,-516355.6651,-437708.9592,-454415.5735
8451000,2372.4795,14360.5547,61822.3757,-516857.9843,-438302.57440000004,-455035.60860000004
8452000,2390.089,14397.8496,62333.0449,-516902.541,-437781.5575,-454569.49610000005
8453000,2343.539,14285.9874,62054.5041,-516306.2226,-437622.1921,-454251.71849999996
8454000,2396.5578,14408.7593,62344.4057,-516482.192,-437332.4692,-454137.7863
8455000,2376.2878,14381.8319,61897.5213,-516322.5182,-437666.8772,-454424.99689999997
8456000,2370.9019,14378.7231,61787.6711,-515986.0703,-437448.7742,-454198.39920000004
8457000,2409.0903,14416.5179,61501.9311,-515311.0289,-436983.4896,-453809.0978
8458000,2391.5851,14350.5133,61801.2926,-516139.4194,-437596.0284,-454338.1268
8459000,2423.5943,14503.88,61237.3434,-514971.2939,-436806.4762,-453733.9505
8460000,2349.7517,14272.5494,61774.2809,-515474.1045,-437077.5225,-453699.8236
8461000,2349.6684,14432.8987,61922.8183,-516371.7501,-437666.36470000003,-454448.9318
8462000,2353.9357,14294.3438,61417.2921,-515421.111,-437355.5394,-454003.81889999995
8463000,2383.4504,14246.0213,61446.1394,-515927.3693,-437851.75820000004,-454481.22990000003
8464000,2367.0938,14388.6,61953.0906,-516639.8905,-437931.1061,-454686.7999
8465000,2350.4804,14343.7567,62077.1168,-516774.9705,-438003.6166,-454697.8537
8466000,2365.5451,14407.2648,61620.8347,-515493.601,-437099.9564,-453872.7663
8467000,2351.3957,14410.8605,62277.6465,-516732.5942,-437692.69149999996,-454454.9477
8468000,2382.3311,14334.0808,62271.3473,-516214.8405,-437227.08129999996,-453943.49319999997
8469000,2404.9492,14407.1669,62231.8157,-516614.2602,-437570.3284,-454382.44450000004
8470000,2348.7734,14454.8786,62093.8993,-517063.647,-438166.0957,-454969.7477
8471000,2385.2093,14472.5761,62011.7239,-516489.8678,-437620.3585,-454478.1439
8472000,2358.4906,14407.1702,61788.7581,-516006.0493,-437451.6304,-454217.29120000004
8473000,2386.5431,14411.3364,61736.3232,-516331.0236,-437796.82090000005,-454594.70040000003
8474000,2367.3521,14432.9785,62139.6448,-516045.5114,-437105.536,-453905.8666
8475000,2394.9973,14476.6684,62389.5128,-517050.8217,-437789.6432,-454661.30889999995
8476000,2352.2388,14386.927,62030.1119,-516775.2239,-438005.9462,-454745.11199999996
8477000,2358.6459,14555.4398,62412.1398,-516731.997,-437405.7715,-454319.85719999997
8478000,2411.0017,14455.1584,61513.6127,-515822.9799,-437443.2071,-454309.3672
8479000,2403.5159,14515.065,62457.5976,-517270.6738,-437894.49529999995,-454813.0762
8480000,2375.3508,14413.4163,61895.3211,-516226.4231,-437542.3349,-454331.102
8481000,2422.4193,14427.0116,61738.2758,-515299.5394,-436711.8327,-453561.2636
8482000,2376.6221,14392.4877,61905.2956,-515844.51,-437170.1046,-453939.2144
8483000,2374.7564,14409.2139,61781.8956,-516326.3681,-437760.5022,-454544.47250000003
8484000,2361.2734,14337.4387,61881.7028,-516449.2274,-437868.8125,-454567.5246
8485000,2365.5789,14327.5394,61725.7404,-516253.2872,-437834.42850000004,-454527.5468
8486000,2377.7499,14381.4167,62013.7467,-516626.9546,-437854.0413,-454613.2079
8487000,2368.3945,14491.1714,61768.6827,-516341.6163,-437713.3677,-454572.9336
8488000,2384.3785,14377.0254,61584.817,-516237.7547,-437891.5338,-454652.9377
8489000,2369.2016,14367.0408,62194.8401,-516724.8953,-437793.81279999996,-454530.05519999994
8490000,2397.5403,14483.5815,62389.1859,-517164.2665,-437893.9588,-454775.08060000004
8491000,2371.6538,14301.3981,62001.1672,-516311.1198,-437636.9007,-454309.95259999996
8492000,2416.2031,14456.1786,61889.8002,-516295.5787,-437533.3968,-454405.7785
8493000,2392.7064,14368.4875,61986.0082,-516639.7888,-437892.5867,-454653.7806
8494000,2392.7135,14420.5526,62361.4847,-517181.6274,-438006.87659999996,-454820.14269999997
8495000,2389.6606,14447.1476,62333.6011,-516553.3127,-437382.9034,-454219.71160000004
8496000,2393.2911,14344.9555,61882.4467,-515652.6066,-437031.9133,-453770.15989999997
8497000,2366.1272,14420.8933,61778.0882,-515876.2165,-437311.1078,-454098.1283
8498000,2377.2343,14389.976,62014.4809,-516507.5344,-437725.8432,-454493.0535
8499000,2356.8653,14340.3991,61800.0469,-516172.0069,-437674.6956,-454371.95999999996
8500000,2359.8762,14367.4996,62057.0737,-516640.2459,-437855.7964,-454583.1722
8501000,2342.24,14371.9094,62229.0088,-516331.7594,-437388.6012,-454102.75059999997
8502000,2352.1702,14386.6312,62280.4925,-517036.3451,-438017.0512,-454755.8526
8503000,2349.344,14354.9955,61889.1243,-515829.8739,-437236.4101,-453940.7496
8504000,2372.9648,14425.484,62388.355,-517593.9219,-438407.1181,-455205.56690000003
8505000,2371.9102,14443.0134,62568.2003,-517195.5279,-437812.404,-454627.32759999996
8506000,2339.6353,14435.6244,62203.6567,-516681.8293,-437702.9129,-454478.1726
8507000,2392.3201,14407.726,61616.7327,-515874.6829,-437457.90410000004,-454257.9502
8508000,2369.5708,14308.0053,61567.862,-515104.239,-436858.80090000003,-453536.377
8509000,2375.3694,14417.9359,62517.2326,-517071.5726,-437761.0347,-454554.34
8510000,2351.9026,14430.8719,62096.2436,-516418.7948,-437539.7767,-454322.5512
8511000,2384.7364,14376.9993,61922.0837,-516509.8981,-437826.07869999995,-454587.8144
8512000,2386.5869,14339.7493,61974.7141,-516076.2474,-437375.1971,-454101.5333
8513000,2364.7003,14439.8902,61497.0698,-515982.0403,-437680.38,-454484.9705
8514000,2367.8264,14313.5438,62068.1705,-516797.8536,-438048.31289999996,-454729.68309999997
8515000,2378.6064,14400.833,61973.3932,-516218.7396,-437465.907,-454245.3464
8516000,2391.7929,14364.9487,61983.4067,-517126.0127,-438385.8644,-455142.606
8517000,2370.913,14409.1074,62496.723,-517585.7821,-438309.03870000003,-455089.0591
8518000,2377.9645,14291.1274,62132.9835,-516893.5576,-438091.48219999997,-454760.57409999997
8519000,2373.897,14383.7302,62093.1442,-517340.5741,-438489.8027,-455247.42990000005
8520000,2379.5424,14452.6687,62175.3506,-516331.683,-437324.1213,-454156.3324
8521000,2366.0879,14388.2357,62189.5995,-516543.6986,-437599.7755,-454354.0991
8522000,2346.3557,14397.1319,62211.5839,-517300.1556,-438345.0841,-455088.5717
8523000,2346.1723,14336.9507,62246.679,-517374.1976,-438444.39560000005,-455127.5186
8524000,2396.9942,14386.7144,61887.1408,-516448.2329,-437777.3835,-454561.0921
8525000,2389.3949,14409.5407,61658.0295,-516181.6183,-437724.65319999994,-454523.58879999997
8526000,2380.0126,14333.6948,61563.5838,-515296.8473,-437019.55610000005,-453733.2635
8527000,2361.2564,14455.0096,61422.4912,-514846.5375,-436607.7803,-453424.0463
8528000,2361.4625,14372.0641,61374.1146,-515381.3434,-437273.7022,-454007.22880000004
8529000,2356.2962,14400.6602,61698.7089,-515584.5062,-437128.8409,-453885.7973
8530000,2421.3619,14349.0644,62484.755,-517471.4843,-438216.303,-454986.7293
8531000,2391.1591,14350.3372,62617.652,-517090.5242,-437731.3759,-454472.8722
8532000,2384.6411,14338.3314,62265.8788,-517136.9174,-438148.0661,-454871.03859999997
8533000,2387.2715,14380.7139,61791.9005,-516688.9945,-438129.1086,-454897.094
8534000,2378.6551,14433.3886,62279.7922,-516110.0233,-437018.1874,-453830.2311
8535000,2373.8427,14544.2635,62347.7363,-516379.2501,-437113.40760000004,-454031.5138
8536000,2393.3245,14319.951,62419.787,-516924.4941,-437791.4316,-454504.7071
8537000,2363.9716,14473.7115,61765.7244,-516510.2787,-437906.87120000005,-454744.5543
8538000,2380.5686,14340.9629,62433.8496,-517019.0554,-437863.6743,-454585.2058
8539000,2339.3854,14378.5353,62111.705,-516359.8762,-437530.25049999997,-454248.1712
8540000,2386.4976,14353.0329,62225.7137,-516694.5998,-437729.3556,-454468.8861
8541000,2376.9642,14338.539,62289.4166,-516482.6543,-437477.7345,-454193.2377
8542000,2369.2939,14415.5311,62326.7395,-516601.2357,-437489.6712,-454274.4962
8543000,2369.6556,14365.0192,62019.0528,-516707.7024,-437953.9748,-454688.6496
8544000,2375.4616,14410.3815,62180.0311,-516066.8725,-437100.9983,-453886.8414
8545000,2366.9046,14404.5066,61963.9631,-516065.6455,-437330.27119999996,-454101.6824
8546000,2396.9942,14315.9877,61653.2115,-515688.4627,-437322.2693,-454035.2512
8547000,2389.3792,14330.8037,61806.3035,-515628.8846,-437102.3982,-453822.5811
8548000,2388.8267,14354.8405,61909.5584,-516174.5295,-437521.3039,-454264.9711
8549000,2342.4132,14349.0129,61944.2189,-516105.9661,-437470.3211,-454161.74720000004
8550000,2373.215,14384.0334,61892.7403,-516678.32,-438028.3313,-454785.5797
8551000,2422.8716,14372.3214,62552.441,-517131.292,-437783.65800000005,-454578.851
8552000,2370.1463,14451.5276,62755.8524,-517698.1263,-438120.6,-454942.27390000003
8553000,2377.776,14329.9869,61823.0294,-516736.1952,-438205.4029,-454913.1658
8554000,2362.641,14451.8325,61687.9053,-515722.7836,-437220.4048,-454034.87830000004
8555000,2373.4111,14282.1853,61934.596,-516132.0581,-437541.8657,-454197.4621
8556000,2385.8153,14310.2342,61958.2182,-516469.8644,-437815.5967,-454511.6462
8557000,2392.9572,14324.9388,62213.3817,-516188.1176,-437256.8399,-453974.73589999997
8558000,2387.1561,14412.5782,61999.9404,-515778.8256,-436979.1509,-453778.88519999996
8559000,2386.7571,14331.0122,61894.6002,-515894.2071,-437281.83759999997,-453999.6069
8560000,2390.9158,14396.372,61778.1997,-516380.7678,-437815.2803,-454602.5681
8561000,2381.5164,14328.3881,61828.585,-516224.2832,-437685.79370000004,-454395.6982
8562000,2353.7031,14359.8584,61916.3529,-516564.8955,-437934.9811,-454648.5426
8563000,2373.5283,14377.8275,61556.5583,-515565.3385,-437257.4244,-454008.78020000004
8564000,2385.2674,14303.0297,61761.0453,-515220.3294,-436770.98699999996,-453459.2841
8565000,2388.0786,14462.3641,61767.2024,-516049.1903,-437431.54520000005,-454281.9879
8566000,2414.8424,14347.3743,62116.3884,-517233.3403,-438354.7352,-455116.9519
8567000,2419.2235,14308.5217,61572.3522,-515825.1785,-437525.08109999995,-454252.82629999996
8568000,2411.7524,14346.409,61971.9109,-516562.0003,-437831.928,-454590.0894
8569000,2403.7879,14479.4378,61946.4752,-516611.5102,-437781.8093,-454665.03500000003
8570000,2374.4677,14246.9027,62042.118,-516166.7578,-437503.2694,-454124.6398
8571000,2383.1882,14408.8988,62284.784,-516537.0401,-437460.1691,-454252.2561
8572000,2374.3586,14393.928,61917.3634,-516227.1274,-437541.4774,-454309.76399999997
8573000,2374.0616,14337.2509,61528.737,-515561.6021,-437321.55260000005,-454032.8651
8574000,2374.5789,14328.1032,61241.8496,-515248.8501,-437304.3184,-454007.00049999997
8575000,2344.7465,14248.6528,62498.8879,-516985.1913,-437892.9041,-454486.3034
8576000,2398.4147,14324.8037,61366.6706,-515692.757,-437602.868,-454326.0864
8577000,2355.616,14300.5491,61958.0565,-516799.1862,-438184.9646,-454841.1297
8578000,2414.1177,14419.3312,62017.2667,-516242.7591,-437392.0435,-454225.49240000005
8579000,2346.8423,14293.247,62161.6312,-516930.4717,-438128.7512,-454768.8405
8580000,2390.1488,14303.2667,62276.6452,-516195.9488,-437225.8881,-453919.3036
8581000,2393.4922,14376.1247,61833.4388,-516235.9389,-437632.88320000004,-454402.5001
8582000,2339.3325,14373.6541,61988.2429,-515981.3776,-437280.1481,-453993.1347
8583000,2382.3951,14380.9665,61705.1982,-515994.2069,-437525.6471,-454289.0087
8584000,2378.916,14362.7391,62056.2351,-516906.113,-438108.2228,-454849.8779
8585000,2395.4401,14294.2602,61789.5482,-516507.18,-438027.9315,-454717.6318
8586000,2387.0755,14372.6551,62104.1469,-516719.5343,-437855.6568,-454615.3874
8587000,2421.944,14374.9434,62035.2317,-516645.4138,-437813.29469999997,-454610.1821
8588000,2365.7081,14356.7247,61651.4755,-516129.461,-437755.5527,-454477.9855
8589000,2365.584,14390.3094,61814.4674,-516093.0172,-437522.6564,-454278.5498
8590000,2362.7961,14403.3238,61820.7752,-516584.4398,-437997.54469999997,-454763.6646
8591000,2400.3728,14555.1346,62227.5244,-517083.5347,-437900.5029,-454856.0103
8592000,2381.3321,14396.5191,62203.9082,-517053.6097,-438071.8503,-454849.70149999997
8593000,2397.5299,14367.8491,62203.8304,-517137.9194,-438168.71,-454934.08900000004
8594000,2327.6084,14343.4728,61760.2306,-516360.3883,-437929.07649999997,-454600.1577
8595000,2378.2049,14405.5245,62471.3857,-516958.3855,-437703.2704,-454486.9998
8596000,2357.7557,14440.3169,62472.2217,-517320.9635,-438050.6692,-454848.7418
8597000,2402.8012,14422.4632,62695.624,-517151.4953,-437630.6069,-454455.8713
8598000,2391.7621,14528.5702,61837.8991,-516478.57,-437720.3386,-454640.6709
8599000,2407.2921,14436.6447,61907.4839,-515836.7799,-437085.3592,-453929.29600000003
8600000,2375.045,14420.4511,61450.6899,-515872.8242,-437626.6382,-454422.1343
8601000,2343.3709,14325.2712,62298.9904,-516711.5699,-437743.9374,-454412.5795
8602000,2351.4085,14352.9649,61628.6691,-515601.5242,-437268.4817,-453972.8551
8603000,2375.2619,14398.6297,61669.6083,-515621.3743,-437177.87440000003,-453951.766
8604000,2360.2908,14347.6979,62289.4441,-516665.9951,-437668.5623,-454376.551
8605000,2377.427,14494.1608,61765.7311,-515891.872,-437254.55309999996,-454126.1409
8606000,2359.6596,14438.105,62034.7499,-515791.3769,-436958.8624,-453756.627
8607000,2371.632,14334.196,61688.5806,-516044.4893,-437650.08070000005,-454355.9087
8608000,2390.2061,14383.9525,61979.4915,-516720.4822,-437966.8321,-454740.9907
8609000,2345.7581,14328.9704,61892.4133,-515986.1988,-437419.05700000003,-454093.7855
8610000,2376.3961,14406.3226,62078.2434,-516183.1723,-437322.2102,-454104.9289
8611000,2406.2071,14460.5877,62236.7202,-516673.7184,-437570.2034,-454436.99820000003
8612000,2369.5718,14402.0675,61641.4849,-515672.4357,-437259.31149999995,-454030.9508
8613000,2384.9403,14438.8307,61995.277,-516647.1565,-437828.1085,-454651.8795
8614000,2360.288,14389.3002,61647.029,-515598.0572,-437201.43999999994,-453951.0282
8615000,2386.4585,14250.2685,61598.5454,-515589.0202,-437353.7478,-453990.4748
8616000,2349.5794,14350.2676,61680.4213,-515858.3197,-437478.0514,-454177.8984
8617000,2398.2437,14430.8331,62286.9871,-517065.5567,-437949.4928,-454778.56960000005
8618000,2364.7767,14402.486,62323.4696,-516827.2575,-437736.52520000003,-454503.7879
8619000,2410.9486,14379.1873,62462.4058,-516818.5132,-437565.9715,-454356.1074
8620000,2352.3397,14441.2055,62321.8519,-517026.7322,-437911.3351,-454704.8803
8621000,2367.9752,14302.8826,61558.1036,-515726.8641,-437497.9027,-454168.7605
8622000,2376.6956,14410.4149,61967.8256,-516316.105,-437561.1689,-454348.2794
8623000,2375.1239,14288.4797,61974.0956,-516384.2884,-437746.58920000005,-454410.1928
8624000,2413.908,14363.474,61923.2592,-516251.156,-437550.5148,-454327.8968
8625000,2365.4011,14394.4462,61936.0761,-516631.7323,-437935.80889999995,-454695.65619999997
8626000,2361.5137,14353.242,61995.0083,-516563.3621,-437853.59810000006,-454568.35380000004
8627000,2349.2185,14253.655,61966.6628,-515849.6917,-437280.15540000005,-453883.02890000003
8628000,2351.017,14272.1914,61602.5018,-515799.0556,-437573.3454,-454196.5538
8629000,2359.7752,14377.5438,62021.7712,-516198.9429,-437439.85270000005,-454177.1717
8630000,2385.34,14404.8199,61765.7113,-515969.303,-437413.4318,-454203.5917
8631000,2368.1634,14426.8675,61999.3525,-516827.7605,-438033.3771,-454828.408
8632000,2387.0835,14383.0876,62540.2643,-517591.5154,-438281.07999999996,-455051.2511
8633000,2352.0682,14396.707,61935.0799,-516688.6074,-438004.7523,-454753.52749999997
8634000,2331.883,14310.1575,62570.6071,-516551.649,-437339.00139999995,-453981.04189999995
8635000,2374.485,14418.106,62499.6952,-517001.5135,-437709.2273,-454501.8183
8636000,2377.5655,14311.1085,61212.878,-514905.0487,-437003.4967,-453692.1707
8637000,2365.7378,14308.4142,61760.4043,-516410.0393,-437975.483,-454649.635
8638000,2367.3224,14380.5622,61749.1879,-515939.5653,-437442.4928,-454190.3774
8639000,2356.1526,14359.2141,61695.2065,-515537.8883,-437127.3151,-453842.6818
8640000,2374.4033,14353.7761,61292.7504,-514612.1323,-436591.2025,-453319.3819
8641000,2373.9604,14284.7944,61818.0214,-515174.4534,-436697.67720000003,-453356.43200000003
8642000,2353.6972,14426.9455,61864.1542,-516615.3206,-437970.52369999996,-454751.1664
8643000,2372.633,14370.2175,62042.7895,-515966.3134,-437180.67339999997,-453923.5239
8644000,2371.7768,14348.1076,61774.2465,-516029.6173,-437535.4864,-454255.3708
8645000,2392.6752,14394.0537,61791.8196,-516470.0085,-437891.45999999996,-454678.1889
8646000,2365.4329,14438.2762,61934.4007,-516910.4386,-438172.3288,-454976.0379
8647000,2382.2883,14255.6994,61537.5481,-515799.2981,-437623.7623,-454261.75
8648000,2371.2495,14405.3052,62300.8753,-517025.5984,-437948.1684,-454724.7231
8649000,2355.8731,14309.8891,62150.472,-516663.2224,-437846.9882,-454512.7504
8650000,2353.4798,14329.4277,62424.633,-516775.9562,-437668.4157,-454351.3232
8651000,2389.9121,14412.6301,62255.2877,-516100.9373,-437043.1074,-453845.6496
8652000,2354.2864,14437.0853,61822.2092,-516100.5633,-437486.9824,-454278.3541
8653000,2376.9238,14336.0163,62020.5734,-516372.1394,-437638.6259,-454351.566
8654000,2380.0777,14388.4219,62537.3874,-516978.2804,-437672.3934,-454440.893
8655000,2349.5879,14330.147,62160.6962,-516652.0347,-437811.60360000003,-454491.3385
8656000,2357.736,14293.4996,61476.2834,-515636.0969,-437508.57790000003,-454159.8135
8657000,2395.9199,14391.6848,62494.4615,-517190.3279,-437908.2617,-454695.8664
8658000,2392.4182,14359.2785,61948.2746,-516190.3577,-437490.38639999996,-454242.0831
8659000,2333.9511,14258.623,61809.1296,-516524.597,-438122.8933,-454715.4674
8660000,2364.2125,14338.733,62068.5055,-516611.2443,-437839.7933,-454542.73880000005
8661000,2383.126,14399.3032,61857.6903,-515817.7506,-437177.6311,-453960.0603
8662000,2359.5646,14348.8443,61668.5295,-515515.6982,-437138.7598,-453847.1687
8663000,2350.3744,14304.2202,61744.1745,-515235.973,-436837.20389999996,-453491.7985
8664000,2343.0385,14410.1702,61900.6136,-515735.0857,-437081.2634,-453834.4721
8665000,2379.86,14360.1486,61894.9554,-516387.4659,-437752.50190000003,-454492.51050000003
8666000,2404.213,14299.537,62281.094,-516584.1396,-437599.2956,-454303.0456
8667000,2374.0218,14306.4274,61960.9153,-515987.8801,-437346.51560000004,-454026.9648
8668000,2376.9477,14312.3381,62317.7336,-516229.6862,-437222.6668,-453911.9526
8669000,2377.7233,14234.2541,62037.9102,-516445.7027,-437795.8151,-454407.79250000004
8670000,2376.0344,14342.96,61825.1561,-515693.9323,-437149.7818,-453868.77619999996
8671000,2365.0096,14265.4314,62308.2617,-516616.9029,-437678.20019999996,-454308.64119999995
8672000,2368.2139,14414.0398,61861.4995,-515904.2845,-437260.53130000003,-454042.78500000003
8673000,2384.6604,14432.4971,61768.3984,-515719.7265,-437134.17059999995,-453951.3281
8674000,2365.7087,14398.4571,61785.7946,-516193.5628,-437643.60240000003,-454407.7682
8675000,2368.8385,14347.8739,62403.4274,-517088.8078,-437968.668,-454685.3804
8676000,2387.7521,14375.114,62245.9587,-516776.7715,-437767.9467,-454530.81279999996
8677000,2371.4178,14456.1926,61937.2519,-516362.1488,-437597.28650000005,-454424.89690000005
8678000,2381.8683,14379.5538,62208.9217,-516840.8879,-437870.54409999994,-454631.96619999997
8679000,2389.1322,14298.6668,62091.3149,-516263.2689,-437484.155,-454171.954
8680000,2359.751,14324.3502,62205.1975,-516656.0759,-437766.7772,-454450.8784
8681000,2368.423,14341.9167,61927.2832,-516696.409,-438058.78609999997,-454769.1258
8682000,2390.8172,14326.522,61958.5561,-515664.9641,-436989.0688,-453706.408
8683000,2384.8153,14337.1073,61872.9394,-515999.8638,-437405.00179999997,-454126.9244
8684000,2344.688,14337.6168,61646.7433,-515564.3413,-437235.29319999996,-453917.598
8685000,2357.6991,14271.5115,61882.5143,-516550.6214,-438038.89650000003,-454668.1071
8686000,2356.9429,14397.8196,61750.4011,-516417.6201,-437912.4565,-454667.219
8687000,2377.4571,14387.2332,61812.3551,-516333.7056,-437756.6602,-454521.3505
8688000,2393.6309,14452.6628,62073.9719,-516425.1743,-437504.9087,-454351.2024
8689000,2366.2095,14327.6712,62260.1268,-516599.238,-437645.2305,-454339.11120000004
8690000,2377.7021,14351.5323,62141.986,-516693.015,-437821.7946,-454551.02900000004
8691000,2382.8399,14437.1801,62188.3234,-516645.9727,-437637.6293,-454457.6493
8692000,2376.9139,14326.0314,62156.9158,-516337.8298,-437477.96869999997,-454180.914
8693000,2376.2254,14386.7022,62033.3751,-516107.6182,-437311.3155,-454074.2431
8694000,2377.5241,14294.7591,61794.0806,-516258.2557,-437791.8919,-454464.1751
8695000,2375.9055,14293.6085,62019.6532,-516078.958,-437389.79079999996,-454059.3048
8696000,2362.1186,14446.313,61141.7607,-514794.8777,-436844.6854,-453653.117
8697000,2371.6361,14265.2358,61872.2395,-515611.7585,-437102.6471,-453739.519
8698000,2364.0511,14271.253,61865.9162,-515879.9743,-437378.754,-454014.0581
8699000,2372.2514,14468.6344,62246.208,-516878.4256,-437791.33180000004,-454632.21760000003
8700000,2375.4798,14448.8079,62094.7078,-516890.3267,-437971.3312,-454795.6189
8701000,2410.326,14398.0416,62821.0729,-517969.7458,-438340.3053,-455148.6729
8702000,2387.0377,14258.2084,62859.0169,-517459.211,-437954.948,-454600.1941
8703000,2367.5299,14353.1343,61814.1915,-516018.6432,-437483.7875,-454204.4517
8704000,2390.3419,14340.1811,61429.386,-515439.4223,-437279.5133,-454010.0363
8705000,2408.9033,14343.5119,61487.2761,-515624.7535,-437385.0622,-454137.4774
8706000,2402.9507,14391.7235,62390.8801,-516767.5605,-437582.0062,-454376.6804
8707000,2369.0541,14294.2643,62088.7326,-516173.7954,-437421.74439999997,-454085.0628
8708000,2368.3872,14480.2828,61663.8539,-515930.6759,-437418.152,-454266.822
8709000,2386.424,14343.3671,62089.8469,-516522.1498,-437702.51180000004,-454432.3029
8710000,2368.0041,14391.7422,62185.3026,-516739.1596,-437794.1107,-454553.857
8711000,2383.5449,14292.8301,61291.1863,-515562.5182,-437594.9569,-454271.3319
8712000,2392.7483,14388.1614,62016.5898,-516584.8875,-437787.38800000004,-454568.2977
8713000,2351.6864,14331.5558,61494.8189,-515929.9469,-437751.8858,-454435.12799999997
8714000,2387.6987,14302.39,61999.27,-516025.5275,-437336.16880000004,-454026.2575
8715000,2336.4862,14382.5373,61773.1063,-515910.5672,-437418.4374,-454137.4609
8716000,2385.4976,14376.4311,62027.9547,-516201.8143,-437411.93090000004,-454173.8596
8717000,2352.647,14331.3388,61760.4072,-516120.2263,-437675.8333,-454359.81909999996
8718000,2363.9313,14403.4349,62310.3241,-517427.8175,-438350.1272,-455117.49340000004
8719000,2394.4819,14496.7721,62119.732,-516535.8902,-437524.9042,-454416.1582
8720000,2375.7481,14358.1408,62318.9486,-517281.6599,-438228.82240000006,-454962.7113
8721000,2351.4498,14296.2185,61957.3934,-515701.5983,-437096.5366,-453744.2049
8722000,2346.0904,14453.0526,61517.7101,-515923.8853,-437607.0322,-454406.17520000006
8723000,2362.5766,14400.8071,61655.3987,-515852.2001,-437433.4177,-454196.8014
8724000,2364.6137,14370.1599,62380.6341,-517270.0539,-438154.64619999996,-454889.4198
8725000,2399.2968,14359.1375,61970.9456,-516735.018,-438005.6381,-454764.0724
8726000,2359.9835,14399.1428,62745.5937,-518300.5285,-438795.80850000004,-455554.93480000005
8727000,2380.19,14437.0732,62125.9368,-516894.2022,-437951.0022,-454768.2654
8728000,2389.0783,14304.4661,62307.6099,-517262.719,-438261.5647,-454955.1091
8729000,2379.0372,14379.6913,62265.7257,-517074.7038,-438050.2496,-454808.9781
8730000,2389.5194,14417.3041,62266.0407,-516851.8168,-437778.95259999996,-454585.77609999996
8731000,2375.6264,14300.3347,62364.0528,-516909.4068,-437869.3929,-454545.354
8732000,2362.6098,14274.1595,61727.9755,-515875.9356,-437511.19080000004,-454147.9601
8733000,2377.256,14323.1254,61858.6474,-516826.6214,-438267.5926,-454967.974
8734000,2365.9649,14403.8748,62354.6051,-516934.1872,-437809.7424,-454579.5821
8735000,2358.5417,14393.5497,61856.942,-516504.957,-437895.9236,-454648.015
8736000,2342.3949,14410.6144,62044.4834,-517081.7617,-438284.269,-455037.2783
8737000,2355.4074,14453.9015,62016.2478,-517006.3749,-438180.8182,-454990.1271
8738000,2369.9117,14318.2167,62531.1337,-516869.5052,-437650.2431,-454338.3715
8739000,2374.5304,14322.2901,61577.2852,-515214.8128,-436940.7071,-453637.52760000003
8740000,2375.4393,14311.9631,62149.4443,-515972.6422,-437135.7955,-453823.1979
8741000,2364.6278,14264.5726,61789.4082,-515424.0094,-437005.40079999994,-453634.6012
8742000,2386.6173,14338.7035,61371.8119,-515520.4031,-437423.2704,-454148.5912
8743000,2387.3011,14338.0567,62083.7158,-516555.4056,-437746.332,-454471.6898
8744000,2400.115,14446.8653,61853.7081,-515852.2137,-437151.52530000004,-453998.50560000003
8745000,2366.5974,14254.9556,61806.095,-516920.0773,-438492.4293,-455113.98230000003
8746000,2403.7599,14294.2397,61557.6593,-516504.3413,-438248.6824,-454946.682
8747000,2363.4871,14383.302,61862.5748,-516938.7033,-438329.3394,-455076.1285
8748000,2373.1297,14306.4892,61456.4904,-516076.6488,-437940.5395,-454620.1584
8749000,2378.6719,14306.3127,62484.7329,-516973.5871,-437803.8696,-454488.8542
8750000,2386.3565,14388.5806,61836.5437,-516294.6038,-437683.12299999996,-454458.0601
8751000,2363.4996,14303.2335,61713.6948,-515309.8638,-436929.4359,-453596.169
8752000,2384.5868,14388.9177,61553.0556,-515962.1949,-437635.6348,-454409.1393
8753000,2398.3126,14323.5618,62247.6612,-516650.3204,-437680.7848,-454402.6592
8754000,2387.55,14294.8294,61941.2506,-515798.2953,-437174.6653,-453857.04469999997
8755000,2373.4572,14266.9009,63061.232,-517898.3816,-438196.79150000005,-454837.1496
8756000,2360.0545,14369.1396,61835.8188,-516381.8742,-437816.8613,-454546.0554
8757000,2361.4829,14421.8647,62303.307,-517365.1384,-438278.4838,-455061.8314
8758000,2367.9092,14518.3496,61995.6554,-516471.0942,-437589.18,-454475.4388
8759000,2359.3955,14382.9401,61828.6057,-516659.8346,-438088.8933,-454831.2289
8760000,2377.4419,14405.908,61977.6969,-517154.2174,-438393.1706,-455176.52050000004
8761000,2371.8621,14365.4767,61728.1987,-516455.2646,-437989.7271,-454727.0659
8762000,2362.2481,14341.6339,61965.6964,-515678.3306,-437008.7522,-453712.6342
8763000,2386.0946,14298.7224,62166.0956,-516733.7748,-437882.86220000003,-454567.6792
8764000,2369.917,14389.4691,62081.4562,-516530.1219,-437689.2796,-454448.6657
8765000,2389.0981,14537.6994,62179.3746,-516613.8969,-437507.72479999997,-454434.5223
8766000,2351.0112,14334.0703,61674.0916,-516089.82,-437730.6469,-454415.7284
8767000,2373.3516,14349.4651,62166.3786,-516315.6382,-437426.4429,-454149.2596
8768000,2365.6404,14409.8514,61674.5999,-516191.7576,-437741.6659,-454517.1577
8769000,2423.6114,14468.4629,61971.0329,-516050.154,-437187.0468,-454079.1211
8770000,2390.7548,14389.8562,62250.3484,-516346.1447,-437315.1853,-454095.7963
8771000,2347.6579,14397.8902,61869.974,-516325.365,-437709.8429,-454455.391
8772000,2375.4215,14430.9512,61642.1353,-516081.4773,-437632.9693,-454439.342
8773000,2382.5927,14408.2224,61914.9668,-516649.9153,-437944.1334,-454734.9485
8774000,2364.2885,14394.5579,62014.8575,-516964.5615,-438190.8576,-454949.704
8775000,2361.1158,14374.4288,61623.3334,-516011.6088,-437652.7308,-454388.2754
8776000,2368.8975,14348.3469,62322.1369,-517240.537,-438201.1557,-454918.4001
8777000,2389.0097,14350.0025,61491.6352,-515651.9062,-437421.2588,-454160.271
8778000,2351.1255,14343.0902,62220.3254,-516855.7417,-437941.2006,-454635.41630000004
8779000,2379.4239,14338.6557,62111.4019,-516763.215,-437933.73350000003,-454651.8131
8780000,2389.3063,14400.7181,62155.8532,-516395.2403,-437449.3627,-454239.3871
8781000,2334.9375,14432.4109,62012.5849,-516677.9636,-437898.0303,-454665.3787
8782000,2360.9086,14375.529,61279.8293,-515269.7849,-437253.51800000004,-453989.95560000004
8783000,2364.9099,14371.5521,62055.3999,-515726.5897,-436934.7278,-453671.1898
8784000,2376.0924,14378.0344,61434.2015,-515317.8274,-437129.4991,-453883.6259
8785000,2403.8392,14414.6859,62387.8955,-516992.957,-437786.5364,-454605.0615
8786000,2366.5527,14442.4476,62667.5286,-517424.5892,-437948.0603,-454757.06059999997
8787000,2381.9154,14347.0951,61933.9654,-516615.254,-437952.2781,-454681.2886
8788000,2390.4468,14372.3293,62143.2332,-516854.3645,-437948.3552,-454711.1313
8789000,2358.6608,14368.6181,62176.4809,-516493.2793,-437589.5195,-454316.79839999997
8790000,2400.0804,14298.3448,62212.4164,-516586.0822,-437675.2406,-454373.6658
8791000,2358.2759,14321.2366,61880.4054,-515683.1622,-437123.2443,-453802.75680000003
8792000,2369.9352,14297.4671,61688.4278,-515947.3171,-437591.48699999996,-454258.8893
8793000,2352.64,14273.4376,62240.2801,-517043.0231,-438176.6654,-454802.743
8794000,2360.9448,14349.2131,61664.2677,-515922.2347,-437547.80909999995,-454257.96699999995
8795000,2384.1961,14272.939,61681.6291,-515739.0492,-437400.28500000003,-454057.4201
8796000,2360.6338,14278.6504,61584.736,-515983.5192,-437759.49899999995,-454398.7832
8797000,2365.863,14322.5444,62047.7105,-516227.4073,-437491.2894,-454179.69680000003
8798000,2388.4449,14213.015,61465.7443,-514290.4659,-436223.26170000003,-452824.7216
8799000,2371.9225,14286.3668,61623.2918,-515862.7729,-437581.1918,-454239.4811
8800000,2390.6059,14430.2479,62268.6195,-516870.7442,-437781.2709,-454602.12470000004
8801000,2366.4236,14315.3008,61809.5647,-515440.7045,-436949.4154,-453631.1398
8802000,2386.7473,14421.578,61677.826,-515810.7815,-437324.6302,-454132.9555
8803000,2363.8078,14364.0218,61645.7896,-515318.9418,-436945.32259999996,-453673.15219999995
8804000,2409.197,14387.6519,62155.8368,-516268.8128,-437316.12710000004,-454112.976
8805000,2382.9653,14342.9724,61327.06,-515822.0277,-437769.02999999997,-454494.9677
8806000,2339.7241,14521.671,61656.065,-515697.8134,-437180.35329999996,-454041.7484
8807000,2406.9538,14369.4563,62334.8512,-516111.1586,-436999.8973,-453776.30740000005
8808000,2389.564,14356.238,62181.8795,-516523.7132,-437596.0317,-454341.8337
8809000,2362.8785,14413.3667,62151.926,-515853.9423,-436925.7711,-453702.0163
8810000,2382.8148,14338.2785,61842.0951,-516348.7238,-437785.5354,-454506.6287
8811000,2413.8519,14377.3602,62046.0537,-516745.5812,-437908.3154,-454699.5275
8812000,2392.9744,14441.3691,62241.4912,-517102.8693,-438027.0346,-454861.37810000003
8813000,2410.7891,14414.1236,62384.6939,-516870.8854,-437661.27880000003,-454486.1915
8814000,2366.9928,14276.3691,62466.9312,-516708.4023,-437598.1092,-454241.4711
8815000,2353.0559,14287.8104,62162.469,-516018.5699,-437215.23459999997,-453856.1009
8816000,2320.1291,14264.2728,62411.8554,-516362.5041,-437366.2468,-453950.6487
8817000,2350.8891,14291.8846,62076.603,-516315.4385,-437596.0618,-454238.8355
8818000,2391.3132,14348.2917,62029.6704,-516799.475,-438030.1997,-454769.8046
8819000,2395.6896,14444.3646,61975.4689,-516420.9722,-437605.4491,-454445.50330000004
8820000,2376.5258,14412.8131,62102.5167,-516399.236,-437507.38039999997,-454296.7193
8821000,2369.323,14401.6733,62486.1034,-517272.0218,-438014.92209999997,-454785.91839999997
8822000,2367.9721,14464.7147,62147.1644,-517026.2542,-438046.40300000005,-454879.0898
8823000,2362.315,14364.0706,62489.1371,-517108.5559,-437893.03319999995,-454619.4188
8824000,2372.4303,14435.2217,61763.865,-515878.1784,-437306.6614,-454114.3134
8825000,2366.1777,14330.8357,61933.2944,-515666.2471,-437035.93929999997,-453732.95269999997
8826000,2403.9747,14297.9984,61887.8509,-515989.621,-437399.797,-454101.77009999997
8827000,2368.8071,14385.499,61871.663,-515729.3212,-437103.3521,-453857.6582
8828000,2366.9113,14242.9967,61862.3972,-515385.4224,-436913.1172,-453523.0252
8829000,2383.4064,14433.0167,61517.1702,-515445.088,-437111.4947,-453927.9178
8830000,2372.1146,14296.528,61823.1159,-516600.4544,-438108.6959,-454777.3385
8831000,2382.4544,14324.2804,62291.2381,-516740.0278,-437742.0549,-454448.78969999996
8832000,2407.9001,14496.0153,61780.2919,-516264.3364,-437580.12909999996,-454484.04449999996
8833000,2334.0437,14367.3199,61705.3198,-516045.3132,-437638.6298,-454339.9934
8834000,2373.4347,14325.3582,62078.0988,-516256.3644,-437479.47270000004,-454178.26560000004
8835000,2352.521,14375.489,62056.1684,-516393.4355,-437609.25710000005,-454337.2671
8836000,2404.1514,14459.0252,61962.2575,-516745.205,-437919.7709,-454782.9475
8837000,2372.9031,14376.4139,62260.6462,-516582.8852,-437572.922,-454322.239
8838000,2399.2485,14299.7098,62191.882,-517126.3098,-438235.4695,-454934.4278
8839000,2365.9785,14475.7918,62550.4328,-517168.6134,-437776.4103,-454618.18059999996
8840000,2363.8701,14285.0106,62527.3196,-517662.4657,-438486.26540000003,-455135.1461
8841000,2382.8852,14348.8382,61680.7909,-515623.068,-437210.55370000005,-453942.2771
8842000,2375.483,14341.8206,61700.7873,-515068.0871,-436649.9962,-453367.2998
8843000,2378.6092,14330.1066,61435.5213,-515336.8357,-437192.5986,-453901.3144
8844000,2389.1185,14323.3279,61606.6371,-515280.8516,-436961.7681,-453674.2145
8845000,2354.6528,14357.5701,61576.9409,-515152.338,-436863.1742,-453575.3971
8846000,2383.938,14371.0774,61977.367,-515724.6737,-436992.2913,-453747.30669999996
8847000,2384.5258,14351.8367,62161.2261,-515920.5222,-437022.9336,-453759.29610000004
8848000,2347.1634,14309.0582,62403.3265,-516328.9176,-437269.3695,-453925.59109999996
8849000,2364.0976,14297.9974,61762.3492,-515580.9993,-437156.5551,-453818.6501
8850000,2374.6331,14308.8373,62116.631,-516507.458,-437707.3566,-454390.827
8851000,2378.5522,14365.4515,62034.8379,-516570.2876,-437791.446,-454535.4497
8852000,2361.684,14360.9469,61702.7965,-515847.7179,-437422.2905,-454144.9214
8853000,2374.8346,14463.5809,62327.6158,-516218.2011,-437052.16980000003,-453890.58530000004
8854000,2363.2409,14362.2466,62095.4033,-516347.2913,-437526.4005,-454251.888
8855000,2394.3922,14253.2697,62108.975,-516500.6902,-437744.0533,-454391.71520000004
8856000,2406.1901,14412.2491,62887.5456,-517410.3512,-437704.36639999994,-454522.80559999996
8857000,2393.3635,14430.8612,62565.528,-517301.6718,-437911.9191,-454736.1438
8858000,2367.7699,14269.2563,62210.8504,-516591.3585,-437743.48189999996,-454380.5081
8859000,2376.0678,14266.2727,62335.8078,-516897.1561,-437919.0078,-454561.3483
8860000,2399.1763,14299.7472,61515.2606,-515399.0338,-437184.84969999996,-453883.7732
8861000,2390.179,14300.9099,62064.4554,-516268.6948,-437513.1505,-454204.2394
8862000,2396.4337,14352.5749,61826.8535,-516059.8173,-437483.95519999997,-454232.9638
8863000,2391.2713,14330.7032,62043.8708,-516445.9569,-437680.1116,-454402.0861
8864000,2359.9127,14376.8024,62020.1187,-516041.9624,-437285.12860000005,-454021.8437
8865000,2390.6874,14315.4445,61772.9988,-516175.3369,-437696.2062,-454402.3381
8866000,2371.1792,14235.1368,62150.1958,-516725.0836,-437968.57180000003,-454574.8878
8867000,2370.4407,14341.1597,62763.7139,-518156.1658,-438680.8515,-455392.4519
8868000,2373.3291,14388.0967,61622.6829,-515690.7933,-437306.68460000004,-454068.1104
8869000,2352.329,14450.2981,61817.8202,-515881.5775,-437261.1302,-454063.7573
8870000,2348.4627,14328.0157,62154.6879,-516400.2586,-437569.0923,-454245.5707
8871000,2346.9545,14378.8061,62093.131,-516445.0587,-437626.16709999996,-454351.9277
8872000,2374.4749,14313.495,62147.1711,-515851.2424,-437016.1014,-453704.0713
8873000,2370.3565,14344.0549,61730.5161,-516393.4795,-437948.552,-454662.9634
8874000,2368.5517,14269.692,62087.4381,-516443.5574,-437717.8756,-454356.1193
8875000,2376.7886,14377.9492,61850.0567,-515551.6874,-436946.8929,-453701.6307
8876000,2358.0079,14342.8305,62257.7154,-516290.3205,-437331.7667,-454032.6051
8877000,2369.781,14251.7182,61910.9466,-515534.3157,-437001.8699,-453623.36909999995
8878000,2403.0907,14394.7321,61749.456,-515504.1687,-436956.88989999995,-453754.7127
8879000,2346.919,14413.7984,62204.6588,-516549.6735,-437584.2973,-454345.0147
8880000,2375.4019,14357.3799,61509.2201,-515486.8416,-437244.8397,-453977.6215
8881000,2383.816,14379.4184,61883.6199,-515502.2316,-436855.3773,-453618.6117
8882000,2357.7637,14365.7219,62090.9433,-516458.9019,-437644.473,-454367.9586
8883000,2362.3029,14339.375,62413.7564,-517139.6107,-438024.1764,-454725.8543
8884000,2357.8728,14359.9323,62359.1626,-517122.1481,-438045.18039999995,-454762.9855
8885000,2378.6602,14381.0887,62304.0739,-516201.8747,-437138.05189999996,-453897.80079999997
8886000,2348.3041,14281.6856,61977.4924,-516355.1667,-437747.6846,-454377.6743
8887000,2367.0439,14237.4888,62170.9854,-516446.2028,-437670.68470000004,-454275.2174
8888000,2361.3453,14379.8311,62236.122,-516718.6232,-437741.32479999994,-454482.50119999994
8889000,2383.8757,14293.1213,61875.9944,-516491.1915,-437938.2001,-454615.1971
8890000,2384.0514,14407.693,61445.1709,-515878.04,-437641.1247,-454432.8691
8891000,2381.7238,14210.4389,62123.4781,-516075.1849,-437359.5441,-453951.7068
8892000,2378.5597,14304.5936,61998.433,-517030.5345,-438348.9482,-455032.1015
8893000,2349.2539,14362.0184,62242.2459,-516049.9033,-437096.3851,-453807.6574
8894000,2432.6352,14438.3101,61605.3004,-515721.7644,-437245.5187,-454116.464
8895000,2388.2112,14310.4784,61742.303,-516547.5648,-438106.5722,-454805.2618
8896000,2371.415,14300.6761,62288.8126,-516309.9965,-437349.0928,-454021.1839
8897000,2381.0223,14361.4318,62100.211,-517206.2086,-438363.5435,-455105.9976
8898000,2377.7666,14344.1948,62361.7241,-517101.9761,-438018.29060000007,-454740.25200000004
8899000,2393.7887,14472.8594,62238.3918,-516879.7434,-437774.70349999995,-454641.3516
8900000,2362.8866,14390.7618,61896.9853,-516404.3796,-437753.7459,-454507.3943
8901000,2342.0132,14306.8078,61702.4352,-516480.0996,-438128.8434,-454777.6644
8902000,2353.8617,14460.6366,62184.8105,-516701.7453,-437702.4365,-454516.9348
8903000,2353.1112,14316.5185,61857.4264,-516346.9135,-437819.85740000004,-454489.4871
8904000,2351.9387,14377.2296,61655.1701,-515738.9544,-437354.616,-454083.7843
8905000,2366.1267,14413.0217,61490.3705,-515453.8979,-437184.37899999996,-453963.52739999996
8906000,2380.5885,14336.9464,61850.0965,-515993.928,-437426.2966,-454143.83150000003
8907000,2381.3905,14385.3945,62109.1634,-517208.9068,-438332.9584,-455099.7434
8908000,2394.2043,14331.1872,61961.1021,-516058.1143,-437371.6207,-454097.0122
8909000,2365.6771,14329.2196,61883.5115,-515841.62,-437263.2118,-453958.1085
8910000,2394.4539,14358.9281,61776.5642,-515444.9119,-436914.9657,-453668.3477
8911000,2385.1928,14368.1612,61941.0087,-515276.2298,-436581.8671,-453335.22109999997
8912000,2382.7016,14288.6183,62315.97,-516341.973,-437354.6831,-454026.003
8913000,2366.112,14330.884,61213.9871,-515052.6878,-437141.7047,-453838.70070000004
8914000,2370.4977,14375.1061,61930.1837,-515948.3054,-437272.5179,-454018.1217
8915000,2350.0599,14408.1289,62014.509,-516267.9471,-437495.2493,-454253.43809999997
8916000,2377.5275,14424.7781,62285.015,-516691.9287,-437604.60809999995,-454406.9137
8917000,2366.629,14383.8806,61446.7154,-515962.9611,-437765.7361,-454516.2457
8918000,2388.7542,14363.4803,62035.4342,-516356.6036,-437568.9349,-454321.16939999996
8919000,2374.7951,14339.1201,61727.6393,-515009.4307,-436567.87620000006,-453281.79140000005
8920000,2361.8528,14337.1036,61855.4797,-516183.2966,-437628.8605,-454327.8169
8921000,2350.5352,14347.3713,61698.0172,-515882.6882,-437486.7645,-454184.671
8922000,2366.9253,14339.2628,62178.5902,-516629.6134,-437744.83509999997,-454451.0232
8923000,2402.6218,14368.5362,62367.0378,-516188.6608,-437050.465,-453821.623
8924000,2376.0054,14367.9047,62163.1382,-517191.0978,-438284.04949999996,-455027.9596
8925000,2388.97,14404.7172,62146.9933,-516487.7467,-437547.0662,-454340.75340000005
8926000,2336.4008,14480.1129,62264.3509,-516547.7471,-437466.88249999995,-454283.39619999996
8927000,2409.4932,14373.629,61855.9523,-515668.2871,-437029.2126,-453812.3348
8928000,2373.1415,14447.2955,61880.4931,-516490.3699,-437789.4398,-454609.87679999997
8929000,2379.6748,14416.9586,61648.8979,-515773.1313,-437327.6,-454124.2334
8930000,2395.7823,14443.8697,62189.11,-516600.8416,-437572.0796,-454411.7316
8931000,2386.3692,14342.8435,61946.6282,-516448.844,-437773.0031,-454502.2158
8932000,2408.2745,14434.0134,61476.9105,-516284.5684,-437965.37,-454807.6579
8933000,2381.4073,14330.3374,62028.5939,-516734.3515,-437994.0129,-454705.7576
8934000,2371.4575,14330.2063,61817.0424,-516028.7733,-437510.0671,-454211.7309
8935000,2367.5145,14253.2351,61626.9668,-515519.9521,-437272.23569999996,-453892.9853
8936000,2373.3891,14394.2866,62325.7992,-516719.9945,-437626.5196,-454394.19529999996
8937000,2389.0787,14369.8963,61805.2552,-516102.3263,-437538.0961,-454297.0711
8938000,2342.4045,14291.3178,61933.9675,-516665.1277,-438097.4379,-454731.16020000004
8939000,2411.5263,14468.5552,61890.9018,-516523.98,-437752.9967,-454633.0782
8940000,2378.5097,14304.3941,62006.0464,-516117.2325,-437428.28229999996,-454111.1861
8941000,2398.1749,14297.2446,61897.9762,-516075.7628,-437482.36710000003,-454177.78660000005
8942000,2373.7636,14335.498,61944.1003,-516249.3456,-437595.9837,-454305.2453
8943000,2400.8966,14470.3636,62059.7324,-516622.2219,-437691.2293,-454562.4895
8944000,2352.7789,14282.0817,61966.9007,-516274.1386,-437672.3773,-454307.2379
8945000,2364.7682,14387.2838,62045.051,-516391.584,-437594.48099999997,-454346.533
8946000,2378.6845,14453.7961,62214.3939,-516334.9556,-437288.08109999995,-454120.56169999996
8947000,2313.1897,14398.517,61833.2753,-515837.1426,-437292.1606,-454003.86730000004
8948000,2379.7916,14426.2805,62063.7132,-516304.222,-437434.4367,-454240.5088
8949000,2377.2913,14406.0249,61745.7802,-516123.3934,-437594.297,-454377.6132
8950000,2415.33,14356.3566,61893.6816,-516845.4217,-438180.05350000004,-454951.7401
8951000,2376.9527,14460.502,61618.2901,-515649.4491,-437193.70430000004,-454031.15900000004
8952000,2369.5215,14381.3393,61644.0121,-515200.6759,-436805.80299999996,-453556.6638
8953000,2396.7746,14483.1949,61265.9398,-515059.8875,-436913.9782,-453793.9477
8954000,2398.4063,14438.6673,61741.0673,-515872.3831,-437294.2422,-454131.3158
8955000,2390.8277,14352.1771,62319.891,-516427.0307,-437364.1349,-454107.1397
8956000,2403.4529,14379.2661,62372.9697,-517049.766,-437894.0773,-454676.7963
8957000,2367.5817,14408.76,61991.1338,-516354.1086,-437586.6331,-454362.97479999997
8958000,2387.8585,14365.6186,62359.8097,-516875.5297,-437762.2429,-454515.72000000003
8959000,2359.8773,14435.0152,62132.0465,-516345.2866,-437418.3476,-454213.2401
8960000,2402.3919,14383.7287,61649.7565,-516258.9464,-437823.06930000003,-454609.1899
8961000,2362.9586,14385.1506,61595.9267,-515526.3322,-437182.2963,-453930.4055
8962000,2364.2302,14305.6468,61603.5654,-515856.9262,-437583.4838,-454253.36079999997
8963000,2406.6639,14371.919,61997.0322,-516425.684,-437650.0689,-454428.6518
8964000,2356.1994,14306.9609,61303.2455,-515559.9444,-437593.53859999997,-454256.69889999996
8965000,2405.9022,14372.6072,61911.9632,-516403.966,-437713.49340000004,-454492.0028
8966000,2390.5552,14316.2487,61986.0346,-516193.905,-437501.0665,-454207.8704
8967000,2371.9317,14439.468,61965.3821,-516707.3749,-437930.5931,-454741.9928
8968000,2348.6822,14380.745,61250.1765,-515638.0881,-437658.48439999996,-454387.9116
8969000,2370.1187,14292.1461,62017.5193,-516123.2863,-437443.5022,-454105.767
8970000,2378.0092,14411.2838,62298.9136,-517417.68,-438329.4734,-455118.76639999996
8971000,2381.4761,14425.3741,62362.7273,-517239.6083,-438070.0308,-454876.88100000005
8972000,2351.2841,14372.9671,62089.7993,-516678.4685,-437864.418,-454588.6692
8973000,2365.6131,14329.6693,62197.7067,-516924.5626,-438031.5735,-454726.8559
8974000,2378.6611,14330.2588,61862.7648,-515704.0646,-437132.3799,-453841.2998
8975000,2409.9428,14403.0987,61764.086,-515895.3595,-437318.232,-454131.2735
8976000,2395.2362,14383.4766,61648.1258,-515817.1108,-437390.2722,-454168.98500000004
8977000,2394.0805,14360.2694,61480.9309,-515729.5285,-437494.2477,-454248.59760000004
8978000,2362.739,14359.8579,62132.8853,-516134.8988,-437279.4166,-454002.0135
8979000,2381.2106,14273.5132,61792.5639,-516493.3668,-438046.07910000003,-454700.8029
8980000,2342.8088,14433.186,61972.6221,-516637.8753,-437889.25840000005,-454665.25320000004
8981000,2374.4335,14340.7763,62003.1083,-516706.0866,-437987.7685,-454702.97829999996
8982000,2422.6597,14381.0878,61364.5945,-515785.882,-437617.54,-454421.2875
8983000,2379.3708,14382.2965,62001.4131,-516394.89,-437631.80960000004,-454393.4769
8984000,2390.7688,14308.9517,61730.7003,-516301.3865,-437870.96570000006,-454570.6862
8985000,2396.0734,14371.1893,61519.8758,-515162.5777,-436875.4392,-453642.70190000004
8986000,2377.7955,14360.4507,61587.7774,-515681.916,-437355.8924,-454094.1386
8987000,2352.6459,14345.9106,61618.4808,-515445.4537,-437128.4164,-453826.9729
8988000,2380.4396,14383.6983,61621.0309,-515817.7578,-437432.58900000004,-454196.7269
8989000,2368.6668,14293.8923,62592.3102,-516757.2465,-437502.3772,-454164.9363
8990000,2366.7995,14353.8287,61635.6822,-515243.1338,-436886.8234,-453607.45160000003
8991000,2386.1033,14425.1284,62354.4908,-516388.4899,-437222.7674,-454033.9991
8992000,2384.5439,14268.3498,62388.6964,-516238.3386,-437196.7485,-453849.6422
8993000,2390.7578,14299.2363,62039.3147,-516140.6217,-437411.3129,-454101.30700000003
8994000,2382.1311,14401.62,61474.5469,-515710.1297,-437451.8317,-454235.5828
8995000,2407.8684,14299.2894,61918.3951,-516435.0558,-437809.50289999996,-454516.66069999995
8996000,2368.8605,14262.3076,62230.1271,-516569.2966,-437708.0014,-454339.1695
8997000,2369.0894,14285.115,62176.6519,-517025.486,-438194.6297,-454848.8341
8998000,2378.0491,14342.7545,61877.2603,-516447.7482,-437849.68429999996,-454570.48789999995
8999000,2374.1551,14350.5826,62280.0486,-516896.9859,-437892.19960000005,-454616.93730000005
9000000,2406.2872,14316.4724,61971.424,-515933.2674,-437239.0838,-453961.8434
9001000,2371.5363,14294.3155,61945.2761,-515990.4761,-437379.3482,-454045.2
9002000,2344.4811,14271.0418,62275.2526,-516847.7504,-437956.97490000003,-454572.4978
9003000,2383.4775,14316.3981,62062.3692,-516537.0871,-437774.8423,-454474.7179
9004000,2369.7459,14378.1551,62048.0792,-516453.1849,-437657.2047,-454405.1057
9005000,2358.5183,14294.7511,62067.7122,-516300.213,-437579.2314,-454232.5008
9006000,2364.8062,14258.9694,61537.1945,-515912.1644,-437751.1943,-454374.9699
9007000,2379.2918,14343.273,62170.7503,-517220.0946,-438326.7795,-455049.3443
9008000,2373.5398,14431.4227,62383.5768,-516853.046,-437664.50669999997,-454469.4692
9009000,2380.3392,14306.4517,62343.8179,-516710.1151,-437679.5063,-454366.2972
9010000,2394.0431,14355.9607,62035.8752,-515971.4816,-437185.6026,-453935.6064
9011000,2384.7931,14319.2237,61479.8135,-515321.0856,-437137.25529999996,-453841.2721
9012000,2357.0405,14451.1477,62061.0536,-516439.7635,-437570.5217,-454378.7099
9013000,2400.4204,14332.0374,62568.3264,-517280.1843,-437979.4001,-454711.8579
9014000,2397.2171,14434.3274,61888.9007,-516271.5267,-437551.0815,-454382.626
9015000,2376.5742,14427.543,61768.7719,-516089.3412,-437516.4521,-454320.56930000003
9016000,2392.9595,14338.6076,61681.3278,-515795.0069,-437382.11199999996,-454113.67909999995
9017000,2418.295,14366.2917,61742.1473,-516011.1546,-437484.4206,-454269.0073
9018000,2365.912,14403.3394,61746.9074,-515731.8849,-437215.72609999997,-453984.97750000004
9019000,2377.5122,14307.1684,61940.5931,-516383.173,-437757.89930000005,-454442.5799
9020000,2373.7242,14355.2702,61974.406,-516326.3763,-437622.9759,-454351.9703
9021000,2332.3325,14388.095,62179.8991,-516822.0611,-437921.7345,-454642.162
9022000,2367.2355,14456.3112,61698.2489,-515998.285,-437476.48939999996,-454300.03609999997
9023000,2366.2456,14335.7811,61993.2289,-516497.1989,-437801.94330000004,-454503.97000000003
9024000,2370.9088,14387.5444,61743.8461,-515976.3791,-437474.0798,-454232.533
9025000,2380.0384,14329.4761,61655.0299,-515621.1061,-437256.56169999996,-453966.07619999995
9026000,2366.1494,14354.8036,62023.7293,-516072.3014,-437327.6191,-454048.5721
9027000,2337.747,14306.6375,61629.7111,-515098.726,-436824.6304,-453469.0149
9028000,2395.1811,14431.0565,61821.2569,-515939.8573,-437292.3628,-454118.6004
9029000,2378.9886,14370.2768,61682.8172,-516211.4671,-437779.38450000004,-454528.6499
9030000,2387.0567,14374.6054,61820.696,-516245.8363,-437663.4782,-454425.1403
9031000,2354.4683,14362.4264,62462.3083,-516437.6459,-437258.4429,-453975.3376
9032000,2381.3703,14308.2508,62382.7907,-516803.8821,-437731.4703,-454421.0914
9033000,2373.2974,14298.8754,62307.9958,-516465.9122,-437485.74360000005,-454157.91640000005
9034000,2360.4015,14347.6574,61742.7595,-515948.674,-437497.8556,-454205.9145
9035000,2364.5758,14350.6692,62145.0171,-516422.7983,-437562.53620000003,-454277.7812
9036000,2366.9482,14320.0631,62486.7541,-516825.9014,-437652.13599999994,-454339.14729999995
9037000,2371.4649,14435.4217,62237.5546,-516672.483,-437628.0418,-454434.9284
9038000,2361.3343,14320.1701,61751.0056,-516532.2389,-438099.7289,-454781.2333
9039000,2329.4154,14251.7148,61982.5118,-516517.2807,-437953.6387,-454534.7689
9040000,2380.2419,14344.5255,62025.6623,-517209.6004,-438459.1707,-455183.93809999997
9041000,2364.7266,14420.0247,61823.2753,-515912.1668,-437304.1402,-454088.8915
9042000,2323.4681,14401.8158,61913.9749,-516499.5902,-437860.33139999997,-454585.61529999995
9043000,2422.9103,14395.1584,61929.2118,-516279.6554,-437532.3749,-454350.4436
9044000,2381.5707,14377.6565,61747.0805,-515518.3114,-437012.0037,-453771.2309
9045000,2384.7683,14340.9084,61651.5725,-515848.8073,-437471.55809999997,-454197.2348
9046000,2362.1447,14244.363,61973.18,-516202.7534,-437623.0657,-454229.5734
9047000,2372.0095,14345.8643,61381.3307,-515130.6459,-437031.4414,-453749.3152
9048000,2395.6764,14290.8323,61998.093,-516966.2517,-438281.65,-454968.1587
9049000,2358.1912,14300.8412,62576.4774,-517122.3874,-437886.8776,-454545.91000000003
9050000,2380.557,14387.5752,61598.1693,-515615.8984,-437249.5969,-454017.7291
9051000,2356.7563,14409.7111,62164.7816,-516482.3266,-437551.07759999996,-454317.545
9052000,2378.7753,14338.1046,61744.3343,-516023.3042,-437562.09,-454278.9699
9053000,2363.3922,14383.0379,62344.6333,-517021.038,-437929.9746,-454676.4047
9054000,2367.9655,14372.6345,61742.2498,-516111.7974,-437628.94759999996,-454369.5476
9055000,2375.8381,14302.5579,62384.6876,-516462.1755,-437399.0919,-454077.4879
9056000,2333.4852,14331.4605,61861.9146,-515991.9184,-437465.0581,-454130.0038
9057000,2388.4131,14396.8475,61867.4147,-516335.963,-437683.2877,-454468.54829999997
9058000,2395.8032,14405.4223,61564.4011,-515804.7475,-437439.1209,-454240.3464
9059000,2390.8099,14405.4729,62205.7434,-516146.6086,-437144.58239999996,-453940.8652
9060000,2349.5955,14298.8982,61969.0572,-516328.8458,-437711.2949,-454359.7886
9061000,2380.361,14303.3241,62011.5257,-516109.6562,-437414.4454,-454098.1305
9062000,2394.437,14397.5849,61497.4834,-515216.7594,-436927.2541,-453719.27599999995
9063000,2359.4125,14312.8396,61662.594,-515840.8051,-437505.95900000003,-454178.2111
9064000,2369.4491,14386.1629,62348.2441,-516840.3472,-437736.4911,-454492.1031
9065000,2331.7826,14406.0274,61994.5678,-516507.1476,-437774.7698,-454512.5798
9066000,2373.4776,14335.4975,61896.2513,-516323.0227,-437717.7963,-454426.77139999997
9067000,2363.7062,14286.2484,62192.7547,-516139.4945,-437296.7852,-453946.7398
9068000,2367.0628,14253.4232,61879.9371,-515946.8198,-437446.3967,-454066.8827
9069000,2378.8844,14373.0916,61429.536,-515106.1263,-436924.6143,-453676.5903
9070000,2356.842,14306.8571,61916.7367,-515603.0289,-437022.59309999994,-453686.29219999997
9071000,2381.05,14387.1257,61959.4492,-515842.4293,-437114.8044,-453882.98010000004
9072000,2378.0393,14406.0865,62332.9524,-516600.7761,-437483.6979,-454267.8237
9073000,2373.8852,14421.3141,61858.2108,-516161.5663,-437508.15619999997,-454303.3555
9074000,2367.1744,14376.5807,62054.1334,-516873.7289,-438075.8404,-454819.5955
9075000,2404.8326,14470.1071,62091.4065,-516901.6122,-437935.26599999995,-454810.2057
9076000,2346.4128,14337.2691,61881.9833,-515971.8929,-437406.2277,-454089.90959999996
9077000,2346.5589,14347.1794,62865.2202,-517475.6341,-437916.6756,-454610.41390000004
9078000,2355.6384,14284.606,62377.0198,-516352.8046,-437335.54039999994,-453975.78479999996
9079000,2401.5564,14312.0673,61741.9429,-516293.5671,-437838.00049999997,-454551.62419999996
9080000,2374.7496,14331.7031,61728.2662,-515878.3055,-437443.58660000004,-454150.0393
9081000,2438.1551,14384.0921,61896.2519,-517145.7795,-438427.2804,-455249.52760000003
9082000,2379.1712,14417.0718,61712.9019,-516061.181,-437552.03609999997,-454348.2791
9083000,2372.8546,14394.5197,62457.9067,-516720.0838,-437494.8028,-454262.17710000003
9084000,2369.9462,14219.7346,61854.0092,-516088.9448,-437645.2548,-454234.93559999997
9085000,2340.474,14392.5914,61902.1327,-515781.2151,-437146.017,-453879.08239999996
9086000,2364.2631,14372.411,63123.8468,-517892.4722,-438031.9513,-454768.6254
9087000,2381.7718,14481.3902,62189.4842,-516567.3937,-437514.7475,-454377.9095
9088000,2394.4856,14324.347,61665.2802,-515140.591,-436756.4782,-453475.31080000004
9089000,2384.6564,14358.7135,61711.0732,-516034.2469,-437579.8038,-454323.17370000004
9090000,2355.6125,14329.8808,61236.327,-515151.1357,-437229.31539999996,-453914.8087
9091000,2369.6818,14301.7007,62004.6444,-515774.0181,-437097.9912,-453769.3737
9092000,2343.9911,14311.4971,61495.5468,-515841.8084,-437690.77339999995,-454346.26159999997
9093000,2359.8708,14221.9619,62329.7929,-516006.8319,-437095.20629999996,-453677.039
9094000,2394.3116,14354.6482,62049.9681,-515868.5506,-437069.6227,-453818.5825
9095000,2349.7483,14309.5495,61797.1319,-516092.0419,-437635.6122,-454294.91000000003
9096000,2371.6116,14331.6034,62533.6473,-517242.5151,-438005.65280000004,-454708.8678
9097000,2350.164,14393.6069,61977.3624,-516187.9386,-437466.8053,-454210.5762
9098000,2358.3394,14279.688,61997.3449,-516422.7768,-437787.4045,-454425.43189999997
9099000,2357.812,14283.2438,62631.9667,-517604.8353,-438331.81279999996,-454972.8686
9100000,2372.4061,14411.2342,62390.4426,-517210.7694,-438036.68649999995,-454820.3268
9101000,2359.8708,14295.249,61947.4332,-516513.5979,-437911.0449,-454566.16469999996
9102000,2356.184,14338.5776,62582.7891,-517847.1456,-438569.59489999997,-455264.3565
9103000,2366.14,14288.3728,61229.4502,-515201.0502,-437317.0872,-453971.6
9104000,2368.115,14320.3989,61898.7958,-516319.9725,-437732.6628,-454421.17669999995
9105000,2378.811,14341.7927,61414.6425,-515536.1395,-437400.8933,-454121.497
9106000,2385.6548,14377.1008,61749.3614,-515764.7299,-437252.61289999995,-454015.3685
9107000,2353.3583,14347.6054,61353.7447,-515877.6303,-437822.9219,-454523.88560000004
9108000,2367.2258,14294.8352,62326.0968,-516516.6289,-437528.4711,-454190.5321
9109000,2375.4296,14451.2922,61908.3777,-516358.1983,-437623.0988,-454449.8206
9110000,2352.84,14402.2999,62244.2734,-516458.2603,-437458.847,-454213.9869
9111000,2352.9227,14447.6833,62217.2026,-516359.0914,-437341.2828,-454141.88879999996
9112000,2405.1478,14252.6511,61719.521,-516487.3116,-438109.9917,-454767.7906
9113000,2385.8974,14413.8593,62073.5786,-516545.0028,-437671.6675,-454471.4242
9114000,2378.2272,14434.2407,62301.8825,-516897.4792,-437783.1288,-454595.5967
9115000,2383.8714,14276.5104,62100.3704,-515935.5085,-437174.7563,-453835.1381
9116000,2376.3775,14402.6065,61869.641,-515761.5012,-437112.8762,-453891.8602
9117000,2388.7053,14292.5729,61741.3699,-515636.6523,-437214.0042,-453895.2824
9118000,2386.2365,14285.5586,62012.4606,-515896.2402,-437211.9845,-453883.7796
9119000,2369.7888,14324.0022,61568.0413,-515442.4703,-437180.638,-453874.429
9120000,2392.2047,14367.8491,62086.8348,-516444.5603,-437597.6717,-454357.7255
9121000,2397.0034,14366.0609,61971.0651,-516242.0877,-437507.95829999994,-454271.02259999997
9122000,2356.3818,14229.6052,62234.1636,-516070.005,-437249.8544,-453835.84140000003
9123000,2376.0461,14290.8244,62451.8278,-516633.7153,-437515.017,-454181.88749999995
9124000,2383.2055,14255.5865,61755.5469,-515275.0844,-436880.74549999996,-453519.5375
9125000,2405.2466,14323.1278,62087.1299,-516632.9219,-437817.41760000004,-454545.792
9126000,2364.4324,14300.7259,62296.3926,-516422.3433,-437460.79240000003,-454125.9507
9127000,2373.3123,14266.7016,62069.3087,-516481.1932,-437771.87059999997,-454411.8845
9128000,2372.6936,14387.1516,62009.6593,-516217.8683,-437448.3638,-454208.209
9129000,2350.5039,14243.8824,62351.157,-516484.9592,-437539.41589999996,-454133.8022
9130000,2375.4753,14300.9301,62106.3219,-516650.2903,-437867.56299999997,-454543.9684
9131000,2376.7265,14355.375,61900.7943,-516666.0864,-438033.1906,-454765.29209999996
9132000,2375.4465,14435.4349,62550.6461,-517161.7436,-437800.21609999996,-454611.0975
9133000,2401.0812,14332.5752,62044.1943,-516601.878,-437824.0273,-454557.68370000005
9134000,2368.348,14262.2937,62265.2123,-516259.0138,-437363.1598,-453993.8015
9135000,2405.4547,14340.7859,62008.4476,-516580.9961,-437826.3079,-454572.5485
9136000,2392.4148,14441.8002,61697.2869,-516494.3134,-437962.81149999995,-454797.0265
9137000,2351.938,14389.8259,61966.4387,-516378.5583,-437670.35569999996,-454412.1196
9138000,2347.8113,14337.6888,61863.1016,-516105.4129,-437556.8112,-454242.3113
9139000,2362.6163,14358.1911,61592.6238,-516144.7421,-437831.3109,-454552.1183
9140000,2353.6352,14385.3948,61918.891,-516618.7372,-437960.8162,-454699.84619999997
9141000,2348.2218,14328.4548,61973.1394,-516298.7755,-437648.9595,-454325.6361
9142000,2378.9619,14314.8411,62333.6159,-516914.4138,-437886.9949,-454580.7979
9143000,2383.0787,14342.2627,61833.0602,-515979.221,-437420.81940000004,-454146.1608
9144000,2383.522,14272.0583,61769.9088,-516210.8215,-437785.3324,-454440.91270000004
9145000,2358.3611,14298.7632,62555.6881,-516978.9201,-437766.1077,-454423.23199999996
9146000,2373.5001,14322.5066,61759.3584,-516140.5193,-437685.1542,-454381.1609
9147000,2370.2743,14382.0375,62281.4215,-516443.0956,-437409.36230000004,-454161.6741
9148000,2370.1397,14333.1896,62234.4518,-516405.0558,-437467.27469999995,-454170.604
9149000,2409.7252,14291.8583,61994.7243,-516226.2241,-437529.9163,-454231.4998
9150000,2346.8471,14312.9601,62099.3447,-516117.2864,-437358.1345,-454017.94169999997
9151000,2373.8808,14367.4037,62117.9428,-516281.6525,-437422.42520000006,-454163.7097
9152000,2380.8419,14363.4089,61843.3958,-515905.0321,-437317.3855,-454061.6363
9153000,2372.2263,14341.165,62467.1694,-517196.4989,-438015.9382,-454729.3295
9154000,2386.4744,14385.2581,61753.2324,-516243.9802,-437719.01529999997,-454490.7478
9155000,2371.497,14422.095,62401.1631,-516828.7013,-437633.9462,-454427.5382
9156000,2377.497,14409.3407,61973.2289,-516420.284,-437660.21739999996,-454447.0551
9157000,2430.9124,14314.2842,62072.2317,-516119.9654,-437302.53709999996,-454047.7337
9158000,2380.8231,14279.3946,61450.5102,-515594.4796,-437483.7517,-454143.9694
9159000,2380.7104,14381.5588,61858.5616,-516206.437,-437585.6062,-454347.87539999996
9160000,2344.3749,14320.9692,61763.7454,-516004.1772,-437575.0877,-454240.43179999996
9161000,2371.6497,14363.2509,61678.3958,-515772.9288,-437359.6324,-454094.533
9162000,2358.205,14336.5537,62471.0381,-517048.2122,-437882.4154,-454577.1741
9163000,2351.6886,14272.9989,61767.9445,-515946.5363,-437553.9043,-454178.5918
9164000,2366.4612,14237.587,61625.0628,-515946.8028,-437717.69180000003,-454321.74
9165000,2381.4675,14260.5824,62408.3163,-517012.5602,-437962.194,-454604.2439
9166000,2388.4062,14403.3233,61745.2619,-516391.8777,-437854.8863,-454646.6158
9167000,2389.5233,14377.2821,61833.4084,-516411.8286,-437811.6148,-454578.4202
9168000,2366.1374,14363.9129,61314.6921,-515311.1785,-437266.4361,-453996.4864
9169000,2372.27,14359.5584,62110.0131,-516754.1449,-437912.30340000003,-454644.13180000003
9170000,2355.492,14350.4037,61350.5145,-515901.4986,-437845.0884,-454550.9841
9171000,2367.3147,14328.1158,62248.3096,-516400.6375,-437456.8974,-454152.32790000003
9172000,2400.1745,14282.2697,62685.3987,-517550.7557,-438182.9128,-454865.35699999996
9173000,2350.8995,14317.5942,62014.2279,-516223.1723,-437540.4507,-454208.9444
9174000,2369.6429,14383.0414,61846.8978,-515496.415,-436896.8329,-453649.5172
9175000,2367.9189,14304.8551,61764.6186,-515801.0574,-437363.66479999997,-454036.4388
9176000,2340.7671,14360.3839,61212.2003,-514913.5206,-437000.1693,-453701.3203
9177000,2367.1535,14283.4208,62330.9983,-516242.3488,-437260.77619999996,-453911.3505
9178000,2372.1459,14416.7875,61812.9317,-515428.713,-436826.8479,-453615.7813
9179000,2378.3568,14301.146,61828.8254,-515559.0111,-437050.6829,-453730.18570000003
9180000,2356.1054,14255.7294,61536.4098,-515638.0423,-437489.7977,-454101.63249999995
9181000,2369.4719,14329.89,61921.7509,-516347.976,-437726.8632,-454426.22510000004
9182000,2401.6379,14375.7504,61901.4186,-516117.6109,-437438.804,-454216.19230000005
9183000,2357.9393,14358.5176,61492.6623,-515381.05,-437171.9308,-453888.38769999996
9184000,2396.5168,14385.1382,60986.5313,-515237.6194,-437469.4331,-454251.08810000005
9185000,2376.9245,14306.2703,62172.3713,-516401.1091,-437545.543,-454228.7378
9186000,2386.9552,14249.3122,62041.99,-516971.7244,-438293.467,-454929.7344
9187000,2378.9057,14330.9223,61971.5769,-516098.1031,-437416.6982,-454126.5262
9188000,2331.4299,14400.0184,62228.5399,-516685.2344,-437725.2462,-454456.6945
9189000,2406.5234,14475.5004,61909.3167,-516128.3776,-437337.0371,-454219.0609
9190000,2395.1091,14398.022,61901.7542,-516027.6327,-437332.7474,-454125.8785
9191000,2393.5857,14444.4586,62506.7466,-517026.3063,-437681.51540000003,-454519.5597
9192000,2380.2754,14325.0844,61996.2877,-515772.2391,-437070.59160000004,-453775.9514
9193000,2383.2361,14399.3879,62343.619,-516479.3908,-437353.1478,-454135.7718
9194000,2410.5103,14393.397,61215.4798,-514916.4978,-436897.1107,-453701.01800000004
9195000,2354.3562,14450.6994,61928.2717,-515790.3688,-437057.0415,-453862.0971
9196000,2388.5519,14326.9367,61755.5517,-515215.7508,-436744.7105,-453460.19909999997
9197000,2360.5528,14306.6891,61481.2366,-515476.2361,-437327.7576,-453994.9995
9198000,2345.9147,14139.4244,62118.391,-516372.8125,-437769.0824,-454254.4215
9199000,2392.9128,14434.1339,61919.5836,-516672.7758,-437926.1455,-454753.1922
9200000,2376.5365,14318.6298,62538.9723,-517154.5671,-437920.4285,-454615.59479999996
9201000,2362.9338,14401.509,62079.6778,-516942.1642,-438098.0436,-454862.4864
9202000,2370.2883,14397.5428,61957.0208,-516761.6101,-438036.7582,-454804.5893
9203000,2373.1429,14348.3496,61608.0728,-515987.662,-437658.0967,-454379.5892
9204000,2391.9187,14398.6442,62340.7179,-517397.1451,-438265.8643,-455056.42720000003
9205000,2353.4747,14248.347,62092.1507,-516357.1976,-437663.2252,-454265.0469
9206000,2349.5327,14342.9176,62052.0549,-516157.2209,-437412.7157,-454105.166
9207000,2397.1686,14407.1745,61932.6702,-516367.7434,-437630.7301,-454435.0732
9208000,2381.5527,14301.3986,61708.3927,-515822.1542,-437430.8102,-454113.7615
9209000,2369.4941,14325.8499,61683.9756,-515641.0116,-437261.69200000004,-453957.036
9210000,2376.4465,14354.8652,62237.2687,-516111.7234,-437143.14300000004,-453874.4547
9211000,2368.93,14318.2336,62169.2919,-516854.1801,-437997.7246,-454684.8882
9212000,2376.7741,14381.6603,61802.6203,-516208.8821,-437647.82739999995,-454406.2618
9213000,2391.3688,14352.4977,62404.9009,-516774.4247,-437625.65729999996,-454369.52379999997
9214000,2404.9114,14483.1454,61772.0539,-516421.6958,-437761.5851,-454649.6419
9215000,2402.4705,14454.4651,61796.51,-516473.3898,-437819.9442,-454676.8798
9216000,2382.9757,14378.6847,61767.1305,-515986.9418,-437458.1509,-454219.81129999994
9217000,2380.1031,14404.3845,61730.9985,-516437.4141,-437921.92799999996,-454706.4156
9218000,2367.8919,14285.4139,61909.1287,-516751.1888,-438188.75430000003,-454842.0601
9219000,2383.6506,14332.5091,62108.4226,-516536.7543,-437712.17199999996,-454428.3317
9220000,2356.2459,14299.0261,62728.6868,-517587.1234,-438203.1646,-454858.43659999996
9221000,2391.0474,14321.7903,61556.8719,-515980.4051,-437710.6955,-454423.53319999995
9222000,2380.1859,14384.8293,62101.0455,-516856.5805,-437990.5198,-454755.535
9223000,2398.7748,14307.2908,62147.2403,-516301.5917,-437448.28579999995,-454154.3514
9224000,2387.5637,14345.7394,61904.4551,-516091.9455,-437454.1873,-454187.49039999995
9225000,2393.5372,14342.0071,62117.8253,-516403.4739,-437550.1043,-454285.64859999996
9226000,2365.4872,14289.5809,61970.7785,-516495.3033,-437869.45670000004,-454524.5248
9227000,2380.3825,14410.0019,62119.011,-516311.0253,-437401.6299,-454192.0143
9228000,2363.9796,14413.7104,62227.3819,-517330.0334,-438324.96150000003,-455102.65150000004
9229000,2374.8812,14347.7809,62744.3867,-517228.0577,-437761.0089,-454483.671
9230000,2397.7566,14433.3686,61880.4253,-516133.8366,-437422.28609999997,-454253.4113
9231000,2340.9551,14333.0646,62220.9774,-516197.4779,-437302.4808,-453976.50049999997
9232000,2374.2124,14334.3152,62319.3532,-517288.9264,-438261.0456,-454969.5732
9233000,2351.0737,14353.1663,62132.8048,-516697.5616,-437860.5168,-454564.75680000003
9234000,2371.0193,14404.9841,62177.816,-516939.7839,-437985.9645,-454761.9679
9235000,2374.0735,14398.4587,61899.89,-516366.2544,-437693.83219999995,-454466.36439999996
9236000,2387.5917,14246.6854,62038.4821,-516262.0697,-437589.3105,-454223.58759999997
9237000,2400.0236,14428.7765,62095.0288,-517182.4462,-438258.61730000004,-455087.41740000003
9238000,2343.3494,14277.4155,62285.1126,-517009.7236,-438103.8461,-454724.61100000003
9239000,2399.8453,14268.5604,61803.1351,-516518.2346,-438046.6938,-454715.0995
9240000,2413.9036,14305.7223,62401.652,-516958.2907,-437837.0128,-454556.6387
9241000,2363.8958,14339.1211,61933.628,-516293.9987,-437657.3538,-454360.37069999997
9242000,2378.9936,14395.6963,61871.722,-516851.504,-438205.0921,-454979.782
9243000,2365.915,14318.9723,62309.8243,-517136.1091,-438141.3975,-454826.2848
9244000,2366.7587,14332.8288,61952.6619,-516777.1117,-438124.86230000004,-454824.4498
9245000,2331.964,14312.3629,61468.99,-515792.2149,-437678.89800000004,-454323.22490000003
9246000,2363.4364,14360.6922,62071.0419,-516415.8295,-437620.659,-454344.7876
9247000,2390.8336,14350.5805,61863.5725,-515830.5308,-437225.5442,-453966.9583
9248000,2370.2703,14299.182,62365.8685,-516668.6423,-437633.3215,-454302.7738
9249000,2402.4541,14472.9004,61596.0328,-516812.4993,-438341.112,-455216.46650000004
9250000,2362.142,14366.0489,61890.405,-516182.0877,-437563.49179999996,-454291.6827
9251000,2357.0604,14301.3219,61855.5193,-515629.5943,-437115.6927,-453774.075
9252000,2407.8912,14398.8358,61869.4751,-516293.8375,-437617.6354,-454424.36240000004
9253000,2356.6229,14427.0936,62266.9441,-516865.2651,-437814.6045,-454598.321
9254000,2363.8133,14331.3894,62195.3249,-516456.1908,-437565.66319999995,-454260.8659
9255000,2379.4904,14467.2709,61557.5249,-515804.841,-437400.55480000004,-454247.3161
9256000,2372.5138,14379.3124,61724.1974,-516005.6569,-437529.6333,-454281.4595
9257000,2366.3867,14348.0691,61922.0771,-516408.536,-437772.00310000003,-454486.4589
9258000,2369.6721,14364.561,62602.263,-518171.6228,-438835.1267,-455569.35980000003
9259000,2377.8702,14335.6479,62357.0939,-517227.4149,-438156.8029,-454870.321
9260000,2412.8282,14376.3589,62227.6707,-516701.468,-437684.6102,-454473.7973
9261000,2377.7466,14395.1345,62596.197,-517634.9068,-438265.8287,-455038.7098
9262000,2360.5817,14350.9505,61892.3066,-516815.0214,-438211.18260000006,-454922.7148
9263000,2423.3383,14388.3407,61743.7491,-516016.2168,-437460.7887,-454272.4677
9264000,2362.8259,14376.8982,62827.8482,-517560.8746,-437993.3023,-454733.0264
9265000,2330.2247,14355.7093,61796.1719,-515287.4678,-436805.3619,-453491.29589999997
9266000,2359.3762,14349.3835,62009.1705,-516345.9537,-437628.0235,-454336.7832
9267000,2369.796,14406.6582,61568.9034,-515411.1001,-437065.7425,-453842.1967
9268000,2355.099,14409.4494,62231.1015,-516190.5859,-437194.936,-453959.4844
9269000,2361.306,14356.92,61973.3524,-515912.0804,-437220.502,-453938.728
9270000,2401.1557,14483.2892,61744.6461,-515922.6168,-437293.5258,-454177.9707
9271000,2387.7286,14411.4942,62352.0214,-516620.1297,-437468.8855,-454268.10829999996
9272000,2365.6173,14403.2523,61931.2984,-515654.0393,-436953.8713,-453722.7409
9273000,2407.7558,14441.1238,61775.1881,-515414.9433,-436790.87559999997,-453639.7552
9274000,2381.305,14491.227,61637.0005,-515969.8089,-437460.2764,-454332.8084
9275000,2357.0253,14439.7022,61509.485,-515748.2587,-437442.0462,-454238.7737
9276000,2397.9447,14418.2317,61816.8141,-516074.8747,-437441.8842,-454258.06059999997
9277000,2401.0813,14367.0933,62262.1479,-517208.4124,-438178.08989999996,-454946.2645
9278000,2371.6528,14486.4058,62465.7816,-517354.1155,-438030.2753,-454888.3339
9279000,2415.1737,14529.5913,62347.536,-517111.9732,-437819.67220000003,-454764.4372
9280000,2403.3735,14382.795,62111.3157,-516191.091,-437293.6068,-454079.77530000004
9281000,2389.8182,14374.3386,62064.6544,-516497.1528,-437668.3416,-454432.4984
9282000,2395.3866,14454.171,61573.4043,-515865.8209,-437442.859,-454292.4166
9283000,2401.1447,14289.0167,61846.1166,-515991.4415,-437455.1635,-454145.3249
9284000,2385.7911,14227.8723,61852.9443,-516341.1658,-437874.5581,-454488.2215
9285000,2422.6395,14370.5381,62192.9418,-516611.5124,-437625.39300000004,-454418.5706
9286000,2355.6605,14223.3888,61889.3712,-516125.8105,-437657.39,-454236.4393
9287000,2397.5655,14407.2091,61804.3963,-516073.2965,-437464.1256,-454268.9002
9288000,2395.2654,14318.2132,62305.8113,-515999.5741,-436980.2842,-453693.7628
9289000,2383.7131,14307.5305,61736.4316,-515843.0631,-437415.38790000003,-454106.6315
9290000,2379.9918,14285.7158,62048.5212,-515955.9318,-437241.703,-453907.4106
9291000,2358.2301,14333.6053,61730.4801,-515566.3127,-437143.9972,-453835.8326
9292000,2365.8045,14437.441,61760.5745,-515702.7273,-437138.9073,-453942.15280000004
9293000,2389.1972,14224.3804,61991.1583,-516534.1383,-437929.4024,-454542.98
9294000,2397.4904,14330.3235,62204.774,-516195.8103,-437263.2224,-453991.03630000004
9295000,2348.2008,14311.5073,62328.8232,-516154.1546,-437165.6233,-453825.3314
9296000,2372.5387,14270.2096,61376.0003,-515278.7099,-437259.9613,-453902.7096
9297000,2394.3046,14366.2523,61744.0589,-515790.1147,-437285.4989,-454046.0558
9298000,2303.7411,14362.4245,61892.0752,-516725.3789,-438167.1381,-454833.3037
9299000,2417.5859,14352.4049,61783.0149,-516070.285,-437517.27929999994,-454287.27009999997
9300000,2369.467,14417.3749,62475.2167,-516854.6675,-437592.6089,-454379.4508
9301000,2412.104,14452.4742,61670.1459,-516450.4158,-437915.6917,-454780.2699
9302000,2376.6128,14356.6859,62251.5876,-517254.0476,-438269.1613,-455002.45999999996
9303000,2353.279,14255.7495,61765.0651,-516082.2848,-437708.1912,-454317.2197
9304000,2363.3866,14381.1359,62029.9363,-516714.9352,-437940.47640000004,-454684.9989
9305000,2387.8723,14318.7689,61772.4985,-515771.0485,-437291.9088,-453998.55
9306000,2404.729,14294.2022,62440.8552,-516730.1068,-437590.3204,-454289.2516
9307000,2369.5892,14354.4772,61836.3123,-515792.3105,-437231.9318,-453955.99820000003
9308000,2377.7526,14370.2222,62202.0968,-516574.1437,-437624.0721,-454372.0469
9309000,2376.1463,14418.3667,61791.5927,-516283.3646,-437697.25889999996,-454491.7719
9310000,2409.1601,14250.2148,62065.5389,-516689.2561,-437964.3423,-454623.7172
9311000,2379.4574,14339.0518,61545.9923,-516474.4338,-438209.9323,-454928.4415
9312000,2401.4955,14289.863,61898.0875,-516445.0013,-437855.5553,-454546.9138
9313000,2388.0221,14464.1223,62174.4815,-516675.4362,-437648.8103,-454500.9547
9314000,2393.1545,14421.5419,62116.6009,-516595.4164,-437664.1191,-454478.81549999997
9315000,2375.366,14346.9319,61858.0977,-515787.0216,-437206.626,-453928.9239
9316000,2359.126,14416.628,61804.3365,-515800.3002,-437220.2097,-453995.9637
9317000,2379.5352,14309.593,61833.3767,-515540.3215,-437017.8166,-453706.9448
9318000,2365.451,14421.4315,62021.3947,-516241.7653,-437433.4881,-454220.3706
9319000,2402.8709,14299.0654,61755.4057,-516134.5254,-437677.1834,-454379.1197
9320000,2404.5186,14389.8351,61834.8654,-516638.9081,-438009.689,-454804.0427
9321000,2404.3772,14533.139,61886.1342,-516734.595,-437910.9446,-454848.4608
9322000,2370.5507,14304.6254,61403.2689,-515531.5695,-437453.1245,-454128.30059999996
9323000,2387.6637,14404.1653,62012.0634,-515932.8768,-437128.9844,-453920.81340000004
9324000,2379.8791,14401.8698,62302.6029,-516677.7613,-437593.4095,-454375.1584
9325000,2343.1115,14364.2547,61889.4282,-516083.2332,-437486.4388,-454193.805
9326000,2338.4432,14274.6191,61680.146,-515664.9846,-437371.7763,-453984.8386
9327000,2367.6097,14386.6622,62090.0575,-516701.6706,-437857.3412,-454611.6131
9328000,2416.5508,14480.141,62422.3476,-516396.5574,-437077.518,-453974.2098
9329000,2401.9828,14349.2956,61893.9405,-516798.5863,-438153.36740000005,-454904.64580000006
9330000,2375.9699,14345.2109,62061.0642,-517302.6537,-438520.4087,-455241.5895
9331000,2414.6962,14390.2576,61792.6184,-516384.7844,-437787.2122,-454592.166
9332000,2383.7137,14465.5054,62350.1001,-516942.1849,-437742.86569999997,-454592.0848
9333000,2364.755,14387.5489,62011.5919,-516671.7341,-437907.8383,-454660.1422
9334000,2381.2071,14394.8845,61618.5719,-515801.1134,-437406.4499,-454182.5415
9335000,2355.3901,14433.3704,61478.9706,-515579.1261,-437311.395,-454100.1555
9336000,2355.8469,14318.6125,62362.9165,-517088.9219,-438051.54600000003,-454726.0054
9337000,2352.2628,14424.2833,61718.9955,-516049.7725,-437554.2309,-454330.777
9338000,2363.4386,14346.42,62246.6639,-517050.7206,-438094.19810000004,-454804.0567
9339000,2381.7449,14358.8329,62385.0004,-516457.3127,-437331.7345,-454072.3123
9340000,2403.3104,14534.3889,61900.7977,-516232.85,-437394.353,-454332.0523
9341000,2423.325,14487.0153,62291.7379,-516193.838,-436991.7598,-453902.1001
9342000,2397.7322,14469.3355,62104.2405,-516122.388,-437151.07979999995,-454018.14749999996
9343000,2359.709,14363.7673,61572.3079,-516004.6064,-437708.8222,-454432.2985
9344000,2376.4111,14337.7995,61603.9565,-515828.204,-437510.03690000006,-454224.24750000006
9345000,2364.327,14364.7329,62233.3442,-516954.3382,-437991.9341,-454720.994
9346000,2366.9076,14378.9716,62215.6355,-515906.8379,-436945.3232,-453691.2024
9347000,2386.4112,14535.6073,62447.0206,-517071.2554,-437702.21630000003,-454624.23480000003
9348000,2367.3334,14437.4731,61810.0197,-516129.7802,-437514.95399999997,-454319.7605
9349000,2391.4999,14346.132,62106.5014,-516290.2945,-437446.16120000003,-454183.7931
9350000,2392.9693,14333.0527,61330.9223,-516027.2519,-437970.30759999994,-454696.3296
9351000,2374.0859,14392.941,62483.5552,-516767.1959,-437516.6138,-454283.6407
9352000,2405.9903,14374.2973,61988.7429,-516421.7523,-437652.7218,-454433.0094
9353000,2406.5116,14439.1504,61925.0411,-516105.8272,-437335.1241,-454180.7861
9354000,2387.905,14340.4522,62407.6922,-517054.0438,-437917.99439999997,-454646.3516
9355000,2425.6168,14309.9088,61771.4035,-516370.6103,-437863.6812,-454599.2068
9356000,2350.7753,14318.0066,62206.6944,-516978.5056,-438103.02929999994,-454771.8112
9357000,2382.4356,14454.9829,61798.3018,-516674.7518,-438039.03150000004,-454876.45
9358000,2353.0615,14374.0235,61911.9678,-515808.0028,-437168.95,-453896.03500000003
9359000,2382.5159,14386.3852,61744.2776,-515645.0178,-437131.8391,-453900.7402
9360000,2374.6582,14322.3049,61741.8782,-516071.0396,-437632.19830000005,-454329.16140000004
9361000,2356.6241,14353.7713,61748.0651,-516020.9638,-437562.50330000004,-454272.8987
9362000,2375.6442,14311.3544,61506.9912,-515596.0196,-437402.0298,-454089.0284
9363000,2390.4356,14321.0443,62045.115,-515988.904,-437232.30909999995,-453943.789
9364000,2341.1768,14309.3267,61458.8485,-515507.1644,-437397.8124,-454048.3159
9365000,2396.0646,14446.1053,62346.8159,-516648.1223,-437459.1365,-454301.3064
9366000,2411.2341,14378.6252,62113.9248,-516330.5339,-437426.7498,-454216.6091
9367000,2384.3294,14384.8613,62070.0847,-516965.0647,-438125.7893,-454894.98
9368000,2376.9789,14405.8105,61844.7543,-516216.5562,-437589.01249999995,-454371.80189999996
9369000,2405.4384,14393.7626,61177.4121,-515591.401,-437614.7879,-454413.9889
9370000,2382.6839,14501.6367,62446.4091,-517329.9981,-437999.26840000006,-454883.58900000004
9371000,2373.2775,14398.0586,61928.1301,-516089.5681,-437390.1019,-454161.43799999997
9372000,2392.8259,14477.1091,62500.9035,-516757.9224,-437387.08389999997,-454257.01889999997
9373000,2390.6118,14360.3302,61995.3949,-516485.857,-437739.5201,-454490.4621
9374000,2358.0815,14398.3397,61694.6865,-515816.234,-437365.1263,-454121.5475
9375000,2390.1836,14502.5157,61826.2979,-515984.4025,-437265.40530000004,-454158.1046
9376000,2395.3826,14420.3432,62511.5696,-517100.8435,-437773.5481,-454589.27390000003
9377000,2394.3587,14414.7441,61787.5997,-516147.9918,-437551.2893,-454360.3921
9378000,2384.9122,14376.1261,62005.0796,-516797.795,-438031.6771,-454792.7154
9379000,2366.6819,14488.5665,62033.3342,-516303.3714,-437414.7888,-454270.0372
9380000,2357.9213,14440.1993,62428.211,-516812.989,-437586.6574,-454384.778
9381000,2369.3081,14367.1299,61905.5445,-516027.3605,-437385.378,-454121.816
9382000,2315.3268,14367.6936,61876.2137,-516147.1127,-437587.8786,-454270.899
9383000,2405.7592,14348.9702,61817.8159,-516246.8618,-437674.3165,-454429.0459
9384000,2379.0854,14356.4149,62171.1892,-516622.4922,-437715.8027,-454451.30299999996
9385000,2365.4706,14419.7649,61507.1201,-515961.0269,-437668.6713,-454453.9068
9386000,2376.7374,14299.091,62391.4342,-517500.5978,-438433.3352,-455109.16359999997
9387000,2389.5079,14382.6806,61723.5325,-516500.7734,-438005.0524,-454777.2409
9388000,2355.3791,14336.9632,62216.4982,-517287.5683,-438378.7278,-455071.0701
9389000,2371.2076,14337.8316,62021.6075,-516817.0392,-438086.3925,-454795.4317
9390000,2388.5742,14309.3618,61829.1636,-516198.3795,-437671.27989999996,-454369.21589999995
9391000,2384.869,14306.7752,61819.38,-516002.7974,-437491.7732,-454183.4174
9392000,2363.7024,14272.4131,62246.892,-516742.1002,-437859.0927,-454495.2082
9393000,2411.8641,14405.9839,62250.3133,-516561.6199,-437493.4586,-454311.3066
9394000,2391.5491,14341.5028,61683.4004,-516311.5763,-437895.124,-454628.17590000003
9395000,2400.6763,14443.1122,61763.727,-516377.4593,-437769.9438,-454613.7323
9396000,2364.6498,14433.3996,61535.4819,-516106.3308,-437772.79949999996,-454570.8489
9397000,2370.8745,14348.7622,62409.7905,-516944.0526,-437814.6254,-454534.2621
9398000,2386.5699,14351.2259,62283.8505,-516435.0302,-437413.3839,-454151.1797
9399000,2378.0449,14298.3297,62279.4264,-516602.9736,-437647.17260000005,-454323.54720000003
9400000,2396.3706,14343.3999,61822.2109,-516573.5642,-438011.58280000003,-454751.3533
9401000,2377.5185,14382.7032,62128.7902,-517154.7188,-438265.7069,-455025.9286
9402000,2388.2391,14351.7818,61963.5994,-516037.5735,-437333.9532,-454073.9741
9403000,2392.5923,14460.4442,62193.6639,-516577.6375,-437530.9371,-454383.9736
9404000,2401.9161,14406.9598,62177.1891,-516570.8555,-437584.7905,-454393.6664
9405000,2362.2224,14389.9799,61944.3666,-516491.985,-437795.4161,-454547.6184
9406000,2407.7216,14396.5662,61604.5975,-515986.783,-437577.8977,-454382.1855
9407000,2363.5371,14365.0069,62137.7071,-516713.1955,-437846.9444,-454575.4884
9408000,2378.9692,14357.8404,62123.0235,-516856.1594,-437996.3263,-454733.1359
9409000,2401.2591,14426.7705,61615.8651,-515700.7221,-437256.8274,-454084.857
9410000,2384.6571,14455.7779,61332.389,-515521.2615,-437348.4375,-454188.8725
9411000,2394.9919,14442.3586,62096.8638,-516557.3153,-437623.101,-454460.4515
9412000,2363.5178,14376.1131,62271.4791,-516653.1159,-437642.0059,-454381.6368
9413000,2379.8141,14365.2855,62400.8878,-516840.9475,-437694.9601,-454440.0597
9414000,2360.9249,14419.2929,61813.5626,-515854.8223,-437261.0419,-454041.2597
9415000,2402.0334,14373.7951,62198.5888,-516461.9731,-437487.5558,-454263.38430000003
9416000,2355.0848,14345.0338,62243.4448,-516152.6003,-437209.0369,-453909.1555
9417000,2321.0078,14254.6391,61932.0676,-516087.9012,-437580.1867,-454155.8336
9418000,2389.9443,14278.3664,61908.7698,-516682.216,-438105.1355,-454773.4462
9419000,2380.7598,14391.2049,61869.2582,-516275.3792,-437634.15630000003,-454406.12100000004
9420000,2377.4865,14279.477,62662.2075,-517807.9422,-438488.77119999996,-455145.7347
9421000,2376.1338,14316.7315,62040.8736,-516105.8677,-437372.1288,-454064.9941
9422000,2400.5783,14407.7673,62498.7949,-517163.5328,-437856.39229999995,-454664.7379
9423000,2383.8187,14460.7085,62200.9842,-517108.7992,-438063.2878,-454907.815
9424000,2345.0288,14387.3044,61680.8451,-516014.2928,-437601.1145,-454333.4477
9425000,2383.8433,14304.6915,62356.6495,-517067.1434,-438021.9591,-454710.4939
9426000,2404.2274,14365.676,62114.7193,-516637.5595,-437752.93679999997,-454522.8402
9427000,2375.8859,14276.8909,62147.1236,-516757.8562,-437957.9558,-454610.7326
9428000,2387.7939,14438.8471,62614.2414,-516495.1231,-437054.2407,-453880.8817
9429000,2394.2758,14344.018,62088.2123,-516197.9624,-437371.4563,-454109.7501
9430000,2356.2656,14343.5382,61652.1899,-515604.6705,-437252.6768,-453952.4806
9431000,2399.8439,14406.1916,62159.0791,-516300.0952,-437334.9806,-454141.0161
9432000,2427.6741,14365.3795,62383.9774,-516945.4659,-437768.4349,-454561.4885
9433000,2362.7448,14376.0049,62239.6156,-516977.8207,-437999.4554,-454738.20509999996
9434000,2385.9794,14287.1556,61880.3401,-516732.01,-438178.53489999997,-454851.6699
9435000,2362.4597,14412.8753,62184.1023,-516558.0811,-437598.6438,-454373.97880000004
9436000,2365.85,14324.9929,62259.6215,-516254.5232,-437304.0588,-453994.9017
9437000,2395.2415,14489.818,62247.2123,-516829.4104,-437697.1386,-454582.1981
9438000,2335.3915,14308.1795,62213.5615,-516427.855,-437570.7225,-454214.29349999997
9439000,2365.9731,14403.29,62368.2172,-517108.2231,-437970.7428,-454740.0059
9440000,2412.6351,14460.3952,62044.1973,-516909.3811,-437992.1535,-454865.1838
9441000,2386.1369,14350.6284,61800.8811,-516268.333,-437730.6866,-454467.4519
9442000,2416.9859,14390.0671,62190.4538,-516179.237,-437181.7302,-453988.7832
9443000,2369.9006,14290.3967,61976.1078,-515325.6496,-436689.24450000003,-453349.5418
9444000,2365.3875,14340.8163,61919.3633,-516336.7991,-437711.232,-454417.4358
9445000,2387.1723,14393.9611,62100.8199,-516120.8699,-437238.9166,-454020.05
9446000,2366.7151,14407.7535,62131.3487,-516183.4542,-437277.6369,-454052.10549999995
9447000,2381.6094,14439.058,62168.1741,-516935.7829,-437946.9414,-454767.6088
9448000,2367.9026,14338.297,62614.2891,-516806.3479,-437485.8592,-454192.0588
9449000,2358.3918,14309.2516,61963.7329,-516346.3631,-437714.9868,-454382.6302
9450000,2362.0512,14336.2355,62309.7851,-517510.177,-438502.1052,-455200.39190000005
9451000,2365.8336,14412.6296,61679.581,-515551.8542,-437093.81,-453872.2732
9452000,2389.8692,14385.2279,61996.2714,-515816.9668,-437045.5983,-453820.69539999997
9453000,2369.4622,14336.0473,62228.3386,-516895.7243,-437961.8762,-454667.3857
9454000,2401.9292,14363.9357,62087.774,-516738.6305,-437884.99160000007,-454650.85650000005
9455000,2377.3716,14341.7776,62272.6541,-516985.9863,-437994.18299999996,-454713.3322
9456000,2346.8563,14326.3534,62290.44,-516479.8075,-437516.1578,-454189.3675
9457000,2358.7361,14392.1998,61888.4223,-516157.6406,-437518.28239999997,-454269.2183
9458000,2366.2304,14349.1166,62106.693,-515749.2777,-436927.2377,-453642.5847
9459000,2402.4103,14415.6681,61967.553,-516445.6572,-437660.0258,-454478.1042
9460000,2379.4385,14453.2003,61941.1245,-516282.1164,-437508.3531,-454340.9919
9461000,2404.7253,14363.2088,62470.6064,-516948.3894,-437709.8489,-454477.783
9462000,2373.2512,14315.7426,61836.4371,-515815.7916,-437290.36069999996,-453979.3545
9463000,2370.7425,14355.8937,61336.421,-515186.7442,-437123.68700000003,-453850.3232
9464000,2393.2042,14451.3958,61979.1559,-516102.0105,-437278.2546,-454122.85459999996
9465000,2372.4449,14402.5058,61841.8725,-516577.3153,-437960.49210000003,-454735.4428
9466000,2387.505,14376.9477,62303.5011,-516757.2808,-437689.327,-454453.7797
9467000,2359.317,14371.7667,62309.1922,-516888.793,-437848.5171,-454579.6008
9468000,2367.8061,14286.7957,61974.8163,-515803.5561,-437174.138,-453828.7398
9469000,2361.1847,14403.194,61968.1657,-516727.5111,-437994.9667,-454759.3454
9470000,2388.5338,14377.2219,61992.6702,-516575.8938,-437817.46790000005,-454583.2236
9471000,2361.0787,14334.3271,62026.5156,-516362.7161,-437640.7947,-454336.20050000004
9472000,2374.2737,14323.542,62382.447,-517189.428,-438109.1653,-454806.981
9473000,2379.9142,14438.9031,61964.5337,-516313.0672,-437529.7162,-454348.5335
9474000,2380.8624,14386.0808,61997.7257,-516172.8418,-437408.1729,-454175.1161
9475000,2335.9532,14304.8334,61874.594,-516538.7626,-438023.382,-454664.16860000003
9476000,2371.8703,14283.5517,62240.0433,-516835.4736,-437940.00830000004,-454595.4303
9477000,2367.8385,14381.5358,62052.6817,-516805.6579,-438003.6019,-454752.9762
9478000,2357.7633,14314.3036,61808.076,-516060.2687,-437580.12580000004,-454252.1927
9479000,2363.3754,14345.0057,61658.9175,-515901.2684,-437533.96979999996,-454242.3509
9480000,2388.5001,14384.5665,62086.1636,-516239.8646,-437380.6344,-454153.701
9481000,2405.7656,14388.0873,62192.8684,-516626.7387,-437640.0174,-454433.8703
9482000,2401.8591,14396.1265,62815.352,-517116.664,-437503.3264,-454301.312
9483000,2344.9439,14340.2124,61921.4915,-516207.323,-437600.67519999994,-454285.8315
9484000,2348.8422,14266.5876,61678.5691,-515661.5646,-437367.5657,-453982.99549999996
9485000,2371.7698,14262.3309,61655.6496,-515635.3165,-437345.5662,-453979.6669
9486000,2379.4991,14373.7582,62174.3447,-516954.5123,-438026.9103,-454780.1676
9487000,2371.2774,14393.9147,62396.0031,-516243.0935,-437081.8983,-453847.0904
9488000,2392.9511,14251.2451,61920.1517,-515723.9376,-437159.5897,-453803.7859
9489000,2374.7189,14295.4933,61951.0168,-516270.0092,-437648.7802,-454318.9924
9490000,2395.2593,14310.1199,62023.0452,-516581.2106,-437852.7862,-454558.1654
9491000,2392.6929,14308.1157,62281.1705,-516790.4526,-437808.4735,-454509.2821
9492000,2350.6593,14404.1114,61929.2131,-515985.5698,-437301.586,-454056.3567
9493000,2348.263,14300.6932,62099.0565,-516059.6654,-437311.6527,-453960.6089
9494000,2384.425,14366.4237,62241.7179,-516374.7634,-437382.1968,-454133.0455
9495000,2383.7779,14347.383,62363.8788,-516752.2755,-437657.2358,-454388.3967
9496000,2418.8298,14335.3124,61891.603,-516861.2591,-438215.5139,-454969.6561
9497000,2371.056,14400.109,62237.5673,-517245.4929,-438236.76060000004,-455007.9256
9498000,2377.4515,14455.6657,61528.03,-516053.3189,-437692.1717,-454525.28890000004
9499000,2363.9784,14345.5451,62532.6715,-516967.9167,-437725.7217,-454435.2452
9500000,2376.7549,14457.549,61602.2064,-516148.9692,-437712.45889999997,-454546.76279999997
9501000,2390.318,14319.1572,61880.4212,-516669.3791,-438079.48270000005,-454788.95790000004
9502000,2374.9015,14430.8791,61828.213,-516039.9062,-437405.91260000004,-454211.69320000004
9503000,2366.4059,14295.239,62171.4793,-516768.7862,-437935.662,-454597.30689999997
9504000,2382.4023,14318.0787,62036.6812,-516562.5587,-437825.39650000003,-454525.8775
9505000,2333.7086,14312.306,62293.6703,-516636.5968,-437696.9119,-454342.9265
9506000,2383.3231,14280.0215,62014.1125,-516444.618,-437767.1609,-454430.5055
9507000,2357.1576,14343.2729,61777.5878,-515777.9717,-437299.9534,-454000.3839
9508000,2393.4394,14380.0318,61843.3382,-515938.0436,-437321.23419999995,-454094.7054
9509000,2392.2828,14314.2699,62214.3376,-516285.507,-437364.6167,-454071.1694
9510000,2367.3452,14384.1663,61698.7925,-515824.9507,-437374.6467,-454126.1582
9511000,2410.9192,14318.4661,62570.9588,-516126.7947,-436826.45060000004,-453555.8359
9512000,2369.2072,14352.8515,61719.7874,-515680.1714,-437238.3253,-453960.38399999996
9513000,2346.3371,14372.6019,61374.1879,-515143.7563,-437050.6294,-453769.5684
9514000,2401.577,14413.7957,61779.757,-516145.9806,-437550.8509,-454366.2236
9515000,2399.3375,14382.5791,61559.1674,-515592.5934,-437251.5094,-454033.42600000004
9516000,2416.9452,14419.8583,62201.8183,-516148.4468,-437109.82499999995,-453946.6285
9517000,2367.6234,14306.2069,61994.7498,-516294.057,-437625.4769,-454299.3072
9518000,2391.6118,14359.7584,61825.3866,-516205.7472,-437628.9904,-454380.3606
9519000,2375.6034,14362.5708,61707.3472,-516173.5289,-437728.00749999995,-454466.18169999996
9520000,2404.1723,14400.6249,62531.2139,-516287.2665,-436951.2554,-453756.05260000005
9521000,2363.8533,14423.9567,62379.4944,-516607.6616,-437440.35719999997,-454228.16719999997
9522000,2391.213,14418.0886,61984.6268,-516359.4265,-437565.49809999997,-454374.7997
9523000,2394.8156,14354.2174,62276.0118,-516078.1781,-437053.1333,-453802.16630000004
9524000,2394.6942,14409.1056,61787.1877,-515823.9939,-437233.0064,-454036.8062
9525000,2368.3306,14399.984,61408.6968,-515187.6559,-437010.6445,-453778.95910000004
9526000,2374.4662,14286.517,61679.1405,-515553.7761,-437213.6524,-453874.63560000004
9527000,2387.6792,14379.7049,62561.6137,-517348.3233,-438019.3255,-454786.7096
9528000,2347.7083,14406.2175,62362.4625,-517117.904,-438001.5157,-454755.44149999996
9529000,2386.1917,14422.4789,62464.0108,-516996.0434,-437723.362,-454532.03260000004
9530000,2354.6759,14432.3492,61769.8809,-516748.9096,-438192.00360000005,-454979.0287
9531000,2423.3468,14383.2779,61778.4572,-516981.8178,-438396.7359,-455203.3606
9532000,2383.2666,14445.2212,61660.3972,-515581.5492,-437092.6642,-453921.152
9533000,2376.3792,14432.8962,61998.7536,-516280.0148,-437471.9858,-454281.2612
9534000,2384.0682,14371.3494,62149.9794,-516165.6385,-437260.2415,-454015.6591
9535000,2362.2034,14332.9493,61472.1837,-515640.6082,-437473.2718,-454168.4245
9536000,2351.7646,14402.4529,61923.5173,-515942.5275,-437264.7927,-454019.0102
9537000,2381.4011,14406.7934,61511.367,-515605.153,-437305.5915,-454093.78599999996
9538000,2382.5054,14411.6658,62345.607,-517578.7115,-438438.9333,-455233.10449999996
9539000,2366.1332,14464.7617,62399.3346,-517234.0504,-438003.8209,-454834.7158
9540000,2400.8224,14386.2209,62046.7355,-516713.3716,-437879.5928,-454666.6361
9541000,2342.2148,14399.2239,61791.6139,-516447.1295,-437914.0769,-454655.5156
9542000,2373.2619,14365.6407,62291.0512,-516852.7931,-437822.8393,-454561.7419
9543000,2386.8911,14380.0033,61629.2542,-515712.3613,-437316.2127,-454083.10709999996
9544000,2403.5415,14365.1283,61208.7717,-515542.0239,-437564.58239999996,-454333.2522
9545000,2370.5093,14471.8201,61617.7692,-516472.4798,-438012.38119999995,-454854.7106
9546000,2421.3257,14471.8685,62062.3116,-516023.4311,-437067.9253,-453961.1195
9547000,2385.9369,14462.1688,62607.8308,-516887.8689,-437431.9324,-454280.0381
9548000,2394.9014,14421.0839,61635.1115,-515866.6549,-437415.5581,-454231.5434
9549000,2379.0237,14401.3483,62073.9882,-516143.345,-437288.9848,-454069.35679999995
9550000,2373.697,14440.6621,62206.2194,-516780.377,-437759.7985,-454574.1576
9551000,2366.6224,14451.0104,61884.8783,-516292.6173,-437590.1062,-454407.739
9552000,2396.3457,14416.745,62166.8478,-516465.3422,-437485.4037,-454298.4944
9553000,2361.9102,14384.9996,61918.1975,-516702.5521,-438037.44479999994,-454784.35459999996
9554000,2400.6052,14501.915,62603.4444,-516267.5524,-436761.5878,-453664.108
9555000,2397.7807,14491.0683,62450.1596,-516609.1508,-437270.1422,-454158.9912
9556000,2379.2019,14448.3496,61994.104,-516293.8687,-437472.2132,-454299.7647
9557000,2389.4257,14497.0947,62259.8339,-516540.8242,-437394.46989999997,-454280.99029999995
9558000,2355.5648,14360.7721,62462.9842,-517095.3137,-437915.9926,-454632.3295
9559000,2354.8403,14349.7125,61686.9716,-515816.568,-437425.04360000003,-454129.59640000004
9560000,2397.5837,14327.3602,61878.8325,-516180.3443,-437576.5679,-454301.5118
9561000,2373.1748,14492.5142,61453.6653,-515801.3635,-437482.0092,-454347.6982
9562000,2354.1026,14392.0255,61834.6361,-516510.7417,-437929.97750000004,-454676.1056
9563000,2380.278,14371.8702,62203.0995,-516137.4436,-437182.1959,-453934.3441
9564000,2381.2296,14382.1627,61588.555,-515623.6431,-437271.6958,-454035.0881
9565000,2409.6689,14434.9465,61927.5037,-515833.1177,-437060.9986,-453905.614
9566000,2385.7166,14379.1584,62172.2544,-516444.3473,-437507.21790000005,-454272.09290000005
9567000,2368.5969,14310.5455,61712.8897,-515736.4967,-437344.4646,-454023.607
9568000,2398.9024,14378.7414,61900.7482,-516090.791,-437412.39900000003,-454190.04280000005
9569000,2371.3994,14371.5836,61632.9777,-515556.109,-437180.1483,-453923.1313
9570000,2367.4205,14430.7961,61703.5189,-515674.7512,-437173.0157,-453971.2323
9571000,2368.8363,14342.815,62235.1318,-516754.7706,-437807.9875,-454519.63879999996
9572000,2361.319,14399.3444,62270.5765,-517072.9075,-438041.6676,-454802.33099999995
9573000,2387.1281,14432.5124,61794.5359,-515757.7877,-437143.6113,-453963.25179999997
9574000,2365.6805,14352.9749,62104.8454,-516428.8298,-437605.329,-454323.9844
9575000,2368.5597,14247.9035,62065.3228,-515604.6786,-436922.8926,-453539.35579999996
9576000,2350.8449,14269.1702,62456.6202,-516690.6163,-437613.981,-454233.9961
9577000,2356.6568,14442.0453,62108.0277,-516860.212,-437953.48219999997,-454752.1843
9578000,2382.1308,14421.6728,61888.8843,-516234.5552,-437541.86730000004,-454345.6709
9579000,2367.6231,14388.9673,62147.7174,-516691.5657,-437787.25789999997,-454543.84829999995
9580000,2375.8212,14470.1316,62181.029,-516856.1405,-437829.15869999997,-454675.1115
9581000,2357.0215,14412.6921,62004.7777,-516850.736,-438076.2447,-454845.9583
9582000,2376.0804,14346.1303,62627.2362,-517209.6415,-437860.19460000005,-454582.40530000004
9583000,2361.8791,14373.7976,61992.0753,-516567.0764,-437839.32440000004,-454575.0011
9584000,2398.6818,14472.9999,61779.8646,-515643.9385,-436992.3922,-453864.07389999996
9585000,2398.1644,14430.402,62115.1879,-516273.6931,-437329.9388,-454158.50519999996
9586000,2387.7882,14392.3291,62408.5066,-516877.0252,-437688.40129999997,-454468.51859999995
9587000,2371.8366,14412.4825,61900.133,-516468.1442,-437783.6921,-454568.01119999995
9588000,2366.3602,14329.0268,61806.2915,-515543.1542,-437041.4757,-453736.8627
9589000,2396.4813,14342.9524,62089.2481,-516035.2129,-437206.5311,-453945.96479999996
9590000,2412.1588,14378.1345,61761.3191,-515633.6896,-437082.0772,-453872.37049999996
9591000,2401.3529,14376.6194,61380.8472,-515511.4756,-437352.6561,-454130.6284
9592000,2397.9577,14434.3615,62098.3819,-516522.6876,-437591.9865,-454424.3057
9593000,2377.1627,14312.5279,62200.333,-516487.9548,-437597.9312,-454287.6218
9594000,2368.776,14344.8967,61478.9618,-515230.302,-437037.66750000004,-453751.34020000004
9595000,2396.1073,14387.7466,61897.9689,-515377.2938,-436695.471,-453479.3249
9596000,2374.3762,14328.8886,61976.8996,-515825.0762,-437144.9118,-453848.1766
9597000,2382.745,14372.1143,61585.0632,-516190.6164,-437850.6939,-454605.5532
9598000,2356.4919,14382.5914,62163.05,-516422.6388,-437520.5055,-454259.5888
9599000,2383.3213,14370.4771,61931.797,-515810.9055,-437125.3101,-453879.1085
9600000,2400.0742,14298.3486,61825.1918,-516199.3294,-437675.71479999996,-454374.1376
9601000,2367.4765,14363.7409,62024.9212,-516258.625,-437502.4864,-454233.7038
9602000,2333.1382,14348.1277,61483.6578,-515342.6365,-437177.71280000004,-453858.97870000004
9603000,2390.1178,14249.8891,61909.5584,-516080.8497,-437531.2844,-454171.29130000004
9604000,2353.3241,14373.5392,61401.7088,-515521.0978,-437392.5257,-454119.38899999997
9605000,2392.4273,14479.449,61489.3013,-515784.3367,-437423.1591,-454295.0354
9606000,2343.3739,14331.1581,61874.7711,-516522.8595,-437973.5564,-454648.0884
9607000,2361.3228,14445.3797,62215.2874,-516578.1278,-437556.13790000003,-454362.8404
9608000,2344.1844,14322.3049,62031.1677,-516343.9635,-437646.3065,-454312.7958
9609000,2366.743,14286.0837,62218.8085,-516758.6693,-437887.03410000005,-454539.8608
9610000,2380.0612,14364.2785,62063.4496,-516254.4159,-437446.6266,-454190.96630000003
9611000,2376.3786,14360.9178,61855.8294,-515529.8749,-436936.7491,-453674.0455
9612000,2355.5596,14393.8877,62020.7029,-515466.6493,-436696.4991,-453445.9464
9613000,2358.9491,14384.7327,61747.7613,-515487.2711,-436995.828,-453739.5098
9614000,2370.8266,14408.5479,61842.8895,-515541.6391,-436919.37509999995,-453698.7496
9615000,2357.2717,14315.7006,61920.786,-516200.4528,-437606.69450000004,-454279.6668
9616000,2356.4107,14392.8856,61645.8695,-516419.6473,-438024.4815,-454773.77780000004
9617000,2384.6695,14380.6436,61795.8321,-515480.7054,-436919.56019999995,-453684.8733
9618000,2401.7639,14352.385,61676.5747,-515896.2153,-437465.4917,-454219.6406
9619000,2388.9712,14470.6073,62482.6609,-517201.9457,-437859.70629999996,-454719.28479999996
9620000,2385.1686,14336.6539,61697.5188,-516194.4511,-437775.1098,-454496.9323
9621000,2372.8133,14350.705,62164.5585,-516258.8155,-437370.73870000005,-454094.25700000004
9622000,2365.6825,14334.7939,61569.3438,-515542.4295,-437272.6093,-453973.08570000005
9623000,2397.2344,14364.221,61442.2703,-515611.8702,-437408.1445,-454169.59990000003
9624000,2376.1255,14326.1962,61898.142,-516229.6173,-437629.15359999996,-454331.4753
9625000,2362.5237,14348.1283,62019.6657,-516538.2338,-437807.9161,-454518.5681
9626000,2376.4479,14374.4792,61690.3801,-516077.024,-437635.71679999994,-454386.64389999997
9627000,2400.6177,14482.798,62229.296,-516856.374,-437743.6623,-454627.078
9628000,2382.9444,14427.4764,62227.8459,-516518.9749,-437480.7082,-454291.12899999996
9629000,2384.6337,14433.915,61586.9955,-515882.8851,-437477.3409,-454295.8896
9630000,2388.3988,14367.1531,61777.5655,-516393.6074,-437860.49,-454616.04189999995
9631000,2348.5232,14455.3991,61705.1955,-515470.733,-436961.6152,-453765.5375
9632000,2360.1568,14415.6956,61935.9862,-516525.1479,-437813.30929999996,-454589.1617
9633000,2394.1412,14326.6482,62478.2994,-517271.8788,-438072.79000000004,-454793.5794
9634000,2389.6754,14336.0039,62047.5447,-516339.38,-437566.156,-454291.83530000004
9635000,2351.0921,14379.6582,61198.941,-514652.972,-436723.2807,-453454.031
9636000,2366.4005,14310.1082,61738.9735,-515541.8337,-437126.3515,-453802.8602
9637000,2382.0966,14432.2377,62289.5575,-516294.6081,-437190.71630000003,-454005.0506
9638000,2350.7661,14444.0532,61923.551,-516653.7364,-437935.3661,-454730.1854
9639000,2345.399,14396.4658,62304.5026,-517301.1905,-438254.82310000004,-454996.6879
9640000,2351.6893,14317.7862,62565.198,-516950.1454,-437715.4719,-454384.9474
9641000,2359.2088,14308.1588,61204.1357,-515909.9627,-438038.4594,-454705.827
9642000,2378.8887,14486.1529,62193.9978,-516902.5482,-437843.5088,-454708.5504
9643000,2376.2737,14366.7646,62053.1502,-516212.575,-437416.3865,-454159.42480000004
9644000,2355.052,14419.0771,61967.384,-516248.0934,-437506.58030000003,-454280.7094
9645000,2394.2086,14354.9337,62185.555,-516565.7154,-437631.0181,-454380.1604
9646000,2380.433,14397.4642,61825.8244,-515992.8183,-437389.0967,-454166.9939
9647000,2414.5788,14493.2402,61859.7784,-516517.2771,-437749.6797,-454657.4987
9648000,2347.1895,14297.4168,61692.6143,-514965.8238,-436628.6032,-453273.2095
9649000,2362.2777,14409.4279,62013.05,-516295.3123,-437510.55669999996,-454282.2623
9650000,2384.6267,14513.0246,61947.8146,-516293.231,-437447.7651,-454345.41640000005
9651000,2378.5001,14443.4994,61676.4308,-515776.0895,-437277.6592,-454099.6587
9652000,2366.9751,14384.1543,62447.293,-517242.1433,-438043.7209,-454794.8503
9653000,2394.195,14319.5183,61989.7651,-516113.9298,-437410.4514,-454124.16469999996
9654000,2416.806,14302.5687,62352.7745,-517012.5314,-437940.3822,-454659.7569
9655000,2404.6279,14405.0494,62044.7275,-516238.2048,-437383.8,-454193.4773
9656000,2383.0902,14331.4548,61805.4007,-516454.2451,-437934.2994,-454648.8444
9657000,2395.7543,14313.1728,61874.5113,-516103.6591,-437520.2207,-454229.1478
9658000,2396.707,14362.038,61865.2573,-515597.0085,-436973.0062,-453731.7512
9659000,2342.2856,14396.0785,62069.2998,-516125.0988,-437317.4349,-454055.799
9660000,2384.1523,14397.2648,61809.8518,-515995.324,-437404.0551,-454185.4722
9661000,2391.5785,14364.7348,61924.2021,-516192.1933,-437511.6779,-454267.9912
9662000,2400.3148,14331.1392,61872.6196,-516661.5993,-438057.5257,-454788.9797
9663000,2338.7419,14376.187,62328.0129,-517009.7347,-437966.7929,-454681.72179999994
9664000,2377.8816,14390.5533,62146.1196,-516325.8377,-437411.28319999995,-454179.7181
9665000,2375.4607,14467.1207,61950.236,-516434.9494,-437642.132,-454484.7134
9666000,2375.2844,14353.7848,62251.262,-516483.6235,-437503.2923,-454232.3615
9667000,2381.563,14393.0891,61667.1207,-515921.0682,-437479.29539999994,-454253.9475
9668000,2393.6992,14457.6821,62269.9849,-516670.1491,-437548.7829,-454400.1642
9669000,2388.2621,14478.1774,61752.1107,-516094.3112,-437475.761,-454342.2005
9670000,2390.8084,14401.8487,61830.4921,-516169.338,-437546.1888,-454338.84589999996
9671000,2362.0729,14373.4048,61693.4299,-515231.2444,-436802.33680000005,-453537.81450000004
9672000,2378.482,14300.8895,61965.8177,-516225.3663,-437580.1771,-454259.5486
9673000,2385.6421,14428.1202,61975.4051,-515623.0315,-436833.8641,-453647.62639999995
9674000,2371.5817,14412.1027,62183.2342,-517058.927,-438092.00840000005,-454875.6928
9675000,2343.9399,14371.3361,62010.8289,-516306.4281,-437580.3232,-454295.5992
9676000,2384.7555,14322.9452,62273.0014,-516886.1967,-437905.4946,-454613.19529999996
9677000,2377.4451,14382.2317,62409.4631,-517090.0294,-437920.8895,-454680.5663
9678000,2392.0115,14372.7795,62193.8384,-516645.6231,-437686.9937,-454451.7847
9679000,2371.4246,14348.526,61666.8847,-515758.5987,-437371.76339999994,-454091.714
9680000,2371.3533,14402.4113,62494.3253,-517269.8012,-438001.71129999997,-454775.47589999996
9681000,2382.363,14347.821,62032.1777,-516285.5584,-437523.1967,-454253.3807
9682000,2397.5018,14373.7571,62074.6898,-515908.9867,-437063.038,-453834.2969
9683000,2395.9036,14333.3321,61690.3821,-515668.5543,-437248.9365,-453978.17220000003
9684000,2377.2212,14388.7114,62039.9532,-516560.7969,-437754.9111,-454520.8437
9685000,2398.0599,14378.1261,61491.5545,-515525.7137,-437257.9732,-454034.1592
9686000,2390.0678,14382.7281,62131.5971,-516792.2526,-437887.8596,-454660.6555
9687000,2386.3899,14398.9888,61816.8162,-516102.7518,-437500.5569,-454285.9356
9688000,2412.9654,14471.0498,62237.6528,-516625.3993,-437503.7313,-454387.7465
9689000,2370.4483,14256.8814,61703.2791,-515925.8689,-437595.2601,-454222.5898
9690000,2393.5354,14364.4063,61210.5391,-515092.5964,-437124.11559999996,-453882.0573
9691000,2334.8829,14371.4221,61867.9017,-515887.2516,-437313.0449,-454019.34990000003
9692000,2356.9107,14411.7272,61735.86,-516368.624,-437864.1261,-454632.764
9693000,2377.6279,14318.8439,61738.2193,-516243.4737,-437808.7826,-454505.2544
9694000,2348.865,14396.3838,61548.3573,-516114.955,-437821.3489,-454566.59770000004
9695000,2361.1439,14359.2585,62449.9405,-516784.5313,-437614.1884,-454334.5908
9696000,2383.715,14375.6682,62123.4813,-516195.9382,-437313.07369999995,-454072.4569
9697000,2385.5725,14335.6047,62036.7823,-516338.0949,-437580.1354,-454301.3126
9698000,2388.7496,14389.5766,62123.9342,-516491.2389,-437588.97849999997,-454367.3047
9699000,2381.2588,14397.3177,62411.0002,-516659.7311,-437470.1544,-454248.73089999997
9700000,2346.8601,14373.4468,62591.1888,-517048.6273,-437737.13159999996,-454457.4385
9701000,2412.3259,14315.2666,62146.8751,-516440.0294,-437565.5618,-454293.1543
9702000,2380.3782,14425.6887,62408.5139,-516945.8884,-437731.3076,-454537.3745
9703000,2381.1003,14364.6608,62484.438,-516674.8368,-437444.63769999996,-454190.39879999997
9704000,2385.9394,14431.7152,61653.4973,-515981.9892,-437510.8373,-454328.4919
9705000,2368.0525,14354.3583,61468.5747,-515455.0672,-437264.0817,-453986.4925
9706000,2409.4868,14344.2735,62052.8101,-516459.6178,-437653.04740000004,-454406.8077
9707000,2368.7921,14412.6855,62133.7395,-516603.7934,-437688.5763,-454470.0539
9708000,2392.1469,14400.6511,62052.9736,-516539.2642,-437693.4926,-454486.29059999995
9709000,2371.2167,14442.2955,61094.2593,-515364.8622,-437457.09069999994,-454270.6029
9710000,2408.784,14396.9237,61423.5035,-515635.1789,-437405.96770000004,-454211.6754
9711000,2349.4505,14409.7693,61763.1656,-516168.6967,-437646.31129999994,-454405.53109999996
9712000,2389.712,14391.7143,62084.9454,-517073.1771,-438206.80539999995,-454988.2317
9713000,2384.4112,14385.211,62105.5538,-517224.6935,-438349.51749999996,-455119.1397
9714000,2390.3298,14358.7468,61748.6967,-516493.2033,-437995.43,-454744.50659999996
9715000,2349.5121,14461.7134,62241.9932,-517531.4203,-438478.20160000003,-455289.4271
9716000,2389.7419,14449.6839,61678.3832,-516145.0962,-437627.2872,-454466.71300000005
9717000,2335.8023,14390.7447,61753.7511,-515893.8259,-437413.5278,-454140.0748
9718000,2390.4837,14398.5279,62080.7837,-516345.2957,-437475.5004,-454264.512
9719000,2375.3687,14410.2092,61793.098,-516316.1262,-437737.4503,-454523.0282
9720000,2422.7863,14417.829,61554.9431,-515850.6294,-437455.071,-454295.6863
9721000,2391.1091,14403.5673,62342.2176,-516943.5161,-437806.62210000004,-454601.29850000003
9722000,2347.2068,14401.561,62218.75,-516957.9583,-437990.4405,-454739.2083
9723000,2361.584,14526.8638,61535.3403,-515372.1073,-436948.31919999997,-453836.767
9724000,2376.937,14420.1945,61707.0339,-516160.1295,-437655.9641,-454453.0956
9725000,2388.1958,14527.6653,62048.9105,-516434.4462,-437469.6746,-454385.5357
9726000,2386.1247,14378.1977,62753.1699,-517638.0901,-438120.5978,-454884.9202
9727000,2365.5128,14394.8372,62868.688,-517753.7087,-438124.6707,-454885.0207
9728000,2394.5671,14438.8451,62430.9295,-517115.5294,-437851.1877,-454684.59990000003
9729000,2366.6679,14389.7394,61755.3014,-516875.6636,-438363.9549,-455120.36220000003
9730000,2357.3243,14419.2092,61807.595,-516564.9355,-437980.80700000003,-454757.34050000005
9731000,2382.2866,14400.3543,61725.5558,-516559.8266,-438051.62989999994,-454834.27079999994
9732000,2389.9505,14325.1292,62214.0692,-516521.4657,-437592.31680000003,-454307.39650000003
9733000,2387.8625,14223.4546,61526.6401,-515875.3196,-437737.3624,-454348.67949999997
9734000,2382.6321,14511.9297,62281.6051,-517270.2067,-438094.03979999997,-454988.6016
9735000,2398.3805,14428.7922,61605.8348,-515635.5159,-437202.5084,-454029.6811
9736000,2387.3699,14348.4598,61541.129,-515522.9698,-437246.0111,-453981.8408
9737000,2410.1324,14440.7311,62560.4827,-516851.6807,-437440.3345,-454291.19800000003
9738000,2383.529,14299.9851,61974.717,-515938.9465,-437280.7154,-453964.2295
9739000,2371.2443,14394.5435,61380.792,-515447.1909,-437300.6111,-454066.3989
9740000,2418.4727,14390.6378,62012.7595,-515743.848,-436921.978,-453731.0885
9741000,2398.0482,14415.0117,61647.8411,-516140.6997,-437679.7987,-454492.8586
9742000,2354.5062,14388.446,61993.3042,-515733.0281,-436996.7717,-453739.7239
9743000,2396.9473,14404.1885,62045.0421,-516428.5142,-437582.33629999997,-454383.47209999996
9744000,2401.4956,14340.2215,62493.0682,-516920.4905,-437685.7052,-454427.42230000003
9745000,2411.7121,14356.0452,62099.6882,-516112.2323,-437244.7868,-454012.5441
9746000,2400.4807,14439.4866,62323.1625,-516874.2178,-437711.088,-454551.0553
9747000,2342.2634,14330.0197,61567.4702,-515606.044,-437366.2907,-454038.5738
9748000,2368.7816,14394.4662,61903.0837,-516101.1309,-437434.7994,-454198.0472
9749000,2347.7962,14344.8667,61936.4809,-516500.3215,-437871.1777,-454563.8406
9750000,2389.084,14384.1303,62255.1396,-516844.9887,-437816.6348,-454589.8491
9751000,2373.7179,14327.9429,62161.2638,-516861.2045,-437998.27989999996,-454699.9407
9752000,2380.8094,14411.5146,62384.208,-517085.6499,-437909.1179,-454701.44190000003
9753000,2360.2446,14248.4547,62071.8176,-516119.1435,-437438.6266,-454047.3259
9754000,2370.9907,14291.3209,61656.6643,-516196.9081,-437877.93220000004,-454540.2438
9755000,2375.3501,14511.2611,61992.6022,-516253.6501,-437374.4367,-454261.0479
9756000,2396.224,14335.5441,63017.6727,-517083.7584,-437334.31759999995,-454066.0857
9757000,2364.8277,14315.3585,61973.3073,-515995.7112,-437342.21770000004,-454022.40390000003
9758000,2409.1233,14481.7968,61958.5708,-515530.5206,-436681.02969999996,-453571.9498
9759000,2355.7297,14333.692,61958.9337,-516068.9706,-437420.6152,-454110.0369
9760000,2379.3903,14346.6556,61790.7306,-515413.5951,-436896.8186,-453622.86449999997
9761000,2361.9329,14350.6955,62007.0376,-515636.7628,-436917.09680000006,-453629.72520000004
9762000,2367.0797,14350.4638,61365.0643,-515276.8823,-437194.2745,-453911.81799999997
9763000,2384.624,14446.8511,62010.1205,-516526.7675,-437685.1719,-454516.647
9764000,2375.7192,14296.4933,62356.5498,-516236.5434,-437207.7811,-453879.99360000005
9765000,2381.6613,14407.1558,61867.3906,-516504.0949,-437847.8872,-454636.70430000004
9766000,2371.0515,14295.298,61946.9234,-516386.286,-437773.01310000004,-454439.3626
9767000,2336.9395,14289.7282,62359.5141,-516896.2294,-437910.04760000005,-454536.71530000004
9768000,2362.4493,14221.7911,61917.0315,-516475.2165,-437973.9446,-454558.185
9769000,2396.9565,14417.1583,62198.1809,-516733.1132,-437720.8175,-454534.93230000004
9770000,2374.3373,14335.7309,61604.8057,-515944.7503,-437629.8764,-454339.94460000005
9771000,2367.88,14256.6214,61989.5771,-516218.8196,-437604.7411,-454229.2425
9772000,2377.5685,14416.8306,61706.5524,-515991.8508,-437490.89930000005,-454285.2984
9773000,2378.0341,14342.4579,62124.0486,-516667.8575,-437823.3169,-454543.8089
9774000,2378.9521,14362.5697,62215.6519,-516792.865,-437835.6913,-454577.2131
9775000,2355.0575,14438.1567,62064.0454,-516522.2289,-437664.9693,-454458.1835
9776000,2357.5,14362.763,61715.9522,-515957.4042,-437521.189,-454241.452
9777000,2378.8036,14422.4547,61853.4781,-515823.3205,-437168.5841,-453969.84239999996
9778000,2379.1506,14415.5496,62438.4434,-517034.1535,-437801.0099,-454595.7101
9779000,2384.6166,14492.0295,62291.2055,-517111.6232,-437943.7716,-454820.4177
9780000,2383.7498,14408.5755,62349.2073,-516907.9463,-437766.41370000003,-454558.739
9781000,2377.4489,14342.6837,62731.4981,-516997.063,-437545.43230000004,-454265.5649
9782000,2411.3344,14321.3254,62845.7169,-517755.8651,-438177.48840000003,-454910.1482
9783000,2353.3267,14246.3751,62276.7355,-516057.0755,-437180.6382,-453780.33999999997
9784000,2368.6106,14417.8375,62307.0997,-516705.1188,-437611.571,-454398.0191
9785000,2355.2417,14397.3304,61821.5944,-516410.6865,-437836.52,-454589.0921
9786000,2384.8813,14554.0857,62112.3283,-516488.0633,-437436.768,-454375.735
9787000,2383.6029,14467.9323,61854.5895,-516702.0322,-437995.90750000003,-454847.4427
9788000,2382.5681,14445.3423,62199.4092,-516704.496,-437677.1764,-454505.0868
9789000,2375.4429,14442.8062,61642.6429,-515946.8362,-437485.9442,-454304.19330000004
9790000,2365.2734,14355.3053,62049.0645,-516575.9065,-437806.2633,-454526.842
9791000,2334.0446,14353.3956,62530.595,-516515.6866,-437297.65140000003,-453985.09160000004
9792000,2374.5636,14308.5371,62053.3567,-515989.4308,-437252.97339999996,-453936.07409999997
9793000,2356.7292,14382.1128,61955.2223,-516403.1342,-437709.0699,-454447.91189999995
9794000,2347.1284,14311.2875,62381.5314,-517219.472,-438179.5247,-454837.94060000003
9795000,2350.5908,14352.9471,62158.4676,-516450.1801,-437588.1746,-454291.7125
9796000,2399.4558,14342.7795,61576.194,-515398.0913,-437079.66199999995,-453821.89729999995
9797000,2404.9952,14303.2259,62462.1532,-516712.8767,-437542.5024,-454250.7235
9798000,2388.6319,14251.6632,61726.2466,-515908.3909,-437541.8492,-454182.1443
9799000,2395.5655,14432.1487,62068.1366,-516096.2897,-437200.4389,-454028.1531
9800000,2405.5781,14381.9402,61773.219,-515594.02,-437033.28270000004,-453820.80100000004
9801000,2378.2593,14333.0338,61896.9845,-515410.3099,-436802.03229999996,-453513.3254
9802000,2388.3044,14372.6635,62487.9191,-517007.9992,-437759.11220000003,-454520.0801
9803000,2374.8902,14458.024,62623.7758,-517034.1909,-437577.5009,-454410.4151
9804000,2385.2512,14397.9496,62370.6115,-516288.7074,-437134.8951,-453918.0959
9805000,2351.6979,14360.4475,62316.1293,-516894.0118,-437865.73709999997,-454577.88249999995
9806000,2381.8995,14394.0591,61333.6382,-515504.0858,-437394.489,-454170.4476
9807000,2351.0644,14415.887,61875.8673,-516962.9282,-438320.1095,-455087.06090000004
9808000,2399.0072,14370.4409,61699.8481,-516224.5717,-437755.2755,-454524.72359999997
9809000,2332.5784,14369.5405,62879.4931,-517721.5001,-438139.8881,-454842.007
9810000,2370.327,14435.9929,62122.2507,-516916.3765,-437987.80590000004,-454794.12580000004
9811000,2414.6833,14428.3452,61501.5311,-516216.4337,-437871.8741,-454714.9026
9812000,2401.3932,14342.738,61998.505,-516280.0125,-437537.3763,-454281.5075
9813000,2367.144,14273.9595,61681.2671,-516144.5883,-437822.21770000004,-454463.3212
9814000,2426.8806,14423.2294,61610.1162,-515760.9666,-437300.7404,-454150.8504
9815000,2375.2295,14407.6316,62130.7447,-517074.3444,-438160.7386,-454943.5997
9816000,2383.9249,14418.9001,61778.1796,-516011.5265,-437430.5219,-454233.3469
9817000,2371.0709,14401.2762,62394.016,-516876.3891,-437710.02599999995,-454482.37309999997
9818000,2351.3031,14315.9038,61633.8499,-515456.5435,-437155.4867,-453822.6936
9819000,2379.7982,14348.7486,62022.7162,-516397.9963,-437646.73329999996,-454375.2801
9820000,2409.6256,14393.0054,61794.7149,-516276.406,-437679.0601,-454481.6911
9821000,2345.4362,14433.565,62157.8071,-517020.8359,-438084.02760000003,-454863.02880000003
9822000,2401.11,14291.3904,62380.8579,-517496.5192,-438423.16089999996,-455115.6613
9823000,2342.8157,14341.205,62345.3839,-517193.6946,-438164.29,-454848.3107
9824000,2369.8619,14318.2797,61871.894,-516131.2993,-437571.2637,-454259.4053
9825000,2358.4343,14368.8676,62040.3071,-516497.4345,-437729.8255,-454457.1274
9826000,2405.1127,14406.5021,62024.2256,-516127.5457,-437291.70530000003,-454103.3201
9827000,2354.2669,14339.4962,62064.1675,-516433.7871,-437675.8565,-454369.61960000003
9828000,2369.3379,14402.8103,62034.3136,-516141.7389,-437335.2771,-454107.4253
9829000,2386.6925,14426.4281,61988.8062,-517111.3,-438309.3732,-455122.4938
9830000,2373.9742,14395.2291,62053.5761,-516962.8957,-438140.1163,-454909.3196
9831000,2380.9697,14423.64,62016.0188,-516646.9435,-437826.315,-454630.9247
9832000,2363.4066,14319.4726,62033.8069,-516108.329,-437391.64290000004,-454074.5221
9833000,2412.2493,14374.2188,61820.7565,-516011.2734,-437404.0488,-454190.5169
9834000,2385.5733,14473.7424,61566.3091,-515844.8659,-437419.2411,-454278.55679999996
9835000,2370.8109,14331.9569,61935.3279,-516339.3801,-437701.2844,-454404.05220000003
9836000,2405.4123,14415.2773,61706.3797,-516281.3279,-437754.25859999994,-454574.9482
9837000,2406.4727,14425.5649,62469.9678,-516742.7079,-437440.7025,-454272.7401
9838000,2380.2675,14388.7584,62092.8389,-516328.9132,-437467.04839999997,-454236.0743
9839000,2355.0914,14348.4995,62397.1786,-517315.4669,-438214.6974,-454918.2883
9840000,2377.2305,14434.1061,62409.0744,-517228.413,-438008.002,-454819.3386
9841000,2391.1563,14277.8766,62127.4899,-516706.6411,-437910.1183,-454579.1512
9842000,2391.2526,14343.5866,62532.498,-517173.7237,-437906.38649999996,-454641.22569999995
9843000,2366.1111,14410.9662,62284.4482,-516892.1483,-437830.6228,-454607.7001
9844000,2314.6402,14366.6478,61960.4211,-515965.4453,-437323.73620000004,-454005.02420000004
9845000,2354.6048,14415.6313,62188.7355,-516577.4658,-437618.4942,-454388.7303
9846000,2391.0469,14374.8213,61968.3095,-515793.1538,-437058.97609999997,-453824.8443
9847000,2382.5504,14395.197,62041.5763,-516153.4828,-437334.1591,-454111.9065
9848000,2381.9879,14403.5924,61777.0247,-516086.4134,-437523.8084,-454309.3887
9849000,2396.478,14377.2273,62081.8549,-516097.7024,-437242.1422,-454015.84750000003
9850000,2368.8955,14409.4082,62252.1079,-516632.5032,-437602.0916,-454380.3953
9851000,2391.5721,14347.7568,61544.4604,-516051.8732,-437768.08389999997,-454507.4128
9852000,2345.4533,14364.7194,62475.9119,-517538.1119,-438352.0273,-455062.2
9853000,2367.8319,14267.8003,62574.5214,-517337.9633,-438127.8097,-454763.4419
9854000,2361.6407,14359.9685,62374.0138,-516119.1675,-437023.54449999996,-453745.15369999997
9855000,2383.1929,14443.3485,61715.5457,-515136.9481,-436594.861,-453421.40239999996
9856000,2396.4567,14429.1074,61356.8241,-515792.3142,-437609.92600000004,-454435.49010000005
9857000,2382.9488,14333.4602,62064.1812,-516107.333,-437326.7428,-454043.1518
9858000,2376.0562,14400.9413,61627.2997,-515765.3457,-437361.04850000003,-454138.046
9859000,2363.5179,14454.3678,61804.5011,-515921.6708,-437299.284,-454117.1697
9860000,2383.3254,14402.283,61916.9208,-516653.2,-437950.6708,-454736.2792
9861000,2396.2807,14382.9975,62204.5538,-516652.2114,-437668.3794,-454447.6576
9862000,2376.8155,14514.4889,62078.316,-516405.6756,-437436.0552,-454327.3596
9863000,2374.0615,14396.7986,61695.7838,-516395.4162,-437928.77229999995,-454699.6324
9864000,2385.5865,14383.4618,62292.3661,-516396.0794,-437334.665,-454103.7133
9865000,2359.6839,14368.9564,61603.3242,-516075.7358,-437743.7713,-454472.4116
9866000,2376.1939,14349.8903,62037.5951,-516527.0686,-437763.38930000004,-454489.4735
9867000,2387.6946,14370.0196,62008.7313,-516592.7542,-437826.30870000005,-454584.02290000004
9868000,2387.3704,14379.6347,61842.292,-516532.5774,-437923.2803,-454690.2854
9869000,2380.455,14385.5176,62153.7756,-516990.4346,-438070.6864,-454836.659
9870000,2380.7755,14383.8741,62227.178,-516531.8304,-437540.00279999996,-454304.65239999996
9871000,2368.348,14368.5719,61927.3378,-516165.9155,-437501.6578,-454238.5777
9872000,2389.3159,14367.2459,62009.4169,-516185.522,-437419.5433,-454176.1051
9873000,2378.2109,14418.7621,61790.625,-515987.4693,-437399.8713,-454196.8443
9874000,2365.8228,14383.3646,61963.9018,-516498.1143,-437785.0251,-454534.2125
9875000,2380.8141,14452.6987,62236.0563,-516790.4168,-437720.84770000004,-454554.3605
9876000,2374.6365,14386.8822,61514.334,-515220.9397,-436945.087,-453706.60569999996
9877000,2385.414,14379.8504,61693.646,-515981.096,-437522.1856,-454287.45
9878000,2383.8303,14356.0611,62212.9534,-516953.9084,-438001.0636,-454740.955
9879000,2360.1383,14430.3161,62766.0238,-517939.9517,-438383.47349999996,-455173.92789999995
9880000,2378.7712,14462.2909,62049.0453,-517545.7784,-438655.67100000003,-455496.7331
9881000,2396.2792,14357.8863,61553.3841,-515707.7148,-437400.16520000005,-454154.3307
9882000,2401.8893,14334.0658,62028.7104,-516120.1136,-437355.4481,-454091.4032
9883000,2377.486,14298.7885,62112.7091,-516601.1198,-437812.13619999995,-454488.4107
9884000,2397.9132,14480.5056,61312.4777,-514989.6044,-436798.70790000004,-453677.1267
9885000,2392.2051,14415.7371,62157.873,-516042.5147,-437076.6995,-453884.6417
9886000,2387.6693,14457.4488,62073.9451,-515746.4481,-436827.38489999995,-453672.50299999997
9887000,2373.066,14476.8824,62184.7041,-516989.5917,-437954.9392,-454804.8876
9888000,2381.8567,14442.0584,61676.8354,-516068.152,-437567.40150000004,-454391.3166
9889000,2408.2939,14370.4092,61676.6974,-515779.2056,-437323.8051,-454102.5082
9890000,2375.4764,14318.8341,61620.2196,-515238.6125,-436924.08239999996,-453618.3929
9891000,2378.4017,14464.8559,61488.9592,-515478.768,-437146.5512,-453989.8088
9892000,2387.9854,14348.8036,62028.8863,-515756.5363,-436990.861,-453727.64999999997
9893000,2366.6543,14299.1309,62029.0147,-516004.018,-437309.2181,-453975.0033
9894000,2389.9924,14497.2808,61689.1938,-515973.2864,-437396.8194,-454284.0926
9895000,2343.7778,14312.1161,62142.7961,-516643.7738,-437845.0838,-454500.97770000005
9896000,2373.0613,14397.4179,61697.1273,-516245.7416,-437778.1351,-454548.6143
9897000,2339.3249,14423.3628,61682.6815,-516186.9351,-437741.5659,-454504.2536
9898000,2396.7451,14363.4294,61722.4701,-515898.1419,-437415.4973,-454175.6718
9899000,2397.8695,14366.5088,61811.0637,-516491.7896,-437916.34760000004,-454680.7259
9900000,2368.6845,14389.3878,61988.9042,-517161.5914,-438414.6149,-455172.6872
9901000,2397.3693,14346.0832,62219.6864,-516497.3925,-437534.25360000005,-454277.7061
9902000,2366.2146,14366.3672,61633.3457,-515927.3074,-437561.3799,-454293.9617
9903000,2377.1666,14392.4949,61639.8553,-515756.9049,-437347.38810000004,-454117.0496
9904000,2351.7292,14278.9534,62519.4505,-516760.1462,-437610.0131,-454240.69570000004
9905000,2354.4174,14354.7777,61813.6492,-515807.3887,-437284.5444,-453993.7395
9906000,2371.1332,14416.7447,61473.7049,-515598.4021,-437336.8193,-454124.6972
9907000,2375.5887,14349.0418,61429.7068,-516143.2473,-437988.91,-454713.5405
9908000,2419.0676,14359.6955,61790.8726,-516417.7143,-437848.0786,-454626.8417
9909000,2431.6904,14358.5953,61248.3085,-515593.8403,-437555.2461,-454345.5318
9910000,2400.2808,14342.9975,62003.8247,-516334.0547,-437586.9517,-454330.23
9911000,2420.3849,14344.2266,62423.0245,-517104.3003,-437916.6643,-454681.2758
9912000,2381.6769,14456.793,62334.1077,-517220.4079,-438047.8303,-454886.3002
9913000,2365.6003,14443.7429,61539.7932,-515627.1914,-437278.055,-454087.3982
9914000,2396.6721,14374.9044,62001.0845,-516360.2054,-437587.5444,-454359.1209
9915000,2370.1156,14308.8479,61325.4967,-515634.8211,-437630.36089999997,-454309.3244
9916000,2378.9626,14312.3076,62346.9003,-516382.8708,-437344.70029999997,-454035.9705
9917000,2370.3463,14299.3555,62030.7572,-515614.8693,-436914.4103,-453584.1121
9918000,2404.1008,14515.9304,62428.4064,-517428.8303,-438080.39269999997,-455000.4239
9919000,2344.1501,14341.7603,61791.8718,-516316.6582,-437838.876,-454524.7864
9920000,2364.4859,14496.6287,61958.3729,-516363.65,-437544.16250000003,-454405.2771
9921000,2378.1514,14364.0868,62027.1898,-516331.4299,-437562.0019,-454304.2401
9922000,2396.4812,14393.729,61789.9785,-516176.077,-437595.8883,-454386.09849999996
9923000,2375.3945,14396.6586,61770.2197,-516023.5899,-437481.3171,-454253.3702
9924000,2392.2692,14402.7322,62133.1101,-516770.9463,-437842.8348,-454637.8362
9925000,2387.7222,14386.8466,61775.8286,-516186.9768,-437636.5794,-454411.1482
9926000,2399.8634,14404.3249,62236.7794,-516751.3391,-437710.37139999995,-454514.5597
9927000,2390.0727,14350.7797,61745.3051,-516216.1777,-437730.0202,-454470.8726
9928000,2378.5917,14439.9599,62554.9736,-517199.5649,-437826.03969999996,-454644.5913
9929000,2383.1169,14368.1915,62140.3091,-517062.4119,-438170.7944,-454922.1028
9930000,2346.6985,14354.5314,62093.64,-517279.9364,-438485.0665,-455186.2964
9931000,2401.3226,14344.3995,61621.714,-515324.3287,-436956.8926,-453702.61470000003
9932000,2387.2015,14281.0434,62243.3542,-516808.8267,-437897.2276,-454565.4725
9933000,2340.8237,14254.1851,61838.4915,-516117.053,-437683.5527,-454278.5615
9934000,2377.4872,14387.7717,62398.2021,-517058.5966,-437895.1356,-454660.3945
9935000,2368.7245,14365.6257,61791.0283,-515908.7805,-437383.402,-454117.7522
9936000,2368.3019,14408.2392,62196.7358,-516830.5423,-437857.2654,-454633.80649999995
9937000,2386.4124,14441.0399,62123.5371,-516420.3742,-437469.3848,-454296.8371
9938000,2371.3441,14424.6127,61257.4006,-515697.8225,-437644.46510000003,-454440.4219
9939000,2389.1789,14452.4043,61871.9261,-516797.9377,-438084.4284,-454926.0116
9940000,2372.5599,14394.2571,62289.8065,-517197.7606,-438141.1371,-454907.9541
9941000,2363.7611,14303.2187,61841.5432,-516271.6133,-437763.09030000004,-454430.0701
9942000,2358.2885,14349.2894,62081.7222,-516534.0263,-437744.72620000003,-454452.3041
9943000,2392.2176,14316.2352,62353.2481,-516257.0435,-437195.34260000003,-453903.79540000006
9944000,2350.0997,14326.866,62309.8846,-516935.4325,-437948.5822,-454625.5479
9945000,2361.1698,14306.5426,61914.0372,-516701.8754,-438120.12580000004,-454787.8382
9946000,2371.4581,14329.5201,62153.2159,-517063.6088,-438209.41469999996,-454910.3929
9947000,2386.6253,14450.3044,62043.4009,-516026.7902,-437146.4596,-453983.3893
9948000,2367.8865,14378.0979,61605.4206,-515296.7229,-436945.3179,-453691.3023
9949000,2403.5705,14379.2912,61533.7238,-515168.5869,-436852.0014,-453634.8631
9950000,2342.2103,14328.1821,62111.6585,-516490.2625,-437708.21160000004,-454378.604
9951000,2383.2909,14389.7747,62072.3381,-516418.1067,-437572.703,-454345.7686
9952000,2362.3886,14335.2858,61931.6257,-515543.7638,-436914.4637,-453612.13810000004
9953000,2368.2642,14318.5007,62029.5062,-516525.2542,-437808.9831,-454495.748
9954000,2376.9983,14368.581,62151.5383,-516011.5631,-437114.44550000003,-453860.0248
9955000,2412.9747,14379.148,61481.8104,-515589.7004,-437315.76729999995,-454107.88999999996
9956000,2372.1025,14328.6709,61856.5569,-515445.9809,-436888.65060000005,-453589.424
9957000,2369.1253,14446.7213,61844.034,-516274.6631,-437614.7825,-454430.6291
9958000,2356.5983,14404.4205,62049.6224,-516189.0294,-437378.3882,-454139.407
9959000,2392.6455,14385.9192,61820.4263,-516294.7336,-437695.7426,-454474.3073
9960000,2382.4729,14340.278,62194.0973,-516650.9839,-437734.1357,-454456.88659999997
9961000,2381.6454,14316.7387,62362.3582,-516630.7269,-437569.9846,-454268.3687
9962000,2395.9139,14324.8983,62062.6571,-516591.8064,-437808.3371,-454529.1493
9963000,2357.6048,14296.2536,62037.7433,-516353.5271,-437661.9254,-454315.7838
9964000,2386.9152,14394.6761,62390.9853,-517140.8488,-437968.2722,-454749.8635
9965000,2365.8706,14366.4305,61533.3462,-515581.4712,-437315.8239,-454048.125
9966000,2386.7367,14321.224,62174.5189,-516466.78,-437584.3004,-454292.2611
9967000,2396.6396,14337.2104,62137.4446,-515907.0809,-437035.78630000004,-453769.6363
9968000,2335.9057,14235.6013,61661.7538,-515831.354,-437598.0932,-454169.6002
9969000,2418.5307,14442.5395,61863.0305,-514890.4915,-436166.3908,-453027.461
9970000,2340.9828,14382.5127,61903.1534,-516303.6125,-437676.9636,-454400.4591
9971000,2358.1282,14444.4275,61914.4136,-516493.8166,-437776.8473,-454579.40300000005
9972000,2400.9113,14360.3517,61953.7672,-515839.7884,-437124.75820000004,-453886.0212
9973000,2382.6833,14402.1562,62286.877,-516371.973,-437300.2565,-454085.096
9974000,2359.9787,14409.3389,61833.5241,-516117.7307,-437514.889,-454284.20660000003
9975000,2396.1497,14371.0065,62180.7216,-516782.5086,-437834.63080000004,-454601.787
9976000,2323.9475,14388.2121,61476.9197,-515616.0489,-437426.9696,-454139.12919999997
9977000,2366.2414,14405.2653,61975.7298,-516741.4405,-437994.204,-454765.71070000005
9978000,2348.5361,14333.6207,61325.782,-515144.0351,-437136.0963,-453818.2531
9979000,2349.5074,14261.5891,61826.2354,-516290.1724,-437852.8405,-454463.937
9980000,2400.216,14351.9785,62161.5247,-516751.9578,-437838.2386,-454590.43309999997
9981000,2385.4118,14272.9014,62081.3813,-516626.4399,-437886.7454,-454545.0586
9982000,2391.8697,14315.0767,61708.1458,-516072.7336,-437657.64139999996,-454364.5878
9983000,2361.5401,14379.067,62436.9772,-516986.2821,-437808.6978,-454549.3049
9984000,2361.3821,14384.0069,61962.6494,-516735.958,-438027.91959999996,-454773.3086
9985000,2339.5322,14295.0875,61346.7453,-515160.0557,-437178.69070000004,-453813.3104
9986000,2398.7571,14363.5396,61490.6863,-515051.7375,-436798.7545,-453561.0512
9987000,2349.5743,14259.7839,62021.558,-516038.1307,-437407.2145,-454016.57269999996
9988000,2358.7563,14355.5297,61734.2043,-516215.8332,-437767.3429,-454481.6289
9989000,2400.7585,14338.3368,62028.1203,-516153.8634,-437386.6478,-454125.74309999996
9990000,2372.5078,14336.6441,61581.642,-515307.0761,-437016.2822,-453725.4341
9991000,2365.4569,14327.4986,62106.2757,-515889.2548,-437090.0236,-453782.9791
9992000,2400.5978,14222.629,61874.7266,-515914.4546,-437416.5012,-454039.728
9993000,2395.0227,14437.702,61631.4347,-516343.5903,-437879.4309,-454712.1556
9994000,2376.9439,14336.262,62064.3954,-516910.0413,-438132.43999999994,-454845.6459
9995000,2373.4743,14332.367,62207.3083,-516266.6331,-437353.4835,-454059.3248
9996000,2369.1787,14329.1376,62349.2791,-516538.4732,-437490.8778,-454189.1941
9997000,2364.7042,14306.0338,61078.5491,-514909.0138,-437159.7267,-453830.4647
9998000,2372.3503,14383.1781,61523.582,-515411.0641,-437131.9537,-453887.4821
9999000,2340.4912,14342.1127,62643.2115,-517184.469,-437858.65359999996,-454541.2575
10000000,2390.8491,14385.6961,62190.595,-517392.4489,-438425.30870000005,-455201.8539
10000000,2377.9299,14315.5362,61990.6037,-516227.4034,-437543.3336,-454236.79970000003
10000000,19.9988,72.8084,305.4735,554.8326,953.1133,860.3061
