step,nb14,eel14,vdwaals,eelec,case1,case2
1000,2401.8836,14296.0984,62415.9795,-516558.3843,-437444.42279999994,-454142.40479999996
2000,2381.9261,14351.0453,61768.4258,-516023.1632,-437521.766,-454254.7374
3000,2371.1226,14269.1938,62293.8204,-517037.3295,-438103.1927,-454743.5091
4000,2396.6768,14253.3356,61911.1406,-516950.4209,-438389.26790000004,-455039.28030000004
5000,2360.2378,14265.1538,62187.4035,-516504.145,-437691.34990000003,-454316.7415
6000,2371.7894,14288.2706,61873.3252,-516261.429,-437728.0438,-454388.1038
7000,2415.3462,14236.4257,61977.809,-516267.5178,-437637.9369,-454289.70879999996
8000,2398.8553,14400.4543,61928.4813,-516212.6751,-437484.8842,-454284.1938
9000,2392.3611,14322.5054,62708.5855,-517224.6748,-437801.2228,-454516.0893
10000,2381.7602,14395.2292,61448.3856,-515510.7728,-437285.3978,-454062.3872
11000,2355.4918,14291.9815,61670.8781,-515497.7476,-437179.3962,-453826.86950000003
12000,2377.3904,14235.6167,62339.9067,-516548.3224,-437595.40859999997,-454208.4157
13000,2415.2987,14270.5707,62557.9863,-517378.3449,-438134.4892,-454820.35860000004
14000,2381.1976,14322.911,62260.7317,-516725.5173,-437760.677,-454464.7856
15000,2391.333,14343.9133,62260.3122,-516378.781,-437383.22250000003,-454118.46880000003
16000,2392.604,14265.2093,61893.0186,-516150.3427,-437599.5108,-454257.32409999997
17000,2389.8629,14314.2255,62106.8228,-516071.4133,-437260.50210000004,-453964.5905
18000,2379.0499,14320.5197,61800.6494,-515741.1315,-437240.9125,-453940.4821
19000,2394.2671,14340.0982,61939.32,-516086.0379,-437412.3526,-454146.7179
20000,2415.3367,14330.3478,62360.5425,-517034.3697,-437928.14269999997,-454673.8272
21000,2376.16,14290.1295,62208.6231,-516233.6531,-437358.7405,-454025.03
22000,2355.0075,14360.7664,61715.2223,-515455.3508,-437024.3546,-453740.1285
23000,2378.3725,14328.4414,62309.8323,-516638.0194,-437621.3732,-454328.1871
24000,2430.6276,14256.5441,61884.9688,-515842.0099,-437269.86939999997,-453957.04110000003
25000,2408.5994,14291.6564,62281.0656,-516280.3668,-437299.0454,-453999.3012
26000,2372.4028,14254.3761,62140.0433,-515214.5432,-436447.721,-453074.4999
27000,2401.3353,14251.0084,61873.5004,-515108.7587,-436582.9146,-453235.2583
28000,2378.6069,14315.9361,61840.5329,-515046.6077,-436511.5318,-453206.0748
29000,2379.8878,14306.9085,61580.3986,-515323.6163,-437056.4214,-453743.2177
30000,2406.0012,14369.0086,61664.153,-515317.2694,-436878.1066,-453653.1164
31000,2452.3418,14307.5183,62287.5061,-515557.332,-436509.9658,-453269.8259
32000,2376.1425,14244.4171,61754.6068,-515706.0414,-437330.875,-453951.4346
33000,2421.8177,14319.1886,61677.4792,-515317.9059,-436899.4204,-453640.4267
34000,2382.3446,14224.9991,61572.3823,-514967.2309,-436787.50490000006,-453394.8486
35000,2415.0661,14248.0287,61597.9606,-515175.1309,-436914.0755,-453577.1703
36000,2417.1785,14268.308,62165.2279,-516458.2824,-437607.568,-454293.0545
37000,2403.5782,14326.8725,62337.1788,-516403.5502,-437335.9207,-454066.3714
38000,2332.2879,14198.0998,61861.4216,-515901.7715,-437509.96219999995,-454040.3499
39000,2395.0735,14304.8926,61905.7901,-515818.5415,-437212.7853,-453912.7514
40000,2391.5869,14268.6387,62164.0223,-516140.5985,-437316.3506,-453976.5762
41000,2380.1595,14246.806,61929.8438,-516178.0711,-437621.2618,-454248.2273
42000,2376.3483,14296.2723,61844.7495,-516002.5865,-437485.2164,-454157.837
43000,2395.7322,14360.0064,61907.4154,-516688.1049,-438024.9509,-454780.6895
44000,2386.5472,14298.3214,62369.4853,-517102.1852,-438047.8313,-454732.6999
45000,2388.0162,14330.5295,61943.3409,-516182.7169,-437520.83030000003,-454239.376
46000,2396.606,14267.0518,61679.0519,-515466.4318,-437123.7221,-453787.3799
47000,2384.3374,14238.9557,62123.995,-516296.3584,-437549.0703,-454172.36340000003
48000,2407.1383,14323.9167,62360.2999,-516013.5309,-436922.176,-453653.231
49000,2395.5267,14236.9647,61931.6507,-515913.271,-437349.1289,-453981.6203
50000,2412.5335,14327.0344,62444.5328,-516792.5834,-437608.4827,-454348.0506
51000,2397.9944,14365.1162,61525.4988,-515311.277,-437022.6676,-453785.7782
52000,2413.8419,14282.1074,62272.4297,-516225.2838,-437256.90479999996,-453952.8541
53000,2383.3516,14245.0829,62017.1631,-516236.0742,-437590.4766,-454218.91109999997
54000,2363.5391,14273.7342,62007.8357,-516575.3148,-437930.2058,-454567.4791
55000,2398.2697,14215.6742,62413.718,-516255.6722,-437228.01029999997,-453841.9542
56000,2399.4065,14246.7921,62780.7476,-517456.7137,-438029.7675,-454675.9661
57000,2395.5185,14293.1208,61926.6775,-516102.9748,-437487.65800000005,-454176.29730000003
58000,2396.6749,14279.0137,62275.3453,-516213.8788,-437262.8449,-453938.5335
59000,2366.9368,14309.3985,61576.4929,-515302.5469,-437049.7187,-453726.054
60000,2388.3568,14257.4022,62281.04,-515889.4791,-436962.6801,-453608.4391
61000,2390.8974,14287.6883,62330.0799,-516686.6088,-437677.9432,-454356.5289
62000,2386.1226,14353.6016,61589.0349,-515323.7955,-436995.0364,-453734.76060000004
63000,2415.6253,14264.6952,62085.0377,-516007.7187,-437242.3605,-453922.68100000004
64000,2425.2402,14329.8581,62283.8824,-516485.7618,-437446.78109999996,-454201.8794
65000,2402.9629,14335.239,62080.9745,-515763.5121,-436944.3357,-453682.5376
66000,2402.5347,14361.4261,62006.0312,-515929.0432,-437159.0512,-453923.012
67000,2378.4415,14405.2071,62022.2843,-516167.1829,-437361.25,-454144.8986
68000,2405.1671,14333.237,62414.5136,-516542.3432,-437389.4255,-454127.8296
69000,2402.8102,14358.2661,61926.1666,-516084.5855,-437397.3426,-454158.4189
70000,2385.705,14265.6648,61866.3711,-515779.5419,-437261.801,-453913.1708
71000,2356.552,14321.2157,61611.9339,-516156.5356,-437866.83400000003,-454544.6017
72000,2398.8464,14358.959,62188.4559,-516831.75,-437885.4887,-454643.2941
73000,2433.0684,14367.8275,61414.0713,-515718.9157,-437503.9485,-454304.8444
74000,2404.2829,14315.9383,62781.1967,-517399.1362,-437897.7183,-454617.9395
75000,2378.3483,14310.4689,62389.976,-517241.721,-438162.9278,-454851.745
76000,2403.956,14356.4907,62187.169,-516348.2762,-437400.6605,-454161.1072
77000,2377.0386,14251.7888,62078.8371,-516343.9703,-437636.3058,-454265.1332
78000,2385.9032,14275.5436,62210.4327,-516730.6884,-437858.8089,-454520.2557
79000,2381.0707,14295.7921,62411.1809,-517202.238,-438114.1943,-454791.05710000003
80000,2405.8324,14261.3708,62104.707,-515668.5819,-436896.6717,-453563.8749
81000,2382.2595,14290.9212,61274.1204,-515196.6208,-437249.3197,-453922.50039999996
82000,2383.4307,14308.2305,61639.4567,-515385.0804,-437053.96249999997,-453745.6237
83000,2383.0333,14317.8244,62493.127,-516336.1713,-437142.1866,-453843.0443
84000,2371.4025,14232.3998,61640.2415,-515095.6616,-436851.6178,-453455.4201
85000,2346.7141,14250.372,61918.3145,-515570.5991,-437055.1985,-453652.2846
86000,2400.2363,14285.4122,61460.6715,-515409.7458,-437263.42579999997,-453949.0743
87000,2412.5745,14312.0684,61685.2075,-515636.5841,-437226.7337,-453951.37659999996
88000,2382.6659,14386.7425,61981.5688,-516353.0473,-437602.0701,-454371.47849999997
89000,2392.4844,14311.8681,61655.8277,-515236.1508,-436875.9706,-453580.3231
90000,2401.1368,14250.5812,61829.6243,-515556.9939,-437075.6516,-453727.3696
91000,2397.6742,14296.8886,61925.143,-516461.3835,-437841.6777,-454536.2405
92000,2404.0178,14342.6583,62222.8741,-516296.6479,-437327.0977,-454073.77379999997
93000,2404.5287,14376.7768,62203.4871,-516555.9592,-437571.1666,-454352.4721
94000,2375.3524,14322.376,62043.098,-516733.8327,-437993.0063,-454690.73470000003
95000,2393.1315,14353.8258,62137.8404,-516061.8179,-437177.0202,-453923.97750000004
96000,2392.4351,14314.1608,61704.4106,-516224.3384,-437813.3319,-454519.9278
97000,2399.4313,14315.268,61571.902,-515749.438,-437462.8367,-454177.536
98000,2379.1713,14263.8259,61855.8547,-516109.1906,-437610.33869999996,-454253.33589999995
99000,2384.3883,14326.5588,61799.3813,-515949.5762,-437439.2478,-454150.1949
100000,2409.7452,14258.8985,61990.5933,-516061.801,-437402.564,-454071.20769999997
101000,2411.5544,14410.032,62094.128,-515981.3115,-437065.5971,-453887.18350000004
102000,2400.2708,14363.564,62315.3649,-516106.6779,-437027.4782,-453791.313
103000,2385.4143,14347.7229,62151.057,-516072.2081,-437188.0139,-453921.1511
104000,2396.3428,14471.9012,62056.5777,-516122.1192,-437197.2975,-454065.5415
105000,2397.0426,14322.7108,61546.8062,-515740.9421,-437474.38249999995,-454194.1359
106000,2382.977,14346.6095,62249.1592,-516806.6993,-437827.9536,-454557.5401
107000,2371.4526,14283.1414,62147.9623,-516337.7777,-437535.2214,-454189.81539999996
108000,2386.2723,14380.9354,62037.9069,-516300.5244,-437495.4098,-454262.6175
109000,2395.5266,14258.3578,61990.3115,-516038.2812,-437394.08530000004,-454047.9697
110000,2374.787,14227.9698,62365.9213,-516634.049,-437665.3709,-454268.1277
111000,2373.4952,14309.9743,62249.6803,-516920.262,-437987.1122,-454670.5817
112000,2400.7428,14298.5272,62089.1161,-516172.25,-437383.8639,-454083.1339
113000,2367.3068,14252.0425,61607.2551,-515417.1135,-437190.50909999997,-453809.85839999997
114000,2410.6749,14352.4283,61979.5401,-515529.8482,-436787.2049,-453550.3081
115000,2411.2533,14267.9629,62355.3763,-517220.5666,-438185.9741,-454865.1903
116000,2409.8616,14374.3973,61991.9146,-516156.9506,-437380.77709999995,-454165.03599999996
117000,2379.2106,14346.4716,62389.16,-516792.4306,-437677.5884,-454403.27060000005
118000,2407.9747,14369.158,61745.7104,-516152.4028,-437629.5597,-454406.6924
119000,2389.6068,14349.2525,61710.1701,-515668.9484,-437219.919,-453958.7783
120000,2352.3355,14230.0837,61352.7204,-514736.6733,-436801.5337,-453383.95290000003
121000,2397.7955,14348.5489,61743.3978,-515430.9971,-436941.25489999994,-453687.5993
122000,2383.5404,14383.8646,62461.0759,-516729.9281,-437501.44720000005,-454268.8522
123000,2377.2505,14306.1998,61978.8204,-516032.6708,-437370.4001,-454053.8504
124000,2387.1048,14322.216,61907.821,-516501.8576,-437884.7158,-454594.0366
125000,2395.9488,14342.5335,61781.2234,-515843.5082,-437323.8025,-454062.28479999996
126000,2362.0069,14329.9464,62106.9338,-516559.4969,-437760.60980000003,-454452.5631
127000,2400.8891,14376.9712,62513.8432,-517323.3935,-438031.69,-454809.5503
128000,2392.8672,14421.8164,61447.7646,-515573.7307,-437311.28250000003,-454125.9661
129000,2384.0553,14304.788,61605.142,-515559.1334,-437265.1481,-453953.9914
130000,2392.8037,14327.9159,61720.8122,-515341.8382,-436900.3064,-453621.026
131000,2371.1014,14326.9002,61942.5502,-515984.1215,-437343.5697,-454041.5713
132000,2373.2047,14244.5918,61819.0474,-515488.7706,-437051.92669999995,-453669.7232
133000,2345.5705,14235.0872,62089.976,-516363.2636,-437692.6299,-454273.2876
134000,2414.0074,14307.1041,62263.6713,-516775.7035,-437790.9207,-454512.0322
135000,2375.0547,14410.5279,62131.3829,-516563.7711,-437646.8056,-454432.38820000004
136000,2388.0798,14252.8454,62077.8183,-515950.8061,-437232.0626,-453872.9878
137000,2379.6647,14341.6286,62472.0664,-517134.2887,-437940.929,-454662.22229999996
138000,2384.5691,14337.6641,61583.2619,-515245.6046,-436940.1095,-453662.34270000004
139000,2374.6681,14385.1544,61734.6334,-515163.5422,-436669.0863,-453428.90880000003
140000,2397.3429,14385.5423,62190.2194,-516635.2648,-437662.1602,-454445.0454
141000,2385.1931,14284.2435,61693.699,-515587.6462,-437224.51060000004,-453893.9472
142000,2414.6422,14293.017,61912.531,-516278.0214,-437657.8312,-454365.4904
143000,2345.604,14280.4235,61868.3309,-515733.4842,-437239.12580000004,-453865.1533
144000,2372.3455,14281.6936,62235.5407,-515789.0406,-436899.4608,-453553.4999
145000,2386.264,14278.5018,61949.3267,-515264.1744,-436650.0819,-453314.84770000004
146000,2403.9738,14340.778,61889.0321,-515688.7396,-437054.9557,-453799.70749999996
147000,2389.1619,14365.1548,62488.7375,-515874.5577,-436631.5035,-453385.8202
148000,2390.7362,14335.7337,61996.9261,-516253.8896,-437530.4936,-454256.9635
149000,2356.2803,14294.1893,61922.7538,-516032.0377,-437458.81429999997,-454109.2839
150000,2390.5623,14404.2353,61996.4675,-516272.4296,-437481.16449999996,-454275.9621
151000,2399.4339,14382.4859,62088.2523,-516492.6103,-437622.4382,-454404.358
152000,2389.0457,14247.1519,61873.2204,-515875.2088,-437365.7908,-454001.98840000003
153000,2386.3845,14300.1266,61768.9698,-516018.044,-437562.5631,-454249.0742
154000,2386.717,14228.4241,62333.5567,-516387.6032,-437438.90540000005,-454054.0465
155000,2366.0774,14232.2914,61969.2836,-515897.259,-437329.6066,-453927.9754
156000,2354.0935,14293.8619,61805.6694,-515874.9267,-437421.3019,-454069.2573
157000,2379.9013,14333.6901,61704.5597,-515587.4855,-437169.3344,-453882.9258
158000,2392.2192,14422.3985,61810.0546,-516165.296,-437540.6237,-454355.24139999994
159000,2379.3151,14267.7209,61568.398,-516008.9567,-437793.5227,-454440.5587
160000,2403.265,14309.4584,62375.8582,-516496.8487,-437408.26709999994,-454120.99049999996
161000,2413.4266,14252.1366,62098.6778,-516125.9339,-437361.6929,-454027.2561
162000,2409.6663,14332.307,62105.9153,-516261.3456,-437413.457,-454155.4303
163000,2398.8243,14336.8557,62137.2237,-516498.9179,-437626.0142,-454361.6942
164000,2400.0206,14348.3092,61926.4773,-517015.1772,-438340.37009999994,-455088.6999
165000,2392.6296,14259.5189,62270.8879,-516597.3052,-437674.2688,-454326.4173
166000,2380.0366,14256.6933,62045.1924,-516398.9994,-437717.0771,-454353.807
167000,2386.0835,14241.3347,62339.4999,-516156.3339,-437189.4158,-453816.83400000003
168000,2395.8557,14241.2485,61819.8545,-515496.7992,-437039.8405,-453676.9447
169000,2401.5152,14346.8251,62080.5036,-516340.5603,-437511.71640000003,-454260.0567
170000,2342.7286,14260.0905,62148.8252,-515725.4957,-436973.85140000004,-453576.6705
171000,2400.3056,14252.9401,61674.0278,-515690.296,-437363.02249999996,-454016.2682
172000,2397.5044,14310.2562,62375.483,-516224.2861,-437141.04250000004,-453848.8031
173000,2402.7274,14338.587,62211.495,-516803.1801,-437850.37069999997,-454591.6851
174000,2367.0747,14317.4393,62041.7255,-516224.0298,-437497.7903,-454182.3043
175000,2391.3074,14333.238,61989.3839,-516281.2228,-437567.29349999997,-454291.8389
176000,2397.0176,14375.8618,62089.5248,-516520.1644,-437657.7602,-454430.6396
177000,2398.0904,14418.958,61921.6624,-515761.7585,-437023.0477,-453840.09609999997
178000,2424.038,14254.2548,61979.1744,-515237.6961,-436580.2289,-453258.5217
179000,2377.9195,14408.7377,61854.6228,-515627.3317,-436986.05169999995,-453772.70889999997
180000,2400.8633,14364.971,62438.2953,-516762.2783,-437558.1487,-454323.983
181000,2381.8299,14251.9681,62442.4125,-516606.6268,-437530.41630000004,-454164.21430000005
182000,2427.5598,14333.6476,62501.6786,-516998.3479,-437735.4619,-454496.6693
183000,2386.0788,14248.0296,61645.9038,-516218.2939,-437938.2817,-454572.39009999996
184000,2382.8805,14275.2285,62861.5801,-517604.1641,-438084.475,-454742.584
185000,2402.7073,14337.5863,61809.7187,-516083.1667,-437533.1544,-454273.448
186000,2385.7856,14243.5432,61554.4329,-515153.9366,-436970.1749,-453599.5037
187000,2384.0831,14340.858,61697.2284,-515923.2448,-437501.07529999997,-454226.01639999996
188000,2390.9802,14289.907,62141.8103,-516988.4097,-438165.7122,-454846.5994
189000,2418.4677,14248.6987,62510.6796,-516965.2746,-437787.4286,-454454.595
190000,2400.8652,14286.7031,61924.1913,-516534.0965,-437922.3369,-454609.9052
191000,2370.5491,14277.6016,61852.8349,-516005.7573,-437504.7717,-454152.9224
192000,2423.4094,14332.5081,61814.7971,-516266.9201,-437696.2055,-454452.12299999996
193000,2421.5124,14381.0811,61650.6368,-515815.516,-437362.2857,-454164.8792
194000,2401.5677,14301.1969,61690.7355,-515787.8395,-437394.3394,-454097.104
195000,2395.6857,14344.2416,62460.1311,-516154.3367,-436954.2783,-453694.2056
196000,2410.6335,14303.147,61852.1375,-515890.5059,-437324.5879,-454038.3684
197000,2427.7943,14343.6798,61998.8356,-515933.5596,-437163.2499,-453934.724
198000,2371.4301,14358.6734,61500.6418,-515911.0799,-437680.3346,-454410.4381
199000,2436.0001,14257.8449,62049.6788,-516053.5645,-437310.0407,-454003.8857
200000,2442.7713,14394.8572,61950.8389,-516106.3107,-437317.84329999995,-454155.47179999994
201000,2380.9382,14369.3266,61596.9847,-515414.7072,-437067.4577,-453817.72250000003
202000,2419.9136,14283.6329,61717.8388,-515502.6347,-437081.2494,-453784.7959
203000,2376.8246,14341.5374,61784.4694,-516047.577,-437544.7456,-454263.1076
204000,2367.7184,14213.8762,62677.1169,-516810.0964,-437551.38489999995,-454132.97949999996
205000,2392.0986,14363.22,62536.0254,-516449.9002,-437158.5562,-453913.8748
206000,2410.5083,14400.9759,61459.4835,-515588.4743,-437317.50659999996,-454128.9908
207000,2435.8171,14348.3574,61566.3449,-515580.2914,-437229.772,-454013.94649999996
208000,2394.6655,14206.9566,62361.9553,-515864.178,-436900.6006,-453502.22270000004
209000,2420.6522,14284.7293,61448.8008,-515579.0513,-437424.869,-454130.25049999997
210000,2395.8672,14241.3726,61689.8176,-515854.7645,-437527.7071,-454164.9469
211000,2403.1617,14221.9254,62104.2367,-516256.0941,-437526.7703,-454151.8574
212000,2392.4815,14329.189,62181.1258,-516050.9382,-437148.1419,-453869.8124
213000,2380.511,14230.1578,61724.6391,-515353.6538,-437018.34589999996,-453629.01469999994
214000,2394.0331,14367.1464,62259.6677,-516385.2051,-437364.35790000006,-454125.53740000003
215000,2397.034,14254.7783,62047.741,-515944.5725,-437245.0192,-453896.83150000003
216000,2375.7874,14346.9196,62137.1907,-516258.2536,-437398.35589999997,-454121.0629
217000,2380.5828,14337.5041,61849.4767,-515712.4645,-437144.9009,-453862.9878
218000,2385.4477,14256.708,61966.503,-516027.3028,-437418.64410000003,-454060.79980000004
219000,2355.4504,14355.4939,61781.7411,-516522.2566,-438029.5712,-454740.51550000004
220000,2419.0289,14421.1092,62251.3078,-516960.5187,-437869.0728,-454709.2109
221000,2391.8201,14379.6236,62349.522,-517056.1074,-437935.1417,-454706.5854
222000,2384.1362,14376.0336,62843.022,-517237.0495,-437633.85770000005,-454394.0275
223000,2376.545,14168.917,62023.8331,-515738.0674,-437168.7723,-453714.2343
224000,2396.0022,14259.8361,61397.3385,-515017.3282,-436964.1514,-453619.9897
225000,2397.6598,14281.7241,62297.6916,-516721.757,-437744.68149999995,-454424.06539999996
226000,2401.309,14382.5453,62266.1557,-516434.9538,-437384.9438,-454168.7981
227000,2373.2938,14390.8922,61936.4015,-516290.519,-437589.93149999995,-454354.1175
228000,2386.7544,14274.2061,61864.5637,-515660.9499,-437135.4257,-453796.3862
229000,2379.3387,14314.9804,61893.186,-515402.3054,-436814.8003,-453509.1194
230000,2400.3698,14255.4149,61759.6951,-515539.4392,-437123.95940000005,-453779.7441
231000,2370.4384,14273.8805,62223.3871,-516524.5551,-437656.8491,-454301.168
232000,2345.0727,14260.7189,62119.8608,-515903.8951,-437178.2427,-453784.0343
233000,2395.9898,14235.618,61863.1923,-516627.758,-438132.9579,-454764.5657
234000,2420.6785,14254.767,62189.7857,-516731.3671,-437866.1359,-454541.58139999997
235000,2366.3493,14356.6202,61730.5901,-515897.8171,-437444.25749999995,-454167.22699999996
236000,2358.4934,14196.3788,62030.3405,-515828.5155,-437243.30279999995,-453798.175
237000,2364.7099,14235.1768,61774.3754,-515806.3887,-437432.1266,-454032.0133
238000,2355.2475,14268.5037,62019.5094,-516367.0077,-437723.74710000004,-454347.49830000004
239000,2400.8111,14352.3347,62258.8776,-516472.035,-437460.01159999997,-454213.15739999997
240000,2414.9072,14301.9117,61824.2049,-515927.0967,-437386.0729,-454102.8918
241000,2347.3557,14306.614,61697.3762,-515929.2807,-437577.9348,-454231.9045
242000,2392.335,14293.5749,62353.9388,-515883.9946,-436844.1459,-453530.0558
243000,2381.8199,14314.4227,61748.1764,-515776.63,-437332.211,-454028.4536
244000,2394.749,14297.0253,61748.0616,-515586.9267,-437147.0908,-453838.8651
245000,2385.3442,14360.9511,61861.1745,-516320.4164,-437712.94659999997,-454459.24189999996
246000,2362.2737,14296.489,61977.1955,-516209.2444,-437573.28620000003,-454232.04890000005
247000,2374.9479,14273.7238,61571.0489,-515661.6417,-437441.9211,-454090.5928
248000,2403.152,14286.6551,61761.5317,-516084.4425,-437633.1037,-454322.9108
249000,2379.1881,14297.3471,61909.4144,-515999.3318,-437413.3822,-454089.9174
250000,2393.3944,14203.9268,62351.0746,-517075.5839,-438127.1881,-454724.50930000003
251000,2379.2463,14314.1563,61860.3992,-516262.1195,-437708.31769999996,-454401.7203
252000,2364.6936,14191.8404,62076.2725,-516695.5462,-438062.7397,-454619.27369999996
253000,2398.6648,14232.4697,62111.6053,-516343.4511,-437600.71129999997,-454231.8458
254000,2404.6435,14251.6269,62169.5111,-516123.4316,-437297.65009999997,-453953.9205
255000,2407.1169,14346.0054,61928.0573,-516074.8895,-437393.7099,-454146.8322
256000,2347.6692,14246.377,61811.8701,-515507.8284,-437101.9121,-453695.9583
257000,2380.9977,14258.7753,61857.0885,-516151.3178,-437654.4563,-454294.2293
258000,2369.4515,14208.691,62327.4103,-516367.4081,-437461.8553,-454039.9978
259000,2363.127,14246.7541,62130.9974,-515938.2625,-437197.384,-453807.2651
260000,2401.4633,14313.6608,62343.1452,-517315.7606,-438257.4913,-454972.6154
261000,2351.756,14249.7172,62183.4786,-516060.8756,-437275.9238,-453877.397
262000,2350.5195,14238.5827,61984.3519,-515767.2002,-437193.7461,-453782.8483
263000,2398.0564,14276.9231,61785.1857,-516203.1462,-437742.981,-454417.96050000004
264000,2408.3047,14333.2145,61582.5237,-515574.9779,-437250.935,-453992.4542
265000,2382.2133,14299.6114,62441.8921,-516602.0897,-437478.3729,-454160.1976
266000,2392.2683,14260.7558,62172.4887,-517105.8122,-438280.2994,-454933.3235
267000,2358.3401,14196.5523,62149.8366,-516713.7284,-438008.99940000003,-454563.89180000004
268000,2400.6442,14328.5098,62161.2166,-516597.8664,-437707.49580000003,-454436.6498
269000,2375.0969,14249.5064,62092.7117,-516918.9263,-438201.6113,-454826.2146
270000,2372.3629,14242.1728,61750.5608,-516077.1949,-437712.0984,-454326.6341
271000,2377.627,14369.151,61971.838,-516099.8582,-437381.2422,-454128.0202
272000,2378.7701,14224.3786,62403.4208,-516787.5081,-437780.9386,-454384.08729999996
273000,2390.7271,14320.4839,61414.5382,-515583.2676,-437457.5184,-454168.7294
274000,2400.4973,14339.9086,61995.4319,-516037.6695,-437301.8317,-454042.2376
275000,2388.6371,14351.2779,61727.9827,-516606.935,-438139.03729999997,-454878.9523
276000,2376.72,14358.7131,62176.8608,-516677.8522,-437765.55830000003,-454500.9914
277000,2392.3928,14296.8551,61788.5446,-515909.8398,-437432.0473,-454121.2952
278000,2404.4588,14357.2351,61866.7489,-515914.4325,-437285.98970000003,-454047.6836
279000,2383.7009,14269.6984,62544.2496,-516538.5172,-437340.8683,-453994.2676
280000,2416.6654,14359.0055,62471.1043,-516906.1391,-437659.3639,-454435.03479999996
281000,2409.8305,14378.7241,61878.2736,-515277.7144,-436610.8862,-453399.4408
282000,2430.8748,14194.353,62461.22,-516158.7395,-437072.29170000006,-453697.51950000005
283000,2366.6804,14304.4716,61506.7063,-515669.6238,-437491.7655,-454162.9175
284000,2388.9153,14331.7674,61651.2216,-515663.0956,-437291.1913,-454011.874
285000,2412.0051,14266.7526,61700.8511,-516083.6001,-437703.9913,-454382.74899999995
286000,2378.2181,14262.3954,61969.9687,-516121.8605,-437511.2783,-454151.8918
287000,2427.7443,14309.3278,61499.7421,-516268.6223,-438031.8081,-454768.8802
288000,2365.8831,14303.9493,61584.7674,-515178.4476,-436923.8478,-453593.6802
289000,2382.2579,14330.8564,61298.8969,-515413.9159,-437401.9047,-454115.01900000003
290000,2368.6592,14316.9269,62594.5021,-517095.8566,-437815.7684,-454501.3545
291000,2393.9827,14354.983,61859.7671,-515982.4869,-437373.7541,-454122.7198
292000,2383.9074,14301.632,61861.3888,-516510.4781,-437963.5499,-454649.0893
293000,2406.5364,14317.2695,61748.9056,-516001.8101,-437529.0986,-454252.9045
294000,2383.7758,14261.7688,62325.0606,-516148.2219,-437177.6167,-453823.16130000004
295000,2372.5643,14189.1778,61631.7827,-515152.8628,-436959.338,-453521.0801
296000,2396.9744,14213.4551,61380.4075,-515851.5836,-437860.7466,-454471.17610000004
297000,2409.7197,14356.4143,61585.945,-515974.4059,-437622.3269,-454388.4609
298000,2393.706,14310.7165,62168.3523,-516635.2166,-437762.4418,-454466.8643
299000,2374.9166,14330.7261,61845.241,-516465.9597,-437915.076,-454620.7187
300000,2392.5457,14321.4421,62004.5901,-516610.6159,-437892.03799999994,-454606.02579999994
301000,2403.5237,14259.0099,61720.0934,-515852.4467,-437469.8197,-454132.35329999996
302000,2395.2934,14326.3301,62028.2993,-516131.5865,-437381.6637,-454103.28719999996
303000,2381.5241,14309.1487,61740.0377,-516424.6922,-437993.9817,-454684.6545
304000,2397.2006,14306.6627,61750.6048,-515252.6613,-436798.1932,-453502.05649999995
305000,2369.0935,14216.5647,62367.9113,-515953.6601,-437000.0906,-453585.7488
306000,2442.3666,14229.92,62490.4824,-516515.7937,-437353.02469999995,-454025.3113
307000,2422.6548,14370.0593,61734.8749,-515596.8805,-437069.29150000005,-453862.00560000003
308000,2385.1759,14251.7336,62192.8497,-516639.9064,-437810.1472,-454447.05669999996
309000,2379.3757,14318.1744,62065.4767,-516543.7037,-437780.6769,-454478.227
310000,2387.4675,14330.881,62173.5008,-516127.2375,-437235.3882,-453953.7367
311000,2379.4053,14168.9773,62070.9578,-516152.9155,-437533.5751,-454081.9577
312000,2430.6517,14345.9855,62121.5208,-516236.2557,-437338.0977,-454114.7349
313000,2384.2822,14192.3331,61851.3068,-515999.0034,-437571.08129999996,-454147.69659999997
314000,2381.253,14205.5917,61926.878,-516392.9903,-437879.2676,-454466.11230000004
315000,2384.1444,14344.2396,62201.851,-515970.0032,-437039.7682,-453768.15219999995
316000,2344.4903,14174.3121,62279.4935,-516835.1464,-438036.85050000006,-454555.65290000004
317000,2378.5982,14378.0429,61960.6318,-515950.3678,-437233.0949,-453989.73600000003
318000,2380.2573,14158.0238,61656.5625,-515138.177,-436943.3334,-453481.6145
319000,2370.6192,14210.3449,62554.2266,-517118.652,-437983.46129999997,-454564.4254
320000,2395.6827,14197.2673,61978.4815,-516132.9051,-437561.47359999997,-454154.4236
321000,2372.9049,14115.9148,61934.071,-515051.9477,-436629.05700000003,-453117.8767
322000,2424.6483,14280.1978,61987.1216,-515944.0297,-437252.06200000003,-453956.9081
323000,2389.6546,14325.2426,61745.0332,-516034.6397,-437574.7093,-454289.6065
324000,2375.1067,14136.8922,61634.4483,-515816.3652,-437669.918,-454181.9169
325000,2388.4566,14282.6205,61971.7873,-516642.0128,-437999.1484,-454670.2255
326000,2330.4599,14214.6753,61720.1833,-515862.6703,-437597.3518,-454142.487
327000,2382.3296,14355.0951,61767.6744,-516102.1685,-437597.06940000004,-454334.4941
328000,2416.4726,14253.7095,61871.9237,-516649.7865,-438107.68069999997,-454777.8628
329000,2380.1824,14254.6603,62067.3846,-516747.6201,-438045.39280000003,-454680.2355
330000,2362.4576,14264.4644,62407.3196,-517570.7937,-438536.5521,-455163.4741
331000,2395.2839,14289.6627,61962.7719,-516248.0504,-437600.3319,-454285.2785
332000,2343.7064,14156.5909,62410.686,-516484.1512,-437573.1679,-454073.46520000004
333000,2367.2227,14237.1954,61910.8523,-515979.2774,-437464.00700000004,-454068.4251
334000,2393.3244,14365.6087,62211.0278,-516628.9032,-437658.9423,-454417.8754
335000,2405.172,14283.9825,62130.9084,-516232.2097,-437412.1468,-454101.3013
336000,2399.3567,14352.4104,61642.5338,-515381.6676,-436987.3667,-453739.1338
337000,2409.6818,14331.4328,61999.7587,-516302.1411,-437561.26780000003,-454302.3824
338000,2404.955,14382.3041,61995.7905,-516184.8235,-437401.77390000003,-454189.033
339000,2415.2751,14209.3416,62044.4547,-515413.8998,-436744.8284,-453369.4451
340000,2423.8689,14226.581,61763.728,-515225.9518,-436811.7739,-453462.2238
341000,2405.2042,14343.3944,62075.8632,-516425.8123,-437601.3505,-454349.94909999997
342000,2372.9801,14316.7204,62005.55,-516226.1354,-437530.88490000006,-454220.58540000004
343000,2412.3588,14436.6721,62485.6993,-516782.28,-437447.54980000004,-454296.58070000005
344000,2408.8347,14359.3786,61934.523,-516095.7003,-437392.96400000004,-454161.17730000004
345000,2379.055,14258.8634,61579.6025,-515361.3215,-437143.8006,-453781.71900000004
346000,2358.209,14275.9252,61710.4923,-515799.5607,-437454.93419999996,-454089.0684
347000,2394.6734,14351.3606,61858.9632,-516205.4708,-437600.4736,-454346.5076
348000,2405.4332,14314.285,62231.0011,-516274.7701,-437324.0508,-454043.76900000003
349000,2363.3656,14288.3969,62170.5716,-515898.6212,-437076.28709999996,-453728.04959999997
350000,2392.2432,14275.5508,61633.1077,-515484.1446,-437183.2429,-453851.0369
351000,2342.1252,14281.5038,62121.9502,-516307.1225,-437561.5433,-454185.1723
352000,2390.7429,14313.5559,62295.3721,-516298.7825,-437299.11159999995,-454003.4104
353000,2410.3591,14298.2152,61972.8963,-516144.2701,-437462.7995,-454171.3738
354000,2382.1109,14252.65,62015.2627,-516317.7995,-437667.7759,-454302.5368
355000,2380.7103,14132.8637,61528.3821,-515713.4318,-437671.4757,-454185.04970000003
356000,2391.3194,14278.4988,62400.9964,-516676.5895,-437605.7749,-454275.5931
357000,2378.0248,14288.2546,61725.6733,-515935.859,-437543.90630000003,-454210.1857
358000,2407.3177,14365.2111,61751.0127,-516346.364,-437822.8225,-454595.3513
359000,2392.0538,14288.884,62344.3651,-516425.9034,-437400.6005,-454081.5383
360000,2356.7214,14298.1606,61449.5562,-515292.4533,-437188.01509999996,-453842.8971
361000,2398.607,14347.8972,62150.6442,-516083.3825,-437186.2341,-453932.7383
362000,2385.7031,14396.0121,61170.8527,-515036.1857,-437083.6178,-453865.333
363000,2374.5168,14378.277,61866.6432,-515846.5414,-437227.10439999995,-453979.8982
364000,2423.6704,14299.6588,61762.3494,-515380.1016,-436894.423,-453617.7522
365000,2388.2379,14367.9372,62507.352,-516969.6209,-437706.0938,-454462.26889999997
366000,2372.0599,14383.3607,61350.9126,-515670.0943,-437563.7611,-454319.1817
367000,2365.6984,14310.3907,61865.0589,-516148.7693,-437607.6213,-454283.7104
368000,2382.7745,14230.7672,62018.4075,-516103.3611,-437471.41189999995,-454084.9536
369000,2417.7603,14368.0329,61401.011,-515572.7249,-437385.92069999996,-454171.7139
370000,2406.5147,14313.9276,62660.8463,-517299.815,-437918.5264,-454638.9687
371000,2398.8625,14352.8467,62083.8607,-516095.3398,-437259.7699,-454011.4791
372000,2366.6473,14323.994,62147.0953,-516641.2046,-437803.468,-454494.1093
373000,2395.7517,14384.716,62000.4591,-516162.1663,-437381.23949999997,-454161.7072
374000,2391.7441,14438.9498,61957.0882,-517007.3689,-438219.5868,-455050.2807
375000,2393.6139,14336.2822,62236.3917,-516562.9999,-437596.7121,-454326.6082
376000,2391.9363,14372.1261,62132.8078,-516396.2357,-437499.3655,-454263.4279
377000,2389.0959,14307.275,61958.753,-516282.4181,-437627.2942,-454323.6651
378000,2377.7553,14274.4487,61828.3584,-515890.7607,-437410.1983,-454062.40229999996
379000,2424.0666,14355.2455,62152.2003,-516793.3895,-437861.8771,-454641.1892
380000,2407.1651,14361.0432,62631.6264,-517714.1355,-438314.30079999997,-455082.50909999997
381000,2394.4409,14331.571,61865.8833,-516483.076,-437891.1808,-454617.1927
382000,2389.5052,14310.2203,61789.2401,-516613.9841,-438125.0185,-454824.744
383000,2402.4074,14295.3399,61745.912,-516093.6282,-437649.9689,-454347.71619999997
384000,2379.6231,14355.9495,62335.627,-517064.5275,-437993.32790000003,-454728.90050000005
385000,2401.7892,14349.7658,61745.2482,-516183.4639,-437686.6607,-454438.21569999994
386000,2374.6089,14337.2941,62178.7515,-517324.11,-438433.4555,-455145.3585
387000,2421.4975,14324.7577,61908.4651,-516168.64,-437513.9197,-454260.1749
388000,2401.6512,14286.6278,62176.4785,-516809.7763,-437945.0188,-454633.29780000006
389000,2363.8407,14132.4759,61160.9019,-515251.6086,-437594.39009999996,-454090.7067
390000,2382.1842,14230.0675,61851.506,-516133.0697,-437669.312,-454281.5637
391000,2403.9181,14274.0078,62214.9158,-516611.7765,-437718.9348,-454396.86069999996
392000,2380.0492,14346.2227,61997.9035,-516534.1442,-437809.9688,-454536.24069999997
393000,2379.7473,14424.4878,62377.3981,-517361.3325,-438179.69930000004,-454983.9344
394000,2381.3603,14424.3844,61865.2615,-515742.2049,-437071.1987,-453876.9434
395000,2395.5453,14308.8796,62197.2862,-516509.7475,-437608.0364,-454312.46129999997
396000,2397.2,14324.8773,62172.3831,-516146.3338,-437251.87340000004,-453973.95070000004
397000,2393.867,14376.9519,62064.665,-516835.6631,-438000.1792,-454770.9981
398000,2382.0098,14350.9451,61872.3047,-516100.481,-437495.22140000004,-454228.17630000005
399000,2368.9748,14264.796,62065.8293,-516560.7311,-437861.131,-454494.9018
400000,2367.6897,14240.7603,61712.3405,-515807.215,-437486.4245,-454094.87450000003
401000,2339.6098,14319.5292,62099.9777,-516638.5536,-437879.4369,-454538.5759
402000,2379.0723,14396.2147,62448.3134,-516948.7317,-437725.1313,-454500.4183
403000,2410.7393,14347.8295,61797.3921,-515700.5694,-437144.6085,-453903.1773
404000,2390.3343,14291.6849,62307.021,-516925.5752,-437936.53500000003,-454618.5542
405000,2417.5844,14425.8648,62245.6383,-516799.1454,-437710.0579,-454553.5071
406000,2392.5908,14335.6758,61768.6278,-515663.3314,-437166.43700000003,-453894.7036
407000,2343.9933,14270.7633,62061.4413,-515576.78,-436900.5821,-453515.3387
408000,2370.4811,14274.5584,62120.964,-515752.6798,-436986.6763,-453631.7158
409000,2377.3791,14247.3021,61619.2666,-515987.8863,-437743.93850000005,-454368.61970000004
410000,2367.3219,14291.2404,61863.1671,-515988.2316,-437466.5022,-454125.0645
411000,2395.1587,14363.3532,61781.4536,-515357.3299,-436817.3644,-453575.8763
412000,2363.7738,14270.2389,61707.9433,-515413.532,-437071.576,-453705.5887
413000,2412.7937,14295.6233,61876.1585,-515903.0816,-437318.5061,-454026.92309999996
414000,2386.7056,14245.5261,61612.2001,-515582.1141,-437337.6823,-453969.914
415000,2408.8526,14367.046,62215.4575,-516289.2887,-437297.93259999994,-454073.83119999996
416000,2428.5938,14330.6261,61407.836,-515660.7069,-437493.65099999995,-454252.8709
417000,2393.9962,14215.2323,61771.7245,-514724.329,-436343.37600000005,-452952.6045
418000,2375.4532,14244.1897,62151.7107,-516153.3958,-437382.0422,-454001.6851
419000,2390.3323,14289.5069,61879.9751,-516366.2575,-437806.4432,-454486.2824
420000,2371.822,14299.4542,62372.0828,-516729.8708,-437686.5118,-454357.788
421000,2395.4569,14364.962,62293.0643,-516358.5111,-437305.0279,-454065.44680000003
422000,2408.6458,14327.7041,62038.6359,-516107.1344,-437332.14859999996,-454068.4985
423000,2398.1267,14204.1674,61631.139,-516100.9166,-437867.4835,-454469.7776
424000,2371.7579,14184.3295,61770.1301,-516204.68,-437878.4625,-454434.5499
425000,2358.3722,14302.9613,61774.542,-516192.3218,-437756.44629999995,-454417.77979999996
426000,2390.4953,14270.867,62158.6047,-516381.3211,-437561.3541,-454222.7164
427000,2365.8413,14286.3799,62145.8827,-516665.1452,-437867.04130000004,-454519.2625
428000,2381.6705,14342.9726,61594.8204,-515580.9116,-437261.4481,-453986.0912
429000,2383.7258,14333.9253,61655.3561,-515710.6819,-437337.67470000003,-454055.32580000005
430000,2411.3442,14335.8511,61888.7955,-516167.3719,-437531.3811,-454278.5764
431000,2400.2213,14356.2123,61494.0518,-515296.4923,-437046.0069,-453802.44049999997
432000,2374.715,14347.5227,62477.1205,-516604.5068,-437405.14859999996,-454127.38629999995
433000,2378.2931,14297.8446,61986.6958,-515965.9293,-437303.0958,-453979.23350000003
434000,2378.0178,14345.048,61943.242,-515683.2131,-437016.9053,-453739.97109999997
435000,2366.9812,14215.4914,62154.4613,-516910.7277,-438173.7938,-454756.26639999996
436000,2391.4466,14319.1569,62338.9168,-517251.4566,-438201.93629999994,-454912.53979999997
437000,2366.1083,14312.257,62483.4804,-517289.0518,-438127.2061,-454805.5714
438000,2363.4488,14294.3041,62159.358,-516586.0932,-437768.98230000003,-454426.7352
439000,2387.3614,14368.7446,61709.3906,-516062.9103,-437597.4137,-454353.5197
440000,2385.9103,14309.6514,62616.0223,-517205.0969,-437893.5129,-454589.0746
441000,2429.6388,14345.5588,62208.581,-516396.1559,-437412.37730000005,-454187.5749
442000,2388.4095,14267.249,62458.3798,-516153.9016,-437039.86329999997,-453695.5218
443000,2362.4043,14348.2209,62077.193,-516464.4592,-437676.64099999995,-454387.26619999995
444000,2409.8144,14336.1523,61939.4492,-515798.2367,-437112.8208,-453858.7875
445000,2398.3131,14408.6075,61757.4326,-515737.347,-437172.9938,-453979.9144
446000,2349.1183,14277.3798,62446.2267,-516017.9168,-436945.19200000004,-453571.6901
447000,2414.4335,14396.4297,61944.307,-516268.7792,-437513.609,-454324.47219999996
448000,2406.662,14349.8069,62053.9593,-516338.9255,-437528.49730000005,-454284.9662
449000,2421.7021,14264.7752,61740.1397,-515933.2232,-437506.60620000004,-454193.0835
450000,2380.8414,14309.6928,61970.5414,-515497.6686,-436836.593,-453527.1272
451000,2392.6451,14398.1077,62573.141,-516916.6604,-437552.7666,-454343.5194
452000,2376.6461,14283.0269,62040.6312,-515875.9131,-437175.6089,-453835.2819
453000,2414.2464,14411.6143,61898.5264,-516310.4942,-437586.1071,-454411.9678
454000,2380.7027,14345.7654,62014.7358,-516088.72,-437347.5161,-454073.98419999995
455000,2362.475,14319.4682,61742.236,-516000.61,-437576.4308,-454258.374
456000,2410.1206,14326.4128,61826.8336,-515890.4521,-437327.0851,-454063.6185
457000,2367.3209,14283.1805,61976.3583,-515791.8752,-437165.0155,-453815.5169
458000,2372.9988,14312.6698,61891.1536,-515979.4423,-437402.6201,-454088.2887
459000,2394.0658,14239.4921,61567.7863,-515843.5425,-437642.1983,-454275.7562
460000,2390.995,14333.7431,62066.6023,-516841.2264,-438049.886,-454774.6241
461000,2404.303,14266.8967,62054.3088,-516181.8359,-437456.3274,-454127.5271
462000,2417.8663,14301.4105,61652.5569,-515632.3988,-437260.5651,-453979.8419
463000,2395.2904,14368.9732,61842.2832,-515636.5633,-437030.01649999997,-453794.2801
464000,2356.9062,14348.1277,61854.3276,-516320.0624,-437760.7009,-454465.7348
465000,2402.8549,14361.8895,62426.7913,-517536.2679,-438344.73219999997,-455109.4766
466000,2352.8772,14297.832,62203.514,-516870.03,-438015.8068,-454666.516
467000,2402.1503,14326.5599,62244.681,-516878.0331,-437904.6419,-454633.3521
468000,2398.7039,14317.9922,62314.9356,-516646.9638,-437615.3321,-454332.02820000006
469000,2404.5474,14329.1836,61659.2362,-516316.887,-437923.9198,-454657.6508
470000,2396.4368,14354.5168,61820.1272,-515975.1505,-437404.0697,-454155.0233
471000,2352.887,14307.8473,62055.6441,-516366.0358,-437649.6574,-454310.39170000004
472000,2412.2294,14387.8078,61650.0151,-515915.3065,-437465.2542,-454265.2914
473000,2401.7324,14254.8428,62068.86,-516287.0528,-437561.6176,-454218.1928
474000,2347.3675,14287.6492,62062.6139,-516636.5444,-437938.9138,-454573.9305
475000,2401.342,14359.4133,62329.1537,-516113.2203,-437023.3113,-453784.06659999996
476000,2374.861,14230.324,62137.648,-515314.8236,-436571.9906,-453177.1756
477000,2412.9783,14263.6447,62170.314,-515998.7159,-437151.77890000003,-453828.4019
478000,2402.879,14266.2526,62028.4345,-516102.7589,-437405.1928,-454074.32440000004
479000,2375.1294,14313.8647,62047.4462,-515687.8612,-436951.42089999997,-453640.415
480000,2374.6382,14328.2109,62033.2921,-515894.5021,-437158.36089999997,-453861.20999999996
481000,2379.5721,14328.4636,62078.5202,-516398.2774,-437611.7215,-454319.7572
482000,2395.3916,14343.0284,61939.7465,-515640.2771,-436962.1106,-453700.5306
483000,2403.772,14258.2372,61717.5402,-515687.1639,-437307.61449999997,-453969.6237
484000,2395.0902,14265.8225,62280.4388,-516174.9632,-437233.6117,-453894.5244
485000,2395.2153,14377.942,61779.1334,-515691.0495,-437138.7588,-453911.91610000003
486000,2376.2441,14220.0129,61564.141,-515159.0061,-436998.6081,-453594.8651
487000,2377.1301,14276.1905,62017.7558,-515879.245,-437208.1686,-453861.4892
488000,2377.6427,14350.4615,61495.2168,-515536.7213,-437313.4003,-454041.5045
489000,2382.491,14317.2396,61788.656,-515881.1849,-437392.7983,-454092.5289
490000,2392.428,14291.451,61783.3076,-515960.9662,-437493.7796,-454177.6586
491000,2391.4758,14418.3796,62372.1097,-516243.0869,-437061.12179999996,-453870.97719999996
492000,2405.2794,14279.918,62126.8621,-516309.1551,-437497.0956,-454182.29299999995
493000,2388.6052,14365.6573,61948.6176,-516445.5026,-437742.6225,-454496.885
494000,2427.4905,14289.1493,61697.7182,-516390.1267,-437975.7687,-454692.4085
495000,2393.4183,14365.1209,61911.2059,-516142.259,-437472.5139,-454231.0531
496000,2338.8841,14256.9472,62259.6821,-516472.8932,-437617.3798,-454213.2111
497000,2369.5125,14363.7343,61910.35,-516151.8511,-437508.25430000003,-454241.50110000005
498000,2406.6858,14416.027,62063.8703,-516195.8283,-437309.2452,-454131.958
499000,2363.2352,14292.976,61820.0043,-515795.791,-437319.57550000004,-453975.78670000006
500000,2400.9758,14318.856,62232.3901,-516143.1034,-437190.8815,-453910.7133
501000,2410.8352,14358.254,62156.4474,-516424.8634,-437499.3268,-454268.41599999997
502000,2378.785,14305.5576,61939.6965,-516542.0921,-437918.053,-454602.3956
503000,2357.9634,14281.0632,61505.6975,-515360.4804,-437215.7563,-453854.7829
504000,2378.7033,14341.8802,62034.9713,-516591.6174,-437836.0626,-454556.6461
505000,2385.9275,14284.4278,61917.7667,-515879.6235,-437291.5015,-453961.8568
506000,2401.025,14309.7738,62266.1745,-516867.2889,-437890.3156,-454601.11439999996
507000,2398.8162,14340.9955,62412.5829,-516691.9179,-437539.5233,-454279.335
508000,2359.1413,14221.3533,62437.992,-517302.6517,-438284.1651,-454864.65969999996
509000,2367.5706,14261.8628,61516.7343,-515441.4322,-437295.2645,-453924.69789999997
510000,2384.7196,14183.6566,62155.6973,-516628.1675,-437904.094,-454472.4702
511000,2374.1719,14199.173,62241.0482,-516672.1759,-437857.7828,-454431.12769999995
512000,2361.1256,14215.3519,61818.603,-516112.1252,-437717.04469999997,-454293.5222
513000,2350.4186,14298.7859,61447.4087,-515474.0041,-437377.3909,-454026.5954
514000,2379.5361,14300.0538,61921.2589,-515682.8885,-437082.03969999996,-453761.6296
515000,2346.6536,14401.3706,61950.4621,-516471.239,-437772.7527,-454520.7769
516000,2371.1389,14341.9361,62179.9618,-516269.6177,-437376.5809,-454089.6559
517000,2362.9917,14227.1682,61911.7228,-516162.8908,-437661.0081,-454251.168
518000,2387.7303,14271.1729,61606.0807,-515742.2421,-437477.2582,-454136.1614
519000,2402.554,14295.9758,61974.415,-516004.5592,-437331.6144,-454030.14420000004
520000,2376.3237,14355.0094,62340.081,-516798.803,-437727.3889,-454458.722
521000,2377.573,14246.1796,62081.1175,-517010.5407,-438305.6706,-454929.4232
522000,2387.1569,14316.1851,61720.6867,-515514.8857,-437090.85699999996,-453794.19899999996
523000,2369.3385,14244.0578,62044.7986,-515501.6624,-436843.46749999997,-453456.8638
524000,2403.8673,14267.4404,62035.514,-515880.217,-437173.3953,-453844.703
525000,2386.3465,14243.6997,61729.7387,-515677.7839,-437317.99899999995,-453948.0452
526000,2361.5119,14348.0374,62115.2778,-516175.6244,-437350.7973,-454060.3466
527000,2382.8135,14245.0633,61708.6618,-515897.53,-437560.99140000006,-454188.8682
528000,2378.0897,14354.5977,62361.9263,-516692.0695,-437597.4558,-454330.1432
529000,2368.4062,14286.984,61969.6284,-515940.6116,-437315.593,-453970.9832
530000,2377.7627,14237.2592,62234.5847,-516375.6797,-437526.0731,-454141.095
531000,2394.8137,14364.6297,61902.2042,-516413.8109,-437752.1633,-454511.6067
532000,2379.4102,14284.6858,62184.0504,-516040.2189,-437192.0725,-453856.16849999997
533000,2397.7793,14356.5744,62359.4937,-516380.168,-437266.3206,-454020.6743
534000,2379.5304,14190.7929,61750.2682,-515714.2751,-437393.68360000005,-453964.00690000004
535000,2411.568,14346.1538,62186.2327,-516918.9253,-437974.9708,-454732.6926
536000,2406.2721,14245.7626,61657.9056,-515632.8483,-437322.908,-453974.9427
537000,2377.5357,14313.7093,61793.5595,-515729.2859,-437244.48140000005,-453935.72640000004
538000,2391.0544,14239.3246,62278.7554,-517177.6986,-438268.5642,-454898.9432
539000,2359.5769,14323.2722,62154.4141,-516584.8886,-437747.6254,-454430.4745
540000,2392.5066,14260.6853,61492.7928,-515383.7686,-437237.78390000004,-453890.9758
541000,2371.2346,14287.0372,62355.9936,-516820.0548,-437805.7894,-454464.0612
542000,2386.063,14352.6747,62192.4443,-516382.4991,-437451.3171,-454190.05480000004
543000,2364.9612,14357.0106,61671.5781,-515814.9112,-437421.3613,-454143.3331
544000,2366.7505,14255.3785,61757.022,-515624.6146,-437245.46359999996,-453867.5926
545000,2351.2881,14287.7233,61703.7074,-515424.6602,-437081.9414,-453720.95279999997
546000,2373.7347,14263.2742,61991.8304,-516532.1371,-437903.2978,-454540.3067
547000,2383.892,14264.1428,61785.4035,-516245.5769,-437812.13859999995,-454460.17339999997
548000,2371.4717,14349.2604,61243.2691,-515273.8345,-437309.8333,-454030.5654
549000,2423.6334,14341.6931,61748.2857,-515490.9605,-436977.34829999995,-453742.6748
550000,2369.4619,14273.8169,61856.0932,-515448.618,-436949.24600000004,-453592.5248
551000,2413.307,14347.0698,62145.5947,-516660.1594,-437754.1879,-454514.5647
552000,2366.5883,14250.1502,62071.1328,-517136.1626,-438448.2913,-455065.02979999996
553000,2394.1973,14466.6254,61604.8071,-516262.886,-437797.2562,-454658.0789
554000,2391.4468,14266.8271,62577.6322,-517272.108,-438036.2019,-454694.4758
555000,2352.1169,14272.2254,62433.7466,-516388.0849,-437329.99600000004,-453954.3383
556000,2391.5978,14418.3486,62175.4045,-516741.7292,-437756.3783,-454566.3247
557000,2393.8569,14389.6947,61871.0871,-516169.2224,-437514.5837,-454298.1353
558000,2383.1195,14453.7561,61827.6809,-515718.7759,-437054.2194,-453891.09500000003
559000,2399.3189,14399.214,62032.7763,-516147.2986,-437315.98939999996,-454114.52229999995
560000,2408.6884,14370.277,61931.6861,-515683.0756,-436972.42409999995,-453751.3895
561000,2384.7248,14326.5577,62009.2987,-516493.1838,-437772.6026,-454483.8851
562000,2356.6411,14334.6254,61719.3693,-515591.9952,-437181.3594,-453872.6259
563000,2395.3283,14379.3403,61868.4153,-515826.1099,-437183.02599999995,-453957.6946
564000,2378.8939,14309.9595,62179.4489,-515631.0452,-436762.74289999995,-453451.5963
565000,2409.2666,14270.3334,61793.1835,-516152.8836,-437680.10010000004,-454359.7001
566000,2364.5696,14281.5749,62687.2342,-516990.6888,-437657.3101,-454303.4546
567000,2386.6574,14362.057,61788.4345,-516557.9604,-438020.81149999995,-454769.5259
568000,2387.7015,14335.4775,62133.2669,-516550.5238,-437694.07790000003,-454417.25690000004
569000,2377.7187,14276.9345,62256.5129,-517031.0518,-438119.8857,-454774.53890000004
570000,2389.0525,14233.1007,62305.0894,-516656.7519,-437729.5093,-454351.6625
571000,2387.9634,14255.625,61743.1151,-515901.8967,-437515.1932,-454158.7816
572000,2406.3647,14349.6272,62185.2698,-517109.8361,-438168.57440000004,-454924.5663
573000,2377.2105,14363.9945,62104.5605,-516737.625,-437891.8595,-454633.0645
574000,2375.2629,14350.4726,62292.1258,-516704.2573,-437686.396,-454412.1315
575000,2391.043,14341.3243,61645.6529,-515903.8525,-437525.8323,-454258.1996
576000,2371.8943,14332.4233,62247.7061,-516663.5853,-437711.56159999996,-454415.87919999997
577000,2386.3044,14306.2612,62016.628,-516192.2041,-437483.0105,-454175.57609999995
578000,2377.4129,14334.8398,62436.5309,-516645.37,-437496.58640000003,-454208.8391
579000,2351.6808,14284.1539,62128.3904,-516784.4956,-438020.27050000004,-454656.10520000005
580000,2373.3389,14295.5296,61462.8794,-515232.6182,-437100.8703,-453769.73880000005
581000,2371.9196,14306.1638,61994.505,-516129.5043,-437456.91589999996,-454134.99929999997
582000,2386.0455,14432.3841,62390.4055,-516438.3152,-437229.48010000004,-454047.9097
583000,2382.9225,14303.9583,61610.5289,-515487.419,-437190.00930000003,-453876.8901
584000,2423.3829,14296.9691,62262.193,-516662.9094,-437680.3644,-454400.71640000003
585000,2369.2931,14357.4796,61929.968,-516214.9529,-437558.21219999995,-454284.9849
586000,2388.9187,14295.4608,61966.9743,-516293.0107,-437641.65689999994,-454326.0364
587000,2385.3509,14386.063,62116.6986,-516671.8585,-437783.746,-454555.15989999997
588000,2383.4598,14380.5431,62353.5494,-516304.7197,-437187.16740000003,-453951.1703
589000,2376.5596,14383.006,61641.1702,-515843.7387,-437443.00289999996,-454202.5685
590000,2375.4547,14247.7698,61874.8886,-515855.6052,-437357.4921,-453980.7166
591000,2403.8063,14354.1408,62508.0307,-517213.2297,-437947.25190000003,-454705.199
592000,2386.3366,14215.8745,61862.0216,-515880.0145,-437415.7818,-454017.9929
593000,2338.9761,14361.6627,62063.3092,-516202.5807,-437438.63269999996,-454139.2715
594000,2389.2573,14258.7098,61757.6828,-515590.4178,-437184.7679,-453832.735
595000,2376.0012,14342.6352,62616.7941,-516963.7972,-437628.36669999996,-454347.0031
596000,2408.4729,14279.205,61501.0677,-515616.5742,-437427.8286,-454115.50649999996
597000,2405.8826,14329.55,62363.8552,-516434.2221,-437334.9343,-454070.3669
598000,2424.6764,14329.8435,61464.6516,-515625.3289,-437406.1574,-454160.67730000004
599000,2374.2295,14299.4513,62324.9772,-516969.677,-437971.01900000003,-454644.6998
600000,2403.4934,14417.1609,62363.3821,-516905.5916,-437721.55519999994,-454542.2095
601000,2362.5732,14259.2085,62104.2361,-516493.8959,-437767.8781,-454389.6598
602000,2378.8147,14279.8846,62497.6221,-517281.6793,-438125.3579,-454784.05720000004
603000,2369.8053,14233.3605,61923.6448,-516106.2912,-437579.4806,-454182.64639999997
604000,2354.6423,14225.9675,62421.3654,-516414.7979,-437412.8227,-453993.4325
605000,2396.641,14289.6104,62331.1176,-516485.655,-437468.286,-454154.53740000003
606000,2356.6312,14264.7598,62332.0539,-516901.4834,-437948.0385,-454569.4295
607000,2387.1379,14329.7117,62605.1575,-517404.6072,-438082.60010000004,-454799.4497
608000,2349.344,14287.0007,61906.8076,-516587.8785,-438044.7262,-454681.0709
609000,2412.936,14321.6432,62065.1198,-516474.8661,-437675.16709999996,-454409.7463
610000,2375.914,14321.6732,62174.3215,-516317.8797,-437445.971,-454143.55819999997
611000,2369.9657,14302.1264,62519.6696,-517078.657,-437886.8953,-454558.9874
612000,2383.0629,14262.1487,61684.2187,-515518.776,-437189.3457,-453834.5573
613000,2420.1429,14396.4487,62100.4653,-516358.0857,-437441.0288,-454257.6204
614000,2400.4884,14235.698,61685.4636,-515928.8999,-437607.24990000005,-454243.4363
615000,2428.9413,14324.8482,62063.3187,-515971.0024,-437153.8942,-453907.6837
616000,2357.2612,14218.7502,61766.7236,-515973.9057,-437631.1707,-454207.1821
617000,2347.5319,14220.2471,62156.152,-516933.2086,-438209.27760000003,-454777.0566
618000,2395.9283,14286.9668,61575.3791,-515392.979,-437134.7048,-453817.5999
619000,2396.7662,14292.7961,62274.862,-516726.2379,-437761.8136,-454451.3759
620000,2397.6825,14337.7451,62323.8387,-516307.4686,-437248.2023,-453983.6299
621000,2397.3442,14335.3742,61731.1382,-516158.8359,-437694.9793,-454427.6977
622000,2373.895,14269.7887,62019.4191,-516808.6522,-438145.5494,-454789.2331
623000,2346.0146,14269.1973,62005.0335,-516187.3816,-437567.1362,-454182.3481
624000,2363.607,14284.039,62082.8734,-516448.8159,-437718.2965,-454365.9425
625000,2363.9266,14298.9947,62075.0759,-516642.5326,-437904.5354,-454567.4567
626000,2396.9084,14234.1516,62268.291,-516683.0103,-437783.65930000006,-454414.7193
627000,2338.3789,14314.5525,62191.9206,-516803.6781,-437958.8261,-454611.7575
628000,2359.6834,14321.4227,61562.3554,-515331.8713,-437088.4098,-453769.5159
629000,2376.9373,14230.7972,62370.1238,-516792.3248,-437814.4665,-454422.201
630000,2399.8571,14334.3812,61540.45,-515899.6482,-437624.9599,-454359.1982
631000,2414.1671,14372.0153,62082.6929,-516670.691,-437801.8157,-454587.99809999997
632000,2388.976,14367.3845,61952.4999,-516275.2198,-437566.3594,-454322.7199
633000,2389.5761,14248.1326,61809.6519,-516195.0931,-437747.7325,-454385.4412
634000,2383.3209,14252.5631,61489.4429,-515791.7224,-437666.39550000004,-454302.2795
635000,2386.868,14322.6727,61923.1743,-515956.115,-437323.4,-454032.9407
636000,2374.9673,14290.0087,61982.9408,-515805.3857,-437157.4689,-453822.4449
637000,2403.6628,14381.251,61855.5565,-516006.7831,-437366.3128,-454151.2266
638000,2398.0078,14281.6029,61626.4775,-516224.6207,-437918.53250000003,-454598.14320000005
639000,2386.6792,14312.956,62510.8727,-517049.6028,-437839.0949,-454538.7301
640000,2396.1892,14262.9876,62036.4253,-516529.1891,-437833.587,-454492.7638
641000,2392.0777,14292.4412,61598.7788,-515789.8697,-437506.572,-454191.09089999995
642000,2356.0292,14324.4502,62355.2226,-517187.9205,-438152.2185,-454832.6979
643000,2366.2214,14309.0102,62086.8386,-516311.5363,-437549.46609999996,-454224.69769999996
644000,2419.9837,14325.369,62509.1374,-517724.8781,-438470.388,-455215.74069999997
645000,2395.4966,14291.7863,62680.1514,-517671.3375,-438303.90320000006,-454991.18610000005
646000,2348.621,14268.6211,62217.4081,-516006.0142,-437171.36399999994,-453788.6061
647000,2396.4557,14310.2682,61922.0725,-516325.571,-437696.7746,-454403.4985
648000,2379.4784,14219.9714,63000.8175,-517109.1413,-437508.874,-454108.3238
649000,2336.3311,14317.9782,61684.518,-515428.6919,-437089.8646,-453744.1739
650000,2389.8121,14250.4658,61877.164,-515756.6044,-437239.1625,-453879.4404
651000,2372.3542,14329.2728,61757.7823,-515854.5036,-437395.0943,-454096.7213
652000,2383.7979,14275.5552,61728.5543,-515647.5178,-437259.6104,-453918.96349999995
653000,2403.7251,14350.2039,61989.5297,-516442.8932,-437699.4345,-454453.3635
654000,2392.772,14309.2868,61630.8386,-515384.5886,-437051.6912,-453753.75
655000,2340.4183,14178.7223,62056.6698,-516305.0126,-437729.2022,-454248.3428
656000,2375.4744,14304.1425,62066.7772,-516453.7019,-437707.30779999995,-454386.9247
657000,2351.9355,14177.8215,62011.8042,-515948.655,-437407.09380000003,-453936.8508
658000,2387.1014,14324.2428,61988.1787,-516765.2241,-438065.7012,-454777.0454
659000,2381.9967,14306.4152,61421.1059,-515472.7335,-437363.21569999994,-454051.62759999995
660000,2357.4207,14289.0915,61309.308,-514899.97,-436944.14979999996,-453590.66199999995
661000,2384.0374,14256.4484,61730.483,-516191.6292,-437820.66040000005,-454461.1462
662000,2378.4694,14294.3367,62859.7089,-517370.0618,-437837.5468,-454510.35290000006
663000,2416.4701,14276.6596,62013.4967,-516369.4894,-437662.863,-454355.9927
664000,2382.0807,14346.3868,62504.1394,-517610.8813,-438378.2744,-455106.7419
665000,2364.1236,14196.809,62056.1976,-516533.6255,-437916.4953,-454477.4279
666000,2350.1466,14238.8536,62264.0372,-516619.5656,-437766.52819999994,-454355.52839999995
667000,2358.7966,14234.2619,62466.7202,-517082.6971,-438022.91839999997,-454615.9769
668000,2378.5719,14273.2442,62291.8009,-516547.166,-437603.549,-454255.36510000005
669000,2361.1412,14300.4143,62214.3122,-516784.4911,-437908.6234,-454570.1789
670000,2341.6892,14303.6354,61955.6873,-515893.131,-437292.1191,-453937.4437
671000,2386.3299,14241.9983,61836.0252,-515856.0788,-437391.7254,-454020.05360000004
672000,2375.3193,14221.4228,61769.5342,-515828.8529,-437462.57660000003,-454059.3187
673000,2373.0883,14166.8281,61647.1386,-515421.1559,-437234.1009,-453774.0173
674000,2367.3435,14338.6454,62301.1136,-516516.9567,-437509.8542,-454215.8431
675000,2376.7807,14182.7376,61754.3074,-515756.4905,-437442.6648,-454002.1831
676000,2369.0546,14275.5071,62287.089,-516918.5983,-437986.9476,-454631.50930000003
677000,2362.4448,14321.3075,61990.338,-516337.6098,-437663.51949999994,-454347.2718
678000,2376.8832,14235.4919,61533.1168,-515592.5797,-437447.0878,-454059.4629
679000,2356.0516,14228.663,61942.1744,-515361.9292,-436835.04020000005,-453419.7548
680000,2369.0959,14333.7987,61466.9246,-514762.8169,-436592.99769999995,-453295.89229999995
681000,2346.5507,14183.9568,61577.4578,-515421.0973,-437313.13200000004,-453843.63950000005
682000,2374.6619,14300.0973,62068.7566,-515660.8413,-436917.3255,-453592.08469999995
683000,2383.3843,14313.875,62375.6034,-517123.4188,-438050.5561,-454747.81539999996
684000,2370.0197,14237.8039,62351.5489,-516500.0693,-437540.6968,-454148.5204
685000,2386.8322,14190.5719,62161.3109,-516751.0779,-438012.36289999995,-454589.767
686000,2369.1833,14293.0707,62277.985,-516745.3891,-437805.15009999997,-454467.4041
687000,2377.2525,14408.5315,62240.5812,-516610.7822,-437584.417,-454370.201
688000,2381.0597,14334.0264,61898.6277,-516052.9238,-437439.20999999996,-454154.2961
689000,2360.4346,14382.0301,62188.8629,-517084.0789,-438152.7513,-454895.216
690000,2378.9431,14376.1307,62234.4496,-516804.8079,-437815.2845,-454570.3583
691000,2394.8352,14233.3986,61818.8805,-515992.3033,-437545.189,-454173.42280000006
692000,2365.1776,14360.2853,62290.6982,-515975.9202,-436959.7591,-453685.222
693000,2361.6473,14213.036,61757.3291,-515663.5719,-437331.5595,-453906.2428
694000,2373.1042,14315.284,61768.6975,-515795.6689,-437338.5832,-454026.9714
695000,2396.1485,14274.7881,61742.0464,-515481.071,-437068.088,-453739.0246
696000,2372.1671,14230.3295,61823.3201,-515908.6106,-437482.79390000005,-454085.2905
697000,2404.3346,14348.7974,61901.3042,-515914.3025,-437259.8663,-454012.9983
698000,2345.7707,14372.7389,61606.6196,-515308.0682,-436982.939,-453701.4486
699000,2386.308,14169.7758,62011.9339,-515775.0518,-437207.03410000005,-453763.1179
700000,2385.3484,14246.9714,61900.2115,-516138.9681,-437606.4368,-454238.7566
701000,2385.2573,14351.0247,62272.5487,-516392.6466,-437383.8159,-454120.0979
702000,2389.1632,14317.6146,61435.8391,-515493.7604,-437351.1435,-454057.92130000005
703000,2388.6473,14286.4602,61441.4014,-515825.6822,-437709.17329999997,-454384.28079999995
704000,2381.8747,14275.9728,61485.8269,-515176.1233,-437032.44889999996,-453690.2964
705000,2407.4981,14420.5879,62024.8919,-516871.717,-438018.7391,-454846.8251
706000,2382.7163,14336.9656,62121.9524,-516836.4533,-437994.819,-454714.5009
707000,2365.1512,14338.6632,61796.1336,-516335.3805,-437835.4325,-454539.2469
708000,2360.6201,14275.2575,62160.0926,-516474.624,-437678.6538,-454314.5314
709000,2346.3626,14321.0214,61572.447,-515680.5424,-437440.7114,-454108.0954
710000,2382.4257,14344.9705,62065.7683,-516137.8017,-437344.6372,-454072.0334
711000,2349.089,14311.2147,61930.7107,-515936.8403,-437345.8259,-454006.1296
712000,2349.4787,14236.2374,61211.8719,-514610.7867,-436813.1987,-453398.9148
713000,2375.0987,14290.576,61554.5556,-515322.5661,-437102.3358,-453768.0105
714000,2366.7546,14224.5279,61698.623,-514644.216,-436354.3105,-452945.593
715000,2376.4125,14220.7735,62007.0081,-516045.1147,-437440.92059999995,-454038.1066
716000,2358.0024,14275.1439,61400.9108,-515590.0902,-437556.0331,-454189.17939999996
717000,2370.4492,14282.8888,61809.703,-515729.8381,-437266.79709999997,-453920.1351
718000,2385.7147,14378.4772,62031.7121,-516053.1055,-437257.2015,-454021.3934
719000,2369.8321,14254.8876,61597.5222,-515423.3709,-437201.12899999996,-453825.8487
720000,2403.8272,14296.9345,62396.898,-516627.9421,-437530.28239999997,-454231.0441
721000,2389.1541,14377.6442,61245.6342,-515243.4271,-437230.9946,-453997.7929
722000,2356.2459,14293.5156,62419.6595,-516639.7337,-437570.3127,-454220.0742
723000,2386.9879,14260.6387,61885.0731,-515764.1174,-437231.4177,-453879.0443
724000,2380.0336,14284.3361,61847.8155,-516718.8353,-438206.65009999997,-454871.0198
725000,2349.0921,14386.2559,61380.5645,-515207.1108,-437091.19830000005,-453826.54630000005
726000,2327.7174,14201.8057,61840.5571,-515437.9352,-437067.855,-453597.37810000003
727000,2365.5683,14248.5652,62135.577,-516633.9855,-437884.275,-454498.4085
728000,2381.3301,14300.4091,62320.2537,-516807.0844,-437805.0915,-454486.8307
729000,2345.1679,14166.4383,61854.3485,-516562.6282,-438196.6735,-454708.27969999996
730000,2386.3819,14305.4528,61591.4325,-516596.1238,-438312.8566,-455004.6913
731000,2369.4288,14199.4137,62743.6285,-516860.1028,-437547.6318,-454116.4743
732000,2386.4941,14317.3815,62170.4705,-516221.527,-437347.18090000004,-454051.0565
733000,2390.7566,14367.7186,62238.496,-516507.6178,-437510.6466,-454269.1218
734000,2361.6341,14317.6122,62518.4086,-516632.413,-437434.7581,-454114.0044
735000,2385.8765,14310.6415,61409.7386,-515198.5168,-437092.2602,-453788.7782
736000,2353.9978,14279.1823,62418.4659,-516633.4993,-437581.8533,-454215.0334
737000,2359.1515,14330.1943,61944.0876,-516747.7277,-438114.2943,-454803.64009999996
738000,2336.3622,14324.1964,61725.0688,-516102.9936,-437717.3662,-454377.9248
739000,2373.6283,14337.2358,61832.8634,-516337.7768,-437794.04929999996,-454504.91339999996
740000,2394.0749,14332.6968,61751.2857,-516586.8024,-438108.745,-454835.5167
741000,2389.4572,14299.2531,62122.9356,-517045.988,-438234.3421,-454923.05240000004
742000,2375.7252,14303.7071,62063.7441,-516363.8166,-437620.6402,-454300.0725
743000,2404.0504,14276.6717,62042.7477,-516133.4065,-437409.93669999996,-454090.6588
744000,2374.9701,14404.0932,62397.5596,-517471.1239,-438294.501,-455073.5643
745000,2375.2203,14295.2511,62131.0461,-517064.7263,-438263.20879999996,-454933.6802
746000,2384.9543,14375.7456,62454.6336,-517878.2843,-438662.9508,-455423.6507
747000,2364.3648,14286.0483,61821.6206,-516440.4565,-437968.42279999994,-454618.83589999995
748000,2385.7009,14257.3657,61658.5873,-516089.4219,-437787.76800000004,-454430.8346
749000,2375.2319,14298.1174,62049.5654,-517031.9227,-438309.00800000003,-454982.3573
750000,2376.8509,14256.9592,62440.854,-517292.5219,-438217.8578,-454851.6679
751000,2383.4845,14200.27,62056.7161,-516141.1867,-437500.7161,-454084.4706
752000,2373.4009,14339.0395,62305.4797,-516235.9636,-437218.0435,-453930.4839
753000,2383.0922,14303.3154,61752.7225,-515639.4015,-437200.27139999997,-453886.679
754000,2353.0232,14198.8113,61727.5446,-515946.6739,-437667.2948,-454219.1293
755000,2406.6802,14297.4501,61801.239,-515955.7718,-437450.40249999997,-454154.5328
756000,2400.6636,14301.2884,62089.2121,-516385.445,-437594.2809,-454296.2329
757000,2364.7349,14234.4043,62334.9783,-516591.6487,-437657.5312,-454256.6704
758000,2366.9153,14279.9653,62093.516,-516281.1958,-437540.7992,-454187.6798
759000,2390.6952,14282.8493,62220.7649,-516659.7923,-437765.48289999994,-454439.02739999996
760000,2403.5686,14306.4763,61736.3067,-516009.4379,-437563.0863,-454273.1312
761000,2404.4971,14306.2922,62044.7853,-516561.1158,-437805.54120000004,-454516.33050000004
762000,2405.5872,14354.1915,62085.9744,-515912.2371,-437066.48400000005,-453826.2627
763000,2385.1903,14285.1827,61854.1897,-515761.8195,-437237.2568,-453907.6298
764000,2342.1151,14324.5759,61748.3444,-515926.2817,-437511.2463,-454177.9373
765000,2366.0924,14251.4697,62252.0314,-516216.4812,-437346.88769999996,-453964.4498
766000,2365.6541,14279.7971,62204.1463,-516399.8791,-437550.2816,-454195.7328
767000,2354.2427,14217.8201,61729.6021,-515397.6985,-437096.03359999997,-453668.0964
768000,2353.5967,14271.9893,61878.7703,-516562.3687,-438058.0124,-454683.5984
769000,2369.6234,14383.2498,61995.3532,-515903.9506,-437155.7242,-453908.59739999997
770000,2374.5815,14354.5931,61527.6414,-515189.2481,-436932.43210000003,-453661.6067
771000,2367.549,14162.5515,61585.2897,-515560.1128,-437444.7226,-453974.8231
772000,2425.8918,14343.133,61452.6118,-515460.3396,-437238.703,-454007.7278
773000,2438.241,14351.5806,61951.0707,-516423.4243,-437682.532,-454472.35360000003
774000,2374.3635,14338.3438,62120.7543,-516506.5891,-437673.12749999994,-454385.83479999995
775000,2399.0115,14297.843,62320.1296,-517202.9742,-438185.9901,-454882.8446
776000,2369.3121,14220.5984,62238.5248,-516771.8225,-437943.3872,-454533.2977
777000,2374.4507,14313.66,62262.3264,-516732.3765,-437781.93940000003,-454470.0501
778000,2404.689,14285.0356,62370.2086,-516807.7865,-437747.85329999996,-454437.5779
779000,2384.7089,14241.5501,61462.8286,-515459.762,-437370.6744,-453996.9334
780000,2379.4388,14172.1304,62224.4844,-516303.7577,-437527.70410000003,-454079.2733
781000,2394.6653,14284.6676,62106.4696,-515447.5269,-436661.7244,-453341.0573
782000,2369.4668,14241.7157,61654.1329,-515302.2124,-437036.897,-453648.0795
783000,2385.314,14306.1364,62011.8143,-515985.421,-437282.1563,-453973.6067
784000,2395.4527,14341.9961,62237.3157,-516744.5408,-437769.7763,-454507.22510000004
785000,2407.2733,14309.6589,62152.7376,-515791.454,-436921.7842,-453638.71640000003
786000,2356.2779,14256.3394,61461.8316,-514742.553,-436668.1041,-453280.72140000004
787000,2395.6488,14281.292,62036.2902,-515667.6782,-436954.44720000005,-453631.38800000004
788000,2383.8195,14355.1376,62068.3253,-516530.1124,-437722.82999999996,-454461.78709999996
789000,2381.2749,14326.3499,61960.2554,-516719.257,-438051.37679999997,-454759.00159999996
790000,2336.8347,14363.6061,62558.8809,-517017.1872,-437757.86549999996,-454458.3063
791000,2361.8401,14379.3156,62818.7727,-517753.1165,-438193.1881,-454934.34380000003
792000,2384.8282,14282.9756,61878.3894,-516830.4371,-438284.2439,-454952.0477
793000,2378.5239,14297.971,62048.7397,-516743.752,-438018.5174,-454695.0123
794000,2383.6176,14168.0934,62172.0702,-517099.2295,-438375.44830000005,-454927.1593
795000,2354.6134,14195.2462,61935.4124,-516133.9772,-437648.7052,-454198.56480000005
796000,2356.2802,14139.6457,61828.6563,-515706.2911,-437381.70889999997,-453877.6348
797000,2402.2074,14333.1381,62188.0892,-516401.9634,-437478.5287,-454213.8742
798000,2381.1436,14306.6656,61559.3123,-515238.3886,-436991.2671,-453679.0763
799000,2397.6374,14263.3262,61788.966,-515333.9901,-436884.0605,-453545.0241
800000,2379.3558,14221.3942,61946.4939,-516501.0059,-437953.762,-454554.512
801000,2347.8454,14250.3397,61914.3433,-516067.3089,-437554.7805,-454152.9656
802000,2422.8724,14267.0653,62172.169,-516166.8651,-437304.7584,-453994.6961
803000,2415.6165,14227.0133,62281.1122,-516392.7318,-437468.9898,-454111.6196
804000,2370.9744,14277.9269,61811.7705,-515860.6404,-437399.96859999996,-454048.8699
805000,2410.7824,14218.5722,62731.7818,-517555.6371,-438194.5007,-454823.8553
806000,2369.4954,14307.5173,61699.3814,-515828.556,-437452.16189999995,-454129.17459999997
807000,2364.7291,14211.1053,61984.3897,-515904.7088,-437344.48470000003,-453920.3191
808000,2393.6378,14262.1821,61971.5455,-516347.8031,-437720.4377,-454376.2576
809000,2400.8163,14244.7346,61725.5121,-515526.2038,-437155.14080000005,-453800.6917
810000,2391.2122,14288.5425,61746.2056,-516295.0879,-437869.1276,-454548.8823
811000,2339.7245,14243.4778,62011.2234,-516577.2084,-437982.7827,-454565.985
812000,2367.1245,14234.075,61720.4126,-515667.5924,-437345.98030000005,-453947.17980000004
813000,2393.3114,14193.2303,61690.372,-516132.5948,-437855.68110000005,-454442.2228
814000,2360.0232,14289.2902,62264.1176,-516720.8795,-437807.4485,-454456.7619
815000,2386.5603,14376.9148,61601.6922,-516127.0044,-437761.8371,-454525.3122
816000,2394.9003,14280.8591,62116.9516,-516567.4563,-437774.7453,-454450.50470000005
817000,2400.9861,14244.6516,61478.9623,-515450.9911,-437326.3911,-453972.0288
818000,2367.6429,14252.9804,61666.525,-515731.2855,-437444.1372,-454064.7605
819000,2405.3949,14193.0723,61805.7564,-516609.784,-438205.56039999996,-454804.0276
820000,2357.0358,14293.7781,62100.0205,-515789.9688,-437039.1344,-453689.9483
821000,2407.7028,14311.712,61835.3595,-516386.6631,-437831.8888,-454551.3036
822000,2368.4738,14192.0605,62116.6491,-516199.611,-437522.42759999994,-454082.9619
823000,2367.6068,14193.5368,61762.3995,-515504.4549,-437180.9118,-453742.0554
824000,2352.8758,14241.2474,62216.2829,-516955.5359,-438145.1298,-454739.253
825000,2366.5516,14284.6908,61613.5578,-515939.6153,-437674.8151,-454326.0575
826000,2372.703,14280.6775,61984.1078,-516833.1664,-438195.6781,-454849.0586
827000,2365.7411,14272.6416,62143.2017,-516724.1192,-437942.5348,-454580.91750000004
828000,2393.3557,14246.1637,61836.7856,-516088.6917,-437612.38670000003,-454251.9061
829000,2421.2468,14329.4102,62639.9706,-517362.1693,-437971.5417,-454722.1987
830000,2395.4956,14289.3278,62145.6336,-516244.7912,-437414.3342,-454099.1576
831000,2382.4337,14307.4627,61590.7602,-516061.4003,-437780.7437,-454470.64009999996
832000,2386.9364,14323.5034,61297.8576,-514736.2057,-436727.9083,-453438.3481
833000,2374.3139,14218.221,61381.8574,-514895.9212,-436921.5289,-453514.0638
834000,2396.4415,14375.3799,62359.7774,-516172.2336,-437040.6348,-453812.45619999996
835000,2408.7968,14305.3764,62765.4843,-517480.4577,-438000.80020000006,-454714.9734
836000,2362.6043,14236.7326,61983.7866,-515936.1624,-437353.0389,-453952.3758
837000,2353.9123,14345.0957,61936.7032,-515794.3602,-437158.649,-453857.657
838000,2324.2146,14230.8031,61298.7209,-514941.0164,-437087.27780000004,-453642.2955
839000,2386.5048,14179.4107,61773.8488,-515375.5039,-437035.73960000003,-453601.65510000003
840000,2355.6035,14293.563,61921.7632,-515436.3779,-436865.4482,-453514.61470000003
841000,2383.1077,14312.5359,61047.9953,-515604.2362,-437860.59729999996,-454556.2409
842000,2378.6961,14422.5818,61740.5148,-516437.8716,-437896.0789,-454697.3568
843000,2433.7245,14251.1958,62279.1177,-517033.786,-438069.748,-454754.6683
844000,2369.3474,14240.7308,61774.3877,-516394.9089,-438010.44299999997,-454620.52119999996
845000,2370.5625,14262.2534,62303.5784,-516301.0751,-437364.68080000003,-453997.4967
846000,2345.5117,14244.4841,61876.2102,-515639.375,-437173.169,-453763.1648
847000,2387.3927,14258.8257,61903.0287,-516082.3573,-437533.1102,-454179.32859999995
848000,2362.9601,14255.7253,61862.5495,-515973.7394,-437492.50450000004,-454111.1899
849000,2372.9967,14287.7903,61386.7158,-515784.3392,-437736.8364,-454397.6234
850000,2391.7561,14306.5408,61894.2155,-516312.4685,-437719.9561,-454418.253
851000,2382.5136,14292.5716,61639.218,-515537.7125,-437223.40930000006,-453898.49450000003
852000,2350.9062,14286.1663,61940.3184,-516059.2467,-437481.8558,-454118.9283
853000,2367.3796,14202.2915,61919.4919,-515944.3138,-437455.1508,-454024.8219
854000,2393.3853,14295.4089,62333.027,-517078.9882,-438057.167,-454745.9612
855000,2370.275,14272.6862,61914.5169,-516564.7236,-438007.2455,-454650.20670000004
856000,2365.8639,14283.2162,61618.5609,-516057.3146,-437789.6736,-454438.7537
857000,2368.8555,14211.9803,62328.5,-516419.7202,-437510.3844,-454091.2202
858000,2373.3477,14304.9351,62494.4495,-517025.9081,-437853.17579999997,-454531.4586
859000,2374.6291,14241.1915,61938.4738,-515805.3752,-437251.0808,-453866.90140000003
860000,2379.016,14272.7157,62048.9621,-516401.3007,-437700.6069,-454352.3386
861000,2360.4745,14252.7419,61409.8111,-515312.8694,-437289.8419,-453903.05830000003
862000,2385.5545,14190.0766,62191.5386,-516197.3764,-437430.2067,-454005.8378
863000,2384.4417,14342.7913,61905.7506,-516302.0528,-437669.0692,-454396.30220000003
864000,2391.1037,14353.65,61595.5327,-516577.1999,-438236.9135,-454981.6672
865000,2405.8708,14333.2937,62174.5254,-516750.8875,-437837.1976,-454576.3621
866000,2387.3386,14174.3949,61932.8864,-516008.4971,-437513.8772,-454075.61069999996
867000,2387.1685,14263.2543,61871.1482,-516641.1399,-438119.5689,-454769.9917
868000,2353.965,14340.8486,62443.0584,-517274.0375,-438136.1655,-454830.9791
869000,2411.0448,14327.4803,62396.0079,-517228.1078,-438093.5748,-454832.09990000003
870000,2386.2217,14310.4588,62300.3102,-516857.8011,-437860.81039999996,-454557.4909
871000,2356.2929,14276.9013,62409.2699,-518191.9241,-439149.46,-455782.6542
872000,2372.0681,14297.776,62046.212,-516337.3825,-437621.3264,-454291.1705
873000,2414.8966,14325.4447,62102.1686,-516228.5973,-437386.0874,-454126.42870000005
874000,2363.2801,14203.2675,62291.4381,-516760.6639,-437902.67819999997,-454469.2258
875000,2368.4976,14228.4942,61471.4303,-515623.8011,-437555.37899999996,-454152.3708
876000,2372.1176,14175.3222,61882.3208,-515635.0193,-437205.2587,-453752.6985
877000,2415.5364,14308.1172,62169.9499,-516571.9748,-437678.3713,-454402.0249
878000,2381.9712,14307.91,62344.7538,-516831.1186,-437796.4836,-454486.3648
879000,2378.996,14298.5734,61905.3651,-516081.4486,-437498.51410000003,-454176.0835
880000,2370.0816,14279.0967,61628.4027,-516142.4032,-437864.8222,-454514.0005
881000,2338.8407,14121.7724,62022.4687,-515742.5791,-437259.4973,-453720.1104
882000,2374.0579,14205.922,62537.2429,-516888.4757,-437771.2529,-454351.2328
883000,2395.2413,14205.0334,62099.2674,-516494.4529,-437794.91079999995,-454395.18549999996
884000,2379.3485,14208.0968,62033.0147,-516108.66,-437488.19999999995,-454075.6453
885000,2374.6119,14343.6716,62202.2223,-516323.2986,-437402.7928,-454121.07629999996
886000,2368.2122,14295.4152,62410.8655,-516214.186,-437139.6931,-453803.3205
887000,2417.7923,14276.5435,61514.7527,-515724.7051,-437515.6166,-454209.9524
888000,2365.9563,14342.815,61960.6121,-516334.5518,-437665.1684,-454373.9397
889000,2392.0446,14332.3576,61917.5881,-516659.9915,-438018.0012,-454742.4034
890000,2362.5787,14243.9896,62411.7789,-517041.5667,-438023.2195,-454629.78780000005
891000,2390.2407,14263.4073,61708.3325,-516489.0547,-438127.0742,-454780.72219999996
892000,2375.8829,14187.1094,62411.8923,-516613.3345,-437638.4499,-454201.4422
893000,2354.9896,14264.742,61489.4938,-515996.5513,-437887.3259,-454507.0575
894000,2353.7414,14281.3199,62041.7791,-515729.7242,-437052.8838,-453687.9451
895000,2364.9452,14230.3984,62327.2998,-516320.6227,-437397.9793,-453993.3229
896000,2365.6428,14235.0621,61508.0214,-515652.8196,-437544.0933,-454144.79819999996
897000,2390.5879,14269.8466,61703.7073,-514953.5889,-436589.4471,-453249.88159999996
898000,2374.5227,14264.0745,62569.6285,-516401.5296,-437193.3039,-453831.9011
899000,2358.4098,14182.9722,62094.0755,-515526.9673,-436891.5098,-453432.89180000004
900000,2402.0094,14191.0436,61547.6396,-515568.2663,-437427.5737,-454020.6267
901000,2379.2172,14344.0395,61426.5447,-515398.6269,-437248.8255,-453972.08219999995
902000,2370.5745,14277.2424,62335.5131,-516401.2239,-437417.8939,-454065.7108
903000,2395.0291,14226.1965,61563.1946,-515331.3552,-437146.935,-453768.1606
904000,2350.5036,14252.3056,62070.3828,-516456.5965,-437783.4045,-454386.21369999996
905000,2385.4217,14262.4142,61870.4623,-515613.8394,-437095.5412,-453743.3771
906000,2363.6145,14200.0707,62503.7554,-516849.3524,-437781.9118,-454345.59699999995
907000,2380.0335,14196.7617,62112.0293,-516482.2493,-437793.42480000004,-454370.22000000003
908000,2353.0916,14323.6667,61776.015,-516257.235,-437804.4617,-454481.22
909000,2362.2209,14323.7555,61963.555,-516255.6884,-437606.157,-454292.1334
910000,2357.4238,14239.7826,61981.101,-515610.7276,-437032.4202,-453629.62659999996
911000,2391.9411,14458.6243,61675.6216,-516042.2313,-437516.04429999995,-454366.6097
912000,2387.3065,14237.6011,62224.905,-517316.7769,-438466.9643,-455091.8719
913000,2409.4148,14308.8955,62480.3565,-517458.1735,-438259.50669999997,-454977.817
914000,2416.9419,14179.1063,61670.2688,-515050.7757,-436784.4587,-453380.5069
915000,2354.7727,14293.9287,61651.8524,-515242.2232,-436941.6694,-453590.37080000003
916000,2421.3249,14302.3197,62306.8279,-516412.5223,-437382.04980000004,-454105.69440000004
917000,2361.3268,14260.0439,61938.0692,-515535.5669,-436976.127,-453597.49769999995
918000,2363.1485,14216.3182,61347.0807,-514610.2905,-436683.7431,-453263.2098
919000,2370.1247,14180.2802,62108.1037,-515972.5413,-437314.0327,-453864.4376
920000,2338.0562,14204.8515,61852.1432,-515874.8922,-437479.8413,-454022.749
921000,2362.3899,14265.5265,62354.7374,-516519.8781,-437537.2243,-454165.1407
922000,2373.0153,14210.5893,61796.7674,-516119.9488,-437739.57680000004,-454323.1814
923000,2377.9675,14262.2443,62004.7109,-516258.124,-437613.2013,-454253.4131
924000,2381.2245,14325.3438,61673.9779,-515441.7653,-437061.21910000005,-453767.78740000003
925000,2372.4457,14290.6925,61575.8046,-515079.0758,-436840.133,-453503.27119999996
926000,2385.9407,14272.7417,61730.5162,-515319.9344,-436930.7358,-453589.4182
927000,2383.181,14304.6912,61498.662,-515027.2056,-436840.6714,-453528.5436
928000,2397.4208,14269.6488,62143.4561,-515883.3148,-437072.7891,-453739.8587
929000,2399.2346,14352.4787,62173.9068,-516539.9174,-437614.2973,-454366.0106
930000,2406.7189,14360.1939,61586.3404,-516117.7479,-437764.49470000004,-454531.40750000003
931000,2393.8618,14253.5482,62185.6985,-515953.7569,-437120.64839999995,-453768.0584
932000,2352.5337,14191.5632,62257.5377,-516332.8204,-437531.18580000004,-454075.28270000004
933000,2381.3248,14289.4936,62240.226,-516544.0754,-437633.03099999996,-454303.84939999995
934000,2402.9519,14418.6848,61667.6763,-515942.9549,-437453.64190000005,-454275.2786
935000,2393.2962,14232.4334,61966.6697,-515793.3173,-437200.918,-453826.6476
936000,2378.5124,14192.7505,62373.0527,-516253.814,-437309.49840000004,-453880.7613
937000,2354.8346,14242.5093,62013.5594,-516191.4137,-437580.51039999997,-454177.8543
938000,2383.6832,14193.1937,61360.3575,-514739.8086,-436802.5742,-453379.4511
939000,2375.4298,14185.3424,61748.1593,-515275.2078,-436966.27629999997,-453527.0485
940000,2370.9999,14189.2671,61870.9194,-515792.7271,-437361.5407,-453921.8077
941000,2374.6007,14178.9611,61979.3037,-516146.3951,-437613.5296,-454167.09140000003
942000,2381.3186,14177.6562,62230.7316,-516601.9928,-437812.2864,-454371.2612
943000,2400.8818,14298.0659,62404.4989,-517331.6467,-438228.2001,-454927.1478
944000,2374.8667,14221.8166,61384.9979,-515792.3865,-437810.70530000003,-454407.3886
945000,2426.5345,14266.214,62515.799,-516964.0921,-437755.5446,-454448.2931
946000,2376.6665,14166.0466,61750.8001,-515843.1979,-437549.68470000004,-454092.39780000004
947000,2363.5208,14098.051,62256.4275,-516518.076,-437800.0767,-454261.6485
948000,2369.9175,14205.2145,61888.6347,-515620.3569,-437156.5902,-453731.7222
949000,2376.1286,14286.5947,61969.7859,-516311.995,-437679.4858,-454342.2091
950000,2339.2794,14272.131,62000.9361,-516513.4317,-437901.08520000003,-454512.4956
951000,2441.872,14217.6989,61681.7836,-515535.8556,-437194.5011,-453854.072
952000,2357.3728,14273.432,61556.0822,-516550.6849,-438363.7979,-454994.6027
953000,2379.6129,14222.8297,62334.9338,-516859.9199,-437922.54349999997,-454524.9861
954000,2384.9268,14270.435,62002.2501,-515789.4191,-437131.80720000004,-453787.169
955000,2404.4249,14318.1578,61818.9555,-515604.6918,-437063.15359999996,-453785.7363
956000,2348.2239,14160.0286,61578.101,-515766.9975,-437680.644,-454188.8965
957000,2393.8278,14380.3159,61767.7824,-516253.5909,-437711.6648,-454485.80850000004
958000,2379.5316,14248.5849,61760.3329,-516213.3924,-437824.943,-454453.05950000003
959000,2409.7087,14380.0253,61403.1782,-515197.8854,-437004.9732,-453794.7072
960000,2369.6552,14165.5208,62281.5247,-516132.6737,-437315.973,-453851.149
961000,2392.5562,14317.7339,62144.4811,-516770.2,-437915.4288,-454625.71890000004
962000,2431.5138,14376.8262,62104.287,-516403.9196,-437491.29260000004,-454299.6326
963000,2374.6679,14216.4932,61988.6017,-516364.3743,-437784.6115,-454375.7726
964000,2381.8298,14202.4093,62383.2783,-516642.4648,-437674.9474,-454259.1865
965000,2355.7183,14309.4773,62350.5071,-516249.8752,-437234.1725,-453899.3681
966000,2369.0156,14241.4455,62418.8115,-516522.4031,-437493.13049999997,-454103.5916
967000,2383.1964,14262.1342,61058.394,-514606.2522,-436902.5276,-453547.8582
968000,2392.0116,14355.2963,61806.8365,-515769.0407,-437214.8963,-453962.20420000004
969000,2424.8052,14391.2764,61682.6461,-516192.3328,-437693.6051,-454509.68669999996
970000,2383.8957,14260.4997,61893.625,-516468.5113,-437930.4909,-454574.8863
971000,2354.4161,14211.6468,62072.9588,-516416.3616,-437777.3399,-454343.4028
972000,2388.6194,14308.9109,62406.0555,-516407.6738,-437304.088,-454001.6183
973000,2370.9711,14245.3676,62030.3054,-516064.8637,-437418.21959999995,-454034.5583
974000,2341.4439,14162.3534,62113.0731,-515854.3208,-437237.4504,-453741.2477
975000,2372.2941,14137.63,62195.5317,-516753.1084,-438047.65260000003,-454557.57670000003
976000,2380.0674,14237.8963,61865.447,-516168.7304,-437685.3197,-454303.2834
977000,2422.3092,14315.5263,62070.7674,-516190.319,-437381.7161,-454119.5516
978000,2396.9226,14271.4696,62375.3298,-516618.0253,-437574.30329999997,-454242.6955
979000,2386.2349,14228.4407,61968.1263,-516249.2258,-437666.4239,-454281.0995
980000,2396.9576,14299.2078,62097.7898,-515495.6782,-436701.723,-453397.88840000005
981000,2366.7642,14291.3682,61901.1038,-516551.8618,-437992.6256,-454650.75800000003
982000,2380.1808,14296.3975,62078.2489,-516797.7516,-438042.9244,-454719.5027
983000,2371.8948,14244.5696,62394.4198,-516420.9265,-437410.0423,-454026.5067
984000,2343.7558,14279.9181,61968.9156,-516061.2896,-437468.7001,-454092.374
985000,2411.6294,14335.4273,62143.6857,-516406.7016,-437515.9592,-454263.0159
986000,2388.8095,14190.1118,62256.2082,-516314.6865,-437479.55700000003,-454058.4783
987000,2368.2178,14197.0982,61603.8567,-516324.3853,-438155.2126,-454720.5286
988000,2404.436,14229.943,62214.2009,-516746.1284,-437897.5485,-454531.9275
989000,2381.6204,14234.798,62257.6612,-515888.1017,-437014.0221,-453630.4405
990000,2391.0033,14277.1963,62209.0289,-516387.1284,-437509.89989999996,-454178.0995
991000,2397.8585,14256.2321,62035.0457,-516482.2788,-437793.14249999996,-454447.23309999995
992000,2383.1668,14296.9028,62113.6476,-516639.8948,-437846.1776,-454526.2472
993000,2363.0542,14190.168,61978.7299,-516129.1493,-437597.1972,-454150.4194
994000,2403.8864,14297.8088,62080.8323,-516281.8118,-437499.28430000006,-454200.9795
995000,2393.3543,14242.3026,61990.2601,-516143.5271,-437517.6101,-454153.267
996000,2386.8119,14291.612,62023.2623,-516231.2325,-437529.5463,-454207.9702
997000,2371.8163,14312.3483,61976.6865,-516631.85,-437970.9989,-454655.16349999997
998000,2381.0657,14232.2197,62048.8295,-516848.5825,-438186.46760000003,-454799.753
999000,2387.4838,14299.387,61966.9988,-515992.7357,-437338.8661,-454025.7369
1000000,2394.0557,14329.2414,62651.7398,-517283.9137,-437908.87679999997,-454632.1739
1001000,2367.8677,14395.8587,62231.3458,-516950.8234,-437955.7512,-454719.4776
1002000,2369.2887,14234.9241,61678.5203,-516705.9741,-438423.241,-455027.4538
1003000,2362.3354,14287.0751,61697.7462,-515891.5451,-437544.3884,-454193.7989
1004000,2339.4382,14298.0533,61603.2786,-515435.0712,-437194.30110000004,-453831.7926
1005000,2371.8959,14314.857,62177.8907,-516875.392,-438010.7484,-454697.5013
1006000,2362.9828,14254.6,62230.748,-516826.6838,-437978.353,-454595.9358
1007000,2389.0019,14307.821,62022.1337,-516650.3893,-437931.4327,-454628.2556
1008000,2356.9713,14262.487,61832.0524,-515563.3427,-437111.832,-453731.2903
1009000,2347.0873,14297.4328,61740.4936,-515112.5245,-436727.5108,-453372.0309
1010000,2385.0355,14190.584,61264.477,-515009.558,-437169.46150000003,-453745.081
1011000,2359.1889,14244.0444,61349.2613,-515097.4708,-437144.97620000003,-453748.2095
1012000,2382.6705,14216.0523,61647.3824,-515337.1179,-437091.0127,-453689.7355
1013000,2388.3479,14323.6781,61472.647,-515128.02,-436943.347,-453655.373
1014000,2352.5689,14263.999,61984.8942,-515744.5878,-437143.1257,-453759.6936
1015000,2427.5633,14321.5284,62319.8838,-516182.319,-437113.3435,-453862.4352
1016000,2359.7482,14282.3788,62153.2755,-516433.9724,-437638.5699,-454280.69690000004
1017000,2361.9764,14256.74,62178.1999,-516379.3914,-437582.47510000004,-454201.1915
1018000,2412.2458,14337.2747,61598.5832,-515863.4797,-437515.37600000005,-454264.89650000003
1019000,2379.4868,14350.4673,62262.5327,-517207.5698,-438215.083,-454945.0371
1020000,2417.5689,14364.8403,62296.2667,-516501.7991,-437423.12320000003,-454205.5324
1021000,2367.2601,14331.5617,61711.1852,-516088.3702,-437678.3632,-454377.185
1022000,2381.162,14263.8114,61760.1893,-515901.7259,-437496.56320000003,-454141.5366
1023000,2395.8203,14228.5018,62218.1377,-516833.3099,-437990.8501,-454615.1722
1024000,2379.6223,14296.995,62180.7519,-516614.7402,-437757.371,-454433.98829999997
1025000,2418.5393,14298.3808,62092.9586,-515821.0447,-437011.166,-453728.0861
1026000,2399.7043,14284.9913,61309.6459,-515134.3187,-437139.97719999996,-453824.6728
1027000,2334.2133,14246.6956,61908.0632,-515456.1204,-436967.1483,-453548.05720000004
1028000,2402.3937,14205.7371,61538.9084,-515126.8965,-436979.8573,-453587.98809999996
1029000,2366.4013,14312.0068,61506.7997,-515062.8476,-436877.6398,-453556.0479
1030000,2408.207,14299.1386,61757.8585,-514824.4604,-436359.2563,-453066.6019
1031000,2369.9809,14301.8652,61599.4566,-515620.775,-437349.4723,-454021.31840000005
1032000,2360.8341,14284.3148,61931.0438,-515627.2011,-437051.0084,-453696.1573
1033000,2412.3934,14377.5316,61945.6773,-515927.3976,-437191.7953,-453981.72030000004
1034000,2362.1441,14287.9603,62412.5117,-516473.6539,-437411.0378,-454061.1422
1035000,2354.3734,14287.8207,62135.8659,-516662.3565,-437884.2965,-454526.4906
1036000,2386.047,14288.8907,62029.5186,-516187.1618,-437482.7055,-454157.6432
1037000,2371.8407,14325.8536,61983.9343,-516832.2678,-438150.6392,-454848.33349999995
1038000,2393.7614,14235.0594,62038.667,-516438.9685,-437771.4807,-454400.3015
1039000,2363.99,14268.793,62527.493,-516748.9553,-437588.67929999996,-454221.46229999996
1040000,2398.7717,14313.212,62635.0597,-516902.3249,-437555.28150000004,-454267.2652
1041000,2375.4835,14302.0719,61914.207,-515881.5441,-437289.7817,-453967.3371
1042000,2395.979,14291.0362,62109.0853,-516087.2245,-437291.124,-453978.13920000003
1043000,2405.873,14276.1809,62206.0696,-516595.7596,-437707.6361,-454389.69
1044000,2381.547,14306.4249,62414.9778,-516883.5219,-437780.5722,-454468.5441
1045000,2381.1789,14370.267,62302.1606,-516978.1134,-437924.5069,-454675.95279999997
1046000,2396.7882,14363.9592,62346.8414,-517247.6304,-438140.0416,-454900.78900000005
1047000,2348.9222,14287.182,62094.7755,-515999.3347,-437268.455,-453904.5592
1048000,2371.4984,14248.6316,61688.3383,-516064.9237,-437756.4554,-454376.5854
1049000,2378.1623,14256.2285,62061.0059,-515476.0149,-436780.6182,-453415.009
1050000,2370.3958,14164.026,62228.4318,-516073.5361,-437310.6825,-453845.1043
1051000,2353.1572,14338.0156,61661.4572,-516180.6894,-437828.05939999997,-454519.23219999997
1052000,2381.5805,14149.7096,61644.9467,-515514.3271,-437338.0903,-453869.3804
1053000,2405.059,14382.97,61946.6737,-515937.613,-437202.9103,-453990.9393
1054000,2350.3495,14152.5034,62248.2101,-516794.5387,-438043.47569999995,-454546.3286
1055000,2344.3542,14135.1842,61966.2169,-515233.182,-436787.42669999995,-453266.9651
1056000,2399.0944,14328.2068,61888.1439,-515546.4336,-436930.9885,-453658.28969999996
1057000,2399.6987,14242.0055,61803.5888,-515463.2383,-437017.9453,-453659.64950000006
1058000,2360.4531,14137.2371,61803.4516,-515211.7769,-436910.6351,-453408.3253
1059000,2363.133,14262.6801,62134.5946,-516223.0202,-437462.61250000005,-454088.4256
1060000,2360.0315,14200.8072,61684.7606,-515429.4994,-437183.90009999997,-453744.7388
1061000,2395.2521,14248.6739,62221.8536,-516069.3492,-437203.5696,-453847.4956
1062000,2380.1674,14305.1191,61941.3665,-516434.0228,-437807.3698,-454492.6563
1063000,2392.6482,14339.1176,61766.2359,-515751.7584,-437253.7567,-453985.52249999996
1064000,2407.8457,14277.9433,61823.4523,-515828.8578,-437319.6165,-454005.4055
1065000,2411.8978,14316.2972,61362.6667,-515667.3278,-437576.4661,-454304.6611
1066000,2390.5785,14336.9411,61917.6321,-516369.6267,-437724.47500000003,-454451.99460000003
1067000,2403.955,14312.3037,62322.7607,-516765.2637,-437726.2443,-454442.503
1068000,2404.2813,14278.9402,62640.8721,-517538.734,-438214.64040000003,-454897.8619
1069000,2340.7144,14277.586,61836.6333,-516234.8227,-437779.889,-454398.18940000003
1070000,2361.226,14311.4895,61611.7321,-515631.354,-437346.9064,-454019.62189999997
1071000,2395.9213,14253.7471,61738.9197,-515638.0534,-437249.4653,-453899.1337
1072000,2366.8989,14303.1834,61650.9277,-516116.8386,-437795.8286,-454465.9109
1073000,2378.8533,14422.6376,61921.2243,-516402.513,-437679.79779999994,-454481.2887
1074000,2348.4983,14223.0344,62224.4857,-517332.8657,-438536.8473,-455108.38
1075000,2350.5018,14318.915,62428.5834,-517355.466,-438257.4658,-454926.8826
1076000,2378.2869,14254.8638,62355.9624,-516630.4633,-437641.3502,-454274.5009
1077000,2384.8839,14300.683,61669.979,-515610.5116,-437254.96570000006,-453940.53260000004
1078000,2373.9027,14293.5581,62483.9389,-516838.6107,-437687.211,-454354.6718
1079000,2352.3316,14251.4302,61698.5879,-515910.8716,-437608.52190000005,-454212.2837
1080000,2354.4064,14311.1752,61871.4419,-515916.0605,-437379.037,-454044.61860000005
1081000,2384.9684,14234.5622,62267.355,-516920.647,-438033.76139999996,-454653.292
1082000,2388.9888,14303.0665,61921.1945,-515980.0987,-437366.8489,-454058.9042
1083000,2375.7481,14332.006,61716.105,-515477.4485,-437053.5894,-453761.3435
1084000,2388.1921,14381.4925,61560.0513,-515669.4693,-437339.7334,-454109.418
1085000,2366.4843,14268.363,61988.67,-516166.6803,-437543.163,-454178.0103
1086000,2398.4246,14353.3791,62159.2339,-516444.9062,-437533.86860000005,-454285.67230000003
1087000,2378.363,14457.6701,61793.9268,-515610.0665,-436980.1066,-453816.1397
1088000,2383.0504,14318.8678,61860.0577,-516323.1582,-437761.1823,-454463.1005
1089000,2391.9737,14295.7356,62575.0211,-516565.7584,-437303.028,-453990.7373
1090000,2389.3059,14234.7733,61902.0024,-516045.0882,-437519.00659999996,-454143.0858
1091000,2393.7387,14278.2371,62049.0827,-516974.0634,-438253.0049,-454924.98069999996
1092000,2364.2573,14241.2001,62451.264,-517472.9904,-438416.269,-455021.7264
1093000,2376.4887,14291.7401,62148.5212,-516425.6946,-437608.9446,-454277.17339999997
1094000,2391.7546,14343.4877,62192.8811,-516625.8127,-437697.6893,-454432.9316
1095000,2412.5074,14221.3427,61931.5073,-516029.6994,-437464.342,-454098.1921
1096000,2381.1084,14315.2684,61755.3628,-516495.7389,-438043.9993,-454740.3761
1097000,2367.5974,14290.6072,61761.7683,-516371.0078,-437951.0349,-454609.2395
1098000,2374.3044,14249.2345,62463.6031,-517123.1834,-438036.0414,-454659.5803
1099000,2365.4254,14304.6669,62293.4354,-517079.8545,-438116.32680000004,-454786.4191
1100000,2391.4067,14338.956,62096.0601,-516043.804,-437217.3812,-453947.7439
1101000,2350.473,14252.9745,61516.0339,-515622.6503,-437503.1689,-454106.6164
1102000,2391.612,14345.8435,61257.2646,-515395.372,-437400.65189999994,-454138.1074
1103000,2397.2003,14198.6187,62130.5193,-515990.1488,-437263.8105,-453859.62950000004
1104000,2416.8806,14440.1871,61883.838,-516578.9261,-437838.0204,-454695.0881
1105000,2424.1562,14349.6291,62408.1742,-516682.8746,-437500.9151,-454274.7004
1106000,2366.5235,14164.2586,62083.4898,-516062.557,-437448.2851,-453979.0672
1107000,2376.5932,14311.4466,62046.1338,-515578.931,-436844.7574,-453532.7972
1108000,2401.3008,14331.4151,62250.0374,-516718.6067,-437735.8534,-454468.5693
1109000,2389.0919,14258.1338,62554.885,-517135.945,-437933.8343,-454581.06
1110000,2391.9843,14286.073,62134.2007,-515988.8657,-437176.60770000005,-453854.66500000004
1111000,2355.2588,14306.656,62263.4471,-516833.9443,-437908.58239999996,-454570.4972
1112000,2413.9068,14193.928,61720.3607,-515388.536,-437060.34050000005,-453668.1753
1113000,2384.7645,14287.2344,61695.9523,-515423.5699,-437055.6187,-453727.6176
1114000,2414.8258,14314.9663,61936.8394,-516539.8003,-437873.1688,-454602.9609
1115000,2376.9737,14251.4038,61644.4947,-515300.7109,-437027.8387,-453656.2162
1116000,2383.7595,14329.8657,61549.4509,-515661.4113,-437398.3352,-454111.9604
1117000,2366.519,14292.8093,62113.4526,-516309.0066,-437536.2257,-454195.554
1118000,2358.1542,14225.5186,61899.4108,-516285.7835,-437802.6999,-454386.3727
1119000,2388.0626,14190.7936,62129.2751,-516411.3414,-437703.21009999997,-454282.06629999995
1120000,2414.1335,14363.5609,61687.9206,-515433.8152,-436968.2002,-453745.8946
1121000,2394.8637,14349.1685,61575.7615,-516016.6211,-437696.82739999995,-454440.85959999997
1122000,2396.6565,14271.6959,61964.6429,-516474.8825,-437841.8872,-454510.23960000003
1123000,2369.705,14332.2719,61541.0596,-515701.1323,-437458.0958,-454160.0727
1124000,2386.1338,14302.6532,62115.2177,-516404.5432,-437600.5385,-454289.32550000004
1125000,2387.8633,14212.3845,62090.7595,-515936.3847,-437245.3774,-453845.6252
1126000,2404.2404,14271.672,61843.3078,-516223.9383,-437704.71809999994,-454380.63049999997
1127000,2360.1115,14290.2449,61920.9303,-515871.7707,-437300.484,-453950.8404
1128000,2382.2963,14243.1463,62178.274,-516190.2335,-437386.5169,-454011.9595
1129000,2376.6384,14238.629,61899.9628,-515955.9957,-437440.76550000004,-454056.03290000005
1130000,2371.351,14243.2572,62012.5085,-515975.9527,-437348.836,-453963.4442
1131000,2365.7913,14261.6974,61828.4741,-516197.2731,-437741.3103,-454368.799
1132000,2350.6704,14251.7207,61854.0719,-515713.3123,-437256.8493,-453859.2404
1133000,2369.3162,14274.257,61931.256,-516011.8023,-437436.97309999994,-454080.5463
1134000,2382.5701,14290.6344,61388.1537,-515305.447,-437244.08879999997,-453917.29329999996
1135000,2395.576,14271.1049,62129.1134,-516628.5287,-437832.7344,-454499.4153
1136000,2355.8055,14228.9808,62135.7793,-515726.7489,-437006.18330000003,-453590.9696
1137000,2400.2611,14256.3693,62063.519,-515953.1896,-437233.0402,-453889.67059999995
1138000,2351.1477,14200.6633,61930.0211,-516274.8885,-437793.0564,-454344.8674
1139000,2365.6296,14170.6349,62005.1444,-516755.6205,-438214.21160000004,-454750.4761
1140000,2387.6968,14195.5299,61987.9184,-516522.6831,-437951.53800000006,-454534.7647
1141000,2377.9285,14220.1536,62005.6532,-516439.1899,-437835.4546,-454433.5367
1142000,2387.6982,14322.9514,61915.9585,-516363.981,-437737.3729,-454448.0225
1143000,2393.1316,14256.6673,62564.1426,-516946.2564,-437732.3149,-454382.1138
1144000,2373.7866,14200.9788,62121.2481,-516036.606,-437340.5925,-453915.35790000006
1145000,2411.0344,14242.7867,62004.3989,-516097.8904,-437439.67039999994,-454093.4915
1146000,2378.6906,14216.9632,61605.2393,-515137.8649,-436936.9718,-453532.62559999997
1147000,2353.9832,14213.899,61733.1305,-515455.9288,-437154.91610000003,-453722.7983
1148000,2367.664,14230.8483,61693.3143,-515677.5634,-437385.73679999996,-453984.2491
1149000,2373.2584,14280.2705,62488.3645,-516629.7274,-437487.834,-454141.36289999995
1150000,2351.9648,14266.9723,61817.4876,-516451.148,-438014.72329999995,-454633.6604
1151000,2377.7087,14219.4462,61997.5771,-515837.3028,-437242.5708,-453839.7257
1152000,2353.9903,14258.9098,61840.5053,-516177.2137,-437723.80830000003,-454336.7084
1153000,2360.4024,14363.2889,62012.4401,-516906.0051,-438169.8737,-454893.565
1154000,2361.6282,14276.9731,61734.5034,-515683.8453,-437310.7406,-453949.3419
1155000,2337.1126,14199.5023,62571.6039,-517180.6765,-438072.4577,-454609.0726
1156000,2380.5895,14172.1366,61743.2416,-516121.7111,-437825.74340000004,-454378.4695
1157000,2358.2274,14264.4585,61867.4803,-515851.8553,-437361.68909999996,-453984.375
1158000,2395.9453,14333.6814,61628.2175,-516150.3837,-437792.5395,-454522.1662
1159000,2384.4125,14254.8863,62575.1961,-517190.4266,-437975.9317,-454615.2305
1160000,2378.5573,14223.2317,62034.3209,-516400.2196,-437764.10970000003,-454365.8987
1161000,2368.2453,14314.3889,62119.3871,-515971.8618,-437169.84050000005,-453852.4747
1162000,2388.6494,14316.1019,61912.5446,-515921.019,-437303.72309999994,-454008.47439999995
1163000,2331.2237,14164.3023,61960.1828,-515999.1424,-437543.4336,-454038.9596
1164000,2350.0554,14223.4605,62236.9108,-516398.2037,-437587.777,-454161.2929
1165000,2376.4562,14248.2925,62605.4538,-516440.9359,-437210.73339999997,-453835.48209999996
1166000,2392.1283,14397.5234,62226.412,-516306.0804,-437290.0167,-454079.66839999997
1167000,2392.9359,14343.6616,61657.3873,-515949.3919,-437555.40709999995,-454292.0046
1168000,2430.7754,14305.551,61668.1254,-515336.4447,-436931.9929,-453668.3193
1169000,2383.9579,14319.0399,61861.3244,-516341.2301,-437776.9079,-454479.9057
1170000,2393.3281,14196.9081,61539.7905,-515024.9736,-436894.94690000004,-453485.1831
1171000,2387.9842,14348.7189,61534.2038,-515347.5378,-437076.6309,-453813.334
1172000,2382.3352,14363.1396,61336.0758,-515561.1256,-437479.575,-454225.04980000004
1173000,2355.867,14337.982,61711.0214,-515925.6506,-437520.7802,-454214.62919999997
1174000,2412.3869,14322.5809,61997.9428,-515846.7213,-437113.8107,-453848.77849999996
1175000,2380.0864,14247.4057,61612.4846,-514942.338,-436702.3613,-453329.85339999996
1176000,2384.0245,14192.6647,62659.232,-516584.7848,-437348.86360000004,-453925.5528
1177000,2415.8121,14275.1021,61900.2139,-515600.8238,-437009.69570000004,-453700.60990000004
1178000,2369.5685,14277.0318,62291.1066,-516274.634,-437336.92710000003,-453983.5274
1179000,2402.6841,14193.9475,61852.2598,-516306.1734,-437857.282,-454453.9136
1180000,2400.2937,14291.2469,61636.4943,-515702.1964,-437374.16150000005,-454065.7021
1181000,2338.0106,14364.5291,61099.4158,-515420.1742,-437618.21869999997,-454320.7584
1182000,2412.1559,14290.2598,61525.4802,-515549.8257,-437321.9298,-454024.3455
1183000,2376.2095,14235.0216,62366.0606,-516521.4821,-437544.1904,-454155.42150000005
1184000,2397.6299,14276.47,62061.4083,-516534.9301,-437799.42189999996,-454473.5218
1185000,2413.6793,14266.6721,62147.0941,-516043.8173,-437216.37179999996,-453896.7232
1186000,2392.9068,14263.5577,62061.1016,-516288.2336,-437570.6675,-454227.132
1187000,2388.7763,14339.1799,61970.0205,-515990.7424,-437292.7657,-454020.7219
1188000,2412.8994,14307.3979,62370.5964,-516614.1112,-437523.21749999997,-454243.5148
1189000,2381.999,14349.9385,61442.9392,-515620.1007,-437445.22400000005,-454177.1615
1190000,2383.606,14202.9043,61950.7342,-516451.8595,-437914.615,-454501.1253
1191000,2355.1398,14244.3167,61824.341,-516100.3154,-437676.51790000004,-454275.9744
1192000,2389.1323,14338.2099,61939.8893,-516799.9963,-438132.7648,-454860.107
1193000,2380.4372,14251.9483,62465.2674,-517037.5444,-437939.8915,-454572.277
1194000,2388.8243,14258.9112,61754.6186,-516306.9266,-437904.5725,-454552.308
1195000,2424.9807,14292.7462,62044.4335,-515966.3214,-437204.161,-453921.88790000003
1196000,2402.3168,14267.6607,62479.1779,-516133.7699,-436984.6145,-453654.592
1197000,2374.8757,14250.5549,62312.0944,-516413.268,-437475.743,-454101.1736
1198000,2387.0626,14241.2821,61523.985,-515443.0938,-437290.7641,-453919.1088
1199000,2381.2592,14216.4408,62115.8772,-516469.9165,-437756.3393,-454354.0393
1200000,2424.1414,14375.0111,61911.5187,-515800.8798,-437090.2086,-453889.3611
1201000,2385.9011,14272.9262,61930.7078,-515629.283,-437039.7479,-453698.5752
1202000,2368.2498,14324.1165,61733.0529,-515430.5416,-437005.1224,-453697.4887
1203000,2391.662,14333.8848,61660.1219,-515846.7686,-437461.09990000003,-454186.64670000004
1204000,2391.2476,14317.8594,61700.377,-515376.715,-436967.231,-453676.33800000005
1205000,2386.6278,14293.0022,61766.5494,-515923.1938,-437477.0144,-454156.6444
1206000,2380.1431,14320.7336,61710.1039,-515692.0183,-437281.0377,-453981.9144
1207000,2416.7994,14321.0782,62315.7466,-516772.2929,-437718.66870000004,-454456.5463
1208000,2375.6316,14245.0207,61994.0601,-516152.4211,-437537.70869999996,-454158.361
1209000,2356.8006,14307.0352,61849.2833,-515593.1987,-437080.0796,-453743.9154
1210000,2401.8224,14302.0902,62193.1714,-516680.6357,-437783.55169999995,-454487.4643
1211000,2412.22,14347.1624,62138.2594,-516911.8512,-438014.2094,-454773.5918
1212000,2383.4164,14398.4414,61914.7811,-516553.2184,-437856.5795,-454638.4373
1213000,2403.0121,14329.7057,61926.2868,-515628.031,-436969.02640000003,-453701.7442
1214000,2398.6744,14328.955,62395.1718,-516480.7258,-437357.9246,-454085.554
1215000,2368.4684,14330.3347,61869.7836,-515860.3679,-437291.7812,-453990.5843
1216000,2353.6502,14226.9262,61418.8489,-515154.6085,-437155.18319999997,-453735.7596
1217000,2377.9134,14268.0028,61741.4278,-515980.2405,-437592.89650000003,-454238.8127
1218000,2381.832,14227.2294,61983.3119,-516561.5216,-437969.1483,-454578.2097
1219000,2406.6749,14196.2798,62060.094,-516423.9527,-437760.90400000004,-454363.85870000004
1220000,2402.5429,14246.2057,61725.6983,-515937.1493,-437562.7024,-454211.451
1221000,2370.2966,14283.0083,62092.7668,-516407.0242,-437660.9525,-454314.2574
1222000,2349.6653,14333.7902,62108.4191,-516353.0554,-437561.18080000003,-454244.6363
1223000,2413.0762,14231.7502,62130.3868,-516347.8075,-437572.5943,-454217.4207
1224000,2380.741,14386.976,61318.375,-515412.2313,-437326.1393,-454093.8563
1225000,2409.4292,14275.7565,62141.1027,-516677.6416,-437851.35319999995,-454536.5389
1226000,2353.5392,14249.4734,62054.5711,-516922.1669,-438264.5832,-454867.5958
1227000,2407.9414,14303.4101,62319.9947,-516352.4916,-437321.14540000004,-454032.4969
1228000,2393.1083,14288.7988,62030.4339,-515968.1972,-437255.8562,-453937.7633
1229000,2379.7614,14157.8118,61949.8048,-516034.0071,-437546.6291,-454084.2023
1230000,2377.2094,14209.4448,62137.4898,-516498.071,-437773.927,-454360.5812
1231000,2393.2708,14315.6555,62004.0013,-516041.6052,-437328.6776,-454037.6039
1232000,2400.1253,14212.7164,61094.78,-515319.7961,-437612.17439999996,-454225.0161
1233000,2413.1781,14352.9773,62024.5952,-516102.4838,-437311.7332,-454077.8886
1234000,2421.4241,14267.3326,61937.7556,-516074.8727,-437448.3604,-454137.11710000003
1235000,2364.5971,14353.7042,61629.4279,-515600.2618,-437252.5326,-453970.83389999997
1236000,2388.2453,14318.4015,61114.429,-514915.9145,-437094.8387,-453801.4855
1237000,2401.692,14313.5588,62317.1594,-516864.3275,-437831.91730000003,-454547.1681
1238000,2382.465,14260.415,63155.5392,-517549.2079,-437750.7887,-454393.6687
1239000,2389.2963,14318.1583,62085.9545,-517014.9544,-438221.5453,-454928.9999
1240000,2418.0165,14269.7635,62009.8142,-515995.6402,-437298.04600000003,-453985.826
1241000,2409.9667,14257.0632,61754.9475,-516318.0701,-437896.09270000004,-454563.1226
1242000,2397.461,14268.117,62344.6614,-516400.0235,-437389.78410000005,-454055.3621
1243000,2382.896,14360.1995,61682.8687,-515386.8596,-436960.89540000004,-453703.99090000003
1244000,2395.0022,14215.9081,62358.4688,-516569.1793,-437599.8002,-454210.71050000004
1245000,2379.9786,14309.9732,61488.578,-515498.0958,-437319.566,-454009.51780000003
1246000,2400.3284,14314.2439,61974.5846,-516647.0493,-437957.8924,-454672.4647
1247000,2362.4764,14260.1448,61770.9634,-516179.5776,-437785.993,-454408.6142
1248000,2380.762,14181.3616,61812.1676,-515807.9219,-437433.6307,-453995.75430000003
1249000,2342.6487,14220.1303,62042.0667,-515746.0976,-437141.2519,-453704.03089999995
1250000,2371.2098,14268.7301,62268.5602,-516133.8596,-437225.3595,-453865.2994
1251000,2391.2331,14243.8088,61934.1065,-516263.2389,-437694.0905,-454329.1324
1252000,2370.6122,14290.6094,62294.1521,-516903.3597,-437947.986,-454609.20759999997
1253000,2356.9582,14313.1709,62144.9594,-515981.1599,-437166.0714,-453836.20050000004
1254000,2377.3373,14354.033,61081.7558,-514694.3895,-436881.2634,-453612.6337
1255000,2357.9567,14222.6877,62074.6477,-516058.7554,-437403.4633,-453984.10770000005
1256000,2390.0827,14242.2588,62178.0525,-516187.7188,-437377.32479999994,-454009.6663
1257000,2391.3631,14204.1807,61780.1819,-515870.7968,-437495.0711,-454090.6149
1258000,2390.8197,14218.3724,62246.0307,-516151.2097,-437295.9869,-453905.179
1259000,2384.8643,14244.0116,61971.1356,-516256.9733,-437656.96180000005,-454285.83770000003
1260000,2350.049,14149.3546,61778.1791,-515260.3559,-436982.77320000005,-453482.1768
1261000,2367.22,14322.3564,61704.8355,-515086.2507,-436691.83879999997,-453381.4152
1262000,2378.9391,14258.2665,62139.5824,-515779.3214,-437002.5334,-453639.739
1263000,2364.5023,14137.1157,61743.4226,-515407.5994,-437162.5588,-453664.1768
1264000,2365.7929,14280.0132,62298.7787,-516259.0976,-437314.51279999997,-453960.31889999995
1265000,2391.4134,14256.7666,62255.3875,-516111.8282,-437208.2607,-453856.4407
1266000,2415.2894,14375.5679,62139.8376,-516136.4822,-437205.7873,-453996.6446
1267000,2401.3201,14292.5923,62595.8925,-517221.7989,-437931.994,-454625.9064
1268000,2379.1661,14328.0565,62123.1596,-516619.3289,-437788.94670000003,-454496.1693
1269000,2352.3873,14213.297,62230.4421,-516423.4383,-437627.3119,-454192.9962
1270000,2389.7462,14245.2918,62075.5415,-516520.9872,-437810.4077,-454445.4457
1271000,2352.7258,14303.5252,62562.1784,-517222.6639,-438004.2345,-454660.4855
1272000,2408.1709,14343.6101,61721.4074,-515651.1763,-437177.9879,-453929.7689
1273000,2375.803,14416.0939,62346.5265,-516750.0679,-437611.64450000005,-454403.54140000005
1274000,2385.2977,14243.0101,62446.8377,-516872.4852,-437797.3397,-454425.6475
1275000,2404.0365,14313.1791,62052.7575,-515616.8509,-436846.8778,-453564.0934
1276000,2427.7848,14313.8255,61863.1811,-515852.9158,-437248.12440000003,-453989.73470000003
1277000,2376.0372,14248.0978,62129.8299,-516703.4661,-437949.50120000006,-454573.6362
1278000,2385.8764,14230.4773,62325.58,-517120.7047,-438178.771,-454795.1247
1279000,2414.1484,14254.6579,61615.6987,-515706.7526,-437422.2476,-454091.0539
1280000,2354.6482,14361.8467,61771.4632,-515881.3124,-437393.3543,-454109.8492
1281000,2349.6453,14315.8645,61665.8255,-515891.6027,-437560.2674,-454225.7772
1282000,2409.7225,14305.0004,62076.7194,-516536.6972,-437745.2549,-454459.9778
1283000,2380.8352,14242.4493,62225.575,-516330.2496,-437481.39009999996,-454104.67459999997
1284000,2380.2531,14297.2182,62417.5176,-516574.3813,-437479.3924,-454156.8637
1285000,2355.3511,14190.227,61882.9299,-515721.3483,-437292.84030000004,-453838.4184
1286000,2420.5929,14312.7142,62138.6941,-516511.3859,-437639.3847,-454372.6918
1287000,2396.0413,14283.0027,62289.1711,-517011.4608,-438043.24569999997,-454722.2897
1288000,2402.7904,14378.7297,62232.8351,-516965.0206,-437950.6654,-454732.1855
1289000,2350.122,14165.5982,62791.4364,-517638.3107,-438331.1541,-454846.87429999997
1290000,2371.0364,14313.686,61892.5096,-515797.1728,-437219.9408,-453904.6632
1291000,2375.1588,14332.8961,62346.6716,-517404.9654,-438350.2389,-455058.2938
1292000,2394.6607,14356.1556,62386.0703,-516479.0735,-437342.1869,-454093.0032
1293000,2389.8989,14326.8654,62430.9724,-517423.6378,-438275.9011,-454992.66540000006
1294000,2382.8201,14269.8669,62082.709,-516405.5677,-437670.1717,-454322.8587
1295000,2319.606,14280.605,61467.5087,-515317.9268,-437250.2071,-453850.4181
1296000,2361.4718,14337.4636,61754.7235,-516926.534,-438472.8751,-455171.81049999996
1297000,2400.141,14183.0834,62293.5995,-516290.5536,-437413.7297,-453996.9541
1298000,2377.5102,14329.9762,61789.8202,-516471.581,-437974.2744,-454681.7608
1299000,2359.1094,14187.5932,62039.9551,-516218.9275,-437632.2698,-454178.97239999997
1300000,2403.3896,14321.6994,61467.2239,-515604.3845,-437412.0716,-454137.1606
1301000,2377.1027,14249.261,61828.7664,-515322.2123,-436867.0822,-453493.4459
1302000,2380.1243,14246.5159,62618.7368,-517085.3717,-437839.99470000004,-454466.6349
1303000,2360.5642,14180.7318,62529.0856,-516791.9463,-437721.5647,-454262.8607
1304000,2383.0107,14373.0686,62203.7838,-516153.6522,-437193.7891,-453949.86840000004
1305000,2409.6582,14333.9947,62250.1396,-516907.4543,-437913.6618,-454657.3147
1306000,2350.6613,14311.4031,62566.3414,-517246.3201,-438017.9143,-454679.97870000004
1307000,2365.2055,14296.6728,61814.4681,-516175.1499,-437698.80350000004,-454360.6818
1308000,2331.712,14280.2441,61754.1108,-515470.9838,-437104.91689999995,-453716.87299999996
1309000,2375.4714,14238.9918,62257.175,-516118.1507,-437246.5125,-453860.9757
1310000,2416.3961,14248.8103,61960.9016,-516274.4319,-437648.3239,-454313.53030000004
1311000,2365.0998,14321.7332,61879.5699,-516621.7477,-438055.3448,-454742.1778
1312000,2381.0187,14318.3691,62071.7227,-516227.9539,-437456.8434,-454156.23120000004
1313000,2381.7874,14360.4383,61600.0994,-515876.875,-437534.5499,-454276.7756
1314000,2375.979,14359.5322,62063.8114,-516167.9163,-437368.59369999997,-454104.1049
1315000,2366.2038,14309.223,62240.7722,-516382.5092,-437466.31019999995,-454141.73699999996
1316000,2389.8726,14414.2497,61781.4751,-516305.71,-437720.1126,-454524.23490000004
1317000,2366.0344,14275.1681,61423.4777,-515475.3635,-437410.6833,-454051.8858
1318000,2355.1845,14234.9599,61859.2577,-515100.5704,-436651.1683,-453241.3127
1319000,2351.6944,14199.095,62113.6593,-516213.189,-437548.7403,-454099.5297
1320000,2371.5218,14413.638,62296.4272,-517427.4401,-438345.8531,-455131.01290000003
1321000,2341.653,14379.2201,62247.0716,-516495.0826,-437527.13790000003,-454248.011
1322000,2342.0329,14265.4399,62395.507,-516981.2792,-437978.2994,-454585.7722
1323000,2368.9268,14374.7069,62011.5611,-516733.4736,-437978.27880000003,-454721.91250000003
1324000,2381.3779,14316.3324,62124.2487,-516854.043,-438032.08400000003,-454729.7943
1325000,2355.7569,14341.2342,62322.1542,-517179.6229,-438160.4776,-454857.4687
1326000,2420.3612,14337.2553,62294.0994,-517199.4294,-438147.7135,-454905.33
1327000,2351.0593,14209.2314,61616.4192,-515708.7089,-437531.999,-454092.2897
1328000,2384.948,14293.7151,62264.23,-516567.5674,-437624.6743,-454303.3374
1329000,2401.6666,14265.4928,62160.0542,-516538.4994,-437711.28579999995,-454378.44519999996
1330000,2359.4187,14340.6415,61663.4802,-515921.2938,-437557.7534,-454257.8136
1331000,2384.2188,14352.0473,62361.865,-516588.5081,-437490.377,-454226.6431
1332000,2398.9929,14326.1847,61773.7604,-515476.8808,-436977.94279999996,-453703.1204
1333000,2372.477,14322.9474,62326.0896,-516293.7304,-437272.21640000003,-453967.6408
1334000,2390.1889,14373.5346,62039.0965,-516119.3379,-437316.5179,-454080.2414
1335000,2362.949,14311.842,62026.3654,-516702.2971,-438001.1407,-454675.9317
1336000,2407.8351,14282.4665,62142.632,-516245.0368,-437412.1032,-454102.4048
1337000,2368.3963,14320.6198,61790.6134,-515674.3506,-437194.72109999997,-453883.7372
1338000,2394.8122,14401.3577,62334.6215,-516365.5362,-437234.7448,-454030.91469999996
1339000,2396.0594,14302.3142,61831.4344,-516332.7426,-437802.93460000004,-454501.30819999997
1340000,2380.8042,14371.9682,61801.4362,-515935.1259,-437380.9173,-454133.6897
1341000,2389.2748,14188.6907,62012.0591,-516137.9471,-437547.9225,-454125.888
1342000,2373.5199,14360.4361,61979.0323,-515755.4278,-437042.4395,-453776.3955
1343000,2372.117,14348.9579,62297.4459,-516243.8875,-437225.3667,-453946.4416
1344000,2369.9408,14329.2058,62144.5163,-516573.7281,-437730.0652,-454429.2118
1345000,2362.4862,14314.908,61984.3887,-516448.9266,-437787.1437,-454464.5379
1346000,2363.0239,14303.8492,62045.1284,-516461.3374,-437749.3359,-454416.20900000003
1347000,2358.6354,14393.769,62184.0663,-516149.135,-437212.6643,-453965.0687
1348000,2374.0702,14362.3533,61966.3907,-516261.2692,-437558.45499999996,-454294.8785
1349000,2389.8097,14263.6156,61811.7794,-515540.8382,-437075.6335,-453729.0588
1350000,2346.1476,14291.6022,61774.2375,-516532.7547,-438120.7674,-454758.5172
1351000,2358.6019,14235.3928,61578.0372,-515047.0964,-436875.0645,-453469.05919999996
1352000,2352.4564,14389.0171,62126.8136,-516380.7099,-437512.4228,-454253.8963
1353000,2357.1228,14257.4593,61490.0875,-515373.6136,-437268.944,-453883.52609999996
1354000,2409.7711,14339.0273,62058.8636,-516465.9038,-437658.24179999996,-454407.0402
1355000,2364.3029,14271.0763,62264.6672,-516531.6566,-437631.6102,-454266.98939999996
1356000,2354.3165,14275.0024,61477.4182,-515446.6272,-437339.89009999996,-453969.209
1357000,2372.1272,14266.3351,61857.3862,-516004.6793,-437508.8308,-454147.2931
1358000,2381.7843,14376.9843,61501.5224,-515556.5287,-437296.23770000006,-454055.0063
1359000,2366.5422,14241.9968,62129.2411,-516290.9312,-437553.1511,-454161.6901
1360000,2366.9938,14358.0857,62154.9245,-516606.6322,-437726.6282,-454451.70769999997
1361000,2379.7201,14307.4299,62521.4788,-517118.507,-437909.8782,-454597.0282
1362000,2386.2513,14325.0894,61847.6901,-515900.3571,-437341.3263,-454052.667
1363000,2381.9236,14305.5038,61931.7098,-516243.2178,-437624.0806,-454311.508
1364000,2370.1113,14365.1009,61813.8344,-516459.6065,-437910.5599,-454645.7721
1365000,2414.2755,14393.0779,62279.0442,-517177.9031,-438091.50549999997,-454898.8589
1366000,2357.1344,14259.8459,61716.7154,-515794.0666,-437460.37090000004,-454077.35120000003
1367000,2399.6855,14350.8366,61926.3463,-515415.1966,-436738.3282,-453488.85030000005
1368000,2357.4924,14277.5844,61820.8628,-515664.1543,-437208.2147,-453843.2915
1369000,2397.0809,14190.0319,61944.3089,-516252.7152,-437721.29349999997,-454308.4063
1370000,2372.1447,14248.9172,61927.5854,-516220.8098,-437672.1625,-454293.2244
1371000,2389.999,14323.5923,62346.4743,-516645.6375,-437585.5719,-454299.1632
1372000,2384.2587,14228.6403,61753.4678,-515640.3372,-437273.9704,-453886.8694
1373000,2377.2522,14357.251,61726.8358,-515675.6567,-437214.3177,-453948.8209
1374000,2412.9391,14369.1211,61907.6757,-516130.2796,-437440.54370000004,-454222.6039
1375000,2355.9195,14324.1372,61371.4287,-514949.0526,-436897.5672,-453577.6239
1376000,2395.9785,14399.9202,61889.6463,-516159.6566,-437474.1116,-454270.01029999997
1377000,2322.7548,14222.6233,62052.316,-515943.4211,-437345.72699999996,-453891.1051
1378000,2395.252,14355.7461,61830.5089,-515702.6526,-437121.1456,-453872.14369999996
1379000,2385.7299,14332.3156,62033.6777,-515901.7832,-437150.06,-453868.1055
1380000,2398.2635,14351.8574,62164.737,-516529.0212,-437614.1633,-454364.2842
1381000,2379.8864,14253.1445,61722.9163,-516002.6084,-437646.66120000003,-454279.69210000004
1382000,2342.3558,14320.3514,61976.0411,-516381.1591,-437742.41079999995,-454405.118
1383000,2376.2168,14274.0853,62520.4981,-517102.422,-437931.6218,-454581.92390000005
1384000,2368.1413,14293.334,61408.298,-516232.2828,-438162.5095,-454823.9848
1385000,2380.3944,14220.9748,61820.4927,-515681.1251,-437259.2632,-453860.6324
1386000,2373.7498,14298.9319,62189.9093,-516607.931,-437745.33999999997,-454418.0217
1387000,2388.9387,14251.98,61671.5237,-516208.3931,-437895.9507,-454536.86939999997
1388000,2367.6528,14239.4938,61900.7342,-515812.2722,-437304.3914,-453911.538
1389000,2377.3086,14197.7183,61619.0995,-515475.1845,-437281.05809999997,-453856.08499999996
1390000,2397.6299,14324.4607,61879.2204,-515904.8642,-437303.5532,-454025.6438
1391000,2385.1892,14265.6725,62212.2092,-516665.8077,-437802.7368,-454453.5985
1392000,2352.7326,14207.9978,62084.0599,-515968.3121,-437323.5218,-453884.2522
1393000,2374.5859,14307.622,61973.9047,-516476.3071,-437820.1945,-454502.40239999996
1394000,2350.8251,14194.6929,61936.4443,-516191.259,-437709.2967,-454254.8147
1395000,2365.492,14353.5567,62251.5592,-516422.7214,-437452.1135,-454171.16219999996
1396000,2383.9267,14272.5698,62301.3311,-515951.7533,-436993.92569999996,-453650.4222
1397000,2382.7986,14305.1033,61804.1912,-515653.0726,-437160.9795,-453848.8814
1398000,2333.9272,14314.2401,62393.9361,-516712.2076,-437670.10420000006,-454318.27150000003
1399000,2419.4183,14375.4816,61727.9355,-515705.3542,-437182.5188,-453977.4187
1400000,2370.0624,14230.1085,61957.2054,-516308.1157,-437750.7394,-454350.91030000005
1401000,2391.935,14254.7409,62387.7293,-516355.281,-437320.87580000004,-453967.5517
1402000,2392.8404,14320.3002,61747.4058,-515209.6561,-436749.10970000003,-453462.2503
1403000,2387.69,14398.4816,62036.989,-515969.5869,-437146.4263,-453932.5979
1404000,2404.0576,14431.4253,61740.7837,-516335.6614,-437759.3948,-454594.87769999995
1405000,2408.12,14311.064,62131.6501,-516275.2179,-437424.38379999995,-454143.56779999996
1406000,2365.1643,14235.9035,62148.9882,-516142.6528,-437392.5968,-453993.66459999996
1407000,2384.3504,14277.3002,62086.0808,-516190.8042,-437443.0728,-454104.7234
1408000,2400.6232,14222.0969,61985.4399,-516281.0371,-437672.87710000004,-454295.5972
1409000,2357.2658,14348.0316,62076.5083,-516370.2468,-437588.44110000005,-454293.73850000004
1410000,2381.6261,14288.5684,61956.693,-516330.0473,-437703.15979999996,-454373.3543
1411000,2342.4713,14311.1159,61707.4366,-516300.9839,-437939.9601,-454593.5473
1412000,2383.9954,14322.7264,62117.8421,-515953.18,-437128.6161,-453835.3379
1413000,2379.2423,14274.7637,62139.7649,-516677.1431,-437883.3722,-454537.3782
1414000,2367.9645,14257.474,61310.8316,-514793.2952,-436857.02509999997,-453482.4636
1415000,2431.4999,14408.0947,61392.6814,-515337.607,-437105.331,-453944.9256
1416000,2366.1638,14368.3704,62310.6082,-516171.6375,-437126.4951,-453861.0293
1417000,2391.5839,14217.0194,62004.2109,-516368.1727,-437755.3585,-454363.9618
1418000,2389.668,14319.6035,62092.0109,-516033.461,-437232.1786,-453941.4501
1419000,2391.9936,14312.7368,61351.7485,-514457.7237,-436401.2448,-453105.9752
1420000,2398.6847,14363.587,61989.8607,-515114.5315,-436362.3991,-453124.67079999996
1421000,2394.5218,14354.617,61892.5085,-516232.2713,-437590.624,-454339.7628
1422000,2394.6547,14239.2073,61315.4562,-514766.3949,-436817.0767,-453450.9387
1423000,2385.0641,14309.439,62521.3971,-516727.0401,-437511.13989999995,-454205.643
1424000,2370.8401,14299.9396,61742.6572,-515721.1504,-437307.71349999995,-453978.49319999997
1425000,2386.334,14212.2473,61828.1518,-515863.3322,-437436.5991,-454035.1804
1426000,2407.5253,14360.5278,61891.3217,-516246.4938,-437587.119,-454355.17209999997
1427000,2392.2217,14280.9365,61451.4284,-515156.6561,-437032.06950000004,-453705.22770000005
1428000,2384.7835,14245.3773,61929.7271,-516093.4206,-437533.5327,-454163.6935
1429000,2399.0092,14439.4824,62263.9157,-516432.4933,-437330.086,-454168.57759999996
1430000,2392.4995,14324.9644,62215.9089,-516881.2919,-437947.9191,-454665.38300000003
1431000,2365.6359,14231.4663,61747.6449,-515711.3805,-437366.63340000005,-453963.7356
1432000,2382.9718,14189.5559,61833.5111,-516025.0197,-437618.98089999997,-454191.5086
1433000,2407.1261,14293.624,62135.8178,-516565.5978,-437729.02989999996,-454429.77999999997
1434000,2401.2687,14309.7789,61583.4535,-516017.1642,-437722.6631,-454433.7107
1435000,2403.1219,14339.7753,62263.7271,-516441.2113,-437434.58700000006,-454177.4842
1436000,2372.6444,14282.0082,62406.4163,-516960.662,-437899.5931,-454554.2457
1437000,2397.6661,14309.1749,61745.4796,-515726.5274,-437274.20680000004,-453981.0478
1438000,2388.8339,14350.6664,62295.0577,-516824.3732,-437789.81519999995,-454529.31549999997
1439000,2392.2618,14434.2892,62246.1388,-516353.6784,-437280.9886,-454107.53959999996
1440000,2388.4234,14312.349,61582.7374,-515534.3919,-437250.8821,-453951.6545
1441000,2413.5799,14214.5467,62861.7665,-517545.6415,-438055.74840000004,-454683.875
1442000,2379.3265,14334.4616,61953.3591,-516574.4019,-437907.2547,-454621.0428
1443000,2363.1154,14325.8774,62042.6206,-516697.7533,-437966.13989999995,-454655.13269999996
1444000,2374.801,14149.5309,62071.9261,-516085.7105,-437489.4525,-454013.7844
1445000,2371.001,14297.8978,61992.6737,-516490.1158,-437828.5433,-454497.44210000004
1446000,2367.3382,14217.0876,61373.1839,-515575.1308,-437617.5211,-454201.9469
1447000,2376.7116,14266.2679,62146.0928,-516883.9952,-438094.9229,-454737.9024
1448000,2398.9732,14354.2008,62019.7101,-516908.1322,-438135.24809999997,-454888.42209999997
1449000,2410.8513,14362.1271,61946.8627,-515819.5549,-437099.7138,-453872.6922
1450000,2374.363,14383.3798,62562.9599,-517438.586,-438117.8833,-454875.6261
1451000,2357.4042,14319.6469,61812.3854,-516504.8725,-438015.436,-454692.4871
1452000,2355.5348,14232.5757,62276.7793,-516610.6257,-437745.73589999997,-454333.8464
1453000,2401.3021,14339.6065,62544.7307,-516830.659,-437545.0197,-454285.92829999997
1454000,2379.2599,14298.8276,62396.3014,-517143.6849,-438069.296,-454747.3835
1455000,2399.6826,14414.7412,62369.5148,-516818.4489,-437634.5103,-454448.9341
1456000,2407.9158,14506.3332,61937.0873,-515971.6953,-437120.35900000005,-454034.608
1457000,2430.4774,14293.3869,61817.9213,-516180.9053,-437639.1197,-454362.984
1458000,2338.8057,14243.5496,61892.8512,-516005.1727,-437529.9662,-454112.3215
1459000,2393.0769,14343.7528,61714.3337,-515469.2163,-437018.05289999995,-453754.88259999995
1460000,2359.7775,14294.3398,61918.4301,-516184.5824,-437612.03500000003,-454266.1523
1461000,2378.9933,14324.9256,61534.9278,-515671.7842,-437432.9375,-454136.8564
1462000,2413.6568,14298.7987,62135.0321,-516590.4837,-437742.9961,-454455.4516
1463000,2433.4685,14399.3299,62374.8109,-516811.3838,-437603.7745,-454436.5729
1464000,2408.558,14306.9868,61764.7358,-516267.4092,-437787.1286,-454502.67339999997
1465000,2405.8151,14346.469,62486.1569,-516829.2739,-437590.8329,-454343.11699999997
1466000,2376.9465,14272.2978,61928.7419,-516053.5661,-437475.5799,-454124.8242
1467000,2388.5693,14311.9996,61519.1845,-515415.2358,-437195.48240000004,-453896.05130000005
1468000,2405.617,14317.1841,61586.1813,-515863.0482,-437554.06580000004,-454276.8669
1469000,2370.5507,14333.1694,62347.7647,-516826.7172,-437775.2324,-454478.9525
1470000,2422.0251,14322.3995,62274.5438,-516426.6094,-437407.641,-454152.06560000003
1471000,2388.7767,14299.4526,61709.9378,-515846.4195,-437448.2524,-454136.4817
1472000,2346.7973,14280.4655,61720.6977,-515861.8256,-437513.8651,-454141.12789999996
1473000,2395.4305,14267.431,62107.9367,-516310.2325,-437539.43429999996,-454202.29579999996
1474000,2417.4916,14366.0162,62261.016,-516787.0688,-437742.54500000004,-454526.0528
1475000,2366.7051,14341.0533,61436.7676,-515666.0374,-437521.51139999996,-454229.26979999995
1476000,2380.5842,14313.8067,62406.9575,-516696.4412,-437595.0928,-454289.4837
1477000,2397.4817,14287.105,62038.1142,-515995.0987,-437272.3978,-453956.98449999996
1478000,2414.8678,14329.8674,62008.5175,-516130.2804,-437377.0277,-454121.7629
1479000,2377.4203,14354.2454,61965.2621,-516272.9479,-437576.0201,-454307.68580000004
1480000,2348.8995,14249.7717,62218.2174,-515726.1072,-436909.2186,-453507.8898
1481000,2390.1899,14145.5541,61922.9613,-515991.7609,-437533.05559999996,-454068.79959999997
1482000,2353.4982,14218.8393,62081.6182,-516425.2815,-437771.3258,-454343.6633
1483000,2366.9244,14325.3311,61932.5492,-516158.5004,-437533.69570000004,-454225.9512
1484000,2398.7572,14254.0372,61892.9619,-516569.9667,-438024.2104,-454677.0048
1485000,2366.1132,14332.9426,61593.0866,-515968.6254,-437676.483,-454375.53880000004
1486000,2333.2632,14316.0403,61860.8775,-516048.4937,-437538.3127,-454187.6162
1487000,2398.9948,14216.8581,62101.622,-516728.6001,-438011.1252,-454626.97809999995
1488000,2397.9996,14217.8713,62387.7931,-517144.2788,-438140.6148,-454756.48569999996
1489000,2389.2369,14368.3724,61753.5827,-516558.5657,-438047.3737,-454804.983
1490000,2377.551,14372.0313,61977.9066,-516489.4219,-437761.933,-454511.5153
1491000,2385.7691,14251.2557,62034.5424,-516207.6294,-437536.0622,-454173.087
1492000,2397.6662,14318.9885,62120.1928,-516375.8273,-437538.9798,-454255.6345
1493000,2401.603,14353.2358,62422.9353,-516795.5798,-437617.8057,-454372.6445
1494000,2379.0452,14304.6523,61852.6295,-515612.2101,-437075.88310000004,-453759.58060000004
1495000,2378.7701,14249.4402,61959.1263,-515688.3689,-437101.03229999996,-453729.2426
1496000,2399.2884,14435.9845,62278.3634,-516140.0496,-437026.4133,-453861.6862
1497000,2379.1386,14310.822,62330.3543,-516655.3458,-437635.0309,-454324.9915
1498000,2390.6901,14365.9833,61794.0652,-516134.6439,-437583.90530000004,-454340.5787
1499000,2367.1125,14381.5051,61649.6607,-515810.3311,-437412.0528,-454160.6704
1500000,2369.1364,14354.5969,61643.3325,-515070.2957,-436703.22990000003,-453426.9632
1501000,2377.477,14282.8539,62293.2064,-516213.1179,-437259.5806,-453919.9115
1502000,2385.1634,14325.6542,61547.2271,-515859.9811,-437601.9364,-454312.75399999996
1503000,2390.2337,14275.1198,61750.576,-516256.1173,-437840.18779999996,-454505.5413
1504000,2420.6355,14355.58,62082.8967,-516446.9268,-437587.81460000004,-454364.03010000003
1505000,2394.2566,14373.2024,62073.0994,-516236.0203,-437395.4619,-454162.92089999997
1506000,2395.4044,14271.8851,61927.4027,-516240.2783,-437645.5861,-454312.8756
1507000,2396.8678,14278.5387,61850.7248,-516097.0221,-437570.8908,-454246.2973
1508000,2410.9835,14264.3927,62105.98,-517095.0021,-438313.6459,-454989.0221
1509000,2339.5292,14247.6663,61396.6026,-515238.2086,-437254.4105,-453841.606
1510000,2380.3166,14205.7925,61988.1941,-515739.1796,-437164.87639999995,-453750.98549999995
1511000,2371.1988,14227.2528,62000.1924,-515621.2302,-437022.5862,-453621.0378
1512000,2371.3887,14315.0431,61440.7661,-515246.1831,-437118.9852,-453805.417
1513000,2400.258,14356.5919,61802.558,-515751.4321,-437192.0242,-453948.87409999996
1514000,2355.9424,14390.7836,62204.8086,-516996.8947,-438045.3601,-454792.0861
1515000,2432.8888,14307.9948,61779.4342,-515767.9077,-437247.58989999996,-453988.47349999996
1516000,2361.7164,14283.0181,61841.7226,-515948.8169,-437462.3598,-454107.0943
1517000,2391.9958,14298.1679,62276.0775,-516800.4405,-437834.19930000004,-454524.363
1518000,2372.5399,14239.4584,61948.5756,-516296.6707,-437736.09680000006,-454348.09510000004
1519000,2338.3345,14253.3163,61442.8584,-515229.0201,-437194.5109,-453786.16170000006
1520000,2377.3202,14265.7377,62107.8457,-516508.8733,-437757.9697,-454401.0276
1521000,2382.7314,14304.7136,62118.8905,-516075.2571,-437268.9216,-453956.3666
1522000,2356.4273,14302.2931,61881.2683,-515938.4198,-437398.4311,-454057.1515
1523000,2357.0791,14324.1634,62095.998,-515910.2444,-437133.0039,-453814.2464
1524000,2395.6266,14298.384,61916.0426,-516078.674,-437468.62080000003,-454162.6314
1525000,2375.3106,14334.8853,62536.1652,-517072.6145,-437826.25340000005,-454536.44930000004
1526000,2385.1206,14182.9168,62262.2661,-516356.6279,-437526.32440000004,-454094.3618
1527000,2403.602,14237.2705,61939.4571,-516341.1472,-437760.8176,-454401.6901
1528000,2375.8068,14287.0882,61382.9636,-515167.2833,-437121.4247,-453784.3197
1529000,2389.9774,14329.8155,62153.6933,-516481.758,-437608.2718,-454328.0647
1530000,2373.3171,14356.0903,62118.1187,-516449.8234,-437602.2973,-454331.7047
1531000,2372.9756,14382.1969,61773.5022,-516086.8586,-437558.18389999995,-454313.3564
1532000,2360.8471,14197.2872,62414.4501,-516842.0736,-437869.4892,-454427.6235
1533000,2379.261,14301.2259,62054.5233,-516406.69,-437671.6798,-454352.1667
1534000,2378.4327,14305.6579,62296.3409,-516097.0928,-437116.6613,-453800.7519
1535000,2384.5084,14218.4767,62085.2378,-515877.8339,-437189.61100000003,-453792.5961
1536000,2345.647,14346.9414,61995.6065,-516352.9203,-437664.7254,-454357.3138
1537000,2412.7631,14273.8177,62320.0998,-517057.3108,-438050.63019999996,-454737.21099999995
1538000,2392.7116,14323.7251,61962.166,-516819.4497,-438140.847,-454857.2837
1539000,2366.3603,14259.8381,62130.8642,-517013.134,-438256.0714,-454882.2698
1540000,2366.7587,14341.5551,62200.3554,-516936.9021,-438028.2329,-454736.5467
1541000,2400.3344,14303.8332,61847.8062,-516154.7274,-437602.75359999994,-454306.9212
1542000,2379.1645,14257.5443,61802.5879,-515530.0153,-437090.7186,-453727.42740000004
1543000,2377.0237,14286.7882,62029.1676,-516427.4798,-437734.50029999996,-454398.3122
1544000,2363.3778,14317.664,62591.1787,-517495.6709,-438223.45040000003,-454904.49220000004
1545000,2355.6213,14161.997,62178.0248,-516775.1606,-438079.5175,-454597.1358
1546000,2385.6832,14320.2433,62504.5452,-517415.2585,-438204.7868,-454910.7133
1547000,2374.2276,14292.5673,62323.9647,-517569.4208,-438578.66120000003,-455245.4561
1548000,2386.6408,14451.8699,62992.5044,-517566.8032,-437735.7881,-454574.29880000005
1549000,2386.1315,14324.2033,61991.215,-516764.2804,-438062.7306,-454773.06539999996
1550000,2369.9129,14317.8762,62412.976,-517287.1279,-438186.3628,-454874.1519
1551000,2361.7335,14262.3804,62348.4096,-516618.3714,-437645.8479,-454269.9618
1552000,2368.5156,14365.522,61871.2129,-515958.3484,-437353.09790000005,-454087.13550000003
1553000,2346.6467,14118.3018,61713.6907,-516411.3984,-438232.7592,-454697.7077
1554000,2405.7749,14358.953,62102.2887,-517063.5897,-438196.57310000004,-454961.30100000004
1555000,2388.5205,14218.4167,61980.0184,-515818.8483,-437231.8927,-453838.8299
1556000,2412.2861,14209.9931,61642.16,-515661.3383,-437396.8991,-454019.1783
1557000,2395.4237,14371.3664,62118.1583,-516480.8207,-437595.8723,-454362.6624
1558000,2385.0048,14412.4448,62035.0214,-516027.6955,-437195.2245,-453992.67409999995
1559000,2350.2055,14418.0762,61906.4627,-516515.5195,-437840.77509999997,-454609.0568
1560000,2357.3566,14119.9888,62507.8955,-516655.6933,-437670.45239999995,-454147.7978
1561000,2343.8147,14230.1757,61758.0044,-515567.9163,-437235.9215,-453809.9119
1562000,2389.6644,14273.9759,61677.7251,-515065.4661,-436724.1007,-453387.74100000004
1563000,2408.6949,14345.903,61501.8668,-515634.1252,-437377.6605,-454132.2584
1564000,2351.2064,14207.6761,61973.8019,-515408.3502,-436875.66579999996,-453434.54829999997
1565000,2399.6983,14321.4452,61801.8152,-516038.6158,-437515.65710000007,-454236.8006
1566000,2345.4268,14231.5436,61985.6993,-515691.1427,-437128.473,-453705.44340000005
1567000,2352.7516,14320.4583,61670.5286,-515752.7561,-437409.0176,-454082.2275
1568000,2378.6716,14351.5633,61694.3873,-516106.6117,-437681.9895,-454412.2244
1569000,2390.3092,14265.6968,61708.5013,-515478.4684,-437113.9611,-453769.9671
1570000,2346.1914,14285.3662,61970.2843,-516169.2398,-437567.3979,-454198.9555
1571000,2382.8485,14250.1768,61215.9474,-515057.1537,-437208.18100000004,-453841.2063
1572000,2354.7869,14313.9216,61817.3279,-515227.0918,-436741.0554,-453409.7639
1573000,2384.3623,14402.9395,61974.5686,-515575.9739,-436814.10349999997,-453601.4053
1574000,2395.4488,14318.8359,61986.1952,-515927.371,-437226.8911,-453941.17579999997
1575000,2412.0849,14304.1977,61847.2541,-515728.6013,-437165.0646,-453881.34719999996
1576000,2415.1884,14304.0708,61560.8943,-516291.0557,-438010.9022,-454730.16140000004
1577000,2374.6541,14327.1532,62161.9637,-516788.1538,-437924.38279999996,-454626.19009999995
1578000,2374.9803,14341.4123,62195.2828,-517101.1758,-438189.5004,-454905.89300000004
1579000,2374.0534,14235.4276,62190.6413,-516747.4786,-437947.3563,-454556.83729999996
1580000,2372.4202,14311.2966,62113.3029,-516005.998,-437208.9783,-453892.6951
1581000,2368.669,14314.2071,61994.6486,-515716.7936,-437039.26889999997,-453722.14499999996
1582000,2395.0797,14459.65,61813.0539,-515593.5196,-436925.73600000003,-453780.4657
1583000,2377.2055,14449.9109,62496.7683,-517204.5741,-437880.68940000003,-454707.80580000003
1584000,2423.2289,14425.3778,61683.891,-515587.254,-437054.7563,-453903.363
1585000,2388.2806,14375.9528,61471.3243,-515342.219,-437106.6613,-453870.8947
1586000,2395.6368,14358.0507,61688.8283,-515902.5626,-437460.0468,-454213.7343
1587000,2376.4048,14283.5995,61489.8565,-515644.6738,-437494.81299999997,-454154.8173
1588000,2377.7757,14280.5903,61667.2798,-515996.4827,-437670.8369,-454329.2029
1589000,2388.6148,14247.625,62391.8041,-516653.003,-437624.95910000004,-454261.1989
1590000,2329.439,14301.5744,61577.6138,-515779.7803,-437571.1531,-454202.1665
1591000,2345.7223,14365.1791,61542.395,-515949.3563,-437696.0599,-454406.96129999997
1592000,2401.6652,14295.9478,62026.1334,-515824.1648,-437100.4184,-453798.03140000004
1593000,2371.2722,14311.7021,61856.0846,-515703.0681,-437164.0092,-453846.9835
1594000,2356.2839,14284.9008,62547.7899,-517001.0806,-437812.10599999997,-454453.2907
1595000,2382.7602,14423.7885,61776.3672,-515844.3997,-437261.48380000005,-454068.03250000003
1596000,2400.5306,14361.6357,62253.4372,-516592.3466,-437576.74309999996,-454338.9094
1597000,2375.4737,14339.3461,61764.8422,-515473.5117,-436993.84969999996,-453708.66949999996
1598000,2390.1787,14329.7817,62103.0413,-516111.7049,-437288.7032,-454008.6636
1599000,2358.9054,14321.558,62460.6227,-516501.5243,-437360.4382,-454040.9016
1600000,2384.5749,14369.4343,61366.7038,-516281.1929,-438160.47990000003,-454914.4891
1601000,2356.6198,14376.5245,61770.3448,-515818.8607,-437315.3716,-454048.5159
1602000,2396.6148,14334.4581,61906.846,-516538.0868,-437900.1679,-454631.24079999997
1603000,2340.2981,14305.4716,61500.5517,-516025.3149,-437878.9935,-454524.7632
1604000,2385.4312,14269.3837,62194.0709,-516789.261,-437940.3752,-454595.1901
1605000,2390.5704,14395.953,62301.2406,-516343.4196,-437255.65560000006,-454042.179
1606000,2400.3708,14195.1682,62044.885,-516387.7906,-437747.3666,-454342.9056
1607000,2383.7119,14276.1544,61505.2431,-515258.6381,-437093.52869999997,-453753.39499999996
1608000,2365.6017,14357.1314,61494.4096,-515395.9877,-437178.845,-453901.5781
1609000,2405.2463,14290.6803,61660.8124,-515538.1604,-437181.4214,-453877.348
1610000,2397.3209,14278.0167,62421.4517,-516807.4793,-437710.69,-454386.02760000003
1611000,2346.7245,14262.7236,61986.4572,-516227.9418,-437632.0365,-454241.48459999997
1612000,2405.2352,14238.5176,61950.6425,-515951.8099,-437357.4146,-454001.1674
1613000,2369.347,14259.6818,62098.323,-516379.6668,-437652.315,-454281.34380000003
1614000,2394.1434,14298.8523,62080.6756,-515681.2547,-436907.5834,-453600.5791
1615000,2352.222,14362.9363,62050.994,-516091.4604,-437325.30809999997,-454040.4664
1616000,2375.9655,14299.9887,62823.6201,-517019.4405,-437519.86620000005,-454195.8204
1617000,2362.8234,14341.5114,61645.3238,-515979.4894,-437629.8308,-454334.1656
1618000,2348.6481,14187.8475,62405.8069,-517034.3181,-438092.0156,-454628.51119999995
1619000,2383.8123,14307.1703,61827.5827,-515539.6621,-437021.0968,-453712.07940000005
1620000,2395.1747,14249.2544,61945.1365,-515739.837,-437150.27139999997,-453794.7005
1621000,2382.913,14281.0486,62098.1699,-516394.8462,-437632.7147,-454296.67630000005
1622000,2362.9202,14258.7807,61515.7743,-515416.5559,-437279.0807,-453900.7816
1623000,2369.8597,14266.7676,61863.5455,-516118.0174,-437617.8446,-454254.4719
1624000,2381.1216,14329.0531,61708.4875,-515848.5759,-437429.9137,-454140.0884
1625000,2386.8378,14347.6106,61521.8073,-515257.151,-437000.8953,-453735.3437
1626000,2407.4243,14304.4291,62213.109,-516437.7412,-437512.7788,-454224.6322
1627000,2404.4865,14247.6479,61799.1874,-516298.4536,-437847.1318,-454499.2662
1628000,2389.6801,14351.9728,62034.0065,-515629.6737,-436854.0143,-453595.66719999997
1629000,2407.4587,14326.8355,62123.0389,-515562.7482,-436705.4151,-453439.7093
1630000,2359.0183,14282.8161,61667.8963,-515356.8319,-437047.1012,-453688.93559999997
1631000,2340.5739,14235.2301,61880.6849,-516045.8587,-437589.3698,-454165.1738
1632000,2368.9135,14365.2392,61992.15,-516164.7833,-437438.4806,-454172.6333
1633000,2379.6115,14238.6704,61475.6481,-515543.7995,-437449.86950000003,-454068.15140000003
1634000,2396.4188,14331.075,61501.0679,-515410.6723,-437182.11059999996,-453909.60439999995
1635000,2366.2936,14308.7334,61954.3822,-515690.5071,-437061.0979,-453736.1249
1636000,2416.4002,14398.0408,61770.7596,-516069.9065,-437484.7059,-454299.1469
1637000,2367.1039,14341.0606,61807.0239,-516054.6464,-437539.45800000004,-454247.62250000006
1638000,2408.4795,14337.794,62087.3825,-515997.4207,-437163.7647,-453910.0382
1639000,2383.4171,14208.252,61927.4075,-516201.4843,-437682.4077,-454274.07680000004
1640000,2392.7286,14335.6019,61991.7997,-516108.2872,-437388.157,-454116.48750000005
1641000,2381.4595,14375.7412,62233.5863,-516670.0327,-437679.24569999997,-454436.44639999996
1642000,2384.2859,14327.2489,61650.2042,-516297.2043,-437935.4653,-454647.0001
1643000,2371.5114,14343.6269,62121.8727,-516483.0549,-437646.0439,-454361.1822
1644000,2372.9174,14236.2713,61836.7634,-515825.9172,-437379.96510000003,-453989.15380000003
1645000,2394.6428,14333.85,61837.5742,-516252.8339,-437686.76690000005,-454415.25970000005
1646000,2416.0086,14493.3835,61926.6897,-516484.6767,-437648.5949,-454557.987
1647000,2370.4028,14269.6936,62111.0866,-516715.4645,-437964.2815,-454604.3779
1648000,2361.9475,14339.3537,61950.3569,-515373.3624,-436721.7043,-453423.00549999997
1649000,2393.0338,14327.2661,61335.8132,-514969.7527,-436913.6396,-453633.93950000004
1650000,2395.3395,14347.0574,61839.8185,-516188.4786,-437606.2632,-454348.6601
1651000,2383.039,14315.1722,61488.7428,-515373.8417,-437186.88769999996,-453885.0989
1652000,2372.3541,14408.7577,61846.512,-515797.8177,-437170.1939,-453951.3057
1653000,2406.8152,14447.8626,61773.8705,-515288.358,-436659.8097,-453514.4875
1654000,2369.0856,14297.0538,62259.5236,-516547.962,-437622.299,-454288.4384
1655000,2381.1478,14396.2024,62349.9337,-516750.7813,-437623.4974,-454400.8476
1656000,2365.7815,14349.7104,61849.5034,-516134.3561,-437569.36079999997,-454284.8527
1657000,2399.9921,14273.1943,62404.6343,-516916.1345,-437838.3138,-454511.5002
1658000,2344.1395,14266.6258,62113.9666,-516342.5958,-437617.8639,-454228.6292
1659000,2370.3256,14266.6598,62183.1582,-516948.2089,-438128.0653,-454765.0507
1660000,2363.7272,14292.3615,61805.4872,-516267.3976,-437805.82170000003,-454461.91040000005
1661000,2432.0974,14394.7934,61800.6751,-516007.8434,-437380.2775,-454207.1683
1662000,2356.1106,14244.132,62441.2782,-516598.2482,-437556.7274,-454156.97
1663000,2326.2693,14320.8106,62054.6385,-516653.0412,-437951.32279999997,-454598.4027
1664000,2384.5442,14249.2926,61396.6258,-515473.8126,-437443.35,-454077.1868
1665000,2401.4842,14398.3418,61873.8938,-516736.4653,-438062.74549999996,-454862.57149999996
1666000,2397.176,14295.263,62341.7817,-516917.8493,-437883.6286,-454576.0676
1667000,2370.8269,14284.8418,62026.9723,-516554.0042,-437871.3632,-454527.0319
1668000,2431.3853,14364.8378,62210.8314,-516211.955,-437204.9005,-454001.1236
1669000,2406.0335,14400.2399,61439.62,-515308.2991,-437062.4057,-453868.6791
1670000,2385.7109,14345.3288,62004.5666,-515692.2979,-436956.6916,-453687.7313
1671000,2379.8778,14270.0027,62850.4023,-517105.0375,-437604.7547,-454254.63519999996
1672000,2381.0738,14282.1143,62237.844,-516900.1003,-437999.0682,-454662.2563
1673000,2381.2704,14379.187,61558.7708,-516130.1119,-437810.8837,-454571.3411
1674000,2407.7034,14261.9805,61953.4459,-516200.7298,-437577.6,-454247.2839
1675000,2381.83,14314.6965,61922.4797,-516132.493,-437513.4868,-454210.0133
1676000,2383.2252,14332.7439,62595.8132,-516908.358,-437596.57570000004,-454312.54480000003
1677000,2332.3759,14229.0857,62204.9994,-516158.9768,-437392.5158,-453953.9774
1678000,2386.8959,14305.2515,61746.2671,-515974.5041,-437536.0896,-454228.237
1679000,2373.4473,14298.265,61581.1614,-515085.8372,-436832.9635,-453504.6758
1680000,2366.836,14288.4517,62019.3979,-516402.8831,-437728.1975,-454383.4852
1681000,2351.3289,14339.3398,61659.9582,-516455.5053,-438104.87840000005,-454795.5471
1682000,2389.6661,14376.7991,61869.9865,-516583.6568,-437947.2051,-454713.6703
1683000,2384.1452,14235.7295,62055.0924,-516010.0372,-437335.0701,-453954.9448
1684000,2385.4337,14304.4845,61757.1853,-516257.3949,-437810.2914,-454500.2096
1685000,2420.6954,14350.1876,61922.3542,-516306.3222,-437613.08499999996,-454383.968
1686000,2396.4599,14397.8302,62447.2216,-516520.8849,-437279.37320000003,-454073.6633
1687000,2372.9504,14442.1608,62212.3494,-516898.1322,-437870.6716,-454685.7828
1688000,2368.7845,14257.4048,61828.0408,-515867.4151,-437413.185,-454039.37429999997
1689000,2370.3782,14361.1258,62023.6458,-516304.3526,-437549.20279999997,-454280.7068
1690000,2379.3025,14325.2798,61839.6085,-515557.5707,-437013.37989999994,-453717.96219999995
1691000,2368.2271,14283.733,62261.5625,-516319.1058,-437405.5832,-454057.5433
1692000,2360.2935,14223.4866,62369.6344,-516591.7149,-437638.3004,-454222.08050000004
1693000,2387.4117,14222.6749,62119.23,-516314.5126,-437585.196,-454195.28260000004
1694000,2326.2406,14230.0757,61404.1939,-515349.8067,-437389.29650000005,-453945.6128
1695000,2395.6642,14268.4627,61976.0153,-515904.2491,-437264.1069,-453928.23380000005
1696000,2399.0594,14379.1829,61966.6765,-516464.7413,-437719.8225,-454498.0648
1697000,2380.3077,14373.9368,61715.4458,-515040.744,-436571.0537,-453325.2982
1698000,2362.2777,14257.5811,62056.4022,-516089.3593,-437413.0983,-454032.9571
1699000,2395.8115,14267.978,62045.4323,-516838.0306,-438128.8088,-454792.5983
1700000,2394.2057,14324.1786,61762.8921,-515639.5276,-437158.25119999994,-453876.6355
1701000,2386.4922,14300.9998,61988.49,-515831.3899,-437155.4079,-453842.8999
1702000,2387.4915,14378.978,61651.6778,-515610.5036,-437192.3563,-453958.8258
1703000,2347.8753,14211.0699,62130.3972,-516768.7924,-438079.44999999995,-454638.39519999997
1704000,2383.4926,14261.175,61993.4949,-515960.2854,-437322.12289999996,-453966.7905
1705000,2390.6521,14374.0268,61695.8818,-516384.1209,-437923.56019999995,-454688.2391
1706000,2403.3581,14337.1018,61991.7292,-516912.9415,-438180.7524,-454921.2123
1707000,2391.9996,14378.865,62401.5697,-517348.9317,-438176.4974,-454947.362
1708000,2407.7399,14233.1802,61680.2068,-517021.4788,-438700.3519,-455341.272
1709000,2395.8499,14426.0607,62318.4543,-517135.0649,-437994.7,-454816.6106
1710000,2375.0084,14348.211,62116.2287,-517072.6182,-438233.17010000005,-454956.38950000005
1711000,2399.0582,14382.1184,62134.113,-516474.2603,-437558.97070000006,-454340.1473
1712000,2393.8647,14488.3896,62087.7177,-517121.9539,-438151.9819,-455034.23620000004
1713000,2377.2579,14350.9538,61904.7368,-516498.6234,-437865.6749,-454593.88659999997
1714000,2371.8631,14357.7497,62402.2132,-516843.1646,-437711.3386,-454440.9514
1715000,2361.3861,14242.7844,61604.7612,-515874.4359,-437665.50419999997,-454269.6747
1716000,2349.1665,14377.3243,62205.0802,-517021.9525,-438090.3815,-454816.87230000005
1717000,2374.365,14277.3676,62482.341,-517238.3777,-438104.3041,-454756.0367
1718000,2358.841,14307.0518,62287.8302,-516488.8567,-437535.1337,-454201.02650000004
1719000,2366.2721,14326.0713,61202.7787,-516073.2271,-438178.105,-454870.4484
1720000,2396.4322,14278.0798,62013.0635,-516657.555,-437969.9795,-454644.4915
1721000,2374.0501,14344.4307,62615.9317,-517009.0937,-437674.6812,-454393.162
1722000,2373.3069,14370.6554,61757.2775,-515723.8189,-437222.57910000003,-453966.5414
1723000,2375.1666,14288.2293,61650.581,-516091.3241,-437777.3472,-454440.7431
1724000,2351.7034,14268.8531,62551.0363,-517593.5344,-438421.9416,-455042.4981
1725000,2408.7016,14260.6037,61552.3332,-515788.9534,-437567.3149,-454236.6202
1726000,2404.6617,14398.6474,61775.4069,-515798.3225,-437219.6065,-454022.9156
1727000,2367.8262,14410.2197,61746.7398,-516137.722,-437612.9363,-454390.9822
1728000,2375.7395,14302.9669,61915.4544,-515641.8393,-437047.6785,-453726.3849
1729000,2406.2672,14447.8802,62087.248,-516565.0734,-437623.678,-454477.8254
1730000,2397.3097,14284.0759,62162.0431,-516096.2268,-437252.7981,-453934.1837
1731000,2392.5648,14313.9365,62126.3799,-516198.6088,-437365.7276,-454072.2289
1732000,2346.9529,14299.0654,62095.034,-516202.0339,-437460.9816,-454106.9999
1733000,2365.8022,14380.759,62386.1434,-516954.6217,-437821.9171,-454568.4783
1734000,2384.6431,14266.9247,62485.1978,-516923.7392,-437786.9736,-454438.5414
1735000,2376.7179,14417.813,62643.9557,-517224.1872,-437785.7006,-454580.2315
1736000,2378.8072,14306.5332,61667.9308,-516264.7128,-437911.44159999996,-454596.782
1737000,2389.4147,14426.9342,61658.3931,-516073.8713,-437599.12930000003,-454415.4782
1738000,2395.5396,14335.3588,61293.6211,-515017.6285,-436993.109,-453724.0074
1739000,2392.1905,14262.0261,62131.0416,-515965.2098,-437179.95160000003,-453834.1682
1740000,2367.0146,14304.6469,61702.4648,-515809.856,-437435.7297,-454107.3912
1741000,2371.9066,14250.1741,62037.4154,-516462.3115,-437802.8154,-454424.8961
1742000,2380.8824,14307.8126,62513.3828,-516857.5311,-437655.45330000005,-454344.1483
1743000,2407.8872,14310.7154,61782.8286,-515763.3202,-437261.889,-453980.4916
1744000,2374.4719,14438.8349,62052.3255,-516968.1687,-438102.5364,-454915.8432
1745000,2367.5105,14208.9823,62674.7416,-517779.1478,-438527.91339999996,-455104.40619999997
1746000,2379.145,14307.7941,62139.2682,-516625.5807,-437799.3734,-454486.3125
1747000,2376.2679,14252.7351,62211.398,-517342.1605,-438501.7595,-455130.7625
1748000,2397.1419,14402.3147,62375.4486,-517519.1198,-438344.21459999995,-455143.6712
1749000,2402.2202,14374.1737,61918.6113,-516228.5039,-437533.4987,-454309.8926
1750000,2383.7266,14324.5612,61973.6751,-515956.6617,-437274.6988,-453982.9866
1751000,2414.7114,14355.9336,61867.9317,-515979.4009,-437340.82420000003,-454111.4692
1752000,2396.0029,14332.4969,62394.5339,-515952.1398,-436829.1061,-453557.6059
1753000,2367.1377,14346.7224,62268.6315,-516985.8824,-438003.3908,-454717.2509
1754000,2416.4613,14208.6028,61740.6251,-515346.8939,-436981.2047,-453606.2688
1755000,2367.1699,14230.426,62354.7862,-516213.7487,-437261.3666,-453858.9625
1756000,2374.2958,14319.4906,61596.0716,-515003.7432,-436713.8852,-453407.6716
1757000,2397.8913,14321.1871,61960.0191,-515611.5787,-436932.48120000004,-453651.55960000004
1758000,2376.2986,14418.2831,62161.7136,-516720.5062,-437764.2109,-454558.7926
1759000,2377.6525,14354.8511,62190.1951,-516630.1339,-437707.4352,-454439.9388
1760000,2386.6799,14294.3134,61950.4896,-515920.3762,-437288.8933,-453969.88659999997
1761000,2422.747,14354.5866,61987.1203,-515965.02,-437200.5661,-453977.8997
1762000,2369.5976,14256.8253,61345.0959,-515673.9469,-437702.42809999996,-454328.85099999997
1763000,2395.3414,14349.1102,62148.8346,-517011.2237,-438117.9375,-454862.3891
1764000,2394.7098,14368.4543,62673.9959,-516890.2057,-437453.0457,-454216.2098
1765000,2358.7159,14278.3536,61828.8527,-516468.8669,-438002.9447,-454640.01420000003
1766000,2378.2127,14298.8677,62086.55,-516401.7686,-437638.13820000004,-454315.2186
1767000,2406.256,14357.2471,61666.1908,-516329.593,-437899.8991,-454663.4022
1768000,2365.6117,14382.2173,62257.0587,-515981.5135,-436976.6258,-453724.4548
1769000,2386.7043,14218.8386,61595.3112,-515972.9361,-437772.082,-454377.6249
1770000,2339.997,14244.143,62091.1417,-516363.2598,-437687.9781,-454272.1181
1771000,2382.5921,14247.4824,61901.622,-515847.7418,-437316.0453,-453946.1198
1772000,2364.1256,14245.1695,62500.2089,-517231.0145,-438121.5105,-454730.80559999996
1773000,2411.8245,14290.1632,61090.6097,-514913.0314,-437120.434,-453822.42169999995
1774000,2395.2251,14347.4575,62058.6527,-516399.4143,-437598.079,-454340.7616
1775000,2391.0278,14373.0745,61442.1898,-516058.9806,-437852.68850000005,-454616.7908
1776000,2357.1412,14359.86,61907.3144,-516499.4092,-437875.0936,-454592.09479999996
1777000,2420.2443,14304.3513,61963.4478,-516463.3505,-437775.3071,-454499.9027
1778000,2364.9883,14392.2835,61715.4014,-516304.4708,-437831.7976,-454589.06940000004
1779000,2365.3926,14359.359,62310.1936,-516599.8545,-437564.9093,-454289.6609
1780000,2391.6134,14389.3814,61853.212,-516101.6414,-437467.43460000004,-454248.4294
1781000,2375.5237,14268.3453,61749.7141,-516196.6192,-437803.0361,-454446.90510000003
1782000,2398.35,14435.0488,61883.2109,-515906.617,-437190.00730000006,-454023.4061
1783000,2416.7205,14332.3393,62520.5596,-516998.2979,-437728.67850000004,-454477.7383
1784000,2400.7157,14308.8295,62322.2345,-516711.8653,-437680.0856,-454389.6308
1785000,2384.2948,14393.9069,62287.0484,-516625.2044,-437559.9543,-454338.15599999996
1786000,2370.7377,14238.7692,62543.3449,-516917.2238,-437764.372,-454373.8789
1787000,2366.3091,14340.0326,61845.8365,-515982.9258,-437430.7476,-454137.08930000005
1788000,2352.7292,14289.8404,62227.2397,-516358.4828,-437488.67350000003,-454131.2431
1789000,2359.6628,14279.0412,61611.1684,-515927.9588,-437678.08640000003,-454316.7904
1790000,2377.6958,14359.466,61967.7839,-515714.7092,-437009.7635,-453746.9253
1791000,2380.3264,14254.39,62428.9668,-516761.7527,-437698.0695,-454332.7859
1792000,2382.0736,14313.8231,62379.9728,-516904.8859,-437829.01639999996,-454524.9131
1793000,2390.0245,14280.3402,62278.3074,-517359.7273,-438411.05520000006,-455081.41990000004
1794000,2360.8362,14270.9211,62761.2132,-517673.3836,-438280.4131,-454912.1704
1795000,2384.0152,14281.201,61800.5406,-515678.2136,-437212.45680000004,-453877.673
1796000,2386.9556,14372.5223,62139.5519,-516773.8586,-437874.82879999996,-454634.30669999996
1797000,2397.1369,14455.9278,61854.8636,-515754.2565,-437046.3282,-453899.39290000004
1798000,2362.1412,14427.1491,62155.6237,-516561.6234,-437616.7094,-454405.9997
1799000,2389.0653,14303.6445,62049.0098,-515979.3856,-437237.66599999997,-453930.3758
1800000,2395.7717,14282.3197,61462.8313,-515647.1011,-437506.17840000003,-454184.2698
1801000,2383.4729,14361.3721,62217.1613,-516081.6038,-437119.5975,-453864.4425
1802000,2378.8602,14312.5814,61921.4905,-515914.9729,-437302.04079999996,-453993.4824
1803000,2388.3599,14335.712,61780.4227,-515671.0828,-437166.5882,-453890.6601
1804000,2369.3552,14264.5082,62001.1971,-516707.5099,-438072.44940000004,-454706.3128
1805000,2361.3554,14300.5236,62155.471,-516868.4692,-438051.11919999996,-454712.9982
1806000,2420.7827,14314.2984,61866.7839,-515762.2446,-437160.3796,-453895.4607
1807000,2361.9243,14312.3807,62335.487,-517435.9289,-438426.1369,-455100.4419
1808000,2351.4872,14349.7072,62116.6177,-516588.8557,-437771.0436,-454472.238
1809000,2387.568,14420.6036,62391.5122,-516285.2587,-437085.5749,-453893.7465
1810000,2416.8639,14430.363,61549.2535,-516049.4938,-437653.0134,-454500.2403
1811000,2369.0545,14224.7579,61870.2932,-516436.2748,-437972.1692,-454565.9816
1812000,2423.7893,14283.5381,62261.3453,-516888.3585,-437919.6858,-454627.0132
1813000,2389.1073,14339.9355,62592.6429,-517158.5043,-437836.8186,-454565.8614
1814000,2394.7668,14278.6528,62215.3699,-516552.6402,-437663.8507,-454337.27030000003
1815000,2380.4246,14282.9774,61809.5661,-515733.4997,-437260.5316,-453923.9336
1816000,2391.5402,14288.4303,61996.5287,-515911.1237,-437234.6245,-453914.595
1817000,2358.534,14242.4758,61875.0477,-516076.5964,-437600.5389,-454201.5487
1818000,2386.1832,14385.1483,62081.5864,-515903.9573,-437051.0394,-453822.3709
1819000,2383.2952,14297.5785,62095.5594,-516317.2958,-437540.86270000006,-454221.73640000005
1820000,2331.5501,14254.0483,62211.8818,-516523.6019,-437726.1217,-454311.72010000004
1821000,2389.6669,14345.7877,61739.1568,-515617.0395,-437142.4281,-453877.8827
1822000,2361.922,14338.88,61964.7979,-515913.067,-437247.4671,-453948.2691
1823000,2386.7977,14348.5521,61608.8154,-516057.65,-437713.48480000003,-454448.8346
1824000,2397.634,14353.8383,61700.8335,-515066.3609,-436614.0551,-453365.5274
1825000,2354.0436,14340.888,61697.5084,-515711.9114,-437319.4714,-454014.403
1826000,2375.2848,14351.9693,61954.9014,-516314.5188,-437632.3633,-454359.6174
1827000,2373.5223,14205.1517,62125.3333,-516670.0227,-437966.0154,-454544.6894
1828000,2386.8448,14368.9545,61791.3251,-516277.9955,-437730.8711,-454486.6704
1829000,2375.5746,14340.545,61687.2609,-516042.5114,-437639.1309,-454355.2505
1830000,2347.7948,14317.2191,62185.8003,-516255.5715,-437404.7573,-454069.7712
1831000,2367.9043,14471.9806,62339.5464,-516976.8881,-437797.4568,-454637.3417
1832000,2416.7696,14398.2948,62378.1484,-516461.1147,-437267.9019,-454082.9663
1833000,2389.8162,14350.825,61597.6939,-515448.4722,-437110.13710000005,-453850.7783
1834000,2375.954,14316.9298,61917.4287,-515503.3874,-436893.0749,-453585.9587
1835000,2377.4741,14359.9405,61467.0777,-515416.4104,-437211.9181,-453949.33269999997
1836000,2368.9329,14397.0839,62113.3168,-516421.658,-437542.3244,-454308.3412
1837000,2354.3395,14321.0891,61675.8016,-515234.804,-436883.5738,-453559.0024
1838000,2389.7346,14366.8528,62162.5662,-516755.8245,-437836.67089999997,-454593.2583
1839000,2363.349,14323.9236,62035.3738,-516254.8291,-437532.1827,-454219.4553
1840000,2344.9966,14359.0097,61738.3788,-515519.6883,-437077.30319999997,-453781.3095
1841000,2387.2538,14324.1738,62173.1047,-516950.539,-438066.00669999997,-454777.43429999996
1842000,2387.2239,14368.4393,61488.7987,-515828.5449,-437584.083,-454339.7462
1843000,2403.0689,14390.5877,62465.7646,-516272.9027,-437013.4815,-453807.1381
1844000,2376.4613,14386.4526,62307.8622,-516635.7357,-437564.9596,-454327.8735
1845000,2354.6763,14406.3921,61938.6275,-516126.7739,-437427.078,-454188.14639999997
1846000,2388.5261,14386.7292,62071.5488,-515984.1614,-437137.3573,-453912.6126
1847000,2386.8934,14286.9559,62634.9556,-517278.2099,-437969.405,-454643.25430000003
1848000,2396.3411,14316.8514,61842.4437,-515680.8749,-437125.2387,-453838.4312
1849000,2377.5587,14329.1853,61719.3112,-515958.5036,-437532.4484,-454239.1924
1850000,2381.7617,14215.5194,62139.4875,-515908.8822,-437172.1136,-453769.3947
1851000,2363.8934,14340.8905,61738.8651,-516061.3929,-437617.7439,-454322.5278
1852000,2382.4205,14282.6092,61823.2647,-515365.6676,-436877.3732,-453542.4029
1853000,2383.3758,14310.0903,61764.373,-515495.3395,-437037.5004,-453730.9665
1854000,2378.7327,14321.6627,61985.899,-516168.2121,-437481.9177,-454182.3131
1855000,2381.5666,14325.4903,62587.6951,-516781.8119,-437487.0599,-454194.11679999996
1856000,2384.322,14310.4917,61428.188,-515011.9584,-436888.9567,-453583.7704
1857000,2381.476,14306.5868,61571.669,-515107.6212,-436847.8894,-453535.9522
1858000,2354.9491,14236.1207,61792.3931,-515285.9421,-436902.4792,-453493.549
1859000,2374.5735,14277.0447,62606.2305,-517089.0235,-437831.17480000004,-454482.793
1860000,2387.4582,14337.0732,61749.2308,-515930.3738,-437456.6116,-454181.143
1861000,2413.1645,14448.3552,61454.0067,-515218.5462,-436903.0198,-453764.53949999996
1862000,2406.7448,14402.0293,61745.1664,-515343.9742,-436790.0337,-453598.8078
1863000,2363.0591,14271.8302,62199.0608,-516310.7859,-437476.8358,-454111.72510000004
1864000,2360.643,14448.4207,62375.324,-516547.3942,-437363.0065,-454172.07019999996
1865000,2363.4721,14322.0021,62102.3422,-515904.516,-437116.6996,-453802.1738
1866000,2390.4086,14335.3492,62481.1929,-516570.5375,-437363.5868,-454089.34459999995
1867000,2378.8309,14346.4786,61426.6782,-514720.6689,-436568.6812,-453293.99069999997
1868000,2374.4952,14403.6773,62184.1901,-516095.9935,-437133.6309,-453911.8034
1869000,2416.4458,14326.9031,61998.2365,-516333.0274,-437591.44200000004,-454334.7909
1870000,2328.0114,14348.6563,61822.7749,-516405.4466,-437906.004,-454582.6717
1871000,2344.6623,14340.5534,61261.3932,-515446.3855,-437499.7766,-454184.9923
1872000,2389.7796,14376.0128,62546.3442,-517684.5373,-438372.4007,-455138.19310000003
1873000,2407.6958,14420.7544,62273.3412,-516568.4691,-437466.6777,-454295.12789999996
1874000,2388.0611,14289.618,61755.3435,-515737.437,-437304.4144,-453982.09349999996
1875000,2410.2167,14366.0873,62213.7673,-515887.2504,-436897.1791,-453673.4831
1876000,2335.4113,14233.641,62172.7779,-515686.1273,-436944.29709999997,-453513.3494
1877000,2385.3979,14298.5909,61727.1252,-515643.9882,-437232.8742,-453916.863
1878000,2397.5799,14179.5045,61997.8473,-515858.9649,-437284.0332,-453861.1176
1879000,2334.8574,14298.1459,62061.2921,-516704.2882,-438009.9928,-454642.9961
1880000,2345.1261,14330.2725,61572.0869,-515805.2598,-437557.7743,-454233.1729
1881000,2365.0651,14378.3777,62271.9991,-516659.7304,-437644.2885,-454387.7313
1882000,2386.7229,14249.2489,62182.1695,-517053.7083,-438235.567,-454871.5388
1883000,2395.1631,14346.6662,62394.3491,-517525.2987,-438389.12029999995,-455130.9496
1884000,2372.4437,14271.4154,62533.1619,-517748.5034,-438571.4824,-455215.3415
1885000,2385.7014,14284.1051,62286.4086,-516525.9165,-437569.7014,-454239.50789999997
1886000,2380.4205,14287.0323,61485.15,-515709.931,-437557.3282,-454224.78099999996
1887000,2400.5672,14336.6371,62103.8103,-517092.5989,-438251.5843,-454988.78859999997
1888000,2382.3749,14422.0253,62639.8576,-517042.3457,-437598.0879,-454402.4881
1889000,2369.7405,14336.8565,62125.4494,-516680.9397,-437848.8933,-454555.4903
1890000,2399.9642,14375.6162,62088.3354,-516147.8445,-437283.9287,-454059.5091
1891000,2385.8209,14250.605,61679.2231,-516043.2521,-437727.60309999995,-454364.029
1892000,2368.8503,14353.8737,61722.522,-515774.4767,-437329.2307,-454051.9547
1893000,2373.6558,14302.0714,62266.2709,-516719.8345,-437777.83640000003,-454453.5636
1894000,2400.3493,14423.9806,62293.4087,-516620.2987,-437502.5601,-454326.89
1895000,2356.6651,14337.8541,61981.3948,-516580.064,-437904.15,-454598.6692
1896000,2368.8717,14323.9152,62250.5436,-516737.0586,-437793.7281,-454486.515
1897000,2425.0656,14361.917,61726.7092,-515904.5895,-437390.8977,-454177.8803
1898000,2404.9018,14241.4174,61901.819,-516316.1069,-437767.9687,-454414.2879
1899000,2386.5385,14322.8858,61569.9593,-515564.6321,-437285.2485,-453994.6728
1900000,2355.1412,14381.6489,62085.0904,-516156.9657,-437335.0852,-454071.8753
1901000,2383.018,14325.8689,61603.9409,-516016.4951,-437703.6673,-454412.5542
1902000,2363.0873,14182.0321,61973.6715,-515941.2257,-437422.43480000005,-453967.5542
1903000,2342.5317,14351.7385,62461.3617,-516931.1853,-437775.5534,-454469.8236
1904000,2413.9635,14273.6459,62041.0359,-515978.792,-437250.14670000004,-453937.7561
1905000,2373.653,14216.1517,61880.6139,-516254.5831,-437784.16449999996,-454373.9692
1906000,2376.0518,14266.6007,62093.6896,-516231.5025,-437495.1604,-454137.8129
1907000,2381.277,14195.4383,62648.1134,-516735.1296,-437510.3009,-454087.01619999995
1908000,2362.4037,14324.3176,61759.327,-515813.0239,-437366.9756,-454053.6969
1909000,2372.131,14311.8764,61897.8693,-515974.0453,-437392.1686,-454076.176
1910000,2396.1937,14209.6781,61552.825,-515849.6914,-437690.9946,-454296.8664
1911000,2413.5066,14351.0689,62047.4896,-516525.1877,-437713.1226,-454477.69810000004
1912000,2369.518,14359.6959,62129.9785,-516159.1674,-437299.975,-454029.18889999995
1913000,2373.866,14398.0569,61800.4301,-516695.0248,-438122.6718,-454894.5947
1914000,2368.7756,14374.7349,62110.582,-516923.5379,-438069.44539999997,-454812.9559
1915000,2424.4757,14346.0355,61905.5958,-516127.7,-437451.593,-454222.1042
1916000,2411.2119,14310.4826,61719.0133,-515731.148,-437290.44019999995,-454012.1347
1917000,2409.8682,14278.1581,61343.7121,-515204.5804,-437172.84199999995,-453860.8683
1918000,2361.2251,14244.1122,61930.2943,-516240.6366,-437705.005,-454310.3423
1919000,2386.9264,14207.786,61842.3683,-516062.3732,-437625.2925,-454220.00489999994
1920000,2368.8747,14274.9393,62043.4417,-516483.8686,-437796.61289999995,-454440.42689999996
1921000,2349.2181,14265.6184,61268.6603,-515072.9412,-437189.44440000004,-453804.2809
1922000,2374.3387,14371.2383,61225.5603,-515294.9113,-437323.774,-454069.35099999997
1923000,2415.9737,14294.5964,62011.0395,-516408.0435,-437686.43390000006,-454397.004
1924000,2372.1899,14326.712,62055.5234,-516969.3427,-438214.9174,-454913.8193
1925000,2360.5835,14248.9611,61747.2598,-516469.9796,-438113.17520000006,-454722.7198
1926000,2389.5582,14334.9743,61997.3991,-516053.084,-437331.15239999996,-454055.6849
1927000,2407.5047,14313.389,61972.5576,-516086.8964,-437393.4451,-454114.3388
1928000,2384.8744,14291.26,61439.2609,-516255.8768,-438140.4815,-454816.61590000003
1929000,2376.3399,14311.489,61909.7138,-516518.7592,-437921.2165,-454609.04539999994
1930000,2349.0154,14247.3843,61941.4525,-516049.9639,-437512.1117,-454108.51139999996
1931000,2415.7346,14286.6802,62043.5864,-516132.1042,-437386.103,-454088.51780000003
1932000,2360.6094,14219.2613,62077.2238,-515472.3004,-436815.2059,-453395.07660000003
1933000,2416.9973,14357.3782,61942.4547,-516307.7054,-437590.8752,-454365.2507
1934000,2392.8863,14231.5993,61925.5482,-515808.3188,-437258.28500000003,-453882.7706
1935000,2368.7143,14297.7728,62055.0463,-516125.4975,-437403.9641,-454070.4512
1936000,2408.4943,14431.2815,61703.2869,-516476.9363,-437933.8736,-454773.6494
1937000,2335.4169,14341.7144,62025.3266,-515878.0496,-437175.5917,-453852.723
1938000,2382.1216,14339.9657,61276.5127,-515026.5213,-437027.92130000005,-453750.0086
1939000,2379.8211,14310.4233,61825.4,-515256.2146,-436740.5702,-453430.8146
1940000,2397.8336,14265.1594,62433.6172,-516059.6603,-436963.0501,-453626.0431
1941000,2419.0407,14289.0576,62450.0296,-516892.9734,-437734.8455,-454442.9438
1942000,2373.0449,14313.1598,62157.6293,-516481.2716,-437637.43759999995,-454323.64229999995
1943000,2406.1602,14308.2879,61940.3496,-516456.8594,-437802.0617,-454516.5098
1944000,2376.2927,14266.7149,61855.4293,-516182.7683,-437684.3314,-454327.339
1945000,2362.9066,14248.9504,62133.3222,-516719.6071,-437974.4279,-454586.2849
1946000,2378.6235,14271.8678,62212.4219,-516689.9828,-437827.0696,-454477.5609
1947000,2397.3482,14268.9268,61334.055,-515242.7079,-437242.37789999996,-453908.6529
1948000,2397.7457,14393.747,61799.1914,-516285.2748,-437694.5907,-454486.0834
1949000,2390.2702,14271.2633,62220.8795,-516549.9259,-437667.5129,-454329.0464
1950000,2336.0998,14351.0788,61904.8622,-516145.1254,-437553.0846,-454240.26320000004
1951000,2393.4063,14331.2281,61704.7605,-515687.2245,-437257.8296,-453982.46400000004
1952000,2401.5596,14302.9094,61857.2112,-515960.8626,-437399.1824,-454103.6514
1953000,2361.7783,14246.2705,61985.9066,-515824.227,-437230.2716,-453838.3204
1954000,2381.4491,14404.8324,62055.6241,-515811.5716,-436969.666,-453755.9475
1955000,2395.2154,14295.4753,61643.5871,-516002.7062,-437668.42840000003,-454359.1191
1956000,2392.0836,14202.7048,61814.7785,-515053.8105,-436644.24360000005,-453239.032
1957000,2368.4322,14243.3758,62180.887,-516136.2139,-437343.51889999997,-453955.3269
1958000,2363.9719,14311.7436,62069.4168,-515965.5213,-437220.389,-453896.1045
1959000,2384.4681,14321.7859,61700.1041,-515812.675,-437406.3169,-454112.5709
1960000,2416.4319,14457.3291,61912.5196,-516189.8198,-437403.5392,-454277.3002
1961000,2354.4079,14240.7511,61591.8712,-515584.8745,-437397.8443,-453993.0033
1962000,2356.6278,14225.8035,61836.9499,-515851.6646,-437432.2834,-454014.7147
1963000,2370.2646,14340.6614,61750.4959,-515685.6638,-437224.24189999996,-453935.1679
1964000,2360.4266,14329.9494,62567.8629,-516928.2301,-437669.9912,-454360.3672
1965000,2399.4375,14384.3573,61751.3928,-516276.1846,-437740.997,-454524.7918
1966000,2399.4553,14326.3003,61523.2953,-515421.1055,-437172.05460000003,-453897.8102
1967000,2363.0992,14315.511,61794.6925,-516654.5729,-438181.2702,-454859.8804
1968000,2367.8998,14238.5968,61487.3551,-515710.0093,-437616.1576,-454222.6542
1969000,2387.3598,14299.8155,62186.9192,-516446.755,-437572.6605,-454259.8358
1970000,2366.4067,14240.6622,61976.1155,-516066.4684,-437483.284,-454090.3529
1971000,2365.2154,14290.8108,62178.1446,-516735.4397,-437901.2689,-454557.2951
1972000,2395.9737,14284.569,61770.8994,-516006.1366,-437554.69450000004,-454235.23720000003
1973000,2367.9507,14373.325,62113.885,-516478.6562,-437623.4955,-454364.7712
1974000,2386.6286,14256.9144,61604.7295,-515927.1353,-437678.8628,-454322.4058
1975000,2354.2089,14212.5139,61752.6923,-515425.3896,-437105.9745,-453672.6973
1976000,2386.1477,14377.1075,61708.1229,-516133.0654,-437661.6873,-454424.9425
1977000,2385.9104,14306.4824,62115.2242,-516097.2296,-437289.6126,-453982.0054
1978000,2357.353,14336.0317,62154.1105,-516274.3924,-437426.8972,-454120.2819
1979000,2368.9129,14247.1444,62192.2991,-517486.2823,-438677.92590000003,-455293.9832
1980000,2406.5151,14343.2875,62178.4088,-517230.4692,-438302.2578,-455052.0604
1981000,2400.0972,14327.9339,62338.7472,-516652.0593,-437585.281,-454313.31210000004
1982000,2373.4319,14341.7688,62133.5193,-517120.6254,-438271.90540000005,-454987.10610000003
1983000,2384.4905,14387.6782,62651.9534,-516974.7139,-437550.59179999994,-454322.7605
1984000,2371.544,14341.0004,61772.8642,-515894.6349,-437409.2263,-454121.7707
1985000,2360.9558,14350.7925,61868.8444,-515760.6977,-437180.105,-453891.8533
1986000,2349.0541,14145.0649,62022.236,-515837.4278,-437321.0728,-453815.19180000003
1987000,2378.2626,14337.4786,61615.4682,-515774.5898,-437443.3804,-454159.1216
1988000,2388.5047,14320.2127,61872.3753,-515848.1203,-437267.02760000003,-453975.745
1989000,2360.931,14289.6247,62348.7116,-516425.5193,-437426.252,-454076.8077
1990000,2395.0794,14292.5591,61865.8818,-515857.397,-437303.8767,-453991.5152
1991000,2401.9509,14311.0286,62185.1156,-515965.9477,-437067.8526,-453780.8321
1992000,2386.0143,14261.7622,62414.2459,-516855.6506,-437793.6282,-454441.4047
1993000,2399.7129,14336.596,61961.4635,-516203.2257,-437505.4533,-454241.7622
1994000,2358.7645,14323.1873,61614.7971,-515293.7538,-436997.0049,-453678.9567
1995000,2380.223,14270.2101,61459.0087,-515541.8612,-437432.4194,-454082.8525
1996000,2368.9946,14278.0036,62248.2322,-516545.4713,-437650.2409,-454297.2391
1997000,2371.2296,14281.2307,61543.4284,-515573.8198,-437377.9311,-454030.3914
1998000,2387.8337,14145.6588,62253.9766,-516360.3025,-437572.8334,-454106.3259
1999000,2372.7363,14269.5333,62303.7206,-517466.7478,-438520.7576,-455163.0272
2000000,2400.0769,14283.3241,62588.1178,-516740.645,-437469.12620000006,-454152.5272
2001000,2387.9438,14288.4533,61920.4277,-516663.7032,-438066.8784,-454743.2755
2002000,2391.7786,14306.4535,62556.9557,-517367.8576,-438112.6698,-454810.9019
2003000,2366.8098,14267.6175,62391.6561,-516923.0462,-437896.9628,-454531.39009999996
2004000,2360.1342,14198.0186,61953.7258,-515964.6919,-437452.8133,-454010.96609999996
2005000,2376.0556,14328.199,62416.4855,-517062.4946,-437941.7545,-454646.00909999997
2006000,2421.7149,14233.2826,62298.9853,-516419.0049,-437465.0221,-454120.0196
2007000,2386.9868,14241.8169,61716.0898,-516125.5864,-437780.69289999997,-454409.49659999995
2008000,2417.848,14346.842,62537.9851,-516360.957,-437058.2819,-453822.9719
2009000,2374.7491,14297.5542,62028.6805,-515681.0604,-436980.07660000003,-453652.3799
2010000,2365.4613,14270.4063,62351.7245,-516210.6337,-437223.0416,-453858.9092
2011000,2346.487,14262.5491,61846.7018,-516201.2717,-437745.5338,-454354.5699
2012000,2362.0345,14369.9199,61801.1278,-515740.3526,-437207.2704,-453939.22479999997
2013000,2375.718,14296.2155,61990.6399,-516187.2777,-437524.7043,-454196.63779999997
2014000,2382.9585,14223.7136,61829.4832,-516047.2433,-437611.088,-454217.76009999996
2015000,2364.7308,14274.4877,61660.5601,-515571.9686,-437272.19,-453911.4085
2016000,2393.3002,14337.8903,62482.8688,-516827.3597,-437613.30039999995,-454344.4909
2017000,2355.4557,14302.5327,62088.5141,-516185.1259,-437438.6234,-454096.61179999996
2018000,2389.6838,14378.791,61804.0455,-515924.4401,-437351.91980000003,-454120.3946
2019000,2408.2716,14289.1574,62247.2894,-516583.7143,-437638.9959,-454336.4249
2020000,2366.8203,14387.9344,61427.726,-515824.1214,-437641.6407,-454396.3954
2021000,2362.6833,14321.0384,62658.109,-517450.1361,-438108.3054,-454792.0271
2022000,2385.8132,14238.3308,61753.4346,-516485.2467,-438107.6681,-454731.81210000004
2023000,2390.8332,14292.2317,62288.2936,-516738.0303,-437766.6718,-454449.7367
2024000,2374.0481,14227.8815,62281.1694,-516130.7071,-437247.6081,-453849.5377
2025000,2387.6478,14332.4116,61937.4912,-515709.4467,-437051.8961,-453771.9555
2026000,2394.4682,14366.156,62330.2084,-516733.4204,-437642.5878,-454403.212
2027000,2358.7933,14366.4966,62131.3888,-516062.8416,-437206.1629,-453931.45279999997
2028000,2374.2799,14282.937,62426.5965,-516678.5281,-437594.7147,-454251.9316
2029000,2386.1884,14191.8165,62545.994,-516840.6495,-437716.6506,-454294.6555
2030000,2382.5364,14327.2097,62275.1354,-516564.9813,-437580.09979999997,-454289.84589999996
2031000,2361.1521,14269.1883,61873.44,-515809.2307,-437305.4503,-453935.7907
2032000,2371.7571,14357.1135,61937.8838,-516531.7011,-437864.9467,-454593.8173
2033000,2373.307,14342.8525,62214.2583,-516494.9101,-437564.4923,-454280.6518
2034000,2366.1257,14275.3603,61370.3689,-515465.5813,-437453.72640000004,-454095.2124
2035000,2367.334,14313.1591,62019.2867,-516310.1447,-437610.36490000004,-454290.858
2036000,2371.4141,14246.9234,62035.7324,-516279.5113,-437625.4414,-454243.77890000003
2037000,2389.3914,14345.9569,61812.3435,-516193.9594,-437646.2676,-454381.6159
2038000,2380.56,14342.0982,62215.391,-516866.9066,-437928.8574,-454651.5156
2039000,2394.9593,14244.0841,62118.8133,-516870.4432,-438112.5865,-454751.6299
2040000,2402.0743,14344.1414,61923.7841,-516065.5602,-437395.5604,-454141.7761
2041000,2364.2144,14297.4575,62118.1592,-516392.2893,-437612.4582,-454274.1301
2042000,2380.7755,14311.8833,62022.2561,-516612.6434,-437897.72849999997,-454590.3873
2043000,2377.1521,14344.5557,61566.0673,-515956.1832,-437668.4081,-454390.11590000003
2044000,2362.0575,14261.9214,61670.0953,-515751.2853,-437457.21109999996,-454081.19
2045000,2409.9402,14337.8274,62066.2096,-515977.3009,-437163.32369999995,-453911.0913
2046000,2409.4787,14286.0432,62077.9849,-516419.829,-437646.32220000005,-454341.84410000005
2047000,2327.9458,14281.2855,61730.9977,-515594.8471,-437254.6181,-453863.8494
2048000,2362.7164,14379.3696,61638.5066,-515735.2375,-437354.64489999996,-454096.73089999997
2049000,2378.1669,14284.6626,61760.068,-515609.147,-437186.24950000003,-453849.079
2050000,2409.5626,14343.145,61854.6683,-515968.1174,-437360.7415,-454113.44909999997
2051000,2373.9232,14411.1467,61693.7356,-516140.8619,-437662.0564,-454447.1263
2052000,2361.1644,14337.4058,61862.6451,-515641.4908,-437080.2755,-453778.8457
2053000,2390.2281,14282.1092,62000.5286,-515908.0767,-437235.2108,-453907.54809999996
2054000,2362.3247,14230.1904,61864.8911,-515616.509,-437159.1028,-453751.6179
2055000,2364.1612,14228.8862,61306.8911,-515574.4163,-437674.4778,-454267.5252
2056000,2399.1886,14323.4618,61213.2741,-515561.4322,-437625.50769999996,-454348.1581
2057000,2378.8814,14386.4551,61746.6565,-515985.8589,-437473.8659,-454239.2024
2058000,2383.7515,14377.8255,62343.4922,-516770.408,-437665.3388,-454426.9158
2059000,2412.8886,14384.5156,62070.5318,-517200.3763,-438332.4403,-455129.8445
2060000,2380.7592,14203.2826,61468.8873,-515438.9234,-437385.9943,-453970.0361
2061000,2365.6833,14250.1291,61961.7697,-515918.6861,-437341.104,-453956.9164
2062000,2344.3463,14289.7197,62000.0984,-516390.5418,-437756.3774,-454390.4434
2063000,2412.6099,14333.7135,61711.539,-515380.5796,-436922.7172,-453669.0406
2064000,2405.5265,14298.4207,61877.6113,-515999.1201,-437417.5616,-454121.5088
2065000,2368.8791,14331.0476,61634.9231,-515686.2108,-437351.36100000003,-454051.2877
2066000,2372.7123,14264.6856,62368.826,-516543.3713,-437537.1474,-454174.5453
2067000,2390.2817,14321.8699,61871.1068,-515334.8194,-436751.561,-453463.71259999997
2068000,2390.101,14305.5276,61884.538,-515989.4455,-437409.2789,-454104.9075
2069000,2383.7707,14306.226,61885.4636,-516135.803,-437560.34270000004,-454250.3394
2070000,2382.9888,14248.8772,61696.8782,-515931.191,-437602.4468,-454234.3128
2071000,2402.106,14237.035,61967.223,-515996.7394,-437390.3754,-454029.5164
2072000,2394.8348,14416.3652,61946.9807,-517184.3394,-438426.1587,-455237.3587
2073000,2379.8504,14310.2369,61972.5439,-517207.1723,-438544.5411,-455234.6284
2074000,2358.7889,14262.5528,62582.4984,-518056.0198,-438852.1797,-455473.5214
2075000,2396.5964,14242.1483,62072.342,-516257.5469,-437546.46020000003,-454185.2049
2076000,2379.7056,14279.0775,61761.6892,-516012.8341,-437592.36179999996,-454251.14489999996
2077000,2367.4754,14292.2543,61844.1171,-516186.8628,-437683.016,-454342.74569999997
2078000,2397.1277,14396.7754,61292.3897,-515774.5113,-437688.2185,-454482.1216
2079000,2362.0174,14308.7227,61670.9881,-515756.8367,-437415.1085,-454085.84859999997
2080000,2345.4048,14272.5613,62042.9677,-516647.5118,-437986.578,-454604.5441
2081000,2377.5427,14354.98,61863.1642,-516204.8203,-437609.13340000005,-454341.6561
2082000,2391.1678,14330.1097,61822.7172,-516533.4849,-437989.4902,-454710.76769999997
2083000,2377.2188,14334.0058,62126.2398,-516242.5426,-437405.0782,-454116.3028
2084000,2385.5762,14202.5425,61825.94,-515729.981,-437315.92230000003,-453904.041
2085000,2389.7914,14345.0112,61524.3474,-515503.9713,-437244.82129999995,-453979.6239
2086000,2380.5596,14319.9189,61766.3924,-515922.7873,-437455.91640000005,-454156.3949
2087000,2365.4312,14332.4873,61582.1704,-515792.7259,-437512.637,-454210.5555
2088000,2425.1243,14238.7653,61633.8339,-515859.5405,-437561.81700000004,-454225.70660000003
2089000,2397.8717,14365.8549,62135.7736,-516203.7026,-437304.2024,-454067.929
2090000,2375.7614,14229.2202,61552.0023,-516041.7436,-437884.7597,-454489.7413
2091000,2375.8778,14185.1985,61707.2025,-515914.6481,-437646.3693,-454207.4456
2092000,2361.2464,14235.6991,62105.1927,-516422.9971,-437720.8589,-454317.80439999996
2093000,2352.8426,14315.1287,61722.1161,-516616.9671,-438226.87970000005,-454894.851
2094000,2378.9866,14261.8688,62031.0439,-516500.1491,-437828.2498,-454469.1052
2095000,2396.327,14275.8035,61764.4577,-515674.4414,-437237.8532,-453909.9837
2096000,2360.5878,14214.4629,62225.204,-516461.2341,-437660.9794,-454236.0301
2097000,2379.0063,14274.8862,61577.7635,-515707.3469,-437475.6909,-454129.5834
2098000,2373.1302,14345.6953,61715.0865,-515991.9478,-437558.0358,-454276.86130000005
2099000,2352.8916,14304.7658,62059.3805,-515869.0286,-437151.9907,-453809.6481
2100000,2350.0113,14235.2608,61915.4858,-516104.8536,-437604.09569999995,-454189.36779999995
2101000,2381.4049,14239.7068,62231.3608,-516570.4392,-437717.9667,-454339.0784
2102000,2379.6271,14262.8848,61819.9798,-516025.6637,-437563.17199999996,-454205.68389999995
2103000,2388.6882,14276.1332,61799.5689,-516182.3774,-437717.9871,-454382.8085
2104000,2384.9698,14294.2615,61805.2676,-515811.361,-437326.86209999997,-454006.09339999995
2105000,2386.8135,14210.3836,62078.644,-516345.4782,-437669.63710000005,-454266.83420000004
2106000,2376.2223,14336.8616,61521.6483,-516414.7578,-438180.02560000005,-454893.1095
2107000,2413.7425,14319.1785,62319.3224,-516295.6357,-437243.3923,-453976.3133
2108000,2370.3783,14335.1114,61864.8647,-516112.2876,-437541.93319999997,-454247.4229
2109000,2405.1381,14263.8133,61897.1474,-515699.6756,-437133.57680000004,-453802.5282
2110000,2358.3126,14307.0693,62105.0842,-516183.3529,-437412.8868,-454078.2687
2111000,2411.2295,14208.2224,61222.0933,-514331.5346,-436489.9894,-453109.4413
2112000,2396.6256,14360.5789,61486.4603,-515040.76,-436797.0952,-453554.29970000003
2113000,2349.1977,14166.336,62663.838,-516234.841,-437055.4693,-453571.003
2114000,2374.8153,14274.171,62414.8242,-516892.1998,-437828.3893,-454477.3756
2115000,2408.1504,14296.2756,62409.0919,-516520.534,-437407.0161,-454111.4421
2116000,2384.2725,14262.8551,62125.3431,-515957.0268,-437184.5561,-453831.6837
2117000,2402.3651,14298.5916,61989.5136,-516043.916,-437353.44570000004,-454054.4024
2118000,2392.5857,14282.1386,61371.8779,-515259.1003,-437212.49809999997,-453887.22239999997
2119000,2380.3062,14170.9374,61679.2373,-515240.1659,-437009.68500000006,-453560.92860000004
2120000,2373.0332,14263.221,61602.3377,-515837.8705,-437599.2786,-454235.53280000004
2121000,2397.5984,14294.6621,61691.7024,-515872.9364,-437488.9735,-454181.234
2122000,2368.2701,14255.6204,62380.5362,-517785.9197,-438781.493,-455405.3835
2123000,2392.1629,14385.1545,61835.3625,-516164.7235,-437552.04360000003,-454329.36100000003
2124000,2376.9197,14325.954,61558.4951,-515753.5143,-437492.1455,-454195.0192
2125000,2347.6405,14383.8165,62180.9116,-516255.2089,-437342.84030000004,-454074.29730000003
2126000,2380.1056,14322.9704,61849.3409,-516583.6401,-438031.2232,-454734.2992
2127000,2381.2725,14277.8321,62256.1921,-516450.4379,-437535.1412,-454194.24580000003
2128000,2340.3887,14269.7705,61654.095,-515776.9868,-437512.7326,-454122.8918
2129000,2378.0741,14275.4498,61603.7043,-515957.4113,-437700.18309999997,-454353.707
2130000,2372.5429,14270.097,62111.7181,-516802.0673,-438047.7093,-454690.3492
2131000,2422.3803,14279.2452,61721.1838,-515322.85,-436900.0407,-453601.6662
2132000,2384.3896,14269.8463,61805.6672,-515799.3011,-437339.398,-453993.63389999996
2133000,2366.1291,14219.4231,61367.7499,-515000.8818,-437047.5797,-453633.1319
2134000,2375.2486,14235.2686,61881.324,-515837.7858,-437345.94460000005,-453956.4618
2135000,2406.4825,14334.2561,61618.0422,-515760.7957,-437402.0149,-454142.7535
2136000,2389.6536,14304.0464,62038.0711,-516291.2464,-437559.4753,-454253.1753
2137000,2399.7131,14305.0101,61792.9353,-515605.9068,-437108.2483,-453812.9715
2138000,2391.8929,14307.5657,62249.6471,-515955.0988,-437005.99309999996,-453705.4517
2139000,2408.2173,14443.0103,61599.0277,-515417.1458,-436966.8905,-453818.1181
2140000,2421.4457,14341.7127,62356.8191,-517366.6017,-438246.62419999996,-455009.7826
2141000,2401.7064,14359.5492,62046.324,-516337.8164,-437530.2368,-454291.4924
2142000,2410.7437,14298.5677,62003.4061,-516979.5559,-438266.8384,-454976.14979999996
2143000,2393.1448,14294.198,62353.0373,-517046.586,-438006.2059,-454693.5487
2144000,2385.3734,14294.6263,61938.6538,-516562.589,-437943.93549999996,-454623.93519999995
2145000,2387.6279,14306.5594,62067.1523,-516440.9527,-437679.6131,-454373.8004
2146000,2369.2568,14296.4939,61658.7642,-516071.8699,-437747.355,-454413.1057
2147000,2360.8006,14291.0938,62203.2353,-516825.8117,-437970.68200000003,-454622.5764
2148000,2405.7654,14208.8303,62758.4157,-517385.6247,-438012.61329999997,-454627.209
2149000,2381.1115,14296.1932,62210.8702,-516897.8346,-438009.6597,-454686.9644
2150000,2414.1542,14406.3337,62401.9847,-517350.0906,-438127.618,-454948.10589999997
2151000,2381.9187,14233.6945,62309.1015,-516855.924,-437931.2093,-454546.8225
2152000,2364.4922,14367.1532,62137.3849,-516992.7165,-438123.6862,-454855.3316
2153000,2380.4505,14364.4038,62066.6354,-516532.4629,-437720.9732,-454465.8275
2154000,2394.328,14373.269,61611.9887,-516262.2487,-437882.663,-454650.26
2155000,2378.6219,14249.6942,62342.0931,-516581.0623,-437610.6531,-454238.9692
2156000,2403.6694,14225.8739,62316.4899,-516640.6677,-437694.6345,-454324.1778
2157000,2379.1396,14354.4496,62105.5023,-516634.3219,-437795.2304,-454528.8196
2158000,2383.0611,14323.9364,61794.106,-515919.1299,-437418.0264,-454125.02390000003
2159000,2398.4567,14396.3625,61574.3683,-515949.9941,-437580.8066,-454375.62580000004
2160000,2402.1856,14331.3488,62227.1966,-516104.197,-437143.466,-453877.00039999996
2161000,2369.4033,14226.2709,61908.7281,-516672.0807,-438167.6784,-454763.3526
2162000,2389.1824,14343.9999,61800.3224,-515213.3664,-436679.8617,-453413.044
2163000,2369.6657,14236.1365,61770.7714,-515913.3894,-437536.8158,-454142.618
2164000,2413.3969,14465.1662,62131.4967,-516856.6369,-437846.5771,-454725.14019999997
2165000,2431.5353,14335.1715,62291.4367,-516651.0714,-437592.9279,-454359.6347
2166000,2385.1247,14280.0813,62059.2931,-516101.9808,-437377.4817,-454042.6877
2167000,2380.1876,14262.6658,62223.7476,-515924.5329,-437057.93189999997,-453700.7853
2168000,2384.3543,14332.2613,61491.4186,-515822.6948,-437614.6606,-454331.2762
2169000,2408.296,14337.3139,62497.5761,-517085.4394,-437842.2534,-454587.86329999997
2170000,2380.9039,14391.7886,61858.9058,-516194.0696,-437562.4713,-454335.1638
2171000,2375.0544,14356.0954,61671.2922,-515965.5783,-437563.1363,-454294.28609999997
2172000,2384.4178,14375.1918,62062.7599,-516088.0418,-437265.6723,-454025.2819
2173000,2408.4632,14362.1998,61549.7792,-515399.8315,-437079.3893,-453850.0523
2174000,2370.2352,14242.0009,61458.4465,-515919.6089,-437848.9263,-454461.1624
2175000,2392.2997,14329.1305,61790.7692,-516041.3993,-437529.1999,-454250.6301
2176000,2416.4408,14312.1952,62107.6014,-516548.7438,-437712.5064,-454441.1424
2177000,2384.47,14357.3748,61926.7537,-516677.3712,-438008.7727,-454750.6175
2178000,2389.946,14337.8087,61927.6252,-515137.8535,-436482.4736,-453210.2283
2179000,2352.9311,14258.8181,62138.3301,-516154.0888,-437404.00950000004,-454015.7587
2180000,2371.9661,14299.1836,62221.2071,-516266.9899,-437374.6331,-454045.7828
2181000,2366.9272,14352.1326,61845.7771,-516096.9802,-437532.1433,-454251.2031
2182000,2375.8412,14268.5983,61853.2415,-516122.6195,-437624.9385,-454269.37799999997
2183000,2397.8982,14347.4772,61866.9891,-516195.0266,-437582.66209999996,-454328.0375
2184000,2362.4438,14204.1794,61661.7493,-516511.8647,-438283.4922,-454850.11539999995
2185000,2388.6768,14301.2541,62181.2131,-516514.3442,-437643.20019999996,-454333.1311
2186000,2363.9521,14313.5139,61711.0589,-516153.9124,-437765.38749999995,-454442.85349999997
2187000,2401.8464,14287.4354,61593.7248,-515747.97,-437464.96339999995,-454154.24519999995
2188000,2385.5439,14325.4776,61048.7384,-515086.7807,-437327.0208,-454038.0423
2189000,2393.3463,14334.7652,62193.5133,-516907.173,-437985.5482,-454713.6597
2190000,2404.5868,14302.0923,61962.0957,-515743.7572,-437074.9824,-453781.6615
2191000,2362.2031,14283.1888,62212.2238,-516946.2891,-438088.67339999997,-454734.0653
2192000,2368.0081,14323.5927,62288.5414,-516807.2182,-437827.076,-454518.6768
2193000,2430.5516,14373.5914,61657.265,-515196.701,-436735.293,-453539.436
2194000,2364.7086,14146.7885,62048.4058,-516241.8658,-437681.96290000004,-454193.46
2195000,2392.8642,14364.0421,62269.3878,-516631.2737,-437604.9796,-454361.8859
2196000,2412.6589,14316.801,61910.4383,-515561.4325,-436921.5343,-453650.9942
2197000,2377.5643,14319.8588,61944.4411,-515899.3771,-437257.5129,-453954.936
2198000,2344.7581,14305.2933,62425.2519,-517041.5868,-437966.2835,-454616.3349
2199000,2401.2097,14417.0054,62290.8207,-516591.0943,-437482.0585,-454300.2736
2200000,2357.83,14322.5774,61956.9825,-516028.1013,-437390.7114,-454071.1188
2201000,2344.6009,14296.8196,62108.0611,-516386.3649,-437636.8833,-454278.3038
2202000,2402.4417,14358.7352,61660.0376,-515850.8471,-437429.6326,-454190.80950000003
2203000,2403.7918,14403.0718,62201.6825,-516647.3772,-437638.83109999995,-454445.6947
2204000,2390.2199,14385.863,62027.825,-516864.1219,-438060.21400000004,-454836.2969
2205000,2390.8337,14337.3741,62120.3908,-516582.3438,-437733.7452,-454461.953
2206000,2367.317,14354.5638,62139.0395,-516945.7223,-438084.802,-454806.6828
2207000,2378.9322,14289.0611,62028.3556,-516838.9742,-438142.62529999996,-454810.6186
2208000,2418.4156,14376.3592,61547.7061,-515342.4614,-436999.98049999995,-453794.75529999996
2209000,2386.8585,14396.478,61721.0064,-515464.7157,-436960.3728,-453743.7093
2210000,2400.1529,14383.0502,62052.8639,-516303.7567,-437467.68970000005,-454250.89280000003
2211000,2409.8169,14419.3764,61787.7245,-516102.5424,-437485.6246,-454314.81789999997
2212000,2437.2606,14387.8461,62139.4735,-516007.9756,-437043.39540000004,-453868.5021
2213000,2397.9153,14471.1464,62258.9456,-515899.5063,-436771.499,-453640.56070000003
2214000,2375.2287,14358.7243,61949.9682,-515949.957,-437266.03579999995,-453999.9888
2215000,2385.3356,14291.483,61545.9836,-514954.7633,-436731.96109999996,-453408.7797
2216000,2362.597,14327.3614,62058.834,-516206.6637,-437457.8713,-454147.8297
2217000,2375.8592,14292.0127,62107.6365,-516439.1631,-437663.6547,-454331.5266
2218000,2417.331,14379.7485,61838.3351,-515850.0816,-437214.667,-454011.7465
2219000,2370.4235,14366.0626,61570.2228,-515803.4607,-437496.75179999997,-454233.2379
2220000,2396.7666,14295.1907,61815.4601,-515569.9877,-437062.5703,-453754.52760000003
2221000,2411.5183,14429.4584,62218.6649,-516322.0782,-437262.4366,-454103.4133
2222000,2402.0269,14315.7743,61905.6412,-515877.7207,-437254.2783,-453972.0795
2223000,2391.7673,14414.7456,61968.5134,-516538.8727,-437763.84640000004,-454570.3593
2224000,2364.6978,14364.6224,61686.8049,-515746.6762,-437330.5511,-454059.8713
2225000,2392.0137,14344.222,62203.9869,-515803.2327,-436863.01009999996,-453599.2458
2226000,2387.771,14237.9538,62428.9031,-517159.6019,-438104.974,-454730.6988
2227000,2408.7268,14421.6063,61708.5741,-515847.4085,-437308.5013,-454138.83440000005
2228000,2364.602,14293.4594,62020.8501,-516139.0932,-437460.1817,-454118.2431
2229000,2395.7537,14294.4896,62093.6305,-516512.4287,-437728.5549,-454418.79819999996
2230000,2379.1843,14175.4003,62249.836,-516867.9436,-438063.523,-454618.1076
2231000,2417.6428,14343.9275,61879.3525,-516691.2177,-438050.2949,-454811.8652
2232000,2386.8022,14382.3005,61966.4276,-516269.5519,-437534.02160000004,-454303.1243
2233000,2382.1786,14277.9033,62046.0169,-516212.3423,-437506.2435,-454166.32540000003
2234000,2406.4419,14210.8601,61724.8829,-515084.3282,-436742.1433,-453359.4453
2235000,2394.2697,14363.8861,61260.347,-515566.2251,-437547.72229999996,-454305.8781
2236000,2351.1964,14225.1059,61693.4404,-515207.4951,-436937.7524,-453514.0547
2237000,2423.6248,14244.1186,61522.0315,-515191.6899,-437001.91500000004,-453669.6584
2238000,2440.5111,14319.582,62135.0344,-516063.4139,-437168.2864,-453928.3795
2239000,2385.3415,14333.4635,62025.9845,-516304.024,-437559.23449999996,-454278.03949999996
2240000,2400.4155,14312.8321,62312.099,-516983.7781,-437958.4315,-454671.6791
2241000,2370.9457,14390.7777,62321.3913,-517109.5812,-438026.4665,-454788.1899
2242000,2382.8141,14435.5055,62183.8754,-517438.368,-438436.173,-455254.4926
2243000,2386.7192,14338.3147,61768.8187,-516219.3364,-437725.4837999999,-454450.51769999997
2244000,2372.3124,14297.1809,62636.2582,-517387.269,-438081.51749999996,-454751.0108
2245000,2392.0416,14362.0574,62483.7198,-516846.9329,-437609.1141,-454363.2131
2246000,2382.3735,14368.484,62378.5076,-516878.3909,-437749.0258,-454499.8833
2247000,2406.747,14318.4751,62027.3554,-516198.4525,-437445.875,-454171.0971
2248000,2412.2719,14445.2738,61798.2998,-515942.5341,-437286.6886,-454144.2343
2249000,2403.6928,14278.7084,62345.3341,-516505.1433,-437477.408,-454159.8092
2250000,2405.5009,14279.0065,62130.9214,-516706.323,-437890.8942,-454575.4016
2251000,2364.8057,14326.4959,62258.1883,-516607.5489,-437658.059,-454349.3606
2252000,2359.0916,14272.8215,62138.8483,-515940.3334,-437169.572,-453801.4851
2253000,2347.9802,14343.6553,61956.216,-515633.0515,-436985.2,-453676.8355
2254000,2402.0955,14307.693,62234.503,-516357.6429,-437413.3514,-454123.13989999995
2255000,2361.3918,14382.1485,62341.6857,-516457.4211,-437372.1951,-454115.7354
2256000,2413.454,14472.8753,61479.3736,-515528.6795,-437162.97660000005,-454049.30590000004
2257000,2390.3081,14382.5855,62180.5255,-516601.7851,-437648.366,-454421.2596
2258000,2389.738,14285.934,61845.8967,-516123.5241,-437601.9554,-454277.6274
2259000,2380.4668,14204.4285,62206.3566,-516189.0728,-437397.82090000005,-453982.7162
2260000,2416.5124,14387.0144,62026.2449,-516671.2684,-437841.4967,-454645.0235
2261000,2373.4566,14347.3408,62360.9075,-516323.3577,-437241.6528,-453962.45019999996
2262000,2350.189,14361.533,61839.3116,-515978.4488,-437427.41520000005,-454139.1372
2263000,2386.0452,14262.7689,61790.1777,-515921.9285,-437482.93669999996,-454131.7508
2264000,2361.8055,14355.7808,62070.5061,-516646.9794,-437858.887,-454576.4733
2265000,2359.6384,14310.3981,61906.8043,-516537.2184,-437960.3776,-454630.4141
2266000,2372.4749,14392.8213,62135.9538,-516535.4959,-437634.2459,-454399.54209999996
2267000,2364.5343,14338.6432,62419.8397,-516415.0161,-437291.9989,-453995.1764
2268000,2402.442,14223.9406,62258.873,-516718.3615,-437833.10589999997,-454459.4885
2269000,2412.0272,14279.1793,61731.2506,-516280.0658,-437857.6087,-454548.81519999995
2270000,2378.7003,14255.4488,61897.2833,-515375.0364,-436843.604,-453477.7531
2271000,2426.7067,14421.6012,61280.6819,-514917.033,-436788.04319999996,-453636.35109999997
2272000,2395.9826,14369.3859,61443.3253,-515745.0278,-437536.334,-454301.7025
2273000,2379.1937,14386.326,61497.1159,-515951.0984,-437688.46280000004,-454453.98250000004
2274000,2391.7409,14312.823,62142.6632,-517336.7755,-438489.54839999997,-455194.1123
2275000,2403.2309,14306.4507,62492.021,-517330.2413,-438128.5387,-454838.2203
2276000,2374.2813,14267.4858,61631.4919,-515674.6004,-437401.3414,-454043.1085
2277000,2405.1312,14300.3175,61791.3473,-515940.6747,-437443.8787,-454149.32739999995
2278000,2386.3098,14310.5396,61696.4697,-516401.4536,-438008.13450000004,-454704.9839
2279000,2393.8104,14263.1704,61723.4065,-515685.5177,-437305.1304,-453962.11120000004
2280000,2401.5861,14455.6462,61626.5221,-516200.1969,-437716.4425,-454573.6748
2281000,2409.689,14390.5446,62337.4012,-516594.7499,-437457.1151,-454257.3487
2282000,2423.7973,14349.1903,62236.8815,-516969.7696,-437959.9005,-454732.8881
2283000,2397.137,14321.4062,61825.2249,-516025.8104,-437482.04230000003,-454200.58550000004
2284000,2396.985,14324.9217,61968.0847,-516104.442,-437414.4506,-454136.3573
2285000,2385.8498,14231.1344,62326.9022,-516793.1766,-437849.29020000005,-454466.2744
2286000,2391.7863,14294.2347,62092.5923,-516313.918,-437535.3047,-454221.3257
2287000,2377.9972,14294.4587,62357.6389,-517337.7165,-438307.6217,-454980.07759999996
2288000,2386.0949,14349.8396,62214.4455,-517190.5495,-438240.1695,-454976.10400000005
2289000,2390.7199,14323.0176,62032.67,-516493.2163,-437746.8088,-454460.5463
2290000,2394.3456,14386.384,62568.4681,-517315.3378,-437966.14009999996,-454746.8697
2291000,2358.1027,14357.8308,62452.1125,-517121.1003,-437953.05429999996,-454668.9878
2292000,2412.2464,14290.2013,62059.7238,-516226.9499,-437464.7784,-454167.2261
2293000,2395.5729,14296.9518,62336.3833,-516438.142,-437409.234,-454101.7587
2294000,2403.7949,14360.9919,62281.2754,-516647.8376,-437601.77540000004,-454366.56220000004
2295000,2390.9337,14387.9103,62041.7035,-516330.2762,-437509.72870000004,-454288.5727
2296000,2410.8965,14289.9099,61764.9344,-516017.6108,-437551.87,-454252.6764
2297000,2372.4991,14306.2541,61326.2778,-514768.0926,-436763.06159999996,-453441.8148
2298000,2390.3326,14288.5347,61929.1391,-516101.0733,-437493.0669,-454171.9342
2299000,2416.9736,14457.8008,62165.6084,-516482.981,-437442.5982,-454317.3726
2300000,2367.6434,14280.842,61925.9416,-516205.6294,-437631.20239999995,-454279.68779999996
2301000,2381.4968,14399.0612,62101.1814,-516554.1091,-437672.3697,-454452.9277
2302000,2374.7036,14371.6541,62080.7211,-516040.0271,-437212.9483,-453959.306
2303000,2393.0183,14351.2548,61804.679,-516337.7594,-437788.8073,-454533.0804
2304000,2378.2769,14286.9504,62036.2123,-516198.7086,-437497.26900000003,-454162.4963
2305000,2406.9235,14388.4296,61938.4415,-515845.0602,-437111.26560000004,-453906.6187
2306000,2410.9545,14378.7054,62169.4279,-515875.8231,-436916.73529999994,-453706.39519999997
2307000,2390.7901,14223.8597,61551.227,-515083.2545,-436917.37769999995,-453532.02749999997
2308000,2397.5901,14236.1087,61323.3994,-515065.6835,-437108.5853,-453742.2841
2309000,2404.0867,14351.6304,61827.7825,-516355.2234,-437771.72380000004,-454527.44090000005
2310000,2431.2075,14338.6558,61831.2025,-516657.6534,-438056.5876,-454826.4509
2311000,2406.6464,14342.5826,62124.2169,-516261.195,-437387.7491,-454136.9781
2312000,2353.8542,14270.0349,62023.3481,-516238.8433,-437591.6061,-454215.4952
2313000,2381.9278,14363.0708,61880.4607,-515910.9116,-437285.4523,-454030.4509
2314000,2362.9211,14358.0554,61167.0212,-514931.2774,-437043.2797,-453764.2562
2315000,2377.8948,14261.2538,61860.6714,-516484.3115,-437984.4915,-454623.6401
2316000,2355.5436,14337.9778,62122.1932,-516608.292,-437792.5774,-454486.09880000004
2317000,2400.055,14352.3268,62405.5964,-516538.926,-437380.94779999997,-454133.3296
2318000,2374.3184,14333.6825,61925.0218,-515620.8846,-436987.8619,-453695.8628
2319000,2384.4496,14443.2381,61666.6877,-515655.4851,-437161.1097,-453988.7974
2320000,2400.7595,14258.6699,61679.7149,-515493.4369,-437154.2926,-453813.72199999995
2321000,2391.1358,14222.2404,61979.5591,-516427.0621,-437834.12679999997,-454447.50299999997
2322000,2366.7055,14305.323,61924.3912,-516152.6014,-437556.18169999996,-454228.2102
2323000,2381.1654,14323.3034,61724.6304,-515189.486,-436760.3868,-453464.85559999995
2324000,2400.0394,14316.347,61569.9042,-515144.0132,-436857.7226,-453574.109
2325000,2397.2893,14384.3075,61804.545,-515740.4543,-437154.3125,-453935.9093
2326000,2361.8808,14307.4081,61636.5086,-515840.2982,-437534.50070000003,-454203.7896
2327000,2368.5007,14387.0174,61462.4794,-515709.7361,-437491.7386,-454247.25669999997
2328000,2386.5622,14293.9317,62705.5829,-517587.6314,-438201.55460000003,-454882.04850000003
2329000,2359.6642,14372.3223,62119.8185,-517726.5853,-438874.7803,-455606.7668
2330000,2391.0758,14352.2286,62224.4524,-517105.5273,-438137.7705,-454881.0749
2331000,2391.4933,14367.6457,62161.9465,-516468.1124,-437547.0269,-454306.16589999996
2332000,2370.7038,14257.8902,62290.7045,-516747.9871,-437828.6886,-454457.28260000004
2333000,2389.2474,14348.1524,61759.4451,-515789.8728,-437293.0279,-454030.4277
2334000,2372.2944,14288.419,61920.9035,-515983.0077,-437401.39080000005,-454062.1042
2335000,2360.1152,14285.0816,61937.3625,-516074.1867,-437491.6274,-454136.82420000003
2336000,2404.4544,14321.7804,62108.7827,-516428.9165,-437593.899,-454320.1338
2337000,2386.9335,14310.71,62301.3751,-516352.793,-437353.7744,-454051.4179
2338000,2371.8271,14352.9091,61777.5052,-516573.3809,-438071.1395,-454795.8757
2339000,2356.0486,14242.6049,62395.7963,-516986.3705,-437991.9207,-454590.57420000003
2340000,2411.9687,14286.3883,62545.2038,-517124.7484,-437881.18759999995,-454579.54459999996
2341000,2408.9677,14372.8666,61847.2696,-515674.6668,-437045.5629,-453827.3972
2342000,2364.935,14394.4991,62114.0593,-516290.8773,-437417.3839,-454176.81799999997
2343000,2370.1926,14235.1801,62320.5597,-516688.2888,-437762.3564,-454367.7291
2344000,2386.3049,14428.8521,61600.594,-515652.0351,-437236.2841,-454051.4411
2345000,2394.4408,14319.0094,61431.8732,-515757.3168,-437611.9934,-454325.4436
2346000,2405.4959,14278.7791,61944.8892,-516242.6361,-437613.4719,-454297.7469
2347000,2358.8225,14346.4091,61980.7851,-516817.3838,-438131.36710000003,-454836.59870000003
2348000,2379.163,14326.372,62047.3852,-516258.9973,-437506.0771,-454211.61209999997
2349000,2399.1808,14363.1643,61977.9106,-516524.4076,-437784.15189999994,-454546.497
2350000,2389.6283,14319.7807,62150.8994,-516381.8281,-437521.51969999995,-454230.9287
2351000,2386.1279,14292.9136,61831.9577,-516000.2746,-437489.27540000004,-454168.3169
2352000,2369.7343,14324.2531,61715.4296,-516072.4658,-437663.0488,-454357.0362
2353000,2383.9733,14428.8245,61837.0946,-516353.6322,-437703.7398,-454516.5376
2354000,2394.7091,14427.2711,61940.6445,-516363.8992,-437601.2745,-454423.2547
2355000,2389.3032,14337.8424,62104.6927,-516185.7264,-437353.8881,-454081.03369999997
2356000,2376.683,14347.7892,62003.2719,-515870.9967,-437143.2526,-453867.7248
2357000,2389.5271,14401.472,62004.7082,-515933.5072,-437137.7999,-453928.799
2358000,2395.9835,14415.9893,61932.0308,-516093.6071,-437349.6035,-454161.5763
2359000,2399.1089,14403.8751,62429.0371,-516534.6111,-437302.58999999997,-454105.57399999996
2360000,2415.9659,14373.6786,62162.7235,-517424.8115,-438472.4435,-455262.088
2361000,2377.5633,14320.4158,62233.8876,-516997.9455,-438066.07879999996,-454764.05789999996
2362000,2407.4343,14329.8288,62329.5484,-516906.009,-437839.1975,-454576.4606
2363000,2383.4039,14408.1455,62143.8115,-516887.7116,-437952.35069999995,-454743.90009999997
2364000,2397.1232,14337.8844,62185.0321,-516703.4951,-437783.4554,-454518.463
2365000,2367.0142,14258.2297,62583.596,-516910.2676,-437701.4277,-454326.6716
2366000,2381.0186,14522.8099,62188.4713,-516916.0034,-437823.7036,-454727.5321
2367000,2339.3074,14256.8542,61455.3013,-515878.4088,-437826.9459,-454423.1075
2368000,2393.8847,14350.6408,61881.4074,-515780.3987,-437154.4658,-453898.9913
2369000,2397.2312,14424.3923,61207.6065,-514916.6359,-436887.4059,-453709.0294
2370000,2350.8189,14261.6886,61926.8737,-516107.1212,-437567.74,-454180.2475
2371000,2397.7908,14398.3008,61678.1059,-516611.1247,-438136.9272,-454933.01879999996
2372000,2390.0219,14381.7874,61685.0189,-515371.1712,-436914.343,-453686.15229999996
2373000,2381.8014,14430.9854,62280.2959,-516799.5567,-437706.47400000005,-454519.26080000005
2374000,2386.9589,14269.8894,62129.8647,-516381.9236,-437595.2106,-454252.0589
2375000,2357.5357,14428.5775,61806.1629,-515602.667,-437010.3909,-453796.5041
2376000,2404.3993,14319.2657,61974.7502,-516150.1936,-437451.7784,-454175.4434
2377000,2401.8448,14354.1857,62280.1415,-516886.1898,-437850.01780000003,-454606.0483
2378000,2424.1382,14323.3767,61650.549,-515830.1587,-437432.0948,-454179.60970000003
2379000,2329.1502,14412.9834,61676.2706,-516126.9002,-437708.496,-454450.6296
2380000,2381.3275,14353.0909,61775.2549,-516153.3091,-437643.63580000005,-454378.0542
2381000,2416.2688,14272.6961,61659.2963,-515872.945,-437524.6838,-454213.6487
2382000,2371.1195,14249.8787,61385.1457,-515468.4146,-437462.2707,-454083.2689
2383000,2372.5559,14308.2597,61984.5853,-516492.1861,-437826.7852,-454507.6008
2384000,2382.6262,14366.6382,61721.8205,-516142.0209,-437670.936,-454420.2004
2385000,2434.0776,14390.7525,62361.75,-516457.8867,-437271.3066,-454096.1367
2386000,2382.2494,14288.4594,62072.5624,-515931.4956,-437188.2244,-453858.9332
2387000,2385.1523,14368.5851,61515.505,-515713.6428,-437444.4004,-454198.13779999997
2388000,2384.9648,14445.6938,61715.5064,-516169.5497,-437623.3847,-454454.04329999996
2389000,2385.6004,14455.7629,61922.3861,-516783.202,-438019.45259999996,-454860.8159
2390000,2363.3678,14294.2203,62053.0086,-516724.3382,-438013.7415,-454671.3296
2391000,2390.193,14399.8045,62079.1556,-516331.827,-437462.6739,-454252.6714
2392000,2386.4792,14332.3902,61354.939,-514997.733,-436923.9246,-453642.794
2393000,2416.9573,14432.9506,62038.2889,-516515.7431,-437627.54630000005,-454477.45420000004
2394000,2375.8819,14380.0463,62140.3492,-517017.118,-438120.8406,-454876.7688
2395000,2381.1391,14399.4035,62068.3603,-516322.6852,-437473.7823,-454254.3249
2396000,2415.5558,14433.1113,62134.338,-516650.8894,-437667.8843,-454516.5514
2397000,2319.9481,14298.3454,61443.0132,-514792.0779,-436730.77119999996,-453349.0647
2398000,2369.8565,14362.5315,61857.294,-515757.4002,-437167.7182,-453900.1062
2399000,2372.1748,14443.7807,62046.7951,-516350.187,-437487.4364,-454303.3919
2400000,2385.2614,14375.1879,61572.095,-515240.2149,-436907.6706,-453668.11990000005
2401000,2370.8102,14382.799,62239.2023,-516601.5231,-437608.7116,-454362.3208
2402000,2367.6691,14363.4253,62263.9514,-516797.3534,-437802.30760000006,-454533.402
2403000,2376.0075,14307.2512,62535.3549,-516971.2317,-437752.6181,-454435.8768
2404000,2372.813,14456.6747,61919.7485,-516479.3229,-437730.08670000004,-454559.57440000004
2405000,2377.1147,14359.4127,62071.348,-516101.9591,-437294.08369999996,-454030.6111
2406000,2385.5351,14413.3061,61674.592,-515609.4177,-437135.9845,-453934.8257
2407000,2362.1715,14404.1165,61552.7094,-515823.3919,-437504.3945,-454270.6825
2408000,2358.7453,14432.1862,61533.1723,-515852.0364,-437527.9326,-454318.8641
2409000,2376.3522,14357.1087,61799.1557,-515884.663,-437352.0464,-454085.5073
2410000,2404.1054,14299.3046,61894.7229,-515897.656,-437299.5231,-454002.9331
2411000,2375.8236,14388.917,61856.0369,-515839.3135,-437218.53599999996,-453983.2766
2412000,2403.1379,14346.6978,62054.6398,-516623.4824,-437819.0069,-454568.8426
2413000,2388.6388,14441.2071,61900.4791,-516520.8699,-437790.5449,-454620.3908
2414000,2381.9198,14292.0999,61632.4947,-515609.7718,-437303.2574,-453977.2771
2415000,2348.9881,14352.1368,61610.4388,-515848.8154,-437537.2517,-454238.3766
2416000,2368.8327,14473.2492,61829.1924,-516512.7472,-437841.4729,-454683.5548
2417000,2354.5541,14384.215,61937.3158,-516285.6127,-437609.5278,-454348.2969
2418000,2364.1546,14356.5996,62302.5671,-517485.0895,-438461.7682,-455182.5224
2419000,2377.5112,14508.7202,62687.2429,-517627.8245,-438054.3502,-454940.5816
2420000,2399.4941,14473.4869,62232.7567,-516335.8855,-437230.1478,-454103.12879999995
2421000,2328.6151,14309.7249,61742.2014,-515522.536,-437141.99460000003,-453780.3346
2422000,2386.8747,14509.5085,61448.1882,-515266.8494,-436922.278,-453818.66120000003
2423000,2337.7676,14368.9946,62337.2722,-516809.5285,-437765.4941,-454472.2563
2424000,2396.3698,14213.7887,61582.192,-514865.7098,-436673.3593,-453283.51780000003
2425000,2386.5572,14244.631,61863.7805,-515812.8764,-437317.9077,-453949.0959
2426000,2371.5369,14291.3324,62179.7742,-516602.1406,-437759.4971,-454422.3664
2427000,2356.5241,14339.348,62699.6213,-517323.5963,-437928.10289999994,-454623.975
2428000,2391.6835,14366.2859,62277.7552,-516980.1958,-437944.47119999997,-454702.4406
2429000,2342.1389,14293.1772,62304.5191,-516781.8965,-437842.06129999994,-454477.3774
2430000,2368.9402,14396.809,61673.0962,-516114.2798,-437675.4344,-454441.1836
2431000,2356.2767,14338.685,62179.0091,-516823.1292,-437949.1584,-454644.1201
2432000,2390.7911,14340.6772,62292.5926,-516802.5655,-437778.5046,-454509.97290000005
2433000,2383.2533,14358.4293,61712.634,-516020.0599,-437565.7433,-454307.4259
2434000,2396.1552,14330.6685,61607.7814,-515819.4567,-437484.8516,-454211.6753
2435000,2388.2093,14288.4254,61740.1153,-516596.5557,-438179.8057,-454856.4404
2436000,2338.0896,14355.5033,62458.3409,-517027.4608,-437875.527,-454569.1199
2437000,2351.5063,14169.5968,62739.6924,-517027.7557,-437766.9602,-454288.0633
2438000,2382.2675,14325.6611,61911.6937,-516196.3333,-437576.711,-454284.6396
2439000,2379.842,14333.897,61825.3779,-516016.7966,-437477.6797,-454191.4187
2440000,2369.9964,14312.8985,62035.9587,-515945.8806,-437227.027,-453909.92189999996
2441000,2358.1416,14287.5293,62062.4035,-516219.0037,-437510.9293,-454156.6002
2442000,2385.3752,14320.3111,61559.5745,-515678.0664,-437412.8056,-454118.4919
2443000,2397.4603,14409.1824,61900.5214,-515741.6754,-437034.5113,-453841.154
2444000,2365.8351,14284.8931,61932.1281,-516192.7355,-437609.8792,-454260.6074
2445000,2357.6475,14293.6693,62158.8343,-515849.8858,-437039.7347,-453691.0515
2446000,2379.6771,14395.7656,61715.5288,-515769.3688,-437278.3973,-454053.83999999997
2447000,2382.3359,14377.5129,62164.9435,-516351.6191,-437426.82680000004,-454186.6756
2448000,2343.4029,14308.8954,62206.6189,-516418.0048,-437559.08759999997,-454211.3859
2449000,2368.9666,14348.5455,61721.2482,-516211.947,-437773.18669999996,-454490.6988
2450000,2417.2665,14320.4909,61526.1245,-516081.2426,-437817.36069999996,-454555.1181
2451000,2404.6741,14416.8433,61630.1374,-515716.4544,-437264.79959999997,-454086.317
2452000,2352.5615,14431.1417,61885.0854,-515591.9587,-436923.1701,-453706.87330000004
2453000,2367.5572,14427.1048,61558.3173,-515281.3924,-436928.4131,-453723.0751
2454000,2387.6585,14273.0952,61213.8777,-515175.9951,-437301.3637,-453962.1174
2455000,2367.5719,14437.1703,61945.2555,-516647.434,-437897.4363,-454702.17850000004
2456000,2404.0594,14421.3528,62108.6502,-516738.6545,-437804.5921,-454630.00430000003
2457000,2369.1996,14348.5149,62265.3694,-516391.9609,-437408.877,-454126.5915
2458000,2368.3834,14333.1871,62265.6041,-517129.3003,-438162.1257,-454863.6962
2459000,2412.8559,14338.0391,62042.8279,-516578.3097,-437784.5868,-454535.4818
2460000,2383.7864,14334.8824,61569.6182,-515740.63,-437452.343,-454171.0118
2461000,2374.1135,14500.1616,62081.4258,-517020.7099,-438065.009,-454939.28410000005
2462000,2374.0004,14274.7921,61818.2581,-516155.1861,-437688.1355,-454336.928
2463000,2391.196,14281.6101,62371.7167,-517030.5046,-437985.98179999995,-454658.7879
2464000,2382.0029,14359.2927,62350.1254,-517250.7593,-438159.33829999994,-454900.63389999996
2465000,2378.2881,14424.5269,62050.5536,-516390.8779,-437537.50930000003,-454340.32430000004
2466000,2361.8443,14185.4523,61520.9104,-515727.5272,-437659.3202,-454206.6168
2467000,2388.6051,14359.8566,62156.0324,-516652.269,-437747.77489999996,-454496.23659999995
2468000,2369.7186,14368.8337,62213.9612,-517068.03,-438115.5165,-454854.0688
2469000,2358.6067,14284.5154,61561.6932,-515847.5362,-437642.72089999996,-454285.843
2470000,2347.2234,14296.7802,61705.8851,-516008.8584,-437658.9697,-454302.9733
2471000,2395.3462,14307.5,62113.1853,-516472.8054,-437656.77390000003,-454359.6201
2472000,2373.9525,14359.9091,61821.1648,-516429.5935,-437874.5671,-454608.42870000005
2473000,2417.1452,14461.2928,61973.3485,-516392.0244,-437540.2379,-454418.6759
2474000,2353.992,14313.3346,61869.2773,-516164.3021,-437627.6982,-454295.02479999996
2475000,2365.122,14322.9779,62349.929,-517069.5163,-438031.4874,-454719.5873
2476000,2389.5575,14356.9884,62495.8438,-516832.55,-437590.1603,-454336.7062
2477000,2377.5828,14412.3059,62089.5363,-517156.6988,-438277.2738,-455067.16250000003
2478000,2370.9717,14435.1259,61958.2248,-516637.2748,-437872.9524,-454679.05
2479000,2350.4064,14209.3815,61782.1261,-515856.6945,-437514.7805,-454074.5684
2480000,2402.8364,14273.9813,61828.5429,-516376.2769,-437870.9163,-454547.734
2481000,2361.2909,14307.4061,61732.1305,-515847.0504,-437446.2229,-454114.9199
2482000,2378.0552,14276.9047,62351.1077,-516907.2772,-437901.2096,-454556.1695
2483000,2390.3919,14302.7812,62307.2985,-516916.0111,-437915.5395,-454608.7126
2484000,2401.56,14509.2284,61829.6212,-516198.3982,-437457.9886,-454368.777
2485000,2379.1805,14480.2675,62250.6431,-516810.3816,-437700.2905,-454559.73850000004
2486000,2390.2269,14363.6398,62058.1217,-516887.9156,-438075.92720000003,-454829.7939
2487000,2411.7798,14348.5452,62255.6886,-516698.5398,-437682.5262,-454442.85120000003
2488000,2383.87,14371.9646,61549.9375,-515532.7088,-437226.9367,-453982.7713
2489000,2389.3016,14305.7287,61862.2807,-516247.4108,-437690.0998,-454385.1301
2490000,2384.7799,14348.0188,61930.6422,-517349.6214,-438686.1805,-455418.9792
2491000,2364.8228,14286.5321,62169.0597,-517008.1895,-438187.77489999996,-454839.1298
2492000,2405.0892,14342.4581,62616.045,-517357.1987,-437993.60640000005,-454741.1537
2493000,2408.5635,14376.0397,62449.6052,-516541.821,-437307.6126,-454092.2158
2494000,2410.8988,14439.421,61881.3348,-516333.5684,-437601.9138,-454452.2336
2495000,2393.8813,14351.7752,61499.7256,-515574.1828,-437328.8007,-454074.4572
2496000,2337.3376,14304.1364,61688.2613,-515551.9582,-437222.2229,-453863.6969
2497000,2387.3385,14343.5142,62220.5869,-516495.7668,-437544.3272,-454275.1799
2498000,2377.3306,14321.7993,61635.8228,-515844.9571,-437510.0044,-454209.1343
2499000,2419.935,14284.5279,62008.7752,-515393.8572,-436680.6191,-453385.08200000005
2500000,2398.0091,14435.531,61911.3469,-516149.2687,-437404.3817,-454237.9218
2501000,2371.5029,14260.7484,61590.6621,-515855.3586,-437632.44519999996,-454264.69649999996
2502000,2387.1622,14358.5178,62311.3355,-516670.8299,-437613.81440000003,-454359.4944
2503000,2399.2154,14220.772,61640.9551,-515826.8198,-437565.8773,-454185.8647
2504000,2387.0293,14445.0872,62113.6859,-516533.5434,-437587.74100000004,-454419.85750000004
2505000,2367.7742,14376.2609,62057.6895,-516443.4418,-437641.71719999996,-454385.7523
2506000,2410.298,14399.4692,62158.7524,-516530.4941,-437561.9745,-454371.7417
2507000,2347.1447,14384.5603,61739.6594,-515608.2137,-437136.8493,-453868.5543
2508000,2388.5525,14364.2882,62033.4953,-516522.1995,-437735.8635,-454488.7042
2509000,2352.0326,14317.6134,61881.2818,-515901.5488,-437350.621,-454020.267
2510000,2362.1078,14297.3578,62046.5342,-516481.5423,-437775.5425,-454435.0081
2511000,2399.972,14393.0795,62160.0791,-516711.085,-437757.95440000005,-454551.0059
2512000,2388.1103,14311.1478,62382.932,-516723.2565,-437641.0664,-454340.3245
2513000,2378.779,14304.7706,61957.3535,-516034.7449,-437393.8418,-454077.39139999996
2514000,2388.3948,14302.0445,61536.9456,-515393.2047,-437165.8198,-453856.2591
2515000,2388.0595,14355.1802,62339.723,-516484.2444,-437401.28170000005,-454144.5214
2516000,2399.032,14414.0095,61837.7889,-515972.7789,-437321.94849999994,-454134.99
2517000,2379.5529,14315.5422,62269.6994,-516655.7023,-437690.90780000004,-454386.0029
2518000,2369.2494,14345.9989,62317.5056,-516706.7712,-437674.0173,-454389.26560000004
2519000,2355.3073,14278.1828,62350.0845,-516415.9217,-437432.3471,-454065.8372
2520000,2374.5873,14389.5317,61814.9923,-516497.0978,-437917.9865,-454682.1055
2521000,2366.6197,14302.4984,62030.4912,-516466.9827,-437767.3734,-454436.4915
2522000,2375.4401,14352.0077,62399.6452,-517050.5422,-437923.44920000003,-454650.897
2523000,2374.8773,14342.5597,61813.9777,-515870.3212,-437338.90650000004,-454056.3435
2524000,2417.1557,14324.6588,62163.3942,-516676.3771,-437771.16839999997,-454512.9829
2525000,2394.5362,14280.0083,62060.4536,-516637.2564,-437902.2583,-454576.8028
2526000,2369.0718,14368.4828,61946.3338,-516520.4697,-437836.5813,-454574.1359
2527000,2377.5746,14450.6315,61984.1457,-516488.6494,-437676.2976,-454504.5037
2528000,2379.7537,14414.2971,61799.7524,-515723.7352,-437129.93200000003,-453923.9828
2529000,2370.0369,14326.3287,62349.2538,-516579.2785,-437533.65910000005,-454230.0247
2530000,2366.9425,14353.9798,62131.1056,-516446.4705,-437594.4426,-454315.3649
2531000,2392.8337,14513.6091,62046.9991,-515985.6143,-437032.17240000004,-453938.6152
2532000,2371.1762,14379.066,62296.323,-516895.8283,-437849.2631,-454599.5053
2533000,2355.6266,14373.7012,62480.8954,-517591.5522,-438381.32899999997,-455110.6568
2534000,2389.7414,14376.8541,61737.69,-515463.497,-436959.2115,-453725.807
2535000,2366.3757,14359.7185,61887.6466,-515974.5275,-437360.78670000006,-454086.88090000005
2536000,2413.7783,14286.942,62275.1777,-516443.2759,-437467.3779,-454168.0982
2537000,2368.3486,14364.9515,61675.4091,-515858.8657,-437450.15650000004,-454183.45660000003
2538000,2385.1827,14323.5903,62396.089,-516672.006,-437567.144,-454275.917
2539000,2363.4756,14248.2354,61545.9965,-515532.7382,-437375.0307,-453986.7417
2540000,2342.2806,14335.7017,61575.7828,-515202.512,-436948.74689999997,-453626.7292
2541000,2374.71,14263.9807,61511.6186,-515922.3301,-437772.02080000006,-454410.71150000003
2542000,2364.6654,14348.6017,62077.18,-517151.3398,-438360.8927,-455074.1598
2543000,2436.2886,14369.8728,61680.2394,-516474.2562,-437987.8554,-454794.0168
2544000,2397.4214,14423.8147,62271.3827,-516341.2346,-437248.6158,-454069.8519
2545000,2441.5739,14317.8302,61582.6087,-515792.0777,-437450.0649,-454209.46900000004
2546000,2360.0273,14237.121,61457.9241,-515305.1329,-437250.0605,-453847.2088
2547000,2384.5381,14328.7373,62058.528,-516500.7,-437728.8966,-454442.172
2548000,2391.013,14409.5437,61871.6145,-515919.0236,-437246.8524,-454047.4091
2549000,2371.7498,14350.4594,62008.8854,-516831.5422,-438100.4476,-454822.6568
2550000,2358.4143,14377.9275,62357.446,-516913.6967,-437819.9089,-454556.2507
2551000,2357.1466,14341.329,61866.4406,-517001.777,-438436.8608,-455135.33640000003
2552000,2403.4051,14312.7787,61787.2059,-516362.9379,-437859.5482,-454575.732
2553000,2375.7373,14362.7907,62141.803,-516028.4231,-437148.0921,-453886.6201
2554000,2382.0904,14314.0217,62368.5927,-517256.5167,-438191.8119,-454887.924
2555000,2391.0041,14314.465,61916.3201,-516198.8546,-437577.0654,-454282.5345
2556000,2382.8034,14318.3508,61649.4807,-515843.024,-437492.3891,-454193.54329999996
2557000,2386.0691,14306.3625,61999.0877,-516481.4481,-437789.9288,-454482.3604
2558000,2374.2304,14339.4031,62572.0622,-517174.8085,-437889.1128,-454602.7463
2559000,2415.5731,14355.9191,61664.5994,-516169.0512,-437732.9596,-454504.4518
2560000,2409.3938,14362.5305,61481.8512,-516055.4517,-437801.6762,-454573.6005
2561000,2353.745,14431.5443,61611.4441,-515957.2218,-437560.48840000003,-454345.7777
2562000,2355.9709,14353.8448,61829.4924,-516023.9759,-437484.66780000005,-454194.48350000003
2563000,2360.5344,14322.4879,62204.8549,-516633.3236,-437745.4464,-454428.4687
2564000,2427.6497,14412.0623,62355.3633,-516637.5397,-437442.46440000006,-454282.1764
2565000,2399.7456,14368.448,62071.1138,-516690.7852,-437851.4778,-454619.6714
2566000,2372.1874,14393.4666,61828.5078,-516185.8426,-437591.6808,-454357.33479999995
2567000,2363.2528,14298.6801,62616.1102,-517388.5388,-438110.49569999997,-454772.4286
2568000,2398.4867,14376.4157,62389.505,-517090.6824,-437926.275,-454701.1774
2569000,2390.4948,14252.1898,61903.4325,-516673.8658,-438127.7487,-454770.43330000003
2570000,2374.9434,14245.406,61839.4496,-515909.3347,-437449.5357,-454069.8851
2571000,2423.8626,14460.9836,62529.6403,-516685.7014,-437271.2149,-454156.06110000005
2572000,2389.6992,14343.0697,61691.5603,-515664.1431,-437239.8139,-453972.5828
2573000,2396.4476,14391.9659,62199.6572,-516397.2223,-437409.15160000004,-454197.5651
2574000,2405.5204,14379.3147,61767.2866,-516430.6956,-437878.57389999996,-454663.409
2575000,2374.0615,14400.3778,62189.2683,-516729.1701,-437765.4625,-454539.9018
2576000,2375.7885,14339.9388,61948.2034,-516120.7161,-437456.78540000005,-454172.5127
2577000,2386.886,14366.1206,61657.9947,-515642.2457,-437231.2444,-453984.25100000005
2578000,2395.2209,14267.531,62363.723,-516503.958,-437477.48309999995,-454140.235
2579000,2407.5903,14315.4199,61927.6925,-516306.4744,-437655.77170000004,-454378.7819
2580000,2386.2876,14392.6854,61978.8733,-516861.6001,-438103.75379999995,-454882.7268
2581000,2375.5334,14435.6064,61969.1175,-516353.7142,-437573.4569,-454384.5967
2582000,2399.9978,14356.1702,62053.646,-516859.5504,-438049.7364,-454805.9044
2583000,2380.156,14308.2319,61969.7098,-516566.7916,-437908.6939,-454597.0818
2584000,2388.6903,14313.918,61919.1816,-516159.4928,-437537.70290000003,-454240.3112
2585000,2414.7044,14395.1482,61630.4207,-515332.6775,-436892.4042,-453702.2568
2586000,2375.0382,14312.3453,61928.418,-515950.706,-437334.9045,-454022.288
2587000,2396.1495,14284.4545,61709.6239,-516016.2953,-437626.0674,-454306.6714
2588000,2406.912,14337.4243,62382.0703,-517356.7021,-438230.2955,-454974.6318
2589000,2349.5632,14386.6302,62144.0408,-516909.7432,-438029.509,-454765.7024
2590000,2392.956,14384.8286,62438.0951,-517204.0947,-437988.215,-454765.99960000004
2591000,2363.4878,14284.4952,62153.132,-516131.7104,-437330.5954,-453978.5784
2592000,2371.7007,14280.7165,62137.1298,-516625.3266,-437835.77959999995,-454488.1968
2593000,2391.5692,14374.3847,61889.7107,-516347.696,-437692.0314,-454457.9853
2594000,2379.4385,14394.5398,61511.613,-515290.0828,-437004.4915,-453778.46979999996
2595000,2321.485,14210.0698,61892.3133,-516392.491,-437968.62289999996,-454500.1777
2596000,2368.6489,14206.5387,62346.4126,-516748.6942,-437827.09400000004,-454402.28160000005
2597000,2357.4242,14325.1385,62295.8346,-517047.1684,-438068.7711,-454751.3338
2598000,2369.7874,14193.4707,61977.0059,-516492.1022,-437951.8382,-454515.09630000003
2599000,2367.4781,14316.3774,62747.1046,-517090.6147,-437659.6546,-454343.51009999996
2600000,2423.2066,14364.4326,61532.2132,-516041.5837,-437721.7313,-454509.3705
2601000,2348.4058,14308.4846,62178.1602,-516479.9207,-437644.8701,-454301.76050000003
2602000,2383.3184,14353.3901,62161.8869,-516248.6999,-437350.1045,-454086.813
2603000,2406.7707,14265.5852,61712.3253,-515693.5984,-437308.9172,-453981.2731
2604000,2375.6794,14314.505,62270.5608,-516564.8955,-437604.1503,-454294.3347
2605000,2343.4675,14189.5401,61902.2957,-515825.9547,-437390.6514,-453923.659
2606000,2399.0736,14405.964,62302.6707,-516958.2107,-437850.5024,-454655.54
2607000,2388.9841,14300.8523,62531.0874,-516576.1613,-437355.2375,-454045.07389999996
2608000,2375.5062,14350.7564,61766.1459,-516126.74,-437634.3315,-454360.5941
2609000,2416.649,14366.9467,62231.5577,-516477.2123,-437462.0589,-454245.6546
2610000,2382.1193,14357.1243,61644.1341,-516364.4183,-437981.0406,-454720.2842
2611000,2391.2733,14252.1992,61749.5299,-515497.4283,-437104.42590000003,-453747.8984
2612000,2365.6256,14280.4301,61700.7929,-515664.5088,-437317.66020000004,-453963.7159
2613000,2361.5579,14279.6031,62473.523,-517497.4251,-438382.7411,-455023.9021
2614000,2425.4609,14351.8237,62127.4123,-516503.94,-437599.24309999996,-454376.5277
2615000,2396.3279,14238.1228,61854.4571,-516021.6671,-437532.75930000003,-454167.21
2616000,2381.4899,14285.6558,62001.7332,-515992.4986,-437323.6197,-453990.7654
2617000,2385.9218,14316.6112,62075.0308,-516684.608,-437907.0442,-454609.5772
2618000,2366.7138,14209.9585,62186.6804,-516005.5678,-437242.21510000003,-453818.8874
2619000,2389.515,14386.4125,61970.1866,-516051.871,-437305.7569,-454081.68439999997
2620000,2394.0556,14408.3702,61743.8598,-515931.5952,-437385.3096,-454187.7354
2621000,2379.8332,14256.7834,61893.2391,-515722.8118,-437192.9561,-453829.5727
2622000,2412.4259,14372.4443,61804.9652,-515618.7906,-437028.9552,-453813.82540000003
2623000,2382.9988,14210.4332,61653.9127,-516000.6763,-437753.3316,-454346.7636
2624000,2393.0442,14299.6549,61797.6421,-515825.1516,-437334.81039999996,-454027.5095
2625000,2376.2439,14361.9244,61753.9614,-515638.7506,-437146.62090000004,-453884.7892
2626000,2371.7595,14297.8979,61538.2413,-515379.4312,-437171.5325,-453841.1899
2627000,2380.1134,14193.5402,62252.0596,-515910.4591,-437084.7459,-453658.3995
2628000,2397.6743,14355.8594,62207.0835,-516583.0938,-437622.47659999994,-454376.01029999997
2629000,2370.5131,14328.7782,61338.1572,-515009.3892,-436971.9407,-453671.23199999996
2630000,2412.0518,14360.2829,61932.0876,-516517.4646,-437813.0423,-454585.377
2631000,2371.0392,14368.2584,62271.6051,-516636.0989,-437625.1962,-454364.4938
2632000,2367.9209,14368.0705,62364.1207,-517129.261,-438029.14890000003,-454765.14029999997
2633000,2415.8495,14421.5084,61924.739,-516347.1156,-437585.0187,-454422.3766
2634000,2393.9761,14365.133,62268.8267,-517235.7416,-438207.8058,-454966.91490000003
2635000,2408.5825,14426.3937,62320.8751,-516738.3447,-437582.49340000004,-454417.4696
2636000,2404.9523,14359.8008,62040.8868,-516414.8361,-437609.1962,-454373.94930000004
2637000,2366.5514,14318.2222,61974.26,-516358.1766,-437699.14300000004,-454383.9166
2638000,2406.4607,14353.5005,61832.5727,-515806.392,-437213.8581,-453973.8193
2639000,2400.5181,14337.7987,62178.5181,-516926.844,-438010.00909999997,-454748.3259
2640000,2381.2593,14311.1765,62166.6799,-516517.2919,-437658.1762,-454350.612
2641000,2375.2941,14315.8768,61707.674,-516621.6055,-438222.76060000004,-454913.9315
2642000,2407.2525,14297.1822,61912.6131,-516596.8667,-437979.8189,-454684.2536
2643000,2354.0238,14233.2639,62520.9689,-517339.5406,-438231.284,-454818.57170000003
2644000,2407.2152,14400.0713,61811.0554,-515895.2303,-437276.8884,-454084.1749
2645000,2395.3926,14302.2356,62220.2357,-516868.9243,-437951.0604,-454648.6886
2646000,2407.3902,14463.8295,62642.3814,-517046.4185,-437532.81740000006,-454404.0371
2647000,2414.1979,14327.4281,61996.0619,-516967.3527,-438229.66479999997,-454971.29079999996
2648000,2359.9232,14260.3035,62315.3533,-516947.9089,-438012.32889999996,-454632.55559999996
2649000,2399.1283,14394.4246,61675.7454,-516628.923,-438159.62470000004,-454953.1776
2650000,2363.8244,14217.4688,62347.6588,-516730.3866,-437801.43460000004,-454382.72780000005
2651000,2386.7477,14290.0573,61492.4249,-515421.7879,-437252.55799999996,-453929.363
2652000,2391.8628,14324.2389,61837.5326,-515794.5502,-437240.9159,-453957.0176
2653000,2387.8006,14320.3785,61943.7786,-516187.1363,-437535.1786,-454243.3577
2654000,2391.32,14293.0975,62037.9751,-516216.681,-437494.28839999996,-454178.7059
2655000,2402.1093,14319.3239,62414.4669,-517227.742,-438091.8419,-454813.2751
2656000,2361.7689,14281.9274,62377.8871,-516503.5281,-437481.9447,-454125.641
2657000,2373.0934,14352.7999,61518.0877,-515776.7571,-437532.7761,-454258.6694
2658000,2398.3713,14303.1877,62202.7103,-516406.707,-437502.4377,-454203.9967
2659000,2384.1079,14371.3257,62442.1038,-517496.959,-438299.4216,-455054.8552
2660000,2404.0989,14360.1888,61931.4069,-516338.7306,-437643.036,-454407.3237
2661000,2383.6005,14400.7441,61935.8123,-515881.6867,-437161.5298,-453945.87440000003
2662000,2348.1146,14345.5046,61755.7779,-515203.6394,-436754.2423,-453447.8615
2663000,2397.6286,14363.5337,61591.2195,-515314.1249,-436961.74309999996,-453722.9054
2664000,2397.7675,14286.4104,62289.9687,-516214.1969,-437240.0503,-453924.2282
2665000,2385.2576,14339.4481,61237.4744,-515344.0928,-437381.9127,-454106.6184
2666000,2386.1624,14265.5167,62112.2583,-516171.2643,-437407.3269,-454059.006
2667000,2383.5157,14314.1928,62377.2476,-516552.7012,-437477.7451,-454175.4536
2668000,2389.2085,14292.4477,62398.6596,-516786.416,-437706.10020000004,-454387.7564
2669000,2357.687,14272.1422,62117.7305,-515955.5001,-437207.9404,-453837.7696
2670000,2351.6821,14400.1474,61921.3534,-516278.7486,-437605.5657,-454357.39519999997
2671000,2346.9356,14125.2135,61802.5264,-515942.3057,-437667.6302,-454139.77930000005
2672000,2380.7038,14379.2334,62145.3294,-515841.9351,-436936.6685,-453696.6057
2673000,2357.048,14263.1257,62064.9404,-516363.5229,-437678.4088,-454298.58249999996
2674000,2373.9579,14325.0421,61672.3619,-515178.9075,-436807.54559999995,-453506.54559999995
2675000,2393.226,14284.0242,61602.5742,-515896.7532,-437616.9288,-454294.179
2676000,2387.8019,14329.4577,61837.5564,-515743.6635,-437188.84750000003,-453906.1071
2677000,2386.1746,14286.6572,61923.2671,-515455.7307,-436859.63180000003,-453532.4636
2678000,2361.0349,14207.0598,62012.1097,-516052.664,-437472.4596,-454040.55429999996
2679000,2420.6395,14334.2887,61492.6219,-515341.2273,-437093.67720000003,-453848.6054
2680000,2377.5689,14282.7803,62130.3257,-516584.0278,-437793.3529,-454453.7021
2681000,2422.2347,14350.2668,62266.4236,-516915.3578,-437876.4327,-454648.9342
2682000,2405.7527,14360.9902,62060.1915,-516342.3463,-437515.41189999995,-454282.15479999996
2683000,2375.8451,14247.2555,62180.8772,-516274.3795,-437470.4017,-454093.5023
2684000,2369.4926,14314.21,62148.7531,-516672.5152,-437840.05950000003,-454523.76210000005
2685000,2386.1315,14377.2582,61869.496,-516122.5998,-437489.71410000004,-454253.10380000004
2686000,2387.9256,14259.9623,62076.1241,-516748.2152,-438024.2032,-454672.09109999996
2687000,2376.9672,14379.3543,61752.4482,-515881.5367,-437372.767,-454129.0885
2688000,2390.1173,14298.1694,62370.9495,-517202.5481,-438143.31190000003,-454831.5986
2689000,2344.2854,14237.8348,61773.2894,-516144.9555,-437789.54589999997,-454371.6661
2690000,2366.1396,14239.8034,62358.047,-516853.785,-437889.795,-454495.73799999995
2691000,2417.0764,14297.7393,61707.5445,-516032.1445,-437609.7843,-454324.6
2692000,2399.141,14259.1114,61884.9576,-516443.1942,-437899.9842,-454558.2366
2693000,2388.2185,14314.3228,61583.3045,-516334.1574,-438048.3116,-454750.85290000006
2694000,2383.9534,14386.0452,61682.1953,-515870.7226,-437418.52869999997,-454188.52729999996
2695000,2379.7148,14464.46,61696.4966,-515356.4127,-436815.7413,-453659.9161
2696000,2359.2316,14275.4997,62207.8604,-516661.6766,-437819.0849,-454453.8162
2697000,2372.7616,14267.381,61551.4435,-515022.82,-436831.2339,-453471.3765
2698000,2365.015,14354.2549,61813.0343,-516099.7135,-437567.4093,-454286.6792
2699000,2325.1521,14399.3428,62349.4062,-516729.6478,-437655.74669999996,-454380.24159999995
2700000,2403.6805,14201.8159,61896.7839,-516048.0972,-437545.81690000003,-454151.31330000004
2701000,2409.5393,14378.7469,61764.7899,-515690.97,-437137.89389999997,-453926.1801
2702000,2345.8237,14297.2761,61884.6808,-515712.8751,-437185.0945,-453828.1943
2703000,2378.5025,14347.1431,62021.5986,-516306.8548,-437559.61059999996,-454285.25619999995
2704000,2393.82,14337.712,61591.2412,-515459.4144,-437136.6412,-453868.1732
2705000,2390.1575,14373.3819,61598.1829,-515811.7599,-437450.03760000004,-454213.577
2706000,2353.5239,14309.2607,62007.3945,-516219.4717,-437549.2926,-454212.0772
2707000,2401.4227,14374.0623,61674.4341,-515820.547,-437370.6279,-454146.1129
2708000,2381.112,14322.7406,61578.7114,-515751.7888,-437469.22479999997,-454173.07739999995
2709000,2391.5325,14258.2547,62340.5334,-516429.7049,-437439.38430000003,-454089.1715
2710000,2378.122,14175.4904,62435.9839,-516756.8307,-437767.23439999996,-454320.8468
2711000,2390.7655,14249.1814,62117.1516,-516098.1788,-437341.08030000003,-453981.0272
2712000,2376.3853,14295.8272,61660.2403,-515572.2749,-437239.8221,-453912.0346
2713000,2409.5192,14331.5837,62192.3335,-516745.8814,-437812.445,-454553.5479
2714000,2413.4052,14322.5605,61805.6234,-515892.7528,-437351.16370000003,-454087.12940000003
2715000,2394.4004,14250.6173,62197.9588,-516309.8821,-437466.9056,-454111.92329999997
2716000,2386.7002,14262.488,62480.5383,-517553.168,-438423.4415,-455072.6297
2717000,2386.6704,14221.6024,62247.1106,-516611.8953,-437756.5119,-454364.78469999996
2718000,2363.53,14256.5624,62514.3699,-516993.0843,-437858.622,-454478.7144
2719000,2413.2528,14320.7537,62041.7859,-516617.8427,-437842.0503,-454576.05679999996
2720000,2367.0783,14306.0335,62073.5253,-516237.708,-437491.0709,-454164.1827
2721000,2372.6876,14306.9183,61658.0447,-514934.2256,-436596.575,-453276.18090000004
2722000,2416.0578,14262.9784,61864.6127,-516008.5146,-437464.86569999997,-454143.9019
2723000,2393.0024,14361.544,61658.4205,-515227.1432,-436814.1763,-453568.7227
2724000,2390.0451,14305.6969,61859.3996,-515498.193,-436943.0514,-453638.7934
2725000,2395.5596,14331.2061,61599.827,-515475.2228,-437148.6301,-453875.3958
2726000,2402.0733,14203.3142,61728.6972,-516293.5638,-437959.4791,-454564.8666
2727000,2347.9906,14236.7929,61562.8924,-515123.1173,-436975.4414,-453560.2249
2728000,2401.7164,14335.7781,62137.9054,-516359.1908,-437483.79089999996,-454221.2854
2729000,2420.42,14327.0303,61654.4866,-515588.2555,-437186.3186,-453933.7689
2730000,2374.4922,14277.7578,62459.8799,-517464.322,-438352.1921,-455004.4421
2731000,2374.252,14236.4605,61678.0967,-515983.3448,-437694.5356,-454305.2481
2732000,2353.0328,14151.3621,62035.6824,-516393.0133,-437852.936,-454357.3309
2733000,2361.1553,14240.2336,61888.1465,-515788.8182,-437299.2828,-453900.67169999995
2734000,2384.4617,14331.0544,61814.6095,-515591.2858,-437061.16020000004,-453776.6763
2735000,2385.3071,14269.8458,62005.0626,-515560.5088,-436900.2933,-453555.4462
2736000,2387.3203,14236.3336,61877.2233,-515694.4464,-437193.5692,-453817.2231
2737000,2367.6135,14250.4839,62241.2497,-516771.9254,-437912.5783,-454530.6757
2738000,2372.557,14342.9856,61901.0298,-516410.9405,-437794.3681,-454509.9107
2739000,2365.348,14244.9567,61924.7202,-516199.8423,-437664.8174,-454275.12210000004
2740000,2401.9796,14301.2215,62176.6887,-516191.8816,-437311.9918,-454015.1929
2741000,2433.4346,14296.486,62190.3511,-516666.1443,-437745.8726,-454475.79319999996
2742000,2406.9064,14268.4565,62137.47,-517126.5269,-438313.694,-454989.05689999997
2743000,2389.8644,14320.1989,61816.681,-516016.7511,-437490.0068,-454200.0701
2744000,2382.277,14296.1019,62143.9072,-516345.1338,-437522.84770000004,-454201.2266
2745000,2387.6285,14278.1829,61808.5917,-516004.2715,-437529.8684,-454195.6798
2746000,2343.3439,14361.7467,62702.9514,-516507.0412,-437098.99919999996,-453804.08979999996
2747000,2385.2335,14229.3235,62260.1604,-516454.5155,-437579.7981,-454194.3551
2748000,2374.3895,14255.6197,61934.755,-516087.2524,-437522.4882,-454152.4974
2749000,2377.6454,14346.5954,61830.9199,-516021.3637,-437466.203,-454190.4438
2750000,2371.7321,14312.7671,61982.1298,-516252.7429,-437586.1139,-454270.6131
2751000,2360.7063,14263.6713,62223.1726,-516301.8662,-437454.316,-454078.6936
2752000,2399.3058,14280.5441,62027.3527,-516238.898,-437531.69539999997,-454211.5453
2753000,2386.5739,14267.4272,62071.786,-516876.9486,-438151.1615,-454805.1626
2754000,2391.1518,14252.0494,62327.3212,-516775.0914,-437804.56899999996,-454447.77019999997
2755000,2358.286,14373.3105,61629.3853,-516032.5895,-437671.6077,-454403.2042
2756000,2386.7797,14298.4045,61387.023,-515073.2516,-437001.0444,-453686.22860000003
2757000,2399.9828,14283.0243,62252.9911,-516183.0152,-437247.017,-453930.02410000004
2758000,2406.4425,14361.2874,61651.5191,-515676.8786,-437257.6296,-454025.3595
2759000,2391.7411,14360.5781,62300.452,-516763.4622,-437710.691,-454463.0102
2760000,2360.7534,14277.0938,62567.0125,-516595.4761,-437390.61640000006,-454028.4636
2761000,2419.4895,14383.1263,61605.185,-515652.8886,-437245.0878,-454047.7036
2762000,2389.6441,14318.8979,62607.5317,-517250.9555,-437934.8818,-454643.4238
2763000,2437.7722,14361.7909,61857.3417,-515931.6317,-437274.7269,-454074.29000000004
2764000,2374.2663,14372.866,61614.3976,-516044.44,-437682.9101,-454430.04240000003
2765000,2362.7595,14341.3495,61664.599,-515774.054,-437405.346,-454109.455
2766000,2342.4518,14288.1339,62515.5909,-516913.983,-437767.8064,-454398.3921
2767000,2434.069,14423.9188,62327.6135,-516758.6459,-437573.0446,-454431.0324
2768000,2397.5046,14351.6007,61916.2066,-515985.6687,-437320.35679999995,-454069.4621
2769000,2363.6457,14199.153,61914.0152,-515636.9059,-437160.092,-453722.8907
2770000,2401.3251,14343.8689,62070.2315,-516624.9759,-437809.5504,-454554.7444
2771000,2352.5366,14253.398,61964.0235,-515888.3188,-437318.3607,-453924.2953
2772000,2398.1821,14262.7149,61849.2722,-515285.4946,-436775.3254,-453436.22239999997
2773000,2389.2013,14380.9075,62290.514,-516554.2894,-437493.6666,-454263.7754
2774000,2397.2144,14256.1031,62144.8459,-516177.1158,-437378.9524,-454032.2699
2775000,2365.2984,14340.2077,62039.1173,-516234.4365,-437489.8131,-454195.3192
2776000,2383.4171,14286.9165,61950.5588,-516521.4489,-437900.5565,-454570.8901
2777000,2360.7734,14372.0458,62155.2755,-516526.2925,-437638.19779999997,-454371.017
2778000,2366.2151,14292.5263,61983.2107,-516736.0208,-438094.0687,-454752.8101
2779000,2382.7371,14256.0618,61529.9984,-515341.0044,-437172.2071,-453811.006
2780000,2378.3702,14331.9239,61857.521,-516324.0261,-437756.211,-454466.5051
2781000,2368.2479,14272.0577,61903.4139,-515734.9875,-437191.268,-453831.5736
2782000,2391.0008,14207.9586,62180.2663,-516066.6235,-437287.3978,-453886.35719999997
2783000,2373.7596,14194.259,62193.3943,-516592.6963,-437831.2834,-454399.302
2784000,2392.062,14317.0734,61946.3501,-516265.1943,-437609.70879999996,-454318.8442
2785000,2380.6498,14273.8395,61739.7912,-516044.9096,-437650.6291,-454305.11840000004
2786000,2403.9618,14310.7288,61855.5362,-516004.3245,-437434.0977,-454148.7883
2787000,2379.527,14227.0444,62148.051,-516500.4426,-437745.8202,-454352.39160000003
2788000,2402.3734,14471.678,62496.9669,-516869.2214,-437498.2031,-454372.2545
2789000,2379.8123,14239.5347,61546.9708,-515316.6588,-437150.34099999996,-453769.68799999997
2790000,2420.4372,14293.0555,61992.0097,-515880.6147,-437175.1123,-453888.605
2791000,2381.5924,14223.2024,61665.8074,-516093.6642,-437823.06200000003,-454427.8568
2792000,2377.5809,14327.938,62283.1417,-517215.4319,-438226.7713,-454932.29020000005
2793000,2396.1606,14241.1363,61754.8519,-516183.8412,-437791.69240000006,-454428.9893
2794000,2394.6288,14221.7439,62052.0401,-517086.9269,-438418.51410000003,-455034.88680000004
2795000,2374.9641,14190.4296,61809.3053,-515511.9078,-437137.2088,-453702.6025
2796000,2387.2604,14288.4275,61650.3176,-515506.8492,-437180.84369999997,-453856.5316
2797000,2355.9651,14287.7527,62297.9951,-516409.7693,-437468.0564,-454111.7742
2798000,2413.1536,14343.0796,61916.7639,-516552.4505,-437879.4534,-454635.68659999996
2799000,2395.2538,14207.9362,62416.6421,-516816.5293,-437796.6972,-454399.8872
2800000,2402.12,14219.1716,61588.2364,-516093.4722,-437883.9442,-454505.2358
2801000,2410.0171,14308.0745,61622.6606,-515568.5887,-437227.83650000003,-453945.9281
2802000,2371.3804,14289.8625,62092.1631,-516388.2487,-437634.84270000004,-454296.0856
2803000,2372.3207,14364.2231,61053.9349,-514796.5272,-437006.04850000003,-453742.5923
2804000,2413.2372,14241.8555,62093.1032,-515762.0333,-437013.8374,-453668.9301
2805000,2397.5286,14322.4831,61984.6249,-516124.6022,-437419.9656,-454139.9773
2806000,2332.0955,14249.5185,62171.0788,-516739.516,-437986.8232,-454568.4372
2807000,2385.3261,14265.0439,62116.5146,-516112.3907,-437345.5061,-453995.8761
2808000,2366.794,14245.6223,61779.4463,-515734.2401,-437342.3775,-453954.7938
2809000,2357.0204,14230.6268,62025.9141,-516090.1668,-437476.6055,-454064.2527
2810000,2363.5348,14245.1422,61746.1016,-515654.6035,-437299.8249,-453908.50190000003
2811000,2374.8508,14252.0169,62190.8426,-516370.4838,-437552.7735,-454179.64119999995
2812000,2367.161,14273.0577,62107.1798,-516141.5204,-437394.12189999997,-454034.3406
2813000,2403.1828,14277.4643,62625.9497,-516267.5916,-436960.9948,-453641.6419
2814000,2370.3315,14273.1446,61854.1422,-516230.4309,-437732.81259999995,-454376.2887
2815000,2378.5533,14212.0554,61565.58,-515683.4197,-437527.231,-454117.8397
2816000,2389.3999,14230.2489,62247.4547,-515856.491,-436989.38749999995,-453609.0363
2817000,2389.3471,14277.2939,61864.4841,-516127.0508,-437595.9257,-454262.5667
2818000,2308.5067,14371.9278,62106.4954,-516440.2286,-437653.2987,-454333.73319999996
2819000,2404.9226,14334.4038,62136.6401,-516435.4973,-437559.5308,-454298.85719999997
2820000,2381.4568,14385.8995,61989.1315,-515675.9361,-436919.4483,-453686.8046
2821000,2360.9136,14365.179,62385.2948,-516493.2763,-437381.8889,-454107.9815
2822000,2373.5641,14214.9222,61990.9311,-515974.2177,-437394.8003,-453983.2866
2823000,2378.657,14319.7738,61722.4414,-514776.5697,-436355.6975,-453054.1283
2824000,2358.6324,14250.0323,62166.5762,-516232.6643,-437457.42339999997,-454066.0881
2825000,2367.0248,14361.7712,61887.9752,-515857.0539,-437240.2827,-453969.0787
2826000,2397.8696,14368.0962,61956.5912,-516474.8767,-437752.3197,-454518.2855
2827000,2370.2096,14321.5461,62003.622,-515647.2295,-436951.8518,-453643.60750000004
2828000,2406.2246,14325.3109,62132.8129,-516704.9419,-437840.59349999996,-454572.12899999996
2829000,2377.3708,14307.1381,62048.8298,-515603.6141,-436870.27540000004,-453554.7843
2830000,2370.6264,14262.649,61790.4513,-515922.3859,-437498.6592,-454131.9346
2831000,2361.8623,14276.2102,61626.3374,-514810.7917,-436546.3818,-453184.4543
2832000,2406.2654,14413.9707,61639.2984,-515657.2822,-437197.7477,-454017.98380000005
2833000,2342.5143,14263.425,61697.5136,-515708.3494,-437404.89650000003,-454010.8358
2834000,2384.2966,14262.7039,62168.3336,-516662.5104,-437847.17630000005,-454494.1768
2835000,2364.7855,14328.4176,62261.3911,-516212.5153,-437257.92110000004,-453951.1242
2836000,2376.2434,14300.1472,61650.6194,-515652.1043,-437325.0943,-454001.4849
2837000,2386.9808,14293.0781,61947.0798,-516578.7297,-437951.591,-454631.6499
2838000,2387.9321,14312.0498,62198.2934,-516289.1795,-437390.9042,-454090.8861
2839000,2392.8898,14267.0419,62069.9689,-516031.5621,-437301.6615,-453961.5932
2840000,2404.9629,14322.2239,62097.1285,-516881.1838,-438056.8685,-454784.0553
2841000,2370.7294,14275.1986,61911.1217,-516456.9538,-437899.90410000004,-454545.8321
2842000,2392.3146,14286.3271,62110.9862,-515992.6831,-437203.05520000006,-453881.69690000004
2843000,2429.242,14316.0668,61581.7427,-515766.3665,-437439.315,-454184.6238
2844000,2353.9168,14312.4951,62424.8071,-516911.8085,-437820.5895,-454487.0014
2845000,2387.539,14274.8293,61983.2068,-515955.84,-437310.2649,-453972.63320000004
2846000,2394.3625,14271.3447,61824.358,-516703.5596,-438213.49439999997,-454879.2016
2847000,2378.3661,14238.249,61551.8142,-516196.9501,-438028.5208,-454645.1359
2848000,2404.9667,14307.7173,62176.9973,-517252.8472,-438363.1659,-455075.84990000003
2849000,2373.7058,14218.8516,61602.1093,-515650.3124,-437455.6457,-454048.2031
2850000,2361.5241,14346.0257,62906.7917,-517427.6593,-437813.31779999996,-454520.8676
2851000,2410.0954,14292.1598,61932.3654,-515979.5364,-437344.91579999996,-454047.171
2852000,2417.3653,14289.487,61577.5585,-515437.0148,-437152.604,-453859.4563
2853000,2395.1887,14305.3076,62327.7136,-516304.9119,-437276.702,-453977.1983
2854000,2362.358,14296.4381,61649.5648,-515372.479,-437064.11809999996,-453722.9142
2855000,2426.0877,14294.6745,62198.2217,-517153.0695,-438234.0856,-454954.8478
2856000,2379.4327,14370.8056,61739.6132,-515601.3495,-437111.498,-453861.7363
2857000,2400.2287,14302.1912,61779.1958,-516035.3778,-437553.76210000005,-454256.18200000003
2858000,2367.8624,14381.053,62164.1515,-516929.0016,-438015.9347,-454764.85010000004
2859000,2387.8682,14386.6968,62252.5989,-517162.5766,-438135.4127,-454909.9777
2860000,2367.5347,14217.9705,62094.8194,-516587.0729,-437906.74830000004,-454492.25350000005
2861000,2386.0549,14316.2574,61750.8124,-516699.5749,-438246.4502,-454948.7625
2862000,2409.0678,14359.9023,62060.0214,-516761.5553,-437932.5638,-454701.53390000004
2863000,2392.8315,14276.6689,62373.6231,-516515.0106,-437471.8871,-454141.38749999995
2864000,2390.1508,14257.9628,62133.8463,-515761.4534,-436979.4935,-453627.6071
2865000,2405.6447,14295.4175,62110.0208,-515919.1011,-437108.01810000004,-453809.08030000003
2866000,2380.8756,14263.578,62057.1066,-516530.6405,-437829.0803,-454473.5339
2867000,2400.9366,14281.8563,61879.2537,-516354.8031,-437792.7565,-454475.5494
2868000,2377.125,14276.5442,62194.4682,-516295.641,-437447.5036,-454101.1728
2869000,2357.7418,14237.6248,62244.2388,-516622.1117,-437782.5063,-454377.8729
2870000,2379.0789,14293.7442,62065.6893,-516333.1235,-437594.6111,-454267.4342
2871000,2406.7108,14401.3227,62012.2009,-515844.4059,-437024.1715,-453832.205
2872000,2402.3836,14333.7866,61918.0491,-516059.2209,-437405.0016,-454141.1718
2873000,2357.1011,14304.1185,61432.5234,-515706.3935,-437612.6505,-454273.8701
2874000,2374.3894,14224.6609,62189.8027,-516000.2041,-437211.35109999997,-453810.4014
2875000,2414.0479,14250.2656,62053.6467,-516263.0463,-437545.08609999996,-454209.3996
2876000,2335.7364,14260.7266,61864.2081,-516258.5085,-437797.83739999996,-454394.3004
2877000,2355.8001,14274.8493,61251.8387,-515579.8783,-437697.39019999997,-454328.03959999996
2878000,2364.0398,14211.7507,62211.4305,-516811.8423,-438024.6213,-454600.4118
2879000,2413.2188,14304.5155,62400.7608,-516827.1892,-437708.6941,-454426.42840000003
2880000,2375.8799,14359.5345,61716.6964,-515830.8814,-437378.77060000005,-454114.185
2881000,2361.2984,14251.143,62174.8318,-516331.3468,-437544.0736,-454156.515
2882000,2393.3871,14273.8089,62172.3252,-516372.2655,-437532.74429999996,-454199.94029999996
2883000,2394.6338,14353.7656,62451.1388,-516491.5962,-437292.058,-454040.4574
2884000,2377.5993,14310.2212,62020.505,-515835.0019,-437126.6764,-453814.49689999997
2885000,2411.5698,14422.0378,62622.0233,-516819.6379,-437364.007,-454197.6146
2886000,2362.8993,14340.1893,62221.0469,-516830.269,-437906.1335,-454609.22209999996
2887000,2395.3172,14356.8415,61781.2297,-516067.1294,-437533.741,-454285.89969999995
2888000,2366.1326,14273.2275,61959.459,-515809.1319,-437210.31279999996,-453849.6729
2889000,2372.8508,14404.8574,62231.5666,-516254.6993,-437245.42449999996,-454023.13269999996
2890000,2374.1789,14218.8621,62012.4123,-516267.6024,-437662.1491,-454255.19009999995
2891000,2394.3857,14407.5402,62003.9331,-516273.2319,-437467.3729,-454269.2988
2892000,2401.2448,14281.6058,61828.5824,-516293.7129,-437782.27989999996,-454465.13049999997
2893000,2361.4677,14324.7033,61598.1408,-515989.213,-437704.90119999996,-454391.0722
2894000,2395.4745,14295.4294,61815.8091,-516057.1572,-437550.4442,-454241.3481
2895000,2377.5722,14315.3877,62110.6483,-515753.265,-436949.6568,-453642.6167
2896000,2414.5081,14364.1394,61734.2985,-515716.5044,-437203.5584,-453982.2059
2897000,2405.1423,14360.2348,62137.6061,-516644.4479,-437741.4647,-454506.84180000005
2898000,2396.0963,14295.5435,62321.7649,-516480.1264,-437466.7217,-454158.3615
2899000,2416.578,14332.3309,62042.6544,-515969.7279,-437178.1646,-453927.0735
2900000,2374.413,14323.4478,61771.8315,-515644.9623,-437175.27,-453873.13080000004
2901000,2376.2949,14310.4724,61878.5024,-516190.3744,-437625.10469999997,-454311.872
2902000,2395.0974,14298.2229,62067.9097,-516466.3354,-437705.1054,-454398.42569999996
2903000,2415.933,14356.5585,61541.866,-515837.8006,-437523.44310000003,-454295.93460000004
2904000,2385.4737,14348.283,62536.5017,-517423.9414,-438153.683,-454887.4397
2905000,2363.5903,14285.0303,62413.4898,-516859.624,-437797.5136,-454446.13420000003
2906000,2373.7717,14311.7268,62212.2456,-517406.2194,-438508.4753,-455193.9738
2907000,2432.5547,14359.5171,62004.6337,-516497.2453,-437700.5398,-454492.6116
2908000,2389.3013,14374.4834,61826.0213,-515789.801,-437199.995,-453963.77969999996
2909000,2393.04,14388.4761,62092.3116,-517137.5833,-438263.75560000003,-455045.2717
2910000,2383.6491,14314.1071,62253.9885,-516440.8995,-437489.1548,-454186.911
2911000,2377.9548,14304.6872,61996.2171,-516308.6223,-437629.7632,-454312.4052
2912000,2396.0326,14377.3046,62269.1799,-516461.3378,-437418.8207,-454192.1579
2913000,2379.8195,14341.7302,61949.5004,-516452.5432,-437781.4931,-454503.0428
2914000,2392.8898,14268.942,62466.8376,-517210.0979,-438081.4285,-454743.26029999997
2915000,2391.9222,14423.945,62382.0661,-517252.2775,-438054.34420000005,-454870.21140000003
2916000,2378.9797,14388.7409,61800.8845,-516235.7793,-437667.1742,-454434.8948
2917000,2397.1419,14303.1485,61516.9264,-515569.6881,-437352.47130000003,-454052.76170000003
2918000,2369.9234,14190.2907,62163.4229,-516587.1033,-437863.46630000003,-454423.6804
2919000,2391.9358,14288.3774,62080.7298,-515971.0292,-437209.9862,-453890.2994
2920000,2385.8704,14363.3605,62142.9069,-516535.7491,-437643.6113,-454392.8422
2921000,2372.5038,14270.7761,61963.7808,-516249.8005,-437642.7398,-454286.0197
2922000,2366.2636,14277.2826,62205.1737,-516324.7093,-437475.98939999996,-454119.5356
2923000,2413.8201,14320.7128,61982.7213,-516174.8597,-437457.60549999995,-454192.1384
2924000,2395.1154,14318.6896,61750.6164,-516309.4573,-437845.0359,-454558.8409
2925000,2397.5088,14387.4522,61955.1354,-516186.0572,-437445.9608,-454230.9218
2926000,2372.4698,14257.6942,61787.7617,-516434.3856,-438016.45989999996,-454646.6239
2927000,2377.9166,14419.9507,62197.3016,-516864.231,-437869.06210000004,-454666.9294
2928000,2407.9804,14329.7802,61765.2781,-516116.3999,-437613.36120000004,-454351.1218
2929000,2386.5239,14405.4966,61913.0485,-516012.4052,-437307.3362,-454099.3567
2930000,2359.243,14277.3214,61596.6498,-515307.7339,-437074.5197,-453711.0841
2931000,2395.5287,14318.3412,61818.5386,-515913.6695,-437381.261,-454095.1309
2932000,2382.3418,14346.4722,62196.3565,-516182.2758,-437257.1053,-453985.9193
2933000,2405.7582,14249.9928,62160.3584,-515806.0532,-436989.9438,-453645.69480000006
2934000,2383.3043,14253.9084,61773.2876,-515659.5937,-437249.0934,-453886.30610000005
2935000,2410.0911,14299.8996,62426.0067,-516287.7676,-437151.7702,-453861.7609
2936000,2403.3676,14268.0115,61676.4983,-515890.3839,-437542.5065,-454213.88560000004
2937000,2369.2468,14323.341,62090.7147,-516265.873,-437482.57050000003,-454175.1583
2938000,2375.0678,14258.6696,62127.363,-516464.884,-437703.7836,-454337.521
2939000,2377.7597,14270.6783,62273.623,-516479.7669,-437557.7059,-454206.14389999997
2940000,2420.4885,14314.8292,61796.3187,-515293.7366,-436762.1002,-453497.4179
2941000,2357.0528,14201.973,61761.5793,-515606.5345,-437285.9294,-453844.9552
2942000,2401.5994,14328.4544,62104.6883,-515691.9784,-436857.2363,-453587.29010000004
2943000,2399.7524,14395.8264,61942.681,-515141.9227,-436403.6629,-453199.2417
2944000,2397.2292,14317.6141,61793.3853,-515867.0423,-437358.81369999994,-454073.65699999995
2945000,2374.8354,14400.5084,61227.8947,-515348.1755,-437344.93700000003,-454120.2808
2946000,2381.7717,14248.5958,62016.4718,-515842.4355,-437195.5962,-453825.9637
2947000,2395.169,14358.9929,62204.2538,-516675.4198,-437717.00409999996,-454471.16599999997
2948000,2353.4654,14277.2853,62197.5525,-516345.4576,-437517.1544,-454147.90510000003
2949000,2370.6584,14385.4877,62180.0443,-516273.8466,-437337.65619999997,-454093.8023
2950000,2405.9101,14324.3579,61638.6762,-516048.2647,-437679.32050000003,-454409.5885
2951000,2368.4168,14339.4439,61956.6795,-516404.5932,-437740.053,-454447.91370000003
2952000,2367.8892,14385.2831,61865.5431,-516784.6971,-438165.9817,-454919.154
2953000,2344.2523,14342.5319,61997.2894,-516610.2789,-437926.2053,-454612.98949999997
2954000,2391.878,14295.7282,62237.283,-516780.6718,-437855.78260000004,-454543.3888
2955000,2365.8847,14346.6578,62420.565,-516766.6714,-437633.5639,-454346.1064
2956000,2370.6397,14274.6267,62382.1732,-516868.7883,-437841.34870000003,-454486.6151
2957000,2351.4967,14317.8945,62075.9763,-516327.9773,-437582.60980000003,-454252.00100000005
2958000,2376.2645,14323.3375,62302.118,-516606.2627,-437604.5427,-454304.1447
2959000,2342.4259,14320.6082,62283.802,-515916.5123,-436969.6762,-453632.7103
2960000,2371.7108,14350.8119,61708.7084,-515817.7648,-437386.5337,-454109.0564
2961000,2399.5391,14369.3101,61844.818,-516603.9999,-437990.3327,-454759.18189999997
2962000,2394.7203,14366.4243,62252.0334,-516331.1684,-437317.9904,-454079.135
2963000,2365.6853,14298.8997,61779.355,-515857.5365,-437413.5965,-454078.1815
2964000,2376.4319,14347.5648,61855.1124,-515796.1945,-437217.0854,-453941.0821
2965000,2392.179,14322.2058,61677.5872,-515626.039,-437234.067,-453948.4518
2966000,2363.2581,14301.7335,61786.9155,-515779.0748,-437327.1677,-453992.1593
2967000,2332.101,14273.2832,61867.2148,-515541.0672,-437068.4682,-453673.8524
2968000,2362.9931,14330.3407,62015.4718,-516231.8595,-437523.05390000006,-454216.3877
2969000,2428.3628,14274.0614,61656.904,-515672.5695,-437313.2413,-454015.6655
2970000,2387.5052,14320.0992,61983.1255,-515784.0969,-437093.36699999997,-453800.9714
2971000,2400.7337,14367.2033,62205.2555,-516730.5092,-437757.31669999997,-454525.2537
2972000,2374.4578,14378.8957,61987.7427,-516456.5569,-437715.46070000005,-454468.8142
2973000,2388.8925,14296.8504,61686.0973,-516293.6747,-437921.8345,-454607.57739999995
2974000,2388.8795,14269.3476,61780.1157,-516012.1551,-437573.8123,-454232.03939999995
2975000,2385.7012,14294.0134,61920.4434,-517124.4874,-438524.3294,-455204.044
2976000,2376.0584,14257.4652,61629.2984,-515698.3932,-437435.5712,-454069.09479999996
2977000,2404.3489,14309.9696,62118.889,-516680.5172,-437847.3097,-454561.6282
2978000,2408.1347,14283.1158,61591.4626,-515890.5631,-437607.85000000003,-454299.10050000006
2979000,2371.2105,14207.7029,61418.6868,-515582.8706,-437585.27040000004,-454164.1838
2980000,2387.3047,14255.19,62338.0249,-516303.5108,-437322.9912,-453965.48589999997
2981000,2373.3059,14353.8229,61800.6739,-516073.7665,-437545.9638,-454273.09260000003
2982000,2387.116,14305.3495,61606.268,-515853.8183,-437555.08479999995,-454247.5503
2983000,2382.52,14351.3857,62134.7586,-516821.0528,-437952.3885,-454686.2942
2984000,2404.6212,14303.739,62188.0845,-516854.0832,-437957.6385,-454665.9987
2985000,2385.9418,14393.2093,61699.4417,-515352.6329,-436874.04010000004,-453653.1912
2986000,2408.2633,14318.9887,61837.5151,-516303.4735,-437738.7064,-454465.9584
2987000,2399.5011,14325.0548,62102.7582,-516402.6374,-437575.32330000005,-454299.8792
2988000,2364.288,14393.1395,61902.7918,-516445.1073,-437784.888,-454542.31549999997
2989000,2374.4181,14371.028,61516.0591,-515748.295,-437486.78979999997,-454232.23589999997
2990000,2369.0407,14319.547,61999.3256,-515716.527,-437028.6137,-453717.2014
2991000,2355.4897,14295.8979,61594.3615,-515291.7118,-437045.9627,-453697.3503
2992000,2375.6014,14295.539,62192.7484,-516254.2862,-437390.39739999996,-454061.5378
2993000,2370.4166,14351.2093,62157.0207,-516599.0157,-437720.3691,-454441.995
2994000,2379.4591,14322.0262,62028.3185,-515779.9098,-437050.106,-453751.59130000003
2995000,2413.1758,14405.4769,61849.7433,-515746.4905,-437078.0945,-453896.7472
2996000,2366.5361,14341.3318,61863.3745,-516424.7636,-437853.5212,-454561.38910000003
2997000,2383.5659,14344.5623,61814.9065,-515725.1019,-437182.06720000005,-453910.1954
2998000,2395.7703,14252.0426,62037.4899,-516471.8305,-437786.5277,-454434.3406
2999000,2366.7006,14227.6487,62381.2916,-516817.8869,-437842.246,-454436.5953
3000000,2368.4599,14218.352,61751.3715,-516072.6044,-437734.421,-454321.2329
3001000,2394.1262,14311.2942,61748.5275,-516159.0197,-437705.07180000003,-454410.4922
3002000,2377.9465,14216.8453,61804.5022,-515903.1089,-437503.8149,-454098.6067
3003000,2387.9647,14222.5942,62551.7539,-516556.9266,-437394.6138,-454005.1727
3004000,2398.6746,14291.2898,62289.7633,-516952.435,-437972.7073,-454662.6717
3005000,2388.2747,14282.1343,62553.4062,-516301.2458,-437077.43059999996,-453747.83959999995
3006000,2363.5764,14286.8121,61823.8017,-515919.3745,-437445.18429999996,-454095.57279999997
3007000,2394.1997,14345.6798,62281.9624,-516576.8951,-437555.0532,-454294.9327
3008000,2382.7164,14397.5492,62150.4099,-516354.3828,-437423.7073,-454203.97290000005
3009000,2361.7242,14326.1684,61785.8956,-515728.9572,-437255.169,-453943.0616
3010000,2360.6081,14281.2964,62112.5687,-516086.6129,-437332.1397,-453974.0442
3011000,2351.7759,14352.0604,61709.2961,-515906.4405,-437493.3081,-454197.14440000005
3012000,2402.0092,14289.7504,61666.8395,-515775.1755,-437416.5764,-454108.336
3013000,2377.5869,14211.1149,61944.7906,-516212.1082,-437678.6158,-454267.3176
3014000,2368.136,14339.0094,61590.7719,-515911.0225,-437613.1052,-454320.2506
3015000,2398.0421,14355.6515,61600.6902,-516206.1608,-437851.777,-454605.4706
3016000,2374.6018,14308.7297,62013.3826,-516291.151,-437594.43690000003,-454277.7684
3017000,2382.6858,14283.8787,62131.0521,-516430.7078,-437633.09119999997,-454299.6557
3018000,2395.0573,14358.4915,62061.6908,-516599.467,-437784.2274,-454537.7762
3019000,2370.8345,14400.6001,62362.4888,-517458.2538,-438324.3304,-455095.765
3020000,2388.1921,14216.2328,61894.4686,-516294.2024,-437795.3089,-454399.7338
3021000,2378.2246,14270.2074,62217.6727,-516132.3764,-437266.27170000004,-453914.7037
3022000,2410.7389,14269.6413,61406.7836,-515301.7242,-437214.56039999996,-453894.9406
3023000,2389.1865,14347.155,62441.8588,-517080.8429,-437902.6426,-454638.9841
3024000,2378.827,14339.7313,62297.967,-516792.9539,-437776.42860000004,-454494.9869
3025000,2390.8715,14381.2659,61701.8567,-515944.8336,-437470.8395,-454242.9769
3026000,2391.5454,14313.8923,61849.1512,-515966.5466,-437411.9577,-454117.3954
3027000,2385.1249,14261.6879,61793.1208,-516283.1226,-437843.189,-454490.0018
3028000,2376.1257,14377.012,62160.3641,-516635.394,-437721.8922,-454475.02989999996
3029000,2385.5076,14214.7115,61791.008,-515589.0729,-437197.8458,-453798.0649
3030000,2374.95,14383.372,62568.1551,-517317.6795,-437991.2024,-454749.5244
3031000,2388.6378,14330.3339,62073.5951,-516904.6909,-438112.1241,-454831.0958
3032000,2401.964,14349.0562,62419.1983,-516738.1266,-437567.9081,-454318.9283
3033000,2348.0985,14153.9729,62536.1364,-516736.9893,-437698.78150000004,-454200.8529
3034000,2361.5912,14318.0072,62467.0207,-516866.1729,-437719.5538,-454399.1522
3035000,2400.9562,14297.7669,61736.6208,-516595.9394,-438160.5955,-454859.3186
3036000,2384.6249,14343.3201,62130.8681,-516819.7978,-437960.98470000003,-454688.9297
3037000,2414.2275,14291.3343,62050.2871,-516335.3786,-437579.5297,-454285.0915
3038000,2352.402,14247.2352,62025.8086,-516632.1331,-438006.6873,-454606.3245
3039000,2361.8274,14222.6569,61722.9395,-516025.6992,-437718.2754,-454302.7597
3040000,2387.6519,14327.9596,62004.9085,-516834.8785,-438114.3585,-454829.97
3041000,2375.9648,14268.0622,62030.2245,-516162.0688,-437487.8173,-454131.8443
3042000,2357.0135,14300.6298,62105.9097,-516386.1706,-437622.6176,-454280.2609
3043000,2384.0457,14367.1319,61937.1638,-515938.6496,-437250.30819999997,-454001.4858
3044000,2379.406,14331.741,61684.9003,-515606.9811,-437210.9338,-453922.0808
3045000,2407.3504,14140.2466,61527.5662,-515422.8917,-437347.72849999997,-453895.3255
3046000,2355.9582,14317.4416,61611.0752,-515876.6738,-437592.1988,-454265.59859999997
3047000,2381.1,14272.2592,62458.1012,-516376.6103,-437265.1499,-453918.5091
3048000,2398.3419,14281.7225,61963.2286,-516265.1775,-437621.8845,-454301.94889999996
3049000,2382.4523,14311.5667,61377.5071,-515155.0678,-437083.5417,-453777.56070000003
3050000,2367.1243,14286.9342,62107.7575,-516445.8595,-437684.0435,-454338.102
3051000,2375.1768,14314.5528,61632.4907,-515509.8378,-437187.6175,-453877.34709999996
3052000,2371.0374,14329.4701,62293.4365,-516471.4344,-437477.4904,-454177.9979
3053000,2417.5076,14329.8296,61837.4392,-516503.6004,-437918.824,-454666.1612
3054000,2320.844,14305.5822,62153.5013,-516314.4623,-437534.5348,-454160.961
3055000,2370.7271,14337.1385,61261.9797,-515456.3318,-437486.4865,-454194.35209999996
3056000,2433.5334,14359.3647,61794.5274,-515616.7216,-437029.2961,-453822.19419999997
3057000,2380.589,14310.8293,61960.8548,-516123.5079,-437471.23480000003,-454162.6531
3058000,2382.9798,14311.7959,62509.9671,-516601.8526,-437397.1098,-454091.8855
3059000,2398.0661,14353.797,61891.7413,-516111.3552,-437467.7508,-454219.6139
3060000,2395.31,14352.4562,62120.249,-517097.7422,-438229.72699999996,-454977.49319999997
3061000,2363.0589,14203.5622,62034.6964,-516232.21,-437630.8925,-454197.5136
3062000,2392.9315,14211.8207,62342.436,-516827.1996,-437880.01139999996,-454484.7636
3063000,2396.5088,14331.3149,61749.0639,-515740.1054,-437263.2178,-453991.0415
3064000,2393.6729,14223.9389,62280.595,-517059.691,-438161.4842,-454779.096
3065000,2401.1654,14244.2566,62325.9488,-516712.6877,-437741.3169,-454386.7389
3066000,2427.4193,14383.2393,62023.8204,-516404.9353,-437570.4563,-454381.11490000004
3067000,2375.652,14287.0574,61646.5692,-515638.3617,-437329.08310000005,-453991.7925
3068000,2375.5467,14242.0107,62286.2167,-516600.8027,-437697.0286,-454314.586
3069000,2363.5676,14185.4692,62219.1607,-516227.4275,-437459.23,-454008.2668
3070000,2425.0431,14301.1863,62158.6611,-516207.0325,-437322.142,-454048.37139999995
3071000,2351.9905,14228.4452,62151.6511,-516346.921,-437614.8342,-454195.26989999996
3072000,2387.6119,14262.3777,61818.4229,-515823.0773,-437354.6648,-454004.6544
3073000,2417.0114,14313.4828,61756.9805,-515826.9405,-437339.4658,-454069.96
3074000,2383.3211,14360.2823,62571.3649,-516650.2463,-437335.278,-454078.8814
3075000,2382.2288,14192.1878,61324.997,-515502.3649,-437602.95129999996,-454177.36789999995
3076000,2377.0163,14335.5709,61946.3713,-515833.9075,-437174.94899999996,-453887.5362
3077000,2391.6017,14238.2113,61763.7371,-515659.3702,-437265.8201,-453895.6331
3078000,2373.3747,14294.869,62285.847,-516658.0856,-437703.9949,-454372.2386
3079000,2411.9629,14214.1526,61425.4415,-515532.2815,-437480.7245,-454106.83999999997
3080000,2388.8395,14298.5355,62095.6124,-516388.1645,-437605.17710000003,-454292.55210000003
3081000,2362.9992,14289.0976,62107.7268,-516874.7328,-438114.9092,-454767.006
3082000,2377.3743,14255.5672,62444.2385,-517293.5369,-438216.3569,-454849.2984
3083000,2370.668,14255.1854,61893.1325,-516699.7655,-438180.7796,-454806.633
3084000,2398.3871,14265.0142,62039.6416,-516205.9658,-437502.9229,-454166.32420000003
3085000,2386.9376,14289.5473,61994.4727,-516014.757,-437343.7994,-454020.2843
3086000,2382.7188,14247.7635,61899.5062,-516202.8372,-437672.8487,-454303.331
3087000,2397.1562,14247.5327,62108.0709,-516199.4174,-437446.6576,-454091.3465
3088000,2377.5135,14303.497,62313.7317,-516388.8749,-437394.1327,-454075.1432
3089000,2396.9823,14380.6023,62100.0324,-515887.3234,-437009.7064,-453787.29099999997
3090000,2386.0741,14294.3121,61847.345,-515775.6552,-437247.924,-453928.31019999995
3091000,2397.1277,14363.45,61796.7427,-516692.1672,-438134.84680000006,-454895.4245
3092000,2338.2138,14217.3726,62263.5849,-516531.391,-437712.2197,-454267.8061
3093000,2374.2424,14213.6492,62414.1387,-516793.0488,-437791.0185,-454378.9101
3094000,2351.5928,14186.2514,61990.4379,-516574.8296,-438046.5475,-454584.3917
3095000,2374.5002,14257.0469,62325.1771,-516552.9848,-437596.2606,-454227.8077
3096000,2378.2428,14125.5199,62160.3826,-516540.5951,-437876.44979999994,-454380.21249999997
3097000,2357.6082,14269.145,61554.2585,-515604.0811,-437423.06940000004,-454049.8226
3098000,2364.8632,14276.4392,62329.4558,-517092.2722,-438121.51399999997,-454762.8164
3099000,2353.0818,14286.0612,62265.4132,-516379.1945,-437474.6383,-454113.7813
3100000,2361.4718,14290.979,62668.4153,-517661.9562,-438341.09010000003,-454993.5409
3101000,2392.0394,14345.8556,62674.4845,-516873.7701,-437461.39060000004,-454199.2856
3102000,2380.739,14382.404,62129.2801,-516795.6916,-437903.2685,-454666.41150000005
3103000,2356.6107,14271.0667,61839.5574,-516060.0535,-437592.81869999995,-454220.4961
3104000,2396.697,14219.6935,62192.888,-516235.8329,-437426.55439999996,-454042.9449
3105000,2392.8029,14349.9933,62077.5315,-516069.0094,-437248.68169999996,-453991.4779
3106000,2349.159,14307.9091,61952.8378,-516837.6827,-438227.7768,-454884.8449
3107000,2383.6606,14436.8534,61841.3962,-516342.9046,-437680.9944,-454501.5084
3108000,2424.6408,14280.6857,62076.6784,-516497.1697,-437715.1648,-454420.49130000005
3109000,2356.688,14281.9883,62522.3805,-516969.245,-437808.1882,-454446.8645
3110000,2360.4277,14250.8821,62426.958,-517644.2454,-438605.9776,-455217.28740000003
3111000,2347.9955,14270.6701,62724.0545,-517244.0404,-437901.3203,-454519.98589999997
3112000,2367.1135,14325.6975,61436.0714,-515457.9539,-437329.0715,-454021.8825
3113000,2355.5727,14411.958,61930.7276,-516100.0096,-437401.7513,-454169.282
3114000,2398.3102,14240.2976,62434.1326,-516575.7349,-437502.9945,-454141.60229999997
3115000,2393.7901,14371.8472,61789.5702,-515984.9747,-437429.7672,-454195.4045
3116000,2374.3743,14345.8153,62100.3969,-516003.8484,-437183.26190000004,-453903.4515
3117000,2393.3082,14250.2746,61591.2629,-516007.7552,-437772.9095,-454416.49230000004
3118000,2387.0227,14393.3561,61860.7425,-515751.6721,-437110.5508,-453890.92960000003
3119000,2376.1921,14346.5127,62249.7293,-516987.5113,-438015.0772,-454737.782
3120000,2395.2775,14327.4907,61407.7949,-515656.0029,-437525.43980000005,-454248.20800000004
3121000,2406.9443,14280.1439,61975.6888,-515618.7767,-436955.9997,-453643.0879
3122000,2366.2511,14293.7229,62090.3104,-516162.0077,-437411.7233,-454071.6973
3123000,2400.8158,14368.7739,61802.3573,-516622.5823,-438050.6353,-454820.225
3124000,2382.3045,14462.9248,62455.2331,-516936.6088,-437636.14639999997,-454481.3757
3125000,2384.6751,14320.9395,62538.3538,-516451.4949,-437207.5265,-453913.1411
3126000,2379.5307,14379.3481,61748.6292,-515803.2461,-437295.73809999996,-454054.61689999996
3127000,2421.9774,14295.5705,62109.435,-516600.461,-437773.4781,-454491.026
3128000,2388.783,14426.1941,61873.5711,-515893.725,-437205.17679999996,-454020.1539
3129000,2400.3398,14367.9608,62256.847,-516479.0388,-437453.89119999995,-454222.1918
3130000,2413.0699,14328.7924,61867.2701,-516359.5372,-437750.4048,-454492.2671
3131000,2393.6535,14288.5108,61995.3739,-515924.6314,-437247.0932,-453929.2575
3132000,2360.4165,14226.498,62278.6045,-516297.2415,-437431.72250000003,-454018.637
3133000,2381.6634,14229.4692,62311.9908,-516393.0183,-437469.8949,-454081.02749999997
3134000,2352.375,14326.9294,61859.328,-515401.3102,-436862.6778,-453541.9822
3135000,2399.3225,14281.8601,62113.319,-515824.8236,-437030.322,-453711.5046
3136000,2409.0611,14324.8115,61978.6001,-516758.6145,-438046.14180000004,-454780.01440000004
3137000,2342.1391,14249.9341,62206.2619,-516358.3764,-437560.04130000004,-454152.1145
3138000,2397.514,14330.5674,61667.4409,-516163.4998,-437767.9775,-454496.0589
3139000,2427.1063,14321.8836,62748.9256,-517044.9163,-437547.0008,-454295.99069999997
3140000,2408.5238,14417.6683,62131.4626,-516179.0306,-437221.3759,-454047.56799999997
3141000,2393.5789,14263.6017,61921.6078,-515614.2954,-437035.507,-453692.6876
3142000,2383.8326,14325.9073,61496.8752,-515271.945,-437065.3299,-453775.0698
3143000,2422.9854,14307.4822,61810.7865,-515535.8999,-436994.6458,-453725.11340000003
3144000,2369.9091,14268.4237,61783.8438,-515525.001,-437102.8244,-453741.1572
3145000,2386.1507,14260.7571,61847.379,-516290.7181,-437796.4313,-454443.3391
3146000,2365.6277,14359.3346,62245.9348,-516454.8744,-437483.97729999997,-454208.9396
3147000,2393.876,14295.2149,62429.5776,-517063.1962,-437944.5277,-454633.6186
3148000,2408.2227,14274.4605,62043.5151,-516634.1942,-437907.99590000004,-454590.6791
3149000,2369.1233,14339.9981,61655.1465,-515861.121,-437496.85309999995,-454205.9745
3150000,2356.1189,14221.4349,62062.1889,-515589.1035,-436949.3608,-453526.9146
3151000,2395.242,14335.2459,61717.3252,-515923.7493,-437475.9362,-454206.4241
3152000,2393.425,14243.1779,61280.8175,-515150.8846,-437233.4642,-453870.0671
3153000,2367.7536,14211.4179,61531.1513,-515932.2176,-437821.8948,-454401.06629999995
3154000,2366.7118,14249.6832,61917.8653,-515707.9415,-437173.6812,-453790.0762
3155000,2405.4929,14285.2975,62229.5566,-516079.9815,-437159.6345,-453850.4249
3156000,2423.2074,14346.8863,62023.1775,-515529.5955,-436736.3243,-453506.418
3157000,2387.6887,14253.5628,62125.5922,-516612.9042,-437846.0605,-454487.312
3158000,2402.0429,14425.1144,62421.8908,-517209.3905,-437960.34239999996,-454787.4997
3159000,2336.1374,14317.9103,62141.657,-516921.0345,-438125.3298,-454779.3775
3160000,2348.048,14287.4812,62297.2149,-516667.8441,-437735.1,-454370.62919999997
3161000,2354.2274,14274.967,61422.7845,-515729.439,-437677.4601,-454306.6545
3162000,2383.8227,14335.4781,61931.6242,-516042.9111,-437391.98610000004,-454111.2869
3163000,2387.1038,14255.2798,61796.2122,-515984.8873,-437546.2915,-454188.6751
3164000,2385.8908,14373.4994,61591.4077,-516081.6869,-437730.88899999997,-454490.2792
3165000,2336.12,14290.9855,62084.9784,-516390.1222,-437678.0383,-454305.14379999996
3166000,2393.4674,14390.9423,62147.7356,-516988.9001,-438056.7548,-454841.1645
3167000,2391.4593,14268.7955,62716.6856,-517602.4214,-438225.481,-454885.7358
3168000,2411.0897,14350.8538,62040.6957,-516159.8244,-437357.18519999995,-454119.1287
3169000,2374.943,14307.7234,62081.2988,-515771.9836,-437008.01839999994,-453690.6848
3170000,2368.5956,14310.2045,62520.6422,-517542.1916,-438342.7493,-455021.5494
3171000,2390.844,14304.8323,62088.0309,-516558.9021,-437775.1949,-454470.8712
3172000,2376.676,14219.7844,61956.8131,-515853.6091,-437300.3356,-453896.796
3173000,2395.4143,14260.631,62414.7459,-516893.1612,-437822.37,-454478.4153
3174000,2372.2049,14224.2555,62094.0194,-516383.781,-437693.3012,-454289.7616
3175000,2371.6018,14310.217,61586.745,-516243.9963,-437975.4325,-454657.2513
3176000,2371.6081,14289.0111,62672.6569,-517274.7438,-437941.4677,-454602.0869
3177000,2331.9131,14185.1268,61907.999,-515979.9378,-437554.89890000003,-454071.9388
3178000,2341.8022,14306.7616,62249.159,-516271.5485,-437373.8257,-454022.3895
3179000,2405.7011,14293.8915,61395.5668,-515112.1253,-437016.9659,-453716.55850000004
3180000,2363.274,14231.1923,62286.5595,-516556.2173,-437675.1915,-454269.65780000004
3181000,2368.1924,14263.3306,61901.5701,-516360.0999,-437827.0068,-454458.52979999996
3182000,2355.8773,14326.6095,62448.7127,-517279.0497,-438147.8502,-454830.337
3183000,2357.5201,14268.3371,61969.9179,-515991.6925,-437395.91740000003,-454021.7746
3184000,2385.8314,14340.9065,62060.7085,-516108.5903,-437321.14389999997,-454047.8818
3185000,2374.7618,14324.34,61605.8294,-515135.5782,-436830.647,-453529.7488
3186000,2372.2622,14329.7052,61842.992,-515534.8077,-436989.8483,-453691.81570000004
3187000,2388.9895,14360.5531,61760.8446,-515104.2217,-436593.8345,-453343.3771
3188000,2382.7954,14368.6267,61712.0407,-515797.1084,-437333.64560000005,-454085.0677
3189000,2376.2402,14179.3766,61907.1579,-515735.8802,-437273.1055,-453828.7223
3190000,2345.869,14269.2982,61850.4932,-515989.7794,-437524.119,-454139.2862
3191000,2383.3955,14253.1806,61628.7175,-515670.0415,-437404.74789999996,-454041.324
3192000,2380.9813,14289.8308,61576.6136,-514993.6467,-436746.221,-453417.0331
3193000,2378.3191,14336.1379,61934.549,-515451.1313,-436802.1253,-453516.5823
3194000,2405.8112,14269.8516,61937.9305,-516363.7179,-437750.1246,-454425.7874
3195000,2396.0853,14329.1702,61638.393,-516297.1957,-437933.5472,-454658.8027
3196000,2374.4925,14208.7833,62379.5787,-516374.1477,-437411.29319999996,-453994.56899999996
3197000,2345.2499,14258.8121,62111.2571,-516471.0965,-437755.7774,-454359.8394
3198000,2370.839,14292.5408,62164.0084,-516712.5115,-437885.12330000004,-454548.50310000003
3199000,2366.5191,14281.2727,62023.9076,-516669.952,-437998.2526,-454646.0444
3200000,2415.789,14350.8027,61641.276,-516134.5058,-437726.6381,-454493.2298
3201000,2384.1244,14347.5377,61949.7438,-516648.8571,-437967.4512,-454699.1133
3202000,2364.6796,14178.432,61788.3156,-515641.2462,-437309.819,-453852.93059999996
3203000,2438.2568,14378.4617,62168.9188,-516223.1808,-437237.54349999997,-454054.262
3204000,2414.9739,14289.6912,62360.5712,-517029.2266,-437963.9903,-454668.6554
3205000,2400.6093,14317.5952,61594.2741,-515241.3013,-436928.8227,-453647.0272
3206000,2378.0152,14354.0786,61738.126,-515337.8487,-436867.6289,-453599.7227
3207000,2394.7066,14281.9857,62180.4667,-516256.6186,-437399.4596,-454076.1519
3208000,2424.2517,14203.5412,62276.715,-516607.2845,-437702.7766,-454330.5695
3209000,2360.4472,14303.8844,62450.8425,-516844.671,-437729.49689999997,-454393.82849999995
3210000,2408.482,14385.2811,61552.8118,-516115.2937,-437768.7188,-454562.48189999996
3211000,2394.3696,14300.7457,62388.9228,-516662.2852,-437578.2471,-454273.3624
3212000,2409.5168,14307.5723,62594.3815,-517241.0455,-437929.5749,-454646.664
3213000,2433.099,14310.1738,61607.5432,-515791.5495,-437440.73350000003,-454184.0063
3214000,2347.6456,14252.8599,62202.2016,-516003.8606,-437201.1535,-453801.659
3215000,2385.0667,14287.9805,61887.8482,-516057.945,-437497.0496,-454170.0968
3216000,2354.4696,14361.4184,62318.549,-516607.01,-437572.573,-454288.461
3217000,2387.697,14364.9312,62145.1593,-516423.2516,-437525.4641,-454278.0923
3218000,2417.1202,14331.8675,61598.2985,-515524.1669,-437176.8807,-453925.86840000004
3219000,2350.1831,14324.2308,61828.1893,-515782.9734,-437280.3702,-453954.78410000005
3220000,2395.7335,14263.2791,61937.3022,-515819.1087,-437222.7939,-453881.8065
3221000,2369.1639,14220.5364,62445.9028,-516713.8569,-437678.2538,-454267.95410000003
3222000,2372.3029,14230.1805,61826.9539,-516248.8999,-437819.4626,-454421.946
3223000,2407.7632,14274.0026,62451.244,-516780.1282,-437647.1184,-454328.8842
3224000,2367.3112,14196.3338,62210.3154,-516702.1959,-437928.2355,-454491.88049999997
3225000,2404.9831,14266.7137,61858.0614,-515801.6397,-437271.8815,-453943.5783
3226000,2357.1808,14294.3045,62578.5331,-517591.2309,-438361.2125,-455012.6978
3227000,2403.556,14334.874,62118.1185,-516694.1965,-437837.64800000004,-454576.07800000004
3228000,2380.6704,14245.8125,62161.1598,-516550.5776,-437762.9349,-454389.4178
3229000,2381.2091,14297.7772,62028.7632,-516061.7387,-437353.98919999995,-454032.9755
3230000,2369.196,14280.5402,61907.88,-515538.9603,-436981.3441,-453631.0803
3231000,2347.5832,14376.7981,62027.2516,-516253.9808,-437502.34790000005,-454226.7292
3232000,2394.6451,14405.1578,61326.302,-515238.957,-437112.8521,-453912.65499999997
3233000,2401.9059,14311.347,61836.7474,-515810.7534,-437260.7531,-453974.006
3234000,2338.6525,14264.2592,61872.0295,-516029.722,-437554.7808,-454157.6925
3235000,2393.5398,14373.7688,61470.458,-515418.1909,-437180.42429999996,-453947.7329
3236000,2356.1715,14360.1638,62393.9784,-516482.4623,-437372.1486,-454088.4839
3237000,2388.5934,14325.4633,61757.7266,-515890.4258,-437418.6425,-454132.69920000003
3238000,2381.8373,14400.8526,62107.498,-516443.2607,-437553.07279999997,-454335.76269999996
3239000,2431.0268,14343.3877,62502.3568,-517139.9935,-437863.22219999996,-454637.6367
3240000,2364.0208,14336.0424,61907.0114,-516239.4835,-437632.4089,-454332.47209999996
3241000,2391.0003,14306.6853,62117.3115,-516339.6694,-437524.6723,-454222.3579
3242000,2390.0821,14226.1826,61836.0044,-516459.7588,-438007.48970000003,-454623.75440000003
3243000,2372.3736,14211.9227,62214.9636,-515773.3073,-436974.0474,-453558.34369999997
3244000,2384.3424,14384.8665,61552.472,-515648.9727,-437327.2918,-454096.5007
3245000,2370.1438,14307.875,61790.6556,-516058.2932,-437589.61880000005,-454267.6376
3246000,2388.0617,14318.7213,62266.4753,-516383.3692,-437410.1109,-454116.8939
3247000,2350.6911,14320.1312,61944.7086,-516513.8336,-437898.3027,-454569.125
3248000,2361.9787,14266.6379,61607.2518,-515427.2721,-437191.4037,-453820.0203
3249000,2367.4188,14309.5898,62119.9572,-516217.3498,-437420.384,-454097.3926
3250000,2404.3841,14321.5082,61919.7601,-515882.1556,-437236.50320000004,-453962.3955
3251000,2400.3051,14337.1229,61698.9289,-515777.0165,-437340.6596,-454078.0876
3252000,2389.4365,14315.3942,62172.3175,-516493.3587,-437616.2105,-454321.0412
3253000,2399.2602,14324.8954,62464.3146,-516931.1095,-437742.63930000004,-454466.79490000004
3254000,2400.1754,14155.2925,61967.3509,-515731.9217,-437209.1029,-453764.5708
3255000,2406.8573,14272.2005,61777.642,-515916.3118,-437459.612,-454138.66980000003
3256000,2434.3523,14368.487,62066.2595,-516244.1199,-437375.0211,-454177.8604
3257000,2410.9552,14323.5553,61961.5042,-516463.3338,-437767.3191,-454501.8296
3258000,2378.6825,14332.2752,62019.6062,-515726.4213,-436995.8574,-453706.8151
3259000,2362.058,14263.0556,61594.8584,-515387.5865,-437167.61449999997,-453792.72809999995
3260000,2372.5286,14332.6977,62186.6667,-516579.2035,-437687.3105,-454392.5368
3261000,2377.0258,14405.4101,62803.3931,-518229.2327,-438643.4037,-455425.8396
3262000,2381.6957,14297.0263,61539.1509,-516132.7027,-437914.8298,-454593.5518
3263000,2395.512,14292.8443,61893.7005,-516613.0104,-438030.9536,-454719.30990000005
3264000,2414.7583,14285.3203,62350.468,-516463.885,-437413.3384,-454113.417
3265000,2396.3728,14266.4076,61340.5732,-515048.8197,-437045.46609999996,-453708.2465
3266000,2373.3155,14384.0324,61725.4371,-515818.2279,-437335.4429,-454092.7908
3267000,2381.0694,14280.3485,61732.5015,-516431.345,-438037.42559999996,-454698.84349999996
3268000,2396.3085,14373.7557,62335.6859,-516709.4013,-437603.6512,-454373.71540000004
3269000,2373.8298,14350.3945,62083.7296,-516863.5979,-438055.644,-454779.8683
3270000,2394.0375,14374.1533,62072.4688,-515896.027,-437055.3674,-453823.55819999997
3271000,2393.2958,14343.792,61659.919,-515146.7282,-436749.72140000004,-453486.8092
3272000,2349.658,14229.6994,62604.4326,-517136.0584,-437952.26839999994,-454531.6258
3273000,2374.4591,14234.2541,62043.7736,-515928.3017,-437275.8149,-453884.5281
3274000,2389.801,14370.2603,62504.8175,-516490.8698,-437225.991,-453986.0523
3275000,2370.2664,14256.5443,62100.7649,-516152.5326,-437424.957,-454051.76769999997
3276000,2385.4888,14329.0983,61470.9912,-515140.255,-436954.6767,-453669.2638
3277000,2341.4626,14282.1916,62085.9109,-515847.1155,-437137.5504,-453761.2046
3278000,2325.0339,14303.9893,61220.8361,-515585.2605,-437735.40119999996,-454364.42439999996
3279000,2390.6313,14219.1508,62483.1617,-516655.2256,-437562.2818,-454172.0639
3280000,2381.9522,14328.5067,62213.7821,-516379.1437,-437454.90270000004,-454165.3616
3281000,2402.3031,14230.5874,61811.5327,-516032.6709,-437588.2477,-454221.13820000004
3282000,2373.7109,14356.2811,62007.5025,-516213.7455,-437476.25100000005,-454206.243
3283000,2336.9854,14289.0978,62030.407,-515904.0726,-437247.5824,-453873.6656
3284000,2382.6863,14277.5813,62171.4152,-516245.5886,-437413.9058,-454074.1734
3285000,2384.2151,14263.2724,61963.0611,-515704.1905,-437093.64190000005,-453741.12940000003
3286000,2410.7016,14296.2886,61677.7463,-515678.4979,-437293.7614,-454000.7516
3287000,2363.7712,14288.645,61824.263,-515381.9558,-436905.2766,-453557.6928
3288000,2371.9373,14420.5136,61964.315,-516773.2382,-438016.4723,-454808.9232
3289000,2363.0718,14366.5868,61762.7012,-516591.4342,-438099.07440000004,-454828.733
3290000,2406.5088,14340.5285,61684.7636,-515897.6158,-437465.8149,-454212.8522
3291000,2366.0528,14234.3745,62308.4722,-516566.0806,-437657.1811,-454257.60839999997
3292000,2403.5867,14354.9667,62339.0362,-516427.9396,-437330.35,-454088.90339999995
3293000,2392.3832,14275.6301,62262.098,-515448.5643,-436518.45300000004,-453186.46630000003
3294000,2410.8977,14272.808,61678.577,-515460.9417,-437098.65900000004,-453782.36470000003
3295000,2388.5803,14273.9312,62299.7713,-516222.0644,-437259.7816,-453922.29309999995
3296000,2348.7458,14319.0316,61539.2267,-515410.4878,-437203.4837,-453871.2611
3297000,2396.4178,14232.83,62075.5253,-516297.3398,-437592.5667,-454221.81450000004
3298000,2367.5541,14329.5843,62629.2561,-517421.0852,-438094.6907,-454791.8291
3299000,2378.6819,14223.2999,61816.8321,-516020.9278,-437602.1139,-454204.0957
3300000,2380.4935,14325.7779,61916.1423,-516312.2481,-437689.83440000005,-454396.1058
3301000,2361.6735,14220.8138,62069.6004,-515933.0659,-437280.9782,-453863.4655
3302000,2393.4536,14242.8222,62125.6955,-515510.2454,-436748.27410000004,-453384.5499
3303000,2387.8851,14241.3139,62384.0704,-516374.6361,-437361.3667,-453990.56570000004
3304000,2388.8555,14151.3801,62455.4651,-516670.8543,-437675.1536,-454215.3892
3305000,2377.0852,14317.8436,62000.7394,-515721.4157,-437025.7475,-453720.6763
3306000,2396.6812,14206.6504,62461.4734,-516725.1099,-437660.3049,-454263.63649999996
3307000,2360.8136,14178.9256,62488.6425,-516692.9625,-437664.5808,-454204.32
3308000,2391.1989,14236.8133,62382.2004,-516326.4393,-437316.2267,-453944.2389
3309000,2395.8689,14285.8969,62139.3509,-516636.2332,-437815.1165,-454496.8823
3310000,2390.9507,14200.054,61525.7189,-515474.3955,-437357.67189999996,-453948.6766
3311000,2393.8603,14187.534,61931.011,-516381.5354,-437869.1301,-454450.5244
3312000,2395.6783,14269.0403,61795.314,-516168.824,-437708.7914,-454373.51
3313000,2375.1083,14219.818,62362.3873,-516894.0522,-437936.7386,-454531.6649
3314000,2410.5597,14288.0965,62092.5515,-515875.2187,-437084.01100000006,-453782.6672
3315000,2357.9411,14143.7584,61899.3612,-516220.696,-437819.63529999997,-454321.3348
3316000,2387.5013,14170.4839,62287.3409,-516705.2634,-437859.9373,-454417.9225
3317000,2386.7497,14246.5028,61944.1758,-515548.9231,-436971.4948,-453604.74730000005
3318000,2402.2718,14326.4627,61903.4408,-515575.9932,-436943.8179,-453672.55240000004
3319000,2354.2238,14228.3111,61322.3403,-515007.5043,-437102.62909999996,-453685.164
3320000,2367.7902,14242.1373,62312.5433,-516732.0929,-437809.6221,-454419.54959999997
3321000,2381.3677,14327.3541,61845.7269,-516712.6589,-438158.2102,-454866.932
3322000,2356.5948,14263.6203,61969.233,-516087.0589,-437497.6108,-454117.8259
3323000,2392.4613,14276.232,61499.6972,-516036.0224,-437867.63190000004,-454536.3252
3324000,2374.7897,14197.6497,61838.3688,-516321.4317,-437910.6235,-454483.0629
3325000,2391.7336,14254.2935,61615.0269,-515764.1763,-437503.1223,-454149.1494
3326000,2348.4198,14282.0612,62380.5924,-516595.412,-437584.3386,-454214.8196
3327000,2390.4317,14339.8065,61980.4437,-516573.9337,-437863.25179999997,-454593.49
3328000,2376.3716,14251.7444,62957.6408,-517759.5065,-438173.74970000004,-454801.8657
3329000,2354.4748,14299.4376,61767.5089,-516428.7006,-438007.2793,-454661.19169999997
3330000,2385.9597,14174.9719,61799.4977,-515753.3071,-437392.87779999996,-453953.80939999997
3331000,2391.947,14327.2274,62285.4502,-516704.2207,-437699.5961,-454418.7705
3332000,2386.0073,14373.2485,61788.1771,-516016.2247,-437468.7918,-454228.04760000005
3333000,2391.9295,14236.2959,61937.6041,-515720.8956,-437155.0661,-453783.2915
3334000,2383.1568,14253.1375,62184.5619,-516126.8426,-437305.98639999994,-453942.2807
3335000,2356.9749,14142.7505,62252.5249,-515999.4403,-437247.19,-453746.9154
3336000,2381.1176,14217.3771,62203.7811,-516607.852,-437805.5762,-454404.0709
3337000,2363.4857,14226.8329,62306.9523,-517078.9973,-438181.7264,-454772.045
3338000,2372.415,14187.945,62104.8102,-515781.5689,-437116.3987,-453676.7587
3339000,2382.0569,14306.661,61934.8446,-515618.873,-436995.3105,-453684.0284
3340000,2409.0788,14243.7608,61712.3433,-516133.7988,-437768.6159,-454421.4555
3341000,2393.5083,14211.301,62238.9184,-516196.0882,-437352.3605,-453957.1698
3342000,2407.9872,14282.1637,62319.7282,-517140.0733,-438130.1942,-454820.3451
3343000,2374.3474,14322.6213,62394.1603,-516708.6893,-437617.5603,-454314.52900000004
3344000,2369.5059,14263.4099,62650.6539,-517315.1674,-438031.5977,-454664.5135
3345000,2397.0663,14246.8007,62110.6604,-516238.763,-437484.2356,-454128.1026
3346000,2393.4862,14294.9963,62593.7227,-517453.7266,-438171.52139999997,-454860.0039
3347000,2359.8792,14231.3744,62182.9625,-516141.3696,-437367.15349999996,-453958.40709999995
3348000,2405.6997,14250.727,61930.4799,-516372.0644,-437785.1578,-454441.5845
3349000,2398.5576,14240.5395,62312.9434,-516718.2391,-437766.1986,-454405.2957
3350000,2372.5374,14244.8204,62337.3995,-517051.1002,-438096.3429,-454713.7007
3351000,2362.6183,14226.3914,62384.6561,-515984.7925,-437011.12669999996,-453600.13639999996
3352000,2419.1417,14318.119,62629.8039,-517315.7985,-437948.7339,-454685.9946
3353000,2373.1749,14292.2853,62055.4534,-516463.2592,-437742.3456,-454407.8058
3354000,2398.2718,14313.5489,62656.2924,-517535.3473,-438167.2342,-454879.05490000005
3355000,2364.8684,14180.0847,61750.7247,-515967.6794,-437672.0016,-454216.9547
3356000,2396.4577,14222.7263,62143.3851,-516390.8926,-437628.32350000006,-454247.5075
3357000,2399.8022,14276.7865,61460.6974,-515227.4899,-437090.2038,-453766.7925
3358000,2401.2727,14268.2102,62125.6052,-516214.6567,-437419.5686,-454089.0515
3359000,2398.1411,14150.1416,61600.0786,-516142.1145,-437993.75320000004,-454542.0359
3360000,2364.2989,14224.4472,62149.3884,-516303.7127,-437565.5782,-454154.3243
3361000,2362.7437,14122.4444,61653.5202,-515220.7871,-437082.0788,-453567.26690000005
3362000,2410.264,14318.7117,62299.5803,-516956.7077,-437928.15170000005,-454657.1274
3363000,2404.5134,14207.8408,61950.697,-515930.0547,-437367.0035,-453979.3577
3364000,2380.6615,14267.4568,62041.9212,-516503.9307,-437813.8912,-454462.00950000004
3365000,2355.9196,14252.2137,62200.1231,-516841.9217,-438033.6653,-454641.7986
3366000,2364.4687,14175.066,61645.1118,-515099.2445,-436914.598,-453454.13269999996
3367000,2366.4023,14238.5842,61999.2994,-515847.9908,-437243.7049,-453848.6914
3368000,2390.2566,14303.0456,62133.9945,-516573.6523,-437746.3556,-454439.65780000004
3369000,2395.6763,14263.016,62059.4523,-515938.961,-437220.8164,-453879.5087
3370000,2403.245,14386.8737,61890.0299,-516165.5853,-437485.43669999996,-454275.55539999995
3371000,2366.8723,14289.5444,62035.8757,-516595.8274,-437903.53500000003,-454559.95170000003
3372000,2372.687,14305.0529,61944.3261,-515836.2699,-437214.2039,-453891.9438
3373000,2399.6837,14391.4493,61768.6814,-515930.51,-437370.6956,-454161.8286
3374000,2382.2739,14378.097,62128.8285,-516253.6321,-437364.4327,-454124.8036
3375000,2366.4364,14313.4131,61514.8928,-516731.2684,-438536.5261,-455216.3756
3376000,2366.4991,14288.2858,62356.1806,-516598.9971,-437588.0316,-454242.81649999996
3377000,2360.1194,14306.181,61965.8824,-516045.912,-437413.7292,-454080.0296
3378000,2379.0407,14319.5937,62241.451,-516319.9623,-437379.87690000003,-454078.5113
3379000,2428.7617,14210.7049,62465.7098,-516672.3361,-437567.1597,-454206.6263
3380000,2366.8952,14394.6138,61728.0773,-516106.0139,-437616.42760000005,-454377.9366
3381000,2384.403,14337.3558,62116.3781,-516681.4507,-437843.3138,-454565.07259999996
3382000,2365.2786,14327.6504,61410.953,-515828.4782,-437724.5962,-454417.52520000003
3383000,2366.7919,14255.6711,62103.8987,-516776.1898,-438049.8281,-454672.2911
3384000,2396.0568,14307.18,61899.4653,-516500.7928,-437898.0907,-454601.3275
3385000,2397.004,14332.9475,62504.5932,-517129.4505,-437894.90579999995,-454624.8573
3386000,2393.5687,14256.2945,62228.1604,-517031.6156,-438153.592,-454803.4552
3387000,2401.9173,14411.1989,61679.7955,-516029.6599,-437536.74820000003,-454349.8644
3388000,2367.1296,14295.7938,61833.9229,-516024.8033,-437527.95700000005,-454190.8804
3389000,2413.5522,14338.362,61979.9299,-516247.029,-437515.1849,-454267.0991
3390000,2374.1671,14316.811,62295.8199,-517217.857,-438231.059,-454922.0371
3391000,2376.3969,14361.2395,61631.5348,-516443.1599,-438073.98870000005,-454811.6251
3392000,2360.9053,14246.8443,62154.4206,-517094.4281,-438332.2579,-454940.0075
3393000,2379.4781,14332.2399,62427.2251,-517808.2982,-438669.35510000004,-455381.07310000004
3394000,2368.992,14320.0485,62260.465,-516909.1544,-437959.64890000003,-454648.68940000003
3395000,2382.2072,14399.7107,61730.2624,-515999.333,-437487.1527,-454269.0706
3396000,2387.3944,14273.8951,62235.7306,-516602.4872,-437705.4671,-454366.75659999996
3397000,2398.0754,14242.5362,61984.2776,-516044.9157,-437420.02650000004,-454060.6381
3398000,2395.5966,14288.9386,62015.6866,-516559.8666,-437859.6448,-454544.18
3399000,2385.189,14290.1933,62015.2308,-516182.6112,-437491.99809999997,-454167.38039999997
3400000,2407.8217,14257.1112,61882.1084,-516305.5939,-437758.5526,-454423.48549999995
3401000,2397.7826,14314.7867,62291.0723,-515939.2752,-436935.63359999994,-453648.2029
3402000,2369.9453,14214.547,62187.4349,-515706.891,-436934.9638,-453519.4561
3403000,2369.9888,14300.5164,62008.3481,-515760.7083,-437081.855,-453752.3602
3404000,2395.7339,14279.4989,61949.7648,-515709.026,-437084.0284,-453759.2612
3405000,2378.5204,14274.4813,62270.4301,-516628.905,-437705.4732,-454358.47490000003
3406000,2400.8333,14249.4746,61971.8642,-515778.0007,-437155.8286,-453806.13649999996
3407000,2359.0188,14336.803,61574.4085,-515835.2878,-437565.0575,-454260.8793
3408000,2367.5106,14262.4338,62135.467,-517460.1173,-438694.7059,-455324.6503
3409000,2405.6473,14305.8929,61619.986,-515988.455,-437656.9288,-454368.46900000004
3410000,2379.0686,14194.9423,61785.0167,-515509.7602,-437150.7326,-453724.74350000004
3411000,2378.0173,14269.836,62227.0977,-516516.4771,-437641.5261,-454289.37940000003
3412000,2371.2773,14293.4762,62073.5198,-516541.7253,-437803.452,-454468.2055
3413000,2391.0242,14260.7511,61726.5564,-516637.3535,-438259.0218,-454910.7971
3414000,2376.2259,14342.6703,62254.1434,-516705.6616,-437732.622,-454451.5182
3415000,2366.2662,14312.9582,62058.4927,-516460.3344,-437722.6173,-454401.8417
3416000,2370.9759,14223.9092,61878.7985,-515807.5591,-437333.8755,-453928.76060000004
3417000,2385.5568,14289.0666,62320.9715,-516656.9414,-437661.3465,-454335.9699
3418000,2437.7878,14260.7508,61709.9569,-515338.5248,-436930.02930000005,-453628.5679
3419000,2391.5985,14250.1605,62120.5571,-516314.1219,-437551.80580000003,-454193.56480000005
3420000,2400.5549,14310.4452,61917.6446,-516422.456,-437793.8113,-454504.8114
3421000,2394.1597,14187.1343,62108.5942,-516722.7668,-438032.8786,-454614.1726
3422000,2365.4887,14288.8401,62394.8387,-517419.434,-438370.2665,-455024.5953
3423000,2362.0454,14224.7809,62252.9893,-516529.0604,-437689.2448,-454276.0711
3424000,2390.4865,14338.746,62730.6197,-517832.4478,-438372.5956,-455101.82810000004
3425000,2399.1738,14233.1661,61609.2722,-515578.8897,-437337.27760000003,-453969.6175
3426000,2385.0725,14289.4541,61655.6883,-515616.2138,-437285.9989,-453960.52550000005
3427000,2396.1069,14386.9306,62037.9388,-516287.0703,-437466.09400000004,-454249.1315
3428000,2370.38,14278.1755,62166.7847,-516137.9723,-437322.63210000005,-453971.1876
3429000,2416.0877,14257.2962,61938.9316,-515735.6536,-437123.33810000005,-453796.722
3430000,2371.2279,14338.7834,62910.9216,-517678.9575,-438058.0246,-454768.0359
3431000,2363.8043,14249.1455,61746.09,-515211.2049,-436852.1651,-453465.11490000004
3432000,2381.4535,14201.7899,62723.9361,-517274.6691,-437967.4896,-454550.733
3433000,2355.3094,14272.2222,62333.8883,-516758.4125,-437796.9926,-454424.5242
3434000,2396.8145,14405.389,61743.7034,-516100.8749,-437554.968,-454357.1715
3435000,2403.6665,14279.0246,62605.1074,-516940.0472,-437652.2487,-454334.9398
3436000,2395.3047,14294.5959,62036.1871,-516178.5623,-437452.47459999996,-454142.3752
3437000,2364.6715,14367.5763,62018.8833,-515632.2291,-436881.098,-453613.3458
3438000,2380.4401,14348.8904,62208.0132,-516598.8047,-437661.461,-454390.7915
3439000,2370.3062,14303.5935,62079.7471,-516640.8995,-437887.2527,-454561.1524
3440000,2402.1914,14287.0167,62329.9847,-516833.1348,-437813.942,-454503.15009999997
3441000,2397.5804,14370.6771,62339.029,-517019.0708,-437911.7843,-454680.0418
3442000,2370.2505,14358.9711,62227.2512,-516389.3562,-437432.8834,-454162.105
3443000,2378.0802,14316.1116,62085.9899,-516928.3123,-438148.1306,-454842.3224
3444000,2394.2863,14254.2047,61451.1753,-515717.7979,-437618.13159999996,-454266.6226
3445000,2373.427,14369.2294,61782.7403,-516088.0843,-437562.6876,-454305.344
3446000,2415.0676,14343.7525,62064.8274,-516335.2753,-437511.62779999996,-454270.44789999997
3447000,2370.2676,14244.9918,62104.5543,-516464.4061,-437744.5924,-454359.8518
3448000,2393.3309,14381.6249,62014.0596,-516817.9373,-438028.92189999996,-454803.8777
3449000,2402.0967,14384.5188,62620.1655,-517540.7038,-438133.9228,-454920.5383
3450000,2396.7649,14380.2473,62107.4568,-516593.4954,-437709.02640000003,-454486.0386
3451000,2370.5839,14386.3497,62088.1528,-516677.5051,-437832.41870000004,-454589.3523
3452000,2366.0267,14385.5589,62132.6523,-515980.683,-437096.4451,-453848.0307
3453000,2407.2791,14363.7695,61840.2225,-515953.7281,-437342.457,-454113.50560000003
3454000,2414.6234,14376.3697,62458.2434,-517287.5855,-438038.349,-454829.3421
3455000,2389.319,14356.9284,62257.6842,-516492.404,-437488.47239999997,-454234.71979999996
3456000,2398.2355,14297.0317,61491.7646,-515475.5999,-437288.5681,-453983.8353
3457000,2388.7392,14348.2589,62336.0659,-516710.1796,-437637.11559999996,-454374.1137
3458000,2386.0845,14385.6603,61854.1797,-516088.0141,-437462.08959999995,-454233.8344
3459000,2404.9856,14479.2683,61870.7828,-515661.2718,-436906.2351,-453790.489
3460000,2403.842,14288.0314,62185.4785,-516649.5824,-437772.2305,-454464.1039
3461000,2368.8565,14243.4441,62123.0939,-516616.5441,-437881.1496,-454493.4502
3462000,2382.3641,14301.1132,61961.2951,-515974.8379,-437330.06549999997,-454013.5428
3463000,2408.012,14385.6031,61365.6878,-515369.543,-437210.2401,-454003.8552
3464000,2373.8006,14277.8389,61873.8462,-516389.0897,-437863.604,-454515.2435
3465000,2361.2304,14430.0809,61896.9256,-515951.7739,-437263.53699999995,-454054.84829999995
3466000,2368.8202,14404.7343,62200.165,-516510.2484,-437536.5289,-454310.0834
3467000,2363.6357,14298.3237,62312.4949,-516384.1757,-437409.72140000004,-454071.68080000003
3468000,2392.5744,14356.0726,61836.6402,-516219.7557,-437634.46849999996,-454383.11549999996
3469000,2391.5158,14334.8408,61617.1886,-515288.9316,-436945.3864,-453671.743
3470000,2398.7589,14274.8509,61820.7105,-515792.6137,-437298.29339999997,-453971.9032
3471000,2392.3845,14379.5574,61399.8243,-515694.6192,-437522.853,-454294.79490000004
3472000,2401.1622,14230.9561,61913.2372,-516242.3318,-437696.9763,-454329.09459999995
3473000,2396.8768,14270.9396,61765.0387,-515778.5404,-437345.6853,-454013.5017
3474000,2405.9286,14337.1583,61838.4937,-516414.5411,-437832.9605,-454576.0474
3475000,2400.264,14371.3605,62041.986,-516611.1192,-437797.5087,-454569.13320000004
3476000,2389.4168,14349.9134,61953.7266,-516383.9616,-437690.90479999996,-454430.235
3477000,2373.5471,14283.442,61741.9739,-516451.9098,-438052.94680000003,-454709.93590000004
3478000,2399.3338,14305.1035,62140.4666,-516997.3003,-438152.39639999997,-454856.8337
3479000,2378.9325,14223.9243,61414.8319,-515317.2745,-437299.5858,-453902.4426
3480000,2415.3797,14372.8487,62175.3783,-516342.3601,-437378.7534,-454166.9818
3481000,2362.6807,14284.9521,61581.0006,-515462.3204,-437233.68700000003,-453881.31980000006
3482000,2395.1459,14328.3832,62281.8513,-516654.3983,-437649.0179,-454372.547
3483000,2387.113,14401.0719,62554.6995,-517106.0972,-437763.2128,-454551.39770000003
3484000,2389.5019,14339.3353,61872.9598,-515846.1513,-437244.3543,-453973.1915
3485000,2380.2173,14296.2168,61681.3602,-515926.3397,-437568.5454,-454244.9795
3486000,2384.582,14387.8325,62080.6142,-516583.2406,-437730.2119,-454502.6264
3487000,2399.579,14293.1976,62116.0226,-516890.1756,-438081.3764,-454774.15300000005
3488000,2396.5626,14323.6863,61922.8593,-515636.9946,-436993.88639999996,-453714.13529999997
3489000,2373.2538,14326.1031,61941.3336,-516341.272,-437700.5815,-454399.9384
3490000,2392.26,14304.939,61723.6205,-515788.3975,-437367.57800000004,-454064.777
3491000,2375.9412,14279.8112,62650.3728,-516954.8824,-437648.7572,-454304.5096
3492000,2391.5927,14306.136,61841.3773,-515917.2093,-437378.10329999996,-454075.832
3493000,2350.32,14300.4644,61962.3314,-516291.2001,-437678.0843,-454328.8687
3494000,2383.2825,14275.7076,62016.4239,-515926.4263,-437251.0123,-453910.0024
3495000,2393.4912,14310.0642,61883.5258,-515453.5825,-436866.5013,-453570.0567
3496000,2385.009,14320.3937,61890.1215,-516079.4557,-437483.9315,-454189.3342
3497000,2392.8983,14308.6489,62296.4715,-516574.6649,-437576.64619999996,-454278.1934
3498000,2359.5764,14406.5794,61822.2871,-515294.3628,-436705.9199,-453472.0757
3499000,2355.1196,14258.9082,61677.4954,-515630.978,-437339.4548,-453953.4826
3500000,2414.9855,14470.8697,61502.8222,-515583.5884,-437194.911,-454080.7662
3501000,2383.0672,14347.4144,61679.1128,-515092.3882,-436682.7938,-453413.2754
3502000,2409.7818,14376.572,62254.9765,-516606.596,-437565.2657,-454351.61950000003
3503000,2354.7452,14286.181,61529.1259,-515120.0442,-436949.99210000003,-453590.9183
3504000,2389.2627,14371.967,61744.5959,-516151.356,-437645.53040000005,-454406.7601
3505000,2415.9752,14388.8587,62077.661,-516117.597,-437235.1021,-454039.936
3506000,2366.684,14385.7633,62059.5197,-516710.3446,-437898.3776,-454650.8249
3507000,2375.4446,14347.4901,62080.349,-515961.4919,-437158.2082,-453881.14290000004
3508000,2396.3523,14298.7179,61787.3925,-516194.1253,-437711.66260000004,-454406.7328
3509000,2362.174,14333.9498,62440.2455,-517001.8733,-437865.50399999996,-454561.62779999996
3510000,2385.1034,14248.6024,62501.0704,-516392.4294,-437257.65320000006,-453891.35900000005
3511000,2364.9047,14369.8213,62331.1439,-516554.3438,-437488.4739,-454223.19989999995
3512000,2385.536,14332.4666,62103.0085,-516534.6149,-437713.6038,-454431.6064
3513000,2361.1364,14260.4618,62430.1605,-516466.7217,-437414.963,-454036.5612
3514000,2387.7692,14321.5356,61879.1875,-516280.548,-437692.0557,-454401.3605
3515000,2383.8893,14307.5217,62358.9263,-516562.1165,-437511.7792,-454203.1902
3516000,2378.0828,14250.4346,62266.2825,-516260.6376,-437365.83770000003,-453994.35510000004
3517000,2350.9495,14307.6141,61775.8352,-515818.2157,-437383.8169,-454042.38049999997
3518000,2383.0491,14103.2647,62005.7495,-515960.1289,-437468.06560000003,-453954.37940000003
3519000,2355.7869,14415.5816,61923.3821,-516378.298,-437683.54740000004,-454454.9159
3520000,2418.2484,14346.8061,61807.1179,-516756.3303,-438184.1579,-454949.21239999996
3521000,2375.5164,14313.2194,62045.9242,-516170.1773,-437435.51729999995,-454124.2531
3522000,2352.9729,14334.6765,62057.8774,-516474.3563,-437728.8295,-454416.4789
3523000,2362.5882,14268.8377,62248.6779,-516548.6536,-437668.54980000004,-454299.9757
3524000,2376.6957,14291.5216,61490.8245,-515211.449,-437052.4072,-453720.62450000003
3525000,2419.6835,14257.9305,61753.0149,-515935.4646,-437504.8357,-454182.4497
3526000,2408.605,14351.0374,62259.2467,-516880.3519,-437861.4628,-454621.1052
3527000,2386.7797,14228.0412,61966.3455,-515794.2676,-437213.10120000003,-453827.9221
3528000,2392.0682,14328.7637,61748.924,-515878.9395,-437409.1836,-454130.0155
3529000,2408.4737,14325.2418,62141.4587,-517220.7092,-438345.535,-455079.25049999997
3530000,2391.9659,14383.8436,62044.8818,-515854.7678,-437034.07649999997,-453809.88599999994
3531000,2389.9356,14222.7076,62071.2745,-516452.6011,-437768.68340000004,-454381.32660000003
3532000,2409.1899,14330.0715,62234.4618,-516850.3223,-437876.5991,-454615.8605
3533000,2405.5952,14294.6509,61986.6765,-516046.3878,-437359.46520000004,-454059.7113
3534000,2392.4782,14245.0587,61882.4925,-515608.1857,-437088.1563,-453725.6932
3535000,2368.6379,14327.7443,61750.4559,-515229.896,-436783.0579,-453479.4401
3536000,2400.0499,14437.5542,61923.4333,-516161.2019,-437400.16449999996,-454237.7686
3537000,2369.9986,14394.8301,62362.1354,-516338.2325,-437211.2684,-453976.0971
3538000,2380.9333,14282.7232,61886.8352,-516059.5472,-437509.05549999996,-454172.71199999994
3539000,2360.1738,14347.4432,62385.9105,-517503.5443,-438410.0168,-455117.6338
3540000,2354.5163,14268.708,62437.7456,-517310.2933,-438249.3234,-454872.5477
3541000,2339.9429,14339.8181,61998.5726,-516718.2082,-438039.8746,-454719.6356
3542000,2362.7469,14329.8882,61099.983,-514966.3482,-437173.73010000004,-453866.3652
3543000,2427.8927,14266.6769,62045.6433,-516781.4899,-438041.277,-454735.8466
3544000,2367.4688,14227.2774,61771.8376,-515666.733,-437300.1492,-453894.89540000004
3545000,2394.9621,14378.5842,62157.863,-516560.7509,-437629.3416,-454402.8879
3546000,2378.1431,14359.384,62398.4037,-517031.9608,-437896.03,-454633.5571
3547000,2371.5745,14366.113,61790.8415,-516266.1923,-437737.6633,-454475.3508
3548000,2379.3499,14321.9645,61936.6925,-515791.0963,-437153.0894,-453854.4038
3549000,2362.8792,14302.7972,62059.3358,-516288.3455,-437563.3333,-454229.0097
3550000,2381.0783,14277.0631,62628.8849,-517174.05,-437887.0237,-454545.1651
3551000,2400.1475,14321.0692,61518.7915,-515466.6437,-437226.63550000003,-453947.8522
3552000,2415.8721,14280.3659,61937.1948,-515684.555,-437051.1222,-453747.3602
3553000,2387.0037,14264.1682,61654.2531,-515378.354,-437072.929,-453724.10089999996
3554000,2363.1196,14244.1007,61825.8283,-516099.1583,-437666.10970000003,-454273.33
3555000,2382.2523,14335.7139,61676.6338,-516578.0384,-438183.4384,-454901.4046
3556000,2382.8554,14383.2631,62063.7788,-516523.3646,-437693.46729999996,-454459.5858
3557000,2353.625,14194.1657,61955.586,-516925.1085,-438421.73179999995,-454969.52249999996
3558000,2388.3414,14357.9841,61828.5987,-516014.6872,-437439.763,-454186.08849999995
3559000,2436.3691,14280.7567,61913.386,-516287.7397,-437657.22789999994,-454374.3537
3560000,2383.0543,14370.3876,62688.8052,-518066.0785,-438623.8314,-455377.2733
3561000,2430.2821,14327.3028,61837.3382,-516635.2879,-438040.3648,-454797.9497
3562000,2365.346,14353.7212,62883.1399,-517616.0906,-438013.8835,-454732.9507
3563000,2395.97,14321.88,62012.3794,-515673.7315,-436943.5021,-453661.3521
3564000,2357.1521,14242.2281,61838.0276,-515698.7983,-437261.39050000004,-453860.7707
3565000,2387.1472,14249.3374,62257.7364,-516802.9067,-437908.6857,-454545.1703
3566000,2374.7876,14348.8544,61739.298,-516473.1996,-438010.2596,-454733.9016
3567000,2365.7265,14352.9283,62316.5936,-516830.9436,-437795.6952,-454514.35
3568000,2409.1799,14324.2213,62442.2914,-517111.3083,-437935.61569999997,-454669.0169
3569000,2388.7167,14371.0016,62188.0797,-516584.6682,-437636.8702,-454396.5885
3570000,2395.0296,14410.4801,62425.6484,-517101.8057,-437870.6476,-454676.1573
3571000,2381.3078,14276.5666,62352.4041,-516479.8265,-437469.548,-454127.42240000004
3572000,2372.8883,14325.0293,61997.8388,-516823.1278,-438127.3714,-454825.289
3573000,2393.4595,14306.3184,62127.4911,-516636.9195,-437809.6505,-454509.42840000003
3574000,2395.8914,14340.2439,61914.3511,-516269.6587,-437619.17230000003,-454355.30760000006
3575000,2368.2101,14417.9019,61807.2931,-516116.0382,-437522.6331,-454308.7451
3576000,2386.0208,14333.0057,62216.2656,-516499.4559,-437564.1638,-454283.1903
3577000,2432.8545,14302.0942,62240.624,-516437.8404,-437462.26769999997,-454197.2164
3578000,2388.9316,14384.865,62088.5613,-516460.1315,-437597.7736,-454371.5702
3579000,2385.5473,14391.9007,62425.9883,-516238.5705,-437035.1342,-453812.58219999995
3580000,2395.3488,14303.3195,61695.2587,-515726.1123,-437332.1853,-454030.8536
3581000,2389.7543,14280.4257,62208.4999,-516068.2536,-437189.5737,-453859.7537
3582000,2438.5288,14340.1893,61511.6996,-515242.3451,-436951.9274,-453730.6455
3583000,2358.4168,14296.0041,62069.613,-516115.9952,-437391.9613,-454046.3822
3584000,2373.69,14292.5797,61910.6712,-515702.1919,-437125.251,-453791.5207
3585000,2375.825,14316.3948,61970.1163,-515793.1008,-437130.7647,-453822.9845
3586000,2381.6315,14304.5029,61701.2014,-515839.1352,-437451.7994,-454137.9338
3587000,2360.6724,14275.7243,62122.969,-516581.9151,-437822.5494,-454458.9461
3588000,2371.186,14275.9054,62129.0692,-516219.7272,-437443.5666,-454090.65800000005
3589000,2356.9704,14349.3507,62261.5403,-516485.8646,-437518.0032,-454224.3243
3590000,2378.228,14339.6021,61533.1324,-515609.8311,-437358.86860000005,-454076.6987
3591000,2420.8743,14369.1772,61683.521,-515971.8424,-437498.2699,-454288.3214
3592000,2406.7102,14286.6166,62357.078,-516904.9968,-437854.592,-454547.91880000004
3593000,2392.6277,14349.6097,62099.5312,-516766.5305,-437924.7619,-454666.9993
3594000,2415.2499,14311.0942,61843.89,-516473.7171,-437903.483,-454629.8271
3595000,2381.6985,14261.5779,62126.4889,-516803.8119,-438034.0466,-454677.323
3596000,2389.6946,14337.9697,61827.4067,-516391.2103,-437836.1393,-454563.8036
3597000,2368.8554,14283.5864,62098.7266,-517206.5154,-438455.34699999995,-455107.7888
3598000,2402.9966,14259.3719,61884.7661,-516433.3906,-437886.256,-454548.6245
3599000,2375.7964,14368.8963,62126.0901,-516497.3328,-437626.55,-454371.24269999994
3600000,2429.4026,14483.1955,61928.745,-516119.9996,-437278.6565,-454191.2546
3601000,2373.4946,14328.169,61726.5848,-516044.7153,-437616.4669,-454318.13049999997
3602000,2387.0261,14342.9969,61391.1274,-515766.7437,-437645.5933,-454375.6163
3603000,2426.1522,14306.8108,62262.3964,-516288.32,-437292.9606,-454025.9236
3604000,2389.5903,14318.45,61951.2901,-516397.7665,-437738.43610000005,-454446.47640000004
3605000,2372.5828,14379.8052,62194.6551,-516717.4404,-437770.3973,-454522.7853
3606000,2388.0928,14401.9545,62392.8281,-517254.1054,-438071.23,-454861.2773
3607000,2409.1405,14460.7975,62397.9877,-517496.9504,-438229.02469999995,-455098.9627
3608000,2365.6551,14431.559,62202.5057,-516806.6664,-437806.9466,-454604.1607
3609000,2410.8985,14319.8362,62235.1484,-516238.5633,-437272.68019999994,-454003.4149
3610000,2415.238,14360.8938,61846.9625,-515573.58,-436950.4857,-453726.6175
3611000,2391.4889,14348.7712,62234.6031,-516816.2675,-437841.40430000005,-454581.6644
3612000,2380.8067,14366.213,61901.0175,-516187.2344,-437539.1972,-454286.2169
3613000,2343.1424,14399.8578,61852.8321,-516158.4667,-437562.6344,-454305.6346
3614000,2351.0296,14246.4101,62239.429,-516894.1279,-438057.25920000003,-454654.6989
3615000,2380.0627,14361.3102,61109.484,-515463.6314,-437612.7745,-454354.1474
3616000,2374.4133,14331.4895,61823.1567,-515715.1241,-437186.06460000004,-453891.9674
3617000,2394.6651,14355.1405,61332.6012,-515319.5609,-437237.1541,-453986.9597
3618000,2412.9616,14271.2031,61883.4379,-515777.2817,-437209.6791,-453893.8438
3619000,2344.4167,14342.1063,62006.5853,-515797.8183,-437104.70999999996,-453791.233
3620000,2366.0972,14371.1433,62263.7361,-516448.8273,-437447.8507,-454185.0912
3621000,2385.431,14302.0713,61792.6972,-516462.2129,-437982.0134,-454669.5157
3622000,2386.5277,14374.6073,62287.4596,-517158.0068,-438109.41219999996,-454870.5472
3623000,2377.7893,14329.2674,61715.4727,-516189.2848,-437766.7554,-454473.81210000004
3624000,2381.1988,14254.7296,62020.1955,-516415.6004,-437759.4765,-454395.40489999996
3625000,2384.4532,14332.6047,62256.6022,-516422.2056,-437448.5455,-454165.60339999996
3626000,2373.6089,14294.483,62189.137,-516355.3865,-437498.15760000004,-454166.24950000003
3627000,2377.8368,14318.6371,61710.2415,-516280.848,-437874.1326,-454570.6065
3628000,2390.168,14423.8474,62012.2973,-515995.5934,-437169.2807,-453983.29610000004
3629000,2368.0519,14228.8288,61658.9182,-515246.7036,-436990.9047,-453587.7854
3630000,2386.9686,14381.2723,62451.1315,-517025.0516,-437805.6792,-454573.9201
3631000,2390.5804,14312.6837,62682.9302,-517222.3191,-437836.1248,-454539.3889
3632000,2408.5507,14313.1849,61703.5228,-516165.6125,-437740.3541,-454462.0897
3633000,2419.4908,14374.7713,62121.4456,-516554.8173,-437639.10959999997,-454433.3717
3634000,2396.8393,14412.1836,62014.8975,-516758.7195,-437934.7991,-454743.822
3635000,2376.5854,14316.5747,61906.4923,-516146.6108,-437546.9584,-454240.11850000004
3636000,2381.3307,14442.0783,62038.9347,-516573.2007,-437710.85699999996,-454534.266
3637000,2359.3956,14328.9698,62193.5531,-516688.3109,-437806.3924,-454494.75779999996
3638000,2380.3019,14372.3982,62244.7898,-516939.4887,-437941.9988,-454694.69889999996
3639000,2352.7345,14265.2467,62083.6151,-516539.3125,-437837.7162,-454455.6974
3640000,2389.3246,14353.4313,61943.381,-516394.4127,-437708.2758,-454451.0317
3641000,2407.3652,14380.1561,61450.2099,-515617.5996,-437379.86840000004,-454167.3897
3642000,2373.3271,14399.0234,62185.9087,-516239.3798,-437281.1206,-454053.47109999997
3643000,2386.2006,14470.4478,61951.5685,-516020.5722,-437212.3553,-454069.0037
3644000,2386.0262,14370.2091,62079.9873,-515903.8944,-437067.6718,-453823.9071
3645000,2396.4795,14339.6967,61380.8736,-515809.2509,-437692.20109999995,-454428.3773
3646000,2365.8242,14381.3431,62073.2682,-516828.2253,-438007.7898,-454754.9571
3647000,2375.0768,14371.6175,61714.6782,-516329.6669,-437868.2944,-454614.9887
3648000,2412.3023,14385.6515,61435.6745,-515807.8157,-437574.1874,-454372.14119999995
3649000,2394.069,14389.9805,61416.4473,-515586.359,-437385.8622,-454169.9117
3650000,2427.2178,14615.601,62192.6822,-517432.1709,-438196.66990000004,-455239.48870000005
3651000,2377.7873,14363.3897,61748.7257,-515961.5281,-437471.6254,-454212.8024
3652000,2400.2485,14313.2655,61560.3882,-515520.7932,-437246.891,-453960.405
3653000,2368.9511,14315.5287,61712.0287,-515525.755,-437129.2465,-453813.7263
3654000,2393.4461,14350.7697,62352.9178,-516118.3061,-437021.1725,-453765.3883
3655000,2412.5424,14342.7052,62456.6582,-517122.9059,-437911.0001,-454666.2477
3656000,2392.457,14377.2267,62237.514,-516660.2565,-437653.0588,-454422.7425
3657000,2390.3123,14308.5994,61976.5611,-516535.1885,-437859.7157,-454558.6274
3658000,2380.6658,14398.934,62414.3685,-516672.8426,-437478.87429999997,-454258.4741
3659000,2384.3706,14338.9645,61586.1248,-515675.9774,-437366.51749999996,-454089.8526
3660000,2390.4658,14301.1727,62056.5399,-515730.8536,-436982.67519999994,-453674.31369999994
3661000,2424.2638,14273.6617,62204.7807,-516408.825,-437506.1188,-454204.0443
3662000,2372.8845,14314.8883,61512.6521,-516091.0796,-437890.6547,-454578.4275
3663000,2366.5154,14274.2466,62349.469,-516811.0939,-437820.86289999995,-454461.6249
3664000,2386.1715,14403.7524,61618.7304,-515879.6047,-437470.95040000003,-454260.8743
3665000,2389.9703,14298.1756,62300.6533,-516129.7916,-437140.9924,-453829.1383
3666000,2356.4241,14250.5803,61910.2021,-515947.2538,-437430.0473,-454037.0517
3667000,2383.6025,14263.561,61793.37,-516076.1747,-437635.64119999995,-454282.8047
3668000,2368.3833,14368.1701,61562.9474,-516210.3475,-437910.8467,-454647.40009999997
3669000,2392.5511,14314.9374,62124.8351,-516143.9586,-437311.635,-454019.1235
3670000,2369.4922,14251.147,61775.1249,-515755.2737,-437359.5096,-453980.1488
3671000,2400.1408,14453.6644,61771.8092,-516429.0302,-437803.41579999996,-454657.22099999996
3672000,2383.1749,14322.9113,62245.3143,-516192.1123,-437240.7118,-453946.79799999995
3673000,2367.9837,14304.5012,61924.1338,-516392.1336,-437795.5149,-454467.9998
3674000,2423.8252,14328.0073,61968.6159,-516368.1308,-437647.6824,-454399.5149
3675000,2337.7021,14295.5541,61835.8413,-516178.4219,-437709.32440000004,-454342.5806
3676000,2408.4769,14402.8208,61918.6614,-516177.7889,-437447.8298,-454259.1275
3677000,2379.48,14389.4681,62023.0833,-515628.4275,-436836.3961,-453605.3442
3678000,2360.7805,14235.2223,61936.5946,-516141.6804,-437609.083,-454205.0858
3679000,2378.6433,14404.5995,61724.8737,-515463.9133,-436955.7968,-453739.0396
3680000,2374.1873,14304.2886,62002.2036,-515307.7635,-436627.08400000003,-453305.5599
3681000,2385.4252,14352.3459,61375.968,-515206.11,-437092.3709,-453830.142
3682000,2385.0699,14370.3199,62349.9849,-516221.2564,-437115.8817,-453871.27150000003
3683000,2368.5507,14269.8897,61681.1377,-515939.1745,-437619.59640000004,-454258.0368
3684000,2364.1285,14340.9082,61914.9359,-515965.3848,-437345.4122,-454050.4489
3685000,2373.1338,14325.1646,62318.0577,-516829.0329,-437812.6768,-454510.9752
3686000,2412.3017,14314.7365,62138.8683,-516398.9652,-437533.05869999994,-454260.0969
3687000,2366.5619,14306.2354,61859.1712,-516051.1675,-437519.199,-454191.9963
3688000,2394.1042,14390.5272,61543.9008,-515762.684,-437434.1518,-454218.7832
3689000,2395.6842,14365.7645,62383.7399,-516549.041,-437403.85240000003,-454165.30110000004
3690000,2401.7996,14418.3662,62395.5371,-516309.1439,-437093.441,-453913.6068
3691000,2394.6381,14285.1817,61880.0265,-515791.0074,-437231.1611,-453910.9809
3692000,2377.2427,14295.3643,61919.1447,-515881.4497,-437289.698,-453962.305
3693000,2373.4002,14321.8514,61353.0865,-515641.9668,-437593.6287,-454288.8803
3694000,2356.9831,14290.2576,61863.0512,-515634.3903,-437124.0984,-453771.33910000004
3695000,2379.5674,14363.1817,62073.971,-516425.3659,-437608.64579999994,-454351.39489999996
3696000,2364.4261,14330.4008,62290.0344,-516589.2926,-437604.4313,-454299.2582
3697000,2395.2016,14311.0344,62127.7783,-516237.548,-437403.5337,-454109.7697
3698000,2397.4214,14307.4857,61640.4156,-515798.5596,-437453.23689999996,-454158.144
3699000,2373.4413,14363.5153,61712.5113,-515198.1362,-436748.6683,-453485.6249
3700000,2365.5144,14226.4928,61901.022,-516048.3427,-437555.3135,-454147.3207
3701000,2383.2634,14433.1429,62241.7882,-516486.2809,-437428.08640000003,-454244.4927
3702000,2417.115,14340.8328,62277.8411,-516699.8031,-437664.01420000003,-454421.962
3703000,2408.0486,14340.7667,61754.2415,-516037.8987,-437534.8419,-454283.6572
3704000,2388.4307,14342.5915,62158.3909,-516500.3076,-437610.8945,-454341.9167
3705000,2408.4823,14257.4169,62034.7281,-516982.6477,-438282.0204,-454947.91959999996
3706000,2353.0571,14403.0258,62080.11,-517432.1868,-438595.9939,-455352.07680000004
3707000,2393.6839,14288.8289,61855.4017,-516387.2751,-437849.3606,-454531.87340000004
3708000,2382.0577,14277.5938,61767.6988,-515320.008,-436892.6577,-453552.30919999996
3709000,2400.9677,14285.5072,61776.4406,-515535.2569,-437072.3414,-453758.81629999995
3710000,2383.2226,14216.6512,62175.2234,-516252.465,-437477.3678,-454077.2416
3711000,2397.7437,14214.34,61888.4009,-515764.9564,-437264.47180000006,-453876.5555
3712000,2369.6741,14249.5169,61575.8795,-515133.2541,-436938.1836,-453557.37460000004
3713000,2401.7719,14320.4326,61694.52,-515222.8667,-436806.1422,-453528.3467
3714000,2418.8191,14373.4153,61841.4086,-515950.9743,-437317.33129999996,-454109.5657
3715000,2361.9609,14370.3379,62364.3544,-516730.7417,-437634.0885,-454366.3873
3716000,2347.0647,14408.1323,61848.1904,-516331.8981,-437728.5107,-454483.70769999997
3717000,2353.6998,14391.8426,62251.1772,-516818.1504,-437821.4308,-454566.9732
3718000,2412.3761,14419.6704,62305.1515,-516818.4931,-437681.2951,-454513.34160000004
3719000,2381.5388,14286.754,62211.3833,-516439.5535,-437559.8774,-454228.1702
3720000,2418.6882,14327.1314,61579.9493,-515194.6856,-436868.91670000006,-453614.73630000005
3721000,2407.1717,14322.8066,61262.9042,-515486.2489,-437493.3664,-454223.3447
3722000,2381.926,14316.6745,61891.9098,-515471.9993,-436881.48900000006,-453580.0895
3723000,2393.4724,14434.6116,61543.6631,-515771.1786,-437399.4315,-454227.5155
3724000,2385.9296,14311.7182,62013.9353,-516345.7887,-437634.2056,-454331.85339999996
3725000,2377.5905,14350.7235,61915.465,-515749.6761,-437105.8971,-453834.21109999996
3726000,2370.4313,14287.75,62006.1826,-515882.1382,-437217.7743,-453875.9556
3727000,2396.2424,14449.0321,61726.1915,-515616.3969,-437044.9309,-453890.2054
3728000,2446.0232,14302.2433,61739.606,-515499.0493,-437011.1768,-453759.44330000004
3729000,2390.0697,14295.693,62099.7845,-516693.1768,-437907.6296,-454593.3923
3730000,2363.812,14281.5853,61869.9597,-516182.2263,-437666.86929999996,-454312.2666
3731000,2402.3333,14326.1962,62362.1638,-516889.1063,-437798.413,-454526.9425
3732000,2400.6402,14337.5975,62188.7234,-516189.6785,-437262.71739999996,-454000.95509999996
3733000,2403.2137,14391.241,62036.7268,-516243.3028,-437412.1213,-454206.576
3734000,2396.4974,14266.9403,62026.7522,-516381.361,-437691.1711,-454354.6088
3735000,2368.4934,14246.2454,62327.0618,-516899.6018,-437957.8012,-454572.54
3736000,2426.4035,14399.7144,61324.3201,-515938.9296,-437788.49159999995,-454614.60949999996
3737000,2398.3807,14398.2008,62294.2808,-516645.7666,-437554.90429999994,-454351.48579999997
3738000,2403.0423,14403.2138,61537.2906,-516255.0689,-437911.5222,-454717.7783
3739000,2379.5617,14346.5279,61762.8559,-516580.9466,-438092.0011,-454818.0907
3740000,2364.1502,14261.397,61623.9048,-516225.4771,-437976.0251,-454601.5723
3741000,2375.6011,14400.9794,61505.7239,-515508.0763,-437225.77190000005,-454002.35240000003
3742000,2398.9286,14374.4559,60839.204,-514722.2139,-437109.62539999996,-453883.00989999995
3743000,2368.2241,14451.2335,61603.3705,-516003.4741,-437580.646,-454400.1036
3744000,2389.6722,14310.147,62211.429,-516593.8128,-437682.56460000004,-454382.3838
3745000,2395.9015,14374.2029,62443.8976,-517090.8753,-437876.87330000004,-454646.97770000005
3746000,2394.0994,14294.0533,61845.0263,-515947.1548,-437413.9758,-454102.1285
3747000,2417.5212,14361.6644,62343.1188,-516904.1369,-437781.8325,-454561.0181
3748000,2355.6019,14344.7649,62059.4551,-516009.4706,-437249.6487,-453950.0155
3749000,2394.3704,14369.3313,61592.7344,-514933.2862,-436576.8501,-453340.55179999996
3750000,2379.2572,14359.0906,61829.4848,-515919.7524,-437351.91980000003,-454090.2676
3751000,2363.8417,14348.6153,61878.9494,-516687.6207,-438096.21430000005,-454808.67130000005
3752000,2348.4299,14349.644,62455.645,-517448.4284,-438294.7095,-454992.78339999996
3753000,2394.9245,14411.3702,61378.2844,-515452.4688,-437267.88969999994,-454074.18439999997
3754000,2402.2325,14335.5812,62297.0901,-516813.3725,-437778.46869999997,-454516.2824
3755000,2396.875,14364.0425,62036.0594,-516465.1008,-437668.1239,-454429.0414
3756000,2415.6042,14384.371,61520.683,-515243.0253,-436922.3671,-453722.34229999996
3757000,2389.3591,14258.6628,61521.0357,-515852.1002,-437683.0426,-454331.0645
3758000,2394.0557,14306.7795,62256.8889,-517301.958,-438344.2339,-455045.06909999996
3759000,2393.5734,14375.218,61908.6878,-516350.5441,-437673.0649,-454441.8563
3760000,2388.5775,14385.7713,61718.1299,-515849.11,-437356.6313,-454130.9801
3761000,2378.9385,14373.0688,62479.3885,-516926.8951,-437695.4993,-454447.5066
3762000,2396.2964,14484.3858,62178.7638,-516748.1297,-437688.6837,-454569.3659
3763000,2368.8928,14461.9392,62269.1171,-516107.1371,-437007.18799999997,-453838.02
3764000,2401.1733,14477.9944,62137.1302,-515938.8391,-436922.5412,-453801.70889999997
3765000,2374.7075,14311.0223,61920.9704,-515966.1983,-437359.49809999997,-454045.2279
3766000,2372.6233,14323.6389,62081.9219,-516030.6302,-437252.4461,-453948.7083
3767000,2373.0189,14313.4252,61872.2821,-516277.6671,-437718.94090000005,-454405.385
3768000,2361.5858,14349.277,61501.319,-515645.4245,-437433.2427,-454144.1055
3769000,2405.135,14297.1044,61952.4721,-515949.5698,-437294.85829999996,-453997.0977
3770000,2394.5633,14383.4092,61544.1387,-515731.7998,-437409.6886,-454187.66109999997
3771000,2391.6202,14301.5821,61800.8955,-515861.0306,-437366.9328,-454060.1351
3772000,2373.5167,14364.9396,62277.1487,-516797.7991,-437782.1941,-454520.6504
3773000,2363.5847,14358.0243,62159.2469,-516272.1794,-437391.32350000006,-454112.9325
3774000,2401.0338,14358.1742,61900.5532,-515798.0504,-437138.2892,-453897.4972
3775000,2401.4377,14286.5227,61955.935,-516551.826,-437907.9306,-454595.891
3776000,2344.3302,14276.4095,61976.3798,-515756.3302,-437159.21070000005,-453779.95040000003
3777000,2424.8551,14394.9363,62452.3369,-517154.1616,-437882.0333,-454701.8247
3778000,2399.5496,14250.0954,61904.8887,-516316.7125,-437762.1788,-454411.8238
3779000,2393.3291,14397.8074,61326.9401,-515844.5645,-437726.48789999995,-454517.6244
3780000,2356.0827,14392.7482,61693.5799,-515658.9643,-437216.5535,-453965.3844
3781000,2396.2486,14408.9169,61596.7007,-516023.6028,-437621.7366,-454426.9021
3782000,2414.0742,14410.8093,61955.9656,-515835.3125,-437054.4634,-453879.3469
3783000,2383.3131,14250.5206,61899.965,-515795.3659,-437261.5672,-453895.4009
3784000,2391.3437,14315.6055,61678.9688,-515814.2051,-437428.2871,-454135.2363
3785000,2355.8692,14292.2011,62408.1962,-516904.465,-437848.19850000006,-454496.2688
3786000,2364.2987,14276.6874,61943.3893,-516832.4785,-438248.1031,-454889.08920000005
3787000,2372.3746,14345.6977,61928.6847,-516229.4145,-437582.65750000003,-454300.72980000003
3788000,2378.3713,14268.2156,62052.3763,-517143.6225,-438444.6593,-455091.2462
3789000,2392.4125,14359.7664,62711.9709,-517142.8895,-437678.7397,-454430.9186
3790000,2364.9112,14361.5834,62362.717,-516123.9118,-437034.7002,-453761.1948
3791000,2373.6576,14242.3882,61793.6799,-515727.849,-437318.1233,-453934.1691
3792000,2403.0912,14378.3079,61685.1425,-515859.7797,-437393.2381,-454174.6372
3793000,2412.9494,14333.1459,61911.8954,-515799.8339,-437141.8432,-453887.93850000005
3794000,2383.9116,14252.8805,61745.6418,-516032.1275,-437649.6936,-454286.4857
3795000,2381.6144,14327.2985,61737.1269,-515806.9793,-437360.9395,-454069.8524
3796000,2417.7943,14430.6735,62156.5882,-516349.7849,-437344.72890000005,-454193.19670000003
3797000,2381.8837,14376.1078,61540.7897,-515573.1042,-437274.323,-454032.3145
3798000,2405.8189,14294.4508,62083.5577,-516323.1267,-437539.2993,-454239.569
3799000,2383.6853,14298.6725,62122.2522,-516611.5466,-437806.9366,-454489.2944
3800000,2410.1012,14392.2056,61997.8908,-516290.0433,-437489.8457,-454292.1525
3801000,2362.0433,14398.4298,62579.4664,-516877.3561,-437537.4166,-454297.8897
3802000,2404.0639,14430.016,61676.9674,-515537.4513,-437026.404,-453860.4839
3803000,2393.5585,14376.8957,62171.6739,-516914.5138,-437972.3857,-454742.8399
3804000,2387.6231,14376.0739,61685.1447,-516172.9958,-437724.1541,-454487.85109999997
3805000,2387.4004,14364.2056,61897.2367,-516098.7768,-437449.93409999995,-454201.5401
3806000,2380.6985,14403.9889,62031.1398,-515844.3827,-437028.5555,-453813.2429
3807000,2391.9299,14396.741,62033.2435,-515968.3622,-437146.44779999997,-453935.1187
3808000,2382.9717,14385.8845,62554.3184,-517280.9031,-437957.72849999997,-454726.5847
3809000,2357.2907,14310.3976,62221.8097,-516367.4575,-437477.9595,-454145.64780000004
3810000,2389.0006,14212.4738,62165.6451,-516547.9443,-437780.82479999994,-454382.29919999995
3811000,2387.6278,14279.6588,61964.048,-516069.5914,-437438.2568,-454105.54339999997
3812000,2367.3398,14404.3358,62273.7751,-516688.7787,-437643.32800000004,-454415.00360000005
3813000,2408.4686,14354.5238,61535.9374,-515565.7765,-437266.8467,-454029.8391
3814000,2391.3219,14415.3319,61955.8502,-515704.7533,-436942.24929999997,-453748.9031
3815000,2423.0439,14509.1943,62263.5842,-516246.2571,-437050.4347,-453982.6729
3816000,2409.1456,14317.5012,62120.3759,-516701.6831,-437854.66040000005,-454581.30720000004
3817000,2385.9066,14358.8831,61733.2537,-515921.4222,-437443.37879999995,-454188.16849999997
3818000,2378.2731,14399.7695,61811.0159,-516840.4851,-438251.4266,-455029.4692
3819000,2398.6475,14396.9881,62145.8798,-516831.508,-437889.9926,-454685.6282
3820000,2431.9698,14342.9036,61881.171,-515726.8433,-437070.7989,-453845.6723
3821000,2360.9428,14323.332,61840.557,-516569.7747,-438044.9429,-454729.21770000004
3822000,2388.4267,14389.0946,62440.7148,-518051.162,-438832.92590000003,-455610.4472
3823000,2401.2372,14421.3548,62456.806,-517062.041,-437782.64300000004,-454605.23500000004
3824000,2380.7743,14370.8679,61828.0283,-516026.1274,-437446.4569,-454198.0991
3825000,2381.6227,14385.8357,61947.9996,-515395.7207,-436680.2627,-453447.7211
3826000,2391.6818,14421.4191,62278.501,-516275.7584,-437184.1565,-453997.2574
3827000,2395.9691,14390.3205,62399.1335,-517018.9012,-437833.4781,-454619.7677
3828000,2378.5923,14348.0062,61872.3944,-516665.5651,-438066.5722,-454793.1707
3829000,2383.1788,14299.5273,61830.9449,-516540.7084,-438027.0574,-454709.7635
3830000,2396.4092,14325.8902,61967.8651,-516193.7759,-437503.6114,-454225.9108
3831000,2404.1934,14212.5928,61880.2001,-516298.6466,-437801.6603,-454418.44649999996
3832000,2357.3343,14305.003,61960.7033,-515975.6965,-437352.6559,-454014.9932
3833000,2388.3827,14268.0572,61592.8772,-516170.8767,-437921.55960000004,-454577.99950000003
3834000,2344.4493,14420.1105,62143.2105,-515685.3396,-436777.5693,-453542.1291
3835000,2396.4594,14357.8939,62335.4938,-516750.1328,-437660.2857,-454414.639
3836000,2391.8769,14389.8158,62086.0276,-515711.1448,-436843.4245,-453625.1172
3837000,2375.0209,14242.8095,61418.598,-515180.368,-437143.93960000004,-453761.77
3838000,2382.3662,14347.5209,62023.3168,-516283.7135,-437530.5096,-454260.39670000004
3839000,2380.5308,14387.2066,61851.6202,-516326.4876,-437707.13,-454474.8674
3840000,2433.3957,14330.4841,61740.4504,-515622.0365,-437117.70629999996,-453881.58609999996
3841000,2385.2016,14367.5513,61934.0181,-516846.6981,-438159.9271,-454912.68
3842000,2374.5148,14288.351,61370.8557,-515146.8011,-437113.0796,-453775.94539999997
3843000,2378.0023,14338.8347,61625.4091,-515937.697,-437595.4509,-454312.2879
3844000,2423.2434,14402.6449,62025.073,-516482.2214,-437631.26009999996,-454457.1484
3845000,2408.8949,14298.8515,61828.7816,-516298.0472,-437761.5192,-454469.2656
3846000,2378.0795,14331.7982,62227.1173,-516877.9561,-437940.9611,-454650.8388
3847000,2400.7989,14430.0954,61941.7611,-516268.1667,-437495.5113,-454326.4056
3848000,2376.8976,14373.7837,61864.789,-516276.3604,-437660.8901,-454411.5714
3849000,2397.2804,14283.5571,61666.5074,-515538.3317,-437190.98679999996,-453871.8243
3850000,2402.3861,14326.0784,61988.0831,-516534.1126,-437817.565,-454546.0295
3851000,2423.5068,14325.1634,62285.9096,-516824.9512,-437790.3714,-454539.0416
3852000,2382.3939,14225.8503,62202.922,-516278.577,-437467.41079999995,-454075.65499999997
3853000,2393.4744,14293.1764,61623.6179,-516108.9897,-437798.72099999996,-454485.37179999996
3854000,2403.1282,14377.303,62297.3662,-516828.6496,-437750.8522,-454531.2834
3855000,2362.0244,14277.8261,62081.7821,-516406.2705,-437684.6379,-454324.4884
3856000,2377.5679,14250.1738,62723.2374,-516929.7283,-437578.7492,-454206.49090000003
3857000,2391.2041,14411.5189,62164.9024,-516300.1789,-437332.55350000004,-454135.2765
3858000,2393.5714,14314.9696,61433.283,-515271.2955,-437129.4715,-453838.0125
3859000,2335.4767,14281.8851,62072.4864,-515768.1032,-437078.255,-453695.6168
3860000,2384.2413,14342.4278,62324.3234,-516893.179,-437842.1865,-454568.8556
3861000,2373.9524,14335.1631,61617.2352,-516415.579,-438089.2283,-454798.34380000003
3862000,2374.937,14432.036,62214.4375,-517026.8399,-438005.4294,-454812.4024
3863000,2363.0494,14396.6309,62402.9328,-517065.0588,-437902.4457,-454662.126
3864000,2423.361,14365.8486,61310.1995,-515986.4817,-437887.0726,-454676.2822
3865000,2364.1113,14345.2562,61801.2969,-515483.4345,-436972.77009999997,-453682.13759999996
3866000,2381.9349,14440.512,62323.0652,-516889.1764,-437743.6643,-454566.1112
3867000,2368.6404,14340.8069,62041.4667,-516515.3594,-437764.4454,-454473.8927
3868000,2405.1507,14381.3618,62132.4203,-516413.0523,-437494.1195,-454280.632
3869000,2390.9078,14415.2299,62505.8637,-516705.901,-437393.8996,-454200.0373
3870000,2372.7985,14321.5028,61898.9166,-516090.8167,-437497.59880000004,-454191.9001
3871000,2349.2808,14333.1061,62250.1051,-516483.713,-437551.221,-454233.6079
3872000,2374.0719,14359.429,61927.7023,-516270.37,-437609.1668,-454342.6677
3873000,2330.9677,14371.9469,61808.2329,-516489.0215,-437977.87399999995,-454680.78859999997
3874000,2384.7557,14273.2884,62226.3501,-516368.624,-437484.2298,-454142.27390000003
3875000,2409.2291,14357.5303,62759.815,-517394.4332,-437867.85880000005,-454634.6182
3876000,2373.2996,14364.7858,62168.6201,-516752.2435,-437845.538,-454583.6234
3877000,2388.6855,14416.6241,62017.7722,-516338.9896,-437515.9078,-454321.21739999996
3878000,2419.0903,14489.7181,61696.3081,-515857.4003,-437252.2838,-454161.09219999996
3879000,2430.4514,14423.0703,61699.5708,-515603.9359,-437050.8434,-453904.3651
3880000,2396.8904,14348.701,61617.5195,-515517.381,-437154.27009999997,-453899.8615
3881000,2373.4316,14292.4179,61617.0409,-515986.4435,-437703.5531,-454369.4026
3882000,2377.4023,14301.0604,61791.0128,-515619.8314,-437150.3559,-453828.8186
3883000,2371.7828,14431.6402,61750.5338,-515552.3875,-436998.4307,-453801.85370000004
3884000,2417.6999,14363.1898,62282.1515,-516947.587,-437884.54579999996,-454665.4355
3885000,2370.6121,14383.8555,61499.2982,-515946.7338,-437692.968,-454447.43559999997
3886000,2389.1693,14357.9899,61989.6936,-516190.7397,-437453.8869,-454201.0461
3887000,2376.7869,14370.0276,62028.3395,-517164.162,-438389.00800000003,-455135.8225
3888000,2379.8808,14278.9926,62033.3191,-516931.8603,-438239.6678,-454898.5412
3889000,2411.7662,14464.6733,61786.2899,-516041.6917,-437378.9623,-454255.4018
3890000,2395.2605,14467.8348,62221.4979,-516632.2373,-437547.6441,-454410.73939999996
3891000,2407.031,14378.8631,62324.8284,-516976.558,-437865.83550000004,-454651.7296
3892000,2384.2175,14291.5998,62121.0663,-516596.8354,-437799.9518,-454475.7691
3893000,2384.0984,14280.7191,62140.9893,-516238.8983,-437433.0915,-454097.909
3894000,2391.3827,14377.9393,61603.552,-516059.2895,-437686.4155,-454455.7375
3895000,2363.8623,14284.2505,62196.6976,-516245.6103,-437400.7999,-454048.9127
3896000,2360.6946,14275.9704,62049.1606,-516355.2731,-437669.4475,-454306.1125
3897000,2425.7869,14310.0863,61658.0076,-516082.4509,-437688.5701,-454424.4433
3898000,2418.7221,14331.2608,62582.0114,-517027.5548,-437695.56049999996,-454445.54339999997
3899000,2371.8186,14335.319,61985.7931,-516278.138,-437585.2073,-454292.34489999997
3900000,2390.5847,14435.8829,62527.5909,-517425.6778,-438071.6193,-454898.0869
3901000,2392.1964,14387.3447,61622.9933,-516053.1263,-437650.5919,-454430.13300000003
3902000,2378.0871,14332.9231,61727.7085,-516150.9725,-437712.25379999995,-454423.26399999997
3903000,2354.9782,14332.709,62120.3292,-516830.6518,-438022.6354,-454710.3226
3904000,2413.6589,14285.9374,62199.7644,-516489.5854,-437590.22469999996,-454289.821
3905000,2396.9456,14304.927,61884.0944,-516006.1179,-437420.1509,-454122.0235
3906000,2377.9935,14425.9872,61812.8821,-515980.7171,-437363.8543,-454167.835
3907000,2418.8132,14316.7632,62150.6986,-516503.1141,-437616.8391,-454352.4155
3908000,2361.4778,14312.8755,62441.2081,-516641.063,-437525.5016,-454199.85490000003
3909000,2398.6514,14274.3768,62115.5858,-516855.7233,-438067.1093,-454740.1375
3910000,2389.338,14267.7308,61436.164,-515401.1659,-437307.9331,-453965.00190000003
3911000,2352.6756,14294.9185,61730.2324,-515768.0865,-437390.26,-454037.8541
3912000,2381.0974,14405.7707,62071.636,-516571.1561,-437712.652,-454499.5201
3913000,2406.0084,14288.4883,62218.8439,-516247.6095,-437334.2689,-454028.76560000004
3914000,2386.4622,14221.4452,62094.6397,-516317.2911,-437614.74399999995,-454222.6514
3915000,2377.4648,14232.9612,62197.8376,-516397.0707,-437588.8071,-454199.23309999995
3916000,2396.2519,14322.5169,62060.6059,-516172.6801,-437393.3054,-454112.0742
3917000,2388.9256,14342.2925,62090.1543,-515725.535,-436904.1626,-453635.3807
3918000,2381.1033,14223.5059,61264.0464,-514803.5439,-436934.8883,-453539.4975
3919000,2370.207,14337.1992,62103.7703,-516480.0758,-437668.8993,-454376.3055
3920000,2338.3322,14255.9371,61851.8301,-515821.3093,-437375.2099,-453969.4792
3921000,2379.4111,14352.3469,61792.9872,-515931.414,-437406.6688,-454138.4268
3922000,2379.8162,14314.1781,62075.158,-516740.9367,-437971.7844,-454665.7787
3923000,2373.7902,14310.035,61982.1164,-516425.059,-437759.1174,-454442.9426
3924000,2399.0703,14322.5784,62176.6214,-516683.0442,-437784.7741,-454506.4228
3925000,2399.1832,14391.5568,61633.6694,-515937.2503,-437512.8409,-454303.5809
3926000,2380.2915,14288.8683,61868.0088,-516003.3147,-437466.1461,-454135.3059
3927000,2379.8326,14333.0946,61926.8914,-516071.8445,-437432.0259,-454144.9531
3928000,2385.4718,14321.1124,62388.3192,-517219.3312,-438124.4278,-454831.012
3929000,2407.1703,14302.3557,62289.7685,-516678.0343,-437678.7398,-454388.2658
3930000,2365.1843,14298.3191,61785.1008,-516509.4135,-438060.8093,-454724.3127
3931000,2387.9082,14311.2324,61999.6434,-515389.3359,-436690.5519,-453389.6925
3932000,2382.3127,14418.0361,61787.8961,-515291.3334,-436703.0885,-453503.4373
3933000,2347.4325,14302.2102,61911.105,-515947.3796,-437386.6319,-454036.2746
3934000,2382.34,14348.8981,61633.0651,-515251.2353,-436886.9321,-453618.1702
3935000,2345.2236,14331.6264,61497.2336,-514751.9217,-436577.8381,-453254.6881
3936000,2385.3501,14360.7601,62319.2062,-517019.1195,-437953.80309999996,-454699.91329999996
3937000,2367.9551,14265.8013,61613.2499,-515891.5457,-437644.5394,-454278.2958
3938000,2379.8041,14309.4307,61819.6921,-515851.6925,-437342.7656,-454032.0004
3939000,2416.8167,14346.7722,62135.3278,-516489.2946,-437590.3779,-454353.96680000005
3940000,2359.8656,14388.9216,61754.7395,-515980.5587,-437477.032,-454225.81919999997
3941000,2401.5962,14319.2063,61915.7128,-516428.3749,-437791.85959999997,-454512.6621
3942000,2372.5638,14352.3011,62394.4348,-516593.1657,-437473.86600000004,-454198.7309
3943000,2392.9441,14354.612,61636.4524,-515106.9823,-436722.9738,-453470.52989999996
3944000,2377.0542,14305.9242,61721.5357,-516228.7302,-437824.21609999996,-454507.1945
3945000,2377.7121,14301.2111,62553.0165,-517097.5379,-437865.5982,-454544.52139999997
3946000,2347.223,14345.5019,62262.3423,-517087.6728,-438132.6056,-454825.3305
3947000,2368.0735,14264.0911,62101.0078,-516405.4108,-437672.23840000003,-454304.403
3948000,2372.6978,14324.7515,62663.228,-517549.7145,-438189.0372,-454886.4865
3949000,2361.3275,14316.663,61728.0651,-515323.0743,-436917.0187,-453595.0092
3950000,2356.5693,14252.4753,62065.5724,-516473.3511,-437798.7341,-454407.7787
3951000,2379.1998,14294.6911,62394.4614,-516568.929,-437500.5767,-454174.4676
3952000,2390.3639,14300.1226,61988.1882,-515845.456,-437166.78130000003,-453857.26780000003
3953000,2398.3628,14402.148,62619.2307,-516740.9715,-437321.23,-454121.74079999997
3954000,2392.569,14332.7647,61766.3582,-515612.6564,-437120.9645,-453846.29819999996
3955000,2401.6662,14466.3737,61320.0775,-515587.0542,-437398.9368,-454266.9767
3956000,2360.7998,14334.3666,62137.7556,-516073.3433,-437240.42130000005,-453935.58770000003
3957000,2382.7208,14387.0436,61836.06,-516146.5317,-437540.7073,-454310.4717
3958000,2382.5355,14243.5064,61801.6045,-515596.0201,-437168.3737,-453794.4156
3959000,2412.1096,14517.3729,61908.239,-516567.0473,-437729.3258,-454658.8083
3960000,2390.8519,14453.7187,62119.851,-516714.9505,-437750.5289,-454595.09949999995
3961000,2360.2672,14349.9086,62079.0857,-516452.9103,-437663.64879999997,-454373.8246
3962000,2365.9333,14277.2937,61852.502,-516602.4157,-438106.6867,-454749.91370000003
3963000,2396.1243,14397.1637,62162.5022,-516250.9417,-437295.15150000004,-454088.43950000004
3964000,2384.0065,14286.6661,62000.2743,-516303.3994,-437632.4525,-454303.1251
3965000,2365.0571,14280.3741,61881.7177,-515585.6228,-437058.4739,-453703.90510000003
3966000,2357.2815,14214.9992,61882.5753,-515880.6448,-437425.7888,-453998.0695
3967000,2364.6649,14290.8116,62062.2143,-516423.9592,-437706.2684,-454361.7449
3968000,2385.1997,14342.945,61925.8487,-516664.8397,-438010.8463,-454738.99100000004
3969000,2357.5878,14279.4674,62097.3095,-516722.7688,-437988.40410000004,-454625.4593
3970000,2371.483,14274.136,61986.5545,-516643.4245,-438011.25100000005,-454656.87
3971000,2386.0425,14341.7773,62158.1798,-516737.0125,-437851.01290000003,-454578.8327
3972000,2373.7249,14367.1477,62635.7255,-516546.9427,-437170.3446,-453911.2172
3973000,2380.9683,14332.5652,61869.3685,-516135.9791,-437553.0771,-454266.6106
3974000,2414.7342,14335.915,61633.0714,-515411.3152,-437027.5946,-453778.2438
3975000,2365.3145,14234.3969,61690.1079,-515676.3143,-437386.495,-453986.2064
3976000,2388.5949,14340.598,62135.1533,-516317.7802,-437453.434,-454182.6269
3977000,2351.5766,14395.7373,62135.6018,-516467.917,-437585.0013,-454332.3152
3978000,2378.9811,14296.7808,62499.2057,-516980.3227,-437805.35510000004,-454481.117
3979000,2393.4944,14359.6184,63002.9468,-517564.6992,-437808.6396,-454561.7524
3980000,2376.1504,14280.362,62346.2702,-516921.4716,-437918.689,-454575.2014
3981000,2377.2063,14384.3672,61315.2241,-515701.2829,-437624.4853,-454386.0588
3982000,2367.1125,14272.3501,62272.7046,-517134.9108,-438222.74360000005,-454862.2062
3983000,2369.6985,14385.7207,62133.3837,-516883.2451,-437994.4422,-454749.8614
3984000,2418.7479,14373.1506,61966.2948,-516184.0775,-437425.88420000003,-454217.7827
3985000,2394.5056,14359.7841,62010.1461,-515804.3107,-437039.87489999994,-453794.16459999996
3986000,2375.5227,14380.3559,62424.3016,-517716.8219,-438536.6417,-455292.5203
3987000,2387.7477,14304.6665,62051.0086,-516392.2702,-437648.8474,-454341.2616
3988000,2377.1784,14329.3542,62241.2322,-516297.7756,-437350.0108,-454056.54339999997
3989000,2363.0919,14337.3229,61767.5713,-515829.6492,-437361.6631,-454062.0779
3990000,2408.7513,14454.3595,61939.8648,-515898.1595,-437095.1839,-453958.2947
3991000,2391.2308,14406.3198,62132.7948,-515788.4688,-436858.1234,-453655.674
3992000,2382.7474,14396.9918,61769.011,-516108.1611,-437559.4109,-454339.1501
3993000,2391.1536,14417.8912,62191.2957,-515710.2658,-436709.9253,-453518.9701
3994000,2389.409,14394.8045,61786.0859,-515565.4571,-436995.1577,-453779.3712
3995000,2363.3978,14366.1873,62021.5482,-516150.8856,-437399.7523,-454129.33739999996
3996000,2363.348,14349.1668,61803.1923,-515836.1969,-437320.4898,-454033.0046
3997000,2359.293,14309.648,61718.4417,-515962.1855,-437574.8028,-454243.7438
3998000,2382.7129,14459.7576,62641.0304,-516547.9891,-437064.4882,-453906.9587
3999000,2366.9084,14288.6243,61840.3103,-516139.6455,-437643.8025,-454299.3352
4000000,2398.9412,14424.0369,62093.0635,-516792.0889,-437876.0473,-454699.0254
4001000,2393.2798,14311.7208,62309.0368,-516878.8522,-437864.81480000005,-454569.8154
4002000,2362.4252,14450.9279,62669.5759,-517375.475,-437892.546,-454705.8991
4003000,2367.4811,14354.0114,62501.1271,-516977.4386,-437754.819,-454476.3115
4004000,2349.9848,14368.0181,62200.2099,-516257.53,-437339.31720000005,-454057.3201
4005000,2374.1402,14318.5807,61499.9111,-515174.269,-436981.637,-453674.35789999994
4006000,2369.5675,14334.4265,62058.4909,-516360.1866,-437597.70170000003,-454301.69570000004
4007000,2388.5439,14328.8618,61455.4762,-515173.423,-437000.54110000003,-453717.94680000003
4008000,2402.5098,14374.5515,61697.3849,-515541.1145,-437066.6683,-453843.7296
4009000,2355.8187,14317.0975,61826.964,-516228.415,-437728.53479999996,-454401.451
4010000,2379.7487,14255.6288,61803.7716,-516270.0106,-437830.8615,-454466.239
4011000,2399.2366,14406.4217,61838.4335,-516366.5995,-437722.5077,-454528.166
4012000,2351.4524,14331.3986,61808.6826,-516166.6238,-437675.0902,-454357.9412
4013000,2368.5663,14277.1757,62191.926,-515952.7306,-437115.0626,-453760.80460000003
4014000,2385.0595,14355.1616,62233.6726,-516257.6243,-437283.7306,-454023.95170000003
4015000,2387.6629,14391.305,62106.0461,-516023.7332,-437138.71920000005,-453917.68710000004
4016000,2384.4295,14311.4673,62053.3811,-516091.2268,-437341.9489,-454037.8457
4017000,2374.4111,14322.8706,62006.269,-516362.476,-437658.9253,-454356.20700000005
4018000,2402.5994,14254.3304,62204.7888,-516464.0623,-437602.34369999997,-454259.2735
4019000,2313.9597,14318.7004,62477.5633,-516900.5388,-437790.31539999996,-454422.9755
4020000,2376.11,14406.9141,61977.1078,-516891.7718,-438131.6399,-454914.664
4021000,2382.3748,14302.8454,62142.3903,-515864.8112,-437037.2007,-453722.4209
4022000,2356.2208,14240.4775,62412.1313,-516709.3268,-437700.4972,-454297.1955
4023000,2385.6593,14339.3442,62168.8993,-516709.3482,-437815.4454,-454540.4489
4024000,2377.4946,14397.0905,62367.8858,-516966.1397,-437823.6688,-454598.2539
4025000,2394.4496,14403.3706,62373.2078,-516905.0974,-437734.06940000004,-454531.88960000005
4026000,2418.578,14247.6622,62017.9091,-516880.6799,-438196.5306,-454862.7708
4027000,2374.2817,14372.0244,62458.3888,-516954.7772,-437750.0823,-454496.3884
4028000,2377.6798,14366.2925,61578.3745,-516508.0919,-438185.7451,-454929.7174
4029000,2402.0381,14278.0282,61628.129,-515567.4101,-437259.21479999996,-453939.28109999996
4030000,2351.5269,14349.7483,61729.8577,-516089.8049,-437658.672,-454359.9472
4031000,2400.5216,14281.2286,61627.0028,-515640.9434,-437332.19039999996,-454013.9406
4032000,2390.7418,14245.3256,62707.2264,-516826.3029,-437483.0091,-454119.0765
4033000,2358.2918,14232.4751,61809.3211,-516239.5679,-437839.47990000003,-454430.2468
4034000,2381.2903,14374.7918,62451.6533,-517106.6392,-437898.9038,-454654.98589999997
4035000,2330.8086,14318.1919,62277.2344,-516764.7288,-437838.4939,-454487.49439999997
4036000,2332.257,14278.2662,62354.6914,-516876.9584,-437911.7438,-454522.267
4037000,2387.3295,14389.4525,62485.6815,-516439.0286,-437176.5651,-453953.3471
4038000,2369.7697,14310.9937,62356.7945,-517046.9009,-438009.343,-454690.1064
4039000,2397.6467,14344.5087,61894.3212,-516350.7256,-437714.249,-454456.4044
4040000,2412.5318,14394.2705,61935.8691,-516309.0838,-437566.41240000003,-454373.2147
4041000,2374.9725,14319.7004,62231.644,-516569.504,-437643.1871,-454337.86
4042000,2381.5485,14348.5888,61639.3359,-515085.0371,-436715.5639,-453445.7012
4043000,2391.4267,14236.47,61629.5995,-515921.8218,-437664.3256,-454292.22229999996
4044000,2370.9289,14342.9428,61900.6219,-516639.4653,-438024.9717,-454738.8434
4045000,2369.3191,14303.4789,61836.5854,-516684.8198,-438175.4364,-454848.2344
4046000,2356.8191,14288.5094,62338.2013,-516707.3553,-437723.8255,-454369.154
4047000,2379.4452,14319.2145,61926.7749,-516482.9947,-437857.5601,-454556.21979999996
4048000,2420.3579,14293.9108,61835.1954,-516324.6992,-437775.2351,-454489.50379999995
4049000,2385.8028,14318.9272,62207.5139,-516986.6634,-438074.4195,-454779.1495
4050000,2382.9796,14347.725,62115.9168,-517055.3922,-438208.7708,-454939.4754
4051000,2340.0946,14440.9473,62325.5293,-517324.1587,-438217.5875,-454998.62940000003
4052000,2407.3687,14219.5683,62679.6031,-517732.3618,-438425.82170000003,-455052.7587
4053000,2366.2919,14348.6376,61493.5918,-515677.3206,-437468.79929999996,-454183.7288
4054000,2388.8829,14416.2099,62053.0837,-516122.7296,-437264.5531,-454069.6459
4055000,2388.214,14285.8525,62061.1594,-515754.4775,-437019.25159999996,-453693.3181
4056000,2408.6023,14309.4473,61884.1342,-516006.9605,-437404.7767,-454122.82629999996
4057000,2367.4511,14291.7833,62145.3092,-516075.38,-437270.83640000003,-453930.0708
4058000,2358.108,14332.1501,61816.1878,-515499.5842,-436993.1383,-453683.39639999997
4059000,2380.2894,14331.8148,61852.5573,-516036.9293,-437472.26780000003,-454184.37200000003
4060000,2357.1054,14288.8893,61704.3809,-516434.6615,-438084.2859,-454730.2806
4061000,2421.5563,14450.9897,61850.4921,-515708.84,-436985.8019,-453858.34790000005
4062000,2371.9979,14281.8803,62094.5297,-515883.2492,-437134.84130000003,-453788.7195
4063000,2379.7414,14387.498,62104.7874,-516422.0722,-437550.0454,-454317.2848
4064000,2387.6159,14402.7814,61527.7918,-515370.6126,-437052.4235,-453842.8208
4065000,2393.2312,14442.8342,61788.3059,-515751.6458,-437127.2745,-453963.3399
4066000,2372.2127,14359.9125,62277.5691,-516779.0557,-437769.36140000005,-454501.4866
4067000,2402.8615,14419.8198,62145.6018,-515801.1515,-436832.8684,-453655.5497
4068000,2380.7362,14320.5733,62175.4569,-515818.253,-436941.48660000006,-453642.79610000004
4069000,2373.94,14267.436,61577.3118,-515234.4518,-437015.76399999997,-453657.13999999996
4070000,2398.8416,14345.7908,62475.3852,-517022.842,-437802.82440000004,-454547.4568
4071000,2417.6407,14387.3038,62197.5927,-516842.6088,-437840.0716,-454645.0161
4072000,2353.4493,14404.72,62040.9017,-516419.6836,-437620.6126,-454378.7819
4073000,2389.7611,14387.3891,62065.525,-516084.4945,-437241.8193,-454018.96949999995
4074000,2405.094,14423.2585,62335.5186,-517129.9728,-437966.1017,-454794.4542
4075000,2392.285,14335.3421,62185.6444,-516411.304,-437498.0325,-454225.6596
4076000,2373.295,14430.1517,61994.876,-516301.4185,-437503.0958,-454306.54250000004
4077000,2394.5922,14456.7093,61684.6292,-516331.3379,-437795.4072,-454646.70869999996
4078000,2341.4554,14320.1541,61871.6927,-516345.5368,-437812.23459999997,-454473.8441
4079000,2368.9285,14410.0493,61687.6041,-516299.3846,-437832.8027,-454611.7805
4080000,2433.2679,14326.1056,62788.2931,-516962.2353,-437414.5687,-454173.9422
4081000,2402.9236,14285.8161,61843.553,-516093.0292,-437560.7365,-454249.4762
4082000,2347.1031,14305.286,61826.6838,-516757.4893,-438278.4164,-454930.8055
4083000,2390.5161,14432.5079,61830.0893,-516308.4858,-437655.37250000006,-454478.39650000003
4084000,2389.5143,14375.8326,61806.7456,-516293.9776,-437721.88509999996,-454487.23199999996
4085000,2385.1843,14346.5008,62029.8515,-516425.9525,-437664.4159,-454396.101
4086000,2402.4838,14451.6158,61742.4973,-516249.786,-437653.1891,-454507.28870000003
4087000,2404.1383,14280.9253,61763.8536,-516106.9649,-437658.0477,-454343.1113
4088000,2351.2928,14344.1632,62470.398,-516591.7252,-437425.8712,-454121.3272
4089000,2397.7521,14253.7066,62381.932,-516141.3614,-437107.9707,-453759.4294
4090000,2394.8379,14384.5973,61899.4615,-516278.9648,-437600.06810000003,-454379.50330000004
4091000,2371.6553,14366.1574,61641.1823,-516071.8448,-437692.8498,-454430.66250000003
4092000,2379.0861,14214.8567,62028.849,-516531.37,-437908.5782,-454502.521
4093000,2395.4512,14200.9676,62192.5608,-515811.7662,-437022.7866,-453619.20540000004
4094000,2370.6355,14207.8863,61752.2888,-515406.9259,-437076.11529999995,-453654.6371
4095000,2397.1626,14382.0916,62182.1432,-516493.9172,-437532.5198,-454311.77400000003
4096000,2411.3195,14305.9532,62255.4981,-516915.3149,-437942.5441,-454659.81680000003
4097000,2369.9171,14207.5538,61713.0524,-516010.8424,-437720.3191,-454297.79000000004
4098000,2393.5297,14267.1775,62179.3384,-516138.1004,-437298.0548,-453958.762
4099000,2395.0908,14405.4662,61874.7415,-516030.5434,-437355.24490000005,-454155.8019
4100000,2392.4846,14359.6824,62091.3549,-516382.3104,-437538.7885,-454290.95550000004
4101000,2388.8621,14258.3162,61460.8962,-515570.433,-437462.35850000003,-454109.5368
4102000,2362.0384,14249.758,61816.1799,-516109.4695,-437681.4932,-454293.2896
4103000,2399.3838,14425.8382,62030.2514,-516623.2274,-437767.75399999996,-454592.97599999997
4104000,2381.5058,14310.6976,62433.5058,-516730.7292,-437605.02,-454297.2234
4105000,2411.2772,14328.0888,62201.7618,-515478.9272,-436537.79939999996,-453277.1654
4106000,2375.0352,14362.5968,61146.7818,-514913.0133,-437028.5995,-453766.2315
4107000,2383.6853,14367.529,62605.4073,-517429.5972,-438072.9756,-454824.1899
4108000,2396.2939,14315.7079,62618.4043,-517742.4491,-438412.04300000006,-455124.04480000003
4109000,2341.7444,14260.2011,61690.2149,-516292.0386,-437999.87820000004,-454601.8237
4110000,2415.5472,14469.0717,62018.4701,-516429.1922,-437526.1032,-454410.7221
4111000,2383.2881,14366.5496,62141.2383,-516812.7021,-437921.6261,-454671.4638
4112000,2379.6029,14390.7505,61515.6314,-516128.9687,-437842.9839,-454613.3373
4113000,2404.3989,14347.1658,61924.8342,-516133.18,-437456.7811,-454208.3458
4114000,2386.6933,14386.4359,62212.5736,-516330.2576,-437344.55480000004,-454117.684
4115000,2367.0899,14431.5065,62255.1917,-516473.1651,-437419.377,-454217.97339999996
4116000,2368.0779,14200.0871,61481.906,-515502.4394,-437452.3684,-454020.53339999996
4117000,2358.3341,14182.2691,61804.2146,-516075.6969,-437730.8791,-454271.4823
4118000,2392.8233,14366.5304,62123.0443,-516392.1294,-437509.7314,-454269.08509999997
4119000,2410.8753,14291.179,61979.9724,-516340.212,-437658.1853,-454360.2396
4120000,2341.3596,14302.9707,62005.1149,-516497.6536,-437848.2084,-454492.53870000003
4121000,2383.4908,14336.1561,62089.5181,-516595.7032,-437786.53819999995,-454506.1851
4122000,2373.7187,14316.9462,62115.5282,-516285.5819,-437479.38879999996,-454170.0537
4123000,2376.5939,14446.6772,62288.8221,-516316.8945,-437204.8013,-454028.0724
4124000,2361.2868,14396.7805,62189.4156,-516707.2371,-437759.7542,-454517.8215
4125000,2367.1995,14348.9078,62016.742,-515195.5384,-436462.6891,-453178.7964
4126000,2380.5085,14378.4352,62022.6385,-516617.9986,-437836.4164,-454595.3601
4127000,2399.9904,14372.5305,62289.2014,-516393.4767,-437331.7544,-454104.2753
4128000,2392.6637,14345.9553,61991.3359,-515938.9381,-437208.9832,-453947.6022
4129000,2366.3405,14252.9872,61630.121,-515390.9832,-437141.5345,-453760.86220000003
4130000,2390.6763,14446.7321,62261.4573,-516737.4771,-437638.61140000005,-454476.0198
4131000,2390.7085,14373.1214,61914.6637,-516622.3162,-437943.8226,-454707.6525
4132000,2381.5649,14376.0517,62210.2729,-516514.3978,-437546.5083,-454304.1249
4133000,2369.5962,14281.0164,61972.5366,-516179.8825,-437556.7333,-454207.3459
4134000,2398.7457,14371.2754,62355.8013,-517358.7454,-438232.923,-455002.9441
4135000,2394.3479,14349.1661,62761.8747,-518266.5104,-438761.1217,-455504.63570000004
4136000,2410.1059,14331.6807,61922.0796,-516327.5337,-437663.66750000004,-454405.45410000003
4137000,2367.9489,14322.0974,61864.3779,-516390.2261,-437835.8019,-454525.8482
4138000,2362.9498,14344.4687,61342.7713,-515682.3935,-437632.2037,-454339.6222
4139000,2376.198,14218.8607,62249.0995,-516811.4333,-437967.27509999997,-454562.33379999996
4140000,2368.0936,14281.4146,62331.193,-516604.8647,-437624.16349999997,-454273.67169999995
4141000,2400.0981,14332.6179,62385.3205,-517285.0043,-438166.9678,-454899.6838
4142000,2361.6392,14413.062,62044.8114,-516557.191,-437737.6784,-454512.3796
4143000,2399.7629,14241.4159,62223.8306,-516604.9665,-437739.9571,-454381.1359
4144000,2371.8708,14425.889,62370.8994,-516467.4696,-437298.8104,-454096.5702
4145000,2370.1269,14286.7453,62069.392,-516484.7579,-437758.4937,-454415.36590000003
4146000,2360.3346,14370.9057,62695.354,-517031.1609,-437604.5666,-454335.8069
4147000,2388.6701,14361.502,61841.3241,-515973.1712,-437381.675,-454131.8471
4148000,2375.3684,14364.0773,61917.9663,-516288.1832,-437630.7712,-454370.2169
4149000,2359.1259,14394.5981,62496.1214,-517454.6245,-438204.7791,-454958.5031
4150000,2383.55,14378.7216,62271.8617,-516163.5069,-437129.3736,-453891.64519999997
4151000,2380.7961,14392.221,62196.5079,-516665.6938,-437696.1688,-454469.18590000004
4152000,2364.6546,14353.5356,61642.3169,-515697.906,-437337.39890000003,-454055.58910000004
4153000,2388.3129,14255.2386,62417.1876,-516847.5876,-437786.8485,-454430.4
4154000,2378.5501,14401.1758,62026.2943,-516690.3691,-437884.3489,-454664.0748
4155000,2389.8463,14254.6854,61886.5173,-515755.6028,-437224.5538,-453869.0855
4156000,2357.2191,14470.6816,62009.4595,-516334.4653,-437497.1051,-454325.0058
4157000,2370.4277,14248.4193,62293.4378,-516172.3551,-437260.0703,-453878.9173
4158000,2388.3868,14463.9697,62123.7543,-515812.3391,-436836.22829999996,-453688.58479999995
4159000,2350.7799,14264.5266,62224.6363,-516216.4723,-437376.52950000006,-453991.836
4160000,2368.1576,14305.5743,61402.6561,-515551.0848,-437474.69680000003,-454148.4287
4161000,2366.7983,14258.8713,61878.6483,-516493.0017,-437988.6838,-454614.3534
4162000,2409.6997,14390.6492,61765.5089,-515747.7147,-437181.8569,-453982.2058
4163000,2400.3432,14290.6567,62237.3054,-517003.0554,-438074.7501,-454765.75
4164000,2418.9145,14411.226,61978.8345,-516183.147,-437374.172,-454204.3125
4165000,2362.2367,14389.6853,61876.0388,-516440.3543,-437812.3935,-454564.3155
4166000,2367.95,14365.1777,62220.8692,-516887.0487,-437933.0518,-454666.17949999997
4167000,2352.7802,14382.495,62060.0846,-516429.6795,-437634.3197,-454369.5949
4168000,2398.6965,14281.2509,61982.2708,-516299.0262,-437636.808,-454316.7554
4169000,2377.7102,14321.5336,62258.507,-516656.4248,-437698.674,-454397.9178
4170000,2377.8346,14363.6009,62145.9218,-516921.0863,-438033.72900000005,-454775.1645
4171000,2364.9781,14221.2745,61305.4698,-515599.8879,-437708.1655,-454294.41809999995
4172000,2378.8544,14288.461,62564.7225,-517063.9164,-437831.8785,-454499.19389999995
4173000,2370.367,14327.3032,62350.4807,-516978.5217,-437930.3708,-454628.04099999997
4174000,2359.4365,14394.351,62527.7737,-517328.3392,-438046.778,-454800.56549999997
4175000,2401.4407,14352.8744,61836.0887,-516328.5404,-437738.13659999997,-454492.4517
4176000,2396.9978,14399.2836,62120.994,-516670.1293,-437752.8539,-454549.13529999997
4177000,2402.5798,14439.7941,62089.5568,-517869.8386,-438937.9079,-455780.2818
4178000,2403.2782,14315.2821,61961.3494,-516959.6051,-438279.69539999997,-454998.2557
4179000,2406.4461,14338.9735,62003.508,-516598.6057,-437849.6781,-454595.09770000004
4180000,2387.2826,14321.7214,62472.5402,-517270.2426,-438088.6984,-454797.7024
4181000,2389.8141,14290.7242,61669.2735,-515650.6909,-437300.8791,-453981.4174
4182000,2404.4564,14291.4186,61976.4449,-517052.5347,-438380.2148,-455076.0898
4183000,2386.3126,14239.7669,62329.8668,-517002.516,-438046.5697,-454672.6492
4184000,2359.7446,14387.0476,61917.0309,-516065.374,-437401.55090000003,-454148.3431
4185000,2380.0704,14294.2802,61636.3678,-515844.8813,-437534.1629,-454208.5135
4186000,2368.4491,14317.2035,61918.4949,-516075.4626,-437471.3151,-454156.96770000004
4187000,2402.5952,14404.3691,62490.5472,-517526.3099,-438228.79839999997,-455035.76269999996
4188000,2355.0273,14355.2169,61672.2038,-516067.7717,-437685.32369999995,-454395.56789999997
4189000,2382.3984,14351.7283,62145.4099,-516601.0407,-437721.5041,-454455.63080000004
4190000,2398.2918,14301.8601,61814.7958,-516256.5574,-437741.6097,-454441.76159999997
4191000,2398.231,14342.1088,61577.6555,-515607.4865,-437289.4912,-454029.831
4192000,2383.2458,14339.2769,62052.6863,-515837.0635,-437061.8545,-453784.3772
4193000,2361.8241,14319.6911,61282.2229,-514698.7284,-436734.9903,-453416.5055
4194000,2373.8842,14283.8272,62205.8025,-516810.4654,-437946.95149999997,-454604.6629
4195000,2400.0051,14342.5421,62162.5511,-516589.2994,-437684.2011,-454426.74830000004
4196000,2366.3472,14294.5011,61904.5128,-516231.8489,-437666.4878,-454327.33609999996
4197000,2364.675,14196.064,62081.9923,-515956.9964,-437314.2651,-453875.0041
4198000,2368.9565,14317.0968,62192.3521,-516426.8135,-437548.4081,-454234.4614
4199000,2400.82,14436.8448,61329.4379,-515136.1886,-436969.0859,-453806.7507
4200000,2390.284,14341.1012,62076.2837,-516528.5443,-437720.8754,-454452.26060000004
4201000,2391.6266,14341.1033,61542.1056,-515203.4114,-436928.5759,-453661.3058
4202000,2397.5752,14460.3867,61249.103,-515282.8358,-437175.7709,-454033.7328
4203000,2353.0106,14394.2885,61945.3048,-516439.1724,-437746.5685,-454493.8676
4204000,2408.6629,14325.5531,61911.8264,-516100.6234,-437454.581,-454188.79699999996
4205000,2394.5098,14346.253,62289.7494,-516708.2877,-437677.7755,-454418.5383
4206000,2374.0921,14289.0392,62110.5034,-516080.9879,-437307.3532,-453970.4845
4207000,2393.8363,14200.2702,62308.3402,-516268.359,-437365.91229999997,-453960.0188
4208000,2358.9179,14345.7636,61932.9028,-516215.2838,-437577.6995,-454282.381
4209000,2358.0412,14271.4406,62374.1768,-516784.2542,-437780.5956,-454410.0774
4210000,2374.1106,14372.3866,62028.3946,-516200.9831,-437426.09130000003,-454172.5885
4211000,2382.1161,14372.1591,62505.4673,-516935.5194,-437675.7769,-454430.0521
4212000,2344.2632,14252.0416,62060.6315,-516022.6645,-437365.7282,-453962.033
4213000,2401.8203,14382.1463,62019.1639,-515922.4839,-437119.3534,-453903.32
4214000,2410.6329,14464.7311,61737.1969,-515705.5913,-437093.03039999993,-453968.3944
4215000,2369.6536,14319.1022,62019.8631,-517111.0652,-438402.4463,-455091.2021
4216000,2401.942,14311.9761,62154.1483,-516375.5842,-437507.5178,-454221.4359
4217000,2384.3284,14400.3103,62086.0559,-516720.5255,-437849.8309,-454634.4696
4218000,2393.1471,14327.17,62112.7825,-516100.3244,-437267.22479999997,-453987.54189999995
4219000,2395.8073,14301.5537,62051.3846,-515980.7782,-437232.03260000004,-453929.3936
4220000,2365.6023,14289.095,61735.6624,-515714.2891,-437323.9294,-453978.6267
4221000,2387.8623,14329.9007,62097.5678,-516077.6785,-437262.3477,-453980.11069999996
4222000,2399.9544,14373.4531,62485.5804,-516985.3726,-437726.3847,-454499.7922
4223000,2404.1129,14302.221,62143.5762,-516849.5882,-437999.6781,-454706.012
4224000,2406.4637,14349.3619,62080.3184,-517391.3611,-438555.2171,-455311.0427
4225000,2409.4101,14329.2185,62791.9222,-517367.7356,-437837.18480000005,-454575.8134
4226000,2411.9009,14354.088,62059.8006,-516427.6174,-437601.8279,-454367.8168
4227000,2418.1322,14419.9577,61901.349,-516241.8991,-437502.4602,-454340.5501
4228000,2398.7003,14478.4276,62370.1727,-516554.9291,-437307.6285,-454184.7564
4229000,2376.3128,14343.2433,61964.1261,-515923.3731,-437239.69090000005,-453959.24700000003
4230000,2392.2221,14458.0156,61802.4029,-516354.9138,-437702.2732,-454552.5109
4231000,2391.7019,14259.2629,62017.7883,-516083.4646,-437414.7115,-454065.6763
4232000,2408.1328,14390.6882,61845.3473,-516020.8161,-437376.6478,-454175.4688
4233000,2401.4821,14345.5068,62216.4758,-515879.2187,-436915.754,-453662.7429
4234000,2387.2235,14380.0688,61824.7917,-515357.5788,-436765.4948,-453532.7871
4235000,2415.6674,14375.8447,62200.8678,-516337.1532,-437344.7733,-454136.2854
4236000,2358.86,14255.0904,62049.9707,-516403.5993,-437739.6782,-454353.6286
4237000,2388.047,14336.6609,62462.094,-516307.5231,-437120.7212,-453845.4291
4238000,2347.7748,14258.2787,61422.3687,-515252.5792,-437224.157,-453830.2105
4239000,2376.0415,14291.7283,61777.8011,-515766.2406,-437320.6697,-453988.43950000004
4240000,2396.7906,14313.0172,61670.5804,-515606.6916,-437226.30340000003,-453936.11120000004
4241000,2398.918,14274.9556,61454.2529,-515048.7665,-436920.64,-453594.5136
4242000,2340.2711,14265.3521,62238.9109,-516992.7548,-438148.2207,-454753.8439
4243000,2388.6662,14324.6815,62459.073,-516342.8396,-437170.4189,-453883.76660000003
4244000,2368.6179,14325.476,62188.5017,-516563.8464,-437681.2508,-454375.34469999996
4245000,2371.442,14382.8619,62293.2055,-516590.4661,-437542.95670000004,-454297.26060000004
4246000,2413.6959,14415.3052,62230.5486,-515917.847,-436858.2973,-453687.2984
4247000,2406.2748,14407.8008,62295.6477,-517027.2547,-437917.5314,-454731.60699999996
4248000,2402.2033,14297.9293,61840.9452,-515573.188,-437032.1102,-453732.2428
4249000,2385.3991,14362.1015,62541.0328,-515827.3785,-436538.8451,-453286.3457
4250000,2409.9928,14435.4065,62005.6185,-515721.6317,-436870.6139,-453716.01320000004
4251000,2395.8952,14434.757,61675.8277,-515611.9308,-437105.45089999994,-453936.10309999995
4252000,2346.1804,14410.191,61781.2072,-516294.9111,-437757.3325,-454513.7039
4253000,2387.8441,14359.2213,62357.1591,-516743.2199,-437638.9954,-454386.06080000004
4254000,2364.4343,14323.9588,61997.063,-516615.399,-437929.94289999997,-454618.33599999995
4255000,2384.4651,14424.0888,62278.2186,-516828.9642,-437742.19169999997,-454550.74559999997
4256000,2416.1335,14366.6638,62262.697,-516759.4673,-437713.973,-454496.77030000003
4257000,2401.4177,14493.3227,61777.536,-515901.6409,-437229.3645,-454124.1049
4258000,2346.4639,14381.6769,61899.929,-515826.8464,-437198.7766,-453926.9174
4259000,2386.1797,14353.2648,61976.6176,-516578.2033,-437862.1412,-454601.5857
4260000,2364.6015,14445.7289,61555.6048,-516074.6199,-437708.6847,-454519.01509999996
4261000,2373.5556,14344.1368,61879.4738,-516095.1436,-437497.9774,-454215.66980000003
4262000,2402.7171,14350.5233,62400.4619,-516893.816,-437740.1137,-454493.3541
4263000,2419.231,14340.6302,62381.7184,-517000.8666,-437859.287,-454619.1482
4264000,2385.2861,14358.5271,62059.0655,-516225.2928,-437422.4141,-454166.2273
4265000,2361.3472,14314.2036,61943.4141,-515786.5626,-437167.5977,-453843.1485
4266000,2363.341,14362.0825,62049.3965,-516333.7548,-437558.9348,-454284.35829999996
4267000,2368.0505,14334.925,62602.8506,-517576.2638,-438270.4377,-454973.4132
4268000,2406.0296,14412.5098,62064.964,-516212.9896,-437329.4862,-454148.0256
4269000,2381.2852,14435.3275,61857.3511,-515964.3502,-437290.38639999996,-454106.9991
4270000,2404.9969,14330.1524,61687.734,-515916.4769,-437493.5936,-454228.7429
4271000,2353.9109,14302.8856,61743.8467,-515797.7979,-437397.1547,-454053.9512
4272000,2350.3705,14329.7326,62420.7391,-515682.7482,-436581.90599999996,-453262.00909999997
4273000,2376.2471,14330.869,61255.7917,-514861.4358,-436898.528,-453605.6441
4274000,2339.6878,14293.4642,61900.3416,-516300.1108,-437766.61720000004,-454399.76920000004
4275000,2399.496,14187.7458,62209.1766,-516895.9965,-438099.57810000004,-454686.8199
4276000,2359.5526,14240.0987,61951.8472,-515825.6371,-437274.1386,-453873.7899
4277000,2387.022,14270.5256,61749.9966,-515946.8754,-437539.3312,-454196.8788
4278000,2392.6907,14430.1606,62122.4175,-516539.8825,-437594.6137,-454417.465
4279000,2380.6303,14363.9672,62319.1491,-517063.5357,-437999.7891,-454744.3866
4280000,2402.8949,14315.4762,61951.0726,-516234.1845,-437564.74079999997,-454283.11189999996
4281000,2331.137,14368.6291,61578.6702,-514722.6933,-436444.257,-453144.0231
4282000,2392.1161,14353.2775,61976.5243,-515789.2242,-437067.3063,-453812.6999
4283000,2402.1332,14319.4127,62065.6116,-516414.3254,-437627.1679,-454348.71379999997
4284000,2379.7872,14316.7768,61770.1753,-516164.0694,-437697.33009999996,-454393.8941
4285000,2401.9636,14399.479,62057.8899,-516714.8009,-437855.46839999995,-454656.91099999996
4286000,2371.1354,14402.055,61768.6555,-516149.2365,-437607.3906,-454380.581
4287000,2372.4768,14361.0303,61943.173,-516171.8878,-437495.2077,-454228.7148
4288000,2383.5007,14251.985,61827.9127,-515562.1006,-437098.7022,-453734.1879
4289000,2386.6763,14333.069,61914.7112,-516610.4274,-437975.97089999996,-454695.71619999997
4290000,2396.3553,14357.0812,62414.0277,-516818.1753,-437650.7111,-454404.1476
4291000,2388.4451,14259.366,62070.0606,-516417.7971,-437699.92540000007,-454347.7365
4292000,2365.9468,14377.0915,61811.8997,-516132.5277,-437577.5897,-454320.62799999997
4293000,2402.7604,14399.3286,62100.2117,-516278.3174,-437376.01670000004,-454178.1057
4294000,2408.9632,14404.4194,61876.9088,-516520.8432,-437830.5518,-454643.9344
4295000,2370.5287,14372.6483,62079.2815,-516686.8483,-437864.3898,-454607.56680000003
4296000,2381.2484,14339.7045,61745.9648,-515902.0311,-437435.11340000003,-454156.0663
4297000,2359.1116,14314.0454,61683.0193,-515963.8731,-437607.69680000003,-454280.85380000004
4298000,2404.7643,14430.0975,62142.185,-516450.1606,-437473.1138,-454307.9756
4299000,2345.9999,14272.4485,62169.9646,-516212.6298,-437424.2168,-454042.6652
4300000,2348.6606,14277.8769,61889.9204,-516440.0976,-437923.63969999994,-454550.1772
4301000,2383.6255,14393.5326,61129.8821,-515249.1643,-437342.1241,-454119.2822
4302000,2363.5313,14419.9007,61709.9072,-515762.0929,-437268.7537,-454052.1857
4303000,2390.8603,14357.6743,61762.673,-515944.3776,-437433.17000000004,-454181.7046
4304000,2362.6797,14265.3878,61572.0122,-515539.577,-437339.4973,-453967.5648
4305000,2398.4007,14273.3092,61716.3959,-516381.7483,-437993.64249999996,-454665.3524
4306000,2361.3151,14362.4072,61695.0819,-516203.5432,-437784.739,-454508.4613
4307000,2371.7909,14445.8942,61479.1885,-515800.4586,-437503.585,-454321.2701
4308000,2359.655,14321.9569,61792.4421,-516071.0265,-437596.9725,-454278.5844
4309000,2392.3718,14409.5078,61708.9469,-515387.0535,-436876.22699999996,-453678.1066
4310000,2413.2362,14393.4481,62282.66,-516966.7434,-437877.3991,-454684.0834
4311000,2378.435,14274.835,61984.2009,-516037.4558,-437399.9849,-454053.2549
4312000,2358.1888,14239.2034,61823.3631,-514883.0051,-436462.2498,-453059.642
4313000,2441.1034,14426.1329,62015.8978,-516288.789,-437405.65489999996,-454272.8912
4314000,2381.2182,14406.403,62431.125,-516495.2484,-437276.5022,-454064.1234
4315000,2352.9818,14344.0544,62091.9744,-516578.6238,-437789.6132,-454486.6494
4316000,2378.5357,14458.1146,62656.7868,-517237.6186,-437744.18149999995,-454580.8318
4317000,2384.3364,14413.2748,62208.8692,-516027.5123,-437021.0319,-453818.6431
4318000,2348.622,14354.8461,62140.3392,-516369.8773,-437526.07,-454229.5381
4319000,2355.799,14394.7856,61772.7633,-516215.9691,-437692.6212,-454443.2058
4320000,2356.7057,14319.3376,61553.1661,-516460.6108,-438231.40140000003,-454907.4447
4321000,2364.2079,14368.3695,62212.6548,-516410.5542,-437465.32200000004,-454197.8994
4322000,2406.8863,14330.3099,61903.0673,-515596.9396,-436956.6761,-453693.8723
4323000,2370.9506,14345.1061,62142.3286,-516250.859,-437392.4737,-454108.5304
4324000,2375.6509,14426.654,62200.3689,-516666.2634,-437663.5896,-454465.8945
4325000,2355.8419,14419.9811,61923.8275,-516277.4112,-437577.7607,-454353.58369999996
4326000,2402.6679,14414.3576,61499.7333,-515766.9622,-437450.2034,-454267.2289
4327000,2395.6694,14457.4686,61971.7565,-516356.7849,-437531.89040000003,-454385.0284
4328000,2405.5249,14342.9151,61955.4403,-516076.733,-437372.8527,-454121.2927
4329000,2382.4474,14402.9093,61935.2285,-515952.8617,-437232.27650000004,-454017.63320000004
4330000,2358.4524,14393.6644,62327.7124,-517160.9647,-438081.13550000003,-454833.2523
4331000,2418.9702,14455.4679,61912.282,-516165.129,-437378.40890000004,-454252.847
4332000,2379.3677,14448.1471,62127.3571,-516121.075,-437166.20310000004,-453993.7179
4333000,2360.7413,14315.6825,61792.467,-515696.7687,-437227.8779,-453904.3017
4334000,2336.7531,14357.8901,61970.646,-516087.7297,-437422.4405,-454117.0837
4335000,2376.1437,14313.1315,61638.1794,-516058.913,-437731.4584,-454420.7336
4336000,2375.5186,14389.8076,61917.1475,-516420.5331,-437738.0594,-454503.3856
4337000,2364.1913,14403.4775,62455.2828,-517284.3555,-438061.40390000003,-454829.0727
4338000,2395.8679,14376.2362,62129.6504,-516212.4281,-437310.67360000004,-454082.77770000004
4339000,2358.066,14392.1997,62008.7673,-515433.2161,-436674.1831,-453424.4488
4340000,2400.1473,14398.8232,61826.1336,-515672.9188,-437047.8147,-453846.7852
4341000,2363.2317,14323.1468,62563.1566,-516913.625,-437664.0899,-454350.4684
4342000,2402.0726,14509.1619,62158.3474,-516606.5189,-437536.93700000003,-454448.17150000005
4343000,2384.1782,14383.3437,62318.4521,-516874.9492,-437788.9752,-454556.4971
4344000,2374.6984,14378.3957,62690.5937,-517225.9806,-437782.2928,-454535.38690000004
4345000,2392.5096,14364.3705,62258.517,-517018.0519,-438002.6548,-454759.5349
4346000,2393.2799,14425.0732,62296.1035,-516721.2889,-437606.8323,-454425.18539999996
4347000,2378.8592,14449.5508,62116.7925,-516972.5565,-438027.354,-454855.764
4348000,2374.3941,14342.132,61689.6915,-515891.2146,-437484.997,-454201.5231
4349000,2344.8375,14273.9598,61904.0384,-516247.8032,-437724.9675,-454343.7648
4350000,2366.3643,14404.8543,62358.4181,-516842.7155,-437713.0788,-454484.2974
4351000,2363.5163,14342.5577,61972.5165,-516489.7561,-437811.1656,-454517.2396
4352000,2363.51,14252.0569,62358.8981,-516926.309,-437951.84400000004,-454567.4109
4353000,2377.5004,14447.66,62356.0489,-516529.0651,-437347.8558,-454173.0162
4354000,2387.502,14403.6908,62145.2499,-516502.9451,-437566.5024,-454357.6952
4355000,2391.6406,14397.2055,62081.0463,-516344.6696,-437474.7772,-454263.62330000004
4356000,2374.8777,14458.7204,61888.639,-515948.016,-437225.77890000003,-454059.377
4357000,2364.0222,14462.1326,61974.8478,-516652.6062,-437851.6036,-454677.7584
4358000,2373.4503,14312.9572,62319.8931,-516712.9189,-437706.6183,-454393.0258
4359000,2383.2103,14343.9094,61696.9902,-515742.7464,-437318.6365,-454045.7562
4360000,2405.8768,14353.4897,62309.6607,-516474.4533,-437405.4261,-454164.7926
4361000,2349.3454,14431.4997,61723.2143,-516157.1495,-437653.09010000003,-454433.9352
4362000,2395.9176,14310.0781,62214.9613,-516792.4545,-437871.4975,-454577.49319999997
4363000,2379.6041,14365.8234,62140.2987,-516850.4092,-437964.68299999996,-454710.1105
4364000,2408.6451,14472.6769,62013.8394,-516444.0616,-437548.90020000003,-454430.2222
4365000,2388.5295,14401.2193,62094.202,-516287.6253,-437403.6745,-454193.4233
4366000,2422.0681,14430.2053,61523.6588,-515631.3789,-437255.44670000003,-454107.72010000004
4367000,2363.1682,14447.6444,61457.8433,-515119.6046,-436850.9487,-453661.7613
4368000,2392.4475,14298.9526,61966.566,-516527.4851,-437869.519,-454560.9191
4369000,2379.5474,14503.1894,62053.338,-515730.0671,-436793.9923,-453676.7291
4370000,2375.9198,14351.6655,61723.2049,-516043.2153,-437592.4251,-454320.01039999997
4371000,2400.396,14440.638,61883.0176,-516917.2202,-438193.1686,-455034.20259999996
4372000,2354.0546,14250.6285,62094.6552,-516360.5723,-437661.234,-454265.9171
4373000,2394.3958,14357.034,62174.7007,-516882.2179,-437956.08739999996,-454707.5172
4374000,2368.5831,14404.672,62401.908,-516466.7697,-437291.6066,-454064.8617
4375000,2368.3904,14394.8621,61390.4452,-515701.8471,-437548.1494,-454311.4019
4376000,2377.6176,14325.6754,62026.333,-516917.7466,-438188.1206,-454891.4136
4377000,2364.1608,14400.3313,62367.0033,-516822.1869,-437690.69149999996,-454455.1836
4378000,2412.7022,14362.7009,61852.7621,-515755.2806,-437127.1154,-453902.5185
4379000,2372.8607,14323.6241,61311.2898,-515479.6503,-437471.8757,-454168.36049999995
4380000,2424.9021,14462.3939,62152.0702,-516768.602,-437729.2358,-454616.5318
4381000,2387.1901,14395.8522,61353.4016,-515533.5939,-437397.14999999997,-454180.1923
4382000,2404.4586,14316.8899,61902.2681,-516304.8444,-437681.2278,-454402.5763
4383000,2372.2971,14372.6794,62104.411,-516608.3215,-437758.934,-454503.9105
4384000,2413.6136,14392.4258,61956.7726,-515948.6756,-437185.86360000004,-453991.90300000005
4385000,2400.6686,14451.8744,61945.3401,-515770.3765,-436972.49340000004,-453825.0364
4386000,2413.3237,14456.4996,62139.0382,-516846.0761,-437837.2146,-454707.0379
4387000,2385.6552,14420.9353,61997.5093,-516782.2162,-437978.11640000006,-454784.70690000005
4388000,2382.8498,14392.6019,61884.5933,-516006.1807,-437346.13570000004,-454121.5874
4389000,2374.4457,14331.7738,62091.0081,-516616.538,-437819.3104,-454525.5299
4390000,2398.3019,14371.6612,62398.7574,-516799.3223,-437630.6018,-454400.5649
4391000,2375.8506,14440.5513,62104.2102,-516734.5982,-437813.9861,-454630.38800000004
4392000,2384.5522,14352.6256,61791.7417,-516378.3641,-437849.44460000005,-454586.6224
4393000,2392.1282,14330.8149,61986.018,-516616.7,-437907.7389,-454630.68200000003
4394000,2376.0812,14323.7794,61425.3804,-515470.688,-437345.44700000004,-454045.3076
4395000,2416.0994,14352.3863,61918.1524,-516129.4292,-437442.79110000003,-454211.2768
4396000,2420.2858,14403.9388,62340.1968,-516407.974,-437243.5526,-454067.7772
4397000,2388.4569,14364.6628,61961.7908,-517254.4994,-438539.5889,-455292.70859999995
4398000,2371.891,14443.5825,61858.8469,-515960.9902,-437286.66980000003,-454102.1433
4399000,2388.1213,14372.8245,61590.0005,-516003.251,-437652.3047,-454413.25049999997
4400000,2374.4242,14474.3928,61757.4786,-515965.7561,-437359.4605,-454208.27749999997
4401000,2373.0527,14378.0436,61995.0574,-516509.4218,-437763.2681,-454514.3644
4402000,2356.3255,14428.3573,62070.486,-516339.3703,-437484.2015,-454268.88430000003
4403000,2403.0544,14305.3091,62021.6992,-516293.3412,-437563.2785,-454271.642
4404000,2368.7083,14362.6374,61549.65,-515706.4,-437425.40430000005,-454156.75
4405000,2408.1453,14489.7794,61829.5252,-516589.3926,-437861.9427,-454759.86740000005
4406000,2375.8647,14423.2834,61761.9463,-517035.5281,-438474.4337,-455273.5818
4407000,2403.2188,14357.0594,61907.1346,-516906.2069,-438238.7941,-454999.0723
4408000,2400.0362,14494.0776,62463.573,-517017.7926,-437660.1058,-454554.2196
4409000,2417.6564,14382.0084,61881.7246,-516454.583,-437773.1936,-454572.85839999997
4410000,2398.1633,14362.9218,61836.7817,-515905.1207,-437307.2539,-454068.33900000004
4411000,2392.563,14365.4491,62569.0955,-517119.876,-437792.7684,-454550.7805
4412000,2379.0504,14330.8805,62038.6717,-516727.4798,-437978.8772,-454688.80809999997
4413000,2336.9151,14461.0491,62562.4777,-517491.4477,-438131.00580000004,-454928.97000000003
4414000,2377.4523,14464.9983,62247.7586,-516862.2316,-437772.0224,-454614.473
4415000,2355.3909,14295.1357,62376.8681,-517433.8831,-438406.4884,-455057.01499999996
4416000,2393.4414,14402.5042,61159.3264,-515744.0723,-437788.8003,-454584.7459
4417000,2381.9148,14443.6386,62092.0686,-516843.6364,-437926.0144,-454751.5678
4418000,2372.1892,14377.9627,62145.6972,-516559.3765,-437663.5274,-454413.6793
4419000,2343.1668,14402.7152,62229.1954,-516845.5817,-437870.5043,-454616.3863
4420000,2399.4746,14331.9728,62108.4034,-517162.8351,-438322.9843,-455054.4317
4421000,2398.7158,14372.0102,62401.9076,-517221.4449,-438048.8113,-454819.5373
4422000,2385.4507,14385.4331,61967.9119,-516394.394,-437655.59829999995,-454426.48209999996
4423000,2371.7899,14392.985,62238.9526,-516632.4535,-437628.726,-454393.5009
4424000,2378.4023,14396.4343,61834.7304,-515728.7072,-437119.1402,-453893.9768
4425000,2375.0047,14332.1961,61840.0563,-515914.4409,-437367.1838,-454074.3846
4426000,2390.3493,14418.3611,61886.1809,-516055.0808,-437360.1895,-454168.8999
4427000,2389.5218,14358.9906,61763.5439,-515940.7645,-437428.7082,-454177.2206
4428000,2393.6219,14353.841,62377.0085,-517477.5627,-438353.0913,-455100.5542
4429000,2355.1971,14392.2742,62277.2372,-516568.2643,-437543.5558,-454291.02709999995
4430000,2371.6467,14362.4526,62575.2329,-517669.1967,-438359.86449999997,-455093.96379999997
4431000,2370.7412,14276.3155,62283.2748,-516481.432,-437551.10049999994,-454198.15719999996
4432000,2355.2117,14315.6144,63049.9426,-517977.436,-438256.6673,-454927.4934
4433000,2397.7004,14381.6595,61898.3589,-515974.619,-437296.90020000003,-454076.2601
4434000,2388.5694,14449.7038,61477.048,-515560.1777,-437244.8565,-454083.1297
4435000,2388.8804,14361.0949,62143.1257,-516376.2057,-437483.1047,-454233.08
4436000,2367.9933,14423.8968,62257.1573,-516582.3316,-437533.2842,-454325.17429999996
4437000,2391.0906,14319.2037,61750.3458,-516410.8267,-437950.18659999996,-454660.48089999997
4438000,2392.0674,14437.7677,62179.1888,-516685.8334,-437676.8095,-454506.6446
4439000,2398.654,14409.5356,62006.7533,-516430.8027,-437615.8598,-454424.0494
4440000,2375.31,14340.8973,61917.8344,-515883.8957,-437249.854,-453966.0613
4441000,2400.0442,14390.2324,62233.763,-516639.3753,-437615.3357,-454405.61230000004
4442000,2391.7607,14444.31,61705.2171,-516036.2697,-437494.9819,-454331.0526
4443000,2375.8154,14482.1465,61368.6152,-515738.9073,-437512.3302,-454370.2921
4444000,2378.2375,14387.8302,62498.4409,-517310.0193,-438045.5107,-454811.5784
4445000,2391.7149,14433.2957,62142.013,-516681.0836,-437714.06,-454539.07060000004
4446000,2420.1802,14433.1206,61880.7403,-516555.9772,-437821.93610000005,-454675.2369
4447000,2386.2181,14433.3949,61494.5002,-516053.5311,-437739.4179,-454559.0309
4448000,2371.8373,14259.763,61795.6274,-516282.216,-437854.9883,-454486.5886
4449000,2396.4047,14450.4673,61681.3137,-515942.7841,-437414.5984,-454261.4704
4450000,2363.0254,14343.9238,62274.3883,-516980.9847,-437999.6472,-454706.5964
4451000,2359.9841,14376.4616,61575.418,-515987.6946,-437675.8309,-454412.2766
4452000,2391.6204,14338.4803,61692.4355,-515807.6617,-437385.12549999997,-454115.2262
4453000,2364.6754,14320.0567,62063.2771,-516872.4311,-438124.42189999996,-454809.154
4454000,2421.2946,14385.7056,62276.5062,-516578.8629,-437495.3565,-454302.3567
4455000,2369.7245,14313.9142,61645.061,-516011.2141,-437682.5144,-454366.1531
4456000,2379.8792,14352.3115,62425.5523,-516573.2351,-437415.4921,-454147.6828
4457000,2375.0684,14329.1276,61245.854,-515253.945,-437303.895,-454008.091
4458000,2373.9172,14355.6869,62198.0037,-516571.0383,-437643.4305,-454373.0346
4459000,2336.8081,14286.0769,62387.6304,-516770.4678,-437759.95239999995,-454382.83739999996
4460000,2357.1987,14383.1212,61947.8991,-516554.8779,-437866.65890000004,-454606.97880000004
4461000,2353.1159,14217.532,62460.1181,-517242.7024,-438211.9364,-454782.5843
4462000,2373.3552,14266.2767,62255.9439,-517348.6224,-438453.0466,-455092.6785
4463000,2399.5189,14356.6975,61780.6248,-516597.3278,-438060.48660000006,-454816.70300000004
4464000,2392.3624,14432.2689,62041.0289,-516919.2506,-438053.59040000004,-454878.22170000005
4465000,2378.7348,14489.1208,61759.5285,-515943.9704,-437316.58629999997,-454184.4419
4466000,2406.7104,14333.3393,61672.3755,-515765.3596,-437352.9344,-454092.9841
4467000,2396.6742,14391.4117,62458.6066,-516432.5207,-437185.8282,-453973.9141
4468000,2359.7116,14275.2786,61832.7263,-515960.4295,-437492.713,-454127.70320000005
4469000,2359.6441,14326.2028,62488.5233,-516652.733,-437478.3628,-454164.2097
4470000,2342.3136,14337.4085,61454.0581,-515773.5035,-437639.72329999995,-454319.44539999997
4471000,2372.0031,14368.8273,61827.5755,-515759.0257,-437190.6198,-453931.4502
4472000,2347.1504,14378.214,61761.2738,-515961.2318,-437474.5936,-454199.958
4473000,2375.8419,14363.6103,61636.047,-516414.893,-438039.39379999996,-454778.84599999996
4474000,2373.8639,14277.3324,62332.829,-517058.4346,-438074.4093,-454725.6056
4475000,2399.7193,14310.6539,61716.6875,-515493.5659,-437066.5052,-453776.8784
4476000,2392.0886,14299.3347,62385.3488,-517486.3583,-438409.5862,-455101.00950000004
4477000,2369.0567,14324.8069,61958.6395,-516203.4042,-437550.9011,-454244.7647
4478000,2353.2965,14291.6831,61922.8581,-515951.001,-437383.1633,-454028.1429
4479000,2397.6812,14380.458,61758.6233,-515782.7702,-437246.0077,-454024.14690000005
4480000,2421.9781,14446.6913,61419.1959,-514971.2053,-436683.33999999997,-453552.0094
4481000,2374.3696,14397.5426,61928.3015,-515794.4889,-437094.27520000003,-453866.1874
4482000,2393.4879,14367.7276,62041.1654,-516525.2655,-437722.8846,-454484.1001
4483000,2354.1898,14242.3367,62099.658,-516582.3413,-437886.1568,-454482.6833
4484000,2391.5351,14284.6405,61700.6415,-516024.1843,-437647.36720000004,-454323.54280000005
4485000,2402.9935,14298.1664,62015.1349,-515814.0439,-437097.7491,-453798.909
4486000,2413.7426,14347.0261,61827.9608,-516150.5948,-437561.8653,-454322.634
4487000,2377.5115,14319.9969,61909.1538,-516363.2095,-437756.5473,-454454.0557
4488000,2397.6817,14271.788,62017.9673,-516443.6101,-437756.1731,-454425.6428
4489000,2376.4009,14267.7521,61979.9368,-516582.1584,-437958.0686,-454602.2216
4490000,2377.0902,14445.3985,61921.3949,-516375.504,-437631.6204,-454454.1091
4491000,2384.0604,14248.4257,61986.818,-516022.9061,-437403.602,-454036.08810000005
4492000,2410.7098,14401.0104,61489.6407,-516107.4469,-437806.086,-454617.8062
4493000,2402.4384,14418.0768,62112.006,-516158.3098,-437225.78859999997,-454046.3038
4494000,2394.0469,14434.2541,61648.4717,-516072.721,-437595.94830000005,-454424.2493
4495000,2374.7161,14301.7878,62211.2359,-516824.5458,-437936.80600000004,-454613.3099
4496000,2398.0209,14460.9598,61873.4285,-516725.4003,-437992.9911,-454851.9718
4497000,2424.7108,14350.213,62440.6131,-517022.9697,-437807.4328,-454582.3566
4498000,2378.6554,14495.793,61565.9849,-515700.0079,-437259.57460000005,-454134.02300000004
4499000,2374.7086,14280.6435,61643.9174,-515502.6029,-437203.3334,-453858.6855
4500000,2402.1265,14319.3338,62245.3095,-516458.3826,-437491.6128,-454213.07310000004
4501000,2393.5565,14413.7036,62521.8435,-516889.0615,-437559.95790000004,-454367.218
4502000,2371.3648,14417.7909,61952.3261,-516576.5417,-437835.0599,-454624.2156
4503000,2365.5956,14422.7418,61703.2663,-516210.6002,-437718.9965,-454507.33389999997
4504000,2407.5228,14416.6641,61949.7148,-516432.7582,-437658.8565,-454483.04339999997
4505000,2347.2834,14463.0904,62494.2061,-518003.1964,-438698.6165,-455508.9903
4506000,2389.2434,14452.0541,61146.8971,-515307.1728,-437318.9782,-454160.2757
4507000,2391.0491,14485.4615,62012.4892,-515814.9142,-436925.9144,-453802.425
4508000,2359.5347,14325.6763,62408.4375,-516838.6462,-437744.9977,-454430.2087
4509000,2388.9866,14338.4096,62301.0339,-516633.5664,-437605.1363,-454332.53250000003
4510000,2387.0577,14382.2085,62151.7723,-516227.6547,-437306.61620000005,-454075.8824
4511000,2402.2375,14331.6503,61748.7044,-515771.1659,-437288.5737,-454022.46150000003
4512000,2382.6594,14352.7492,61951.8149,-516283.3885,-437596.16500000004,-454331.5736
4513000,2402.909,14424.4857,61821.2439,-516236.4523,-437587.8137,-454415.2084
4514000,2394.1428,14405.6286,62125.7342,-515943.6549,-437018.14930000005,-453817.9207
4515000,2383.5021,14375.6468,62136.4645,-516678.0207,-437782.40729999996,-454541.5562
4516000,2381.5547,14310.4389,62142.1332,-516542.9205,-437708.79370000004,-454400.7873
4517000,2366.0113,14318.9822,62138.3488,-516470.3659,-437647.02359999996,-454332.0171
4518000,2393.0125,14498.7988,62365.8686,-517442.1434,-438184.4635,-455076.2748
4519000,2409.8349,14382.8946,61935.7362,-516154.0068,-437425.5411,-454218.2706
4520000,2376.7161,14383.6525,61984.1613,-516352.433,-437607.9031,-454368.27170000004
4521000,2403.1678,14431.947,61836.7423,-516194.6951,-437522.838,-454357.9528
4522000,2401.892,14402.778,62155.7152,-517034.0884,-438073.7032,-454878.37320000003
4523000,2408.4345,14424.6165,61484.9365,-515087.3218,-436769.3343,-453602.38529999997
4524000,2368.3183,14294.1832,61571.3464,-515709.9258,-437476.07790000003,-454138.57940000005
4525000,2367.4845,14337.2001,61830.8503,-515873.7682,-437338.23329999996,-454042.9179
4526000,2362.7923,14348.1081,62178.999,-516440.5534,-437550.654,-454261.55439999996
4527000,2376.7153,14350.7837,61822.24,-515970.7339,-437420.9949,-454148.4939
4528000,2422.2202,14367.816,62066.1297,-516385.644,-437529.47809999995,-454319.5143
4529000,2400.6793,14429.4874,62591.0409,-517030.0798,-437608.8722,-454439.0389
4530000,2401.8559,14360.2068,61783.039,-516042.8221,-437497.7204,-454259.7831
4531000,2367.7571,14355.7839,62234.5455,-516280.7221,-437322.63560000004,-454046.1766
4532000,2399.8364,14440.7167,61841.1367,-516167.4341,-437485.7443,-454326.29740000004
4533000,2378.3536,14411.6506,61725.1225,-516126.4772,-437611.35050000006,-454401.3547
4534000,2390.6207,14353.1458,61315.1601,-514872.2856,-436813.359,-453557.1255
4535000,2376.4428,14355.8224,62054.4437,-516575.9613,-437789.2524,-454521.5176
4536000,2369.5636,14360.3397,61931.2991,-516206.8859,-437545.6835,-454275.5868
4537000,2388.4523,14348.4316,62157.2449,-516510.4107,-437616.2819,-454353.1658
4538000,2366.2841,14315.833,61742.7777,-516050.3912,-437625.4964,-454307.61350000004
4539000,2402.6611,14381.1987,62265.2803,-516448.9982,-437399.85809999995,-454183.7179
4540000,2398.4842,14420.9129,61789.263,-515727.3951,-437118.73500000004,-453938.13210000005
4541000,2391.2144,14341.9894,61921.6359,-516105.036,-437450.1963,-454183.4001
4542000,2380.5213,14384.3987,61628.7891,-515269.9596,-436876.25049999997,-453641.1705
4543000,2402.3381,14444.9638,61532.5134,-515318.3172,-436938.5019,-453785.8038
4544000,2411.3676,14384.1787,61692.8854,-516325.2657,-437836.834,-454632.38029999996
4545000,2389.7552,14437.5041,61839.3097,-516074.5372,-437407.9682,-454235.22750000004
4546000,2383.6905,14280.5658,61988.2105,-516708.2785,-438055.8117,-454720.068
4547000,2422.2184,14415.2009,61657.3539,-516156.8197,-437662.0465,-454499.4658
4548000,2394.7789,14382.2928,62229.4521,-516645.2635,-437638.73970000003,-454415.8114
4549000,2408.1443,14310.2631,61821.0477,-516038.298,-437498.8429,-454217.2503
4550000,2393.2195,14391.1387,61875.9277,-516720.4797,-438060.1938,-454844.552
4551000,2389.0662,14443.6189,62222.8145,-516577.58,-437522.08040000004,-454354.76550000004
4552000,2381.5362,14404.4258,62369.3795,-517138.0474,-437982.70589999994,-454768.6679
4553000,2372.8151,14346.2285,61946.3393,-516249.6234,-437584.24049999996,-454303.2841
4554000,2401.2119,14434.9536,61741.2946,-515549.1507,-436971.6906,-453807.8561
4555000,2430.9187,14346.99,61602.7135,-515583.4637,-437202.84150000004,-453980.7502
4556000,2366.4681,14420.9165,61818.3718,-516216.7782,-437611.0218,-454398.4064
4557000,2386.211,14270.7608,61779.9555,-516163.6051,-437726.6778,-454383.6496
4558000,2396.3129,14278.423,62422.2625,-516546.9012,-437449.90280000004,-454124.6387
4559000,2399.9397,14356.8511,62065.498,-516469.6065,-437647.3177,-454404.1085
4560000,2387.6404,14357.9625,61916.7901,-516305.3759,-437642.9829,-454388.5858
4561000,2355.4712,14364.132,61914.6562,-516394.6445,-437760.3851,-454479.98829999997
4562000,2415.9007,14250.8287,61877.5539,-515968.6572,-437424.3739,-454091.1033
4563000,2415.8192,14338.282,61791.9837,-515389.7333,-436843.64840000006,-453597.74960000004
4564000,2346.3569,14349.9305,62023.6374,-515841.5999,-437121.6751,-453817.96249999997
4565000,2391.5347,14428.1441,62511.218,-516926.8899,-437595.9931,-454415.6719
4566000,2370.8343,14308.3233,62147.2755,-516756.7109,-437930.27780000004,-454609.4354
4567000,2358.0917,14396.2264,62213.6347,-517197.7085,-438229.7557,-454984.0738
4568000,2366.8876,14363.2015,62207.8998,-516382.4365,-437444.4476,-454174.5367
4569000,2380.119,14326.9953,62060.821,-516163.4831,-437395.5478,-454102.6621
4570000,2401.2734,14298.7677,61912.4735,-516048.6647,-437436.1501,-454136.1912
4571000,2347.205,14386.0517,62214.9754,-516676.0277,-437727.79559999995,-454461.0523
4572000,2360.38,14330.815,61859.1527,-515213.1798,-436662.8321,-453354.0271
4573000,2374.6015,14351.2389,61752.2525,-516334.3776,-437856.2847,-454582.1251
4574000,2376.7952,14394.4355,62284.7912,-517111.2283,-438055.2064,-454826.43710000004
4575000,2356.2069,14285.7342,62276.7486,-516813.3489,-437894.6592,-454536.6003
4576000,2385.389,14265.1812,62282.0326,-516156.6164,-437224.0136,-453874.5838
4577000,2400.1178,14450.6404,61749.4292,-516962.2027,-438362.0153,-455212.7735
4578000,2398.2611,14379.7843,62578.3162,-517810.2314,-438453.8698,-455231.9152
4579000,2355.1187,14339.0596,61921.1454,-516686.3004,-438070.9767,-454765.155
4580000,2395.8233,14466.4516,62372.599,-517765.968,-438531.0941,-455393.369
4581000,2385.1354,14361.5965,61690.8641,-516441.8505,-438004.25450000004,-454750.9864
4582000,2328.7689,14325.165,61721.9653,-515419.0519,-437043.15270000004,-453697.08660000004
4583000,2376.2308,14213.304,62036.0139,-516483.3483,-437857.7996,-454447.3344
4584000,2398.1828,14406.1022,62791.4759,-517763.6146,-438167.8537,-454972.13869999995
4585000,2392.4693,14348.7405,62030.3239,-516996.7754,-438225.2417,-454966.45149999997
4586000,2369.8097,14384.2901,62246.6314,-516544.4521,-437543.7209,-454297.8207
4587000,2392.7495,14360.7782,61849.5607,-516434.4763,-437831.3879,-454584.91559999995
4588000,2396.5785,14392.905,61750.4858,-516058.4132,-437518.4439,-454307.9274
4589000,2396.1415,14356.34,61921.7175,-516217.4544,-437543.2554,-454295.7369
4590000,2410.039,14307.2214,61828.8896,-516089.7476,-437543.5976,-454260.858
4591000,2383.1972,14334.5209,62082.0439,-516436.9719,-437637.2099,-454354.928
4592000,2414.394,14414.1683,61912.7917,-516653.534,-437912.18,-454740.7423
4593000,2372.9873,14345.3523,62443.2465,-517037.2705,-437875.68439999997,-454594.024
4594000,2364.0623,14373.8065,61994.0946,-516153.5814,-437421.618,-454159.4868
4595000,2377.5728,14342.3282,61419.5506,-515178.287,-437038.8354,-453758.7364
4596000,2359.492,14230.3136,62436.289,-516925.9578,-437899.86319999996,-454489.6688
4597000,2394.5456,14419.1777,61983.0553,-515899.5464,-437102.7678,-453916.4911
4598000,2419.716,14364.3811,62224.7446,-516582.2132,-437573.3715,-454357.4686
4599000,2387.1642,14341.7634,62070.4646,-516516.5553,-437717.1631,-454446.0907
4600000,2362.0091,14378.7927,62063.0842,-516313.574,-437509.688,-454250.48980000004
4601000,2350.795,14397.3082,62474.9314,-517013.1654,-437790.1308,-454538.234
4602000,2358.0585,14421.1265,61932.9628,-516914.6765,-438202.5287,-454981.7137
4603000,2365.0362,14379.1144,62461.2081,-516827.8065,-437622.44779999997,-454366.5984
4604000,2362.253,14352.663,61530.0007,-515586.0803,-437341.16359999997,-454056.0796
4605000,2374.4679,14398.1012,62056.0204,-516273.4724,-437444.8829,-454217.45200000005
4606000,2389.2702,14273.4772,61992.442,-516429.5719,-437774.38249999995,-454437.1299
4607000,2393.1868,14334.8042,61975.4763,-516295.2481,-437591.7808,-454319.77180000005
4608000,2362.3111,14454.7992,62084.5773,-516722.6048,-437820.91719999997,-454638.02749999997
4609000,2337.7357,14361.6198,62293.7681,-516229.2067,-437236.0831,-453935.4386
4610000,2373.0224,14474.592,61879.1868,-516336.5565,-437609.7553,-454457.3697
4611000,2391.9847,14290.0449,62145.1292,-516064.4989,-437237.34010000003,-453919.3697
4612000,2385.7224,14384.1788,61928.7881,-516244.1804,-437545.4911,-454315.3923
4613000,2409.4988,14431.1585,61770.3455,-515867.1595,-437256.1567,-454096.814
4614000,2380.8615,14473.683,61874.4544,-515932.2503,-437203.2514,-454057.7959
4615000,2404.1546,14412.9349,61845.0876,-516638.4892,-437976.3121,-454793.4016
4616000,2395.6761,14394.8041,61773.7208,-515662.9531,-437098.7521,-453889.2323
4617000,2404.718,14464.6705,62022.6382,-516309.6418,-437417.6151,-454287.0036
4618000,2412.4547,14447.112,61855.5745,-516371.9228,-437656.7816,-454516.3483
4619000,2350.8427,14384.8437,61512.1181,-515421.5908,-437173.78630000004,-453909.4727
4620000,2369.7276,14375.4919,62045.2741,-516429.3184,-437638.8248,-454384.0443
4621000,2416.2637,14418.5993,62208.9904,-516398.3412,-437354.4878,-454189.3508
4622000,2404.7203,14377.7304,62313.1608,-517118.7506,-438023.13910000003,-454805.5898
4623000,2405.0895,14443.1465,62163.6102,-516354.9871,-437343.1409,-454191.37690000003
4624000,2395.0212,14385.3009,62429.8943,-516835.4534,-437625.23699999996,-454405.5591
4625000,2395.3445,14449.8391,62092.6988,-516059.6599,-437121.7775,-453966.9611
4626000,2354.2735,14445.0446,61962.4212,-515849.3311,-437087.5918,-453886.9099
4627000,2365.2796,14410.0952,62050.4708,-516349.285,-437523.4394,-454298.81419999996
4628000,2350.3559,14349.0893,61825.8487,-516008.2906,-437482.9967,-454182.4419
4629000,2355.2655,14451.7598,61359.1414,-515029.7764,-436863.6097,-453670.63499999995
4630000,2402.9367,14478.544,62446.5249,-517394.3006,-438066.29500000004,-454947.7757
4631000,2368.4336,14424.152,61859.0531,-516074.4724,-437422.8337,-454215.4193
4632000,2366.5985,14401.9044,62088.0311,-516183.8935,-437327.3595,-454095.8624
4633000,2355.8224,14443.7219,62129.743,-516718.8759,-437789.5886,-454589.13289999997
4634000,2396.3284,14490.6935,62352.7678,-516997.9044,-437758.11470000003,-454645.13659999997
4635000,2404.8471,14398.8883,62345.1355,-516121.2069,-436972.336,-453776.0714
4636000,2377.4797,14383.8494,62191.2311,-516477.9545,-437525.3943,-454286.7234
4637000,2394.1541,14312.4912,61232.2706,-514579.8044,-436640.8885,-453347.53380000003
4638000,2398.2715,14425.304,62000.4769,-515730.4143,-436906.3619,-453729.9374
4639000,2401.0809,14364.4131,60847.2455,-514797.1512,-437184.41170000006,-453949.9057
4640000,2394.7812,14427.5845,61806.0156,-515517.917,-436889.5357,-453711.90140000003
4641000,2392.9216,14362.4334,61881.0999,-515963.8242,-437327.36929999996,-454082.7243
4642000,2399.6685,14356.7083,62258.6135,-516931.0123,-437916.022,-454672.3988
4643000,2360.768,14341.5779,61390.2431,-515137.4246,-437044.8356,-453747.1815
4644000,2406.3277,14380.6791,62200.0244,-516609.0801,-437622.04890000005,-454409.0557
4645000,2356.9781,14400.7929,61882.3368,-515747.583,-437107.4752,-453865.2462
4646000,2346.7335,14334.1661,62423.5317,-517037.3199,-437932.8886,-454613.7882
4647000,2411.7232,14330.4307,61611.6186,-515796.9274,-437443.15489999996,-454185.3088
4648000,2386.6294,14343.6718,62018.8427,-516120.8413,-437371.69739999995,-454101.9986
4649000,2378.2828,14348.4046,61939.9575,-516270.3956,-437603.7507,-454330.43809999997
4650000,2396.2504,14310.5656,61883.2147,-516120.1096,-437530.0789,-454236.8949
4651000,2372.9283,14410.3771,61538.0947,-516183.7636,-437862.3635,-454645.6689
4652000,2388.3097,14357.0665,61476.3687,-515470.9209,-437249.17600000004,-453994.55220000003
4653000,2380.4733,14429.1394,62533.2735,-516908.4335,-437565.5473,-454375.16
4654000,2407.1906,14401.864,62052.3631,-516289.4403,-437428.0226,-454237.0772
4655000,2388.7345,14382.1577,62541.2459,-517474.7202,-438162.5821,-454933.4743
4656000,2412.4738,14296.3516,61675.0207,-516326.8927,-437943.0466,-454651.87200000003
4657000,2348.4235,14336.9251,62306.3161,-516284.5495,-437292.8848,-453978.2334
4658000,2396.68,14343.9897,62251.6886,-516921.5517,-437929.1934,-454669.8631
4659000,2355.1209,14492.3585,61636.5157,-515860.5778,-437376.5827,-454224.06210000004
4660000,2385.4952,14364.995,61585.8859,-516381.1568,-438044.7807,-454795.2709
4661000,2412.2081,14382.2104,62123.5591,-516716.1084,-437798.13080000004,-454592.5493
4662000,2364.1433,14294.1129,62200.5573,-516749.9676,-437891.1541,-454549.4103
4663000,2385.08,14317.3326,61923.4046,-516240.8516,-437615.0344,-454317.447
4664000,2377.3657,14401.7977,61942.5513,-516504.9965,-437783.2818,-454562.4452
4665000,2398.4203,14484.5904,62147.4794,-517144.7433,-438114.2532,-454997.26389999996
4666000,2399.8771,14364.256,61915.99,-516124.8555,-437444.7324,-454208.8655
4667000,2341.9692,14337.0633,61822.0046,-516257.8809,-437756.8438,-454435.8763
4668000,2378.8012,14285.1515,62159.8338,-516668.9315,-437845.145,-454509.0977
4669000,2341.261,14232.3279,62669.5396,-517007.6038,-437764.4753,-454338.06419999996
4670000,2395.9583,14379.2392,62374.5506,-517519.9924,-438370.2443,-455145.4418
4671000,2366.3422,14361.4097,61956.8718,-516477.501,-437792.8773,-454520.62919999997
4672000,2408.0716,14411.4136,62399.1636,-516992.4492,-437773.80039999995,-454593.28559999994
4673000,2374.1747,14364.2185,62290.7403,-515962.6449,-436933.5114,-453671.9046
4674000,2385.8756,14369.0426,61731.0973,-515606.6837,-437120.66819999996,-453875.5864
4675000,2381.2281,14354.7338,62721.9431,-517314.0476,-437856.1426,-454592.1045
4676000,2370.2487,14464.6676,62050.1089,-516227.3601,-437342.3349,-454177.2512
4677000,2342.6105,14342.5907,61589.9948,-515429.615,-437154.419,-453839.6202
4678000,2393.5544,14369.7651,62125.4153,-516569.4249,-437680.6901,-454444.0096
4679000,2356.5293,14350.3719,62058.2283,-516274.6443,-437509.5148,-454216.41599999997
4680000,2401.2436,14396.593,62041.565,-515908.1963,-437068.79469999997,-453866.6313
4681000,2392.2355,14434.3019,61955.9302,-515645.31,-436862.84239999996,-453689.3798
4682000,2365.0655,14374.9483,62123.6748,-516166.8771,-437303.1885,-454043.2023
4683000,2408.9384,14396.2686,61781.2987,-516151.0592,-437564.55350000004,-454369.76050000003
4684000,2400.5273,14363.5164,62406.7063,-516664.9032,-437494.1532,-454258.1969
4685000,2383.186,14329.3096,62247.0782,-516517.4412,-437557.8674,-454270.363
4686000,2366.8927,14347.069,62133.7877,-516254.0151,-437406.2657,-454120.22740000003
4687000,2357.7576,14331.0894,62342.2709,-516288.4921,-437257.37419999996,-453946.22119999997
4688000,2384.4438,14426.9819,62188.8111,-516415.6143,-437415.3775,-454226.8032
4689000,2369.5961,14345.082,62200.4758,-516714.9949,-437799.841,-454514.5191
4690000,2353.6114,14330.4814,61968.26,-516332.095,-437679.7422,-454363.83499999996
4691000,2410.2872,14417.3795,61365.6057,-515230.8807,-437037.60829999996,-453865.27499999997
4692000,2379.5323,14438.6044,62059.4049,-515833.3958,-436955.8542,-453773.9909
4693000,2364.8897,14434.2522,61624.3349,-515543.3116,-437119.8348,-453918.9767
4694000,2375.1728,14383.9627,62384.9785,-516433.1509,-437289.0369,-454048.17240000004
4695000,2371.5092,14346.9995,61891.2044,-516341.0594,-437731.34630000003,-454449.85500000004
4696000,2389.0495,14350.0801,62168.9992,-515672.8529,-436764.7241,-453503.8537
4697000,2406.009,14384.6134,61922.0298,-516024.8871,-437312.2349,-454102.8573
4698000,2400.7299,14393.2573,62025.6882,-515531.5624,-436711.887,-453505.8742
4699000,2393.4534,14369.7297,61939.2901,-516072.6917,-437370.2185,-454133.40160000004
4700000,2391.6338,14329.8638,62294.8276,-516712.8598,-437696.5346,-454418.03219999996
4701000,2381.235,14322.0874,61849.2037,-515883.1465,-437330.62039999996,-454033.94279999996
4702000,2367.9802,14367.0925,62241.4703,-516835.1517,-437858.6087,-454593.6814
4703000,2403.1842,14375.0813,61769.4854,-515691.9053,-437144.1544,-453922.4199
4704000,2371.3534,14443.433,61818.7029,-515620.6916,-436987.2023,-453801.98870000005
4705000,2417.7868,14436.2335,61541.0065,-515985.8245,-437590.7977,-454444.81799999997
4706000,2386.5825,14486.6235,62205.7908,-516536.6028,-437457.606,-454330.812
4707000,2385.4079,14336.5403,61993.4489,-516044.0278,-437328.6307,-454050.57889999996
4708000,2371.5739,14290.4476,62067.7398,-517138.5038,-438408.7425,-455070.764
4709000,2383.3865,14377.7268,62446.264,-516862.8159,-437655.4386,-454416.55189999996
4710000,2405.0352,14383.2959,62134.7521,-517101.774,-438178.6908,-454967.0219
4711000,2369.1976,14326.3082,62077.4421,-516673.6673,-437900.71939999994,-454596.2252
4712000,2423.5544,14469.682,61873.1441,-516461.5137,-437695.13320000004,-454588.36960000003
4713000,2387.4208,14419.8912,62231.9076,-516591.3561,-437552.13649999996,-454359.4485
4714000,2369.7396,14329.5136,61715.7648,-515867.045,-437452.027,-454151.2802
4715000,2383.6717,14391.5566,61834.8476,-516706.0626,-438095.9867,-454871.215
4716000,2376.9527,14400.5959,61961.6183,-516619.8931,-437880.7262,-454658.2748
4717000,2361.2861,14403.4077,61483.5782,-515156.7835,-436908.5115,-453673.20530000003
4718000,2408.4827,14412.373,61758.7135,-515557.6294,-436978.06019999995,-453798.91589999996
4719000,2418.4202,14524.235,61973.5029,-516153.8331,-437237.675,-454180.33019999997
4720000,2367.2972,14433.1471,61821.5112,-516027.6918,-437405.7363,-454206.18059999996
4721000,2355.0462,14405.0126,62196.6015,-516334.8074,-437378.1471,-454138.2059
4722000,2425.1112,14323.5517,61799.9593,-516476.8351,-437928.21290000004,-454676.87580000004
4723000,2402.3387,14383.3559,62243.6411,-517104.0337,-438074.69800000003,-454860.3926
4724000,2349.1466,14249.8112,61799.2514,-516208.5093,-437810.3001,-454409.25789999997
4725000,2369.6633,14336.9353,61547.9995,-515767.9108,-437513.3127,-454219.91130000004
4726000,2364.2585,14371.5955,62051.7339,-516434.7403,-437647.1524,-454383.0064
4727000,2368.5586,14360.7727,62365.54,-516590.9581,-437496.0868,-454225.4181
4728000,2404.1202,14309.608,61980.1966,-516216.2321,-437522.3073,-454236.0355
4729000,2375.6136,14311.6418,61764.4364,-515722.352,-437270.66020000004,-453957.9156
4730000,2372.0042,14399.9182,62040.1658,-517037.097,-438225.0088,-454996.9312
4731000,2416.976,14382.2215,62414.1482,-517461.6642,-438248.3185,-455047.516
4732000,2346.1898,14321.5162,62311.5625,-516859.7862,-437880.51769999997,-454548.2237
4733000,2350.1911,14254.5114,61915.4804,-516328.2176,-437808.03469999996,-454412.7372
4734000,2391.096,14340.5924,61878.5118,-515750.2071,-437140.00690000004,-453871.6953
4735000,2372.1275,14332.8276,61622.1279,-515866.5182,-437539.4352,-454244.39029999997
4736000,2353.5716,14358.4869,61565.6608,-515538.4398,-437260.7205,-453972.779
4737000,2385.0962,14474.7373,62046.9595,-516472.369,-437565.576,-454425.4095
4738000,2370.4694,14320.9666,62027.9883,-516029.3586,-437309.93429999996,-454001.37029999995
4739000,2383.8122,14434.0415,61854.2885,-515641.5601,-436969.4179,-453787.2716
4740000,2408.0863,14435.1476,61691.9035,-516318.3973,-437783.2599,-454626.4938
4741000,2405.7825,14416.9422,61931.3596,-516410.7855,-437656.7012,-454479.4259
4742000,2409.5439,14357.346,62009.2244,-516319.2592,-437543.14489999996,-454310.03479999996
4743000,2421.4007,14445.1036,61925.941,-516639.7246,-437847.27930000005,-454713.7836
4744000,2418.5983,14375.1582,61857.3298,-515823.9952,-437172.90890000004,-453966.6654
4745000,2381.0021,14325.2819,62504.7314,-517123.1105,-437912.09510000004,-454618.3791
4746000,2381.6073,14354.2257,61845.6378,-516162.716,-437581.2452,-454317.0782
4747000,2405.4131,14408.914,62043.7905,-516705.9894,-437847.8718,-454662.1989
4748000,2377.3911,14295.6442,62208.0251,-516435.3865,-437554.3261,-454227.36140000005
4749000,2369.8049,14304.8946,62499.988,-517391.5985,-438216.911,-454891.6105
4750000,2417.5632,14382.5219,62359.5447,-517109.1438,-437949.514,-454749.5991
4751000,2382.5875,14376.6174,61849.6283,-515557.4838,-436948.6506,-453707.8555
4752000,2388.0368,14383.8977,62383.5228,-516680.9793,-437525.522,-454297.45650000003
4753000,2382.3758,14346.5825,61937.7298,-515509.3742,-436842.68610000005,-453571.6444
4754000,2408.944,14317.2698,62043.0957,-515921.1406,-437151.83109999995,-453878.0449
4755000,2408.252,14344.0718,61609.2407,-515045.7812,-436684.2167,-453436.5405
4756000,2375.4394,14338.8131,61904.1086,-516208.1068,-437589.7457,-454303.99820000003
4757000,2383.112,14313.3693,62048.6994,-515676.7438,-436931.5631,-453628.0444
4758000,2395.3717,14370.9143,61851.3925,-516295.2977,-437677.61919999996,-454443.9052
4759000,2396.6778,14335.3653,62190.4953,-516526.1285,-437603.5901,-454335.6332
4760000,2402.9123,14342.9661,62288.5255,-517032.0665,-437997.66260000004,-454743.541
4761000,2349.2136,14433.3885,61941.016,-516985.703,-438262.08489999996,-455044.687
4762000,2341.7578,14291.7292,61955.2606,-516263.256,-437674.5084,-454307.9954
4763000,2400.4953,14365.2058,62028.72,-516532.2737,-437737.8526,-454503.55370000005
4764000,2395.0863,14307.524,62115.0596,-516441.9603,-437624.29039999994,-454326.9007
4765000,2362.1239,14261.9039,61664.7382,-515363.0998,-437074.3338,-453698.3616
4766000,2369.8095,14442.7041,61577.0469,-515566.5801,-437177.0196,-453989.5332
4767000,2364.7142,14407.6571,62130.2844,-516465.2731,-437562.6174,-454334.9887
4768000,2401.8668,14346.0551,61649.9148,-516207.3654,-437809.5287,-454557.4506
4769000,2391.8985,14396.1635,61955.035,-516115.3647,-437372.26769999997,-454160.3297
4770000,2351.4694,14369.4825,62012.8781,-516416.0759,-437682.2459,-454403.19779999997
4771000,2365.602,14397.8939,62088.7416,-516715.7188,-437863.4813,-454626.97719999996
4772000,2397.7973,14418.0352,61123.6903,-515652.4387,-437712.9159,-454528.7484
4773000,2405.7155,14359.9326,62074.7314,-516440.6767,-437600.29720000003,-454365.9453
4774000,2366.1218,14365.618,62115.5127,-516772.0886,-437924.8361,-454656.5759
4775000,2378.5469,14283.9393,61948.2825,-515994.5724,-437383.8037,-454046.2899
4776000,2369.1145,14341.8519,61629.7843,-515634.4987,-437293.748,-454004.7144
4777000,2389.5774,14350.1222,61889.0468,-516512.5581,-437883.8117,-454623.5113
4778000,2384.3034,14383.2264,61744.3669,-516398.9147,-437887.01800000004,-454654.5478
4779000,2403.678,14341.3502,61887.185,-516902.3434,-438270.1302,-455015.1584
4780000,2418.5857,14365.6054,62011.6067,-516810.89,-438015.0922,-454799.2833
4781000,2396.0574,14364.0465,62075.7862,-516799.6968,-437963.80669999996,-454723.91059999994
4782000,2356.5881,14435.3488,62567.6773,-516848.7341,-437489.1199,-454281.0568
4783000,2390.038,14335.0082,62329.6526,-516796.5545,-437741.8557,-454466.90190000006
4784000,2390.2133,14324.4497,61658.5198,-515310.2177,-436937.03489999997,-453651.69789999997
4785000,2346.6466,14426.8226,61744.7134,-515880.5019,-437362.3193,-454135.78849999997
4786000,2405.7963,14418.0982,61516.4968,-515732.5914,-437392.20009999996,-454216.09459999995
4787000,2377.106,14413.0283,62578.4197,-517150.3796,-437781.8256,-454571.9599
4788000,2370.1116,14356.6979,61446.7099,-515504.2619,-437330.7425,-454057.55199999997
4789000,2379.769,14358.2607,61026.4206,-515362.5031,-437598.05279999995,-454336.08249999996
4790000,2375.3069,14341.7158,61502.1841,-515830.7828,-437611.576,-454328.5987
4791000,2352.3018,14403.0049,61602.205,-515159.2773,-436801.76560000004,-453557.0723
4792000,2380.8063,14250.3377,61816.2042,-515545.7228,-437098.3746,-453729.5186
4793000,2370.2604,14327.0052,62265.3233,-516853.3527,-437890.76379999996,-454588.0294
4794000,2377.5153,14444.2856,61891.3356,-516386.9921,-437673.8556,-454495.6565
4795000,2386.4166,14340.8992,61912.2739,-516074.6796,-437435.08989999996,-454162.4057
4796000,2377.9098,14317.8536,62016.9242,-516595.6951,-437883.0075,-454578.7709
4797000,2367.3175,14388.2573,62377.695,-516345.8956,-437212.6258,-453968.2006
4798000,2353.8157,14306.6977,62484.1432,-517392.6458,-438247.9892,-454908.5026
4799000,2399.915,14405.0867,61943.2522,-516385.4382,-437637.18429999996,-454442.186
4800000,2397.8335,14249.8893,61945.0054,-516187.2582,-437594.52999999997,-454242.25279999996
4801000,2370.7901,14395.9481,62283.0965,-517033.8879,-437984.05319999997,-454750.7914
4802000,2374.3492,14403.6526,61673.5185,-515125.6847,-436674.1644,-453452.1662
4803000,2364.604,14347.5482,61830.5032,-516396.3501,-437853.6947,-454565.8469
4804000,2377.6368,14409.8661,62186.55,-516778.9624,-437804.9095,-454592.41240000003
4805000,2372.7106,14216.1382,62074.4439,-516393.9777,-437730.685,-454319.5338
4806000,2380.8685,14372.5525,62089.9061,-516577.6858,-437734.3587,-454487.77969999996
4807000,2395.3577,14345.2702,62121.0255,-515515.9693,-436654.3159,-453394.9438
4808000,2374.2511,14279.0321,62219.0266,-516415.4269,-437543.11710000003,-454196.40030000004
4809000,2393.142,14208.7546,62416.1957,-516351.9698,-437333.87750000006,-453935.77410000004
4810000,2391.9968,14289.9024,61766.5079,-515462.7219,-437014.3148,-453696.21400000004
4811000,2355.0857,14299.5521,62552.2206,-517046.292,-437839.4336,-454494.0714
4812000,2363.0362,14300.1691,62223.6575,-515575.4693,-436688.6065,-453351.8118
4813000,2387.6366,14293.6846,62337.6861,-516279.4183,-437260.411,-453941.7322
4814000,2346.1511,14368.5751,61953.3223,-516260.4072,-437592.3587,-454307.0849
4815000,2360.4091,14240.7677,62097.3565,-515905.2353,-437206.702,-453807.8788
4816000,2390.8023,14327.7156,62212.709,-515857.1187,-436925.8918,-453644.40969999996
4817000,2407.5871,14378.1266,62191.3119,-516829.4143,-437852.3887,-454638.1024
4818000,2372.0574,14349.7451,62218.1573,-517162.8629,-438222.9031,-454944.7056
4819000,2354.3852,14282.1122,62010.7884,-516597.0409,-437949.7551,-454586.2525
4820000,2368.216,14340.7907,62362.9385,-516633.6039,-437561.6587,-454270.6654
4821000,2365.2898,14345.1297,62503.9779,-516727.6749,-437513.27749999997,-454223.697
4822000,2392.8739,14174.4056,62629.0333,-516827.7134,-437631.4006,-454198.6801
4823000,2407.8513,14318.2232,61746.68,-516083.5023,-437610.7478,-454336.8223
4824000,2395.1133,14237.0602,61689.8943,-515651.6112,-437329.54339999997,-453961.7169
4825000,2382.9609,14319.8512,61588.112,-515405.3223,-437114.3982,-453817.2103
4826000,2395.9201,14236.4572,61813.2807,-515342.8997,-436897.2417,-453529.619
4827000,2367.0026,14322.3643,62092.042,-516392.6619,-437611.253,-454300.6199
4828000,2391.0468,14374.0152,62018.2064,-516375.0668,-437591.79839999997,-454356.86039999995
4829000,2370.6375,14337.1625,62098.5703,-516987.6474,-438181.2771,-454889.0771
4830000,2390.5186,14357.6737,62231.8863,-516865.6574,-437885.5788,-454633.7711
4831000,2389.5936,14352.2921,61753.054,-516526.3797,-438031.44,-454773.3257
4832000,2382.2942,14460.7195,61743.7598,-516078.7756,-437492.0021,-454335.0158
4833000,2394.5753,14307.1303,62015.9283,-516560.7402,-437843.1063,-454544.8119
4834000,2380.1266,14412.7834,61961.5521,-516469.0175,-437714.5554,-454507.4654
4835000,2417.4906,14358.7809,62271.7049,-516361.5889,-437313.6125,-454089.88399999996
4836000,2409.1439,14319.0306,61965.873,-516607.8033,-437913.75580000004,-454641.9303
4837000,2353.4148,14163.0869,61872.7742,-515680.68,-437291.4041,-453807.9058
4838000,2333.566,14201.6522,62266.6682,-516398.9958,-437597.10939999996,-454132.32759999996
4839000,2380.3777,14221.3739,61935.9593,-515925.6807,-437387.9698,-453989.72140000004
4840000,2410.3435,14309.8972,62121.464,-517119.2336,-438277.5289,-454997.7696
4841000,2392.001,14294.8449,62374.0404,-516813.3863,-437752.5,-454439.3459
4842000,2316.3239,14278.903,61772.7015,-516323.3746,-437955.4462,-454550.67309999996
4843000,2375.7141,14426.938,62663.5941,-517029.561,-437563.3148,-454365.9669
4844000,2389.2953,14417.6681,61805.0835,-516625.9751,-438013.92819999997,-454820.8916
4845000,2379.446,14376.5605,62196.8353,-516400.3805,-437447.53870000003,-454203.54520000005
4846000,2414.4536,14462.1408,61882.7251,-516602.7279,-437843.4084,-454720.0028
4847000,2365.1265,14332.3851,61624.0245,-515217.8476,-436896.31149999995,-453593.8231
4848000,2392.1198,14351.8498,62286.2319,-516463.7369,-437433.53540000005,-454177.505
4849000,2409.4404,14371.6002,62019.8396,-516189.4164,-437388.5362,-454169.5768
4850000,2371.6787,14252.348,61828.1106,-516345.407,-437893.2697,-454517.2964
4851000,2381.5671,14328.7962,62267.6388,-516628.1947,-437650.1926,-454360.5559
4852000,2384.8008,14287.685,62063.3581,-515931.63,-437195.7861,-453868.2719
4853000,2378.0876,14341.1097,61756.613,-515370.3528,-436894.5425,-453613.7398
4854000,2393.4976,14235.7896,61823.8638,-516201.1528,-437748.00179999997,-454377.289
4855000,2353.5714,14269.4255,61884.796,-515232.3529,-436724.56,-453347.55689999997
4856000,2367.0307,14325.4678,62306.0878,-516101.8577,-437103.27139999997,-453795.7699
4857000,2387.8227,14288.4806,61899.9085,-515942.472,-437366.2602,-454042.5635
4858000,2380.3174,14264.5399,62041.8313,-515789.9451,-437103.2565,-453748.1138
4859000,2375.6198,14358.1667,61843.1543,-515772.2169,-437195.2761,-453929.0626
4860000,2389.0466,14279.3092,61815.0575,-515559.8851,-437076.4718,-453744.8276
4861000,2380.4218,14289.0503,62150.6958,-516660.4289,-437840.261,-454509.7331
4862000,2397.7205,14419.4661,62136.6826,-516941.2949,-437987.42569999996,-454804.6123
4863000,2383.3297,14438.1255,62295.3778,-516406.5565,-437289.7235,-454111.1787
4864000,2422.4201,14326.2125,61831.5634,-516452.0236,-437871.8276,-454620.46020000003
4865000,2394.6721,14318.3611,62037.6207,-516842.0402,-438091.3863,-454804.41949999996
4866000,2353.2148,14248.8727,62025.0335,-516543.1231,-437916.00210000004,-454518.0896
4867000,2362.6742,14277.8825,62279.1607,-516942.8376,-438023.1202,-454663.6769
4868000,2375.9497,14209.6606,61860.2298,-516633.0121,-438187.172,-454772.78229999996
4869000,2405.2034,14369.6226,61888.9404,-515953.4035,-437289.63710000005,-454064.4631
4870000,2359.7583,14235.781,62657.2782,-517219.2104,-437966.3929,-454561.9322
4871000,2370.6428,14354.6814,61922.995,-516010.5782,-437362.25899999996,-454087.5832
4872000,2410.6109,14415.3522,62296.5856,-516665.5488,-437543.0001,-454368.9632
4873000,2386.3985,14474.31,62423.8288,-517139.3521,-437854.81480000005,-454715.5233
4874000,2385.7382,14326.7866,61452.9569,-515982.6232,-437817.14149999997,-454529.6663
4875000,2376.1625,14300.3416,61867.598,-516047.0741,-437502.97200000007,-454179.4761
4876000,2380.1545,14376.4043,62146.9562,-516504.0438,-437600.5288,-454357.08759999997
4877000,2362.5491,14293.3713,62212.2795,-516240.9669,-437372.767,-454028.6874
4878000,2419.0158,14443.8362,62420.7815,-516913.6994,-437630.0659,-454492.9179
4879000,2370.9809,14361.0118,61341.3252,-515043.1145,-436969.7966,-453701.7893
4880000,2364.3521,14332.0032,62222.8959,-516586.1979,-437666.94670000003,-454363.302
4881000,2386.8061,14337.7371,62284.211,-517046.3938,-438037.6396,-454762.1828
4882000,2402.8231,14405.3449,61878.6127,-516428.6895,-437741.9088,-454550.0768
4883000,2399.4552,14381.634,62182.1168,-516054.4222,-437091.21619999997,-453872.30539999995
4884000,2401.1698,14411.2874,62076.9726,-516244.02,-437354.59020000004,-454167.04740000004
4885000,2384.2903,14280.6684,61410.0625,-515761.7151,-437686.69389999995,-454351.6526
4886000,2368.2575,14433.3968,62361.97,-517321.6645,-438158.04020000005,-454959.6945
4887000,2373.4264,14330.3378,61672.9441,-515590.9408,-437214.2325,-453917.99669999996
4888000,2389.0884,14312.0131,62148.8102,-516819.2165,-437969.3048,-454670.4063
4889000,2394.1476,14384.6285,62078.5076,-516091.3018,-437234.0181,-454012.7942
4890000,2394.5827,14291.2887,61786.9838,-515906.8189,-437433.9637,-454119.8351
4891000,2414.4742,14329.1357,61853.5476,-515845.0547,-437247.8972,-453991.5071
4892000,2353.7556,14383.3768,62186.6793,-516984.8328,-438061.02109999995,-454798.15349999996
4893000,2343.0572,14285.1597,62399.5152,-516916.8323,-437889.1002,-454517.3171
4894000,2427.3209,14304.3653,62548.3091,-517492.0376,-438212.0423,-454943.72849999997
4895000,2400.3687,14430.1292,62577.5638,-516455.9565,-437047.89479999995,-453878.39269999997
4896000,2361.5577,14331.2851,62163.5477,-515948.9736,-437092.58310000005,-453785.42590000003
4897000,2418.6851,14290.4189,62060.0915,-516364.9282,-437595.73270000005,-454304.83670000004
4898000,2395.6156,14318.2896,62143.1168,-516424.4045,-437567.3825,-454281.2877
4899000,2381.8777,14351.2837,62514.8994,-516696.7577,-437448.6969,-454181.8583
4900000,2377.8161,14299.874,62069.1132,-515978.2602,-437231.4569,-453909.147
4901000,2393.6925,14443.3815,62337.9482,-516783.1449,-437608.1227,-454445.19670000003
4902000,2409.2848,14423.6748,62528.6423,-516831.3184,-437469.7165,-454302.6761
4903000,2396.7338,14323.6962,62106.9406,-516529.7279,-437702.35730000003,-454422.78729999997
4904000,2379.2291,14400.0608,62059.9716,-516600.5159,-437761.2544,-454540.5443
4905000,2409.1867,14252.6363,61685.7671,-516095.5392,-437747.94909999997,-454409.7721
4906000,2387.1079,14337.6902,62002.8787,-516248.6422,-437520.9654,-454245.7635
4907000,2434.2138,14394.4527,61946.5303,-516182.7349,-437407.5381,-454236.2046
4908000,2379.3486,14359.994,61478.6618,-515333.5732,-437115.5688,-453854.9114
4909000,2393.3491,14411.3242,62023.1204,-517071.2229,-438243.4292,-455048.1025
4910000,2381.3227,14364.4453,62272.8671,-517339.7858,-438321.1507,-455066.91870000004
4911000,2386.6739,14254.6285,61640.4471,-515612.9522,-437331.2027,-453972.5051
4912000,2370.7282,14301.5372,61615.4761,-515598.4465,-437310.705,-453982.9704
4913000,2379.7887,14358.3035,61869.2469,-516344.7814,-437737.4423,-454475.53449999995
4914000,2366.0436,14338.0016,61855.0105,-515717.0341,-437157.9784,-453862.0236
4915000,2363.2159,14314.9521,61672.3615,-515909.1862,-437558.6567,-454236.8247
4916000,2375.4085,14266.9475,62558.3194,-517334.0886,-438133.4132,-454775.76920000004
4917000,2405.8813,14357.3139,62685.7576,-516677.7554,-437228.80260000005,-453991.9978
4918000,2390.2478,14349.0629,62001.335,-516354.9545,-437614.3088,-454353.6195
4919000,2408.2427,14363.3218,61885.8962,-516528.9528,-437871.49210000003,-454643.0566
4920000,2400.2431,14318.2236,62078.2175,-516419.9578,-437623.27359999996,-454341.74029999995
4921000,2385.9647,14292.6125,62057.4016,-516236.2794,-437500.3006,-454178.8778
4922000,2408.8315,14314.3717,61906.2426,-516259.2993,-437629.8535,-454353.0567
4923000,2412.1087,14289.3768,62308.0832,-516748.207,-437738.6383,-454440.1238
4924000,2376.9315,14266.4492,61693.6394,-515203.7162,-436866.69610000006,-453510.07680000004
4925000,2401.6557,14285.3497,62180.0312,-515916.0934,-437049.0568,-453736.06220000004
4926000,2364.3201,14282.6403,61675.9511,-515298.2743,-436975.3628,-453622.3232
4927000,2403.636,14387.4813,62043.5631,-515948.3752,-437113.6948,-453904.8121
4928000,2356.1552,14395.3488,61232.6398,-515057.241,-437073.09719999996,-453824.6012
4929000,2370.6853,14329.4748,61793.051,-515756.9887,-437263.7776,-453963.9377
4930000,2388.5442,14346.2657,61597.9981,-515974.2522,-437641.4442,-454376.2541
4931000,2388.5749,14411.8557,61964.7808,-517268.0881,-438502.8767,-455303.3073
4932000,2342.3843,14311.949,62147.3888,-516969.7289,-438168.0068,-454822.3401
4933000,2373.461,14353.6525,62209.3225,-516926.2047,-437989.7687,-454716.8822
4934000,2400.3244,14275.2743,61873.9805,-515808.1574,-437258.57820000005,-453934.1769
4935000,2444.9134,14341.0055,61651.1904,-516247.0806,-437809.9713,-454595.89019999997
4936000,2377.1389,14434.2782,62202.2832,-516529.3215,-437515.62120000005,-454327.0383
4937000,2377.9874,14365.0355,62230.3115,-516649.7194,-437676.385,-454419.4079
4938000,2423.9625,14302.963,62360.3405,-516682.918,-437595.652,-454322.5775
4939000,2372.6792,14228.0833,62262.9401,-516615.1156,-437751.413,-454352.1755
4940000,2389.7949,14328.0196,62426.9174,-517206.1302,-438061.3983,-454779.21280000004
4941000,2425.915,14297.3846,62424.2332,-516500.9265,-437353.3937,-454076.6933
4942000,2361.9285,14332.6575,61477.3281,-515354.2003,-437182.28620000003,-453876.87220000004
4943000,2377.8475,14325.6344,61543.1579,-515251.0983,-437004.4585,-453707.9404
4944000,2377.1186,14362.4473,62100.2004,-516193.0304,-437353.2641,-454092.82999999996
4945000,2361.7658,14215.5811,62149.5779,-516115.046,-437388.1212,-453965.4681
4946000,2384.1242,14268.1738,61726.4042,-516049.6253,-437670.9231,-454323.2211
4947000,2393.8116,14364.454,61913.5017,-516122.4552,-437450.6879,-454208.9535
4948000,2408.1816,14321.7117,62182.149,-517062.3544,-438150.3121,-454880.20540000004
4949000,2403.3526,14340.9027,62534.0818,-517316.4365,-438038.0994,-454782.3547
4950000,2378.2014,14320.9126,62142.1859,-516153.5456,-437312.2457,-454011.35970000003
4951000,2360.1789,14311.4133,61978.8727,-515830.6057,-437180.14080000005,-453851.733
4952000,2415.9841,14359.2392,62000.9319,-516700.8575,-437924.7023,-454699.92559999996
4953000,2388.3647,14294.2729,62060.5543,-516469.6549,-437726.463,-454409.1006
4954000,2383.8406,14367.3651,62337.8004,-516774.9764,-437685.9703,-454437.176
4955000,2369.1254,14323.9121,61763.2784,-516005.344,-437549.0281,-454242.0656
4956000,2377.7084,14376.8259,61625.7118,-516265.8684,-437885.6223,-454640.1566
4957000,2367.5062,14248.8792,61691.9549,-516293.7577,-437985.41740000003,-454601.8028
4958000,2382.1036,14320.9826,62260.8071,-515809.9643,-436846.071,-453549.1572
4959000,2396.6289,14355.7865,62162.6298,-516611.265,-437696.2198,-454448.6352
4960000,2381.9297,14353.1033,62192.3715,-516523.7134,-437596.3089,-454331.3419
4961000,2382.2214,14383.9577,62202.0424,-516808.276,-437840.0545,-454606.23360000004
4962000,2389.0131,14297.4609,62662.2938,-517193.8764,-437845.10860000004,-454531.5826
4963000,2386.0149,14481.195,62650.9023,-517099.5504,-437581.4382,-454448.6481
4964000,2344.3024,14436.6265,62037.5088,-516503.2914,-437684.8537,-454465.7826
4965000,2340.8796,14299.2493,61589.8759,-515902.63,-437672.6252,-454312.7541
4966000,2370.284,14318.9391,61657.9231,-515705.6328,-437358.4866,-454047.7097
4967000,2369.0563,14325.7218,62206.7812,-516501.2838,-437599.7245,-454294.5026
4968000,2409.2085,14307.6544,61595.4171,-515771.6669,-437459.38690000004,-454176.2498
4969000,2396.8193,14312.8909,62345.1917,-516496.7811,-437441.8792,-454151.5894
4970000,2377.8075,14345.4521,62236.9682,-516081.0347,-437120.8069,-453844.0665
4971000,2396.7207,14306.8965,61895.7035,-515626.28,-437026.9593,-453730.5765
4972000,2421.9928,14389.2846,61793.8296,-515831.6211,-437226.51410000003,-454037.7915
4973000,2379.1093,14315.4668,61818.1867,-515893.276,-437380.51320000004,-454075.0893
4974000,2363.962,14335.1639,62345.9351,-517329.2188,-438284.1578,-454983.28369999997
4975000,2380.8811,14409.7625,63050.9779,-518076.2781,-438234.6566,-455025.3002
4976000,2371.246,14333.329,62060.3075,-516584.4442,-437819.5617,-454524.13670000003
4977000,2354.3116,14391.6873,61678.9907,-516099.6879,-437674.69830000005,-454420.6972
4978000,2381.2074,14258.0673,62434.6025,-516990.2268,-437916.3496,-454555.6243
4979000,2373.8486,14346.2142,61116.1526,-515205.9325,-437369.7171,-454089.77989999996
4980000,2377.7537,14412.9475,61314.2342,-515406.9528,-437302.0174,-454092.7186
4981000,2372.0414,14301.6384,61990.4212,-516490.9513,-437826.85030000005,-454500.53010000003
4982000,2377.3246,14348.8326,61543.1399,-514822.7249,-436553.42779999995,-453279.58499999996
4983000,2332.373,14317.082,62024.0552,-516111.7234,-437438.2132,-454087.6682
4984000,2349.5983,14359.0116,61989.4752,-516228.1352,-437530.0501,-454238.66000000003
4985000,2384.2409,14507.606,62450.4995,-516567.9508,-437225.6044,-454117.4513
4986000,2384.6529,14326.9986,61568.7495,-515558.7283,-437278.3273,-453989.97880000004
4987000,2406.6765,14390.933,61825.6726,-515941.264,-437317.9819,-454115.59140000003
4988000,2413.9041,14437.8473,61592.6672,-515449.3364,-437004.91779999994,-453856.66919999995
4989000,2395.0512,14312.8724,62408.5741,-516241.077,-437124.5793,-453832.50289999996
4990000,2373.2767,14263.687,61591.0874,-515130.0905,-436902.0394,-453539.0031
4991000,2369.9955,14363.3673,61982.2556,-516049.1545,-437333.5361,-454066.89890000003
4992000,2382.0888,14329.694,61884.6944,-515558.0384,-436961.5612,-453673.34400000004
4993000,2375.7071,14381.8727,62234.4011,-516693.4071,-437701.4262,-454459.006
4994000,2355.6398,14290.4852,62223.5483,-516114.6948,-437245.02150000003,-453891.1465
4995000,2382.3334,14333.1845,62541.795,-516645.918,-437388.60510000004,-454104.123
4996000,2392.9693,14364.0074,61955.16,-516468.2303,-437756.0936,-454513.0703
4997000,2370.498,14205.9828,62000.5095,-516339.0027,-437762.0124,-454338.4932
4998000,2431.5647,14357.9008,62097.373,-516391.9195,-437505.081,-454294.5465
4999000,2348.448,14275.4711,61910.021,-516537.845,-438003.90489999996,-454627.82399999996
5000000,2369.7448,14375.2533,62338.2808,-517222.986,-438139.7071,-454884.70519999997
5001000,2386.7975,14233.4231,62236.279,-516079.6594,-437223.1598,-453843.3804
5002000,2396.429,14410.9911,61816.0108,-515648.4332,-437025.00230000005,-453832.42240000004
5003000,2397.821,14294.5617,61846.7957,-516092.0308,-437552.8524,-454245.2351
5004000,2396.1955,14330.4659,62103.3416,-516637.574,-437807.571,-454534.23240000004
5005000,2413.5267,14344.5467,62343.5823,-516949.7694,-437848.1137,-454606.1871
5006000,2405.6368,14369.9707,61860.826,-516459.3705,-437822.93700000003,-454598.5445
5007000,2363.4686,14443.3676,62343.3594,-517363.4922,-438213.2966,-455020.13279999996
5008000,2341.5326,14317.018,62025.2786,-516253.0934,-437569.26420000003,-454227.8148
5009000,2365.3634,14279.6017,61744.6623,-515711.4481,-437321.8207,-453966.78579999995
5010000,2379.7415,14284.7486,61577.2485,-515904.2995,-437662.56090000004,-454327.05100000004
5011000,2389.8751,14330.3364,61885.2636,-516401.8515,-437796.3764,-454516.5879
5012000,2381.4528,14344.4424,62009.1649,-516267.9629,-437532.9028,-454258.79799999995
5013000,2372.9654,14411.0091,62537.6308,-517239.8116,-437918.2063,-454702.18080000003
5014000,2397.38,14382.7896,62054.1527,-516450.7569,-437616.4346,-454396.6042
5015000,2403.1454,14369.6133,62006.9491,-516297.2322,-437517.5244,-454290.2831
5016000,2375.7097,14357.322,61915.5724,-516174.5851,-437525.981,-454259.0127
5017000,2407.6423,14306.6234,61663.7905,-515428.092,-437050.0358,-453764.3015
5018000,2382.9915,14408.0545,61643.5562,-515648.1604,-437213.55819999997,-454004.6042
5019000,2409.6264,14443.6805,62113.1883,-516018.1618,-437051.6666,-453904.9735
5020000,2384.6643,14390.2823,62395.1644,-516452.2471,-437282.1361,-454057.08269999997
5021000,2370.1841,14466.3997,62036.0893,-515801.096,-436928.4229,-453765.0067
5022000,2402.5286,14417.1725,61802.021,-515761.3351,-437139.613,-453959.3141
5023000,2359.0488,14358.9664,61854.7866,-516093.4076,-437520.60579999996,-454238.621
5024000,2372.3828,14346.4447,61885.2923,-516159.35,-437555.2302,-454274.0577
5025000,2384.33,14355.7102,62683.8861,-517708.4406,-438284.5143,-455024.55449999997
5026000,2377.8954,14339.5128,61592.3653,-515057.4186,-436747.64509999997,-453465.05329999997
5027000,2380.2432,14407.9955,61680.2353,-514798.1398,-436329.6658,-453117.9045
5028000,2414.7313,14370.8939,61457.4144,-514845.8179,-436602.7783,-453388.4035
5029000,2380.0502,14437.1347,61454.2509,-515123.6074,-436852.1716,-453669.3565
5030000,2398.0484,14461.0463,61150.9138,-515030.582,-437020.5735,-453879.6682
5031000,2372.6292,14348.6267,61165.8302,-514928.7017,-437041.61559999996,-453762.8715
5032000,2359.0084,14322.0504,62174.7174,-516637.0609,-437781.28469999996,-454462.34349999996
5033000,2365.7321,14380.892,61586.0152,-515335.7854,-437003.1461,-453749.77019999997
5034000,2397.3702,14285.1264,61842.7159,-516166.3668,-437641.15430000005,-454323.6509
5035000,2347.3796,14370.1259,61850.0062,-516568.9638,-438001.4521,-454718.9576
5036000,2385.0889,14332.7638,62450.9675,-516876.8198,-437707.9996,-454425.8523
5037000,2363.704,14474.5543,61806.0358,-516098.0644,-437453.7703,-454292.02859999996
5038000,2373.1802,14275.7498,62619.7854,-516857.9872,-437589.2718,-454238.2018
5039000,2417.3553,14261.9664,62018.9761,-516246.3358,-437548.038,-454227.35970000003
5040000,2375.0287,14275.8286,62083.8582,-517044.2656,-438309.5501,-454960.40739999997
5041000,2413.0584,14348.1744,62569.1418,-517655.1959,-438324.8213,-455086.0541
5042000,2436.8444,14357.685,62096.752,-516275.0769,-437383.7955,-454178.3249
5043000,2386.1712,14385.642,62411.9811,-517051.1599,-437867.3656,-454639.17880000005
5044000,2350.472,14316.8995,61882.22,-515958.466,-437408.87450000003,-454076.24600000004
5045000,2392.2958,14339.2653,61858.5061,-515621.8632,-437031.79600000003,-453763.3571
5046000,2389.7488,14366.2745,61919.8128,-516422.9986,-437747.1625,-454503.1858
5047000,2374.882,14374.3514,61911.3732,-515817.9811,-437157.3745,-453906.60789999994
5048000,2398.218,14328.3146,61821.2419,-515865.2323,-437317.4578,-454043.99039999995
5049000,2359.7057,14307.2265,61455.2329,-515791.6528,-437669.4877,-454336.4199
5050000,2381.2588,14262.1053,61899.4808,-515950.4713,-437407.62639999995,-454050.99049999996
5051000,2361.4949,14418.9444,61854.9827,-516351.0616,-437715.6396,-454496.0789
5052000,2396.3857,14320.8548,62407.7086,-517761.2169,-438636.26780000003,-455353.5083
5053000,2404.325,14362.5519,62363.4057,-516577.053,-437446.77040000004,-454213.6473
5054000,2402.073,14315.246,62211.139,-516812.4897,-437884.0317,-454601.35069999995
5055000,2357.8726,14368.2328,61595.0563,-515519.5271,-437198.3654,-453924.4708
5056000,2420.6779,14274.2474,62230.8728,-516416.6749,-437490.87679999997,-454185.8021
5057000,2413.7902,14470.7888,61940.0238,-516358.9784,-437534.3756,-454418.9546
5058000,2414.3877,14342.501,62169.3413,-516694.9619,-437768.7319,-454525.6206
5059000,2384.4613,14333.666,62374.0664,-517112.4931,-438020.2994,-454738.4267
5060000,2379.3781,14386.3551,62273.8598,-516655.9659,-437616.3729,-454382.10610000003
5061000,2397.196,14418.4771,62898.5371,-517617.2278,-437903.0176,-454718.6907
5062000,2414.9472,14398.4508,62237.3046,-516390.8083,-437340.10569999996,-454153.5037
5063000,2367.4867,14390.743,61796.1972,-516245.1297,-437690.70279999997,-454448.9325
5064000,2414.8703,14511.4129,61790.9527,-515730.64,-437013.40410000004,-453939.6873
5065000,2401.3927,14403.7603,62111.9281,-516668.2072,-437751.1261,-454556.2791
5066000,2403.0213,14445.8443,62373.126,-516583.5524,-437361.5608,-454210.4264
5067000,2410.8384,14279.4743,62325.9895,-516585.4342,-437569.132,-454259.4447
5068000,2375.6567,14332.4684,61496.6766,-515430.9203,-437226.1186,-453934.2437
5069000,2419.9442,14334.2836,62066.2721,-516613.3862,-437792.8863,-454547.1141
5070000,2402.7207,14420.762,62175.2525,-516628.5068,-437629.7716,-454453.2543
5071000,2410.7544,14527.5134,62050.6049,-516855.0669,-437866.19419999997,-454804.462
5072000,2366.7229,14366.6825,61920.9283,-516159.8375,-437505.5038,-454238.9092
5073000,2393.8239,14362.0214,62597.9826,-517074.4635,-437720.63560000004,-454476.4809
5074000,2389.4015,14374.1188,61727.6701,-516121.4991,-437630.3087,-454393.829
5075000,2378.969,14258.6457,62258.3842,-516559.6238,-437663.6249,-454301.2396
5076000,2359.3961,14351.9554,62641.4998,-517021.7887,-437668.9374,-454380.2889
5077000,2377.8112,14361.5157,61804.9575,-516346.0842,-437801.7998,-454541.12669999996
5078000,2367.8388,14521.8351,61823.9751,-516429.5016,-437715.8526,-454605.52650000004
5079000,2405.0077,14307.0809,61873.8665,-515870.0207,-437284.0656,-453996.1542
5080000,2400.9458,14316.4689,61586.3775,-515811.3036,-437507.51139999996,-454224.9261
5081000,2365.4144,14464.4949,62189.8521,-516427.4891,-437407.72770000005,-454237.637
5082000,2417.0743,14401.1998,62200.3667,-516658.9535,-437640.3127,-454458.5868
5083000,2375.0036,14279.3731,62145.8345,-516279.219,-437479.0078,-454133.3845
5084000,2391.8517,14308.66,61484.2018,-515456.3906,-437271.6771,-453972.1888
5085000,2368.7045,14391.542,61734.5439,-516382.2699,-437887.4795,-454647.726
5086000,2402.4118,14399.4178,61673.8034,-515924.7541,-437449.1211,-454250.95070000004
5087000,2364.3795,14316.2239,62607.7838,-516826.8486,-437538.46140000003,-454219.06480000005
5088000,2385.5673,14402.9744,62180.3419,-516553.8622,-437584.9786,-454373.5203
5089000,2361.2211,14368.2684,62032.7129,-516050.3337,-437288.1313,-454017.62080000003
5090000,2392.1393,14334.7125,62109.0486,-516697.2513,-437861.3509,-454588.2027
5091000,2377.3553,14306.2155,61363.028,-515420.5386,-437373.93980000005,-454057.51060000004
5092000,2400.1183,14390.9676,61479.1059,-515726.4773,-437456.2855,-454247.3714
5093000,2357.1771,14317.8432,62412.9079,-516853.4951,-437765.5669,-454440.5872
5094000,2380.0583,14405.2287,62503.6953,-516856.2905,-437567.30819999997,-454352.5952
5095000,2378.7477,14418.2484,62119.4528,-516939.9171,-438023.4682,-454820.4643
5096000,2364.5557,14328.1821,62691.3585,-517621.5776,-438237.4813,-454930.2191
5097000,2372.8897,14381.0172,62655.3059,-517365.55,-437956.33719999995,-454710.2441
5098000,2389.6627,14356.8968,62085.7699,-516806.5064,-437974.177,-454720.7365
5099000,2370.4495,14411.8281,62220.7543,-516712.2019,-437709.17,-454491.44759999996
5100000,2406.6294,14400.9007,61666.1271,-516195.9684,-437722.3112,-454529.84130000003
5101000,2358.9749,14285.8413,61553.632,-515293.529,-437095.0808,-453739.897
5102000,2379.6228,14318.5948,61942.3103,-515885.3281,-437244.8002,-453943.0178
5103000,2366.2225,14278.8698,61796.417,-515675.9518,-437234.4425,-453879.53479999996
5104000,2432.941,14429.0588,62107.0603,-516239.8099,-437270.7498,-454132.7496
5105000,2406.8302,14387.9567,61904.974,-516193.4822,-437493.72130000003,-454288.50820000004
5106000,2386.1366,14386.1371,62164.0012,-516204.3228,-437268.0479,-454040.3216
5107000,2378.2936,14314.483,62117.0017,-516540.0791,-437730.30079999997,-454423.07739999995
5108000,2381.8587,14349.7879,62245.6849,-516763.5725,-437786.24100000004,-454517.8876
5109000,2410.6322,14260.2616,62145.5781,-516624.3259,-437807.854,-454478.7478
5110000,2414.7547,14311.3494,62024.4196,-516708.8437,-437958.32,-454684.4241
5111000,2371.5863,14341.6786,62142.0902,-516016.6449,-437161.2898,-453874.55470000004
5112000,2403.468,14298.1976,61623.3704,-515768.5048,-437443.46880000003,-454145.1344
5113000,2349.2223,14323.9609,61808.6224,-516296.1877,-437814.38210000005,-454487.5653
5114000,2374.312,14379.1653,61888.2056,-515929.5688,-437287.8859,-454041.3632
5115000,2387.5516,14299.2691,62099.4275,-516633.4882,-437847.24,-454534.06070000003
5116000,2416.4551,14406.2272,62348.9016,-517359.7496,-438188.1657,-455010.848
5117000,2377.7551,14418.6143,62181.6233,-517432.3788,-438454.3861,-455250.7555
5118000,2387.8183,14382.5314,61937.1073,-516061.3398,-437353.8828,-454124.23250000004
5119000,2415.6396,14293.374,62080.7529,-516268.8388,-437479.0723,-454188.0859
5120000,2380.3469,14395.8397,62215.4809,-516872.1726,-437880.50509999995,-454656.69169999997
5121000,2369.6195,14313.3432,62745.2282,-517037.954,-437609.76310000004,-454292.7258
5122000,2440.2298,14348.6036,62108.4982,-516958.3891,-438061.0575,-454849.8909
5123000,2389.9045,14337.6365,62506.7131,-516762.6642,-437528.4101,-454255.9511
5124000,2371.0911,14296.569,62339.4099,-516594.3731,-437587.3031,-454254.9632
5125000,2387.8442,14402.2691,62617.8556,-516702.754,-437294.7851,-454084.8984
5126000,2400.8142,14293.6282,61633.9236,-515998.2199,-437669.8539,-454364.29630000005
5127000,2377.7827,14348.1746,61787.6071,-516266.4028,-437752.8384,-454478.79569999996
5128000,2364.9986,14343.5943,62501.527,-516808.318,-437598.19810000004,-454306.791
5129000,2364.5084,14266.6225,61823.448,-516255.0754,-437800.4965,-454431.6274
5130000,2371.1196,14335.5922,62244.9566,-516465.6036,-437513.93519999995,-454220.647
5131000,2433.4748,14406.3695,61532.8469,-515554.7694,-437182.0782,-454021.9225
5132000,2368.1861,14329.1948,62325.2448,-516926.1937,-437903.56799999997,-454600.9489
5133000,2417.6687,14337.8369,62064.7893,-515737.8055,-436917.51060000004,-453673.0162
5134000,2367.3936,14241.8559,61608.8665,-515423.1536,-437205.03760000004,-453814.2871
5135000,2396.959,14308.7101,61645.2953,-516137.7491,-437786.7847,-454492.4538
5136000,2395.4297,14365.5239,61640.3817,-516213.6167,-437812.2814,-454573.235
5137000,2400.0088,14404.742,61735.0028,-516162.3155,-437622.56190000003,-454427.3127
5138000,2371.908,14352.9137,61892.5665,-515967.9914,-437350.6032,-454075.4249
5139000,2383.6256,14351.8646,62136.0084,-516022.3635,-437150.8649,-453886.3551
5140000,2379.4876,14323.7974,61825.651,-515802.747,-437273.811,-453977.09599999996
5141000,2435.4666,14464.7701,62304.4485,-516615.414,-437410.7288,-454310.9655
5142000,2359.1988,14305.136,61452.736,-515083.044,-436965.9732,-453630.308
5143000,2345.9072,14251.9491,62618.2899,-516815.6623,-437599.5161,-454197.3724
5144000,2331.3167,14278.5692,62282.888,-517292.7737,-438399.9998,-455009.88570000004
5145000,2359.9544,14250.528,61954.6153,-516561.1143,-437996.01660000003,-454606.499
5146000,2341.9993,14265.2041,61694.795,-516074.7738,-437772.77540000004,-454379.97880000004
5147000,2377.6502,14311.9357,61799.1449,-516328.8837,-437840.1529,-454529.7388
5148000,2374.7932,14354.1177,62261.9949,-516667.2848,-437676.379,-454405.28990000003
5149000,2356.6102,14208.8101,62010.8338,-516125.3906,-437549.13649999996,-454114.55679999996
5150000,2382.8997,14415.0908,61833.4965,-515448.6841,-436817.1971,-453615.1876
5151000,2386.9901,14261.4492,62052.6744,-516451.3184,-437750.2047,-454398.644
5152000,2387.6698,14330.1733,62044.3903,-516199.1954,-437436.96200000006,-454154.8051
5153000,2392.6971,14363.5752,62149.281,-516519.0966,-437613.5433,-454369.8156
5154000,2396.6362,14437.5083,62043.6451,-516450.7491,-437572.9595,-454407.104
5155000,2379.9447,14383.7453,61835.301,-515923.4458,-437324.45479999995,-454088.1448
5156000,2404.4999,14374.2578,62354.2497,-516656.5049,-437523.4975,-454302.2552
5157000,2370.67,14295.1634,62440.4345,-516970.4729,-437864.20499999996,-454530.03839999996
5158000,2394.7178,14409.1238,62394.8623,-517018.2551,-437819.5512,-454623.39280000003
5159000,2370.3794,14345.7051,61946.0802,-517454.6133,-438792.4486,-455508.5331
5160000,2377.5667,14314.7638,61797.8221,-516004.6794,-437514.5268,-454206.85730000003
5161000,2361.8229,14297.0741,61805.0174,-515942.1558,-437478.2414,-454137.1384
5162000,2367.9952,14317.0694,61834.0726,-515866.7126,-437347.57540000003,-454032.64
5163000,2392.6945,14277.2663,62426.8908,-516729.952,-437633.1004,-454303.0612
5164000,2389.1113,14268.161,61476.5942,-515935.2012,-437801.3347,-454458.607
5165000,2359.6649,14325.9147,62250.0137,-516667.2354,-437731.6421,-454417.2217
5166000,2366.8753,14303.5893,61999.5852,-517142.8459,-438472.79610000004,-455143.2607
5167000,2390.2949,14442.9667,61851.217,-516695.6881,-438011.2095,-454844.4711
5168000,2376.1619,14335.1934,62399.4747,-517199.7786,-438088.9486,-454800.3039
5169000,2371.7446,14334.8682,61832.9395,-515996.4392,-437456.88690000004,-454163.49970000004
5170000,2371.8427,14295.0189,62654.3353,-516794.144,-437472.9471,-454139.8087
5171000,2367.8279,14437.1846,61840.6656,-515734.0766,-437088.39849999995,-453893.41099999996
5172000,2345.0714,14289.4667,61758.3873,-516035.5747,-437642.6493,-454277.1874
5173000,2394.6931,14207.5836,61967.1922,-516126.6349,-437557.166,-454159.4427
5174000,2407.6881,14430.2194,61645.7811,-515566.3355,-437082.6469,-453920.55439999996
5175000,2347.5133,14285.8793,61523.9858,-515502.2135,-437344.8351,-453978.2277
5176000,2387.5431,14353.5389,61819.0752,-516469.3059,-437909.14869999996,-454650.23069999996
5177000,2389.1731,14283.7517,62382.9614,-516884.1711,-437828.28489999997,-454501.2097
5178000,2403.937,14276.1297,61965.1363,-516166.625,-437521.422,-454201.4887
5179000,2408.3094,14434.1552,62139.1381,-517119.1463,-438137.54360000003,-454980.00820000004
5180000,2342.1912,14340.201,62463.6046,-517053.9251,-437907.9283,-454590.3205
5181000,2379.0684,14327.5725,61395.6966,-515971.2761,-437868.9386,-454575.5795
5182000,2353.5324,14325.3429,61858.8339,-516335.0479,-437797.3387,-454476.21400000004
5183000,2328.5292,14333.213,62089.2813,-516508.9804,-437757.9569,-454419.69909999997
5184000,2391.6211,14391.1555,62081.6842,-516834.3912,-437969.9304,-454752.707
5185000,2384.411,14360.1013,62322.3158,-516950.0863,-437883.25820000004,-454627.77050000004
5186000,2397.7151,14337.8188,62729.3726,-517561.2576,-438096.3511,-454831.885
5187000,2400.2978,14316.9835,62112.8046,-516283.1948,-437453.1089,-454170.3902
5188000,2380.5562,14207.1062,61514.5301,-515522.5134,-437420.3209,-454007.98329999996
5189000,2394.5817,14317.1469,61789.3564,-516040.3456,-437539.26060000004,-454250.9892
5190000,2353.7669,14358.1121,62512.5815,-516874.612,-437650.15150000004,-454362.0305
5191000,2368.7733,14399.7942,62069.4555,-516319.1061,-437481.0831,-454249.6506
5192000,2371.1475,14404.9106,61960.6119,-516145.4802,-437408.8102,-454184.8683
5193000,2344.026,14316.2937,62360.4132,-516320.8922,-437300.1593,-453960.479
5194000,2390.3179,14273.4937,61858.3608,-516423.6962,-437901.52379999997,-454565.3354
5195000,2408.3642,14399.1537,61764.5595,-515169.7926,-436597.7152,-453405.23309999995
5196000,2378.5235,14367.3748,62424.0923,-517139.7528,-437969.7622,-454715.6605
5197000,2382.0946,14291.8245,61870.8321,-515823.2586,-437278.5074,-453952.4265
5198000,2362.1088,14303.8879,61969.576,-516690.6614,-438055.08869999996,-454721.0854
5199000,2390.8487,14338.3398,62261.5369,-516900.5753,-437909.84990000003,-454639.0384
5200000,2380.5514,14260.8282,61659.3815,-515350.3019,-437049.5408,-453690.9204
5201000,2378.4237,14360.23,62520.2296,-516295.6056,-437036.7223,-453775.376
5202000,2370.9004,14271.5741,61895.9229,-515724.0586,-437185.6612,-453828.1357
5203000,2386.3005,14362.1362,61867.4729,-515593.797,-436977.8874,-453726.3241
5204000,2367.3113,14263.2808,62119.0084,-516014.4744,-437264.8739,-453895.466
5205000,2396.8891,14366.4177,61983.0013,-516148.7577,-437402.44960000005,-454165.7564
5206000,2355.8151,14359.1964,62313.1152,-516340.1246,-437311.99789999996,-454027.0094
5207000,2357.8244,14332.9373,61952.0689,-516187.5945,-437544.7639,-454235.5256
5208000,2394.8938,14386.9648,61781.658,-515761.6355,-437198.1189,-453979.9775
5209000,2367.156,14387.5009,61701.3001,-515418.0483,-436962.09130000003,-453716.74820000003
5210000,2421.1736,14441.4168,62517.7535,-517034.8351,-437654.49120000005,-454517.08160000003
5211000,2394.0391,14264.3785,62262.6278,-516637.6625,-437716.6171,-454375.03469999996
5212000,2403.8234,14422.9862,62073.7603,-516424.7976,-437524.2277,-454351.03729999997
5213000,2364.0304,14248.9364,61868.386,-516104.7718,-437623.419,-454236.3858
5214000,2359.0964,14448.6039,62203.9669,-517062.9129,-438051.24569999997,-454858.946
5215000,2351.8039,14322.4898,62259.2205,-516412.0195,-437478.50529999996,-454152.799
5216000,2361.9499,14394.9166,61942.0374,-516765.5304,-438066.6265,-454823.493
5217000,2375.3547,14297.6308,61790.8925,-516195.3536,-437731.4756,-454404.46109999996
5218000,2416.0065,14305.4797,61434.7552,-515943.7146,-437787.4732,-454508.9594
5219000,2390.2216,14343.2218,61532.201,-515571.9669,-437306.3225,-454039.7659
5220000,2402.4948,14471.6665,62026.9515,-516265.7539,-437364.6411,-454238.8024
5221000,2352.4515,14333.4713,61826.8171,-516324.6242,-437811.88430000003,-454497.80710000003
5222000,2381.5624,14270.7456,61732.0365,-516034.4469,-437650.1024,-454302.4104
5223000,2355.9351,14300.9197,61525.9874,-514854.2587,-436671.4165,-453328.2713
5224000,2356.4579,14285.2295,62307.8248,-516532.589,-437583.0768,-454224.7642
5225000,2388.8299,14344.9267,61633.96,-515321.7828,-436954.0662,-453687.82279999997
5226000,2392.2278,14455.4114,61883.8223,-515381.4177,-436649.9562,-453497.5954
5227000,2359.9207,14300.7524,62299.3216,-516556.779,-437596.78429999994,-454257.45739999996
5228000,2397.2155,14339.7081,61972.9634,-516114.6907,-437404.8037,-454141.72729999997
5229000,2399.8344,14402.423,62256.6255,-517176.8361,-438117.9532,-454920.2106
5230000,2384.1877,14378.5768,62310.6509,-516641.9171,-437568.5017,-454331.2662
5231000,2389.0109,14309.8556,61922.1754,-515664.6958,-437043.6539,-453742.5204
5232000,2367.5394,14325.0955,61748.3735,-515641.4969,-437200.48850000004,-453893.12340000004
5233000,2379.5242,14244.5875,62540.4782,-516867.0559,-437702.466,-454326.57769999997
5234000,2365.1509,14388.9877,62095.7382,-516237.1507,-437387.27390000003,-454141.4125
5235000,2407.0098,14321.4583,62021.3761,-516270.6091,-437520.7649,-454249.233
5236000,2370.5667,14390.6918,62100.8613,-516674.3361,-437812.21630000003,-454573.4748
5237000,2372.547,14308.5759,61839.1869,-515749.1724,-437228.8626,-453909.98549999995
5238000,2414.4943,14428.9072,62500.3014,-516761.2453,-437417.54240000003,-454260.9439
5239000,2407.7726,14347.5188,61946.3482,-516610.7751,-437909.13550000003,-454664.4269
5240000,2404.2462,14408.0474,62030.2859,-515962.2516,-437119.6721,-453931.9657
5241000,2413.4268,14345.326,61663.3357,-516039.6886,-437617.6001,-454376.3529
5242000,2377.0416,14325.8389,62191.1794,-516994.1487,-438100.0888,-454802.9693
5243000,2406.3007,14394.017,62074.2814,-516632.1176,-437757.5185,-454557.8362
5244000,2377.8239,14453.423,62831.6416,-517788.9519,-438126.0634,-454957.3103
5245000,2370.3418,14322.3147,62148.9467,-516574.1639,-437732.5607,-454425.21719999996
5246000,2362.5479,14267.5189,61960.4484,-516145.6624,-437555.1472,-454185.214
5247000,2374.0316,14278.0045,62123.3258,-516412.0243,-437636.66240000003,-454288.6985
5248000,2380.8191,14347.9627,62222.7777,-516309.3396,-437357.7801,-454086.56190000003
5249000,2397.7304,14400.5473,61611.2513,-515485.0507,-437075.52170000004,-453873.7994
5250000,2391.5347,14309.4639,61552.3371,-515607.0809,-437353.7452,-454054.7438
5251000,2365.7091,14312.0744,61855.9391,-516511.9023,-437978.1797,-454655.9632
5252000,2429.2292,14392.5652,62190.9938,-516203.4299,-437190.6417,-454012.4361
5253000,2357.516,14277.175,61602.2345,-515425.47,-437188.54449999996,-453823.23549999995
5254000,2364.1681,14364.2882,62095.0256,-516234.4207,-437410.9388,-454139.3951
5255000,2363.3837,14391.5988,62100.3521,-516361.3995,-437506.0649,-454261.0474
5256000,2407.5409,14339.6538,62179.0621,-516227.283,-437301.02619999996,-454048.2209
5257000,2417.1031,14287.7975,62065.1409,-516467.0618,-437697.02030000003,-454401.9209
5258000,2370.2861,14305.7815,62275.5817,-516821.8763,-437870.227,-454546.2946
5259000,2370.014,14273.159,62162.9681,-516685.2125,-437879.0714,-454522.2444
5260000,2392.2967,14398.1338,62679.4079,-517085.9086,-437616.0702,-454406.50070000003
5261000,2362.2353,14421.7009,62012.4993,-516952.1457,-438155.7102,-454939.64639999997
5262000,2380.4238,14316.9475,62232.5998,-516795.7391,-437865.76800000004,-454563.1393
5263000,2372.9386,14388.5358,62234.8355,-516280.2994,-437283.9895,-454045.46390000003
5264000,2386.6768,14384.8994,62173.0675,-516350.2321,-437405.5884,-454177.1646
5265000,2372.4452,14254.0022,62065.4988,-515467.9849,-436776.0387,-453402.4861
5266000,2369.0277,14312.1821,61764.2953,-515864.5595,-437419.05439999996,-454100.2642
5267000,2363.542,14394.5371,61670.2606,-515467.4762,-437039.13649999996,-453797.2156
5268000,2387.47,14360.525,62075.6248,-516172.9614,-437349.3416,-454097.3366
5269000,2394.0534,14336.0178,62329.1854,-516265.5588,-437206.30220000003,-453936.3734
5270000,2371.32,14267.5027,61810.7298,-516094.8103,-437645.2578,-454284.08050000004
5271000,2373.1847,14330.0723,61675.8171,-515241.0151,-436861.941,-453565.19800000003
5272000,2364.5704,14341.7051,61932.2615,-516480.2466,-437841.7096,-454547.9851
5273000,2356.4885,14312.1112,62243.3,-517121.9483,-438210.0486,-454878.6483
5274000,2415.1417,14339.0706,62119.701,-516198.5775,-437324.6642,-454078.8765
5275000,2380.7367,14335.2927,62032.8703,-516183.4574,-437434.5577,-454150.5871
5276000,2385.3617,14336.5729,61892.7725,-516740.338,-438125.6309,-454847.56549999997
5277000,2399.5819,14408.727,61733.7436,-515793.2687,-437251.2162,-454059.5251
5278000,2415.707,14409.4945,61736.7653,-515670.8291,-437108.8623,-453934.0638
5279000,2383.2266,14355.1747,62057.01,-516062.9294,-437267.5181,-454005.9194
5280000,2364.7801,14341.2778,62522.0987,-516852.6428,-437624.4862,-454330.54409999994
5281000,2386.8737,14294.0847,61769.9971,-515737.4398,-437286.4843,-453967.4427
5282000,2375.2685,14401.072,62082.1569,-517046.8584,-438188.36100000003,-454964.7015
5283000,2394.7232,14346.8949,61478.7233,-515312.2948,-437091.9534,-453833.57149999996
5284000,2361.3219,14323.3941,62068.1576,-516339.7922,-437586.91860000003,-454271.63460000005
5285000,2372.6829,14302.6608,61990.5826,-516169.7131,-437503.7868,-454179.13049999997
5286000,2392.8529,14307.8866,62003.7993,-516392.0242,-437687.4854,-454388.2249
5287000,2375.8409,14375.2598,62419.7124,-517133.2163,-437962.40319999994,-454713.50389999995
5288000,2382.9117,14376.4674,61961.6061,-516376.4384,-437655.4532,-454414.8323
5289000,2390.3038,14361.0151,62076.3366,-516204.1341,-437376.47860000003,-454127.79750000004
5290000,2398.232,14289.1394,62103.9758,-516470.154,-437678.80679999996,-454366.17819999997
5291000,2369.3278,14323.6464,61661.2092,-516166.0224,-437811.83900000004,-454504.81320000003
5292000,2418.0316,14333.0771,61874.3401,-515836.4541,-437211.00529999996,-453962.11399999994
5293000,2430.7179,14413.1367,62331.9471,-516789.1994,-437613.3977,-454457.2523
5294000,2405.7099,14387.1218,62085.0984,-516661.7066,-437783.7765,-454576.60819999996
5295000,2371.9177,14388.4216,62000.9573,-515916.1167,-437154.8201,-453915.1594
5296000,2346.5137,14399.0572,61559.1608,-515978.48,-437673.7483,-454419.31919999997
5297000,2375.7841,14304.4683,61758.447,-516194.1723,-437755.4729,-454435.7253
5298000,2389.5159,14402.9582,61936.3402,-516031.7549,-437302.9406,-454095.4147
5299000,2397.1955,14333.9284,62175.4729,-517008.8405,-438102.2437,-454833.3676
5300000,2383.7652,14379.9485,61804.8648,-516420.4332,-437851.8547,-454615.56840000005
5301000,2378.9411,14353.7608,62135.6741,-516491.75,-437623.374,-454356.0759
5302000,2378.4732,14340.975,61689.4738,-515921.8354,-437512.91339999996,-454232.3616
5303000,2367.6513,14320.7058,62151.8533,-516180.122,-437339.9116,-454028.26869999996
5304000,2409.6453,14409.3609,61975.8255,-516359.0618,-437564.23010000004,-454383.23630000005
5305000,2340.9081,14322.3733,61760.6606,-515881.4338,-437457.49179999996,-454120.7732
5306000,2368.3636,14397.9606,62219.2154,-516543.6041,-437558.0645,-454324.3887
5307000,2383.7348,14440.9208,61623.0926,-515557.6901,-437109.9419,-453934.59750000003
5308000,2392.3009,14398.7615,61495.7112,-516011.8348,-437725.0612,-454516.1236
5309000,2364.5075,14337.8718,61341.8233,-515128.7539,-437084.55130000005,-453786.9306
5310000,2401.8589,14295.7359,62046.8783,-516497.7248,-437753.2517,-454450.84650000004
5311000,2382.3258,14264.9424,62037.1042,-516164.31,-437479.9376,-454127.2058
5312000,2367.174,14297.1262,61790.7207,-516215.6108,-437760.5899,-454424.8901
5313000,2351.9109,14340.0271,61747.3807,-516378.8008,-437939.4821,-454631.42010000005
5314000,2344.5742,14411.6434,61475.7003,-515420.3551,-437188.4372,-453944.6548
5315000,2343.9301,14386.4831,61903.7243,-516175.9133,-437541.7758,-454272.189
5316000,2387.6328,14293.4786,61820.0736,-516383.4009,-437882.2159,-454563.3273
5317000,2376.8496,14378.9934,62339.1372,-516624.2537,-437529.2735,-454285.1165
5318000,2360.6745,14336.2823,61586.3859,-516024.4941,-437741.1514,-454438.1082
5319000,2362.2107,14387.0495,62040.6507,-516214.4171,-437424.5062,-454173.7664
5320000,2409.0379,14269.9939,62142.0254,-516161.0092,-437339.952,-454018.9838
5321000,2348.0468,14332.0202,62131.6991,-516071.3724,-437259.6063,-453939.6733
5322000,2409.3346,14384.0821,62361.1979,-517113.5883,-437958.9737,-454752.39040000003
5323000,2356.3522,14300.7449,61742.9094,-515680.7962,-437280.78969999996,-453937.8868
5324000,2327.3331,14429.9824,62735.5786,-517677.0184,-438184.1243,-454941.4398
5325000,2377.9347,14432.5364,62324.4005,-516259.7177,-437124.84609999997,-453935.3172
5326000,2379.6838,14433.1922,61627.1639,-516467.2867,-438027.24679999996,-454840.1228
5327000,2404.3113,14497.0518,61986.318,-515361.5391,-436473.858,-453375.22109999997
5328000,2378.8598,14368.9247,62171.1728,-516497.6616,-437578.7043,-454326.4888
5329000,2377.8564,14390.1864,61798.2977,-515482.1416,-436915.8011,-453683.8439
5330000,2376.2736,14313.3658,61948.078,-516628.7296,-437991.0122,-454680.65160000004
5331000,2380.7119,14380.0073,62024.7393,-516627.6191,-437842.1606,-454602.8798
5332000,2383.2327,14346.3944,61560.0492,-515279.0013,-436989.325,-453718.9521
5333000,2357.9331,14350.6173,61283.1219,-515290.6033,-437298.931,-454007.48140000005
5334000,2385.5168,14319.9784,61979.4266,-516431.8695,-437746.94769999996,-454452.44289999997
5335000,2394.0427,14343.5678,62237.6835,-516582.9999,-437607.7059,-454345.3164
5336000,2373.2495,14322.0731,61839.3533,-516418.6532,-437883.9773,-454579.2999
5337000,2362.8578,14390.4507,62182.4209,-516840.1146,-437904.38519999996,-454657.69369999995
5338000,2405.0622,14338.8844,61926.5556,-516206.7844,-437536.2822,-454280.2288
5339000,2379.3688,14469.9783,61927.691,-516162.1945,-437385.1564,-454234.5035
5340000,2356.8316,14366.9853,62158.3243,-516216.6976,-437334.5564,-454058.37330000004
5341000,2331.818,14308.0131,61941.4986,-516601.1329,-438019.8032,-454659.63430000003
5342000,2365.0989,14386.5342,62061.3055,-516662.1929,-437849.25430000003,-454600.8874
5343000,2377.762,14395.3944,62038.1504,-516605.7219,-437794.4151,-454567.5715
5344000,2373.9144,14313.8737,61585.3341,-515720.792,-437447.66980000003,-454135.45790000004
5345000,2379.7693,14395.391,62101.1706,-516156.2377,-437279.9068,-454055.0671
5346000,2432.2268,14352.7896,61946.145,-516467.736,-437736.5746,-454521.59099999996
5347000,2388.8315,14405.5251,61622.7548,-516247.0118,-437829.9004,-454624.257
5348000,2369.7284,14339.1454,62387.8663,-517216.9459,-438120.2058,-454829.0796
5349000,2416.0028,14420.551,61865.0376,-516119.0787,-437417.48730000004,-454254.04110000003
5350000,2404.954,14398.0312,61502.7364,-515340.5872,-437034.8656,-453837.8508
5351000,2367.4422,14348.3271,62487.1587,-517268.4103,-438065.4823,-454781.25159999996
5352000,2393.9031,14484.0374,61862.6083,-516237.5742,-437497.0254,-454374.96589999995
5353000,2388.4206,14290.9366,62167.5052,-516156.7049,-437309.8425,-453989.1997
5354000,2399.5073,14418.3054,61557.2935,-515562.4201,-437187.3139,-454005.12659999996
5355000,2387.9897,14397.7492,61813.3031,-516041.7657,-437442.7237,-454228.46259999997
5356000,2377.017,14333.4784,61908.0459,-516097.5325,-437478.9912,-454189.48659999995
5357000,2384.1723,14428.7663,61982.0562,-516265.7132,-437470.7184,-454283.657
5358000,2417.973,14454.6532,62291.6962,-516306.3841,-437142.0617,-454014.6879
5359000,2389.9021,14392.0837,62505.0406,-516376.6144,-437089.588,-453871.5738
5360000,2384.4243,14340.818,62221.7944,-516731.4215,-437784.3848,-454509.6271
5361000,2380.6673,14382.567,61641.1429,-515977.1651,-437572.7879,-454336.0222
5362000,2380.9351,14298.3454,61800.3424,-516275.8095,-437796.18659999996,-454475.46709999995
5363000,2375.488,14334.1345,62045.9765,-516042.9352,-437287.3362,-453996.9587
5364000,2376.2725,14353.9841,62172.3021,-516573.3394,-437670.7807,-454401.03729999997
5365000,2378.8056,14370.7504,61613.0872,-515392.8688,-437030.2256,-453779.7816
5366000,2404.666,14354.8816,62014.4345,-516770.6856,-437996.7035,-454756.2511
5367000,2390.2835,14416.5322,61917.1893,-516034.9997,-437310.9947,-454117.81039999996
5368000,2392.047,14390.1959,61899.0527,-516251.2246,-437569.929,-454352.1719
5369000,2379.2721,14448.9418,62337.4441,-516457.5991,-437291.9411,-454120.15499999997
5370000,2392.046,14447.0142,61944.0403,-516433.0765,-437649.976,-454489.03620000003
5371000,2364.6513,14348.3543,62216.7533,-516520.6642,-437590.9053,-454303.9109
5372000,2417.3918,14471.0488,62222.5263,-516871.7443,-437760.7774,-454649.218
5373000,2363.875,14239.7585,61868.0375,-516396.0101,-437924.3391,-454527.97260000004
5374000,2408.0428,14401.6835,61831.9902,-516666.8143,-438025.09780000005,-454834.8241
5375000,2380.1254,14296.4156,61621.5908,-515760.7891,-437462.65729999996,-454139.1983
5376000,2380.251,14307.5397,62003.7686,-515799.2772,-437107.71790000005,-453795.5086
5377000,2363.6001,14290.1379,62128.5335,-516558.8661,-437776.59459999995,-454430.33259999997
5378000,2406.871,14336.9828,61583.7567,-515954.3086,-437626.6981,-454370.55189999996
5379000,2400.8969,14391.6072,61988.7121,-516499.9695,-437718.7533,-454511.2574
5380000,2374.5854,14294.7993,62379.4024,-516498.8586,-437450.07149999996,-454119.45619999996
5381000,2381.9068,14284.3526,61991.0008,-516332.6428,-437675.38259999995,-454341.642
5382000,2380.1731,14314.9454,61704.1024,-515679.9291,-437280.7082,-453975.8267
5383000,2392.7117,14421.0814,61997.3619,-515900.6976,-437089.54260000004,-453903.3357
5384000,2373.0194,14394.8367,62139.2575,-516306.679,-437399.5654,-454167.4215
5385000,2375.1361,14349.4083,62202.5211,-516259.5179,-437332.45239999995,-454056.99679999996
5386000,2382.729,14391.1626,60940.5339,-514659.8534,-436945.4279,-453719.31950000004
5387000,2354.7237,14286.3578,61986.8034,-516633.2162,-438005.3313,-454646.41280000005
5388000,2361.8361,14310.4648,61498.1339,-515110.349,-436939.9142,-453612.2151
5389000,2379.5761,14286.141,61966.1476,-516289.0355,-437657.17079999996,-454322.8879
5390000,2391.3894,14410.9036,62423.7942,-516762.8329,-437536.74569999997,-454339.0387
5391000,2387.114,14310.1387,61672.0439,-515826.9887,-437457.6921,-454154.9448
5392000,2371.6477,14373.5564,62032.7639,-515788.2714,-437010.30340000003,-453755.5075
5393000,2400.0051,14360.7575,62444.6601,-516351.6247,-437146.202,-453906.9646
5394000,2377.3459,14389.6166,61244.2882,-515416.4294,-437405.17870000005,-454172.1412
5395000,2392.1238,14398.4121,62178.1219,-516146.5484,-437177.89060000004,-453968.42650000006
5396000,2396.8909,14384.9367,61909.4108,-515724.9832,-437033.7448,-453815.5724
5397000,2399.7015,14425.7143,61711.4899,-515563.5018,-437026.5961,-453852.01190000004
5398000,2408.3949,14279.1781,62159.9,-516191.6665,-437344.1935,-454031.76649999997
5399000,2401.8595,14325.6984,62337.6486,-516474.2028,-437408.9963,-454136.5542
5400000,2383.043,14351.0032,62063.676,-516328.4613,-437530.7391,-454264.78530000005
5401000,2392.7888,14398.3861,62278.7208,-517115.4364,-438045.5407,-454836.7156
5402000,2359.905,14322.066,62487.3071,-517225.1422,-438055.8641,-454737.8351
5403000,2373.0664,14285.5221,62097.7,-517124.875,-438368.5865,-455027.175
5404000,2362.0451,14427.7356,61671.0132,-515936.1563,-437475.3624,-454265.1431
5405000,2383.9925,14325.7412,62356.4186,-516582.4192,-437516.2669,-454226.0006
5406000,2349.3829,14385.4291,61617.4379,-515763.8496,-437411.5997,-454146.4117
5407000,2378.3271,14325.0159,61939.4649,-515992.9102,-437350.10229999997,-454053.44529999996
5408000,2369.3959,14282.471,62596.9361,-517521.9418,-438273.13879999996,-454925.0057
5409000,2406.3124,14310.7705,62264.5755,-516399.7125,-437418.0541,-454135.13700000005
5410000,2349.57,14239.563,62194.4353,-516761.5597,-437977.9914,-454567.1244
5411000,2389.2467,14280.5052,61654.3352,-515925.6727,-437601.5856,-454271.3375
5412000,2397.6908,14348.9796,61794.6911,-515704.4602,-437163.0987,-453909.7691
5413000,2406.1637,14436.051,62196.1251,-516190.5522,-437152.21239999996,-453994.4271
5414000,2370.026,14235.4271,61609.4627,-515718.0115,-437503.09570000006,-454108.54880000005
5415000,2378.7875,14343.4502,61884.0879,-516588.8002,-437982.4746,-454704.7123
5416000,2370.8611,14329.5236,61742.4476,-515675.8554,-437233.0231,-453933.4078
5417000,2399.8843,14384.3448,61553.1042,-515592.9075,-437255.5742,-454039.80329999997
5418000,2390.7312,14363.2166,61801.147,-515501.747,-436946.6522,-453700.6
5419000,2395.1997,14379.2673,61514.8822,-515473.1666,-437183.8174,-453958.2844
5420000,2375.882,14248.0459,62043.4915,-515546.4147,-436878.9953,-453502.9232
5421000,2393.1545,14287.4874,61784.7354,-515731.9287,-437266.5514,-453947.1933
5422000,2390.8635,14301.0534,61084.6452,-514851.9771,-437075.41500000004,-453767.3319
5423000,2388.2535,14358.2464,62101.9132,-516641.3983,-437792.9852,-454539.4851
5424000,2350.2606,14305.9613,61965.7962,-515859.5384,-437237.52030000003,-453893.74220000004
5425000,2390.7308,14372.6355,61756.7498,-516251.7596,-437731.6435,-454495.0098
5426000,2426.975,14333.7285,61829.493,-516125.9846,-437535.7881,-454296.4916
5427000,2352.0256,14303.9005,62310.4517,-516901.5557,-437935.1779,-454591.10400000005
5428000,2361.4345,14348.6794,61966.9353,-516525.9277,-437848.8785,-454558.9924
5429000,2351.7269,14291.9432,62074.3994,-516229.46,-437511.39050000004,-454155.0606
5430000,2391.3076,14276.179,62052.5178,-516077.3802,-437357.37580000004,-454024.8624
5431000,2378.5495,14392.7285,62460.1241,-516458.0063,-437226.6042,-453997.8822
5432000,2372.5963,14235.2538,62516.8075,-516505.6139,-437380.95629999996,-453988.8064
5433000,2362.1938,14394.5701,61883.788,-516249.1107,-437608.5588,-454365.3227
5434000,2335.9825,14337.3787,62346.3691,-516572.6348,-437552.9045,-454226.2657
5435000,2352.3079,14271.2159,61784.3569,-516053.507,-437645.6263,-454269.15009999997
5436000,2354.5168,14315.1368,61850.9634,-516115.4377,-437594.82070000004,-454264.4743
5437000,2346.4764,14300.3449,62243.5517,-516787.9437,-437897.5707,-454544.392
5438000,2367.7557,14371.8012,62073.3696,-515880.7398,-437067.8133,-453807.3702
5439000,2383.337,14380.8165,61481.808,-515601.8629,-437355.9014,-454120.0549
5440000,2351.3747,14355.9295,61973.6321,-516052.0401,-437371.1038,-454078.408
5441000,2370.4182,14335.5658,62567.7343,-516481.4195,-437207.7012,-453913.6852
5442000,2396.0304,14356.7069,61906.8448,-516831.5901,-438172.008,-454924.74529999995
5443000,2360.8341,14259.7344,62053.0424,-516376.649,-437703.0381,-454323.6066
5444000,2371.5246,14371.4447,61898.3051,-516265.9391,-437624.6647,-454367.634
5445000,2399.1255,14373.9421,62286.1274,-516402.9871,-437343.7921,-454116.85970000003
5446000,2394.2572,14363.2528,61983.505,-516763.5926,-438022.57759999996,-454780.08759999997
5447000,2370.67,14324.1323,62112.4068,-516618.7279,-437811.5188,-454506.3211
5448000,2376.5558,14316.3426,62363.9411,-516824.0273,-437767.1878,-454460.0862
5449000,2378.1563,14341.2848,61757.22,-515686.3651,-437209.704,-453929.14509999997
5450000,2406.3414,14428.2787,61888.1888,-515424.579,-436701.7701,-453536.3902
5451000,2353.8243,14363.2037,62297.8574,-516809.0165,-437794.1311,-454511.15910000005
5452000,2375.2036,14444.3285,61660.481,-515894.0027,-437413.98960000003,-454233.52170000004
5453000,2383.5015,14326.4445,61784.7207,-515691.1008,-437196.4341,-453906.3801
5454000,2385.9174,14386.1713,62280.5204,-516196.4929,-437143.8838,-453915.97250000003
5455000,2365.2657,14334.9616,62357.6471,-516187.7723,-437129.8979,-453830.1252
5456000,2369.3122,14310.9934,61881.8631,-516294.1797,-437732.01099999994,-454412.31659999996
5457000,2329.5675,14317.4556,62134.7227,-516660.4947,-437878.7489,-454525.772
5458000,2366.1978,14453.1363,62302.9042,-516904.2005,-437781.96219999995,-454601.2963
5459000,2355.1052,14322.8959,61860.7653,-516108.9817,-437570.21530000004,-454248.21640000003
5460000,2380.0103,14477.4864,61958.6332,-515947.2587,-437131.1288,-453988.6255
5461000,2379.5598,14333.9142,62203.2849,-516310.9694,-437394.2105,-454107.6845
5462000,2354.5138,14289.3008,61633.057,-515537.6573,-437260.7857,-453904.60030000005
5463000,2388.006,14414.84,61834.6732,-516251.9504,-437614.4312,-454417.27719999995
5464000,2365.485,14420.2561,62427.9426,-517055.0901,-437841.4064,-454627.14749999996
5465000,2388.0983,14395.7574,62099.3761,-516605.0854,-437721.8536,-454505.7093
5466000,2385.4891,14388.3836,61784.484,-516734.0863,-438175.7296,-454949.6023
5467000,2394.7546,14370.2275,61414.2163,-515252.3835,-437073.1851,-453838.1672
5468000,2413.2518,14414.5488,61986.3539,-516428.943,-437614.7885,-454442.58910000004
5469000,2387.5953,14400.2078,61876.5587,-515762.91,-437098.54819999996,-453886.3513
5470000,2377.2244,14372.2736,61772.5934,-516457.8054,-437935.71400000004,-454685.212
5471000,2393.7255,14403.8089,61693.8621,-515759.2643,-437267.8678,-454065.4022
5472000,2389.7798,14312.2226,61792.948,-516383.6136,-437888.66319999995,-454590.6656
5473000,2380.6535,14392.753,62396.5358,-517502.4928,-438332.5505,-455105.957
5474000,2380.146,14343.4817,62146.7445,-516321.78,-437451.40780000004,-454175.0355
5475000,2412.7164,14357.9135,62474.3808,-517067.9871,-437822.97640000004,-454593.60630000004
5476000,2364.5732,14414.2639,62011.4646,-516566.4621,-437776.1604,-454554.9975
5477000,2385.3668,14289.7843,62762.434,-517597.5598,-438159.9747,-454835.1258
5478000,2382.2869,14322.3376,62146.8461,-516869.2451,-438017.7745,-454722.399
5479000,2353.7853,14380.6773,61730.7892,-516238.6536,-437773.4018,-454507.8644
5480000,2356.0404,14278.8225,61994.5214,-516941.3188,-438311.9345,-454946.79740000004
5481000,2349.5967,14326.7266,62005.7128,-516690.2665,-438008.2304,-454684.55370000005
5482000,2368.7249,14276.7182,62507.4249,-517414.7105,-438261.84249999997,-454907.2856
5483000,2380.5189,14296.6044,61587.7448,-516088.0161,-437823.14800000004,-454500.2713
5484000,2373.8084,14331.9336,62420.7948,-516889.1186,-437762.5818,-454468.3238
5485000,2398.8707,14360.4272,61933.0966,-516221.4388,-437529.0443,-454288.3422
5486000,2375.6422,14332.0971,61813.7922,-516066.8222,-437545.2907,-454253.02999999997
5487000,2400.6845,14305.0824,62496.0401,-517759.1613,-438557.3543,-455263.1212
5488000,2394.6451,14330.9546,61809.9049,-515794.3065,-437258.8019,-453984.4016
5489000,2319.2082,14282.6479,62276.0305,-516838.3932,-437960.50659999996,-454562.3627
5490000,2372.6913,14330.4271,62171.4601,-516340.118,-437465.5395,-454168.6579
5491000,2411.2286,14308.3976,62293.054,-516945.0152,-437932.335,-454651.9612
5492000,2396.1377,14357.9253,61793.1913,-516113.7802,-437566.5259,-454320.5889
5493000,2361.1508,14308.9275,62098.667,-516501.4729,-437732.7276,-454402.8059
5494000,2382.4923,14389.5446,62880.1868,-517053.4607,-437401.23699999996,-454173.2739
5495000,2361.1771,14285.6206,61807.5562,-516900.4958,-438446.1419,-455092.9396
5496000,2393.6295,14291.9236,61366.6669,-514945.916,-436893.696,-453579.2491
5497000,2398.231,14209.9493,61606.2099,-516188.0911,-437973.70090000005,-454581.8812
5498000,2399.0047,14267.4919,62453.4592,-517345.3705,-438225.4147,-454891.91130000004
5499000,2386.0448,14252.4262,62196.8058,-517356.2664,-438520.98960000003,-455159.4606
5500000,2377.5137,14398.6057,61568.0189,-516267.7987,-437923.6604,-454699.77979999996
5501000,2389.3246,14391.7917,62007.0629,-516517.5238,-437729.3446,-454510.4609
5502000,2366.9701,14370.8495,62285.3574,-516600.8358,-437577.6588,-454315.4784
5503000,2369.6987,14276.9628,62035.3402,-516876.1163,-438194.1146,-454840.7761
5504000,2388.2212,14384.5934,62102.6489,-516641.9428,-437766.4793,-454539.29390000005
5505000,2367.1137,14288.6734,61913.4101,-516219.9166,-437650.7194,-454306.5065
5506000,2367.7221,14286.2292,61762.1302,-515763.4142,-437347.3327,-454001.284
5507000,2363.7157,14327.7382,62017.264,-515733.0264,-437024.3085,-453715.76239999995
5508000,2382.9221,14334.1507,61775.4073,-516177.6668,-437685.1867,-454402.2595
5509000,2403.3718,14332.1534,62192.4669,-516218.1534,-437290.16130000004,-454025.6865
5510000,2404.1414,14281.0831,61709.7401,-515543.966,-437149.0014,-453834.2259
5511000,2366.859,14317.3159,61135.125,-514928.1252,-437108.8253,-453793.0002
5512000,2382.5521,14355.2744,62179.0183,-516920.3747,-438003.52989999996,-454741.3564
5513000,2376.2586,14257.9078,62122.2146,-516100.2914,-437343.9104,-453978.0768
5514000,2388.2006,14338.4596,62627.0943,-516827.2384,-437473.4839,-454200.1441
5515000,2357.7909,14298.2838,62002.8012,-516801.3047,-438142.4288,-454798.5035
5516000,2373.8079,14285.0169,61882.6947,-516254.6177,-437713.0982,-454371.923
5517000,2372.4156,14281.876,62012.0814,-516072.0016,-437405.6286,-454059.9202
5518000,2379.3431,14254.8874,61553.425,-515819.1196,-437631.4641,-454265.6946
5519000,2399.6549,14332.9813,62049.3537,-516588.1319,-437806.142,-454538.7782
5520000,2397.2023,14322.3857,62217.2338,-516535.9853,-437599.1635,-454318.7515
5521000,2404.7591,14351.7017,62588.2947,-516727.9429,-437383.18740000005,-454139.64820000005
5522000,2370.0824,14286.8189,61890.2304,-515865.5688,-437318.4371,-453975.3384
5523000,2375.8757,14267.9176,62471.0478,-516805.1332,-437690.29209999996,-454334.0854
5524000,2406.8517,14345.6111,61496.9191,-515379.3009,-437129.919,-453882.3818
5525000,2390.4981,14344.4664,62206.6736,-516124.196,-437182.5579,-453917.5224
5526000,2375.3864,14390.704,61799.1204,-515803.3235,-437238.1127,-454004.2031
5527000,2390.5503,14421.131,62070.6223,-515861.8159,-436979.5123,-453791.1936
5528000,2394.928,14225.2965,62309.889,-516893.9253,-437963.8118,-454584.0363
5529000,2398.5644,14298.4772,62152.1216,-516473.7737,-437624.6105,-454321.6521
5530000,2375.3854,14366.0851,62015.0626,-516256.6604,-437500.1273,-454241.5978
5531000,2373.479,14282.2846,62172.1987,-516111.0593,-437283.097,-453938.8606
5532000,2371.5233,14278.1066,61627.1273,-515727.8097,-437451.0525,-454100.6824
5533000,2387.5633,14280.6835,62338.0681,-516764.5078,-437758.1929,-454426.43970000005
5534000,2363.6348,14180.5613,62262.638,-516693.2791,-437886.44499999995,-454430.6411
5535000,2349.6876,14197.7479,62026.4729,-516175.5965,-437601.68809999997,-454149.1236
5536000,2399.8614,14305.6735,61755.7012,-515898.523,-437437.28689999995,-454142.8218
5537000,2394.9812,14307.8034,62002.4012,-516162.8548,-437457.669,-454160.45359999995
5538000,2389.0382,14261.322,62306.7434,-516136.5746,-437179.471,-453829.8312
5539000,2379.5714,14236.6909,62179.7814,-516499.2245,-437703.18080000003,-454319.44310000003
5540000,2355.0217,14190.7872,62363.7724,-516593.255,-437683.6737,-454229.4826
5541000,2338.9532,14325.3863,61497.7628,-515840.2242,-437678.1219,-454342.46140000003
5542000,2348.7641,14269.4829,61511.5362,-515990.8527,-437861.0695,-454479.31649999996
5543000,2381.0852,14351.5456,61630.1696,-515859.1163,-437496.3159,-454228.9467
5544000,2395.4593,14349.662,61768.9706,-516065.7015,-437551.6096,-454296.7309
5545000,2367.5498,14325.7845,62110.487,-516145.2459,-437341.42459999997,-454034.75889999996
5546000,2400.4294,14315.3285,61786.4482,-515789.5548,-437287.3487,-454003.1066
5547000,2360.777,14359.2143,62102.6746,-517066.8594,-438244.19350000005,-454964.18480000005
5548000,2375.3139,14351.2961,61616.3703,-516462.2552,-438119.2749,-454845.8849
5549000,2398.1231,14380.3484,61777.7966,-516203.5273,-437647.25920000003,-454425.7307
5550000,2360.1518,14307.8282,62589.8981,-516963.9883,-437706.1102,-454374.09020000004
5551000,2373.2007,14374.0907,61607.8184,-515418.5358,-437063.426,-453810.7174
5552000,2362.6028,14421.0678,62009.147,-516259.2743,-437466.4567,-454250.1273
5553000,2393.6666,14213.2733,61719.7852,-516062.9596,-437736.2345,-454343.1744
5554000,2399.7526,14287.5328,61427.6867,-515614.4619,-437499.4898,-454186.7752
5555000,2369.8357,14350.2433,61782.8473,-516523.1026,-438020.1763,-454740.25529999996
5556000,2350.2334,14336.4065,62317.5565,-516897.5969,-437893.4005,-454580.0404
5557000,2411.026,14371.6733,62290.6325,-516947.041,-437873.70920000004,-454656.4085
5558000,2372.5248,14372.8192,62679.3675,-517626.4046,-438201.69310000003,-454947.0371
5559000,2371.2442,14318.7687,61920.9212,-515825.3459,-437214.4118,-453904.42470000003
5560000,2423.524,14351.9704,62047.1897,-516225.774,-437403.08989999996,-454178.5843
5561000,2383.0618,14289.4038,62063.1812,-516615.4946,-437879.8478,-454552.3134
5562000,2351.6552,14369.9657,62232.2569,-516801.4838,-437847.60599999997,-454569.2269
5563000,2386.5128,14294.5099,61818.516,-516148.634,-437649.09530000004,-454330.118
5564000,2351.3417,14366.0074,61777.2169,-515391.9423,-436897.3763,-453614.7254
5565000,2378.7048,14452.8741,61808.7943,-515640.9394,-437000.5662,-453832.14509999997
5566000,2378.6661,14345.9841,61893.9436,-516556.87,-437938.27619999996,-454662.9264
5567000,2402.402,14274.3418,62215.1493,-516598.6047,-437706.71160000004,-454383.45540000004
5568000,2371.6845,14312.3524,62294.1749,-516247.1564,-437268.9446,-453952.9815
5569000,2396.6529,14350.1769,62003.5885,-516615.3092,-437864.8909,-454611.7207
5570000,2372.0381,14301.7312,61820.0061,-516201.1059,-437707.33050000004,-454381.0998
5571000,2356.9999,14319.0732,62198.3336,-517314.7383,-438440.33160000003,-455116.4047
5572000,2382.2518,14241.3433,61894.3836,-516634.3377,-438116.35899999994,-454739.9541
5573000,2392.3475,14348.1856,62815.303,-518076.2354,-438520.3993,-455260.9324
5574000,2358.3618,14210.3202,61685.6906,-516101.8869,-437847.5143,-454416.19629999995
5575000,2384.3689,14386.3466,62098.0898,-516690.2395,-437821.4342,-454592.1497
5576000,2372.4605,14358.1464,62564.8034,-517268.317,-437972.9067,-454703.5136
5577000,2380.0955,14302.8541,62412.9222,-516852.6918,-437756.81999999995,-454439.7696
5578000,2383.8375,14359.3822,61846.068,-516245.2119,-437655.9242,-454399.1439
5579000,2379.7394,14331.3758,61902.6242,-516538.1723,-437924.4329,-454635.54809999996
5580000,2374.9924,14338.4052,62699.9269,-516981.83,-437568.5055,-454281.9031
5581000,2390.7693,14311.1885,60908.6396,-514703.43,-437092.83259999997,-453794.7904
5582000,2389.0926,14375.0945,61908.083,-515545.8595,-436873.58940000006,-453637.77650000004
5583000,2403.9114,14292.2491,61741.1135,-515863.4652,-437426.1912,-454122.3517
5584000,2405.6287,14397.8262,61727.2131,-515338.0968,-436807.4288,-453610.8837
5585000,2408.3551,14337.5399,61458.7341,-515554.2642,-437349.63509999996,-454095.5301
5586000,2433.6667,14343.9634,62348.2219,-516459.8389,-437333.98689999996,-454111.61699999997
5587000,2389.6745,14249.4771,62733.666,-516468.4432,-437095.62559999997,-453734.7772
5588000,2386.378,14380.7643,61666.3117,-516213.8585,-437780.40449999995,-454547.54679999995
5589000,2399.2385,14302.9116,61656.5476,-515469.3869,-437110.6892,-453812.8393
5590000,2385.5711,14330.5012,62054.8259,-516050.7976,-437279.8994,-453995.9717
5591000,2379.0489,14230.1033,61816.895,-516123.891,-437697.84380000003,-454306.996
5592000,2386.2591,14340.6909,61939.2343,-516507.2993,-437841.115,-454568.065
5593000,2316.0322,14270.2341,62017.8297,-516004.3145,-437400.21849999996,-453986.4848
5594000,2360.7398,14369.401,62400.0209,-516809.309,-437679.1473,-454409.2881
5595000,2393.5039,14290.182,61820.6339,-515739.6128,-437235.293,-453918.9789
5596000,2405.21,14249.0125,62077.8539,-516219.3188,-437487.2424,-454141.4649
5597000,2391.2147,14284.6745,62114.4186,-516394.3186,-437604.0108,-454279.9
5598000,2404.846,14285.7489,61995.8085,-515629.7504,-436943.347,-453633.94190000003
5599000,2374.2896,14208.6293,62112.7442,-516407.2278,-437711.5647,-454294.4836
5600000,2332.1534,14249.9021,62052.6547,-516963.8848,-438329.1746,-454911.2301
5601000,2413.2139,14259.8217,61859.8265,-516490.5125,-437957.65040000004,-454630.686
5602000,2401.6936,14360.4015,61867.3731,-516766.7101,-438137.2419,-454899.33700000006
5603000,2312.9229,14264.542,62197.679,-516719.4259,-437944.282,-454521.74689999997
5604000,2352.6401,14296.7464,61999.6351,-516487.2836,-437838.262,-454487.6485
5605000,2382.4754,14246.1188,61615.2923,-516300.6867,-438056.80020000006,-454685.3944
5606000,2394.9668,14316.6343,61756.9125,-515580.5035,-437111.9899,-453823.591
5607000,2394.12,14341.6784,62415.9674,-517085.7229,-437933.9571,-454669.75549999997
5608000,2401.9544,14393.6418,61501.7682,-515146.1637,-436848.79929999996,-453644.3955
5609000,2382.3733,14330.8188,61598.7703,-515965.2133,-437653.2509,-454366.443
5610000,2358.359,14195.5696,61599.4207,-515483.8015,-437330.4522,-453884.3808
5611000,2359.9741,14159.0304,61676.9061,-515538.1064,-437342.1958,-453861.20029999997
5612000,2394.3539,14307.156,62020.9259,-516376.0645,-437653.6287,-454355.13859999995
5613000,2383.3297,14342.5561,62152.8951,-516100.2133,-437221.4324,-453947.3182
5614000,2392.382,14276.919,62636.8246,-516649.8304,-437343.70479999995,-454013.0058
5615000,2399.218,14315.9346,62275.516,-515960.7733,-436970.1047,-453685.2573
5616000,2394.6877,14251.8368,61748.4572,-516130.4435,-437735.4618,-454381.9863
5617000,2377.4169,14268.4582,61997.5976,-516527.5167,-437884.044,-454529.9191
5618000,2366.2888,14366.7815,61921.3075,-516598.5,-437944.1222,-454677.1925
5619000,2417.9227,14301.1139,62092.1311,-515822.4826,-437011.3149,-453730.3515
5620000,2372.3427,14282.7743,62119.629,-517060.695,-438285.949,-454941.066
5621000,2376.3608,14354.0842,62165.8475,-516278.429,-437382.1365,-454112.5815
5622000,2412.7123,14320.6763,61833.0569,-516149.5012,-437583.0557,-454316.4443
5623000,2392.1112,14278.1125,61462.1842,-515778.3613,-437645.9534,-454316.1771
5624000,2383.1214,14426.0335,62135.2981,-516213.7772,-437269.32420000003,-454078.4791
5625000,2398.2195,14347.6463,61882.7631,-516121.468,-437492.8391,-454238.7049
5626000,2428.9861,14371.2611,61630.9806,-516041.9392,-437610.71140000003,-454410.9586
5627000,2352.0214,14298.3546,62313.5212,-516680.1015,-437716.2043,-454366.5803
5628000,2413.4745,14291.9722,61913.1605,-516222.794,-437604.1868,-454309.6335
5629000,2373.6252,14399.9832,61361.0958,-515775.334,-437640.6298,-454414.23819999996
5630000,2378.3668,14256.5482,62545.5859,-517562.9086,-438382.40770000004,-455017.3227
5631000,2367.4215,14374.1753,62089.5644,-516683.998,-437852.83680000005,-454594.4336
5632000,2367.4856,14366.2567,62022.4649,-516301.9716,-437545.7644,-454279.50669999997
5633000,2377.3061,14301.8021,62331.9098,-516494.9583,-437483.9403,-454163.0485
5634000,2375.264,14297.7233,61666.4406,-515576.338,-437236.9101,-453909.8974
5635000,2391.7356,14309.551,62058.3635,-515719.7685,-436960.11840000004,-453661.405
5636000,2393.5965,14309.4917,61530.8675,-515077.79,-436843.8343,-453546.9225
5637000,2353.5699,14321.3147,62360.0276,-516405.8841,-437370.9719,-454045.8565
5638000,2403.0285,14288.5339,62156.2325,-516397.3001,-437549.5052,-454241.0676
5639000,2360.0814,14222.0031,62535.0126,-516957.8502,-437840.7531,-454422.83759999997
5640000,2393.5422,14336.4534,61871.5277,-516204.2459,-437602.7226,-454332.7182
5641000,2336.9641,14317.8327,62170.8815,-517217.3582,-438391.6799,-455046.4767
5642000,2354.5706,14308.265,61936.7155,-515845.7991,-437246.248,-453909.0836
5643000,2398.5435,14406.9292,61747.5227,-515835.1168,-437282.1214,-454087.5941
5644000,2380.4099,14252.4568,62175.1294,-516305.0905,-437497.0944,-454129.9611
5645000,2393.8698,14338.4257,62086.8181,-516082.8512,-437263.7376,-453996.0331
5646000,2383.1681,14300.0973,61575.3086,-515731.6285,-437473.05449999997,-454156.3199
5647000,2400.4578,14309.9438,61697.7785,-516342.1801,-437934.0,-454644.4016
5648000,2379.3482,14380.8095,62647.3096,-517084.8072,-437677.33989999996,-454437.4976
5649000,2396.0929,14252.3087,61988.158,-516125.4295,-437488.86990000005,-454137.27150000003
5650000,2379.4359,14305.9262,62265.9133,-516517.1837,-437565.9083,-454251.2704
5651000,2359.6305,14329.3149,62133.7436,-516496.9197,-437674.2307,-454363.17610000004
5652000,2379.4472,14416.3984,62411.7275,-517182.6843,-437975.11120000004,-454770.95680000004
5653000,2402.8567,14367.2201,61617.4395,-515513.7419,-437126.2256,-453896.30240000004
5654000,2410.4682,14368.86,62060.3178,-516397.5006,-437557.8546,-454337.1828
5655000,2347.6894,14305.2931,61887.0504,-516138.634,-437598.6011,-454251.5836
5656000,2367.8679,14327.8132,61527.1468,-515686.2514,-437463.42350000003,-454159.1046
5657000,2382.6429,14295.8553,62014.1866,-515553.108,-436860.4232,-453538.9214
5658000,2355.7772,14301.6286,61641.5737,-516270.9462,-437971.9667,-454629.3725
5659000,2355.1018,14348.9984,61580.4023,-515765.8454,-437481.3429,-454185.4431
5660000,2398.2125,14473.5711,62665.2542,-517337.656,-437800.6182,-454672.4018
5661000,2374.0174,14264.3565,62414.233,-517153.8055,-438101.1986,-454739.5725
5662000,2329.8495,14312.3882,62137.3048,-516530.3435,-437750.80100000004,-454393.03870000003
5663000,2402.6472,14259.9876,61958.1459,-515735.8266,-437115.04589999997,-453777.68069999997
5664000,2353.0523,14219.5776,61963.9439,-516308.1085,-437771.53469999996,-454344.16459999996
5665000,2390.8433,14351.6487,62123.2867,-516075.9255,-437210.1468,-453952.6388
5666000,2363.9979,14221.6929,62028.6732,-515622.0479,-437007.6839,-453593.3747
5667000,2395.1801,14345.3109,62219.0863,-515950.1668,-436990.5895,-453731.0805
5668000,2374.7836,14425.6334,62403.5353,-517538.0515,-438334.0992,-455134.5162
5669000,2348.2779,14239.3158,62320.4582,-516168.6774,-437260.62549999997,-453848.2192
5670000,2388.6876,14300.7757,62345.5106,-516319.0975,-437284.1236,-453973.5869
5671000,2348.4217,14353.8454,62572.5782,-516895.2356,-437620.3903,-454322.6574
5672000,2397.9295,14345.4628,62219.7294,-517162.0823,-438198.9606,-454942.3529
5673000,2370.2338,14307.943,62151.4523,-516007.2217,-437177.5926,-453855.7694
5674000,2375.4453,14248.5096,61671.4815,-515360.3088,-437064.8724,-453688.8273
5675000,2379.0432,14321.1152,62230.3678,-516277.3258,-437346.7996,-454046.958
5676000,2359.2441,14387.7496,62357.2398,-516656.9162,-437552.6827,-454299.6764
5677000,2373.4508,14381.8196,62004.3411,-516498.6588,-437739.0473,-454494.31769999996
5678000,2370.987,14252.8059,62036.1806,-516404.0136,-437744.0401,-454367.833
5679000,2368.9137,14302.2403,62385.7363,-516369.2869,-437312.3966,-453983.5506
5680000,2387.8241,14385.887,61703.7033,-515854.2088,-437376.7944,-454150.5055
5681000,2397.0484,14279.3263,61603.7674,-515643.0328,-437362.8907,-454039.2654
5682000,2349.859,14449.456,61802.8327,-515606.578,-437004.4303,-453803.74529999995
5683000,2386.5986,14392.7542,62381.5263,-517145.6814,-437984.8023,-454764.1551
5684000,2404.9638,14379.5227,62206.865,-516230.411,-437239.05950000003,-454023.54600000003
5685000,2393.5481,14356.4544,61519.2805,-515665.6967,-437396.4137,-454146.4162
5686000,2369.8565,14337.0375,61916.9144,-515808.1173,-437184.30889999995,-453891.2029
5687000,2385.6933,14312.7493,61441.9396,-515557.38,-437416.9978,-454115.4404
5688000,2384.274,14222.4061,61576.2797,-515679.6628,-437496.703,-454103.3831
5689000,2376.2057,14282.5829,62670.8977,-516963.5972,-437633.9109,-454292.6995
5690000,2348.077,14241.7008,62282.4341,-516385.9756,-437513.7637,-454103.5415
5691000,2373.0268,14224.1467,61803.6214,-515883.6218,-437482.8269,-454080.0004
5692000,2374.9091,14335.8444,61762.0049,-516154.1925,-437681.4341,-454392.1876
5693000,2366.6753,14273.3215,61694.7384,-515707.3956,-437372.6604,-454012.6572
5694000,2358.0659,14249.2743,61829.8726,-516200.383,-437763.17019999993,-454370.51039999997
5695000,2392.513,14333.0367,62143.9021,-516678.1704,-437808.7186,-454534.2683
5696000,2364.0825,14385.5174,61862.1719,-516189.6273,-437577.8555,-454327.4554
5697000,2400.4315,14347.6781,61869.7411,-515173.3904,-436555.53969999996,-453303.6493
5698000,2386.1458,14366.7662,61668.6169,-516244.1643,-437822.6354,-454575.5474
5699000,2395.5862,14368.4009,62172.636,-515807.0576,-436870.4345,-453634.4216
5700000,2385.3866,14281.6428,61996.388,-516513.4513,-437850.03390000004,-454517.06330000004
5701000,2376.3791,14358.4137,62205.1703,-516987.0386,-438047.07550000004,-454781.86830000003
5702000,2374.7641,14300.67,61594.7002,-515132.1759,-436862.0416,-453537.47569999995
5703000,2413.8417,14311.3548,62340.6694,-516287.8445,-437221.97860000003,-453947.1751
5704000,2412.255,14343.5288,62080.5302,-516922.6814,-438086.3674,-454842.1512
5705000,2411.0406,14317.6634,62039.7269,-516509.6779,-437741.247,-454469.951
5706000,2394.8961,14422.4811,62026.9697,-516458.4201,-437614.0732,-454431.4504
5707000,2373.5803,14369.342,62158.5659,-515867.7624,-436966.2742,-453709.1965
5708000,2394.0606,14314.5056,61969.9492,-516873.6646,-438195.1492,-454903.7154
5709000,2389.5191,14358.0612,62261.6032,-516966.4021,-437957.2186,-454704.7989
5710000,2346.3798,14387.0962,61926.9228,-516148.3392,-437487.94039999996,-454221.4164
5711000,2374.5205,14342.2573,61877.6516,-515174.0704,-436579.64100000006,-453296.41880000004
5712000,2350.9462,14370.2069,62007.1542,-515708.4497,-436980.1424,-453701.2955
5713000,2368.7537,14366.729,61412.7112,-514678.9077,-436530.71379999997,-453266.19649999996
5714000,2440.4466,14451.2781,61808.599,-516281.1781,-437580.8544,-454472.57910000003
5715000,2403.4333,14354.1776,62261.5119,-517065.1375,-438046.0147,-454803.6256
5716000,2398.4483,14409.7976,61339.4237,-515366.123,-437218.4534,-454026.69930000004
5717000,2372.73,14282.0916,62162.0558,-516469.7398,-437652.8624,-454307.684
5718000,2334.1243,14429.2567,62334.4069,-516863.4535,-437765.6656,-454529.0466
5719000,2381.4434,14313.7947,62218.7256,-515700.9407,-436786.97699999996,-453482.2151
5720000,2408.0513,14323.9361,61411.3168,-515026.9978,-436883.6936,-453615.681
5721000,2403.4815,14369.5113,61655.4811,-515225.8892,-436797.4153,-453570.4081
5722000,2381.712,14311.5315,62211.4408,-517135.9338,-438231.24950000003,-454924.493
5723000,2374.5586,14328.4439,62366.1118,-516198.105,-437128.99069999997,-453831.99319999997
5724000,2374.3609,14340.3594,62165.6626,-516239.2367,-437358.85380000004,-454073.5741
5725000,2411.0354,14298.1195,62048.5767,-516476.8616,-437719.13,-454428.2849
5726000,2379.1497,14278.4973,61201.1151,-515138.372,-437279.6099,-453937.2569
5727000,2356.8208,14331.0203,61990.4902,-516327.0136,-437648.6823,-454336.5234
5728000,2401.6166,14340.8769,62705.0072,-517066.3419,-437618.8412,-454361.3347
5729000,2368.9885,14288.7936,61851.3104,-515734.7874,-437225.6949,-453883.47699999996
5730000,2358.7513,14209.861,62011.5131,-516146.5304,-437566.405,-454135.0173
5731000,2404.5842,14447.7235,62341.2845,-516740.6138,-437547.0216,-454399.3293
5732000,2407.0175,14208.8891,61983.8571,-515870.0225,-437270.2588,-453886.1654
5733000,2396.9702,14387.9487,61911.3756,-516228.9792,-437532.6847,-454317.60360000003
5734000,2385.9463,14300.5124,62287.2907,-516598.2721,-437624.5227,-454310.9814
5735000,2364.5761,14362.15,61907.8851,-516404.4012,-437769.79000000004,-454496.5161
5736000,2363.4863,14349.8404,62181.9212,-516102.5227,-437207.2748,-453920.6015
5737000,2380.7451,14263.4302,62170.7407,-516533.1709,-437718.25490000006,-454362.4302
5738000,2347.9497,14301.933,62128.593,-516225.3472,-437446.8715,-454096.7542
5739000,2387.3605,14302.383,62234.2189,-516397.0002,-437473.0378,-454162.78130000003
5740000,2404.068,14308.6266,62188.5609,-516547.1783,-437645.92280000006,-454358.61740000005
5741000,2399.3527,14359.751,61864.126,-515749.1924,-437125.96270000003,-453885.0664
5742000,2396.5814,14296.5358,62322.8461,-516852.1192,-437836.1559,-454529.2731
5743000,2368.4686,14306.7908,61636.893,-516237.5759,-437925.42350000003,-454600.6829
5744000,2374.0619,14286.6725,62228.0869,-516388.59,-437499.7687,-454160.50310000003
5745000,2399.3162,14271.8313,61809.6607,-516015.01,-437534.20180000004,-454205.3493
5746000,2401.9369,14208.8139,61925.0982,-516423.2573,-437887.4083,-454498.1591
5747000,2396.4812,14229.0644,61785.0967,-515909.7476,-437499.1053,-454124.6509
5748000,2373.3843,14228.4036,61446.8038,-515723.2488,-437674.6571,-454276.445
5749000,2330.0711,14217.8992,61970.6924,-515975.2593,-437456.5966,-454004.5669
5750000,2369.9296,14314.3349,61810.8619,-515816.3108,-437321.18439999997,-454005.44889999996
5751000,2414.7916,14432.4927,61848.4556,-515494.7323,-436798.9924,-453646.2767
5752000,2368.6361,14458.9584,62015.5826,-516045.0961,-437201.919,-454029.5135
5753000,2378.1615,14276.8089,61949.0512,-515404.9438,-436800.92220000003,-453455.8926
5754000,2386.8942,14406.2519,62104.3993,-516540.8794,-437643.334,-454436.4801
5755000,2367.7993,14354.7326,62020.8377,-516424.8809,-437681.5113,-454404.0432
5756000,2365.6334,14264.7507,62293.0623,-516808.7644,-437885.31799999997,-454515.7021
5757000,2385.8805,14397.3131,61696.8858,-515686.3765,-437206.2971,-453989.4907
5758000,2369.5963,14236.7907,62386.7388,-516812.1574,-437819.03160000005,-454425.41860000003
5759000,2406.2156,14316.2952,61992.3685,-516280.6326,-437565.7533,-454288.26410000003
5760000,2374.9661,14287.6688,62199.2726,-516494.484,-437632.57649999997,-454295.21140000003
5761000,2378.1925,14361.9702,62083.3598,-516595.8697,-437772.34719999996,-454512.5099
5762000,2394.5684,14343.0097,61782.9118,-515592.6807,-437072.19080000004,-453809.7689
5763000,2439.3563,14349.0221,62274.1156,-516543.7867,-437481.2927,-454269.6711
5764000,2398.3929,14403.4009,62709.5917,-517356.1204,-437844.73490000004,-454646.5287
5765000,2371.2428,14342.2741,62485.0929,-516589.9156,-437391.3058,-454104.8227
5766000,2380.2342,14256.524,61764.2543,-515773.1816,-437372.1691,-454008.9273
5767000,2385.6491,14381.1103,62257.5541,-516988.7404,-437964.4269,-454731.1863
5768000,2383.3264,14415.4456,62679.5187,-517522.5833,-438044.2926,-454843.0646
5769000,2388.0797,14385.4854,62416.3676,-517005.3464,-437815.4137,-454588.9788
5770000,2350.3898,14339.4116,62159.4573,-516205.897,-437356.6383,-454046.4397
5771000,2397.622,14379.0122,62067.924,-516005.2319,-437160.67370000004,-453937.3079
5772000,2381.5087,14366.3075,61446.5618,-516003.3504,-437808.97239999997,-454556.78859999997
5773000,2369.4471,14278.7302,61923.1347,-515948.2712,-437376.95920000004,-454025.1365
5774000,2376.3998,14323.2787,61912.6104,-516181.0327,-437568.7438,-454268.4223
5775000,2380.1888,14479.5524,61774.7394,-516335.054,-437700.5734,-454560.3146
5776000,2363.7633,14375.0134,61877.5644,-516057.7501,-437441.409,-454180.18570000003
5777000,2376.5498,14260.8979,61986.8061,-515219.0093,-436594.75549999997,-453232.2032
5778000,2382.109,14411.093,62261.0884,-517156.9907,-438102.7003,-454895.9023
5779000,2415.8263,14372.1752,61232.8171,-515066.6765,-437045.8579,-453833.8594
5780000,2398.2214,14343.9938,61495.1996,-515441.4498,-437204.03500000003,-453946.2502
5781000,2378.5294,14381.5103,62165.1291,-516228.2666,-437303.0978,-454063.13749999995
5782000,2402.4871,14395.6181,61557.4001,-515708.1721,-437352.6668,-454150.772
5783000,2415.4438,14331.2592,62011.3239,-515983.116,-437225.0891,-453971.79209999996
5784000,2368.8021,14324.0161,61946.2209,-516113.9753,-437474.9362,-454167.7544
5785000,2394.2253,14323.1307,62078.0083,-516628.012,-437832.6477,-454550.0037
5786000,2383.7334,14366.6108,62058.7281,-515607.4416,-436798.3693,-453548.7135
5787000,2395.3366,14333.073,61496.7616,-515190.5885,-436965.41730000003,-453693.8269
5788000,2397.0291,14397.8709,62002.6488,-516546.3171,-437748.7683,-454543.66829999996
5789000,2393.6264,14413.4659,62301.6879,-516181.8668,-437073.08660000004,-453880.1789
5790000,2385.7195,14176.9549,61866.7581,-515514.1745,-437084.742,-453647.41640000005
5791000,2392.5234,14305.0884,61804.621,-515525.9837,-437023.7509,-453721.3627
5792000,2400.898,14156.4918,62024.2852,-515669.1065,-437087.4315,-453644.8213
5793000,2419.5706,14338.6922,62091.1853,-516175.3663,-437325.9182,-454084.181
5794000,2389.9542,14346.6325,61608.7104,-515497.0527,-437151.75560000003,-453888.3423
5795000,2373.2866,14355.7304,61712.2516,-515947.0366,-437505.768,-454234.785
5796000,2401.2712,14250.3502,62193.2703,-516053.5482,-437208.65650000004,-453860.27790000004
5797000,2350.9319,14313.8661,62416.825,-516771.1237,-437689.5007,-454354.2987
5798000,2394.4233,14319.6843,62535.7829,-516234.1137,-436984.2232,-453698.3308
5799000,2383.7265,14305.7596,61880.9103,-515825.2648,-437254.86840000004,-453944.3545
5800000,2393.1856,14287.6774,62526.2509,-516212.1439,-437005.03,-453685.89300000004
5801000,2385.8687,14431.1409,62295.3243,-516304.2253,-437191.89139999996,-454008.901
5802000,2416.5435,14390.0674,62212.5279,-516467.6202,-437448.4814,-454255.0923
5803000,2358.5114,14300.4506,62048.9924,-516168.574,-437460.61960000003,-454119.58160000003
5804000,2347.6526,14278.8423,62461.9572,-516833.342,-437744.8899,-454371.3848
5805000,2382.0946,14338.2021,61896.757,-515541.1615,-436924.1078,-453644.4045
5806000,2364.2653,14158.8416,62068.2529,-516201.6485,-437610.28870000003,-454133.3956
5807000,2376.3026,14275.6637,62273.1523,-516700.5941,-437775.4755,-454427.4418
5808000,2402.7665,14428.3901,61461.1664,-515757.305,-437464.98199999996,-454296.1386
5809000,2409.9052,14466.6145,62183.3396,-516152.8284,-437092.9691,-453969.4888
5810000,2403.802,14321.37,62238.8315,-516519.2439,-437555.2404,-454280.41240000003
5811000,2386.8369,14331.8257,61955.1343,-516766.74,-438092.9431,-454811.6057
5812000,2353.9183,14192.9701,61660.0249,-516056.3551,-437849.4418,-454396.33019999997
5813000,2399.3238,14313.9931,62011.5703,-516435.7357,-437710.8485,-454424.1654
5814000,2393.0179,14347.0611,61653.7492,-515749.0272,-437355.199,-454095.278
5815000,2392.5038,14342.396,62517.0946,-516806.8427,-437554.84829999995,-454289.74809999997
5816000,2397.8675,14284.7847,62458.0522,-516779.3229,-437638.61850000004,-454321.27070000005
5817000,2415.0634,14326.4648,62954.5069,-517854.0292,-438157.9941,-454899.5223
5818000,2360.9683,14214.9605,62116.3533,-516921.8421,-438229.56,-454805.4888
5819000,2362.0175,14257.9234,62325.5502,-517110.857,-438165.36590000003,-454785.3068
5820000,2416.7668,14251.0069,61973.2041,-516149.1304,-437508.15260000003,-454175.92630000005
5821000,2379.4846,14268.6999,61604.8626,-515589.292,-437336.24490000005,-453984.4294
5822000,2391.9349,14355.2743,61577.1935,-515843.2811,-437518.87840000005,-454266.0876
5823000,2393.5643,14262.8461,62187.8486,-516736.6658,-437892.4068,-454548.81720000005
5824000,2347.93,14341.169,62169.3937,-516481.0807,-437622.588,-454311.687
5825000,2398.8434,14447.7905,61654.5482,-516027.4258,-437526.2437,-454372.8776
5826000,2366.6076,14332.404,62652.1342,-517127.4723,-437776.3265,-454475.33810000005
5827000,2401.481,14277.2197,61951.4735,-516154.8191,-437524.6449,-454203.3456
5828000,2371.3304,14274.2515,62267.6607,-516453.7242,-437540.4816,-454186.0635
5829000,2370.6277,14302.7343,61636.8586,-516089.4266,-437779.206,-454452.568
5830000,2384.0142,14359.3491,62124.1073,-515687.1475,-436819.6769,-453563.04020000005
5831000,2377.9688,14307.4678,61813.4086,-515540.8473,-437042.00210000004,-453727.4387
5832000,2360.122,14341.2115,61726.274,-515922.6477,-437495.0402,-454196.3737
5833000,2380.3289,14304.3979,62483.8879,-517242.324,-438073.7093,-454758.43610000005
5834000,2349.9213,14313.2619,62249.8389,-516323.7099,-437410.6878,-454073.87100000004
5835000,2369.8422,14339.3244,61799.7901,-515639.7148,-437130.75810000004,-453839.92470000003
5836000,2396.6097,14251.2567,61714.0749,-516182.1135,-437820.1722,-454468.03859999997
5837000,2384.1516,14376.275,62559.5916,-517336.4683,-438016.4501,-454776.8767
5838000,2369.3436,14326.4195,62214.719,-516661.8963,-437751.4142,-454447.17730000004
5839000,2391.5676,14329.4074,61762.3403,-516390.0327,-437906.71739999996,-454627.6924
5840000,2399.6383,14323.9246,62314.3768,-517008.189,-437970.2493,-454693.81220000004
5841000,2388.9677,14342.3818,62171.943,-517046.2153,-438142.9228,-454874.27229999995
5842000,2365.2241,14398.9274,62591.5648,-517064.3664,-437708.65009999997,-454472.8016
5843000,2362.2713,14340.0736,62008.4969,-516779.8201,-438068.9783,-454771.3232
5844000,2385.3843,14392.9338,61942.8577,-516469.5003,-437748.3245,-454526.6426
5845000,2393.9525,14382.3536,61864.134,-515803.4366,-437162.9965,-453939.3026
5846000,2400.6923,14457.8886,62570.3312,-516765.6496,-437336.7375,-454195.3184
5847000,2381.3835,14304.5063,62313.7168,-516227.0801,-437227.4735,-453913.3633
5848000,2395.4701,14373.8601,61781.6027,-515764.7597,-437213.8268,-453983.157
5849000,2380.1255,14329.4279,62013.3183,-516378.6148,-437655.74309999996,-454365.2965
5850000,2379.7895,14447.7416,61736.8467,-515891.5173,-437327.1395,-454154.6706
5851000,2353.2184,14261.2139,61779.1965,-516818.8425,-438425.2137,-455039.646
5852000,2366.1454,14345.5785,61912.4547,-516657.2969,-438033.11830000003,-454744.8422
5853000,2368.2711,14281.1226,62385.6553,-517048.7963,-438013.7473,-454663.141
5854000,2344.9683,14269.9921,62395.6086,-516654.5693,-437644.00029999996,-454258.9607
5855000,2407.2972,14311.881,61338.4566,-515768.3087,-437710.6739,-454429.8521
5856000,2372.7,14321.8941,62126.2955,-516486.1192,-437665.2296,-454359.8237
5857000,2365.1982,14340.9354,61723.7692,-515393.9376,-436964.0348,-453670.1684
5858000,2373.2902,14340.6735,62195.7937,-516137.9349,-437228.1775,-453942.1412
5859000,2388.231,14345.3231,61836.6587,-515840.4448,-437270.23199999996,-454003.7861
5860000,2417.4625,14374.3591,61518.0308,-515907.9941,-437598.14170000004,-454389.9633
5861000,2380.9689,14284.6311,62047.259,-516039.021,-437326.162,-453991.762
5862000,2360.3119,14346.1197,62104.1983,-516067.7876,-437257.1577,-453963.5893
5863000,2394.7024,14333.8886,61626.5195,-515829.4214,-437474.3109,-454202.9019
5864000,2383.2153,14308.6863,61994.7605,-515854.5558,-437167.8937,-453859.7953
5865000,2384.2833,14305.3471,61995.3225,-515821.5784,-437136.62549999997,-453826.2559
5866000,2354.1694,14309.4525,62076.4609,-516773.1279,-438033.0451,-454696.667
5867000,2388.9198,14337.6224,62485.1075,-516827.8558,-437616.2061,-454342.74830000004
5868000,2393.0332,14220.5703,62196.3938,-516453.8586,-437643.8613,-454257.46479999996
5869000,2380.8357,14329.9693,62315.9505,-515704.6044,-436677.8489,-453388.65390000003
5870000,2396.0899,14362.3773,62618.0318,-517585.602,-438209.103,-454967.5702
5871000,2387.1496,14421.875,62118.1867,-517085.1035,-438157.8922,-454966.9168
5872000,2395.2393,14310.1075,62504.6375,-517135.4772,-437925.4929,-454630.8397
5873000,2389.9348,14254.2485,62623.3885,-517184.0746,-437916.5028,-454560.6861
5874000,2400.7184,14376.0303,61880.8112,-516974.9806,-438317.4207,-455094.1694
5875000,2384.3905,14222.528,63034.8797,-517381.7309,-437739.9327,-454346.85120000003
5876000,2364.6993,14387.2852,61919.5831,-516391.6409,-437720.0733,-454472.0578
5877000,2373.0972,14271.314,62351.0788,-516268.5696,-437273.0796,-453917.49079999997
5878000,2382.0891,14241.654,62347.97,-516600.6351,-437628.922,-454252.6651
5879000,2384.3687,14420.567,62125.6174,-516427.3973,-437496.8442,-454301.7799
5880000,2412.7426,14323.8821,62556.4106,-516734.9014,-437441.8661,-454178.49079999997
5881000,2397.6485,14379.7721,62002.7904,-515658.1517,-436877.9407,-453655.3613
5882000,2403.566,14389.3623,62341.9974,-516449.4068,-437314.4811,-454107.4094
5883000,2392.6599,14307.4973,62036.2004,-515933.4223,-437197.0647,-453897.2219
5884000,2377.2758,14356.7696,62173.5301,-516281.7442,-437374.16870000004,-454108.2141
5885000,2389.9839,14283.9073,61960.012,-515590.4928,-436956.5896,-453630.4808
5886000,2400.2121,14299.446,62253.8836,-516087.9749,-437134.43319999997,-453834.0913
5887000,2368.9654,14314.6921,61819.1535,-515599.0626,-437096.2516,-453779.9091
5888000,2405.0898,14412.8302,62023.3494,-515940.9211,-437099.6517,-453917.5717
5889000,2351.0751,14338.2741,62233.3115,-516951.6012,-438028.94049999997,-454718.28969999996
5890000,2354.9393,14341.0536,62158.3264,-516586.4904,-437732.17110000004,-454428.164
5891000,2364.1423,14322.3183,61981.1651,-516082.439,-437414.81330000004,-454101.27390000003
5892000,2371.4971,14407.3153,61939.1572,-516825.1941,-438107.2245,-454886.0369
5893000,2382.5648,14364.5752,61662.4994,-515758.8316,-437349.1922,-454096.33219999995
5894000,2397.4018,14289.9254,62015.4477,-515881.5735,-437178.7986,-453866.1258
5895000,2370.5203,14344.2384,62151.8924,-516404.6424,-437537.9913,-454252.75
5896000,2398.8295,14363.5248,61756.6163,-516291.7672,-437772.7966,-454535.1509
5897000,2360.2008,14305.3035,61990.2782,-516767.9394,-438112.15689999994,-454777.6612
5898000,2386.8134,14223.4286,62114.1233,-516828.4555,-438104.0902,-454714.3322
5899000,2378.9966,14308.5628,62349.3227,-516405.0587,-437368.1766,-454055.736
5900000,2379.9014,14366.8607,61603.9255,-515401.3415,-437050.6539,-453797.41599999997
5901000,2356.6671,14338.31,62118.7988,-515884.9189,-437071.143,-453766.1201
5902000,2389.023,14231.397,62477.6283,-516782.545,-437684.4967,-454304.9167
5903000,2382.2702,14399.4938,62467.453,-517228.8187,-437979.6017,-454761.3657
5904000,2389.763,14386.531,62209.3634,-517478.77,-438493.1126,-455269.4066
5905000,2381.4754,14395.7234,62140.1643,-516613.0884,-437695.7253,-454472.9241
5906000,2378.564,14413.3027,61340.426,-515202.7408,-437070.44810000004,-453862.31480000005
5907000,2376.4042,14289.2688,61858.8194,-515704.3914,-437179.89900000003,-453845.57200000004
5908000,2384.1049,14367.9808,61792.0718,-516275.7535,-437731.596,-454483.6817
5909000,2365.1036,14278.0154,62043.049,-516240.0565,-437553.8885,-454197.0075
5910000,2375.3633,14215.8938,61531.4016,-514911.955,-436789.29630000005,-453380.55340000003
5911000,2377.2656,14208.6443,61761.7646,-516057.7732,-437710.0987,-454296.0086
5912000,2387.4453,14360.8277,61973.4136,-516100.4012,-437378.7146,-454126.9876
5913000,2380.9833,14306.5407,62703.9136,-516996.608,-437605.1704,-454292.69440000004
5914000,2406.7533,14381.6004,61787.3811,-516995.5626,-438419.82779999997,-455208.1815
5915000,2350.0144,14315.4936,62219.6536,-516686.8437,-437801.68210000003,-454467.1901
5916000,2401.5903,14369.9069,61717.1403,-515970.5263,-437481.8888,-454253.38600000006
5917000,2408.8328,14415.9846,61977.6387,-515841.436,-437038.9799,-453863.7973
5918000,2374.2827,14367.7047,61381.6156,-515374.9937,-437251.3907,-453993.3781
5919000,2369.6142,14395.8935,61700.0453,-515433.6218,-436968.0688,-453733.5765
5920000,2370.3105,14242.2199,61752.1225,-515702.2861,-437337.63320000004,-453950.1636
5921000,2361.6734,14370.4815,62128.457,-516421.8687,-437561.2568,-454293.4117
5922000,2411.8982,14408.1196,61506.7973,-515686.5483,-437359.7332,-454179.75100000005
5923000,2409.1804,14206.8942,61908.8112,-516041.736,-437516.8502,-454132.9248
5924000,2377.855,14389.5367,62182.9888,-516508.0048,-437557.6243,-454325.016
5925000,2363.904,14241.4747,62604.0145,-517498.7614,-438289.3682,-454894.7469
5926000,2374.3471,14364.6656,62140.419,-516733.531,-437854.0993,-454593.112
5927000,2370.4325,14295.3308,62122.8465,-516775.9012,-437987.2914,-454653.05470000004
5928000,2377.2322,14283.1263,62633.6335,-517378.5241,-438084.53209999995,-454744.8906
5929000,2340.6095,14255.4853,61861.7511,-516343.6489,-437885.80299999996,-454481.8978
5930000,2340.5844,14375.6036,61826.5053,-516244.2406,-437701.54730000003,-454417.7353
5931000,2411.4125,14488.8811,61173.1588,-514964.7853,-436891.3329,-453791.6265
5932000,2388.2791,14275.9597,62063.3505,-515833.4746,-437105.8853,-453770.1241
5933000,2358.1034,14228.4103,61367.3428,-514572.758,-436618.9015,-453205.4152
5934000,2388.0043,14344.8351,62183.7765,-516061.9383,-437145.32239999995,-453878.1618
5935000,2381.8999,14243.9814,62316.2979,-516169.6981,-437227.51889999997,-453853.4002
5936000,2385.1601,14378.3387,62262.1228,-516535.2126,-437509.591,-454273.0898
5937000,2406.3803,14387.7075,61625.2234,-515610.7207,-437191.4095,-453985.4973
5938000,2374.1397,14250.5782,62009.8616,-515652.8323,-437018.2528,-453642.9707
5939000,2373.387,14270.6283,62302.5308,-516419.0488,-437472.50269999995,-454116.518
5940000,2388.5645,14237.3361,62540.9586,-517136.1289,-437969.2697,-454595.1703
5941000,2370.536,14385.9017,61793.1345,-515583.5155,-437033.9433,-453790.381
5942000,2383.8136,14317.4728,61551.1921,-515589.9473,-437337.46880000003,-454038.7552
5943000,2347.6978,14356.6289,61874.1572,-516761.143,-438182.6591,-454886.98579999997
5944000,2354.5231,14374.2718,62690.7358,-517578.339,-438158.8083,-454887.60319999995
5945000,2389.7839,14316.6887,62730.66,-517443.971,-438006.8384,-454713.311
5946000,2408.2159,14389.4897,62335.7326,-517141.9444,-438008.50619999995,-454806.2118
5947000,2381.7287,14409.6675,62152.3796,-516342.8614,-437399.0856,-454190.4818
5948000,2390.4464,14261.3857,61769.5446,-515781.741,-437360.3643,-454012.19639999996
5949000,2376.5366,14260.6451,62023.321,-515968.3253,-437307.8226,-453945.00430000003
5950000,2392.1366,14402.5344,62164.5767,-516760.7796,-437801.5319,-454596.20290000003
5951000,2386.6849,14239.6279,61860.7048,-516553.2064,-438066.1888,-454692.5016
5952000,2341.5548,14310.8991,62023.9725,-515535.1581,-436858.7317,-453511.18559999997
5953000,2383.3395,14333.709,61935.8453,-516013.8042,-437360.9104,-454077.9589
5954000,2377.4257,14399.9527,61836.6428,-516122.5673,-437508.5461,-454285.92449999996
5955000,2375.5241,14354.4273,62069.4143,-516445.1437,-437645.77800000005,-454375.7294
5956000,2404.6553,14362.5186,61657.4287,-515630.441,-437205.8384,-453973.0123
5957000,2372.1022,14275.2829,62387.9425,-516331.8686,-437296.54099999997,-453943.9261
5958000,2380.675,14285.6563,62444.8448,-517170.783,-438059.6069,-454725.9382
5959000,2392.803,14366.831,61778.6878,-516674.1466,-438135.82479999994,-454895.45879999996
5960000,2394.0012,14327.0366,62253.0729,-516729.3645,-437755.25380000006,-454476.2916
5961000,2378.0119,14215.9989,61585.5642,-514926.2486,-436746.6736,-453340.68439999997
5962000,2371.2961,14265.2169,61852.2988,-515970.7765,-437481.9647,-454118.4777
5963000,2407.7444,14374.6485,62118.7276,-516925.6286,-438024.5081,-454806.901
5964000,2374.9641,14355.8406,62626.3403,-517126.0398,-437768.8948,-454499.69950000005
5965000,2395.1426,14375.676,61667.4813,-516364.321,-437926.0211,-454696.8397
5966000,2382.087,14349.3017,62308.3081,-516512.0389,-437472.3421,-454203.73079999996
5967000,2382.9651,14306.1253,62076.0673,-516678.5164,-437913.3587,-454602.4491
5968000,2380.5544,14238.9606,61954.1234,-516399.3687,-437825.7303,-454445.2453
5969000,2377.8205,14225.8134,61898.2945,-516606.6063,-438104.6779,-454708.31179999997
5970000,2394.9379,14332.2983,62423.2958,-516619.6491,-437469.1171,-454196.35329999996
5971000,2394.3967,14345.7475,62540.0623,-517664.9602,-438384.7537,-455124.8979
5972000,2385.4153,14281.3062,62074.5839,-516378.9364,-437637.631,-454304.35250000004
5973000,2402.9985,14309.6356,61999.1751,-516378.2094,-437666.4002,-454379.0343
5974000,2372.192,14383.7735,62395.0073,-516262.1982,-437111.2254,-453867.1909
5975000,2421.6455,14270.8013,61853.6808,-516029.5951,-437483.46749999997,-454175.91429999995
5976000,2372.0495,14248.2485,62317.0994,-516659.2302,-437721.8328,-454342.1308
5977000,2337.4778,14277.8562,62161.6397,-516586.3577,-437809.38399999996,-454424.718
5978000,2379.9838,14283.3455,62252.6094,-516363.162,-437447.2233,-454110.5526
5979000,2381.3766,14345.0213,62086.7055,-516065.5813,-437252.47790000006,-453978.87580000004
5980000,2402.0372,14233.2427,62123.1003,-515718.4857,-436960.1055,-453595.3854
5981000,2380.543,14326.6238,62311.4208,-516887.2489,-437868.66130000004,-454575.8281
5982000,2400.3559,14291.4962,62248.1718,-516792.7526,-437852.7287,-454544.5808
5983000,2370.1544,14289.9102,62333.9799,-516806.2071,-437812.1626,-454472.2272
5984000,2372.8022,14350.4272,62217.5853,-516623.1894,-437682.3747,-454405.6041
5985000,2386.4424,14263.2567,61901.5426,-516346.4754,-437795.2337,-454444.9328
5986000,2376.7386,14298.9124,61922.1456,-516989.5617,-438391.7651,-455067.41610000003
5987000,2392.617,14407.6152,62364.4723,-517345.5993,-438180.8948,-454981.127
5988000,2388.6196,14451.5128,62064.8305,-516891.0718,-437986.1089,-454826.2413
5989000,2373.4541,14244.0238,62007.256,-516190.5048,-437565.7709,-454183.2488
5990000,2419.4249,14280.3205,62248.5024,-516887.7303,-437939.4825,-454639.2279
5991000,2380.2351,14265.4651,62002.0278,-516629.1141,-437981.3861,-454627.0863
5992000,2380.013,14276.6962,61850.3261,-515765.6409,-437258.6056,-453915.3148
5993000,2413.4438,14389.0451,62263.5397,-516038.9267,-436972.8981,-453775.387
5994000,2364.5577,14334.9729,61887.8168,-515864.9836,-437277.63619999995,-453977.1668
5995000,2428.2269,14352.6941,61486.4424,-515286.6725,-437019.30909999995,-453800.2301
5996000,2385.5849,14405.4783,62004.2865,-516165.7015,-437370.3518,-454161.41500000004
5997000,2397.3499,14390.0108,61963.2243,-516286.5192,-437535.93419999996,-454323.2949
5998000,2381.4436,14410.9814,62097.001,-516533.8212,-437644.3952,-454436.8202
5999000,2392.0919,14361.0937,61993.5004,-515875.3063,-437128.6203,-453881.8059
6000000,2371.8929,14241.2535,61762.1839,-515387.754,-437012.42370000004,-453625.5701
6001000,2404.7718,14333.7226,61752.9342,-515866.8,-437375.3714,-454113.86579999997
6002000,2394.5757,14330.0868,62078.1908,-516390.0084,-437587.1551,-454311.8176
6003000,2385.9591,14307.8256,62521.2998,-517121.132,-437906.0475,-454599.8322
6004000,2375.2019,14311.8012,62178.0489,-515926.5461,-437061.4941,-453748.4972
6005000,2385.4446,14281.7638,61722.6089,-515709.3215,-437319.5042,-453986.7126
6006000,2395.8666,14328.9435,61908.5212,-515943.8698,-437310.53849999997,-454035.34859999997
6007000,2365.1173,14324.9335,61720.3181,-515752.7456,-437342.3767,-454032.42750000005
6008000,2387.3317,14425.9656,62602.9562,-517157.724,-437741.4705,-454554.7678
6009000,2385.6656,14262.9561,62004.4546,-516038.5919,-437385.5156,-454034.1373
6010000,2389.2729,14311.9804,61706.908,-515512.9511,-437104.7898,-453806.0431
6011000,2400.951,14416.497,62043.6889,-516214.9312,-437353.7943,-454171.2423
6012000,2333.6535,14209.3176,61725.8997,-516419.5627,-438150.6919,-454693.663
6013000,2423.4377,14422.0492,61510.4963,-516311.5736,-437955.5904,-454801.0773
6014000,2391.7772,14223.8582,61855.6769,-516208.9443,-437737.632,-454353.26739999995
6015000,2366.0432,14208.2123,62289.1164,-516691.6874,-437828.3155,-454402.571
6016000,2368.2441,14370.0959,61594.2307,-515977.8911,-437645.3204,-454383.6604
6017000,2373.9365,14270.8208,61675.4814,-515410.9798,-437090.7411,-453735.4984
6018000,2386.8098,14342.8798,61775.5951,-515918.298,-437413.0133,-454142.70290000003
6019000,2394.8637,14357.2738,62075.6148,-516952.0653,-438124.313,-454876.45050000004
6020000,2402.8719,14419.3545,62712.8443,-517675.1219,-438140.05120000005,-454962.27760000003
6021000,2347.3648,14318.9948,61980.9784,-516702.8031,-438055.46510000003,-454721.8247
6022000,2340.2025,14262.4422,61816.961,-515850.6474,-437431.0417,-454033.6864
6023000,2366.9014,14247.2635,61453.4507,-515187.4694,-437119.8538,-453734.0187
6024000,2409.3537,14228.5401,61639.465,-515854.1884,-437576.8296,-454214.7234
6025000,2387.8744,14274.5333,61973.378,-516532.3416,-437896.5559,-454558.9636
6026000,2386.139,14367.2192,61768.0298,-515401.6697,-436880.28170000005,-453633.6399
6027000,2345.7784,14297.4558,61904.4327,-516258.1677,-437710.5008,-454353.735
6028000,2366.69,14244.7115,62436.5735,-516674.4091,-437626.43409999995,-454237.8356
6029000,2415.6467,14302.833,62301.9501,-516926.8386,-437906.40880000003,-454624.8885
6030000,2400.0196,14242.7109,62263.8199,-516464.9489,-437558.3985,-454201.129
6031000,2381.325,14223.5163,62336.9394,-516799.7217,-437857.941,-454462.78229999996
6032000,2349.3079,14288.6271,62909.5885,-517429.8503,-437882.3268,-454520.2618
6033000,2357.1441,14238.3724,61407.4233,-515980.7543,-437977.8145,-454573.33099999995
6034000,2387.7722,14344.4473,62420.2615,-517518.8774,-438366.39639999997,-455098.6159
6035000,2400.4463,14268.2046,62085.6343,-516495.3748,-437741.0896,-454409.7405
6036000,2359.5078,14260.0902,62034.6683,-516161.3408,-437507.0745,-454126.6725
6037000,2396.6206,14372.162,61712.5611,-515106.1527,-436624.809,-453393.5916
6038000,2380.5677,14354.6339,62634.5486,-517331.8742,-437962.124,-454697.32560000004
6039000,2399.5837,14295.6946,62862.4992,-517879.8147,-438322.0372,-455017.31549999997
6040000,2359.1227,14225.1719,61599.3276,-515955.8178,-437772.19560000004,-454356.4902
6041000,2417.3324,14347.1621,61590.7075,-515726.0578,-437370.8558,-454135.3503
6042000,2369.4387,14327.7285,62301.8706,-516216.5117,-437217.4739,-453914.64109999995
6043000,2373.0773,14285.7902,61761.6319,-516622.3646,-438201.8652,-454860.7327
6044000,2403.5346,14305.5634,62362.2726,-517226.3297,-438154.9591,-454864.0571
6045000,2372.2344,14286.0498,61679.3165,-515787.5638,-437449.9631,-454108.2473
6046000,2387.8395,14282.0056,61915.632,-516358.5385,-437773.0614,-454442.90650000004
6047000,2381.4188,14348.2242,62223.9281,-516683.9273,-437730.3562,-454459.99919999996
6048000,2398.8263,14347.3571,61761.593,-516100.2596,-437592.4832,-454338.6666
6049000,2369.0084,14373.9584,62117.9046,-516072.8203,-437211.9489,-453954.9157
6050000,2340.526,14235.58,61747.1958,-515864.3685,-437541.06669999997,-454117.1727
6051000,2427.9956,14350.7706,62082.0937,-516639.9611,-437779.10120000003,-454557.8674
6052000,2417.4001,14323.4362,61947.7521,-516625.3953,-437936.80689999997,-454677.6432
6053000,2373.5993,14300.5298,61878.6345,-515512.1676,-436959.404,-453633.5331
6054000,2372.017,14310.7163,62001.9407,-515262.3862,-436577.7122,-453260.44550000003
6055000,2379.8269,14183.969,61900.14,-516266.9056,-437802.9697,-454366.7656
6056000,2408.2399,14281.0137,61736.8717,-515131.8143,-436705.689,-453394.9426
6057000,2408.5815,14281.9053,62059.5382,-516551.5248,-437801.4998,-454491.9866
6058000,2377.7806,14265.7882,61698.7453,-516163.4958,-437821.18169999996,-454464.75049999997
6059000,2395.2575,14234.7712,61463.2705,-515383.5779,-437290.27869999997,-453920.3074
6060000,2400.2009,14272.0577,62318.2667,-516641.5132,-437650.98789999995,-454323.2465
6061000,2400.8493,14339.1419,61779.716,-516365.7029,-437845.99569999997,-454585.98689999996
6062000,2402.6934,14289.9716,61748.302,-515750.7886,-437309.8216,-454002.4866
6063000,2400.4889,14318.4956,61982.0905,-516201.1047,-437500.0297,-454219.01420000003
6064000,2401.5488,14325.5077,62658.35,-517170.0075,-437784.601,-454511.65750000003
6065000,2441.1296,14257.6113,62246.9465,-516913.0256,-437967.3382,-454666.0791
6066000,2390.1919,14314.3231,61877.0141,-516383.4197,-437801.89060000004,-454506.40560000006
6067000,2397.2771,14376.7132,61922.2314,-515719.7687,-437023.547,-453797.5373
6068000,2392.3382,14224.4105,62282.1975,-516089.745,-437190.7988,-453807.5475
6069000,2382.0841,14263.0415,61686.1385,-515507.8444,-437176.58030000003,-453821.7059
6070000,2412.1937,14385.8258,61394.6027,-515378.1385,-437185.5163,-453983.5358
6071000,2401.7053,14401.4767,61873.6648,-515620.5971,-436943.7503,-453746.9323
6072000,2416.8824,14351.1185,62330.0644,-516825.3658,-437727.3005,-454495.3014
6073000,2394.9539,14381.5354,61897.5542,-515717.2571,-437043.2136,-453819.7029
6074000,2388.0662,14306.8061,62163.3266,-515956.1586,-437097.9597,-453792.83200000005
6075000,2396.0534,14497.9146,61915.267,-516179.9495,-437370.7145,-454264.6825
6076000,2390.6159,14371.4122,62043.1132,-515935.8734,-437130.73209999996,-453892.76019999996
6077000,2383.7856,14317.6519,61494.6526,-515919.0948,-437723.00470000005,-454424.44220000005
6078000,2384.3938,14258.916,62545.6846,-517426.9865,-438237.99210000003,-454881.3019
6079000,2386.4486,14277.9122,61585.5283,-515882.9743,-437633.0852,-454297.446
6080000,2380.2213,14304.129,62014.8036,-516412.4917,-437713.3378,-454397.6881
6081000,2386.0473,14319.5209,62161.4019,-516055.8955,-437188.92539999995,-453894.4936
6082000,2398.1285,14311.9141,62260.4404,-516276.3219,-437305.8389,-454015.88149999996
6083000,2403.2661,14334.7036,61946.1786,-516019.5053,-437335.357,-454073.32670000003
6084000,2390.3611,14231.1518,61300.3447,-515193.9013,-437272.04370000004,-453893.5566
6085000,2413.081,14235.8445,62548.7589,-516099.5513,-436901.8669,-453550.7924
6086000,2391.6154,14300.0897,61861.8522,-516585.9268,-438032.36950000003,-454724.0746
6087000,2396.5938,14287.2615,61816.9332,-516085.9475,-437585.159,-454269.01430000004
6088000,2378.7492,14268.705,62079.5557,-516813.6657,-438086.6558,-454734.11
6089000,2381.6118,14301.8934,62239.6436,-516366.9598,-437443.811,-454127.3162
6090000,2411.3134,14272.0254,61863.2058,-515731.2139,-437184.66929999995,-453868.0081
6091000,2400.9063,14240.6282,61688.3236,-515481.073,-437151.21489999996,-453792.7494
6092000,2393.3066,14224.5323,61818.3217,-515693.4512,-437257.2906,-453875.12950000004
6093000,2432.3462,14443.3736,61796.5,-516141.7,-437469.4802,-454345.2
6094000,2395.895,14325.9688,61781.9766,-515517.0097,-437013.1693,-453735.0331
6095000,2386.7215,14276.4546,61941.9917,-516093.3588,-437488.191,-454151.3671
6096000,2414.8747,14352.4753,61869.6136,-515966.3869,-437329.4233,-454096.7733
6097000,2384.8363,14355.8979,61889.3652,-516143.1606,-437513.0612,-454253.7954
6098000,2400.4858,14323.9537,62194.9183,-516029.4262,-437110.0684,-453834.50789999997
6099000,2380.8506,14331.5364,61672.4386,-515685.6956,-437300.87,-454013.257
6100000,2408.6358,14375.9123,61740.8765,-515807.149,-437281.72439999995,-454066.27249999996
6101000,2386.3426,14231.6369,62275.6946,-516591.3276,-437697.6535,-454315.63300000003
6102000,2396.271,14267.7908,62190.35,-516242.9282,-437388.5164,-454052.57820000005
6103000,2367.3694,14222.0229,62217.2069,-517134.7783,-438328.1791,-454917.5714
6104000,2383.0535,14266.8163,62294.9252,-516245.6369,-437300.8419,-453950.7117
6105000,2378.3522,14359.3859,62014.7281,-515980.9561,-437228.48990000004,-453966.228
6106000,2354.7635,14231.7571,61955.3636,-515871.1627,-437329.2785,-453915.7991
6107000,2397.0399,14364.6867,61791.8504,-515232.8115,-436679.2345,-453440.9611
6108000,2355.952,14279.0072,62012.4923,-515376.3847,-436728.93319999997,-453363.8924
6109000,2359.2394,14210.8578,61935.5802,-516032.1187,-437526.4413,-454096.5385
6110000,2407.4923,14267.6392,61778.7029,-516018.07,-437564.2356,-454239.36710000003
6111000,2364.4691,14284.7865,62297.4659,-516516.0561,-437569.3346,-454218.5902
6112000,2393.4993,14249.4962,61697.8637,-515531.7134,-437190.8542,-453833.8497
6113000,2354.3189,14230.2591,61363.3791,-514965.3429,-437017.3858,-453601.96379999997
6114000,2401.3623,14407.1975,62354.5547,-516512.8946,-437349.7801,-454158.3399
6115000,2374.0273,14249.2944,61816.8539,-515245.6251,-436805.4495,-453428.7712
6116000,2384.8161,14273.3233,61786.9206,-516102.9388,-437657.8788,-454316.0182
6117000,2363.4603,14220.3969,61792.6961,-515473.9428,-437097.38950000005,-453681.2467
6118000,2396.6762,14206.7836,61893.816,-516543.2417,-438045.9659,-454649.4257
6119000,2369.1908,14282.2876,61670.2374,-515499.8665,-437178.1507,-453829.6291
6120000,2377.4328,14291.9906,62095.389,-515826.275,-437061.4626,-453730.886
6121000,2389.9197,14273.3478,62299.8399,-516348.51,-437385.40260000003,-454048.6701
6122000,2411.0263,14428.0256,62193.5112,-516310.5811,-437278.01800000004,-454117.0699
6123000,2399.2427,14309.403,62442.1464,-516647.1289,-437496.33680000005,-454204.98250000004
6124000,2429.0608,14389.918,62136.0418,-516059.1014,-437104.0808,-453923.0596
6125000,2383.5261,14201.3986,62337.7289,-516778.3062,-437855.6526,-454440.5773
6126000,2360.2632,14200.9079,62205.6773,-516219.4415,-437452.5931,-454013.76420000003
6127000,2374.0715,14142.4496,61731.8884,-515948.3467,-437699.9372,-454216.4583
6128000,2383.1917,14244.524,61803.7001,-515820.5623,-437389.1465,-454016.8622
6129000,2382.4277,14317.0075,62321.7259,-516762.8404,-437741.67929999996,-454441.11449999997
6130000,2346.8192,14249.9821,62804.6052,-516755.0383,-437353.63180000003,-453950.4331
6131000,2386.8945,14223.4081,61553.2108,-515362.5936,-437199.0802,-453809.3828
6132000,2366.4718,14240.3093,61874.5618,-515355.1051,-436873.7622,-453480.54329999996
6133000,2354.6721,14293.245,62065.9736,-516447.2207,-437733.33,-454381.24710000004
6134000,2386.7107,14259.7674,61728.2702,-515441.9053,-437067.157,-453713.63509999996
6135000,2402.1967,14250.5288,62128.485,-516119.1167,-437337.9062,-453990.6317
6136000,2389.7452,14329.3392,61904.0712,-516041.1575,-437418.0019,-454137.08629999997
6137000,2389.4018,14332.5765,62089.63,-516106.2026,-437294.5943,-454016.5726
6138000,2384.55,14198.1129,61883.7955,-515588.5526,-437122.0942,-453704.7571
6139000,2411.1826,14196.1114,61758.0628,-516185.9739,-437820.6171,-454427.91109999997
6140000,2404.5123,14223.1988,62189.267,-516443.6887,-437626.7106,-454254.4217
6141000,2361.6678,14298.1076,62424.9519,-516933.3741,-437848.6468,-454508.42220000003
6142000,2379.6866,14213.2228,62295.6394,-516535.1371,-437646.5883,-454239.4977
6143000,2407.2767,14268.8201,61921.7006,-516410.3096,-437812.5122,-454488.609
6144000,2363.3827,14285.633,61906.0277,-515663.8068,-437108.76340000005,-453757.77910000004
6145000,2383.4215,14251.2445,62253.1482,-515824.3433,-436936.5291,-453571.1951
6146000,2384.7279,14341.2208,61439.4817,-515971.8188,-437806.3884,-454532.3371
6147000,2402.0411,14237.3877,61779.3281,-515557.2225,-437138.4656,-453777.8944
6148000,2413.2008,14292.4816,61651.5139,-515603.4142,-437246.2179,-453951.9003
6149000,2419.978,14402.2647,62026.85,-516176.762,-437327.6693,-454149.912
6150000,2363.8456,14262.1656,61634.1471,-515632.3591,-437372.2008,-453998.212
6151000,2350.9475,14276.0452,61707.6508,-515776.3949,-437441.7514,-454068.7441
6152000,2358.5305,14150.5071,62319.9196,-516405.4209,-437576.4637,-454085.5013
6153000,2408.0279,14242.6224,61931.0337,-515673.2099,-437091.5259,-453742.1762
6154000,2367.5907,14273.6306,62203.485,-515917.1903,-437072.484,-453713.70530000003
6155000,2404.5565,14296.4207,62238.8516,-516411.165,-437471.33619999996,-454172.3134
6156000,2367.9762,14296.151,62718.3735,-517234.4511,-437851.9504,-454516.0776
6157000,2362.1539,14244.4167,61976.9411,-516222.9178,-437639.4061,-454245.9767
6158000,2409.2747,14391.1583,62070.1393,-516586.6265,-437716.0542,-454516.48720000003
6159000,2370.1949,14224.0377,62057.5956,-516314.9257,-437663.09750000003,-454257.3301
6160000,2401.9765,14239.6227,61796.2757,-515994.4796,-437556.6047,-454198.2039
6161000,2359.3009,14277.5022,61954.6383,-515966.1106,-437374.6692,-454011.4723
6162000,2397.7632,14199.62,62062.4508,-516254.4887,-437594.65469999996,-454192.0379
6163000,2366.2644,14284.5294,61915.9465,-515742.7984,-437176.0581,-453826.8519
6164000,2374.152,14249.769,61853.6905,-515699.0763,-437221.4648,-453845.38580000005
6165000,2379.0132,14229.933,62275.4225,-516403.9999,-437519.6312,-454128.5774
6166000,2375.1274,14258.0791,62203.0732,-517148.6294,-438312.34969999996,-454945.5562
6167000,2382.1554,14282.6573,62278.7897,-517377.1488,-438433.5464,-455098.3591
6168000,2397.9445,14312.1262,62398.0977,-517010.3036,-437902.1352,-454612.2059
6169000,2388.2821,14258.2074,61910.0004,-516370.3398,-437813.84990000003,-454460.3394
6170000,2363.1498,14190.3447,62049.7161,-516034.6198,-437431.4092,-453984.90369999997
6171000,2377.6333,14196.9046,62824.5032,-517589.0261,-438189.985,-454764.52290000004
6172000,2381.9703,14236.4235,62124.0332,-516794.5509,-438052.1239,-454670.51769999997
6173000,2391.4731,14281.0057,62057.1421,-516407.3143,-437677.69340000005,-454350.17220000003
6174000,2400.0588,14311.8346,61865.9663,-515960.4258,-437382.56610000005,-454094.4595
6175000,2376.5992,14211.3188,61578.6847,-515335.7129,-437169.1102,-453757.0282
6176000,2361.0069,14282.4583,62047.9948,-516447.3958,-437755.9358,-454399.401
6177000,2374.4068,14200.8417,62217.7615,-517229.1398,-438436.1298,-455011.3783
6178000,2369.901,14251.7423,61579.4998,-515795.8577,-437594.7146,-454216.3579
6179000,2421.5044,14448.2837,61506.8692,-515523.8977,-437147.2404,-454017.02849999996
6180000,2350.7364,14245.3475,61770.8946,-515854.4046,-437487.42610000004,-454083.51
6181000,2374.0623,14348.7387,62379.7199,-517050.3161,-437947.7952,-454670.5962
6182000,2335.4162,14226.1426,62178.6594,-516474.9177,-437734.6995,-454296.2583
6183000,2357.1433,14300.602,62464.3914,-516874.5493,-437752.41260000004,-454410.1579
6184000,2369.5275,14332.5007,62439.7859,-516959.0726,-437817.2585,-454519.2867
6185000,2380.2619,14304.0035,62406.3626,-516566.2386,-437475.6106,-454159.876
6186000,2385.3593,14310.7546,62511.8003,-516780.7108,-437572.7966,-454268.9105
6187000,2410.622,14292.4771,61831.13,-515663.4249,-437129.1958,-453832.2949
6188000,2403.3922,14259.0267,61969.0952,-516142.0542,-437510.5401,-454172.95900000003
6189000,2346.3892,14347.285,61973.2443,-516183.1928,-437516.27430000005,-454209.9485
6190000,2350.2128,14123.5585,62058.2743,-516188.467,-437656.4214,-454130.1927
6191000,2345.0235,14246.5327,61924.8207,-516307.9064,-437791.52949999995,-454383.0857
6192000,2388.4869,14242.5404,62045.7703,-515974.4003,-437297.6027,-453928.63
6193000,2395.3373,14246.7061,61485.0012,-515599.9086,-437472.86400000006,-454114.9074
6194000,2384.7767,14261.4753,61956.7165,-516125.5934,-437522.6249,-454168.87690000003
6195000,2375.0712,14307.9914,61689.0289,-516466.386,-438094.2945,-454777.3571
6196000,2396.8894,14262.4029,62436.0383,-516900.0853,-437804.7547,-454464.04699999996
6197000,2349.0614,14330.3686,61771.658,-515981.0178,-437529.9298,-454209.3598
6198000,2362.4282,14205.6472,61837.1673,-515924.7711,-437519.5284,-454087.60380000004
6199000,2373.6787,14295.8384,62402.4742,-516168.1982,-437096.2069,-453765.724
6200000,2421.6284,14294.8967,61687.4122,-515672.6081,-437268.6708,-453985.1959
6201000,2375.5741,14265.6222,62458.0504,-516948.8424,-437849.5957,-454490.792
6202000,2383.0861,14208.1303,62374.4642,-516663.4423,-437697.7617,-454288.9781
6203000,2398.364,14265.2527,61831.5534,-516081.852,-437586.6819,-454250.29860000004
6204000,2351.2762,14269.3721,62399.2099,-517503.1023,-438483.2441,-455103.8924
6205000,2371.9318,14254.2086,62074.2946,-516934.1098,-438233.6748,-454859.81519999995
6206000,2394.9278,14199.8079,61626.9426,-515492.7589,-437271.0806,-453865.8163
6207000,2416.9801,14244.9554,61820.7223,-515594.3416,-437111.6838,-453773.61929999996
6208000,2445.085,14248.1268,61977.2949,-516556.7838,-437886.27709999995,-454579.4889
6209000,2375.3141,14223.6002,62341.9907,-517171.4214,-438230.51639999996,-454829.43069999997
6210000,2359.5958,14279.8993,61875.4263,-515707.7278,-437192.8064,-453832.3015
6211000,2373.3422,14250.5979,61531.528,-515507.3362,-437351.8681,-453975.8082
6212000,2419.7772,14325.7803,61731.2084,-515563.0826,-437086.3167,-453831.8742
6213000,2383.8365,14317.8398,62256.0876,-516890.8721,-437933.1082,-454634.78449999995
6214000,2362.38,14273.2461,61730.6323,-515731.5209,-437365.2625,-454000.8886
6215000,2373.7322,14342.8967,61689.2118,-515651.237,-437245.3963,-453962.02520000003
6216000,2379.3352,14280.5393,61910.9228,-515929.9172,-437359.11990000005,-454018.9944
6217000,2365.5551,14281.3136,62123.7846,-516193.3101,-437422.6568,-454069.5255
6218000,2400.9415,14195.1239,62343.3768,-517088.0321,-438148.5899,-454744.6553
6219000,2382.9611,14334.6508,61586.7007,-515375.6902,-437071.3776,-453788.9895
6220000,2385.3161,14333.5219,62288.8872,-517054.0532,-438046.32800000004,-454765.166
6221000,2368.4822,14344.0205,61860.0516,-516439.8743,-437867.32,-454579.8227
6222000,2379.6359,14233.0834,62466.8316,-517200.5804,-438121.02949999995,-454733.7488
6223000,2359.205,14223.307,61805.3998,-515940.1206,-437552.2088,-454134.7208
6224000,2404.6842,14265.2124,62027.7107,-516826.9671,-438129.3598,-454799.2564
6225000,2390.0263,14298.4537,61651.5126,-515242.5205,-436902.5279,-453591.00789999997
6226000,2349.7384,14265.7277,62009.0408,-516369.7487,-437745.24179999996,-454360.7079
6227000,2371.3803,14249.9898,61581.4824,-515541.9843,-437339.1318,-453960.50190000003
6228000,2367.1524,14144.0137,62594.5284,-517161.2581,-438055.5636,-454566.72969999997
6229000,2370.1632,14271.9429,62421.7536,-516477.3938,-437413.53410000005,-454055.6402
6230000,2364.133,14144.6808,61961.6673,-516279.2397,-437808.75859999994,-454317.57239999995
6231000,2373.0902,14252.2663,61893.5732,-516430.8261,-437911.8964,-454537.2529
6232000,2381.8013,14310.0965,62498.0668,-517458.6941,-438268.7295,-454960.62730000005
6233000,2381.1397,14210.5838,62213.5441,-516992.5359,-438187.2683,-454778.9918
6234000,2373.9099,14239.3308,62252.3453,-516588.0747,-437722.4887,-454335.7294
6235000,2415.6468,14286.2762,62219.6446,-516909.6748,-437988.10719999997,-454690.0302
6236000,2364.779,14371.034,62246.1741,-516028.7181,-437046.731,-453782.544
6237000,2374.8131,14291.2826,62239.4322,-516341.9263,-437436.3984,-454102.4941
6238000,2359.9503,14175.7406,61968.5977,-516377.1517,-437872.86309999996,-454408.554
6239000,2362.8728,14154.3873,62553.1138,-517586.9822,-438516.6083,-455033.86840000004
6240000,2370.2454,14136.128,62135.0712,-516430.4226,-437788.978,-454295.3514
6241000,2359.9164,14212.1627,62191.0842,-516295.521,-437532.3577,-454104.4368
6242000,2361.3603,14257.9914,62005.5219,-516501.7123,-437876.8387,-454496.1904
6243000,2390.1738,14234.7233,62560.1551,-517267.9741,-438082.92189999996,-454707.819
6244000,2356.4116,14264.2662,62567.398,-517330.6939,-438142.6181,-454763.2959
6245000,2381.3965,14261.0923,62201.4563,-516738.6898,-437894.7447,-454537.2335
6246000,2372.4347,14245.6692,61706.6382,-515473.9056,-437149.1635,-453767.2674
6247000,2363.11,14220.1718,61871.4203,-516026.1792,-437571.4771,-454154.7589
6248000,2363.3561,14245.4436,61767.9234,-515576.9106,-437200.1875,-453808.9872
6249000,2368.9665,14194.3819,62065.9353,-516204.9664,-437575.6827,-454139.03109999996
6250000,2371.9408,14226.2748,62281.6567,-516487.0709,-437607.1986,-454205.4142
6251000,2355.0409,14197.992,61419.4191,-515466.8631,-437494.4111,-454047.444
6252000,2362.8227,14290.4478,62102.1185,-516620.7672,-437865.37820000004,-454518.6487
6253000,2336.8176,14172.3632,62281.1966,-517259.3571,-438468.9797,-454978.1605
6254000,2380.535,14258.0552,62093.4657,-516481.2102,-437749.15429999994,-454387.7445
6255000,2369.3277,14250.0145,62491.0606,-516891.0292,-437780.6264,-454399.9686
6256000,2354.0736,14239.1211,61606.3826,-516100.209,-437900.63169999997,-454493.82639999996
6257000,2360.1026,14177.5411,62229.6371,-517314.6757,-438547.3949,-455085.0386
6258000,2390.6938,14205.6472,61640.077,-515562.4858,-437326.0678,-453922.40880000003
6259000,2384.1672,14201.5397,61852.9772,-515854.8755,-437416.1914,-454001.8983
6260000,2380.3378,14267.7498,62467.8613,-516483.7395,-437367.79060000007,-454015.87820000004
6261000,2404.0631,14238.2009,62181.0032,-516531.7068,-437708.4396,-454350.7036
6262000,2386.5352,14224.6364,62435.7472,-517005.9425,-437959.0237,-454570.1953
6263000,2366.0524,14249.1866,61524.225,-515939.7425,-437800.2785,-454415.5175
6264000,2389.7515,14233.8072,61767.4435,-516167.5413,-437776.5391,-454400.0978
6265000,2375.021,14253.4998,61813.3476,-515569.8887,-437128.0203,-453756.54110000003
6266000,2364.2876,14246.3332,62235.1677,-516823.3297,-437977.5412,-454588.162
6267000,2361.7792,14225.3509,61938.4388,-516438.1186,-437912.5497,-454499.6798
6268000,2397.8885,14221.3634,61914.9547,-516510.1944,-437975.9878,-454595.2397
6269000,2386.9956,14210.7697,61765.9659,-516090.6963,-437726.96510000003,-454324.7304
6270000,2367.9658,14311.8177,61542.6677,-515703.9455,-437481.49429999996,-454161.2778
6271000,2379.5757,14283.4427,62127.1232,-516660.6173,-437870.47569999995,-454533.4941
6272000,2395.622,14189.5309,61787.2182,-515590.7563,-437218.3852,-453803.5381
6273000,2377.003,14276.4612,61737.0946,-515557.2691,-437166.7103,-453820.17449999996
6274000,2349.7385,14238.2602,62007.5331,-516082.703,-437487.1712,-454075.1699
6275000,2373.2444,14357.3392,61992.2816,-516957.7604,-438234.8952,-454965.47880000004
6276000,2349.4634,14202.7436,61358.6014,-515225.7018,-437314.8934,-453867.1004
6277000,2373.4948,14167.6906,61885.6353,-515689.4277,-437262.607,-453803.7924
6278000,2384.2363,14319.8434,62291.1328,-516621.9725,-437626.76,-454330.83969999995
6279000,2420.0376,14248.9646,62523.4493,-517125.8457,-437933.3942,-454602.3964
6280000,2379.1172,14288.4802,61370.1748,-516019.5282,-437981.756,-454649.3534
6281000,2363.4877,14293.6277,61989.4461,-516018.5848,-437372.0233,-454029.1387
6282000,2377.7971,14326.5015,62557.5733,-517534.8918,-438273.01989999996,-454977.3185
6283000,2372.7708,14237.0851,62237.3879,-516646.2873,-437799.0435,-454408.8994
6284000,2389.3449,14191.5911,62262.9469,-516493.3802,-437649.49730000005,-454230.43330000003
6285000,2404.2788,14294.6009,62308.5953,-516841.1351,-437833.6601,-454532.5398
6286000,2339.7937,14209.0632,61645.8987,-515742.5201,-437547.76450000005,-454096.6214
6287000,2395.8972,14232.3465,62006.4168,-516783.0829,-438148.4224,-454776.6661
6288000,2355.7197,14115.6867,62230.8878,-516258.8673,-437556.5731,-454027.9795
6289000,2396.3141,14249.1874,61527.9985,-516134.5178,-437961.0178,-454606.5193
6290000,2357.2178,14219.2878,62475.235,-517069.986,-438018.24539999996,-454594.751
6291000,2426.9417,14309.9526,62672.5258,-517387.2686,-437977.8485,-454714.7428
6292000,2404.0168,14277.1922,62704.615,-517562.6019,-438176.7779,-454857.9869
6293000,2368.2232,14264.2849,62180.1571,-516034.667,-437222.0018,-453854.5099
6294000,2378.6392,14295.4737,61869.0461,-516485.16,-437942.001,-454616.1139
6295000,2371.5692,14198.6707,62022.5316,-516448.3934,-437855.6219,-454425.8618
6296000,2356.8393,14353.3152,62345.3406,-516498.6122,-437443.1171,-454153.2716
6297000,2405.6317,14284.6129,61342.2113,-515168.6914,-437136.2355,-453826.4801
6298000,2399.2442,14294.9227,62080.5043,-516244.1725,-437469.5013,-454163.66819999996
6299000,2398.4392,14267.4883,61787.145,-516378.0544,-437924.9819,-454590.9094
6300000,2412.3988,14201.8454,62431.9456,-516680.5383,-437634.3485,-454248.59270000004
6301000,2394.0615,14403.4643,61928.9564,-516233.8676,-437507.3854,-454304.9112
6302000,2364.5766,14275.1548,62197.1215,-516084.808,-437247.9551,-453887.6865
6303000,2359.5207,14266.0241,62088.2309,-516680.3759,-437966.6002,-454592.14499999996
6304000,2383.7744,14293.3629,61775.2765,-515656.6941,-437204.28030000004,-453881.41760000004
6305000,2347.1049,14211.2334,62057.6721,-516412.7383,-437796.72790000006,-454355.0662
6306000,2382.3951,14321.5333,61779.9268,-516227.9749,-437744.1197,-454448.04809999996
6307000,2370.3531,14277.7427,61879.041,-515441.6967,-436914.5599,-453562.6557
6308000,2410.6198,14302.9364,62193.4921,-515891.2487,-436984.2004,-453697.75659999996
6309000,2392.257,14298.8589,61572.1228,-515544.43,-437281.1913,-453972.3072
6310000,2355.2462,14321.2596,62089.6233,-516550.8115,-437784.68240000005,-454461.18820000003
6311000,2389.0567,14338.4327,61826.6888,-515979.6172,-437425.439,-454152.9284
6312000,2384.5986,14256.4899,62111.0193,-515759.182,-437007.0742,-453648.1627
6313000,2407.8838,14355.5441,62072.3955,-516643.7274,-437807.904,-454571.3319
6314000,2349.6056,14312.3912,61857.3426,-516119.9458,-437600.6064,-454262.6032
6315000,2398.064,14259.7329,61940.4721,-516352.3946,-437754.1256,-454411.9225
6316000,2373.5015,14357.1682,62109.4556,-516501.3194,-437661.19409999996,-454391.8638
6317000,2373.9342,14334.3333,61914.1356,-516217.0479,-437594.6448,-454302.9123
6318000,2381.1565,14330.1088,61831.8823,-515877.2619,-437334.1143,-454045.3796
6319000,2373.1973,14208.7359,61926.6104,-516051.031,-437542.4874,-454124.4206
6320000,2349.0617,14209.6205,61520.2422,-515415.1155,-437336.1911,-453894.87330000004
6321000,2360.7491,14284.4361,61992.5416,-515976.8284,-437339.1016,-453984.2868
6322000,2396.5126,14325.5161,62456.786,-517047.8175,-437869.0028,-454591.0315
6323000,2375.9497,14216.0577,62132.2091,-516708.3402,-437984.1237,-454576.1311
6324000,2377.0443,14227.3001,62265.8691,-516625.193,-437754.9795,-454359.3239
6325000,2365.9794,14235.9932,62079.7385,-516625.9206,-437944.2095,-454546.18210000003
6326000,2380.8315,14252.6322,62109.7332,-516293.5871,-437550.3902,-454183.8539
6327000,2366.213,14311.173,62366.5743,-517025.3022,-437981.3419,-454658.7279
6328000,2400.189,14321.8155,62455.4049,-517163.3856,-437985.9762,-454707.98069999996
6329000,2366.7115,14339.8109,62227.4581,-517082.4739,-438148.4934,-454855.0158
6330000,2385.0363,14267.6019,61836.9498,-515439.5057,-436949.9177,-453602.5559
6331000,2433.753,14312.9133,61574.3918,-515583.5059,-437262.44779999997,-454009.1141
6332000,2343.8069,14198.8526,61755.3551,-515592.3884,-437294.3738,-453837.0333
6333000,2347.1428,14120.3077,62347.3565,-516588.5323,-437773.72530000005,-454241.1758
6334000,2389.965,14279.8405,62075.29,-516182.1832,-437437.08770000003,-454106.89320000005
6335000,2364.4701,14289.6233,62222.0358,-516779.6923,-437903.5631,-454557.6565
6336000,2367.8825,14251.7899,61693.0392,-516323.3526,-438010.641,-454630.3134
6337000,2363.202,14247.8244,62198.4815,-516523.5576,-437714.0497,-454325.0761
6338000,2382.4608,14343.3634,62085.942,-516487.0472,-437675.28099999996,-454401.1052
6339000,2380.6317,14354.9577,61712.1252,-515677.3453,-437229.6307,-453965.2201
6340000,2364.1213,14288.5366,62028.4892,-516337.0406,-437655.8935,-454308.5514
6341000,2372.6706,14308.7328,62291.3617,-516067.8537,-437095.08859999996,-453776.49199999997
6342000,2377.9556,14339.478,62372.955,-516045.3306,-436954.942,-453672.37559999997
6343000,2382.3149,14359.5946,62162.7445,-516426.6506,-437521.99659999995,-454263.9061
6344000,2363.1186,14275.8107,61850.3878,-515878.2609,-437388.9438,-454027.87309999997
6345000,2370.4876,14275.307,61630.3136,-514751.4296,-436475.32139999996,-453121.116
6346000,2363.4659,14226.602,61490.4288,-515841.9831,-437761.4864,-454351.5543
6347000,2369.3319,14239.8766,62334.0352,-516923.1242,-437979.8805,-454589.08900000004
6348000,2349.9266,14358.4768,62596.7447,-517171.5059,-437866.3578,-454574.7612
6349000,2377.329,14259.9296,62108.5016,-516510.4101,-437764.64989999996,-454401.90849999996
6350000,2371.3656,14302.0785,62152.673,-516071.7525,-437245.6354,-453919.0795
6351000,2375.8757,14260.1247,61968.0851,-515912.4714,-437308.3859,-453944.3863
6352000,2371.1067,14324.7942,61579.1689,-515706.7663,-437431.6965,-454127.5974
6353000,2379.5427,14302.1738,62089.5588,-515696.8198,-436925.54449999996,-453607.261
6354000,2382.5157,14371.133,61646.3507,-515386.5492,-436986.54980000004,-453740.1985
6355000,2393.0077,14386.0103,61959.8713,-516362.9043,-437624.015,-454403.033
6356000,2385.6691,14225.4767,61666.4065,-515834.9202,-437557.3679,-454168.5137
6357000,2385.6046,14368.3624,62151.0098,-516579.6713,-437674.6945,-454428.6615
6358000,2392.1726,14333.3413,61795.6374,-516330.9682,-437809.8169,-454535.3308
6359000,2365.3686,14340.0403,62449.2933,-516761.432,-437606.7298,-454312.13869999995
6360000,2370.7749,14268.891,62155.8496,-516236.8342,-437441.31869999995,-454080.98459999997
6361000,2362.6851,14341.0939,62684.0093,-517191.5362,-437803.74789999996,-454507.5269
6362000,2378.3385,14364.8888,62250.6424,-516607.1705,-437613.3008,-454356.5281
6363000,2389.4803,14322.5622,61980.9673,-516209.31,-437516.3002,-454228.3427
6364000,2377.1824,14368.1818,61668.4036,-516288.6984,-437874.93059999996,-454620.2948
6365000,2384.6418,14275.7568,61451.1464,-515664.4921,-437552.9471,-454213.34569999995
6366000,2401.6168,14208.1928,62198.3447,-516588.5655,-437780.41120000003,-454390.2208
6367000,2408.3482,14334.8043,61921.027,-516309.3045,-437645.125,-454388.2775
6368000,2352.3815,14243.9122,61990.6997,-516330.6612,-437743.66779999994,-454339.9615
6369000,2397.9734,14355.8702,62407.0601,-517209.9593,-438049.05559999996,-454802.8992
6370000,2363.4493,14373.9769,61573.9456,-515638.9253,-437327.55350000004,-454064.9797
6371000,2378.8307,14360.8169,61540.5458,-516354.0429,-438073.8495,-454813.4971
6372000,2337.7395,14338.8047,62283.0546,-516889.0591,-437929.46030000004,-454606.00450000004
6373000,2410.0202,14248.7132,62449.3809,-516792.1665,-437684.0522,-454342.7856
6374000,2381.8666,14268.0796,61695.6263,-516392.0976,-438046.52509999997,-454696.4713
6375000,2364.9213,14178.8795,62014.0993,-516353.2798,-437795.37970000005,-454339.1805
6376000,2397.5292,14308.8108,61910.1381,-516119.6216,-437503.1435,-454209.48350000003
6377000,2385.16,14304.9527,62337.89,-516659.5582,-437631.5555,-454321.6682
6378000,2399.5842,14273.7631,62145.8173,-516743.4667,-437924.3021,-454597.6494
6379000,2397.4118,14183.8175,61599.0023,-516057.7708,-437877.5392,-454458.7685
6380000,2366.0971,14328.5503,61753.2286,-515819.8914,-437372.01540000003,-454066.66280000005
6381000,2399.3552,14349.3311,62101.2941,-516553.848,-437703.8676,-454452.5539
6382000,2390.9056,14330.2745,62421.2595,-516822.2027,-437679.76310000004,-454400.94320000004
6383000,2388.3877,14296.1831,62154.4681,-516221.5034,-437382.4645,-454067.0353
6384000,2350.5498,14301.805,61730.6776,-516304.4538,-437921.4214,-454573.7762
6385000,2373.3393,14307.4624,62070.6191,-516681.2588,-437929.838,-454610.6397
6386000,2387.4453,14334.7682,62230.0372,-516583.1157,-437630.865,-454353.0785
6387000,2356.2842,14338.3015,62073.5777,-516472.1297,-437703.9663,-454398.55199999997
6388000,2404.0078,14354.1835,62029.737,-516753.2837,-437965.3554,-454723.5467
6389000,2370.4952,14311.8205,62030.7056,-516654.3725,-437941.35120000003,-454623.6669
6390000,2380.5736,14313.5103,61978.8646,-516583.4094,-437910.4609,-454604.54480000003
6391000,2387.3818,14270.0712,62043.8263,-515814.9448,-437113.6655,-453771.1185
6392000,2391.1691,14410.7379,62031.8204,-516408.5087,-437574.78130000003,-454376.68830000004
6393000,2357.3961,14248.2031,62039.4467,-516926.3729,-438281.32700000005,-454886.9262
6394000,2401.417,14439.1822,62443.7173,-517484.9863,-438200.6698,-455041.269
6395000,2363.9562,14235.4288,62051.8809,-515984.2604,-437332.99450000003,-453932.37950000004
6396000,2421.822,14396.7568,61460.1373,-515913.8065,-437635.0904,-454453.6692
6397000,2383.2658,14311.5937,61870.8906,-516883.0912,-438317.3411,-455012.20060000004
6398000,2353.4993,14254.2882,61894.3008,-515908.4003,-437406.312,-454014.0995
6399000,2357.1646,14308.4522,62301.5311,-517184.76,-438217.6121,-454883.2289
6400000,2377.4148,14322.5134,62003.5673,-516625.4326,-437921.9371,-454621.8653
6401000,2416.4569,14403.6331,62178.1007,-516729.5125,-437731.32180000003,-454551.4118
6402000,2379.6189,14314.884,62058.4262,-515926.8802,-437173.9511,-453868.454
6403000,2382.2653,14285.5938,62138.9148,-516225.2649,-437418.49100000004,-454086.35010000004
6404000,2372.6015,14340.2774,61648.1474,-515970.7134,-437609.6871,-454322.566
6405000,2370.3616,14401.0046,61922.8751,-516423.5971,-437729.3558,-454500.722
6406000,2367.5409,14359.3457,62121.976,-516614.362,-437765.49940000003,-454492.386
6407000,2382.5473,14328.9708,62275.2807,-516631.6356,-437644.8368,-454356.3549
6408000,2417.9733,14401.1654,61520.3419,-516278.1689,-437938.6883,-454757.827
6409000,2376.36,14382.1936,62183.0225,-516513.8827,-437572.3066,-454330.8602
6410000,2367.3048,14316.0179,62044.2581,-516511.3378,-437783.757,-454467.0797
6411000,2385.7655,14352.1002,62482.6957,-517025.4728,-437804.9114,-454542.7771
6412000,2352.5725,14227.7245,62119.1418,-516291.7288,-437592.29,-454172.587
6413000,2385.9655,14377.6872,62171.5857,-515974.4338,-437039.19539999997,-453802.8481
6414000,2388.531,14383.6153,62272.9356,-517227.7562,-438182.6743,-454954.8206
6415000,2341.6282,14223.0863,61971.1653,-516203.9196,-437668.0398,-454232.75430000003
6416000,2399.6689,14326.7918,62157.197,-516784.5886,-437900.93090000004,-454627.39160000003
6417000,2423.365,14293.1438,62515.4609,-516716.9762,-437485.00649999996,-454201.51529999997
6418000,2352.9919,14236.8139,62021.1342,-515682.2641,-437071.32409999997,-453661.12989999994
6419000,2357.3179,14313.1294,62167.7542,-516651.1305,-437812.929,-454483.3763
6420000,2414.8457,14310.7246,62429.4863,-517503.9207,-438348.8641,-455074.4344
6421000,2338.3314,14335.1128,61971.762,-516239.2704,-437594.06419999996,-454267.5084
6422000,2414.0776,14451.9785,61754.3595,-516286.9745,-437666.5589,-454532.615
6423000,2355.3285,14204.1085,62300.6394,-516771.3779,-437911.3015,-454470.73850000004
6424000,2386.845,14397.7669,61824.8689,-516205.9737,-437596.49289999995,-454381.1048
6425000,2390.0617,14370.7447,62272.3148,-516846.2132,-437813.092,-454573.8984
6426000,2376.8256,14368.0149,62422.6891,-517330.0052,-438162.4756,-454907.3161
6427000,2431.9242,14439.6561,61935.1007,-517217.3369,-438410.6559,-455282.2362
6428000,2368.5904,14437.172,61804.587,-516531.3986,-437921.0492,-454726.8116
6429000,2371.1239,14287.3587,61413.7658,-515115.0617,-437042.81330000004,-453701.2959
6430000,2396.2808,14303.8514,62174.2899,-516317.6616,-437443.2395,-454143.3717
6431000,2371.9084,14357.6961,62012.8283,-517172.6919,-438430.25909999997,-455159.8636
6432000,2366.1558,14256.8211,62206.8736,-516509.841,-437679.9905,-454302.9674
6433000,2373.1226,14309.9444,62641.7955,-517438.7208,-438113.8583,-454796.9253
6434000,2373.1653,14335.7749,61973.9918,-516605.6365,-437922.7045,-454631.6447
6435000,2371.4541,14258.9064,62229.8512,-516221.79,-437361.5783,-453991.9388
6436000,2411.6914,14285.8105,62105.9606,-516945.6935,-438142.231,-454839.7329
6437000,2380.0574,14427.3068,62660.7872,-517852.1951,-438384.04370000004,-455191.4079
6438000,2387.8479,14237.4439,61860.2373,-515818.8579,-437333.3288,-453958.6206
6439000,2393.6899,14418.9865,61352.2547,-515799.1064,-437634.1753,-454446.8517
6440000,2381.8393,14322.6937,61755.8381,-515604.4713,-437144.1002,-453848.6332
6441000,2386.571,14246.5609,62456.9191,-516730.9922,-437640.9412,-454274.0731
6442000,2361.3633,14327.7112,61485.2781,-515386.7993,-437212.44670000003,-453901.5212
6443000,2387.1903,14318.21,61533.2059,-515588.5729,-437349.9667,-454055.367
6444000,2400.3521,14377.96,61651.9603,-515955.47,-437525.19759999996,-454303.5097
6445000,2370.2278,14363.0158,61980.9572,-515972.3065,-437258.1057,-453991.3493
6446000,2379.1486,14275.6911,62486.954,-516641.4346,-437499.6409,-454154.4806
6447000,2351.7561,14358.3565,62151.393,-516140.9571,-437279.45149999997,-453989.5641
6448000,2336.8679,14331.1079,61408.0316,-515554.9323,-437478.9249,-454146.9007
6449000,2328.078,14252.7425,62131.4394,-516266.4336,-437554.1737,-454134.99419999996
6450000,2384.1189,14199.0271,62303.2749,-516485.5227,-437599.10179999995,-454182.24779999995
6451000,2372.3399,14297.4048,61942.489,-516800.3523,-438188.11860000005,-454857.8633
6452000,2350.5176,14223.9107,62103.5663,-516653.2111,-437975.2165,-454549.6448
6453000,2370.4078,14256.113,62017.7273,-515997.7072,-437353.4591,-453979.97990000003
6454000,2382.0683,14325.9103,62046.9253,-516552.0475,-437797.14359999995,-454505.1222
6455000,2387.9871,14319.0634,62331.9013,-516958.4209,-437919.46910000005,-454626.5196
6456000,2411.1345,14337.8494,61754.4537,-516367.1305,-437863.6929,-454612.6768
6457000,2382.899,14350.8331,62756.3552,-517130.8274,-437640.7401,-454374.4722
6458000,2388.0602,14347.4897,61830.1367,-516590.238,-438024.5514,-454760.1013
6459000,2367.1627,14386.9751,62398.2073,-517473.9976,-438321.65249999997,-455075.7903
6460000,2349.9673,14260.1542,61878.6513,-516008.307,-437519.5342,-454129.6557
6461000,2328.0372,14251.112,61760.8236,-516485.9764,-438146.0036,-454725.1528
6462000,2361.5175,14296.678,62431.8608,-516819.1759,-437729.1196,-454387.31509999995
6463000,2362.8838,14223.5026,62200.1737,-516294.7205,-437508.1604,-454094.5468
6464000,2417.1116,14377.0759,61804.6175,-516252.686,-437653.881,-454448.0685
6465000,2412.7734,14345.4452,61829.0881,-515866.4511,-437279.1444,-454037.363
6466000,2348.4397,14217.8519,62117.1023,-516613.384,-437929.99010000005,-454496.28170000005
6467000,2403.0185,14301.5639,61957.0767,-516065.1946,-437403.5355,-454108.1179
6468000,2351.8495,14248.1384,61881.1999,-516119.8041,-437638.6163,-454238.6042
6469000,2336.2951,14281.4304,61629.6544,-515753.7856,-437506.4057,-454124.1312
6470000,2402.3282,14202.3847,62609.5439,-516626.7957,-437412.53890000004,-454017.2518
6471000,2358.6908,14312.0539,61929.6798,-516515.7578,-437915.33330000006,-454586.07800000004
6472000,2347.768,14252.501,61727.7146,-515533.824,-437205.8404,-453806.1094
6473000,2368.4365,14311.1378,62002.3921,-516109.382,-437427.41559999995,-454106.9899
6474000,2337.2132,14237.8009,62215.1794,-516538.1434,-437747.9499,-454322.964
6475000,2369.5836,14257.4698,62224.2086,-516374.4341,-437523.1721,-454150.2255
6476000,2346.9975,14296.6145,62345.722,-516462.5933,-437473.25930000003,-454116.8713
6477000,2376.8527,14336.0713,62611.096,-517330.5286,-438006.50860000006,-454719.4326
6478000,2383.6082,14261.8889,62326.2787,-516416.9285,-437445.1527,-454090.64979999996
6479000,2373.2996,14283.4781,61810.7205,-516331.676,-437864.17779999995,-454520.9555
6480000,2392.9243,14263.3943,61905.2779,-515999.1509,-437437.5544,-454093.873
6481000,2381.9866,14359.5179,62270.7368,-516358.6346,-437346.3933,-454087.8978
6482000,2372.2439,14349.0346,62067.9712,-515905.6423,-437116.3926,-453837.67110000004
6483000,2390.5426,14334.188,61958.9696,-515795.0961,-437111.3959,-453836.1265
6484000,2381.2145,14165.4364,61955.7543,-515753.9499,-437251.54469999997,-453798.1956
6485000,2360.8987,14374.9204,61955.155,-516292.8307,-437601.8566,-454337.6757
6486000,2392.464,14390.668,62093.1272,-515952.596,-437076.33680000005,-453859.46880000003
6487000,2417.8584,14331.6607,62064.5825,-516527.6394,-437713.5378,-454463.05689999997
6488000,2397.9634,14375.8845,62396.3973,-516621.5726,-437451.3274,-454225.1753
6489000,2347.1466,14253.0142,62338.4662,-516370.2447,-437431.61769999994,-454031.77849999996
6490000,2419.4612,14302.1394,61903.5289,-516207.3462,-437582.21670000005,-454303.81730000005
6491000,2369.1343,14318.8058,61861.8417,-516521.8674,-437972.0856,-454660.0257
6492000,2413.6676,14285.8552,62075.7156,-516056.9117,-437281.6733,-453981.1961
6493000,2368.501,14320.3771,62492.9576,-516538.5915,-437356.7558,-454045.63389999996
6494000,2376.2012,14316.3245,62326.1721,-516139.6191,-437120.9213,-453813.447
6495000,2374.5903,14260.4221,61957.5586,-516168.6405,-437576.0695,-454211.0819
6496000,2334.092,14332.9302,62143.491,-516864.7498,-438054.2366,-454721.2588
6497000,2371.7577,14207.0507,62377.7882,-516649.021,-437692.4244,-454271.2328
6498000,2372.0197,14286.858,61724.818,-515610.9885,-437227.2928,-453886.1705
6499000,2364.2677,14452.4759,62035.6949,-516638.5183,-437786.0798,-454602.8234
6500000,2355.9257,14319.6095,62483.1895,-516890.7328,-437732.0081,-454407.5433
6501000,2325.4416,14330.8222,61863.9147,-515569.5654,-437049.38690000004,-453705.6507
6502000,2382.6196,14414.6959,62419.7679,-516940.5159,-437723.4325,-454520.748
6503000,2360.4584,14363.2757,61954.6592,-515731.6311,-437053.2378,-453776.9719
6504000,2347.4644,14233.5134,61853.4836,-516214.3907,-437779.92929999996,-454360.9071
6505000,2384.6685,14399.3776,61914.2279,-516012.3994,-437314.1254,-454098.1715
6506000,2374.9997,14405.9701,62675.9858,-516862.8644,-437405.90880000003,-454186.8786
6507000,2354.4453,14278.9921,62199.1559,-516393.5874,-437560.9941,-454194.4315
6508000,2343.6455,14249.3712,61764.3873,-516128.9583,-437771.55429999996,-454364.571
6509000,2409.6276,14328.911,62539.7582,-517235.3257,-437957.0289,-454695.5675
6510000,2374.8643,14358.0075,62113.3282,-516631.6604,-437785.4604,-454518.3322
6511000,2385.7465,14301.6584,61946.8236,-515338.6349,-436704.4064,-453391.8113
6512000,2395.9586,14310.6978,61854.323,-515861.7896,-437300.8102,-454007.46660000004
6513000,2378.6968,14250.0388,61113.1185,-514616.1224,-436874.2683,-453503.0039
6514000,2381.3241,14310.9417,61560.0767,-515827.5898,-437575.24730000005,-454267.51310000004
6515000,2360.2164,14328.1095,61999.0481,-515633.5969,-436946.2229,-453634.5488
6516000,2384.8722,14368.3418,61125.5127,-515166.3112,-437287.5845,-454040.7985
6517000,2378.0057,14308.661,61988.371,-516149.4815,-437474.4438,-454161.1105
6518000,2370.8632,14346.0051,62328.2554,-517054.5794,-438009.4557,-454726.32399999996
6519000,2357.9211,14291.5661,62051.3008,-516283.7922,-437583.0042,-454232.49140000006
6520000,2368.1686,14285.9754,61586.5611,-515598.9882,-437358.2831,-454012.42710000003
6521000,2365.1433,14363.5719,61994.6132,-516084.1843,-437360.8559,-454089.5711
6522000,2356.7216,14311.9464,62102.5236,-516032.6034,-437261.4118,-453930.0798
6523000,2376.2427,14388.917,61629.6281,-515307.0762,-436912.2884,-453677.44810000004
6524000,2381.3727,14307.5196,61915.3754,-515977.3818,-437373.1141,-454062.00639999995
6525000,2389.1701,14359.7445,62142.2606,-516794.2531,-437903.0779,-454651.9925
6526000,2402.0167,14292.667,62032.4766,-515950.4281,-437223.26780000003,-453917.9515
6527000,2371.4491,14255.5126,61543.3131,-515374.4803,-437204.2055,-453831.1672
6528000,2390.4366,14355.2884,62120.5018,-516802.5383,-437936.3115,-454682.03650000005
6529000,2374.1944,14336.0831,62107.5155,-515279.1871,-436461.3941,-453171.6716
6530000,2369.1347,14354.6948,62163.1265,-515902.9818,-437016.0258,-453739.8553
6531000,2385.6035,14342.5874,61891.2692,-515454.3083,-436834.8482,-453563.0391
6532000,2370.8669,14293.2617,61968.2535,-515830.6568,-437198.2747,-453862.4033
6533000,2367.0176,14312.2687,62054.4097,-516101.6554,-437367.9594,-454047.24569999997
6534000,2375.8445,14357.9867,62159.9001,-516065.6635,-437171.93220000004,-453905.76340000005
6535000,2357.5543,14326.6411,61835.4092,-516429.2552,-437909.6506,-454593.846
6536000,2377.461,14346.928,62285.8862,-516769.0912,-437758.816,-454483.205
6537000,2348.9041,14284.0533,62816.8654,-516913.2827,-437463.4599,-454096.4173
6538000,2411.411,14384.5753,62156.2552,-516923.5194,-437971.2779,-454767.2642
6539000,2394.5909,14296.5969,62058.0631,-516696.2195,-437946.9686,-454638.1564
6540000,2363.212,14314.8497,61662.243,-515775.0094,-437434.7047,-454112.76639999996
6541000,2382.1208,14287.6021,62023.6708,-516269.1074,-437575.71369999996,-454245.43659999996
6542000,2337.0426,14312.2643,62045.9533,-516027.4126,-437332.15239999996,-453981.4593
6543000,2378.0405,14208.8927,61442.3471,-515895.2258,-437865.94550000003,-454452.8787
6544000,2397.3247,14325.4159,61843.0477,-516815.6164,-438249.8281,-454972.5687
6545000,2351.9156,14259.7827,62363.853,-516411.2549,-437435.7036,-454047.4019
6546000,2383.1493,14319.4828,62205.7516,-516335.7464,-437427.3627,-454129.9948
6547000,2397.4972,14316.017,62138.3272,-516418.9316,-437567.0902,-454280.6044
6548000,2387.9824,14191.1382,61981.4062,-515630.5892,-437070.0624,-453649.18299999996
6549000,2359.0068,14283.5485,62093.5353,-516849.4827,-438113.3921,-454755.9474
6550000,2397.9834,14305.306,62275.3369,-516951.0025,-437972.3762,-454675.6656
6551000,2386.9678,14412.3961,62351.844,-517508.4241,-438357.2162,-455156.5801
6552000,2374.1943,14313.6882,62156.0963,-517213.633,-438369.6542,-455057.5367
6553000,2365.0839,14236.6889,61970.089,-516490.8153,-437918.9535,-454520.72630000004
6554000,2367.0774,14274.52,61625.7438,-515878.2119,-437610.87069999997,-454252.4681
6555000,2379.054,14323.1755,61497.6171,-515245.8675,-437046.0209,-453748.2504
6556000,2398.766,14252.6688,61627.0587,-515206.2317,-436927.7382,-453579.173
6557000,2377.2547,14364.4428,61885.2153,-515926.7061,-437299.7933,-454041.4908
6558000,2422.3755,14341.0899,61617.8564,-515306.077,-436924.7552,-453688.2206
6559000,2398.151,14395.4829,62343.1855,-516913.4338,-437776.61439999996,-454570.2483
6560000,2382.7096,14306.4722,61385.7201,-515525.6878,-437450.7859,-454139.96770000004
6561000,2344.8231,14278.4905,61552.746,-515545.4437,-437369.3841,-453992.6977
6562000,2353.5542,14286.7716,62436.6394,-516459.2761,-437382.31090000004,-454022.63670000003
6563000,2399.432,14325.2381,62347.2452,-516605.0863,-437533.17100000003,-454257.8411
6564000,2343.1027,14465.5401,62166.0617,-516368.804,-437394.0995,-454202.7423
6565000,2348.0002,14272.7257,61591.6603,-516121.8912,-437909.505,-454530.2309
6566000,2380.4714,14265.6942,61994.6125,-516224.7773,-437583.9992,-454230.1648
6567000,2392.6893,14308.0133,61792.7238,-516132.7571,-437639.3307,-454340.0333
6568000,2376.7845,14303.2617,62272.7418,-516115.6327,-437162.8447,-453842.8909
6569000,2350.2772,14351.4321,62053.9379,-515962.2334,-437206.5862,-453908.2955
6570000,2371.472,14205.0664,61559.2127,-515361.8412,-437226.09010000003,-453802.62850000005
6571000,2380.3035,14357.2495,61696.6403,-515565.2466,-437131.0533,-453868.6063
6572000,2359.0388,14236.9084,61828.7566,-515660.15,-437235.4462,-453831.3934
6573000,2374.9233,14173.54,62541.3864,-517350.454,-438260.6043,-454809.0676
6574000,2372.0319,14380.5687,61680.4494,-516221.2657,-437788.2157,-454540.8163
6575000,2366.7214,14348.1811,62133.2077,-516869.8215,-438021.7113,-454736.61380000005
6576000,2361.3492,14274.2732,61811.6654,-515788.6204,-437341.3326,-453976.955
6577000,2384.4383,14379.5322,61932.3099,-516229.4467,-437533.1663,-454297.1368
6578000,2380.3329,14274.1759,61826.393,-515690.2373,-437209.3355,-453863.8443
6579000,2365.2491,14275.1006,61759.772,-515741.3948,-437341.2731,-453981.6228
6580000,2377.4713,14342.5772,62088.903,-516428.6282,-437619.67669999995,-454339.7252
6581000,2335.0507,14312.7067,62333.5447,-516448.7267,-437467.4246,-454115.18200000003
6582000,2371.5007,14291.018,62182.5097,-516086.3831,-437241.35469999997,-453903.8734
6583000,2382.9145,14353.1993,61868.0162,-516015.2795,-437411.1495,-454147.2633
6584000,2350.3047,14272.3334,61291.746,-515533.2536,-437618.86950000003,-454241.5076
6585000,2336.8303,14280.6611,61781.2157,-514976.5185,-436577.8114,-453195.3028
6586000,2360.0198,14313.0311,62341.7379,-516581.413,-437566.62419999996,-454239.6751
6587000,2368.8847,14264.1907,61840.6989,-516232.9233,-437759.14900000003,-454392.2244
6588000,2340.1354,14350.6135,62109.667,-516476.3653,-437675.94940000004,-454366.6983
6589000,2357.5814,14275.485,62223.9771,-516489.6876,-437632.64410000003,-454265.7105
6590000,2386.8352,14347.3835,62118.586,-515985.2874,-437132.48269999993,-453866.70139999996
6591000,2372.6865,14356.3299,61755.2868,-515518.3571,-437034.05390000006,-453763.0703
6592000,2378.7033,14253.3214,61490.4018,-515610.117,-437487.6905,-454119.71520000004
6593000,2386.0997,14317.1406,62190.4023,-516779.4366,-437885.794,-454589.0343
6594000,2386.7158,14288.7481,62048.6564,-516593.475,-437869.35469999997,-454544.8186
6595000,2374.2942,14326.7398,61701.2131,-516324.884,-437922.63690000004,-454623.6709
6596000,2385.5306,14285.4093,62012.3761,-517004.0314,-438320.7154,-454991.6553
6597000,2373.3908,14259.3424,62097.2985,-516816.7139,-438086.6822,-454719.4154
6598000,2356.4338,14357.9826,62095.4554,-516518.4519,-437708.5801,-454422.9965
6599000,2365.5154,14322.6592,62575.7977,-517229.5112,-437965.53890000004,-454653.7135
6600000,2352.3147,14214.225,61994.153,-516338.313,-437777.6203,-454344.16000000003
6601000,2374.8685,14262.993,61888.8613,-515896.752,-437370.0292,-454007.8907
6602000,2355.4184,14291.7451,61704.3955,-515930.3289,-437578.7699,-454225.93340000004
6603000,2343.4084,14290.1798,61996.0207,-516117.7041,-437488.0952,-454121.6834
6604000,2368.1042,14298.3791,61671.5248,-515464.3317,-437126.3236,-453792.80689999997
6605000,2350.0168,14334.9937,61777.7524,-516426.4385,-437963.67559999996,-454648.6861
6606000,2398.02,14328.2155,61806.4203,-515547.6398,-437014.984,-453741.2195
6607000,2402.1493,14246.1459,61538.5822,-515236.0305,-437049.1531,-453697.4483
6608000,2392.6783,14301.1937,61480.4246,-515019.7119,-436845.4153,-453539.28729999997
6609000,2385.7974,14339.1743,61485.7564,-515569.5785,-437358.8504,-454083.8221
6610000,2361.1439,14415.6211,61878.6076,-516026.3993,-437371.0267,-454147.7917
6611000,2390.8736,14344.6441,62318.5421,-516603.5407,-437549.4809,-454284.9986
6612000,2380.0776,14319.4011,61588.2786,-515739.0737,-437451.3164,-454150.7951
6613000,2393.4491,14413.9654,61757.9378,-516286.9215,-437721.5692,-454528.9837
6614000,2401.5042,14254.5096,61745.0792,-515602.3381,-437201.2451,-453857.2589
6615000,2377.6968,14301.1793,62217.3609,-516614.4212,-437718.1842,-454397.0603
6616000,2393.2489,14239.9485,61988.2157,-516311.1476,-437689.7345,-454322.9319
6617000,2379.1734,14259.7639,62417.7237,-516186.1837,-437129.5227,-453768.45999999996
6618000,2355.1545,14401.4554,61957.9496,-516043.302,-437328.74250000005,-454085.35240000003
6619000,2405.5299,14360.9351,61480.2108,-516020.9195,-437774.2437,-454540.7087
6620000,2377.6683,14229.556,61873.8906,-516545.5602,-438064.4453,-454671.6696
6621000,2358.3697,14236.7198,62343.6719,-517394.4374,-438455.676,-455050.7655
6622000,2330.64,14317.433,61995.9523,-516666.1908,-438022.1655,-454670.2385
6623000,2381.6307,14304.0121,61558.8055,-515578.1737,-437333.7254,-454019.36819999997
6624000,2392.7331,14314.7284,61910.1603,-516558.123,-437940.5012,-454647.96270000003
6625000,2375.291,14325.8985,62278.1202,-516348.8947,-437369.585,-454070.7745
6626000,2375.1956,14333.4817,61968.4679,-515640.1764,-436963.03119999997,-453671.7085
6627000,2400.4882,14296.8314,61882.7983,-516053.6871,-437473.56919999997,-454170.88879999996
6628000,2387.2128,14226.5218,61907.1008,-515471.8736,-436951.0382,-453564.7728
6629000,2381.8533,14227.8562,62160.1886,-517296.2043,-438526.3062,-455136.0157
6630000,2383.7704,14345.5072,61913.0333,-516006.3162,-437364.00529999996,-454093.2829
6631000,2422.3379,14293.1045,62004.4517,-516525.0892,-437805.1951,-454520.6375
6632000,2381.8827,14271.5335,62022.941,-516146.2812,-437469.924,-454123.34020000004
6633000,2352.9066,14347.0485,61578.7241,-516007.3583,-437728.6791,-454428.63420000003
6634000,2387.4866,14270.8452,61990.4288,-516897.0865,-438248.32589999994,-454906.6577
6635000,2380.7446,14354.4117,62246.5834,-517326.8631,-438345.12340000004,-455080.2797
6636000,2355.4621,14331.7269,61965.6574,-515697.5095,-437044.6631,-453731.8521
6637000,2372.9802,14388.9891,62085.7526,-516710.4632,-437862.7413,-454624.7106
6638000,2376.6836,14373.759,61769.8575,-515590.5072,-437070.2071,-453820.6497
6639000,2385.363,14396.3434,62261.96,-516656.9097,-437613.24330000003,-454394.9497
6640000,2355.4541,14301.2448,62271.2644,-516716.8104,-437788.8471,-454445.54600000003
6641000,2392.5282,14415.1828,61840.1111,-516036.1985,-437388.3764,-454196.0874
6642000,2388.5796,14364.1419,62199.4775,-516683.8648,-437731.66579999996,-454484.3873
6643000,2379.2657,14224.8114,61763.4573,-515627.5924,-437260.058,-453864.1351
6644000,2402.2493,14345.9261,61606.2769,-516061.3602,-437706.9079,-454455.0833
6645000,2348.9538,14292.5431,62097.1534,-516723.7876,-437985.13729999994,-454626.6342
6646000,2373.2548,14233.2071,62022.0767,-516300.9911,-437672.4525,-454278.9144
6647000,2387.3748,14220.3615,61982.6726,-516110.5357,-437520.1268,-454127.8631
6648000,2395.5291,14271.9562,62211.2973,-516433.136,-437554.3534,-454221.8387
6649000,2381.5298,14297.1559,62203.3292,-516535.7487,-437653.7338,-454332.4195
6650000,2378.5054,14376.9419,61742.1732,-515712.2366,-437214.6161,-453970.0634
6651000,2377.0583,14275.7779,62296.4018,-516233.5631,-437284.3251,-453937.16130000004
6652000,2361.0897,14313.1614,61825.6135,-515951.161,-437451.2964,-454125.54750000004
6653000,2344.9937,14283.7946,62139.3553,-516462.2007,-437694.0571,-454322.8454
6654000,2358.997,14188.815,61623.4242,-515979.0789,-437807.84270000004,-454355.6547
6655000,2397.8183,14245.7825,61961.5183,-515539.9899,-436934.8708,-453578.4716
6656000,2386.1144,14262.3608,61406.5487,-515571.3694,-437516.34550000005,-454164.82070000004
6657000,2372.9215,14284.434,62568.5831,-517119.7054,-437893.7668,-454551.1223
6658000,2364.2767,14343.5055,61130.9476,-515492.117,-437653.3872,-454361.1694
6659000,2394.2348,14331.6463,62527.3045,-517408.9987,-438155.8131,-454881.6942
6660000,2399.4127,14341.3049,62109.3936,-516701.9026,-437851.7914,-454592.50899999996
6661000,2383.0802,14327.9946,61921.5826,-515851.9095,-437219.25210000004,-453930.3269
6662000,2384.8454,14240.8807,61405.8264,-516018.7225,-437987.17,-454612.89609999995
6663000,2380.8491,14153.3709,62016.8219,-516321.8566,-437770.8147,-454305.0347
6664000,2361.2072,14284.5207,61889.049,-516361.6159,-437826.839,-454472.5669
6665000,2370.1633,14328.0097,61731.7655,-516921.6896,-438491.7511,-455189.9241
6666000,2370.8245,14319.7997,62224.7062,-516125.0676,-437209.7372,-453900.3614
6667000,2386.2516,14340.0723,62075.3017,-516244.6175,-437442.9919,-454169.3158
6668000,2392.9859,14400.2257,61646.9432,-515180.0191,-436739.86429999996,-453533.0759
6669000,2381.6664,14321.8224,61562.2346,-514443.2192,-436177.4958,-452880.98459999997
6670000,2404.2533,14259.3317,61653.3196,-515653.2659,-437336.3613,-453999.9463
6671000,2366.0476,14358.7457,61810.7862,-515627.9536,-437092.3741,-453817.16740000003
6672000,2398.6233,14327.2727,61730.2323,-515792.3952,-437336.26690000005,-454062.1629
6673000,2412.0044,14351.919,62487.0912,-517191.6165,-437940.6019,-454704.5253
6674000,2357.5128,14325.945,62020.2064,-516246.9477,-437543.2835,-454226.7413
6675000,2382.1952,14381.6924,61975.7484,-516640.5728,-437900.9368,-454664.82440000004
6676000,2343.6457,14336.8972,62195.0203,-516911.6873,-438036.1241,-454716.667
6677000,2350.9317,14386.5489,61716.6585,-516701.8602,-438247.72109999997,-454985.2017
6678000,2345.9507,14290.4436,62121.9901,-516337.2374,-437578.853,-454215.2473
6679000,2368.1161,14260.046,61991.9098,-516495.1385,-437875.0666,-454503.2287
6680000,2386.0066,14304.8975,62416.1241,-516975.1675,-437868.1393,-454559.04339999997
6681000,2362.1201,14304.7319,61722.2277,-515255.7518,-436866.6721,-453533.52410000004
6682000,2379.8099,14275.5477,61542.4598,-515092.6975,-436894.8801,-453550.2377
6683000,2368.9005,14255.6663,61944.6301,-515871.0843,-437301.8874,-453926.4542
6684000,2370.4364,14350.4359,61818.8025,-515515.8536,-436976.1788,-453697.0511
6685000,2387.304,14320.84,62390.9423,-516770.064,-437670.97770000005,-454379.1217
6686000,2357.022,14294.79,61733.8976,-515493.3847,-437107.6751,-453759.4871
6687000,2335.8886,14279.8928,62078.351,-516383.236,-437689.1036,-454304.88499999995
6688000,2374.489,14329.5445,62168.4237,-516670.0961,-437797.6389,-454501.67240000004
6689000,2356.7742,14282.7283,61798.8095,-516252.083,-437813.77099999995,-454453.2735
6690000,2376.0773,14354.8509,61929.6163,-516511.5913,-437851.04679999995,-454581.975
6691000,2387.8237,14286.6029,61900.1673,-515885.5294,-437310.9355,-453985.3621
6692000,2401.9646,14262.4012,62129.5184,-516346.7469,-437552.86270000006,-454217.2285
6693000,2362.6831,14273.825,62159.0344,-516120.8417,-437325.2992,-453961.8073
6694000,2382.1598,14344.7429,61646.3244,-515099.5989,-436726.37179999996,-453453.2745
6695000,2408.9489,14292.8237,61914.825,-516517.5718,-437900.9742,-454602.74679999996
6696000,2365.9555,14276.5756,62287.874,-516791.8923,-437861.4872,-454504.0183
6697000,2393.308,14321.1889,62421.5119,-516796.6348,-437660.626,-454375.1229
6698000,2345.5479,14259.1142,62168.562,-516801.2617,-438028.0376,-454632.6997
6699000,2378.0056,14336.3058,62202.569,-517065.1518,-438148.27139999997,-454862.5828
6700000,2374.2073,14345.8711,62300.3956,-517011.7689,-437991.29490000004,-454711.37330000004
6701000,2389.8031,14384.043,62612.2166,-516482.5044,-437096.44169999997,-453870.2878
6702000,2380.7642,14306.1391,62054.8291,-516497.3229,-437755.59050000005,-454442.49380000005
6703000,2392.8962,14301.4115,61977.0304,-516183.8836,-437512.5455,-454206.8532
6704000,2391.9529,14242.072,61502.1257,-515735.9227,-437599.7721,-454233.797
6705000,2394.3986,14401.275,62406.152,-516730.9106,-437529.085,-454324.7586
6706000,2395.5415,14438.7089,62055.1253,-516687.1758,-437797.8001,-454632.0505
6707000,2362.2757,14277.619,62046.8224,-516530.2718,-437843.5547,-454483.4494
6708000,2380.0522,14250.4224,62030.3692,-516689.4962,-438028.6524,-454659.127
6709000,2370.822,14312.6237,61931.2522,-515991.0856,-437376.38769999996,-454059.8334
6710000,2407.9497,14331.1337,62075.5841,-516391.61,-437576.9425,-454316.0259
6711000,2331.7773,14374.6311,61455.3962,-515603.9431,-437442.1385,-454148.54689999996
6712000,2368.4033,14266.9613,62200.44,-516607.606,-437771.8014,-454407.166
6713000,2372.9646,14341.0095,62113.7821,-516716.6967,-437888.94049999997,-454602.91459999996
6714000,2367.489,14297.6959,61874.4973,-516150.2584,-437610.5762,-454275.7611
6715000,2400.8915,14309.7696,61904.6385,-516327.943,-437712.64340000006,-454423.3045
6716000,2386.4371,14358.5592,61814.3057,-516011.6088,-437452.3068,-454197.3031
6717000,2376.7493,14254.6261,62539.8569,-516630.0136,-437458.78130000003,-454090.1567
6718000,2391.9801,14367.792,62227.1009,-517236.7625,-438249.88950000005,-455009.6616
6719000,2372.9835,14230.8495,61927.0001,-516322.8003,-437791.9672,-454395.8002
6720000,2361.2415,14303.0913,61790.5355,-515962.6372,-437507.7689,-454172.1017
6721000,2408.4457,14231.5995,61999.3391,-515581.9318,-436942.5475,-453582.59270000004
6722000,2416.9232,14317.345,61795.0593,-516177.7457,-437648.4182,-454382.6864
6723000,2360.5785,14273.2159,62074.0975,-516054.878,-437346.98610000004,-453980.7805
6724000,2369.7045,14313.8581,62437.3331,-517020.4194,-437899.5237,-454583.0863
6725000,2392.6768,14228.39,62030.9641,-516125.0963,-437473.06539999996,-454094.1322
6726000,2376.4555,14328.4849,61963.5847,-515975.3475,-437306.82239999995,-454011.76279999997
6727000,2397.8043,14264.469,61844.8815,-516057.7781,-437550.6233,-454212.8966
6728000,2376.4666,14258.2174,62222.8472,-515963.1644,-437105.63320000004,-453740.3172
6729000,2340.6966,14208.1343,61669.7284,-515800.4853,-437581.926,-454130.7569
6730000,2390.037,14276.272,62070.7474,-517079.2933,-438342.2369,-455008.5459
6731000,2386.2223,14270.4118,62143.2798,-516957.4485,-438157.5346,-454814.1687
6732000,2397.3643,14215.2966,62718.9614,-517231.3531,-437899.7308,-454512.39170000004
6733000,2366.5904,14324.6848,61966.8381,-515907.8489,-437249.7356,-453941.0108
6734000,2411.9473,14328.392,61473.4385,-515099.7498,-436885.972,-453626.3113
6735000,2381.4219,14235.7636,61939.0932,-516017.5949,-437461.3162,-454078.5017
6736000,2379.2281,14298.8882,62282.6789,-516710.4951,-437749.6999,-454427.8162
6737000,2376.0196,14321.1184,61942.6984,-516653.8295,-438013.99309999996,-454711.1311
6738000,2340.7003,14274.6548,61748.339,-516307.4267,-437943.7326,-454559.08770000003
6739000,2367.9442,14295.7354,62507.328,-517137.7809,-437966.7733,-454630.45290000003
6740000,2365.2767,14324.0506,62534.9621,-517164.2217,-437939.9323,-454629.2596
6741000,2335.6053,14178.4188,61958.4186,-516204.9714,-437732.52869999997,-454246.5528
6742000,2424.1272,14324.0828,61605.3746,-516078.483,-437724.8984,-454473.1084
6743000,2367.4013,14282.2293,62052.9911,-516165.2073,-437462.5856,-454112.2162
6744000,2414.0749,14312.5478,61523.964,-515799.7868,-437549.2001,-454275.8228
6745000,2363.1317,14365.5432,62404.6879,-516763.785,-437630.4222,-454359.09709999996
6746000,2384.0409,14329.7601,61674.9447,-515762.1265,-437373.38080000004,-454087.1818
6747000,2386.1662,14349.2982,62078.4482,-516225.0627,-437411.1501,-454146.6145
6748000,2388.2056,14415.0294,61382.1806,-515231.1888,-437045.7732,-453849.0082
6749000,2364.413,14305.365,62089.9585,-516674.0715,-437914.335,-454584.113
6750000,2377.8485,14312.9168,62322.4058,-517027.9663,-438014.79519999993,-454705.56049999996
6751000,2355.4577,14364.7374,62051.7087,-516908.6031,-438136.6993,-454856.8944
6752000,2359.939,14383.7275,61500.1091,-515891.0607,-437647.2851,-454390.9516
6753000,2349.8117,14292.3631,61855.1375,-515608.5301,-437111.2178,-453753.39259999996
6754000,2359.4615,14312.55,62539.8337,-517298.4931,-438086.6479,-454758.6594
6755000,2389.846,14377.4628,62409.8732,-517123.3738,-437946.19180000003,-454713.5006
6756000,2357.4912,14416.9413,62000.7806,-515525.6656,-436750.4525,-453524.885
6757000,2409.4926,14408.8557,62628.9344,-517219.5596,-437772.2769,-454590.6252
6758000,2366.9057,14319.3859,62264.9104,-517174.3668,-438223.1648,-454909.4564
6759000,2372.1742,14223.8881,62417.1774,-516873.3632,-437860.1235,-454456.18580000004
6760000,2371.4879,14329.4497,62401.4336,-516804.7691,-437702.3979,-454403.3355
6761000,2351.3673,14286.3557,61978.3255,-516007.2719,-437391.2234,-454028.9464
6762000,2341.5272,14334.5686,62448.5855,-517114.1152,-437989.4339,-454665.5297
6763000,2385.4268,14344.4896,61894.2204,-515317.4112,-436693.2744,-453423.1908
6764000,2338.3021,14192.7734,61827.6285,-515877.5653,-437518.8613,-454049.9368
6765000,2371.3977,14347.9445,61823.8608,-515959.8137,-437416.61069999996,-454135.9529
6766000,2396.7643,14297.4452,62051.3551,-515805.6677,-437060.1031,-453754.3126
6767000,2361.6084,14230.7586,62107.6068,-516940.1625,-438240.18869999994,-454832.55569999997
6768000,2366.9777,14134.7792,61686.5485,-514854.4001,-436666.0947,-453167.85160000005
6769000,2379.9876,14280.3113,62459.0059,-516982.8775,-437863.5727,-454523.8716
6770000,2390.8977,14341.024,62512.4711,-516855.6936,-437611.30079999997,-454343.2225
6771000,2351.5716,14244.2703,62022.7696,-516342.1659,-437723.5544,-454319.3963
6772000,2399.2795,14366.5212,62408.3997,-516823.4415,-437649.2411,-454415.0418
6773000,2366.2134,14319.2315,62124.2593,-516689.7844,-437880.0802,-454565.5251
6774000,2384.8021,14356.9502,61610.2415,-516120.7133,-437768.7195,-454510.4718
6775000,2385.3261,14369.7574,61570.0535,-515556.9388,-437231.8018,-453986.8853
6776000,2376.8073,14336.8181,61867.6451,-515844.0497,-437262.7792,-453976.40459999995
6777000,2390.4525,14214.6569,62288.589,-516146.6772,-437252.9788,-453858.0882
6778000,2388.105,14231.1905,61936.707,-515965.9795,-437409.977,-454029.2725
6779000,2400.8128,14267.7264,61724.9802,-515488.1596,-437094.6402,-453763.1794
6780000,2388.6615,14455.021,61115.2471,-514939.0274,-436980.0978,-453823.78030000004
6781000,2385.3105,14241.2479,61479.8627,-515059.4949,-436953.0738,-453579.6322
6782000,2386.3849,14329.2057,62067.8027,-516203.3546,-437419.9613,-454135.5519
6783000,2359.1827,14330.3719,61926.6664,-516091.8507,-437475.6297,-454165.1843
6784000,2335.3753,14191.8239,61808.5423,-515958.1997,-437622.4582,-454149.6574
6785000,2372.8888,14222.5157,62463.1872,-516437.9031,-437379.3114,-453974.7159
6786000,2381.9987,14332.3502,62124.0249,-516239.7318,-437401.358,-454115.7069
6787000,2374.3789,14389.4368,61787.5165,-516162.6875,-437611.3553,-454375.171
6788000,2365.9391,14368.6813,61632.7564,-515558.0997,-437190.72290000005,-453925.3433
6789000,2402.0444,14352.949,62161.1134,-516611.9317,-437695.8249,-454450.81830000004
6790000,2381.7045,14264.9493,62003.4369,-515839.1065,-437189.0158,-453835.6696
6791000,2375.8937,14313.7501,61780.0362,-516162.2499,-437692.5699,-454382.21369999996
6792000,2389.2803,14321.9385,62504.7974,-517097.6341,-437881.6179,-454592.83670000004
6793000,2367.5466,14370.0921,61952.1647,-516880.9934,-438191.18999999994,-454928.82869999995
6794000,2384.1022,14246.5888,62221.4279,-516704.0597,-437851.9408,-454482.6318
6795000,2376.6451,14224.4914,61997.7284,-515669.7975,-437070.9326,-453672.06909999996
6796000,2355.5447,14278.4201,62219.5421,-516607.3872,-437753.8803,-454387.8451
6797000,2370.7999,14248.0488,61665.4665,-516196.4685,-437912.1533,-454531.00200000004
6798000,2369.2099,14336.6826,61746.1843,-516194.0395,-437741.96270000003,-454447.8552
6799000,2361.01,14309.1292,62437.4774,-516986.0188,-437878.4022,-454548.5414
6800000,2381.2459,14296.9046,62309.2427,-516732.487,-437745.09380000003,-454423.2443
6801000,2329.8713,14222.7351,62192.5136,-515890.5143,-437145.3943,-453698.0007
6802000,2371.0755,14414.8439,62016.7687,-516417.7536,-437615.0655,-454400.9849
6803000,2394.9997,14362.1928,62501.6488,-516999.7826,-437740.94129999995,-454498.13379999995
6804000,2334.6009,14339.2805,62113.7809,-516348.9461,-437561.2838,-454235.1652
6805000,2398.5345,14334.0794,61902.5995,-516110.9782,-437475.7648,-454208.3787
6806000,2371.5509,14319.4538,61620.4665,-515153.3369,-436841.86569999997,-453532.8704
6807000,2328.9573,14237.7872,61718.9057,-515562.552,-437276.9018,-453843.6463
6808000,2375.6417,14289.4924,61929.2412,-515421.6674,-436827.29209999996,-453492.4262
6809000,2395.3967,14305.772,61710.6518,-515140.3486,-436728.5281,-453429.69680000003
6810000,2409.8781,14279.8748,61678.3656,-515729.5614,-437361.4429,-454051.1958
6811000,2367.4819,14409.9499,62242.6819,-515947.9795,-436927.8658,-453705.2976
6812000,2398.6041,14480.259,61933.3497,-515950.1369,-437137.9241,-454016.78719999996
6813000,2381.8672,14294.4297,62077.2613,-516241.3317,-437487.7735,-454164.07039999997
6814000,2371.5719,14355.6108,61678.0684,-515718.5434,-437313.29230000003,-454040.47500000003
6815000,2361.8978,14307.0852,62163.2587,-516039.3175,-437207.0758,-453876.0588
6816000,2391.1356,14450.8894,61682.4614,-516066.3339,-437541.84750000003,-454383.87250000006
6817000,2357.4668,14354.2286,61757.7834,-516381.0869,-437911.6081,-454623.3035
6818000,2389.4403,14347.3809,61985.117,-516137.9377,-437415.99950000003,-454152.82070000004
6819000,2417.1427,14381.688,61999.4621,-516505.6996,-437707.4068,-454506.2375
6820000,2361.3206,14308.0545,62191.064,-516800.5637,-437940.1246,-454609.4997
6821000,2390.99,14346.8021,62003.62,-516359.6307,-437618.21859999996,-454356.0107
6822000,2407.9227,14258.7692,62302.0111,-516946.6421,-437977.93909999996,-454644.631
6823000,2364.1097,14323.9762,62060.4867,-516769.4331,-438020.8605,-454708.9464
6824000,2401.7253,14295.7557,62016.2837,-516578.2098,-437864.4451,-454561.92610000004
6825000,2370.3207,14273.081,61599.7761,-515894.6189,-437651.4411,-454294.8428
6826000,2385.1744,14324.9505,62433.6624,-516528.2345,-437384.44720000005,-454094.5721
6827000,2369.6541,14332.7282,62105.8408,-516701.269,-437893.04589999997,-454595.42819999997
6828000,2373.2097,14380.1149,62711.0211,-517145.058,-437680.7123,-454434.0369
6829000,2378.966,14261.841,61727.1875,-516255.4394,-437887.4449,-454528.2519
6830000,2335.4314,14342.5001,62400.0701,-517022.1337,-437944.13210000005,-454622.0636
6831000,2388.055,14325.73,62114.105,-515894.5377,-437066.6477,-453780.4327
6832000,2380.4365,14292.0505,62382.463,-517112.3015,-438057.3515,-454729.8385
6833000,2352.0091,14349.7498,61949.0779,-515679.5569,-437028.72010000004,-453730.47900000005
6834000,2373.9021,14237.884,62418.5209,-516897.8851,-437867.57810000004,-454479.3642
6835000,2343.4633,14290.752,61609.0389,-515357.1605,-437113.90630000003,-453748.1216
6836000,2397.0797,14304.9594,61832.098,-516271.4319,-437737.29480000003,-454439.3339
6837000,2360.0102,14431.4362,62344.4924,-516867.6044,-437731.6656,-454523.112
6838000,2344.9417,14387.028,61273.1301,-514892.8219,-436887.7221,-453619.6918
6839000,2359.8505,14384.139,61351.8388,-515381.1456,-437285.3173,-454029.3068
6840000,2379.7128,14275.7393,62145.0867,-515946.0149,-437145.4761,-453800.9282
6841000,2387.0126,14371.7086,61736.0594,-515226.8523,-436732.07170000003,-453490.7929
6842000,2362.3009,14369.9966,62211.7727,-516442.7449,-437498.6747,-454230.97219999996
6843000,2357.2069,14378.9047,61948.5272,-515384.5617,-436699.9229,-453436.0345
6844000,2392.6472,14297.9771,62066.6171,-515938.0863,-437180.8449,-453871.46920000005
6845000,2387.8301,14454.6262,61470.2797,-515968.4965,-437655.7605,-454498.2168
6846000,2336.3935,14275.5679,61791.2858,-515351.0807,-436947.8335,-453559.7949
6847000,2409.8922,14309.3787,61784.977,-515139.4225,-436635.17459999997,-453354.4455
6848000,2377.9667,14460.0762,61804.7133,-515806.8739,-437164.1177,-454002.1606
6849000,2367.5063,14246.1795,62112.6873,-515845.0434,-437118.6703,-453732.35610000003
6850000,2375.6689,14405.26,62454.4135,-516353.8538,-437118.51139999996,-453899.44029999996
6851000,2347.5827,14246.4229,62573.5855,-516891.907,-437724.3159,-454318.3215
6852000,2360.7501,14317.3349,61540.7099,-515321.7643,-437102.96939999994,-453781.05439999996
6853000,2392.5536,14332.5445,62333.1827,-516464.5956,-437406.3148,-454131.4129
6854000,2354.3674,14305.2533,61490.4896,-515586.0058,-437435.8955,-454095.51619999995
6855000,2394.609,14284.3733,62207.5594,-516559.519,-437672.97729999997,-454351.95959999994
6856000,2399.6103,14257.8875,62128.322,-516080.8792,-437295.0594,-453952.55720000004
6857000,2357.9736,14309.6867,62532.1872,-516862.3391,-437662.49159999995,-454330.1519
6858000,2405.616,14371.7113,62444.0736,-517031.6396,-437810.2387,-454587.566
6859000,2353.5402,14368.998,61631.9086,-515884.6952,-437530.24840000004,-454252.7866
6860000,2366.1853,14243.816,61486.655,-515930.8863,-437834.23,-454444.2313
6861000,2349.7715,14244.4777,61918.5337,-516867.8319,-438355.049,-454949.29819999996
6862000,2378.1986,14299.2367,62090.6299,-516450.947,-437682.8818,-454360.3171
6863000,2337.9766,14257.8255,62558.8491,-516621.4858,-437466.83460000006,-454062.63670000003
6864000,2384.6985,14379.0536,62434.4596,-516402.0451,-437203.8334,-453967.5855
6865000,2341.4736,14276.5094,61398.7141,-515332.3558,-437315.6587,-453933.64170000004
6866000,2365.9497,14259.2515,61595.7715,-515762.641,-437541.6683,-454166.86950000003
6867000,2380.6852,14245.7096,62074.2385,-516297.4842,-437596.8509,-454223.2457
6868000,2348.4112,14305.2106,61671.3583,-515448.4933,-437123.5132,-453777.13499999995
6869000,2394.8752,14351.4224,62175.8635,-516368.5314,-437446.37029999995,-454192.6679
6870000,2400.879,14356.2452,61350.4289,-515892.9876,-437785.4345,-454542.5587
6871000,2388.0605,14380.8626,61773.0687,-516016.5909,-437474.5991,-454243.5222
6872000,2376.4453,14401.6815,62398.8396,-516690.9465,-437513.98010000004,-454292.1069
6873000,2381.0009,14402.8338,62341.7719,-516858.4706,-437732.864,-454516.6987
6874000,2345.034,14325.3131,61716.3809,-516077.4311,-437690.7031,-454361.0502
6875000,2361.4378,14368.7584,61782.0264,-515898.0778,-437385.8552,-454116.0514
6876000,2369.4658,14359.7574,62472.3578,-516977.4196,-437775.8386,-454505.0618
6877000,2352.9388,14346.8708,62105.0476,-516391.754,-437586.8968,-454286.7064
6878000,2382.3513,14386.2315,61792.7205,-516364.1576,-437802.8543,-454571.4371
6879000,2353.1721,14143.8265,62456.9375,-516571.9943,-437618.0582,-454115.0568
6880000,2383.7541,14289.7716,61871.4105,-516374.7752,-437829.839,-454503.3647
6881000,2358.1478,14354.2349,61577.8675,-515817.5867,-437527.3365,-454239.7192
6882000,2357.7243,14391.7604,62132.0781,-516330.1814,-437448.6186,-454198.1033
6883000,2359.1852,14334.9095,62341.9497,-517081.4583,-438045.4139,-454739.5086
6884000,2371.1585,14204.0184,61995.1497,-516391.1886,-437820.86199999996,-454396.0389
6885000,2388.6931,14379.8412,61824.2484,-516316.2831,-437723.5004,-454492.0347
6886000,2400.6627,14318.5471,61345.5183,-515388.3879,-437323.65979999996,-454042.8696
6887000,2369.0776,14255.0783,61930.6459,-516202.3529,-437647.5511,-454271.707
6888000,2358.1947,14319.4933,61807.5417,-515325.9447,-436840.71499999997,-453518.403
6889000,2371.338,14341.5007,61910.7324,-516448.4377,-437824.8666,-454537.70530000003
6890000,2370.8799,14324.6208,62352.8557,-516421.1424,-437372.786,-454068.2867
6891000,2383.0573,14249.0836,62201.6874,-516198.071,-437364.2427,-453996.3836
6892000,2358.9217,14334.6363,61960.9514,-516798.0795,-438143.5701,-454837.1281
6893000,2374.9384,14365.6318,62089.3014,-516554.2556,-437724.38399999996,-454464.9542
6894000,2398.8956,14277.3204,61895.7404,-516622.6348,-438050.6784,-454726.8944
6895000,2370.1745,14360.3218,62844.1596,-517891.7,-438317.0441,-455047.5404
6896000,2381.4867,14321.7826,62461.3011,-517051.6346,-437887.0642,-454590.3335
6897000,2387.8578,14393.2849,62097.1335,-516804.8273,-437926.5511,-454707.6938
6898000,2425.9116,14404.384,62328.5279,-516867.9021,-437709.0786,-454539.3742
6899000,2373.0982,14255.4087,61914.8817,-516342.3319,-437798.9433,-454427.45019999996
6900000,2390.0701,14240.7725,62459.997,-517230.5563,-438139.7167,-454770.55929999996
6901000,2356.7881,14323.0759,61897.0146,-516825.3753,-438248.4967,-454928.3607
6902000,2355.4895,14404.8901,61963.7995,-516072.3189,-437348.1398,-454108.5194
6903000,2401.0345,14395.0557,61952.0263,-516369.14,-437621.0235,-454417.1137
6904000,2394.2925,14246.2128,62179.8176,-516282.5638,-437462.2409,-454102.7462
6905000,2397.4866,14438.4792,61702.5342,-515379.2054,-436840.7054,-453676.6712
6906000,2387.1901,14250.6111,61904.5862,-515646.7395,-437104.3521,-453742.1533
6907000,2365.0317,14299.9162,61455.2929,-515172.5242,-437052.28339999996,-453717.2313
6908000,2382.2979,14349.6607,61633.9405,-515605.3837,-437239.4846,-453971.4432
6909000,2355.1454,14328.7932,62222.4101,-517368.8077,-438462.45900000003,-455146.3976
6910000,2391.5917,14326.7707,61788.4851,-516142.9211,-437636.0736,-454354.436
6911000,2382.1642,14216.4291,61923.6737,-515899.2677,-437377.00070000003,-453975.59400000004
6912000,2376.1929,14349.1436,61789.7247,-516095.1265,-437580.0653,-454305.4018
6913000,2396.7082,14395.6889,61845.172,-515330.3902,-436692.82110000006,-453485.2182
6914000,2374.0205,14263.2198,61816.7399,-515513.3563,-437059.3761,-453696.6164
6915000,2353.3098,14186.6708,61952.2958,-516230.6787,-437738.40229999996,-454278.38289999997
6916000,2354.7225,14284.5899,61831.5966,-515475.8425,-437004.93350000004,-453644.24590000004
6917000,2367.8073,14368.8924,62003.6141,-515932.7669,-437192.4531,-453929.1528
6918000,2390.2529,14377.4021,62048.7663,-516376.5835,-437560.1622,-454327.8172
6919000,2341.7582,14257.0301,61905.2214,-515656.7778,-437152.7681,-453751.5564
6920000,2379.6755,14316.7218,61935.2062,-516184.2991,-437552.6956,-454249.0929
6921000,2387.9405,14426.2871,61760.2224,-516113.3088,-437538.8588,-454353.08640000003
6922000,2367.0423,14326.2457,61928.7686,-516166.4493,-437544.39269999997,-454237.68069999997
6923000,2386.1014,14430.0322,62139.7127,-516647.8946,-437692.0483,-454508.1819
6924000,2362.4374,14237.3518,62050.5793,-516233.5394,-437583.1709,-454182.9601
6925000,2421.4145,14442.297,61729.7433,-516773.5917,-438180.1369,-455043.8484
6926000,2352.1086,14332.0369,62106.4852,-516261.7249,-437471.09419999993,-454155.2397
6927000,2376.1383,14293.5634,62338.4091,-517427.71,-438419.59920000006,-455089.30090000003
6928000,2360.7584,14387.9225,62664.7766,-517396.6387,-437983.1812,-454731.8621
6929000,2353.4988,14340.3034,62598.6995,-517107.9169,-437815.4152,-454509.2174
6930000,2385.5836,14265.2174,61861.1777,-516348.194,-437836.21530000004,-454487.0163
6931000,2375.5065,14344.5392,61718.8652,-515781.2844,-437342.3735,-454062.4192
6932000,2383.2318,14343.8024,62047.8963,-516293.433,-437518.5025,-454245.5367
6933000,2376.3783,14348.3592,61952.6411,-516692.5591,-438015.1805,-454739.918
6934000,2375.1125,14347.8205,62402.0836,-516823.0802,-437698.0636,-454420.9966
6935000,2377.3932,14335.7789,62166.4352,-516391.7225,-437512.1152,-454225.28729999997
6936000,2378.8927,14358.9433,62014.9348,-516655.4345,-437902.6637,-454640.4997
6937000,2373.1476,14340.7337,62083.8927,-516246.3942,-437448.6202,-454162.5015
6938000,2393.0982,14345.1398,61870.9082,-516875.2938,-438266.14759999997,-455004.3856
6939000,2363.5526,14334.228,62331.172,-517014.4977,-437985.5451,-454683.3257
6940000,2381.297,14290.2746,61952.4221,-515894.2973,-437270.3036,-453941.87519999995
6941000,2407.0686,14315.8517,61994.3097,-515564.8079,-436847.57790000003,-453570.49820000003
6942000,2399.3328,14331.839,62088.8528,-516138.5008,-437318.4762,-454049.648
6943000,2392.4022,14352.5204,61744.7681,-515730.9921,-437241.3014,-453986.224
6944000,2368.1824,14306.3462,62210.9105,-516208.7624,-437323.3233,-453997.8519
6945000,2381.9804,14399.129,61986.6801,-516228.9597,-437461.1702,-454242.2796
6946000,2370.8468,14245.7681,61994.886,-517081.9116,-438470.4107,-455087.0256
6947000,2330.9081,14225.3181,61887.8608,-516216.6317,-437772.5447,-454328.7709
6948000,2386.1518,14393.6383,62010.252,-515974.9169,-437184.8748,-453964.66490000003
6949000,2334.4051,14350.5736,62296.8876,-517225.634,-438243.7677,-454928.7464
6950000,2367.7264,14312.6172,62381.9164,-517367.2223,-438304.9623,-454985.30590000004
6951000,2387.9704,14387.3819,62553.6886,-518034.9531,-438705.9122,-455481.2645
6952000,2395.0326,14227.636,61968.341,-516261.7,-437670.6904,-454293.359
6953000,2415.4516,14372.0758,61760.3411,-516316.3232,-437768.4547,-454555.98209999996
6954000,2364.711,14293.0103,62242.7229,-516668.6688,-437768.22459999996,-454425.9459
6955000,2364.3064,14345.2114,62094.7959,-516669.1708,-437864.8571,-454574.37490000005
6956000,2382.0583,14241.6824,62555.2654,-516573.4719,-437394.4658,-454018.20650000003
6957000,2417.5351,14433.6974,62026.9344,-516688.993,-437810.8261,-454662.0586
6958000,2393.2352,14476.8279,61664.8159,-515968.7421,-437433.86309999996,-454303.9262
6959000,2332.6618,14346.2183,62053.6818,-516259.7088,-437527.14690000005,-454206.027
6960000,2372.0844,14367.289,62260.1415,-517201.961,-438202.4461,-454941.8195
6961000,2375.5726,14407.9758,62093.4355,-516485.838,-437608.8541,-454392.40249999997
6962000,2396.4769,14381.8527,61777.5357,-516324.395,-437768.5297,-454546.8593
6963000,2389.8682,14294.302,61751.3262,-515862.0091,-437426.5127,-454110.6829
6964000,2361.741,14231.0599,62130.799,-516907.7652,-438184.1653,-454776.9662
6965000,2421.164,14333.1071,62066.6415,-516258.979,-437438.0664,-454192.3375
6966000,2365.0339,14335.9923,61929.3149,-516827.7805,-438197.43940000003,-454898.4656
6967000,2362.3759,14348.3426,62393.1218,-517286.2964,-438182.4561,-454893.17459999997
6968000,2380.8336,14328.7139,62063.482,-516556.7904,-437783.7609,-454493.3084
6969000,2426.2437,14327.5927,61595.6062,-515436.2387,-437086.7961,-453840.6325
6970000,2384.5075,14293.8412,62203.0669,-516460.0956,-437578.68,-454257.0287
6971000,2367.6893,14365.5359,61889.9919,-516043.3816,-437420.1645,-454153.3897
6972000,2357.7058,14242.3654,62574.2648,-516622.0603,-437447.7243,-454047.7955
6973000,2349.5195,14210.2812,61907.8442,-516518.5991,-438050.9542,-454610.7549
6974000,2349.896,14317.6105,61531.9115,-515712.7992,-437513.3812,-454180.8877
6975000,2391.095,14207.5795,62345.4181,-516307.5734,-437363.4808,-453962.1553
6976000,2364.9418,14225.2007,62141.5036,-516330.2742,-437598.6281,-454188.7706
6977000,2373.4852,14355.7043,62230.0687,-516834.4276,-437875.1694,-454604.3589
6978000,2402.6188,14404.9895,62251.1876,-516228.7469,-437169.951,-453977.5593
6979000,2355.2608,14345.9754,62026.9308,-517022.7885,-438294.6215,-454995.85770000005
6980000,2368.2663,14264.6935,62092.3106,-515905.4593,-437180.1889,-453813.1487
6981000,2348.9401,14302.8925,61691.2327,-515678.8881,-437335.82279999997,-453987.6554
6982000,2388.0225,14399.3479,61352.813,-515429.1383,-437288.9549,-454076.32529999997
6983000,2350.3295,14211.4401,61792.2497,-515730.7287,-437376.7094,-453938.479
6984000,2383.9859,14321.2702,61904.1311,-516017.3329,-437407.9457,-454113.2018
6985000,2341.5793,14237.0887,62028.2108,-516413.7263,-437806.8475,-454385.5155
6986000,2394.0417,14475.6557,61921.5101,-515731.9879,-436940.7804,-453810.4778
6987000,2387.2919,14290.9684,62010.9841,-516311.5955,-437622.35109999997,-454300.6114
6988000,2369.5556,14141.5031,62529.915,-516889.0363,-437848.06259999995,-454359.1213
6989000,2443.9629,14260.649,61876.4347,-516257.8171,-437676.7705,-454381.3824
6990000,2392.0836,14458.4473,61827.987,-516071.6053,-437393.08739999996,-454243.6183
6991000,2381.9226,14348.1672,61850.997,-516189.5264,-437608.4396,-454338.5294
6992000,2412.1606,14379.9121,61579.275,-515547.9373,-437176.5896,-453968.66229999997
6993000,2376.5092,14274.2043,61936.4446,-515638.7597,-437051.6016,-453702.3151
6994000,2362.3236,14401.668,61670.849,-515821.0914,-437386.2508,-454150.2424
6995000,2363.0019,14283.1841,61525.6892,-515148.7804,-436976.9052,-453623.09119999997
6996000,2380.5639,14331.3858,62247.2027,-517087.2692,-438128.11679999996,-454840.06649999996
6997000,2375.6853,14255.3554,61863.3018,-515864.8802,-437370.5377,-454001.5784
6998000,2337.7782,14200.3322,61935.5674,-515657.318,-437183.6402,-453721.7506
6999000,2363.8657,14316.557,62161.0104,-516051.9926,-437210.5595,-453890.98219999997
7000000,2333.564,14232.0918,61464.327,-515426.4474,-437396.4646,-453962.1204
7001000,2372.4063,14304.8647,61970.6115,-515997.4994,-437349.61689999996,-454026.8879
7002000,2333.9914,14227.0628,62336.5092,-516584.2421,-437686.6787,-454247.73289999994
7003000,2340.4726,14282.5711,61628.3331,-515763.7103,-437512.33349999995,-454135.3772
7004000,2341.5881,14195.9396,61642.6332,-515458.4471,-437278.2862,-453815.8139
7005000,2401.1505,14253.916,61837.759,-515604.1613,-437111.3358,-453766.40229999996
7006000,2378.3238,14406.9734,62365.6999,-516468.2385,-437317.24139999994,-454102.53859999997
7007000,2359.7654,14329.7854,62121.573,-516256.3159,-437445.1921,-454134.7429
7008000,2368.6299,14264.7104,62081.281,-515719.3092,-437004.6879,-453638.0282
7009000,2366.3726,14254.825,62023.6126,-516556.243,-437911.4328,-454532.6304
7010000,2393.9133,14359.8977,62437.3031,-517221.7414,-438030.6273,-454784.4383
7011000,2399.5146,14263.4188,62151.3447,-516405.863,-437591.5849,-454254.5183
7012000,2375.6561,14281.9506,62154.595,-516472.6634,-437660.4617,-454318.0684
7013000,2379.3907,14388.2421,62141.2855,-516740.7659,-437831.8476,-454599.4804
7014000,2363.2516,14239.3374,62345.432,-516390.6185,-437442.5975,-454045.18649999995
7015000,2337.7546,14338.2001,61811.9448,-515915.0018,-437427.1023,-454103.05700000003
7016000,2367.0575,14403.604,61842.5315,-516024.8328,-437411.6398,-454182.3013
7017000,2358.5867,14258.6056,61995.6736,-516341.142,-437728.2761,-454345.4684
7018000,2362.5884,14288.3089,61653.7678,-515287.8283,-436983.1632,-453634.0605
7019000,2334.2723,14224.337,61872.6881,-515595.9768,-437164.6794,-453723.28870000003
7020000,2366.2121,14366.5982,62249.7285,-516849.5472,-437867.0084,-454599.81869999995
7021000,2372.4042,14422.0345,61698.6813,-515699.6103,-437206.4903,-454000.929
7022000,2395.0645,14322.0649,61869.4191,-515607.64,-437021.0915,-453738.2209
7023000,2374.5904,14354.6427,62497.3636,-517220.9046,-437994.3079,-454723.541
7024000,2412.4297,14336.4037,62068.9431,-515858.9452,-437041.16870000004,-453790.00210000004
7025000,2383.5587,14302.1973,61737.2543,-515987.5227,-437564.5124,-454250.26839999994
7026000,2376.5219,14347.1882,61714.525,-515892.068,-437453.83290000004,-454177.543
7027000,2361.0511,14236.2339,61841.3041,-515902.8136,-437464.2245,-454061.5095
7028000,2388.2548,14198.9187,61681.3665,-515949.6278,-437681.08780000004,-454268.2613
7029000,2412.3392,14402.016,62117.1747,-516317.5721,-437386.0422,-454200.3974
7030000,2367.6508,14333.0544,61747.9352,-515996.4227,-437547.78229999996,-454248.4875
7031000,2376.5338,14363.5444,61722.1564,-515879.0418,-437416.80720000004,-454156.8854
7032000,2382.039,14341.8744,61746.3983,-516033.4331,-437563.1214,-454287.0348
7033000,2386.2433,14297.8418,61985.5976,-515914.0739,-437244.3912,-453928.47630000004
7034000,2344.805,14480.0784,62047.6897,-516278.0723,-437405.49919999996,-454230.3826
7035000,2418.1192,14307.3828,61946.4062,-515604.0219,-436932.1137,-453657.61569999997
7036000,2364.7357,14314.6658,61623.8724,-515702.8498,-437399.57590000005,-454078.97740000003
7037000,2368.7791,14253.8485,62479.5732,-516672.6797,-437570.4789,-454193.1065
7038000,2408.2079,14333.1047,62104.6688,-516408.5766,-437562.5952,-454303.9078
7039000,2413.7302,14404.9502,61758.6401,-515952.9446,-437375.6241,-454194.30449999997
7040000,2407.6914,14355.8947,61700.3327,-516204.2056,-437740.2868,-454503.87289999996
7041000,2355.9554,14332.3787,61958.6637,-516010.9946,-437363.99679999996,-454052.3309
7042000,2376.7216,14361.3987,62314.8846,-516595.6222,-437542.6173,-454280.7376
7043000,2351.6436,14314.2914,62248.6645,-516338.5192,-437423.91969999997,-454089.85469999997
7044000,2365.318,14241.0733,62290.0429,-516267.3408,-437370.9066,-453977.2979
7045000,2392.8278,14341.2751,62272.97,-516351.8797,-437344.8068,-454078.90969999996
7046000,2374.6618,14384.8785,61970.543,-515857.0513,-437126.968,-453886.5083
7047000,2359.2389,14344.4657,61604.4803,-515422.299,-437114.1141,-453817.8187
7048000,2372.4212,14149.6217,62038.1151,-516367.8289,-437807.6709,-454329.7138
7049000,2336.3314,14275.303,62013.3608,-516632.7565,-438007.7613,-454619.3957
7050000,2396.3379,14307.886,62328.1841,-517157.1769,-438124.7689,-454828.9928
7051000,2410.2592,14434.9839,61740.0102,-515666.1544,-437080.9011,-453926.1442
7052000,2388.3106,14430.5326,61565.0775,-515864.5255,-437480.6048,-454299.448
7053000,2344.2269,14255.8113,62311.9694,-516804.8503,-437892.8427,-454492.8809
7054000,2372.4748,14423.024,62435.0545,-517394.3875,-438163.83420000004,-454959.333
7055000,2380.8143,14242.5236,62196.5079,-516880.678,-438060.8322,-454684.1701
7056000,2391.9329,14336.2103,62474.0309,-517629.732,-438427.5579,-455155.7011
7057000,2340.5589,14395.9059,62220.971,-516872.8903,-437915.4545,-454651.9193
7058000,2305.2387,14274.089,62112.8612,-515920.1895,-437228.00059999997,-453807.3283
7059000,2376.4232,14359.6781,61922.9724,-516263.3495,-437604.2758,-454340.37710000004
7060000,2368.9226,14359.6136,62043.0705,-516311.4497,-437539.843,-454268.37919999997
7061000,2381.076,14274.1054,62057.7869,-516301.266,-437588.2977,-454243.4791
7062000,2383.7489,14285.491,61830.058,-516084.4453,-437585.1474,-454254.3873
7063000,2402.566,14251.5681,61959.3488,-516217.073,-437603.5901,-454257.7242
7064000,2419.8887,14334.2211,61785.6995,-515775.7548,-437235.9455,-453990.0553
7065000,2394.2797,14379.3228,61945.4394,-516224.2772,-437505.2353,-454278.8378
7066000,2375.7308,14350.1651,61925.6464,-516517.8821,-437866.33979999996,-454592.23569999996
7067000,2391.3683,14239.0367,61861.8275,-515932.4235,-437440.191,-454070.59599999996
7068000,2389.6207,14282.1822,62119.9905,-516793.5589,-438001.7655,-454673.5684
7069000,2366.0944,14333.2877,62409.1892,-516627.5345,-437518.9632,-454218.3453
7070000,2351.5322,14353.57,62010.7825,-516211.2255,-437495.3408,-454200.44299999997
7071000,2336.893,14299.103,61872.444,-516297.6346,-437789.1946,-454425.1906
7072000,2370.7802,14270.7968,62311.4544,-517021.7249,-438068.69349999994,-454710.2705
7073000,2379.9733,14251.2406,62102.8883,-516103.4166,-437369.31440000003,-454000.5283
7074000,2376.3079,14261.0304,61850.7126,-516222.521,-437734.47010000004,-454371.8084
7075000,2382.9739,14279.8269,62124.2374,-515910.1206,-437123.0824,-453785.88320000004
7076000,2418.8314,14348.1876,62074.3923,-516503.9919,-437662.5806,-454429.5996
7077000,2392.8732,14322.7404,62094.7942,-516623.6523,-437813.24450000003,-454528.8581
7078000,2367.7706,14380.0376,61746.382,-516035.4423,-437541.2521,-454289.0603
7079000,2361.3616,14303.5763,62061.8589,-516127.6441,-437400.84729999996,-454065.7852
7080000,2358.7308,14272.2834,62097.0251,-515637.4773,-436909.438,-453540.45220000006
7081000,2419.7997,14365.016,61555.1136,-515791.7602,-437451.83090000006,-454236.64660000004
7082000,2396.9021,14396.8912,61361.8919,-515404.6376,-437248.9524,-454042.7457
7083000,2392.3336,14269.4647,62192.0513,-516739.2058,-437885.3562,-454547.1545
7084000,2380.7266,14376.3855,62409.1394,-516335.9375,-437169.686,-453926.7981
7085000,2381.9429,14338.3534,62262.3334,-516828.1923,-437845.5626,-454565.8589
7086000,2403.1546,14361.8686,61873.1521,-515865.9009,-437227.7256,-453992.7488
7087000,2407.5272,14319.1241,61554.2465,-516005.7636,-437724.8658,-454451.5171
7088000,2369.209,14314.0595,62092.0354,-516282.6394,-437507.3355,-454190.604
7089000,2386.5037,14390.0736,61799.0581,-515925.2897,-437349.65430000005,-454126.2316
7090000,2365.0953,14240.3622,62200.1408,-516867.575,-438061.9767,-454667.4342
7091000,2383.8779,14365.1977,62104.1268,-516126.3971,-437273.1947,-454022.2703
7092000,2341.4794,14309.9028,61496.8104,-516187.0825,-438038.8899,-454690.2721
7093000,2362.3425,14356.3001,61846.0207,-516203.4961,-437638.8328,-454357.4754
7094000,2359.0413,14299.0342,62387.3529,-516502.9943,-437457.56590000005,-454115.6414
7095000,2387.0348,14328.3041,62270.4361,-516853.5049,-437867.72990000003,-454583.0688
7096000,2400.6193,14292.6178,62187.0074,-516417.7581,-437537.51359999995,-454230.7507
7097000,2388.4718,14265.187,61920.8319,-515924.4377,-437349.94700000004,-454003.6058
7098000,2365.0997,14322.7105,61931.8604,-516421.6987,-437802.0281,-454489.8383
7099000,2356.4516,14267.7045,62191.9817,-516068.9962,-437252.8584,-453877.0145
7100000,2387.2142,14334.7667,62327.4766,-516253.0996,-437203.6421,-453925.623
7101000,2357.4961,14289.2436,61691.199,-516049.6603,-437711.7216,-454358.46129999997
7102000,2373.3154,14328.7381,61512.7253,-515512.7807,-437298.00190000003,-454000.0554
7103000,2372.0546,14263.5819,61781.9633,-515864.8776,-437447.27780000004,-454082.9143
7104000,2367.9543,14212.8766,62132.7573,-516135.1727,-437421.5845,-454002.4154
7105000,2361.5618,14333.8937,62598.0722,-517871.8904,-438578.36269999994,-455273.8182
7106000,2377.4856,14344.4989,62063.3546,-516215.6611,-437430.32200000004,-454152.3065
7107000,2394.4501,14205.0763,62311.4564,-516902.9064,-437991.9236,-454591.44999999995
7108000,2405.2136,14362.4553,61858.896,-515819.5191,-437192.9542,-453960.62309999997
7109000,2395.1504,14324.4098,61710.1232,-515784.083,-437354.3996,-454073.95979999995
7110000,2399.0722,14328.0697,62347.7705,-516239.8083,-437164.8959,-453892.0378
7111000,2351.8091,14171.7876,62319.3057,-516910.69,-438067.78760000004,-454591.38430000003
7112000,2361.7136,14226.251,61774.1246,-515463.4915,-437101.4023,-453689.3669
7113000,2346.9493,14186.4061,61248.6575,-514532.6403,-436750.6274,-453283.9828
7114000,2402.29,14231.5757,62613.8866,-517186.7005,-437938.9482,-454572.81389999995
7115000,2376.6174,14291.834,61805.7475,-515762.7453,-437288.5464,-453956.9978
7116000,2367.1039,14367.7661,61695.5503,-515141.4701,-436711.0498,-453445.9198
7117000,2343.3219,14289.6396,61617.6182,-515537.5419,-437286.9622,-453919.92370000004
7118000,2379.2512,14225.2985,62125.2006,-516337.2101,-437607.4598,-454212.00950000004
7119000,2369.5345,14283.2272,61776.6942,-515945.3317,-437515.8758,-454168.63749999995
7120000,2391.4347,14298.704,61930.9347,-516158.4801,-437537.4067,-454227.5454
7121000,2400.4733,14212.9902,61591.5087,-515472.1421,-437267.1699,-453880.6334
7122000,2378.7911,14280.0237,62267.937,-517224.8174,-438298.0656,-454956.8804
7123000,2371.0327,14392.6142,61906.1637,-516284.5961,-437614.7855,-454378.43240000005
7124000,2410.2034,14303.3496,62030.4113,-516330.5957,-437586.6314,-454300.1844
7125000,2387.2918,14374.5244,62062.0689,-515810.6597,-436986.7746,-453748.5908
7126000,2390.9211,14260.7042,61506.2613,-515309.4964,-437151.6098,-453803.2351
7127000,2382.0398,14246.6288,62001.7047,-515777.0857,-437146.71239999996,-453775.381
7128000,2389.1887,14285.8725,61794.4493,-516090.2432,-437620.73270000005,-454295.79390000005
7129000,2389.3761,14130.834,62557.8896,-517191.849,-438113.74929999997,-454633.9594
7130000,2350.744,14296.369,62238.8531,-516904.7001,-438018.734,-454665.847
7131000,2376.2603,14279.3833,62424.4461,-516959.5257,-437879.436,-454535.0796
7132000,2371.513,14247.7386,62051.9756,-517066.5472,-438395.31999999995,-455014.57159999997
7133000,2363.6426,14248.1492,62030.434,-516926.1485,-438283.9227,-454895.7145
7134000,2393.9281,14303.9887,62502.5276,-516401.1564,-437200.71199999994,-453898.62879999995
7135000,2361.8083,14295.6348,62301.6471,-516450.0302,-437490.93999999994,-454148.3831
7136000,2408.7162,14263.5023,61776.7546,-515640.9775,-437192.0044,-453864.2229
7137000,2349.3427,14182.9926,61756.5813,-515907.9115,-437618.9949,-454151.33019999997
7138000,2386.2723,14232.0058,61475.87,-515159.7563,-437065.6082,-453683.8863
7139000,2373.2729,14309.7205,62124.4649,-516856.7896,-438049.3313,-454732.3247
7140000,2342.1368,14235.6046,62302.1227,-516334.0152,-437454.1511,-454031.8925
7141000,2383.4854,14164.0183,62132.6965,-516394.4253,-437714.22510000004,-454261.7288
7142000,2364.1798,14358.9032,62195.2707,-516634.9876,-437716.6339,-454439.7169
7143000,2365.2321,14359.3864,62078.1759,-516779.4766,-437976.6822,-454701.3007
7144000,2411.0228,14277.9514,61520.9449,-515692.9582,-437483.0391,-454172.0133
7145000,2378.0227,14246.3132,62007.9052,-515962.8249,-437330.5838,-453954.9197
7146000,2383.3622,14351.5942,62114.0052,-515808.5754,-436959.6138,-453694.57019999996
7147000,2399.2984,14344.849,62034.4791,-516264.2807,-437485.6542,-454229.8016
7148000,2358.874,14212.2148,61858.6241,-516261.4783,-437831.76540000003,-454402.8542
7149000,2396.1389,14382.835,62511.5999,-517315.2628,-438024.689,-454803.6629
7150000,2367.9566,14279.7386,62164.3077,-516295.9376,-437483.9347,-454131.6299
7151000,2377.4453,14266.5636,61925.3349,-515682.408,-437113.0642,-453757.0731
7152000,2384.0459,14281.5384,61435.6753,-514944.1349,-436842.8753,-453508.4596
7153000,2361.8188,14299.6817,60931.581,-515005.5876,-437412.5061,-454074.0066
7154000,2390.2977,14276.5353,62059.7983,-516179.9663,-437453.33499999996,-454120.16799999995
7155000,2392.6266,14285.652,62318.1397,-516806.1573,-437809.739,-454488.0176
7156000,2381.4661,14316.5081,62047.5917,-516228.8746,-437483.3087,-454181.2829
7157000,2349.4611,14251.6302,61291.4849,-515337.1361,-437444.5599,-454045.6512
7158000,2366.1565,14333.1658,62333.2561,-516152.9992,-437120.4208,-453819.7431
7159000,2393.6226,14245.3489,62086.9226,-516168.3344,-437442.4403,-454081.4118
7160000,2363.417,14323.4774,61992.1812,-515568.8023,-436889.7267,-453576.6211
7161000,2383.0644,14174.5447,61480.3863,-515141.798,-437103.8026,-453661.4117
7162000,2370.4466,14347.4643,62018.0787,-515871.6518,-437135.6622,-453853.5731
7163000,2367.0589,14250.0586,62136.201,-516084.743,-437331.4245,-453948.542
7164000,2384.2942,14237.1049,62084.3728,-516110.6768,-437404.9049,-454026.304
7165000,2395.0899,14311.5226,61745.9624,-515780.6115,-437328.0366,-454034.6491
7166000,2377.7774,14352.2844,62471.5262,-516510.1475,-437308.55950000003,-454038.6213
7167000,2379.785,14295.1988,62252.4743,-516359.933,-437432.47490000003,-454107.4587
7168000,2368.3613,14268.342,62006.8216,-516419.2367,-437775.7118,-454412.4151
7169000,2372.1397,14306.8031,61684.7566,-515587.0841,-437223.3847,-453902.32749999996
7170000,2402.9922,14354.1603,62295.0945,-516437.233,-437384.98600000003,-454142.1385
7171000,2404.5568,14386.7572,62685.7946,-517461.2106,-437984.10199999996,-454775.41599999997
7172000,2363.8164,14296.4237,62144.3522,-515663.5091,-436858.9168,-453519.1569
7173000,2375.3038,14268.7274,62282.1941,-516477.5717,-437551.3464,-454195.37759999995
7174000,2363.9172,14279.4509,61880.2404,-516285.9086,-437762.3001,-454405.6682
7175000,2361.5452,14202.2334,61801.6889,-515844.6888,-437479.2213,-454042.9999
7176000,2339.8227,14321.6416,61745.5453,-516425.6766,-438018.667,-454680.1313
7177000,2393.1651,14411.8283,61911.1077,-516473.0973,-437756.99620000005,-454561.98960000003
7178000,2376.8155,14326.8839,61888.6332,-516244.4358,-437652.1032,-454355.8026
7179000,2400.8497,14330.644,61415.5527,-515198.6,-437051.5536,-453783.0473
7180000,2372.7114,14279.474,62097.904,-516013.5673,-437263.4779,-453915.6633
7181000,2383.6374,14286.6937,62293.2079,-516172.4084,-437208.8694,-453879.20050000004
7182000,2418.5737,14370.7306,62011.4931,-516352.2714,-437551.47400000005,-454340.7783
7183000,2403.2501,14259.0678,62169.9066,-516314.1066,-437481.8821,-454144.2
7184000,2379.0148,14356.5215,61827.0952,-515859.2565,-437296.625,-454032.16130000004
7185000,2396.2962,14352.6301,61737.6732,-515919.7062,-437433.1067,-454182.033
7186000,2401.8749,14463.9486,61989.3093,-515645.1933,-436790.0605,-453655.88399999996
7187000,2379.3647,14334.8433,61859.0229,-516145.3028,-437572.0719,-454286.2799
7188000,2397.1066,14334.5112,61524.4267,-515941.0936,-437685.0491,-454416.6669
7189000,2374.2464,14224.6728,61539.4601,-515912.482,-437774.10270000005,-454373.02190000005
7190000,2360.4082,14326.3195,61857.598,-516039.0916,-437494.7659,-454181.4936
7191000,2356.9835,14267.5184,62010.3367,-515575.8143,-436940.9757,-453565.47760000004
7192000,2349.6185,14331.0388,61508.1735,-515317.3827,-437128.5519,-453809.20920000004
7193000,2397.3471,14241.4059,61732.8723,-515605.8716,-437234.2463,-453872.9993
7194000,2367.2185,14259.5252,61780.5307,-516131.443,-437724.16860000003,-454350.9123
7195000,2403.4114,14371.8477,62687.9771,-517901.7693,-438438.5331,-455213.79219999997
7196000,2363.6451,14233.9663,62530.9028,-516582.2113,-437453.6971,-454051.30850000004
7197000,2361.5819,14314.0537,62278.3106,-516551.4443,-437597.49809999997,-454273.1337
7198000,2369.2248,14260.1232,62211.3048,-516098.4575,-437257.80470000004,-453887.15270000004
7199000,2372.9548,14182.314,62068.8297,-516082.0182,-437457.91969999997,-454013.1885
7200000,2346.4392,14319.0974,62427.1484,-517004.6699,-437911.9849,-454577.5215
7201000,2369.0801,14238.7114,61670.8435,-515795.6392,-437517.00419999997,-454124.79569999996
7202000,2406.8309,14242.6867,62534.4854,-516563.8056,-437379.80260000005,-454029.3202
7203000,2393.8184,14302.2773,61655.0131,-515395.4261,-437044.3173,-453740.413
7204000,2369.5975,14278.2934,61989.286,-516398.361,-437761.18409999995,-454409.07499999995
7205000,2356.207,14236.8285,62514.1559,-517227.0023,-438119.8109,-454712.8464
7206000,2394.3735,14351.5878,62283.1698,-516982.233,-437953.1019,-454699.0632
7207000,2411.7926,14229.1082,62107.9183,-515633.1269,-436884.30779999995,-453525.20859999995
7208000,2386.0299,14350.5259,61913.904,-515748.3361,-437097.8763,-453834.43210000003
7209000,2359.5808,14280.1848,62048.2758,-516272.2549,-437584.2135,-454223.9791
7210000,2335.004,14223.0299,62297.768,-516670.1063,-437814.3044,-454372.3383
7211000,2351.4021,14217.3198,62535.7266,-516554.6892,-437450.2407,-454018.9626
7212000,2393.7217,14296.814,62313.5538,-516888.8443,-437884.7548,-454575.2905
7213000,2312.3892,14220.7926,62360.9546,-516347.4087,-437453.2723,-453986.45410000003
7214000,2333.2935,14253.1744,62127.0218,-516047.9861,-437334.49639999995,-453920.9643
7215000,2394.5548,14376.2541,62078.1837,-516008.3731,-437159.3805,-453930.18940000003
7216000,2364.836,14308.0696,62493.18,-516881.3947,-437715.3091,-454388.2147
7217000,2370.6555,14355.4229,61568.036,-515981.7537,-437687.63930000004,-454413.7177
7218000,2369.3101,14284.3184,62233.714,-516408.5141,-437521.1716,-454174.8001
7219000,2354.8646,14311.4533,61558.1505,-515099.1503,-436874.68189999997,-453540.9998
7220000,2404.7799,14300.3861,62397.4524,-516569.9759,-437467.35750000004,-454172.5235
7221000,2382.8319,14249.2736,61640.0714,-515532.4082,-437260.2313,-453892.3368
7222000,2390.9953,14220.6679,62053.9518,-516317.9703,-437652.3553,-454264.0185
7223000,2381.8133,14252.6481,61867.5469,-516090.5326,-437588.5243,-454222.98569999996
7224000,2371.6417,14251.4381,62179.94,-516173.755,-437370.7352,-453993.815
7225000,2383.1449,14223.2994,62174.0599,-516476.7816,-437696.2774,-454302.7217
7226000,2386.1389,14300.9093,61932.0195,-515734.9501,-437115.8824,-453802.9306
7227000,2362.4817,14255.2826,61653.4413,-515977.4816,-437706.276,-454324.0403
7228000,2375.0702,14223.0913,61666.2492,-515543.844,-437279.4333,-453877.59479999996
7229000,2383.7691,14202.4029,62160.3505,-516322.5585,-437576.03599999996,-454162.208
7230000,2378.4809,14260.8817,62261.741,-516146.5158,-437245.4122,-453884.7748
7231000,2344.2976,14211.2158,62091.6841,-516492.1329,-437844.9354,-454400.4488
7232000,2368.3825,14367.1911,61633.6034,-515629.0954,-437259.91839999997,-453995.49199999997
7233000,2396.5291,14355.7047,61842.9796,-516013.7369,-437418.5235,-454170.7573
7234000,2365.9978,14255.0011,61561.2064,-516137.2389,-437955.03359999997,-454576.0325
7235000,2383.1416,14317.3243,61466.6429,-515725.2384,-437558.1296,-454258.5955
7236000,2412.9876,14392.6289,62057.6491,-516912.7265,-438049.4609,-454855.0774
7237000,2369.861,14342.9548,62152.7332,-516613.0964,-437747.5474,-454460.36319999996
7238000,2394.9555,14280.4977,61743.3497,-515664.3914,-437245.5885,-453921.0417
7239000,2370.5712,14281.8242,61737.4833,-515746.9969,-437357.1182,-454009.5136
7240000,2367.8544,14342.1281,61708.9008,-515647.0513,-437228.168,-453938.1505
7241000,2377.1467,14327.2268,62279.1375,-516287.258,-437303.747,-454008.12049999996
7242000,2390.3118,14258.5406,62397.4903,-516608.5457,-437562.20300000004,-454211.0554
7243000,2360.1047,14280.7039,62273.0739,-516908.5334,-437994.6509,-454635.4595
7244000,2389.4126,14315.8137,62007.0739,-516011.7289,-437299.4287,-454004.65499999997
7245000,2370.1412,14322.2295,61866.0764,-515896.3384,-437337.8913,-454030.262
7246000,2415.7222,14379.0216,61533.2121,-515932.6438,-437604.6879,-454399.4317
7247000,2374.8356,14357.9541,62078.6249,-516489.5545,-437678.1399,-454410.92960000003
7248000,2383.4079,14358.4816,61789.2975,-515942.0083,-437410.82129999995,-454152.7108
7249000,2366.1252,14238.263,61533.4546,-516390.1487,-438252.30590000004,-454856.6941
7250000,2371.312,14306.3509,61457.6526,-515670.3665,-437535.051,-454212.7139
7251000,2391.8916,14298.2549,61772.1586,-515958.6399,-437496.3348,-454186.4813
7252000,2375.7452,14249.7126,62032.9589,-516026.5579,-437368.1412,-453993.59900000005
7253000,2401.8115,14348.183,61601.5237,-515439.9666,-437088.4484,-453838.44289999997
7254000,2379.3204,14337.6215,61381.9564,-515193.5459,-437094.6476,-453811.5895
7255000,2385.4617,14284.452,61591.2732,-515502.5712,-437241.38430000003,-453911.298
7256000,2375.4556,14255.9762,61725.0084,-515890.2621,-437533.8219,-454165.2537
7257000,2406.7603,14348.2782,62066.1304,-516265.5143,-437444.3454,-454199.38389999996
7258000,2387.7306,14296.7577,61912.9672,-515650.3463,-437052.8908,-453737.37909999996
7259000,2394.8984,14275.9064,62161.6202,-515847.5027,-437015.0777,-453685.8825
7260000,2366.4073,14358.2881,61495.7089,-515684.4083,-437464.004,-454188.69940000004
7261000,2414.1394,14393.6642,62137.2683,-516503.2322,-437558.1603,-454365.96390000003
7262000,2370.4627,14378.5015,62709.1121,-517670.7089,-438212.6326,-454961.59680000006
7263000,2387.7842,14220.8938,62295.9593,-517180.0056,-438275.3683,-454884.0463
7264000,2374.1866,14292.5744,62384.2748,-517194.6167,-438143.5809,-454810.3419
7265000,2384.1943,14289.9533,61445.9572,-514786.8374,-436666.7326,-453340.8802
7266000,2383.0026,14181.2262,61424.3049,-514802.2733,-436813.7396,-453377.9684
7267000,2375.8949,14289.9727,61844.5721,-515405.3534,-436894.91370000003,-453560.78130000003
7268000,2380.6688,14332.3417,61655.0971,-515577.5351,-437209.4275,-453922.43799999997
7269000,2370.5254,14217.0128,61553.1551,-515372.3148,-437231.6215,-453819.15969999996
7270000,2398.8105,14299.4009,62126.2488,-516287.6605,-437463.2003,-454161.4117
7271000,2372.001,14362.6916,62069.7543,-516309.3704,-437504.92350000003,-454239.6161
7272000,2428.1769,14368.1044,61693.6839,-515780.2986,-437290.3334,-454086.6147
7273000,2365.7617,14315.3437,62631.2146,-516889.0171,-437576.6971,-454257.8025
7274000,2379.0104,14302.2006,62438.2446,-516528.7694,-437409.3138,-454090.5248
7275000,2390.8652,14408.4144,61990.5965,-516739.704,-437949.82790000003,-454749.10750000004
7276000,2377.9116,14273.8822,61728.1855,-515716.0274,-437336.0481,-453987.8419
7277000,2383.494,14359.0538,61582.3872,-515843.294,-437518.359,-454260.9068
7278000,2368.9178,14225.2222,61884.8491,-515892.7855,-437413.7964,-454007.9364
7279000,2392.9657,14328.2802,61745.2121,-516295.6094,-437829.15140000003,-454550.3973
7280000,2369.9875,14327.0503,62101.012,-516335.8331,-437537.7833,-454234.8211
7281000,2365.9989,14269.9938,62114.6266,-516729.0624,-437978.4431,-454614.4358
7282000,2396.6507,14401.306,61644.0247,-515760.5261,-437318.5447,-454116.5014
7283000,2367.3922,14329.8879,62147.896,-516636.0555,-437790.87940000003,-454488.1595
7284000,2341.7771,14287.7555,62108.1093,-516543.411,-437805.76910000003,-454435.3017
7285000,2360.7814,14388.0941,61969.993,-516775.4199,-438056.5514,-454805.42689999996
7286000,2366.4527,14313.1265,63037.2911,-517606.804,-437889.9337,-454569.5129
7287000,2371.2054,14324.4674,62334.3208,-516733.2403,-437703.2467,-454398.9195
7288000,2358.074,14381.6176,61686.5258,-516043.545,-437617.32759999996,-454357.0192
7289000,2374.229,14296.1733,61844.917,-515906.0492,-437390.72990000003,-454061.1322
7290000,2374.3249,14357.513,61555.897,-515687.1964,-437399.46150000003,-454131.2994
7291000,2344.5801,14291.6137,61998.8167,-516735.62,-438100.6095,-454736.80329999997
7292000,2387.0763,14257.4637,61619.8866,-516163.5795,-437899.1529,-454543.6929
7293000,2390.7675,14385.3585,62102.7728,-516301.4303,-437422.53150000004,-454198.65750000003
7294000,2372.3781,14252.378,61630.0106,-515802.8848,-437548.11809999996,-454172.8742
7295000,2383.515,14368.1072,61768.0413,-515739.6727,-437220.0092,-453971.6314
7296000,2409.1408,14397.0089,62376.1224,-517286.134,-438103.8619,-454910.0116
7297000,2371.2442,14354.0924,62011.1004,-516229.6934,-437493.25639999995,-454218.593
7298000,2375.879,14347.8317,62400.6167,-517507.817,-438383.4896,-455107.20029999997
7299000,2337.2105,14391.3896,61930.3868,-515904.7961,-437245.80919999996,-453974.4093
7300000,2391.0094,14444.7709,62417.091,-516498.1961,-437245.3248,-454081.1051
7301000,2365.0532,14245.4174,61500.8433,-516001.3222,-437890.0083,-454500.4789
7302000,2429.145,14393.2731,61878.1643,-516031.1792,-437330.5968,-454153.0149
7303000,2368.8551,14258.0091,61987.2144,-516962.7722,-438348.6936,-454975.5578
7304000,2355.5069,14364.0524,62241.4472,-516831.5648,-437870.5583,-454590.1176
7305000,2365.6231,14268.3383,61807.077,-515834.9333,-437393.89489999996,-454027.8563
7306000,2379.9448,14324.3355,61687.3706,-515830.5756,-437438.9247,-454143.20499999996
7307000,2389.2816,14385.5834,61476.5266,-515438.3862,-437186.9946,-453961.8596
7308000,2377.4076,14340.5943,61640.5042,-515261.6582,-436903.1521,-453621.154
7309000,2364.4479,14369.6793,61705.9379,-515473.1581,-437033.093,-453767.2202
7310000,2338.6336,14426.8145,62054.3977,-516357.7976,-437537.9518,-454303.39989999996
7311000,2400.5453,14333.0042,62015.3858,-516407.1311,-437658.1958,-454391.7453
7312000,2355.5328,14463.5053,61443.4172,-515954.5548,-437692.0995,-454511.13759999996
7313000,2371.5789,14360.0699,62033.5928,-516057.4605,-437292.2189,-454023.8677
7314000,2350.9141,14256.3814,62041.607,-516493.0649,-437844.16240000003,-454451.4579
7315000,2364.324,14292.2537,61649.8243,-515813.0544,-437506.6524,-454163.23010000004
7316000,2343.3976,14323.4487,61923.1028,-515452.3494,-436862.4003,-453529.2466
7317000,2371.3615,14221.6736,62189.7046,-516158.672,-437375.9323,-453968.9674
7318000,2382.5398,14342.8791,61653.8243,-515402.9455,-437023.7023,-453749.1212
7319000,2378.6297,14424.632,62012.0657,-516586.1141,-437770.7867,-454574.0484
7320000,2379.727,14395.2597,62010.8456,-516439.974,-437654.1417,-454429.1284
7321000,2385.8768,14334.8224,62710.221,-517183.8109,-437752.8907,-454473.58989999996
7322000,2355.3996,14343.7932,62537.9293,-516598.5615,-437361.43940000003,-454060.6322
7323000,2325.187,14310.4489,62083.1301,-516824.1161,-438105.3501,-454740.986
7324000,2388.2389,14412.2789,62323.0015,-517145.0897,-438021.5704,-454822.0882
7325000,2396.8429,14342.4351,62094.6245,-516685.558,-437851.6555,-454590.93350000004
7326000,2395.4731,14342.0638,62078.0008,-516588.3778,-437772.84010000003,-454510.37700000004
7327000,2370.8966,14365.2765,61928.0193,-516474.8467,-437810.6543,-454546.8274
7328000,2384.945,14330.8491,61420.8969,-515901.4938,-437764.8028,-454480.5969
7329000,2395.9028,14280.8027,61750.4324,-516099.0422,-437671.90430000005,-454348.60980000003
7330000,2400.6332,14343.7554,62156.0261,-516850.0179,-437949.6032,-454693.99179999996
7331000,2387.5657,14382.3017,62206.0224,-516449.509,-437473.6192,-454243.4866
7332000,2386.0317,14358.94,61659.7546,-515624.5798,-437219.85349999997,-453964.8252
7333000,2383.9755,14229.2286,61665.7467,-515459.7392,-437180.7884,-453793.9925
7334000,2356.5832,14343.7193,62280.0903,-516702.5126,-437722.1198,-454422.42230000003
7335000,2401.6663,14283.5135,62257.8807,-517011.0604,-438067.99990000005,-454753.17970000004
7336000,2404.3851,14283.6321,62127.029,-516704.157,-437889.1108,-454577.128
7337000,2386.5663,14321.0346,61742.3971,-516195.2778,-437745.27979999996,-454452.8807
7338000,2380.9937,14298.8235,62102.9493,-516345.1698,-437562.4033,-454242.2205
7339000,2394.3373,14392.5217,61745.6129,-515438.6166,-436906.1447,-453693.0037
7340000,2361.5154,14403.1212,61875.4768,-516463.161,-437823.04760000005,-454587.6842
7341000,2374.1651,14300.7844,61606.804,-515579.5779,-437297.8244,-453972.7739
7342000,2373.6398,14340.4261,61638.2152,-515553.8737,-437201.5926,-453915.6585
7343000,2421.3104,14381.0727,61619.4026,-516251.4055,-437829.6198,-454632.00289999996
7344000,2337.8152,14139.1102,61444.2375,-514809.943,-436888.78010000003,-453365.70550000004
7345000,2375.2113,14323.3259,62035.456,-516714.064,-437980.0708,-454678.608
7346000,2359.6984,14273.9499,61818.7551,-515553.3297,-437100.9263,-453734.5746
7347000,2369.2092,14275.3568,61593.6186,-515790.8882,-437552.7036,-454197.2696
7348000,2355.2356,14259.8872,62298.3497,-516379.3174,-437465.8449,-454080.9677
7349000,2383.0676,14377.459,61738.221,-515708.8066,-437210.059,-453970.5856
7350000,2389.0204,14366.0606,61974.4343,-515573.8588,-436844.34349999996,-453599.42449999996
7351000,2377.3738,14241.7705,61859.8409,-516189.0996,-437710.1144,-454329.2587
7352000,2376.138,14403.1403,61947.7079,-516123.0685,-437396.0823,-454175.3606
7353000,2391.8726,14294.4051,62150.6708,-516528.0548,-437691.1063,-454377.38399999996
7354000,2398.2138,14298.9824,62199.9252,-516308.0314,-437410.91,-454108.1062
7355000,2365.6255,14338.3254,61667.8219,-515261.662,-436889.8892,-453593.84010000003
7356000,2378.8989,14318.3594,61592.6857,-515690.0201,-437400.0761,-454097.33440000005
7357000,2358.6879,14358.3881,62139.1072,-517050.7926,-438194.60939999996,-454911.68539999996
7358000,2356.343,14286.7214,62553.617,-517111.4433,-437914.7619,-454557.82629999996
7359000,2385.0621,14283.6979,61928.9721,-515913.1636,-437315.43150000006,-453984.1915
7360000,2371.7617,14229.8876,62015.7095,-516401.9933,-437784.6345,-454386.2838
7361000,2337.1697,14289.1633,62502.8436,-517462.5951,-438333.41849999997,-454959.75149999995
7362000,2356.4095,14315.595,62201.0237,-516744.8572,-437871.829,-454543.8335
7363000,2372.1041,14273.8414,62223.2912,-516855.0733,-437985.8366,-454631.7821
7364000,2352.5395,14276.7312,62266.7758,-516763.0506,-437867.0041,-454496.2748
7365000,2377.1285,14352.3394,62233.2229,-515873.2526,-436910.5618,-453640.0297
7366000,2366.0167,14441.3543,61708.607,-516221.58,-437705.602,-454512.973
7367000,2362.57,14355.489,61902.014,-516119.0403,-437498.9673,-454217.02629999997
7368000,2395.1231,14227.0496,61947.3797,-515853.8763,-437284.3239,-453906.4966
7369000,2382.8562,14195.033,61962.9377,-515745.4507,-437204.6238,-453782.513
7370000,2368.7702,14226.995,62151.3696,-516234.881,-437487.7462,-454083.5114
7371000,2357.2158,14252.5028,62233.2994,-516074.4603,-437231.4423,-453841.16089999996
7372000,2382.3369,14253.131,61765.6674,-515636.8924,-437235.75710000005,-453871.22500000003
7373000,2387.6734,14309.4385,62108.3503,-517060.3188,-438254.8566,-454951.9685
7374000,2339.741,14290.7472,62110.0555,-517380.7455,-438640.20180000004,-455270.69
7375000,2372.3945,14294.1617,62080.9097,-516974.2251,-438226.7592,-454893.31539999996
7376000,2382.3019,14355.9356,62246.9536,-517192.0471,-438206.856,-454945.0935
7377000,2350.7268,14379.9007,62112.6709,-516479.6973,-437636.39890000003,-454367.0264
7378000,2378.9803,14259.247,61915.5228,-516776.5008,-438222.7507,-454860.978
7379000,2373.8147,14307.7864,62090.483,-516530.8483,-437758.7642,-454440.3653
7380000,2362.633,14442.0985,62199.168,-516996.0921,-437992.1926,-454796.9241
7381000,2402.7468,14395.4852,62300.3621,-517343.846,-438245.25190000003,-455043.4839
7382000,2351.9321,14303.0358,62578.5088,-517253.0174,-438019.5407,-454674.5086
7383000,2367.7191,14322.26,61965.6323,-516314.4684,-437658.857,-454348.8361
7384000,2363.0758,14201.8635,62145.5592,-516189.1476,-437478.64910000004,-454043.5884
7385000,2408.4736,14253.4699,61896.2995,-516093.6325,-437535.3895,-454197.333
7386000,2359.3677,14384.9629,61651.0371,-516091.0569,-437695.6892,-454440.0198
7387000,2405.3007,14421.9439,62380.3887,-516865.4605,-437657.8272,-454485.0718
7388000,2352.0362,14256.4907,62404.2576,-517108.8195,-438096.035,-454704.5619
7389000,2393.8963,14383.3263,61953.1821,-516475.0015,-437744.5968,-454521.81940000004
7390000,2387.3856,14282.1248,62580.4802,-517665.9445,-438415.95389999996,-455085.4643
7391000,2387.5901,14234.0578,62409.5433,-517141.7519,-438110.5607,-454732.20859999995
7392000,2353.4125,14315.4474,61993.0513,-516318.1899,-437656.2787,-454325.1386
7393000,2345.6408,14287.8721,62266.1588,-516310.8486,-437411.1769,-454044.68980000005
7394000,2346.5874,14355.9228,62096.6601,-516346.6103,-437547.44,-454249.9502
7395000,2380.4668,14346.503,62054.8495,-516991.119,-438209.2997,-454936.2695
7396000,2383.8282,14223.8042,61819.1578,-516769.1688,-438342.3786,-454950.011
7397000,2410.4767,14321.8065,61948.9963,-516466.5786,-437785.2991,-454517.5823
7398000,2415.2439,14344.7932,62280.2417,-516516.2985,-437476.01969999995,-454236.05679999996
7399000,2389.5283,14342.2191,61632.7252,-515210.1767,-436845.7041,-453577.4515
7400000,2405.2636,14241.2522,61874.421,-515808.311,-437287.37419999996,-453933.89
7401000,2399.6914,14206.7749,61683.7513,-515954.0249,-437663.8073,-454270.2736
7402000,2346.1276,14296.3999,61740.5234,-516691.6153,-438308.56440000003,-454951.0919
7403000,2387.8183,14434.759,61275.691,-516067.369,-437969.1007,-454791.678
7404000,2386.9061,14421.1933,62234.4891,-517162.0299,-438119.4414,-454927.5408
7405000,2378.0645,14312.7061,61564.5752,-516636.93,-438381.5842,-455072.3548
7406000,2401.1854,14266.7571,62116.1712,-516669.9283,-437885.81460000004,-454553.75710000005
7407000,2393.8668,14338.9453,61919.307,-516401.9271,-437749.80799999996,-454482.62009999994
7408000,2374.6015,14311.8438,62137.1892,-517011.0691,-438187.43460000004,-454873.8799
7409000,2356.6597,14285.4702,62173.767,-516367.192,-437551.2951,-454193.425
7410000,2439.1419,14286.0388,62522.1279,-516720.5971,-437473.2885,-454198.4692
7411000,2389.2618,14269.8963,61979.0962,-516403.514,-437765.25970000005,-454424.41780000005
7412000,2359.6934,14318.3705,62268.477,-516586.3261,-437639.78520000004,-454317.8491
7413000,2370.9749,14343.1525,62135.238,-516463.1913,-437613.8259,-454327.9533
7414000,2373.7755,14443.0148,62021.8992,-516132.4789,-437293.7894,-454110.5797
7415000,2377.9852,14230.6668,61986.9676,-516722.3529,-438126.73329999996,-454735.38529999997
7416000,2334.0627,14258.8481,62045.2238,-516247.8624,-437609.7278,-454202.6386
7417000,2379.2115,14276.404,61967.3828,-517039.7459,-438416.7476,-455072.36309999996
7418000,2412.5838,14325.7649,62466.9056,-516980.8167,-437775.56240000005,-454513.9111
7419000,2372.9107,14376.2569,62043.0159,-516741.2342,-437949.0507,-454698.2183
7420000,2374.3218,14317.7536,61748.6224,-515881.1768,-437440.47900000005,-454132.5544
7421000,2410.8805,14422.6321,61951.7716,-515954.4111,-437169.12690000003,-454002.63950000005
7422000,2386.1979,14277.3051,61867.3025,-516153.3242,-437622.51869999996,-454286.0217
7423000,2375.3399,14330.6734,61739.6448,-515899.773,-437454.1149,-454160.1282
7424000,2347.5639,14176.7231,61792.374,-516040.7844,-437724.1234,-454248.4104
7425000,2411.3576,14432.4921,62138.7478,-516555.2912,-437572.69369999995,-454416.54339999997
7426000,2359.8208,14384.9286,62363.7262,-516018.0987,-436909.62309999997,-453654.3725
7427000,2361.6134,14307.1318,61720.9946,-515729.293,-437339.5532,-454008.2984
7428000,2389.8106,14352.7209,62050.9877,-516708.7542,-437915.23500000004,-454657.7665
7429000,2407.4679,14233.0435,62370.0847,-516938.0972,-437927.5011,-454568.0125
7430000,2376.1936,14364.2584,61354.6417,-515364.5338,-437269.4401,-454009.8921
7431000,2402.0463,14276.4676,62301.7441,-516269.3777,-437289.11970000004,-453967.6336
7432000,2330.5624,14313.3388,61558.1513,-515397.5423,-437195.4898,-453839.39099999995
7433000,2356.9987,14372.0708,62153.036,-516385.7058,-437503.6003,-454232.6698
7434000,2378.5061,14211.0455,62170.6862,-516730.104,-437969.8662,-454559.4178
7435000,2366.4198,14287.803,61490.4296,-515523.699,-437379.0466,-454033.2694
7436000,2372.5494,14420.023,62108.6367,-516742.7561,-437841.547,-454634.11939999997
7437000,2397.8564,14309.1283,61873.5976,-515991.2166,-437410.6343,-454117.619
7438000,2397.8505,14321.1517,62070.0172,-516963.8986,-438174.8792,-454893.8814
7439000,2391.5403,14250.9212,62084.9863,-516314.4414,-437586.99360000005,-454229.4551
7440000,2359.6417,14243.188,61766.0397,-515828.7787,-437459.90930000006,-454062.739
7441000,2360.133,14289.4816,61794.138,-515822.9919,-437379.2393,-454028.85390000005
7442000,2399.1126,14283.6842,62301.0204,-516535.9105,-437552.0933,-454234.8901
7443000,2378.1301,14288.3498,62268.0152,-516176.839,-437242.3439,-453908.82379999995
7444000,2368.7643,14276.4481,62491.6852,-517401.5256,-438264.628,-454909.8404
7445000,2373.1585,14352.9733,62197.3823,-516248.2492,-437324.73510000005,-454050.8669
7446000,2370.5133,14325.8597,62156.966,-516444.2378,-437590.89879999997,-454287.2718
7447000,2361.4555,14295.1536,61717.5499,-515705.2747,-437331.1157,-453987.7248
7448000,2389.7625,14339.0678,62467.4182,-516735.8009,-437539.5524,-454268.38269999996
7449000,2396.6508,14171.871,61921.6916,-516239.2357,-437749.0223,-454317.5441
7450000,2360.6739,14289.575,61810.879,-515400.1838,-436939.05590000004,-453589.3048
7451000,2401.2356,14390.0313,61978.4965,-516576.6669,-437806.9035,-454598.1704
7452000,2365.4218,14402.2936,62204.1166,-516271.2138,-437299.38180000003,-454067.0972
7453000,2391.9083,14355.8254,62488.7597,-516686.1844,-437449.691,-454197.42470000003
7454000,2372.2154,14349.7467,61927.93,-516068.6342,-437418.7421,-454140.7042
7455000,2375.5218,14308.0149,62565.6412,-516799.2863,-437550.10839999997,-454233.64509999997
7456000,2375.7907,14226.7494,61904.7732,-515802.1527,-437294.83939999994,-453897.3795
7457000,2378.2893,14202.0671,61713.3261,-516451.08,-438157.3975,-454737.7539
7458000,2391.1357,14404.9894,62044.9447,-516644.2848,-437803.215,-454599.34010000003
7459000,2387.3657,14300.6839,61348.8251,-515757.195,-437720.3203,-454408.3699
7460000,2377.2209,14312.5756,61653.6475,-515980.0496,-437636.6056,-454326.4021
7461000,2396.0403,14362.5257,62280.9848,-517172.9533,-438133.40249999997,-454891.9685
7462000,2363.1168,14238.9949,61615.3204,-515860.6666,-437643.2345,-454245.3462
7463000,2372.9272,14324.7443,62622.3717,-517431.8639,-438111.8207,-454809.4922
7464000,2379.2444,14360.9974,61601.0745,-515773.2597,-437431.9434,-454172.1852
7465000,2323.446,14304.4562,61315.2037,-514898.5681,-436955.46219999995,-453583.36439999996
7466000,2394.2252,14260.6164,62188.9188,-516643.3374,-437799.57700000005,-454454.41860000003
7467000,2333.3499,14373.8171,61810.0435,-516315.3213,-437798.1108,-454505.27780000004
7468000,2335.6977,14312.449,61987.7258,-516263.6437,-437627.7712,-454275.9179
7469000,2374.7134,14428.9662,62369.8928,-516533.9885,-437360.4161,-454164.09569999995
7470000,2381.8383,14361.8127,61906.6594,-516362.8508,-437712.5404,-454456.1914
7471000,2409.6493,14366.879,61868.0528,-515654.668,-437010.0869,-453786.6152
7472000,2399.2736,14324.094,61911.463,-515792.4014,-437157.5708,-453880.9384
7473000,2414.5519,14289.0783,61943.5314,-516420.0315,-437772.8699,-454476.5001
7474000,2337.7964,14323.0326,62471.2229,-517161.3098,-438029.25789999997,-454690.0869
7475000,2379.4477,14223.9727,61737.0844,-516085.8919,-437745.3871,-454348.8075
7476000,2365.9694,14268.317,61506.816,-515004.3999,-436863.2975,-453497.5839
7477000,2353.3182,14325.0533,62082.6186,-516456.0065,-437695.0164,-454373.38790000003
7478000,2374.601,14259.7188,61858.5024,-516687.284,-438194.4618,-454828.7816
7479000,2384.9168,14262.4897,62418.024,-517311.9309,-438246.50039999996,-454893.9069
7480000,2372.1795,14225.4748,61814.578,-516167.9687,-437755.73640000005,-454353.39070000005
7481000,2367.7372,14333.3094,61773.5929,-516003.2528,-437528.6133,-454229.6599
7482000,2354.9373,14301.3678,62304.886,-516630.4719,-437669.2808,-454325.5859
7483000,2408.8682,14332.2962,61306.2681,-515507.7192,-437460.2867,-454201.4511
7484000,2385.6142,14371.4909,61823.0659,-516049.3548,-437469.1838,-454226.2889
7485000,2407.1173,14292.5745,61662.943,-515573.649,-437211.0142,-453910.706
7486000,2405.0583,14422.2611,61614.8359,-515765.0432,-437322.88790000003,-454150.2073
7487000,2371.6538,14426.9352,61793.2032,-516293.5837,-437701.79150000005,-454500.3805
7488000,2382.9054,14235.294,62211.8039,-516224.4981,-437394.49480000004,-454012.6942
7489000,2388.8365,14334.7248,62091.4735,-516546.2157,-437731.18090000004,-454454.7422
7490000,2366.7373,14269.8538,62024.0672,-516260.8732,-437600.21489999996,-454236.806
7491000,2356.6522,14348.2336,61676.2818,-515519.6808,-437138.5132,-453843.399
7492000,2394.9527,14257.5397,61855.308,-515537.2505,-437029.4501,-453681.9425
7493000,2389.3043,14342.5845,62024.9391,-516934.6922,-438177.8643,-454909.7531
7494000,2376.9827,14437.9783,61529.4906,-515967.4603,-437623.0087,-454437.96969999996
7495000,2380.2968,14301.299,61511.529,-515350.5841,-437157.4593,-453839.0551
7496000,2357.1799,14313.0822,62084.6465,-516688.8694,-437933.9608,-454604.22290000005
7497000,2360.7432,14197.872,62066.1974,-516055.7134,-437430.9008,-453989.516
7498000,2370.9612,14296.3753,61445.6791,-515191.9106,-437078.895,-453746.2315
7499000,2371.6772,14317.4164,61988.8866,-516270.2208,-437592.2406,-454281.33420000004
7500000,2410.84,14360.796,61932.5869,-516374.9175,-437670.6946,-454442.3306
7501000,2405.1053,14283.65,62200.5773,-516993.715,-438104.3824,-454793.1377
7502000,2341.6641,14334.568,61815.6341,-516354.1965,-437862.33030000003,-454538.5624
7503000,2364.0634,14243.5085,61812.4063,-516292.4932,-437872.515,-454480.0869
7504000,2390.5704,14405.9269,62219.6183,-516648.7554,-437632.6398,-454429.13710000005
7505000,2376.5389,14438.0166,61626.7431,-515532.3503,-437091.05169999995,-453905.60719999997
7506000,2390.6983,14333.9371,61999.7505,-515900.4321,-437176.0462,-453900.68159999995
7507000,2362.5776,14311.4111,61509.489,-515449.1859,-437265.7082,-453939.6969
7508000,2357.6166,14209.6404,61614.712,-515604.5021,-437422.5331,-453989.7901
7509000,2384.6575,14282.8509,62071.9249,-516342.4726,-437603.03929999995,-454270.5477
7510000,2365.6675,14274.7581,62301.7018,-516868.5097,-437926.3823,-454566.8079
7511000,2353.0594,14248.9828,61631.6582,-515814.4063,-437580.70589999994,-454182.74809999997
7512000,2375.8359,14280.4851,62334.4917,-516455.9186,-437465.10589999997,-454121.42689999996
7513000,2384.945,14302.4449,61754.3523,-515911.2898,-437469.54760000005,-454156.9375
7514000,2384.1233,14293.451,62069.7547,-516425.5693,-437678.24029999995,-454355.8146
7515000,2388.5748,14218.7351,62382.9047,-516733.183,-437742.9684,-454350.2783
7516000,2403.726,14216.64,61811.9884,-515866.7224,-437434.368,-454054.73400000005
7517000,2354.696,14341.7513,62395.0145,-517499.8649,-438408.4031,-455104.8504
7518000,2367.0087,14331.8001,62043.123,-516311.3523,-437569.4205,-454268.2293
7519000,2395.6406,14371.4204,62262.6485,-516461.2548,-437431.5453,-454198.6063
7520000,2362.2921,14284.1206,61773.5258,-516183.2276,-437763.2891,-454409.7018
7521000,2351.2607,14347.9891,62432.249,-516781.9873,-437650.4885,-454349.73829999997
7522000,2371.0183,14306.6986,61852.3863,-516157.3501,-437627.24689999997,-454304.96379999997
7523000,2391.6845,14300.3787,61910.6372,-516380.0192,-437777.3188,-454469.382
7524000,2370.6738,14322.6627,61787.7436,-515308.4942,-436827.4141,-453520.7506
7525000,2375.8977,14283.5291,61868.9663,-516210.2244,-437681.8313,-454341.2581
7526000,2352.2882,14309.2726,61820.758,-515632.4118,-437150.093,-453811.6538
7527000,2345.462,14344.1384,62169.821,-516073.3312,-437213.9098,-453903.5102
7528000,2351.0857,14355.6628,62177.97,-516954.9997,-438070.28119999997,-454777.02969999996
7529000,2361.259,14272.2925,61944.9246,-516599.706,-438021.22990000003,-454654.7814
7530000,2392.2306,14302.9999,62166.7729,-516562.7878,-437700.7844,-454396.0149
7531000,2392.1729,14335.6406,62154.482,-516496.7676,-437614.4721,-454342.2856
7532000,2378.7293,14339.1286,61946.4256,-516468.7584,-437804.4749,-454522.3328
7533000,2389.7126,14420.9953,62418.1588,-517412.7197,-438183.853,-454994.56090000004
7534000,2395.8003,14365.0536,62281.3422,-516257.4403,-437215.2442,-453976.0981
7535000,2340.5409,14335.3304,62196.4107,-517003.8469,-438131.5649,-454807.4362
7536000,2370.1417,14342.5492,62293.8562,-516874.2699,-437867.7228,-454580.41370000003
7537000,2396.6014,14364.6435,61719.7962,-515197.6162,-436716.5751,-453477.82
7538000,2385.1148,14394.3853,61941.1051,-516743.8278,-438023.22260000004,-454802.72270000004
7539000,2392.3215,14283.2589,62495.76,-517576.3666,-438405.0262,-455080.6066
7540000,2392.0624,14478.7181,62716.1218,-517678.0749,-438091.1726,-454961.9531
7541000,2371.4584,14334.8141,62111.0419,-516753.4931,-437936.17870000005,-454642.4512
7542000,2403.8186,14420.2008,62575.8162,-517181.9585,-437782.1229,-454606.1423
7543000,2356.6733,14336.484,62398.5615,-517075.6514,-437983.93259999994,-454677.08989999996
7544000,2373.2629,14303.4319,62102.7774,-516785.8514,-438006.37919999997,-454683.07399999996
7545000,2364.2252,14345.7356,61524.0985,-515448.1424,-437214.08310000005,-453924.0439
7546000,2394.7676,14388.7299,62342.4312,-516702.568,-437576.63930000004,-454360.13680000004
7547000,2396.3567,14447.0124,61727.5254,-515790.1199,-437219.2254,-454062.5945
7548000,2384.2399,14422.6785,61674.1595,-516715.2145,-438234.13659999997,-455041.055
7549000,2383.307,14395.4985,62323.8673,-516919.2449,-437816.5721,-454595.3776
7550000,2376.5982,14464.7614,61613.6784,-516488.3834,-438033.3454,-454874.705
7551000,2385.101,14335.7318,61946.8893,-515986.2046,-437318.4825,-454039.3153
7552000,2392.0572,14326.1732,61666.7867,-516062.9071,-437677.89,-454396.1204
7553000,2369.2246,14268.3162,61990.6847,-516299.9877,-437671.7622,-454309.303
7554000,2388.322,14389.8516,61726.0544,-515733.0449,-437228.8169,-454006.99049999996
7555000,2413.938,14495.2473,61879.2228,-516181.411,-437393.0029,-454302.18820000003
7556000,2381.1871,14306.5222,62327.9201,-516227.0059,-437211.3765,-453899.0858
7557000,2389.9997,14331.1901,62091.3468,-516772.4428,-437959.9062,-454681.096
7558000,2367.6216,14424.2045,61998.4236,-516517.1004,-437726.8507,-454518.6768
7559000,2377.5541,14376.1656,61957.9911,-516291.828,-437580.1172,-454333.8369
7560000,2383.5113,14413.1652,61730.4256,-515552.0515,-437024.9494,-453821.6259
7561000,2384.0103,14342.3011,61616.9545,-515707.0004,-437363.7345,-454090.0459
7562000,2384.1635,14452.2681,62040.6771,-517101.0085,-438223.8998,-455060.3314
7563000,2372.571,14329.5032,61906.7097,-516286.5189,-437677.73500000004,-454379.8092
7564000,2394.943,14401.1262,62059.0878,-516058.1113,-437202.9543,-453999.0235
7565000,2366.8268,14416.8352,61920.8391,-516202.0672,-437497.5661,-454281.2281
7566000,2362.2181,14309.8753,62024.3432,-516695.5318,-437999.0952,-454671.1886
7567000,2401.5647,14300.449,62030.175,-516680.2758,-437948.0871,-454650.1008
7568000,2385.2481,14419.1561,61681.8462,-516247.6418,-437761.39139999996,-454565.79559999995
7569000,2364.9852,14339.8633,61885.228,-515795.2973,-437205.2208,-453910.0693
7570000,2355.7289,14281.569,61866.507,-516175.205,-437671.4001,-454308.69800000003
7571000,2394.4861,14408.9203,62363.5904,-516949.4,-437782.40320000006,-454585.80960000004
7572000,2381.1273,14334.7867,62020.2283,-516209.4529,-437473.31059999997,-454189.22459999996
7573000,2369.2288,14365.6808,62054.9114,-516632.9892,-437843.1682,-454578.0778
7574000,2382.0054,14249.3718,61411.9516,-516019.9169,-437976.5881,-454607.96530000004
7575000,2395.612,14362.0546,61585.9805,-515266.0767,-436922.4296,-453680.09619999997
7576000,2377.7544,14399.5816,62181.7807,-516455.9995,-437496.88279999996,-454274.2188
7577000,2348.7804,14338.9316,61927.9096,-515818.9826,-437203.361,-453891.073
7578000,2390.7306,14411.3828,61801.3839,-516262.0253,-437658.528,-454460.64139999996
7579000,2341.616,14368.9848,62115.2174,-517010.4176,-438184.59939999995,-454895.20019999996
7580000,2352.0946,14242.5528,61809.2003,-516071.3755,-437667.52780000004,-454262.17520000006
7581000,2394.2481,14372.1877,62236.7781,-516448.5462,-437445.3323,-454211.7681
7582000,2385.8335,14300.7599,61891.832,-516125.8767,-437547.4513,-454234.0447
7583000,2388.4049,14322.1909,61785.9175,-516089.771,-437593.2577,-454303.8535
7584000,2389.0648,14423.1534,61949.9266,-516053.0302,-437290.88539999997,-454103.1036
7585000,2415.1745,14370.5534,61640.429,-516126.9697,-437700.8128,-454486.5407
7586000,2357.3486,14398.1862,62537.568,-517239.6136,-437946.5108,-454702.04559999995
7587000,2385.5742,14517.2734,61788.2558,-516373.5142,-437682.41079999995,-454585.2584
7588000,2378.2414,14202.9075,62249.8614,-517196.829,-438365.81870000006,-454946.96760000003
7589000,2417.7332,14388.224,61849.9187,-516374.2546,-437718.3787,-454524.3359
7590000,2398.3178,14343.4448,62361.1376,-516705.6285,-437602.72829999996,-454344.4909
7591000,2422.645,14374.9595,62325.412,-516575.9034,-437452.88690000004,-454250.4914
7592000,2406.4851,14386.0056,62140.2487,-516780.0965,-437847.3571,-454639.8478
7593000,2367.1469,14293.8451,61552.034,-515198.4646,-436985.4386,-453646.4306
7594000,2342.3508,14429.0208,61962.5213,-516604.3814,-437870.4885,-454641.8601
7595000,2337.7392,14339.5537,62476.7446,-517099.9321,-437945.8946,-454623.1875
7596000,2372.1982,14326.1663,61391.1374,-515646.203,-437556.70109999995,-454255.0656
7597000,2401.8328,14426.8606,61872.2742,-516515.574,-437814.60640000005,-454643.29980000004
7598000,2373.6487,14282.1086,62107.1615,-517184.5471,-438421.62830000004,-455077.38560000004
7599000,2365.7397,14409.1485,61781.9444,-516150.5054,-437593.67280000006,-454368.56100000005
7600000,2343.4214,14315.7181,61828.0587,-516135.0934,-437647.8952,-454307.0347
7601000,2391.3109,14393.5189,62182.2977,-516853.4815,-437886.354,-454671.1838
7602000,2411.2609,14354.4436,62315.7923,-516605.5727,-437524.07590000005,-454289.78040000005
7603000,2368.1134,14387.8315,62035.5845,-516321.5654,-437530.036,-454285.9809
7604000,2414.3619,14308.6958,62079.235,-516889.0275,-438086.73480000003,-454809.79250000004
7605000,2381.8849,14369.3481,62095.7123,-516771.8056,-437924.86030000006,-454676.0933
7606000,2360.4461,14333.0725,62396.1715,-516994.5787,-437904.8886,-454598.4072
7607000,2370.4866,14340.8967,62181.2565,-517287.5466,-438394.9068,-455106.2901
7608000,2373.5221,14298.4973,62118.1048,-516022.5888,-437232.4646,-453904.48400000005
7609000,2388.5276,14364.2951,62199.7883,-516574.5994,-437621.98840000003,-454374.8111
7610000,2392.6487,14443.293,61887.9689,-516341.7506,-437617.84,-454453.78170000005
7611000,2422.2319,14400.6142,61605.3771,-515886.3041,-437458.0809,-454280.927
7612000,2399.896,14309.8195,61555.5051,-515593.0449,-437327.8243,-454037.53979999997
7613000,2376.1153,14311.4167,62288.4454,-516951.2686,-437975.2912,-454662.8232
7614000,2408.2207,14374.4852,62014.694,-516626.2308,-437828.8309,-454611.5368
7615000,2402.9748,14301.3653,61736.9293,-515695.5503,-437254.2809,-453958.621
7616000,2388.5008,14329.3517,62130.1076,-516035.5632,-437187.60309999995,-453905.4556
7617000,2374.3633,14356.6747,62096.3698,-516392.1872,-437564.7794,-454295.8174
7618000,2399.2384,14334.1372,61823.5636,-515933.4578,-437376.51859999995,-454109.8942
7619000,2349.743,14326.921,62637.7281,-516851.3432,-437536.9511,-454213.6151
7620000,2379.288,14345.8006,61531.7984,-515207.9936,-436951.1066,-453676.19519999996
7621000,2367.7087,14281.7627,61943.7831,-516108.9002,-437515.6457,-454165.1171
7622000,2378.6023,14349.5574,61606.921,-515987.291,-437652.21030000004,-454380.37
7623000,2377.3731,14225.6889,62291.6377,-516662.5755,-437767.8758,-454370.93779999996
7624000,2364.1417,14405.7356,62179.4172,-516922.0473,-437972.75279999996,-454742.63009999995
7625000,2363.1182,14270.549,62221.4101,-516537.8758,-437682.7985,-454316.4657
7626000,2393.1369,14441.7487,62170.9165,-516539.2231,-437533.421,-454368.3066
7627000,2371.6696,14383.235,61794.3364,-516130.852,-437581.61100000003,-454336.51560000004
7628000,2395.4566,14307.8379,61882.7413,-516152.723,-437566.6872,-454269.9817
7629000,2380.0654,14339.951,61354.635,-514980.6335,-436905.9821,-453625.9985
7630000,2361.8688,14331.1259,62090.2545,-516267.1958,-437483.94659999997,-454176.9413
7631000,2409.9755,14290.7045,62184.2036,-516489.7545,-437604.8709,-454305.5509
7632000,2383.7894,14304.8476,62396.9208,-516812.7952,-437727.2374,-454415.8744
7633000,2345.001,14493.4749,62464.9802,-517299.4829,-437996.0268,-454834.5027
7634000,2373.9852,14229.2328,61947.9948,-515797.6609,-437246.44810000004,-453849.66610000003
7635000,2374.9952,14397.726,61080.1377,-515394.0567,-437541.1978,-454313.919
7636000,2395.7191,14374.5071,61612.6062,-515896.8109,-437513.97849999997,-454284.2047
7637000,2396.6569,14339.991,61510.902,-515271.3331,-437023.7832,-453760.4311
7638000,2384.7662,14357.9633,62162.0194,-516287.147,-437382.3981,-454125.1276
7639000,2377.9245,14304.5872,62367.6816,-516983.2246,-437933.03130000003,-454615.543
7640000,2380.5613,14246.2886,62010.9039,-515990.1334,-437352.3796,-453979.2295
7641000,2393.6543,14312.882,61387.0694,-515006.8548,-436913.24909999996,-453619.7854
7642000,2443.5145,14390.0449,61919.5737,-515945.2421,-437192.10899999994,-454025.66839999997
7643000,2381.4761,14325.1766,61808.4942,-515315.5745,-436800.4276,-453507.0803
7644000,2373.6749,14366.7275,61729.889,-516456.7332,-437986.44180000003,-454726.8442
7645000,2417.7335,14267.6358,62434.3891,-517309.8582,-438190.0998,-454875.4691
7646000,2338.9149,14296.3022,61672.2858,-516132.0658,-437824.5629,-454459.77999999997
7647000,2396.4335,14351.9934,62138.6585,-516145.7036,-437258.6182,-454007.0451
7648000,2390.3007,14292.2761,61485.9138,-515351.6497,-437183.1591,-453865.7359
7649000,2392.8436,14364.4077,61641.6206,-515766.9692,-437368.0973,-454125.34859999997
7650000,2359.5686,14235.6924,62097.7627,-517002.0374,-438309.0137,-454904.27469999995
7651000,2378.5571,14301.5902,62140.5287,-516571.6772,-437751.00119999994,-454431.14849999995
7652000,2368.9564,14325.9234,62228.6979,-517131.9799,-438208.4022,-454903.282
7653000,2384.4282,14285.3542,62180.6376,-516862.6864,-438012.2664,-454682.0488
7654000,2368.3171,14253.955,62071.6478,-516999.9887,-438306.0688,-454928.3409
7655000,2378.1684,14437.3667,62042.4702,-515955.8836,-437097.8783,-453913.4134
7656000,2352.8357,14218.5439,61747.9534,-515665.457,-437346.124,-453917.5036
7657000,2372.8465,14281.338,62050.3489,-515903.6189,-437199.0855,-453853.27
7658000,2397.2926,14375.6581,61684.9945,-515236.9587,-436779.0135,-453551.96420000005
7659000,2357.2879,14384.173,62725.803,-517212.9562,-437745.6923,-454487.1532
7660000,2389.8412,14384.7694,61702.4292,-515789.286,-437312.24620000005,-454086.8568
7661000,2364.3568,14365.5459,62556.2417,-516854.8257,-437568.6813,-454298.584
7662000,2391.206,14358.3436,62185.0657,-516656.953,-437722.3377,-454471.8873
7663000,2373.9594,14348.1945,61964.7421,-516637.441,-437950.545,-454672.69889999996
7664000,2363.3587,14311.2405,62247.559,-516398.9255,-437476.7673,-454151.3665
7665000,2359.0119,14277.2493,61736.5454,-515764.9417,-437392.1351,-454028.3963
7666000,2377.2763,14281.8792,62342.9351,-516333.3002,-437331.2096,-453990.3651
7667000,2398.3176,14293.0453,61564.5685,-515142.371,-436886.4396,-453577.8025
7668000,2415.1669,14445.4304,61834.0493,-515112.493,-436417.84640000004,-453278.4437
7669000,2363.6711,14406.0509,61490.5282,-515801.1857,-437540.93549999996,-454310.6575
7670000,2384.5072,14367.1883,61328.3779,-515171.3273,-437091.2539,-453842.9494
7671000,2382.5712,14190.2158,62517.0992,-516973.6259,-437883.7397,-454456.5267
7672000,2368.0175,14354.1346,61591.2411,-515962.1342,-437648.741,-454370.8931
7673000,2367.1709,14338.5017,61836.4042,-516183.583,-437641.5062,-454347.1788
7674000,2368.2953,14331.5099,62301.773,-516255.9325,-437254.3543,-453954.1595
7675000,2376.4574,14277.5504,62082.6906,-516457.7661,-437721.0677,-454375.07550000004
7676000,2354.832,14310.3419,62157.9362,-516311.436,-437488.3259,-454153.4998
7677000,2390.5419,14301.6467,62393.8026,-517596.0022,-438510.011,-455202.1996
7678000,2410.0442,14294.448,62104.0497,-516366.2089,-437557.667,-454262.1592
7679000,2368.987,14322.422,61657.3425,-515904.2959,-437555.5444,-454246.9534
7680000,2357.2584,14372.2127,62066.5099,-516162.9117,-437366.9307,-454096.4018
7681000,2375.9912,14351.2505,61935.4592,-516629.6852,-437966.9843,-454694.226
7682000,2387.4507,14376.659,61649.9461,-515655.4528,-437241.397,-454005.5067
7683000,2367.2461,14272.3245,62181.2279,-516427.9886,-437607.1901,-454246.7607
7684000,2394.9018,14420.2126,61664.8344,-516055.5721,-437575.6233,-454390.7377
7685000,2364.7376,14322.1306,62010.4007,-516432.1685,-437734.8996,-454421.76780000003
7686000,2370.2084,14346.2674,61274.0323,-515628.8895,-437638.38139999995,-454354.85719999997
7687000,2371.7628,14326.5289,61814.287,-516249.466,-437736.8873,-454435.179
7688000,2363.8863,14343.408,61554.0859,-515432.9712,-437171.591,-453878.8853
7689000,2406.0556,14328.2756,62179.9052,-516576.8593,-437662.6229,-454396.95410000003
7690000,2405.0407,14392.4158,62382.7742,-517341.2476,-438161.0169,-454958.4734
7691000,2392.5688,14406.6193,62109.4326,-517326.3405,-438417.71979999996,-455216.9079
7692000,2366.3315,14233.4392,62107.0187,-516931.0433,-438224.2539,-454824.0246
7693000,2433.6182,14310.2288,62081.7973,-516483.1545,-437657.5102,-454401.3572
7694000,2369.1517,14401.4751,61768.1232,-516189.9041,-437651.1541,-454421.7809
7695000,2399.1218,14301.5028,62396.7139,-517010.6175,-437913.279,-454613.90359999996
7696000,2377.8524,14433.6394,62134.3208,-516456.2594,-437510.4468,-454321.9386
7697000,2377.9928,14382.0257,61851.0398,-516583.3067,-437972.24840000004,-454732.26690000005
7698000,2371.9016,14349.4021,62229.5345,-516572.228,-437621.3898,-454342.6935
7699000,2376.7027,14343.5789,61782.2845,-515956.8059,-437454.2398,-454174.52139999997
7700000,2393.3889,14353.3621,61713.8251,-515466.0311,-437005.455,-453752.206
7701000,2347.1297,14351.0958,61910.2169,-516684.8668,-438076.4244,-454774.6499
7702000,2368.7436,14353.3314,61989.2126,-516154.3827,-437443.09510000004,-454165.1701
7703000,2381.3352,14349.243,62416.6247,-517223.3794,-438076.17649999994,-454806.7547
7704000,2394.8011,14338.0903,61959.2538,-516420.4232,-437728.27800000005,-454461.1694
7705000,2362.5886,14354.4045,61784.4323,-516140.8353,-437639.40989999997,-454356.403
7706000,2392.5629,14341.5282,61712.0164,-515444.002,-436997.8945,-453731.98559999996
7707000,2357.2836,14268.7969,61832.9158,-515798.1783,-437339.18200000003,-453965.2625
7708000,2406.0449,14282.9108,62707.0727,-517291.2179,-437895.1895,-454584.14519999997
7709000,2360.4402,14344.0948,62274.3592,-516816.1618,-437837.2676,-454541.8026
7710000,2366.0066,14426.3322,62263.1475,-516478.9187,-437423.4324,-454215.77119999996
7711000,2396.6725,14438.718,62221.3452,-517300.6514,-438243.91569999995,-455079.3062
7712000,2360.1599,14366.7858,62820.9524,-517528.8466,-437980.9485,-454707.8942
7713000,2404.5629,14334.1605,62536.9485,-518043.6197,-438767.94779999997,-455506.6712
7714000,2365.0638,14264.3983,61800.8416,-516260.6248,-437830.3211,-454459.7832
7715000,2380.296,14216.7687,62174.0866,-517009.5748,-438238.42350000003,-454835.4882
7716000,2375.7548,14261.9113,62000.6151,-516302.9451,-437664.66390000004,-454302.33
7717000,2368.2202,14471.5419,62208.6441,-516541.8488,-437493.44259999995,-454333.2047
7718000,2346.5824,14358.8361,62096.1685,-515896.9982,-437095.4112,-453800.8297
7719000,2340.8589,14414.3995,61760.2335,-515390.1233,-436874.63139999995,-453629.8898
7720000,2385.5815,14344.0884,61933.3411,-516297.2911,-437634.2801,-454363.94999999995
7721000,2327.3012,14375.2855,61555.2331,-515504.102,-437246.2822,-453948.8689
7722000,2392.0636,14385.0442,61877.0289,-515888.0203,-437233.88359999994,-454010.9914
7723000,2385.2922,14317.9277,61934.6524,-515757.1998,-437119.3275,-453822.5474
7724000,2377.2721,14233.6828,61859.5282,-515927.5829,-437457.09979999997,-454068.0547
7725000,2388.3325,14409.9363,62167.336,-516608.9781,-437643.3733,-454441.6421
7726000,2379.7104,14343.9201,62006.3228,-516001.6707,-437271.7174,-453995.3479
7727000,2369.1377,14404.7267,62344.6632,-516692.3352,-437573.80759999994,-454347.67199999996
7728000,2368.5882,14344.904,61841.6815,-516175.8194,-437620.6457,-454334.1379
7729000,2376.3825,14417.8815,62305.6423,-516640.213,-437540.30669999996,-454334.5707
7730000,2343.5378,14408.0226,61499.5768,-515694.5291,-437443.3919,-454194.9523
7731000,2376.9415,14385.1418,62076.2621,-516174.9846,-437336.63920000003,-454098.72250000003
7732000,2371.1134,14367.2717,61768.0017,-515709.0292,-437202.6424,-453941.02749999997
7733000,2371.6879,14351.4081,62010.6456,-515882.3476,-437148.60599999997,-453871.702
7734000,2377.2752,14286.0889,61957.3298,-515858.6532,-437237.9593,-453901.3234
7735000,2366.932,14318.6039,62521.0005,-516593.2645,-437386.7281,-454072.26399999997
7736000,2377.3322,14401.2345,61987.1684,-516544.7228,-437778.9877,-454557.55439999996
7737000,2358.0952,14397.0441,62235.1644,-516290.9105,-437300.6068,-454055.7461
7738000,2399.6702,14310.5581,62011.6643,-516434.1448,-437712.2522,-454422.4805
7739000,2364.9153,14393.6998,61738.3155,-515620.3559,-437123.4253,-453882.04040000006
7740000,2381.2377,14333.07,61356.2764,-515247.8044,-437177.22030000004,-453891.52800000005
7741000,2393.1064,14529.2397,61917.6869,-515900.7631,-437060.7301,-453983.0762
7742000,2395.3621,14425.9634,61663.9229,-515628.3282,-437143.0798,-453964.4053
7743000,2383.372,14398.8648,62163.1929,-516293.9856,-437348.55590000004,-454130.7927
7744000,2353.9953,14393.9533,62194.3777,-516517.5764,-437575.2501,-454323.1987
7745000,2357.0067,14396.8615,62111.8259,-516818.7317,-437953.0376,-454706.9058
7746000,2371.6813,14324.3943,61868.2571,-516242.6072,-437678.27450000006,-454374.35010000004
7747000,2383.2642,14297.2274,61956.8087,-515824.7663,-437187.466,-453867.9576
7748000,2370.5782,14299.7047,62678.4732,-516996.2117,-437647.4556,-454317.7385
7749000,2369.4519,14412.2428,61948.6025,-515692.1958,-436961.89859999996,-453743.5933
7750000,2380.9718,14274.9945,62121.356,-515807.8402,-437030.5179,-453686.48419999995
7751000,2393.5531,14396.1751,61634.426,-515919.5488,-437495.3946,-454285.1228
7752000,2382.7476,14385.8282,61822.7239,-515793.3291,-437202.0294,-453970.6052
7753000,2382.2613,14381.5519,61482.9065,-515733.491,-437486.77129999996,-454250.5845
7754000,2344.9539,14374.9541,62766.5676,-517635.6424,-438149.1668,-454869.0748
7755000,2398.9563,14433.8197,62471.5706,-517086.7742,-437782.4276,-454615.2036
7756000,2406.5564,14387.7044,62059.5154,-516759.7553,-437905.9791,-454700.23990000004
7757000,2366.9544,14333.1749,61727.1572,-515733.4477,-437306.16120000003,-454006.2905
7758000,2370.5465,14260.6619,61916.9462,-516355.4239,-437807.2693,-454438.4777
7759000,2378.8348,14426.7757,61963.5112,-516527.9535,-437758.8318,-454564.4423
7760000,2369.0759,14349.7468,61506.9517,-515408.2559,-437182.4815,-453901.3042
7761000,2402.5493,14334.081,62146.0926,-516483.327,-437600.6041,-454337.23439999996
7762000,2351.1979,14260.3398,62373.436,-516357.1985,-437372.22479999997,-453983.7625
7763000,2343.4755,14329.1472,62081.5325,-516777.9522,-438023.797,-454696.41969999997
7764000,2373.3622,14418.1174,62321.1341,-516527.4534,-437414.8397,-454206.3193
7765000,2406.0448,14322.9453,62112.6838,-516373.3342,-437531.6603,-454260.6504
7766000,2428.1151,14385.9797,61458.7574,-515380.1796,-437107.32739999995,-453921.4222
7767000,2380.6131,14308.3606,62125.2778,-516231.9883,-437417.7368,-454106.71050000004
7768000,2395.1738,14375.3926,61816.2176,-515946.0088,-437359.2248,-454129.7912
7769000,2344.2943,14260.1932,61678.1166,-515693.2658,-437410.6617,-454015.1492
7770000,2423.5125,14360.5022,62072.356,-515902.6518,-437046.2811,-453830.29579999996
7771000,2386.8127,14324.3782,62407.8136,-516624.2341,-437505.2296,-454216.4205
7772000,2401.0513,14310.3393,61810.155,-515836.8941,-437315.34849999996,-454026.7391
7773000,2349.8244,14365.979,61461.1647,-515441.8951,-437264.927,-453980.7304
7774000,2382.4059,14419.6906,62640.4586,-517102.1989,-437659.6438,-454461.7403
7775000,2354.1036,14210.5452,62331.1581,-517037.6813,-438141.8744,-454706.5232
7776000,2336.6052,14274.6716,61945.08,-516664.1329,-438107.7761,-454719.0529
7777000,2368.9368,14263.3356,61714.5344,-515751.2952,-437404.48840000003,-454036.7608
7778000,2392.578,14320.374,62244.0908,-516686.0725,-437729.0297,-454441.9817
7779000,2360.3978,14364.4805,62637.1931,-517674.3215,-438312.2501,-455037.12840000005
7780000,2371.5251,14350.3613,61958.6727,-516382.8055,-437702.2464,-454424.1328
7781000,2394.0934,14319.2463,61917.8128,-516417.3041,-437786.1516,-454499.4913
7782000,2374.1526,14349.8269,61659.3443,-516085.0455,-437701.7217,-454425.7012
7783000,2381.51,14295.3136,61979.693,-515955.1879,-437298.67130000005,-453975.49490000005
7784000,2383.4145,14258.6004,61949.9966,-515840.7987,-437248.7872,-453890.8021
7785000,2423.8625,14445.1955,61796.2349,-516264.6671,-437599.3742,-454468.43220000004
7786000,2376.1904,14357.9417,61898.5277,-516219.2163,-437586.55649999995,-454320.6886
7787000,2397.3427,14363.1914,61491.0393,-515609.611,-437358.0376,-454118.5717
7788000,2379.7857,14301.2376,61795.2876,-515617.5784,-437141.26749999996,-453822.2908
7789000,2375.2986,14401.7813,61854.4232,-515906.5171,-437275.01399999997,-454052.0939
7790000,2372.6088,14324.8661,61876.3788,-515720.6043,-437146.7506,-453844.2255
7791000,2372.7662,14218.9518,62366.9241,-516991.693,-438033.05090000003,-454624.7689
7792000,2373.4043,14419.1594,61614.5896,-516065.0966,-437657.9433,-454450.507
7793000,2373.34,14409.9315,61566.7921,-515433.5299,-437083.46630000003,-453866.7378
7794000,2386.1446,14369.1767,62063.2594,-516936.7505,-438118.16980000003,-454873.49110000004
7795000,2342.1342,14448.9525,61895.5483,-516222.3226,-437535.6876,-454326.7743
7796000,2356.6626,14263.0102,62119.6306,-516611.6164,-437872.31299999997,-454491.9858
7797000,2399.29,14354.4392,61901.4171,-515802.9926,-437147.8463,-453901.5755
7798000,2335.8073,14343.9978,61702.7233,-516254.8694,-437872.341,-454552.1461
7799000,2363.1628,14374.9597,62438.3605,-516766.5499,-437590.0669,-454328.1894
7800000,2389.532,14392.0572,62020.8133,-516247.7094,-437445.30689999997,-454226.8961
7801000,2372.9694,14363.8687,61839.6619,-515756.5337,-437180.0337,-453916.8718
7802000,2361.269,14418.9775,62247.0134,-516628.3138,-437601.0539,-454381.3004
7803000,2374.0745,14329.488,61792.4354,-516037.0891,-437541.09119999997,-454244.65369999997
7804000,2394.864,14531.2545,62431.3215,-517395.5773,-438038.1373,-454964.2558
7805000,2373.3304,14482.2987,62393.7,-516944.268,-437694.93889999995,-454550.56799999997
7806000,2358.6312,14415.8254,61297.9333,-515212.5813,-437140.1914,-453914.64800000004
7807000,2401.525,14318.5973,62040.441,-515914.5631,-437153.99980000005,-453874.12210000004
7808000,2372.9114,14363.5095,61692.6457,-515993.4879,-437564.4213,-454300.8422
7809000,2355.0304,14392.8259,61215.4832,-515340.7836,-437377.4441,-454125.3004
7810000,2396.6119,14316.3855,61297.6433,-515660.5017,-437649.86100000003,-454362.8584
7811000,2386.5775,14277.4659,61870.4998,-515931.7279,-437397.1847,-454061.2281
7812000,2373.2728,14355.1085,61963.042,-516376.8495,-437685.4262,-454413.8075
7813000,2379.1644,14285.9129,61992.5408,-515829.996,-437172.37789999996,-453837.45519999997
7814000,2393.7039,14407.4347,61766.9275,-515866.172,-437298.1059,-454099.24450000003
7815000,2390.3987,14407.2591,61656.1879,-515965.0249,-437511.1792,-454308.837
7816000,2386.6953,14440.9085,61783.7819,-516183.9225,-437572.5368,-454400.1406
7817000,2387.3014,14352.1499,61737.8198,-515747.9752,-437270.7041,-454010.1554
7818000,2409.2385,14337.5249,61811.6426,-515487.443,-436929.037,-453675.8004
7819000,2362.9857,14272.1721,62273.1832,-516585.8266,-437677.48559999996,-454312.64339999994
7820000,2383.4589,14299.6239,61804.8,-515309.0232,-436821.1404,-453504.2232
7821000,2355.1273,14316.6977,61928.0124,-516133.0558,-437533.21839999995,-454205.04339999997
7822000,2363.2448,14289.0656,61652.437,-515664.6993,-437359.9519,-454012.2623
7823000,2360.1714,14170.6862,61741.4283,-515434.624,-437162.3381,-453693.19570000004
7824000,2394.3952,14324.2642,62074.4999,-516115.4328,-437322.2735,-454040.9329
7825000,2396.6585,14248.5349,61722.9532,-516020.2438,-437652.09719999996,-454297.2906
7826000,2372.3097,14180.4381,62320.8608,-516732.1821,-437858.57349999994,-454411.32129999995
7827000,2353.2304,14267.3059,61947.7654,-517101.7707,-438533.469,-455154.0053
7828000,2366.5349,14275.0681,61866.0641,-516492.8372,-437985.1701,-454626.7731
7829000,2338.2236,14239.1984,61848.2755,-515592.8132,-437167.11569999997,-453744.5377
7830000,2399.4391,14203.4148,61853.7504,-515899.4416,-437442.8373,-454045.6912
7831000,2391.2004,14340.007,61653.4592,-515442.8643,-437058.1977,-453789.40510000003
7832000,2402.1064,14364.4224,62116.9204,-516394.8088,-437511.35959999997,-454277.8884
7833000,2412.8109,14343.2802,61588.057,-515743.2059,-437399.0578,-454155.14890000003
7834000,2368.9248,14221.0624,61620.2224,-515436.9267,-437226.7171,-453816.7043
7835000,2381.4909,14391.3628,61519.0489,-515686.5077,-437394.60510000004,-454167.4588
7836000,2411.2704,14377.7531,61948.0916,-516230.4362,-437493.3211,-454282.3446
7837000,2361.1096,14282.37,61889.9285,-515821.1374,-437287.7293,-453931.2089
7838000,2374.3825,14395.9897,61668.8268,-515746.1952,-437306.9962,-454077.36840000004
7839000,2417.9671,14378.5393,61842.7866,-515724.4851,-437085.1921,-453881.6985
7840000,2356.5838,14361.6231,61707.4631,-516185.8237,-437760.1537,-454478.3606
7841000,2367.7492,14264.6489,61409.4263,-515497.7577,-437455.93330000003,-454088.3314
7842000,2406.8454,14391.5374,61755.8797,-515837.1624,-437282.89989999996,-454081.2827
7843000,2385.9781,14214.6475,61575.0721,-516030.464,-437854.7663,-454455.3919
7844000,2378.6682,14333.9561,62055.6997,-516604.7648,-437836.4408,-454549.0651
7845000,2387.503,14358.26,62221.6583,-516367.9349,-437400.5136,-454146.2766
7846000,2377.5432,14275.661,61923.018,-515778.207,-437201.9848,-453855.189
7847000,2381.8312,14325.6494,61844.8477,-515952.5589,-437400.2306,-454107.7112
7848000,2420.274,14303.1815,62086.2313,-516424.3492,-437614.66240000003,-454338.1179
7849000,2402.6239,14280.6448,62191.7033,-516567.914,-437692.942,-454376.2107
7850000,2356.2265,14324.5306,62116.2623,-516890.8125,-438093.7931,-454774.5502
7851000,2386.5268,14435.0709,62076.0927,-516707.4205,-437809.7301,-454631.3278
7852000,2388.821,14304.414,62179.3197,-516790.802,-437918.24730000005,-454611.48230000003
7853000,2387.8109,14288.7925,62465.1042,-516722.944,-437581.23640000005,-454257.8398
7854000,2374.4885,14274.1141,62619.4316,-517013.2485,-437745.2143,-454393.8169
7855000,2362.2714,14344.2158,62180.9979,-516793.5487,-437906.0636,-454612.55079999997
7856000,2392.2895,14269.3089,61193.1264,-515228.2604,-437373.53560000006,-454035.134
7857000,2366.0996,14356.1001,61847.8328,-516004.1945,-437434.162,-454156.3617
7858000,2391.9527,14285.9189,61734.2359,-516428.5282,-438016.4207,-454694.2923
7859000,2376.5403,14315.1511,62328.2632,-516442.1752,-437422.2206,-454113.912
7860000,2340.5386,14268.517,62507.8866,-517098.4698,-437981.52760000003,-454590.5832
7861000,2380.3359,14279.7889,61617.9,-515874.2823,-437596.2575,-454256.3823
7862000,2338.0844,14387.3564,62047.3629,-516095.2492,-437322.44550000003,-454047.8863
7863000,2360.7602,14351.9016,61483.2362,-516053.4358,-437857.5378,-454570.1996
7864000,2375.5466,14379.8327,61623.1212,-515679.8907,-437301.3902,-454056.7695
7865000,2368.1619,14316.5456,61710.1105,-515656.0161,-437261.19810000004,-453945.9056
7866000,2363.1271,14348.0979,61984.8601,-516591.8972,-437895.8121,-454607.0371
7867000,2385.5114,14222.8428,62925.8871,-517512.0896,-437977.8483,-454586.2025
7868000,2363.7677,14372.7213,61834.2715,-516094.565,-437523.80449999997,-454260.2935
7869000,2397.2972,14296.5156,62079.9053,-516308.7321,-437535.014,-454228.82680000004
7870000,2353.9629,14172.6341,62113.164,-516245.8243,-437606.0633,-454132.6603
7871000,2370.2067,14307.2381,61763.2631,-515694.5965,-437253.8886,-453931.3334
7872000,2347.5539,14298.9723,62150.629,-516405.3881,-437608.23289999994,-454254.75909999997
7873000,2420.9551,14256.2315,62015.9813,-516461.3052,-437768.1373,-454445.3239
7874000,2362.1543,14343.45,61398.9737,-515367.441,-437262.863,-453968.4673
7875000,2369.5142,14283.3018,61849.0448,-515274.275,-436772.4142,-453425.2302
7876000,2411.6214,14321.875,62041.4534,-516056.4219,-437281.4721,-454014.9685
7877000,2356.5257,14338.9385,61991.5068,-516182.5914,-437495.62039999996,-454191.08459999994
7878000,2389.0151,14370.5293,61673.8667,-515849.647,-437416.23589999997,-454175.7803
7879000,2368.4386,14364.0181,62079.76,-516918.9148,-438106.69810000004,-454839.1548
7880000,2376.2828,14278.3812,61670.1491,-516057.7208,-437732.9077,-454387.57170000003
7881000,2346.2179,14228.3774,62216.3005,-516067.4782,-437276.5824,-453851.1777
7882000,2380.0567,14252.6699,61843.5603,-516237.4179,-437761.131,-454393.8576
7883000,2359.965,14291.1761,62025.0148,-516007.2671,-437331.1112,-453982.2523
7884000,2376.9313,14340.9461,62162.1437,-517191.6623,-438311.6412,-455029.5186
7885000,2393.0569,14201.4087,62016.5583,-515795.5145,-437184.4906,-453778.9562
7886000,2404.6997,14385.8422,62021.1301,-516734.7347,-437923.06269999995,-454713.60459999996
7887000,2392.0811,14254.5093,62104.8791,-516542.7688,-437791.2993,-454437.8897
7888000,2399.363,14342.4402,61634.5612,-515660.6671,-437284.3027,-454026.1059
7889000,2402.8147,14241.8808,62242.1483,-517127.5764,-438240.7326,-454885.4281
7890000,2357.362,14320.6882,61882.1236,-516421.1179,-437860.9441,-454538.9943
7891000,2355.816,14305.3895,61698.4243,-515773.9532,-437414.3234,-454075.5289
7892000,2380.1594,14310.9214,62130.5965,-516732.5337,-437910.85640000005,-454601.93720000004
7893000,2369.9675,14397.5652,61834.9974,-516352.6342,-437750.1041,-454517.6368
7894000,2383.7807,14373.0926,61888.5449,-516224.2957,-437578.8775,-454335.75080000004
7895000,2401.2413,14346.2838,62276.9217,-516105.219,-437080.7722,-453828.2973
7896000,2342.9725,14197.1393,62153.7756,-516859.2302,-438165.3428,-454705.4546
7897000,2394.5399,14305.8762,62185.1857,-517234.7829,-438349.1811,-455049.59719999996
7898000,2339.9446,14298.3443,62709.1009,-517129.4666,-437782.0768,-454420.36569999997
7899000,2350.8225,14337.6973,62046.8224,-516372.2096,-437636.8674,-454325.3872
7900000,2360.4128,14359.6676,62200.0449,-516078.7234,-437158.5981,-453878.67850000004
7901000,2387.6839,14362.6608,62143.4956,-516579.0558,-437685.21549999993,-454435.56019999995
7902000,2416.3911,14308.3284,62032.9365,-516167.1092,-437409.4532,-454134.1727
7903000,2393.8817,14314.8125,62184.4609,-516423.5019,-437530.34679999994,-454239.04099999997
7904000,2398.9298,14349.2915,61340.3922,-515163.1097,-437074.49619999994,-453822.71749999997
7905000,2357.0421,14280.8927,61429.6523,-514802.739,-436735.1519,-453373.0867
7906000,2361.9639,14382.1446,62191.1191,-516270.6304,-437335.40280000004,-454079.5113
7907000,2365.7388,14379.9477,62097.5016,-516248.8639,-437405.67579999997,-454151.3623
7908000,2344.0353,14345.2655,61868.8095,-515688.3346,-437130.2243,-453819.52509999997
7909000,2364.3487,14338.4408,62253.0222,-516762.3402,-437806.5285,-454509.31799999997
7910000,2363.035,14370.6258,62083.1385,-516110.6301,-437293.8308,-454027.4916
7911000,2379.1041,14324.6327,62094.348,-516549.2896,-437751.2048,-454454.9416
7912000,2386.4734,14295.6136,61457.4255,-515827.6201,-437688.1076,-454370.1946
7913000,2328.2732,14256.1946,61755.108,-515549.6704,-437210.0946,-453794.5624
7914000,2375.8836,14331.8087,61620.5388,-515941.6645,-437613.4334,-454321.12570000003
7915000,2392.2479,14352.1048,62143.7853,-516314.4221,-437426.28410000005,-454170.63680000004
7916000,2443.8582,14325.3976,61632.6072,-515625.4841,-437223.6211,-453992.87690000003
7917000,2362.4162,14286.2826,61358.4568,-515320.812,-437313.6564,-453962.3552
7918000,2390.7418,14360.0331,62025.8614,-515899.9721,-437123.3358,-453874.1107
7919000,2370.0792,14352.6983,62365.5574,-516870.8816,-437782.5467,-454505.32420000003
7920000,2413.3436,14361.2162,61701.9637,-516182.6964,-437706.1729,-454480.7327
7921000,2359.1602,14409.8573,62825.4798,-517203.0044,-437608.5071,-454377.5246
7922000,2367.6542,14360.7006,61761.469,-516183.5264,-437693.70259999996,-454422.0574
7923000,2388.166,14322.5715,62148.6721,-516513.7185,-437654.3089,-454365.0464
7924000,2371.4529,14314.805,62013.9669,-516448.0768,-437747.85199999996,-454434.1099
7925000,2373.8254,14396.3516,62752.3647,-516991.6799,-437469.1382,-454239.3152
7926000,2401.2335,14303.4385,62049.7389,-516573.1901,-437818.7792,-454523.4512
7927000,2418.515,14270.6557,61742.8958,-516066.8232,-437634.75669999997,-454323.9274
7928000,2344.3689,14297.9386,61910.9324,-515367.5814,-436814.34150000004,-453456.64900000003
7929000,2375.7747,14345.4672,61520.2902,-515028.63,-436787.0979,-453508.3398
7930000,2378.2641,14397.4984,62070.5075,-516228.1353,-437381.8653,-454157.6278
7931000,2429.5867,14407.6167,61639.692,-516057.3208,-437580.42539999995,-454417.6288
7932000,2374.5044,14425.5266,62243.046,-516976.35,-437933.273,-454733.304
7933000,2390.1849,14343.0088,61899.6126,-515876.4079,-437243.6016,-453976.7953
7934000,2389.7382,14397.6963,61763.3594,-515956.0514,-437405.2575,-454192.692
7935000,2371.6207,14415.5956,61663.3766,-515948.8686,-437498.2757,-454285.49199999997
7936000,2365.3062,14297.3125,62120.9762,-516304.7974,-437521.2025,-454183.8212
7937000,2390.8778,14422.5138,61472.5957,-516038.3302,-437752.34290000005,-454565.7345
7938000,2393.6609,14351.6321,61862.0088,-516272.9868,-437665.685,-454410.978
7939000,2366.9699,14329.7276,61874.2509,-516181.3673,-437610.4189,-454307.1164
7940000,2407.4585,14326.3931,62021.2005,-516276.1409,-437521.0888,-454254.9404
7941000,2400.0358,14300.5724,62077.8104,-516374.4273,-437596.0087,-454296.61689999996
7942000,2392.931,14470.4377,61832.1803,-516043.101,-437347.552,-454210.9207
7943000,2364.354,14431.557,62294.2535,-516805.9267,-437715.7622,-454511.6732
7944000,2340.8453,14279.2957,62308.2575,-516376.2185,-437447.82,-454067.961
7945000,2337.2459,14351.9813,61700.0504,-515867.6247,-437478.3471,-454167.5743
7946000,2376.4066,14306.7954,62379.6486,-516846.6979,-437783.8473,-454467.0493
7947000,2380.8537,14266.4498,61884.5266,-516102.7705,-437570.94039999996,-454218.2439
7948000,2384.3473,14309.7648,62006.428,-515632.2253,-436931.6852,-453625.7973
7949000,2333.8635,14226.3111,61476.8831,-515296.3926,-437259.3349,-453819.50950000004
7950000,2362.9325,14330.9652,61749.3763,-516137.1618,-437693.8878,-454387.7855
7951000,2340.8214,14270.8718,62195.4245,-516559.3124,-437752.1947,-454363.8879
7952000,2383.2135,14200.2683,62258.8926,-516319.2007,-437476.82629999996,-454060.30809999997
7953000,2367.3632,14282.5181,61732.872,-516366.8725,-437984.11919999996,-454634.00049999997
7954000,2415.8167,14355.3023,61521.7582,-515326.1985,-437033.3213,-453804.4403
7955000,2366.1006,14356.7387,62087.6964,-517206.2787,-438395.743,-455118.5823
7956000,2332.2538,14235.163,61772.9734,-515579.9223,-437239.53209999995,-453806.94889999996
7957000,2354.9143,14314.4818,61642.8223,-515565.0247,-437252.8063,-453922.2024
7958000,2400.688,14338.5011,62108.8135,-516745.1856,-437897.183,-454636.37210000004
7959000,2402.0237,14410.3381,61746.664,-515951.7049,-437392.6791,-454205.0409
7960000,2366.1713,14280.1121,62290.88,-516449.207,-437512.0436,-454158.327
7961000,2387.3518,14312.3329,62163.0208,-516315.5545,-437452.84900000005,-454152.5337
7962000,2401.3089,14334.582,62116.3248,-516565.8027,-437713.587,-454449.4779
7963000,2374.8542,14269.3749,62134.132,-516481.5492,-437703.1881,-454347.4172
7964000,2360.7824,14354.7453,62122.6036,-516320.7532,-437482.62189999997,-454198.1496
7965000,2384.0354,14290.7011,62091.313,-516165.9711,-437399.9216,-454074.6581
7966000,2386.8588,14382.2849,61825.4144,-516359.7943,-437765.23620000004,-454534.3799
7967000,2347.263,14348.0966,62401.6213,-516486.9756,-437389.99470000004,-454085.3543
7968000,2362.4166,14247.6145,62118.3262,-516261.5719,-437533.21459999995,-454143.24569999997
7969000,2332.8131,14299.9099,61887.451,-516162.7685,-437642.5945,-454275.3175
7970000,2410.0595,14365.2304,61836.4514,-517109.2803,-438497.539,-455272.82889999996
7971000,2354.3877,14355.3464,61957.865,-516417.8514,-437750.2523,-454459.9864
7972000,2375.747,14126.8525,62282.1896,-516504.8882,-437720.0991,-454222.6986
7973000,2371.2299,14296.2858,62038.6436,-516642.8046,-437936.6453,-454604.16099999996
7974000,2374.9309,14251.9671,61895.4537,-515892.8998,-437370.5481,-453997.4461
7975000,2377.5963,14371.2625,62072.6149,-516264.8327,-437443.35900000005,-454192.21780000004
7976000,2390.0928,14338.5445,61785.9755,-515838.8506,-437324.2378,-454052.8751
7977000,2355.9603,14338.5102,61596.1867,-515317.5219,-437026.8647,-453721.3352
7978000,2391.7093,14383.7759,61592.7955,-516536.4191,-438168.1384,-454943.6236
7979000,2389.9535,14299.0559,61977.8147,-517039.3618,-438372.5377,-455061.5471
7980000,2365.2827,14325.2766,61697.7853,-515853.6771,-437465.33249999996,-454155.8918
7981000,2391.8965,14347.9213,62801.9745,-518370.8355,-438829.04319999996,-455568.861
7982000,2363.7902,14280.9856,62057.9124,-516168.2964,-437465.6082,-454110.38399999996
7983000,2388.0986,14297.3,61791.191,-516061.54,-437584.9504,-454270.349
7984000,2358.5235,14217.8907,62104.0326,-516404.7147,-437724.2679,-454300.68210000003
7985000,2368.9154,14231.1463,61681.7847,-515891.7346,-437609.88820000004,-454209.9499
7986000,2356.1548,14303.5056,61946.7966,-515840.8816,-437234.4246,-453894.085
7987000,2364.2916,14303.5644,61891.4604,-515583.9371,-437024.62069999997,-453692.4767
7988000,2368.6558,14339.2809,62196.491,-516745.6942,-437841.2665,-454549.20320000005
7989000,2349.0979,14339.9168,61738.3944,-515610.6849,-437183.2758,-453872.2905
7990000,2368.9886,14317.4156,62558.5957,-516760.7775,-437515.77760000003,-454202.1818
7991000,2390.3823,14286.118,61981.3878,-516067.9638,-437410.07570000004,-454086.576
7992000,2371.9881,14417.3296,62375.7367,-517097.7365,-437932.6821,-454721.9998
7993000,2382.985,14363.9742,61982.4698,-516568.3886,-437838.9596,-454585.9188
7994000,2382.7678,14261.8611,61897.8081,-516476.7716,-437934.33459999994,-454578.96349999995
7995000,2390.697,14290.4183,61937.3879,-516213.1589,-437594.6557,-454275.77099999995
7996000,2396.8964,14430.9196,61928.7559,-516446.2035,-437689.6316,-454517.4476
7997000,2376.434,14377.932,62168.293,-516219.0075,-437296.3485,-454050.7145
7998000,2400.5552,14276.0614,62034.2601,-516304.1063,-437593.22959999996,-454269.84619999997
7999000,2364.0734,14274.7654,62093.1554,-516502.8361,-437770.8419,-454409.6807
8000000,2371.8403,14331.7074,62104.6434,-516648.8491,-437840.658,-454544.2057
8001000,2399.3998,14336.8853,62487.7495,-516659.748,-437435.7134,-454171.99850000005
8002000,2383.6882,14308.1117,62293.226,-516198.1858,-437213.15989999997,-453904.95979999995
8003000,2383.7269,14282.3348,61754.009,-515938.9041,-437518.8334,-454184.89509999997
8004000,2362.6807,14298.1164,61720.5498,-515859.4709,-437478.124,-454138.92110000004
8005000,2389.9174,14376.2037,62135.015,-516927.7298,-438026.59369999997,-454792.71479999996
8006000,2364.0728,14310.4296,62315.4341,-516355.0897,-437365.1532,-454039.6556
8007000,2364.2386,14273.6133,61892.792,-515508.4369,-436977.79299999995,-453615.64489999996
8008000,2378.1259,14319.7242,61723.8667,-515977.7229,-437556.0061,-454253.8562
8009000,2389.2809,14328.5495,62216.069,-516561.6236,-437627.7242,-454345.5546
8010000,2388.3836,14381.2688,61961.8453,-517017.5532,-438286.0555,-455055.70790000004
8011000,2322.6651,14308.5516,62439.9546,-516739.3363,-437668.16500000004,-454299.3817
8012000,2360.1921,14246.3098,61882.786,-515553.0906,-437063.8027,-453670.3046
8013000,2359.2043,14284.6832,61474.241,-514691.5765,-436573.44800000003,-453217.33550000004
8014000,2374.2761,14330.82,62031.3044,-516357.824,-437621.42350000003,-454326.5196
8015000,2379.8672,14324.0781,61926.2249,-515813.0552,-437182.885,-453886.83030000003
8016000,2387.5971,14303.2163,62051.7706,-516132.0274,-437389.4434,-454080.25680000003
8017000,2377.445,14283.5558,61885.9997,-516804.0296,-438257.02910000004,-454918.0299
8018000,2373.2312,14302.371,61297.9537,-514914.2105,-436940.6546,-453616.2568
8019000,2379.0338,14302.4604,61753.5719,-515878.9315,-437443.8654,-454125.3596
8020000,2363.448,14353.1697,62003.556,-516791.496,-438071.3223,-454787.94
8021000,2393.4958,14335.5421,62259.7273,-516453.5446,-437464.7794,-454193.8173
8022000,2386.6146,14298.6944,62132.7847,-516873.6915,-438055.5978,-454740.9068
8023000,2366.2858,14329.9252,61942.3356,-516261.8981,-437623.3515,-454319.5625
8024000,2382.6879,14357.2616,62314.9172,-516735.2526,-437680.3859,-454420.3354
8025000,2359.1728,14294.431,62103.4857,-516380.9308,-437623.8413,-454277.44509999995
8026000,2381.5835,14397.2024,61977.1231,-516026.9675,-437271.05850000004,-454049.84440000006
8027000,2355.1298,14312.0373,62428.79,-516201.841,-437105.8839,-453773.05100000004
8028000,2374.9634,14346.386,62311.3517,-516262.7796,-437230.0785,-453951.4279
8029000,2405.744,14385.5268,61872.9797,-516341.8688,-437677.6183,-454468.8891
8030000,2398.948,14291.7664,62010.5022,-516288.9262,-437587.7096,-454278.424
8031000,2418.6876,14334.3917,61914.5132,-515917.0257,-437249.43319999997,-454002.5125
8032000,2391.3494,14360.8408,61932.3918,-516671.0039,-437986.4219,-454738.6121
8033000,2389.3281,14326.1331,61886.4482,-516059.7909,-437457.8815,-454173.34270000004
8034000,2414.8267,14434.1982,62601.5729,-517124.1086,-437673.5108,-454522.5357
8035000,2382.8792,14403.68,61896.2248,-516174.3888,-437491.60480000003,-454278.164
8036000,2418.2558,14427.1953,62236.873,-516668.8349,-437586.51080000005,-454431.9619
8037000,2339.7703,14251.3702,62292.8363,-516247.1228,-437363.146,-453954.2865
8038000,2388.8417,14384.3845,61975.1809,-516172.1768,-437423.7697,-454196.99590000004
8039000,2350.0645,14223.1997,62490.457,-516684.4375,-437620.7163,-454193.9805
8040000,2372.4022,14320.3742,62000.5913,-516021.4841,-437328.1164,-454020.89280000003
8041000,2388.7981,14236.6001,62088.9867,-516476.1699,-437761.785,-454387.18319999997
8042000,2366.3903,14243.6486,61886.1354,-516134.8014,-437638.6271,-454248.66599999997
8043000,2362.3432,14396.1033,62225.3207,-517031.6256,-438047.8584,-454806.30490000005
8044000,2316.718,14188.293,62180.914,-515971.1747,-437285.2497,-453790.2607
8045000,2369.3921,14278.0483,62037.8075,-515647.7875,-436962.53959999996,-453609.98
8046000,2375.6948,14424.7946,61948.9067,-516060.1544,-437310.7583,-454111.2477
8047000,2371.5203,14277.2526,62069.7717,-516501.4731,-437782.92850000004,-454431.7014
8048000,2366.5835,14308.7832,61887.5619,-515432.1747,-436869.2461,-453544.6128
8049000,2400.8751,14418.85,61739.6165,-516202.5447,-437643.20310000004,-454462.9282
8050000,2391.0416,14402.1975,61922.0543,-515950.0765,-437234.7831,-454028.0222
8051000,2385.2599,14412.6408,61799.1992,-515759.2566,-437162.15670000005,-453960.05740000005
8052000,2365.5826,14315.8447,61737.5503,-515716.874,-437297.8964,-453979.3237
8053000,2379.9554,14299.7636,62489.0283,-516776.7835,-437608.03620000003,-454287.7552
8054000,2387.1839,14330.0957,62044.5326,-516508.0643,-437746.25210000004,-454463.53170000005
8055000,2354.1433,14342.9591,61827.8859,-515959.8651,-437434.87679999997,-454131.9792
8056000,2323.1301,14292.7199,61481.7976,-515748.5374,-437650.8898,-454266.7398
8057000,2388.0091,14312.8425,61831.0399,-515508.1896,-436976.2981,-453677.14969999995
8058000,2365.8935,14449.002,62322.1375,-516941.3032,-437804.2702,-454619.1657
8059000,2380.6581,14470.8938,62221.2682,-516552.4444,-437479.62429999997,-454331.1762
8060000,2366.1287,14405.357,62752.4635,-517257.8673,-437733.9181,-454505.4038
8061000,2347.1531,14312.948,62054.6943,-517607.6664,-438892.871,-455552.9721
8062000,2381.5525,14331.7142,61862.3596,-515894.2937,-437318.6674,-454031.93409999995
8063000,2400.3259,14465.5079,61998.5123,-515806.5494,-436942.20330000005,-453808.0371
8064000,2350.5403,14306.8384,62492.911,-516709.5917,-437559.302,-454216.68069999997
8065000,2368.2819,14276.7234,61492.5957,-515163.0747,-437025.4737,-453670.479
8066000,2379.1629,14328.2934,61756.9332,-515545.5052,-437081.1157,-453788.57200000004
8067000,2400.1332,14265.1823,61660.9472,-515317.9892,-436991.7265,-453657.042
8068000,2373.1514,14243.0117,61422.8824,-515557.0156,-437517.9701,-454134.1332
8069000,2390.9085,14313.47,62213.0046,-516525.2324,-437607.8493,-454312.2278
8070000,2366.7499,14356.1423,62156.4386,-516672.0289,-437792.6981,-454515.5903
8071000,2388.5046,14309.457,62362.3285,-517242.9358,-438182.6457,-454880.6073
8072000,2387.7201,14283.6692,62219.6173,-517110.7235,-438219.7169,-454891.10620000004
8073000,2358.4903,14311.7313,61616.4547,-515881.7994,-437595.1231,-454265.3447
8074000,2352.9103,14245.9338,61560.2602,-515498.8711,-437339.7668,-453938.61089999997
8075000,2374.9886,14234.951,62219.9125,-516440.1288,-437610.27670000005,-454220.21630000003
8076000,2378.3897,14263.077,62107.5884,-516961.1243,-438212.0692,-454853.5359
8077000,2397.6194,14208.1759,62227.2581,-516285.5733,-437452.51989999996,-454058.3152
8078000,2380.2851,14262.3602,61937.3735,-516397.0854,-437817.06659999996,-454459.7119
8079000,2381.5525,14301.8937,62219.4869,-517397.9303,-438494.9972,-455178.4434
8080000,2363.8831,14258.6896,62114.8699,-516701.9874,-437964.5448,-454587.1175
8081000,2401.8188,14399.8503,62191.4129,-516395.6808,-437402.5988,-454204.2679
8082000,2379.9393,14383.8482,61780.4598,-515902.5368,-437358.2895,-454122.077
8083000,2368.2742,14349.6746,61994.3435,-516555.2165,-437842.9242,-454560.87299999996
8084000,2320.6353,14104.4574,62161.9994,-516365.8884,-437778.7963,-454203.88899999997
8085000,2365.8088,14265.2267,61823.2813,-515613.9526,-437159.63580000005,-453790.67130000005
8086000,2326.7964,14378.2147,62324.617,-517412.6351,-438383.007,-455088.0181
8087000,2345.406,14288.7017,62144.7536,-516961.123,-438182.26170000003,-454816.3694
8088000,2353.0721,14428.3024,61345.2338,-515177.7831,-437051.1748,-453832.5493
8089000,2383.7155,14390.7134,62252.8673,-516754.5875,-437727.29130000004,-454501.72020000004
8090000,2391.8219,14360.8406,62210.9064,-516814.0958,-437850.5269,-454603.18940000003
8091000,2377.7949,14366.8803,61999.6315,-516214.6048,-437470.29809999996,-454214.97329999995
8092000,2389.4176,14251.4475,61370.9136,-516142.8938,-438131.11510000005,-454771.9802
8093000,2365.6973,14289.4154,61193.6972,-515260.2341,-437411.4242,-454066.5369
8094000,2328.2099,14357.4694,62238.9267,-516007.103,-437082.497,-453768.1763
8095000,2372.2812,14316.5509,61861.8515,-516286.0799,-437735.3963,-454424.2284
8096000,2359.5012,14405.8306,62385.96,-517538.6318,-438387.33999999997,-455152.67179999995
8097000,2376.9327,14269.0535,62470.0419,-517436.5234,-438320.4953,-454966.4815
8098000,2366.1555,14302.2615,61386.2242,-515539.515,-437484.8738,-454153.2908
8099000,2360.8347,14390.0814,61939.7138,-516444.7651,-437754.1352,-454505.05130000005
8100000,2384.8215,14363.6346,62186.7685,-516334.274,-437399.04939999996,-454147.50549999997
8101000,2360.29,14323.4533,62098.1598,-516324.4007,-437542.4976,-454226.2409
8102000,2380.8204,14292.9568,62132.3479,-516224.8364,-437418.71129999997,-454092.4885
8103000,2384.2079,14357.3342,61365.8547,-515396.3733,-437288.9765,-454030.51859999995
8104000,2366.577,14360.4365,61971.006,-515961.0231,-437263.0036,-453990.0171
8105000,2387.2304,14271.1774,61845.3684,-516418.6931,-437914.91689999995,-454573.3247
8106000,2379.919,14347.153,62772.5947,-517369.1925,-437869.5258,-454596.5978
8107000,2424.1438,14363.3459,62625.9533,-516838.9202,-437425.47719999996,-454212.9669
8108000,2386.8316,14414.8885,61411.5706,-515172.0316,-436958.7409,-453760.461
8109000,2404.514,14385.0682,61761.2734,-515738.2995,-437187.4439,-453977.0261
8110000,2358.252,14220.5305,62260.4587,-516425.74,-437586.4988,-454165.2813
8111000,2399.2787,14343.8939,62389.4054,-516355.1313,-437222.5533,-453965.7259
8112000,2381.1778,14351.5353,62063.4917,-516464.3106,-437668.1058,-454400.8189
8113000,2416.9137,14288.8326,61546.4106,-515325.5484,-437073.3915,-453779.1378
8114000,2399.7271,14372.3168,62109.0937,-516261.0384,-437379.9008,-454151.9447
8115000,2384.635,14322.7462,61675.1965,-515605.5556,-437222.97790000006,-453930.3591
8116000,2394.9359,14423.2221,62529.6593,-517663.6887,-438315.8714,-455134.0294
8117000,2367.7084,14304.2052,62164.5408,-516348.5639,-437512.1095,-454184.0231
8118000,2367.1928,14316.7182,61912.4404,-516087.8761,-437491.5247,-454175.4357
8119000,2362.994,14313.7862,62059.5036,-516263.5325,-437527.2487,-454204.0289
8120000,2396.336,14416.64,61928.3447,-516493.3038,-437751.9831,-454564.9591
8121000,2394.2321,14367.1156,62561.3659,-516837.4143,-437514.70070000004,-454276.0484
8122000,2353.7901,14351.5041,62527.9783,-517164.8468,-437931.5743,-454636.8685
8123000,2366.9264,14289.5637,62186.0614,-516476.5579,-437634.0064,-454290.4965
8124000,2392.6657,14366.8893,61851.5618,-515715.3275,-437104.2107,-453863.7657
8125000,2390.702,14372.9518,62182.3687,-517229.4879,-438283.4654,-455047.1192
8126000,2373.8628,14273.2277,62037.0157,-516194.4601,-437510.3539,-454157.44440000004
8127000,2393.3742,14376.8311,61877.7608,-516055.9148,-437407.94870000007,-454178.15400000004
8128000,2347.1317,14402.788,61747.5183,-515586.2048,-437088.7668,-453838.6865
8129000,2363.834,14481.4333,61839.5966,-515458.9037,-436774.0398,-453619.30710000003
8130000,2377.1171,14332.1173,62116.7083,-516587.7365,-437761.7938,-454471.0282
8131000,2391.9575,14327.1277,62670.3933,-517419.2342,-438029.7557,-454748.8409
8132000,2396.7085,14311.6154,61469.9625,-516011.374,-437833.0876,-454541.4115
8133000,2363.9111,14369.0505,61996.8608,-516499.2263,-437769.4039,-454502.36549999996
8134000,2354.5111,14211.1222,61627.282,-515799.1474,-437606.2321,-454171.8654
8135000,2379.2572,14377.3643,62261.041,-516029.4893,-437011.82680000004,-453768.44830000005
8136000,2390.6705,14291.6921,61561.7701,-515552.1561,-437308.0234,-453990.386
8137000,2321.4229,14317.9186,61573.9849,-515934.6725,-437721.34609999997,-454360.6876
8138000,2343.3098,14298.2974,61882.2828,-515570.8647,-437046.97469999996,-453688.5819
8139000,2343.5083,14299.7781,62263.7395,-516920.6462,-438013.6203,-454656.9067
8140000,2377.1652,14307.3479,62227.4081,-516539.5171,-437627.5959,-454312.109
8141000,2346.1571,14380.7097,62578.6375,-517138.7191,-437833.21479999996,-454560.0816
8142000,2348.8583,14356.1138,62158.822,-516692.3285,-437828.5344,-454533.5065
8143000,2410.2251,14473.5421,62126.9317,-516899.2018,-437888.50289999996,-454772.27009999997
8144000,2357.561,14403.5705,61739.9608,-516397.1519,-437896.0596,-454657.1911
8145000,2399.2658,14374.6061,61791.4346,-515790.9295,-437225.623,-453999.49490000005
8146000,2374.748,14333.7341,62239.7595,-516966.406,-438018.1644,-454726.64650000003
8147000,2377.1183,14336.3547,62055.9824,-517015.7193,-438246.2639,-454959.7369
8148000,2388.244,14457.5963,61905.3245,-516524.4609,-437773.29610000004,-454619.1364
8149000,2371.9902,14361.223,61960.2173,-516209.5495,-437516.11900000006,-454249.3322
8150000,2395.3652,14246.9194,62316.3411,-516465.1181,-437506.4924,-454148.777
8151000,2394.8401,14378.4245,61582.1353,-515759.5529,-437404.153,-454177.4176
8152000,2384.4137,14343.687,61905.7258,-515316.7144,-436682.8879,-453410.9886
8153000,2356.3783,14366.656,62609.612,-516735.1315,-437402.4852,-454125.5195
8154000,2353.9326,14372.0131,62516.0709,-516916.644,-437674.6274,-454400.5731
8155000,2391.0203,14304.8155,62126.9576,-515695.0446,-436872.25120000006,-453568.087
8156000,2383.1184,14303.4491,61861.3852,-516237.1779,-437689.2252,-454375.7927
8157000,2356.1661,14372.3745,62173.6053,-516464.2316,-437562.0857,-454290.6263
8158000,2393.0414,14301.7581,62223.2047,-516738.9123,-437820.9081,-454515.7076
8159000,2354.0767,14335.4766,61900.883,-515858.8042,-437268.3679,-453957.9212
8160000,2357.2646,14445.8081,61667.8885,-515835.2097,-437364.2485,-454167.3212
8161000,2395.3245,14354.3549,61794.2968,-515755.299,-437211.32279999997,-453961.0022
8162000,2388.5122,14387.7379,61809.9393,-516569.3487,-437983.15929999994,-454759.4094
8163000,2383.6026,14319.6834,61486.3696,-516018.7004,-437829.0448,-454532.3308
8164000,2374.7824,14368.7077,62499.8396,-517476.2498,-438232.9201,-454976.4102
8165000,2412.7562,14406.8208,62045.9244,-517150.5533,-438285.0519,-455104.6289
8166000,2388.8621,14414.4172,62162.7241,-517087.2143,-438121.2109,-454924.4902
8167000,2365.4609,14373.9221,62235.5672,-517083.7324,-438108.7822,-454848.1652
8168000,2380.8095,14368.5701,62190.9623,-517275.31,-438334.9681,-455084.3477
8169000,2351.6943,14336.4858,62481.9367,-517190.3015,-438020.1847,-454708.3648
8170000,2356.0586,14271.1998,61717.7266,-515426.9593,-437081.9743,-453709.2327
8171000,2399.5146,14315.7277,61852.7297,-516495.3589,-437927.3869,-454642.62919999997
8172000,2385.2307,14312.5247,62063.6007,-516795.3571,-438034.00100000005,-454731.7564
8173000,2385.9647,14367.8045,61640.2005,-515699.4108,-437305.4411,-454059.21030000004
8174000,2401.5535,14429.4316,62362.4901,-517361.4104,-438167.9352,-454998.9203
8175000,2404.1337,14302.2489,61963.3513,-516961.6252,-438291.8913,-454998.27390000003
8176000,2382.5642,14363.0544,61545.4642,-515479.3639,-437188.2811,-453933.8997
8177000,2375.3733,14377.8182,61918.2115,-516051.266,-437379.863,-454133.0545
8178000,2372.4942,14327.1883,61746.0501,-515948.5642,-437502.83160000003,-454202.51410000003
8179000,2399.5147,14316.7964,62412.0552,-516548.3617,-437419.9954,-454136.3065
8180000,2389.0571,14286.3046,62080.9033,-516054.5078,-437298.2428,-453973.6045
8181000,2364.5595,14350.3772,62162.7547,-516111.622,-437233.93059999996,-453948.8673
8182000,2368.4899,14353.0048,62101.2551,-516455.8666,-437633.1168,-454354.6115
8183000,2375.1446,14389.5127,61358.0567,-515021.1371,-436898.4231,-453663.0804
8184000,2363.4184,14511.2097,62177.2588,-516807.9422,-437756.0553,-454630.6834
8185000,2369.9216,14336.4945,62001.3548,-516476.2993,-437768.5284,-454474.9445
8186000,2395.7018,14330.4797,61863.4554,-515539.7734,-436950.1365,-453676.318
8187000,2357.5288,14376.5951,61743.2404,-516036.9879,-437559.6236,-454293.7475
8188000,2395.8904,14307.7054,62087.0022,-516666.5747,-437875.9767,-454579.5725
8189000,2390.2369,14299.7805,62055.3349,-517031.4752,-438286.12289999996,-454976.14029999997
8190000,2358.6313,14325.1001,62203.7314,-516407.4865,-437520.0237,-454203.7551
8191000,2370.3923,14478.8292,62108.9864,-516465.2606,-437507.0527,-454356.2742
8192000,2362.4323,14343.0162,62243.7091,-516740.4034,-437791.24580000003,-454496.69430000003
8193000,2378.0162,14366.0277,61593.4553,-516047.1815,-437709.6823,-454453.72620000003
8194000,2374.3017,14225.2936,62192.7885,-516163.7445,-437371.36069999996,-453970.95599999995
8195000,2406.7031,14310.8028,62495.5381,-517238.0663,-438025.0223,-454742.5282
8196000,2379.9628,14327.6941,62469.7453,-517108.0755,-437930.67329999997,-454638.33019999997
8197000,2393.3261,14447.1548,62119.131,-516189.2448,-437229.63289999997,-454070.1138
8198000,2404.0483,14433.0327,61302.4822,-515840.531,-437700.9678,-454538.0488
8199000,2363.3847,14330.3126,61797.3031,-515670.3488,-437179.3484,-453873.04569999996
8200000,2361.1187,14348.4086,61972.9621,-516018.4134,-437335.924,-454045.4513
8201000,2335.0326,14353.1216,62093.0777,-516247.2614,-437466.0295,-454154.1837
8202000,2388.016,14261.1888,61984.7171,-516420.6535,-437786.7316,-454435.9364
8203000,2356.8472,14248.6615,62380.4527,-517002.8132,-438016.85179999995,-454622.36049999995
8204000,2351.5116,14282.2035,61820.2327,-515932.4988,-437478.551,-454112.2661
8205000,2397.1741,14392.6871,62233.9402,-516247.8905,-437224.0891,-454013.95029999997
8206000,2386.7853,14349.086,62041.4314,-516670.4685,-437893.1658,-454629.0371
8207000,2356.535,14359.4211,62005.6688,-516267.4965,-437545.8716,-454261.8277
8208000,2351.0926,14234.2643,61372.3173,-515384.333,-437426.6588,-454012.0157
8209000,2365.0238,14448.0664,62329.6531,-516557.2526,-437414.50930000003,-454227.5995
8210000,2384.5391,14268.35,61923.9704,-516382.3326,-437805.47310000006,-454458.36220000003
8211000,2375.3079,14356.6626,62125.5988,-516591.6776,-437734.10829999996,-454466.0788
8212000,2360.8295,14347.8191,62000.6744,-515912.4862,-437203.16319999995,-453911.81179999997
8213000,2381.7166,14446.8217,61841.6247,-516191.2318,-437521.0688,-454349.6071
8214000,2385.5718,14403.5897,61849.8348,-516536.5041,-437897.5078,-454686.6693
8215000,2364.516,14345.4315,62177.8527,-516478.8486,-437591.0484,-454300.99590000004
8216000,2385.2645,14314.1101,62136.9782,-516359.4467,-437523.0939,-454222.46849999996
8217000,2383.3713,14291.9966,62500.0572,-516668.2851,-437492.86,-454168.2279
8218000,2387.6739,14295.5095,62009.2119,-516458.6498,-437766.25450000004,-454449.4379
8219000,2374.7803,14399.9146,61819.3437,-516544.8808,-437950.84219999996,-454725.53709999996
8220000,2374.0528,14380.0417,61563.4709,-514986.3623,-436668.79689999996,-453422.89139999996
8221000,2385.9182,14332.9864,61593.2652,-515971.9908,-437659.821,-454378.7256
8222000,2368.8464,14316.6765,62149.7893,-516232.3495,-437397.0373,-454082.5602
8223000,2364.6604,14332.399,62108.1836,-516743.2707,-437938.0277,-454635.0871
8224000,2370.695,14323.1892,62533.6455,-517078.657,-437851.1273,-454545.0115
8225000,2380.3219,14348.918,62567.2246,-516725.6656,-437429.2011,-454158.441
8226000,2374.6812,14219.1933,62331.8663,-516939.6546,-438013.9138,-454607.7883
8227000,2418.7741,14340.1377,61906.3559,-516122.8365,-437457.5688,-454216.48059999995
8228000,2359.7969,14374.7219,61716.8469,-516408.8247,-437957.45900000003,-454691.9778
8229000,2372.6333,14354.0539,61904.2089,-516334.7958,-437703.8997,-454430.5869
8230000,2370.1875,14293.0708,61977.4278,-516294.7591,-437654.07300000003,-454317.3313
8231000,2365.6462,14332.1999,61855.5396,-516662.7062,-438109.32050000003,-454807.1666
8232000,2371.7655,14330.4473,62225.2811,-516651.7769,-437724.283,-454426.4958
8233000,2388.1292,14370.7918,62025.0822,-516387.4354,-437603.43220000004,-454362.3532
8234000,2339.7932,14362.6887,62184.4475,-516776.6988,-437889.7694,-454592.2513
8235000,2383.5437,14327.6716,62438.3862,-516395.6718,-437246.0703,-453957.2856
8236000,2381.6622,14301.8761,62252.6877,-516572.2359,-437636.00990000006,-454319.5482
8237000,2329.4024,14366.2996,62375.4472,-517106.7612,-438035.612,-454731.314
8238000,2344.3743,14256.6795,61826.0768,-515845.1882,-437418.05759999994,-454019.1114
8239000,2382.3494,14243.8623,62633.7863,-517623.7752,-438363.7772,-454989.9889
8240000,2362.6765,14294.9147,62024.412,-516491.8624,-437809.8592,-454467.4504
8241000,2393.3476,14391.0956,61714.254,-516065.297,-437566.5998,-454351.043
8242000,2408.5112,14346.8615,61642.1315,-515674.1686,-437276.6644,-454032.03709999996
8243000,2382.4958,14326.9085,62137.0401,-516293.7606,-437447.3162,-454156.7205
8244000,2355.8615,14372.9845,62428.8212,-517155.0099,-437997.34270000004,-454726.1887
8245000,2355.69,14393.218,62035.4208,-515439.4776,-436655.14879999997,-453404.05679999996
8246000,2379.8764,14351.2499,61804.5166,-516045.0047,-437509.36179999996,-454240.48809999996
8247000,2348.4146,14272.3835,61976.8486,-515836.5216,-437238.8749,-453859.67299999995
8248000,2368.9845,14216.1566,61896.9865,-515469.0096,-436986.882,-453572.0231
8249000,2374.8894,14297.6492,62080.2904,-515453.9026,-436701.0736,-453373.6122
8250000,2366.659,14294.8179,62302.6209,-516358.7434,-437394.6456,-454056.1225
8251000,2385.103,14270.7539,61914.7792,-515785.121,-437214.4849,-453870.3418
8252000,2361.9712,14210.424,62171.0293,-516106.6811,-437363.25659999996,-453935.6518
8253000,2381.9966,14338.4872,61610.8423,-515787.519,-437456.19289999997,-454176.67669999995
8254000,2344.0231,14243.0277,61569.6417,-515813.4059,-437656.7134,-454243.76420000003
8255000,2396.9436,14321.9389,62157.0502,-516790.3456,-437914.4129,-454633.2954
8256000,2384.5458,14382.6851,62535.2577,-516667.4611,-437364.97250000003,-454132.2034
8257000,2372.0788,14369.5677,61886.739,-516730.7549,-438102.36939999997,-454844.0159
8258000,2384.4685,14325.0913,62328.2938,-516536.7533,-437498.89969999995,-454208.4595
8259000,2345.847,14333.0727,61973.687,-516097.7801,-437445.17339999997,-454124.0931
8260000,2367.0908,14338.5504,61978.4189,-516286.7202,-437602.6601,-454308.3013
8261000,2390.1056,14336.6064,61645.313,-515586.6305,-437214.60550000006,-453941.3175
8262000,2403.1051,14385.4888,61915.896,-516843.297,-438138.80710000003,-454927.401
8263000,2375.9374,14339.3417,61504.8942,-515712.8294,-437492.6561,-454207.9352
8264000,2385.4318,14433.8157,61979.7403,-516616.1106,-437817.1228,-454636.3703
8265000,2356.0044,14383.6861,62210.696,-516449.2306,-437498.8441,-454238.5346
8266000,2399.913,14383.5175,62037.0935,-516804.824,-437984.30000000005,-454767.7305
8267000,2383.269,14345.7318,62226.5198,-516446.0525,-437490.5319,-454219.5327
8268000,2388.5727,14339.0237,61821.799,-515645.3895,-437095.9941,-453823.5905
8269000,2373.5747,14386.1898,61672.7597,-515955.8546,-437523.33040000004,-454283.0949
8270000,2381.3306,14310.6079,61902.5294,-516087.8383,-437493.3704,-454185.3089
8271000,2387.6707,14369.434,62684.756,-517768.0053,-438326.1446,-455083.2493
8272000,2391.6552,14417.9678,62183.1891,-516380.2379,-437387.42579999997,-454197.0488
8273000,2370.7832,14315.2121,61697.2036,-515981.8756,-437598.6767,-454284.672
8274000,2387.7482,14354.0093,62383.0418,-517336.7121,-438211.9128,-454953.6703
8275000,2397.2603,14374.9221,62000.1414,-516540.2078,-437767.88399999996,-454540.06639999995
8276000,2386.9951,14252.5266,62376.0902,-517053.3173,-438037.7054,-454677.2271
8277000,2339.3457,14315.3618,62722.2355,-517893.9515,-438517.0085,-455171.716
8278000,2422.8497,14451.3821,62202.5457,-516305.487,-437228.7095,-454102.9413
8279000,2362.1991,14294.3282,61188.5703,-514782.1728,-436937.07519999996,-453593.6025
8280000,2398.7572,14366.6799,61934.945,-516327.8186,-437627.4365,-454392.8736
8281000,2339.4377,14218.93,61837.0116,-515562.7218,-437167.3425,-453725.7102
8282000,2371.7116,14363.1312,61764.2233,-516344.8402,-437845.7741,-454580.61689999996
8283000,2387.641,14339.6552,62079.1263,-516458.2545,-437651.832,-454379.1282
8284000,2360.5165,14268.7567,62233.0829,-516702.5817,-437840.2256,-454469.4988
8285000,2383.8627,14337.0518,62262.1808,-516868.989,-437885.8937,-454606.80819999997
8286000,2350.2751,14274.1588,62854.3389,-517540.9783,-438062.20550000004,-454686.6394
8287000,2380.3499,14286.9758,61996.6323,-516402.2059,-437738.2479,-454405.5736
8288000,2348.494,14260.7222,62214.679,-516733.2162,-437909.321,-454518.5372
8289000,2383.2019,14376.9144,62097.9433,-516522.2161,-437664.15650000004,-454424.27280000004
8290000,2376.9052,14383.0703,61953.1313,-516330.4453,-437617.3385,-454377.314
8291000,2363.4303,14335.2784,62060.9442,-516441.9416,-437682.28870000003,-454380.9974
8292000,2387.648,14340.7922,61922.9473,-516248.8481,-437597.4606,-454325.9008
8293000,2365.0923,14340.3932,62411.4612,-516930.2138,-437813.26710000006,-454518.7526
8294000,2374.7727,14392.2092,62363.133,-516576.6574,-437446.54250000004,-454213.5244
8295000,2408.3009,14358.9346,61909.0746,-516419.8579,-437743.5478,-454510.7833
8296000,2388.6367,14389.4728,61869.5107,-517074.8612,-438427.241,-455205.3505
8297000,2367.3313,14380.9456,62277.4347,-517580.6815,-438554.9699,-455303.2468
8298000,2376.1541,14306.0946,62090.9812,-516765.4533,-437992.2234,-454674.4721
8299000,2376.1236,14294.4278,62627.9492,-517315.0231,-438016.52249999996,-454687.07389999996
8300000,2413.6632,14435.4894,62038.3335,-516547.449,-437659.96290000004,-454509.1155
8301000,2377.1888,14418.4054,62112.9737,-516695.3141,-437786.74620000005,-454582.3404
8302000,2355.6499,14266.0338,62429.831,-516542.2407,-437490.726,-454112.4097
8303000,2401.6416,14430.6901,61975.3251,-516456.6046,-437648.9478,-454481.2795
8304000,2326.8365,14318.1703,62040.589,-516128.5353,-437442.9395,-454087.9463
8305000,2389.2285,14445.682,62287.7428,-516944.4747,-437821.8214,-454656.7319
8306000,2366.6324,14399.6705,62474.3745,-516593.7122,-437353.0348,-454119.33770000003
8307000,2382.7727,14466.773,61966.9588,-516305.7238,-437489.2193,-454338.76499999996
8308000,2360.4401,14404.3189,62105.7495,-516478.9366,-437608.4281,-454373.18710000004
8309000,2375.6429,14395.212,61875.6271,-516259.7756,-437613.2936,-454384.1485
8310000,2381.9476,14442.7176,62338.9859,-516792.8978,-437629.24669999996,-454453.91189999995
8311000,2364.8915,14348.1836,61908.379,-516204.1761,-437582.72199999995,-454295.79709999997
8312000,2386.8451,14352.4816,62408.627,-517288.7794,-438140.8257,-454880.1524
8313000,2360.7946,14378.6591,61826.0318,-516061.4745,-437495.989,-454235.4427
8314000,2405.7555,14384.5113,62176.7478,-516987.3253,-438020.31070000003,-454810.5775
8315000,2377.5128,14455.0747,61787.0477,-516124.1842,-437504.549,-454337.1365
8316000,2400.5241,14374.817,61944.9526,-516258.9635,-437538.66980000003,-454314.0109
8317000,2351.915,14291.158,61867.3526,-515858.6159,-437348.19029999996,-453991.2633
8318000,2374.1962,14344.788,61966.7165,-516097.0135,-437411.3128,-454130.297
8319000,2379.1794,14393.2449,62236.2561,-516106.5926,-437097.91219999996,-453870.3365
8320000,2385.1762,14368.0139,61606.3412,-516038.0085,-437678.47719999996,-454431.6673
8321000,2353.6362,14262.9209,62155.7975,-516200.4252,-437428.0706,-454044.6277
8322000,2401.0871,14402.0616,61745.3587,-515115.2627,-436566.7553,-453369.90400000004
8323000,2420.4885,14306.0139,61882.6132,-515762.7864,-437153.67079999996,-453880.17319999996
8324000,2367.7929,14339.6437,62145.5414,-515958.9336,-437105.9556,-453813.3922
8325000,2347.8683,14377.4408,62037.4632,-515742.5812,-436979.8089,-453705.118
8326000,2394.8884,14271.8094,61561.3394,-515276.5514,-437048.5142,-453715.212
8327000,2354.1197,14289.0542,62226.5478,-516695.8315,-437826.1098,-454469.28369999997
8328000,2363.9477,14254.8123,62008.5776,-516151.5629,-437524.22530000005,-454142.9853
8329000,2382.8465,14329.6913,62593.3502,-517395.0105,-438089.12249999994,-454801.6603
8330000,2379.4429,14336.7721,61805.6796,-515779.31,-437257.4154,-453973.6304
8331000,2388.1693,14327.7437,61587.1249,-516363.7857,-438060.7478,-454776.6608
8332000,2378.0413,14414.2604,62478.3905,-516494.4848,-437223.7926,-454016.0943
8333000,2370.6845,14257.6536,61806.0322,-515911.2299,-437476.85959999997,-454105.19769999996
8334000,2372.2126,14422.3697,61949.4947,-516426.355,-437682.278,-454476.8603
8335000,2351.837,14333.3133,61718.8104,-516081.5211,-437677.5604,-454362.7107
8336000,2393.2947,14393.728,61544.2869,-516299.5485,-437968.2389,-454755.26159999997
8337000,2379.4834,14389.9862,61576.5361,-516041.7851,-437695.7794,-454465.24899999995
8338000,2370.4005,14375.6448,61836.529,-515240.9615,-436658.3872,-453404.4325
8339000,2373.9208,14375.6904,62472.9171,-516343.3711,-437120.8428,-453870.45399999997
8340000,2372.4489,14531.4707,61820.9582,-516005.1802,-437280.3024,-454184.222
8341000,2382.7319,14353.285,61396.4279,-515216.8634,-437084.4186,-453820.43549999996
8342000,2394.5702,14360.9935,61398.8139,-515429.3039,-437274.9263,-454030.49
8343000,2376.147,14394.5956,62039.8899,-516137.0618,-437326.4293,-454097.1719
8344000,2385.5754,14351.0819,62057.8106,-516067.2693,-437272.8014,-454009.45869999996
8345000,2380.3908,14368.7579,61901.8757,-516293.455,-437642.4306,-454391.57930000004
8346000,2372.6551,14382.652,62181.9123,-517031.648,-438094.4286,-454849.73569999996
8347000,2368.8925,14381.0276,61946.4282,-516665.619,-437969.2707,-454719.1908
8348000,2402.3751,14485.1198,62683.376,-517406.6213,-437835.7504,-454723.2453
8349000,2406.484,14422.583,62045.6438,-516997.8284,-438123.1176,-454952.1846
8350000,2367.748,14375.174,61718.1554,-516338.8909,-437877.8135,-454620.7355
8351000,2399.5839,14402.2221,61794.2686,-516825.3654,-438229.2908,-455031.0968
8352000,2363.3628,14407.5405,62551.9716,-517005.5757,-437682.7008,-454453.6041
8353000,2387.694,14282.1909,61537.4845,-515967.1016,-437759.73219999997,-454429.6171
8354000,2340.5109,14354.1027,62256.287,-517025.2605,-438074.3599,-454768.97349999996
8355000,2379.8586,14374.8508,62430.837,-517487.324,-438301.77760000003,-455056.487
8356000,2379.0382,14398.3659,62261.7639,-516988.2281,-437949.0601,-454726.4642
8357000,2346.506,14432.8201,61469.1978,-515630.453,-437381.92909999995,-454161.25519999996
8358000,2375.3435,14394.2784,62101.8488,-516558.4568,-437686.9861,-454456.608
8359000,2368.5306,14485.5041,62071.8328,-516354.1165,-437428.249,-454282.2837
8360000,2374.5996,14493.5402,61439.0356,-515371.6164,-437064.441,-453932.5808
8361000,2391.1205,14445.3849,62115.1413,-516412.6551,-437461.0084,-454297.51379999996
8362000,2380.1861,14439.2457,62090.3655,-516472.2002,-437562.4029,-454381.8347
8363000,2356.7844,14255.3664,62041.1122,-516080.4603,-437427.1973,-454039.34809999994
8364000,2401.5202,14342.8555,61863.8984,-516382.3414,-437774.0673,-454518.44299999997
8365000,2370.2782,14362.2397,62316.6665,-516955.9406,-437906.75619999995,-454639.2741
8366000,2402.5798,14397.7226,61585.4847,-515649.2386,-437263.45149999997,-454063.7539
8367000,2391.3386,14443.4116,62173.963,-516264.5463,-437255.8331,-454090.5833
8368000,2388.7016,14335.7677,62364.7955,-516662.1919,-437572.9271,-454297.39639999997
8369000,2366.4874,14396.7763,61881.5142,-516073.3378,-437428.5599,-454191.8236
8370000,2395.3931,14407.6823,62192.654,-516391.2439,-437395.5145,-454198.5899
8371000,2391.6119,14345.5965,61982.6135,-516191.6561,-437471.83420000004,-454209.04260000004
8372000,2403.3591,14410.2596,62170.1036,-516264.133,-437280.4107,-454094.0294
8373000,2414.4707,14460.1085,61698.8339,-515575.2969,-437001.8838,-453876.463
8374000,2389.6054,14503.5721,61775.5462,-515915.9197,-437247.196,-454140.37350000005
8375000,2381.8145,14323.5198,62068.6967,-516068.7432,-437294.7122,-454000.04650000005
8376000,2360.9861,14383.7649,61486.5057,-515282.5114,-437051.25470000005,-453796.00570000004
8377000,2390.6936,14393.7463,61765.4717,-515935.0292,-437385.1176,-454169.5575
8378000,2375.4048,14464.1074,62268.8969,-516001.1019,-436892.6928,-453732.205
8379000,2400.0766,14433.871,62377.5061,-516361.8753,-437150.4216,-453984.3692
8380000,2344.9875,14404.1298,62461.7289,-516580.6801,-437369.83389999997,-454118.9512
8381000,2353.2292,14324.07,61834.9058,-516158.0056,-437645.80059999996,-454323.09979999997
8382000,2359.4375,14375.8971,62092.4524,-515957.3467,-437129.5597,-453864.8943
8383000,2382.7653,14408.5372,61792.1734,-516345.8938,-437762.4179,-454553.7204
8384000,2344.1431,14359.4658,62021.7664,-516443.2561,-437717.8808,-454421.4897
8385000,2363.6755,14464.8962,61709.9084,-516261.7797,-437723.2996,-454551.8713
8386000,2370.5153,14346.8035,61757.8501,-515791.0042,-437315.83530000004,-454033.15410000004
8387000,2393.9418,14307.3395,62031.3143,-516418.4858,-437685.8902,-454387.17150000005
8388000,2380.1936,14353.34,61608.8776,-516337.7414,-437995.33019999997,-454728.8638
8389000,2370.1925,14414.7811,61987.752,-516712.9708,-437940.2452,-454725.21880000003
8390000,2350.5017,14290.1899,62335.9204,-517149.8057,-438173.19370000006,-454813.8853
8391000,2375.4579,14398.2589,62010.6167,-516875.2754,-438090.9419,-454864.65869999997
8392000,2392.9741,14421.0927,61817.6838,-515917.5595,-437285.80889999995,-454099.8757
8393000,2381.5781,14407.49,62088.742,-515629.3685,-436751.5584,-453540.6265
8394000,2401.8331,14381.5653,62204.5963,-516613.6314,-437625.63670000003,-454409.03510000004
8395000,2365.3013,14460.997,61616.0067,-515297.3014,-436854.9964,-453681.29469999997
8396000,2366.7177,14331.7317,61992.2328,-515838.5114,-437147.82920000004,-453846.2786
8397000,2399.2835,14377.4027,61739.8384,-516220.5853,-437704.0607,-454480.74689999997
8398000,2340.3828,14363.7305,61854.7582,-516074.0425,-437515.171,-454219.2843
8399000,2356.9469,14348.2225,62110.7254,-516695.3093,-437879.4145,-454584.5839
8400000,2357.7567,14323.9903,62517.5525,-516863.1058,-437663.80630000005,-454345.5533
8401000,2353.2813,14385.4983,61897.9729,-516522.8456,-437886.0931,-454624.8727
8402000,2409.6111,14371.9111,62486.9879,-516910.6339,-437642.1238,-454423.646
8403000,2362.7035,14298.3492,61859.0852,-516692.3487,-438172.2108,-454833.2635
8404000,2358.2619,14287.936,61860.8947,-516681.8028,-438174.7102,-454820.9081
8405000,2375.3992,14326.8218,61634.2243,-516368.8951,-438032.44980000006,-454734.6708
8406000,2363.0835,14312.1448,62316.851,-516935.8744,-437943.7951,-454619.02339999995
8407000,2358.6491,14350.4568,62014.3617,-516017.8352,-437294.3676,-454003.47349999996
8408000,2375.2946,14285.1959,61612.1937,-515794.5563,-437521.8721,-454182.3626
8409000,2361.0849,14321.2585,61889.6209,-516315.893,-437743.9287,-454426.2721
8410000,2348.0913,14326.9819,62126.449,-516726.0444,-437924.5222,-454599.5954
8411000,2345.6344,14419.7432,61780.9958,-516257.7136,-437711.34020000004,-454476.71780000004
8412000,2377.4493,14440.2806,61889.0843,-516506.9195,-437800.10530000005,-454617.83520000003
8413000,2377.3336,14366.5893,62100.9149,-516736.4353,-437891.59750000003,-454635.52040000004
8414000,2380.6974,14319.7342,61833.5352,-516622.1621,-438088.1953,-454788.62690000003
8415000,2378.6221,14302.5337,61841.9095,-515896.7842,-437373.7189,-454054.8747
8416000,2400.0034,14449.2714,61838.5119,-515219.443,-436531.65630000003,-453380.93110000005
8417000,2373.9721,14386.8597,61637.3865,-515700.566,-437302.3477,-454063.17949999997
8418000,2374.9911,14404.486,62681.5757,-517226.6696,-437765.6168,-454545.09390000004
8419000,2380.3791,14297.3306,61974.392,-516053.2706,-437401.1689,-454078.8786
8420000,2367.6911,14289.6921,62076.9492,-516168.6593,-437434.3269,-454091.7101
8421000,2383.5937,14320.2116,61866.9239,-515984.7445,-437414.01529999997,-454117.8206
8422000,2371.935,14249.8667,61913.753,-516226.5418,-437690.9871,-454312.7888
8423000,2337.5584,14253.8855,61782.0643,-516443.2367,-438069.7285,-454661.17240000004
8424000,2378.6474,14320.2153,61919.7023,-516794.5192,-438175.9542,-454874.8169
8425000,2361.4622,14395.1817,61653.8834,-515993.2938,-437582.76649999997,-454339.4104
8426000,2390.4013,14401.8225,61901.6647,-516093.4565,-437399.56799999997,-454191.79179999995
8427000,2348.6536,14361.2114,62561.7916,-516472.6177,-437200.9611,-453910.8261
8428000,2408.902,14451.7334,62229.9707,-516092.9356,-437002.3295,-453862.9649
8429000,2350.1839,14348.9865,61692.819,-516018.3955,-437626.40609999996,-454325.57649999997
8430000,2359.9652,14355.7446,62567.7039,-516724.421,-437441.00729999994,-454156.71709999995
8431000,2381.5136,14365.6647,61950.4396,-516154.8014,-437457.1835,-454204.3618
8432000,2381.0101,14422.0009,62382.9198,-517362.6646,-438176.73380000005,-454979.7448
8433000,2363.4384,14332.6797,61747.4269,-515590.5487,-437147.0037,-453843.12179999996
8434000,2367.7054,14356.693,62068.5746,-516302.0018,-437509.02880000003,-454233.42720000003
8435000,2359.4375,14266.6833,62175.0371,-516385.6045,-437584.4466,-454210.5674
8436000,2385.3004,14279.2287,62747.6912,-517076.2712,-437664.05090000003,-454328.58
8437000,2410.4297,14367.5671,62181.1353,-516667.7095,-437708.5774,-454486.5742
8438000,2372.875,14354.0287,62101.6017,-516619.093,-437790.58759999997,-454517.4913
8439000,2391.8333,14344.9465,61881.7745,-516309.8674,-437691.31309999997,-454428.0929
8440000,2360.6247,14303.0224,61872.093,-515638.6976,-437102.9575,-453766.6046
8441000,2347.3366,14318.48,61798.3427,-515743.1235,-437278.9642,-453944.7808
8442000,2408.7663,14355.7555,62286.1639,-516441.7485,-437391.06279999996,-454155.5846
8443000,2389.136,14263.7092,61295.0186,-515018.0352,-437070.1714,-453723.0166
8444000,2347.739,14308.1578,61766.9176,-515805.3927,-437382.57830000005,-454038.47510000004
8445000,2372.5006,14352.2104,61652.5589,-515588.2126,-437210.9427,-453935.6537
8446000,2382.6079,14299.5315,61924.7356,-515416.7272,-436809.8522,-453491.9916
8447000,2390.6199,14380.3654,61643.6337,-515097.0886,-436682.4696,-453453.4549
8448000,2406.8266,14439.2167,61944.4052,-515744.0603,-436953.6118,-453799.65510000003
8449000,2388.1223,14450.5887,62505.0606,-516834.4902,-437490.7186,-454329.42960000003
8450000,2377.2092,14400.2539,62245.6676,-516911.3595,-437888.22880000004,-454665.69190000003
8451000,2389.5141,14470.556,62421.8372,-516551.1723,-437269.26499999996,-454129.33509999997
8452000,2372.3543,14333.5817,62156.9029,-516399.5337,-437536.69480000006,-454242.63080000004
8453000,2373.7334,14357.0441,62157.9722,-516421.0006,-437532.25090000004,-454263.0284
8454000,2352.9364,14374.3112,62243.4798,-517035.377,-438064.6496,-454791.8972
8455000,2383.9353,14265.3164,62061.7835,-516294.2503,-437583.21510000003,-454232.4668
8456000,2396.9238,14406.6656,62163.5733,-516366.2494,-437399.0867,-454202.6761
8457000,2350.5021,14367.5774,62110.8997,-515926.9545,-437097.9753,-453816.0548
8458000,2350.1683,14307.8837,61657.7263,-516531.1325,-438215.3542,-454873.4062
8459000,2355.9903,14317.0725,62201.3265,-516560.3418,-437685.9525,-454359.01529999997
8460000,2373.0924,14366.8032,61860.0576,-516089.3128,-437489.3596,-454229.2552
8461000,2366.1191,14313.9761,62412.1458,-516315.5399,-437223.2989,-453903.3941
8462000,2394.5562,14329.0853,62070.6518,-516749.7339,-437955.4406,-454679.0821
8463000,2376.5566,14159.0335,62140.4673,-516193.4528,-437517.39540000004,-454052.9855
8464000,2398.5458,14318.4623,61392.9172,-515564.0962,-437454.1709,-454171.179
8465000,2388.8005,14335.8872,62033.7147,-516511.9589,-437753.55650000006,-454478.2442
8466000,2358.9208,14304.723,61902.2331,-515764.0462,-437198.16929999995,-453861.81309999997
8467000,2329.079,14294.0305,62482.6602,-516605.394,-437499.62429999997,-454122.7338
8468000,2393.5682,14366.0112,61651.1305,-515702.4711,-437291.7612,-454051.3406
8469000,2364.5027,14340.7611,61743.0368,-516209.89,-437761.5894,-454466.8532
8470000,2371.4967,14457.2873,62213.9998,-516931.996,-437889.21219999995,-454717.9962
8471000,2413.457,14313.1476,61479.4065,-515527.2904,-437321.2793,-454047.8839
8472000,2364.8216,14350.0772,62274.7611,-516316.5054,-437326.84550000005,-454041.7443
8473000,2388.586,14325.6672,61788.9887,-516296.026,-437792.78410000005,-454507.0373
8474000,2370.6396,14269.109,61845.1939,-515789.8896,-437304.9471,-453944.6957
8475000,2357.9125,14214.3421,61767.8202,-516776.8284,-438436.7536,-455009.0082
8476000,2374.7577,14401.6825,62091.0354,-517100.1951,-438232.7195,-455009.1597
8477000,2372.5143,14347.0533,62227.2511,-516686.2501,-437739.4314,-454458.999
8478000,2363.2404,14377.7201,62354.5181,-517227.061,-438131.58239999996,-454872.5429
8479000,2377.9821,14307.8125,62047.7165,-516162.7787,-437429.2676,-454115.06220000004
8480000,2373.4817,14309.6867,62164.8685,-516809.5944,-437961.5575,-454644.7259
8481000,2388.0947,14306.6093,61675.2354,-515631.4581,-437261.5187,-453956.2227
8482000,2388.732,14352.3289,61947.6131,-515986.0156,-437297.3416,-454038.40249999997
8483000,2368.7259,14347.5077,61658.8644,-516081.0867,-437705.9887,-454422.22229999996
8484000,2370.8547,14351.2374,62283.3648,-516627.0094,-437621.5525,-454343.6446
8485000,2366.2399,14280.8716,61924.2157,-516685.4736,-438114.1464,-454761.2579
8486000,2380.3761,14302.7722,62237.8193,-516750.7481,-437829.7805,-454512.9288
8487000,2347.0345,14340.3313,62208.7822,-516111.6509,-437215.5029,-453902.8687
8488000,2342.3879,14302.5547,62023.2491,-516177.5134,-437509.3217,-454154.2643
8489000,2406.1542,14488.1225,61704.8101,-515680.6113,-437081.5245,-453975.8012
8490000,2405.9261,14408.0933,62136.7215,-516607.5078,-437656.76690000005,-454470.78630000004
8491000,2372.4475,14376.6522,61700.5382,-516289.0991,-437839.4612,-454588.5609
8492000,2369.6382,14351.8431,61899.1931,-516048.4693,-437427.7949,-454149.2762
8493000,2395.196,14308.7757,61682.5155,-515963.5123,-437577.02509999997,-454280.9968
8494000,2403.9286,14364.4616,61692.2687,-515702.6799,-437242.02099999995,-454010.4112
8495000,2368.5337,14401.107,61947.9123,-516380.218,-437662.665,-454432.30569999997
8496000,2375.5461,14272.169,62115.9254,-517053.303,-438289.6625,-454937.3776
8497000,2349.3428,14401.6701,61620.6097,-515600.0835,-437228.4609,-453979.47380000004
8498000,2391.6382,14417.2391,61693.8157,-516491.2996,-437988.60660000006,-454797.48390000005
8499000,2359.8622,14338.0852,62049.7417,-516407.7813,-437660.09219999996,-454358.03959999996
8500000,2390.5635,14338.4082,62636.6544,-517013.8114,-437648.1853,-454377.157
8501000,2349.6266,14378.8892,62031.2604,-516699.0831,-437939.30689999997,-454667.8227
8502000,2374.175,14314.1384,62000.0978,-516090.5047,-437402.09349999996,-454090.4069
8503000,2385.3992,14359.9043,61984.9879,-515995.3397,-437265.0483,-454010.3518
8504000,2403.9089,14384.5802,62522.9967,-516800.9836,-437489.4978,-454277.98689999996
8505000,2357.6359,14262.2802,62549.2323,-516860.9124,-437691.76399999997,-454311.6801
8506000,2369.6363,14357.916,61697.4226,-515424.697,-436999.7221,-453727.2744
8507000,2370.182,14306.566,62103.3517,-516297.5556,-437517.45590000006,-454194.2039
8508000,2362.9698,14246.8618,62288.3943,-516656.8045,-437758.5786,-454368.41020000004
8509000,2341.0284,14342.4783,62211.4659,-516306.8587,-437411.8861,-454095.3928
8510000,2359.0793,14400.6742,62143.5478,-516002.4327,-437099.1314,-453858.8849
8511000,2377.2047,14301.6855,62156.0367,-516186.9919,-437352.06500000006,-454030.9552
8512000,2379.5576,14364.4804,62076.3884,-516213.7845,-437393.3581,-454137.3961
8513000,2367.9355,14295.567,62029.1211,-516786.9356,-438094.31200000003,-454757.81450000004
8514000,2364.9398,14324.6719,62157.1145,-516097.3763,-437250.65009999997,-453940.2618
8515000,2367.3126,14374.284,61973.9844,-516167.0374,-437451.45639999997,-454193.05299999996
8516000,2411.5638,14402.2214,61982.7503,-516585.0579,-437788.5224,-454602.3076
8517000,2361.5344,14388.7421,62191.2518,-516367.2137,-437425.6854,-454175.9619
8518000,2365.3496,14256.0387,61987.1249,-516282.4244,-437673.91120000003,-454295.2995
8519000,2354.5242,14296.1515,61566.9578,-515694.0656,-437476.4321,-454127.1078
8520000,2407.8213,14311.1169,61784.0311,-515555.2085,-437052.2392,-453771.1774
8521000,2363.8809,14342.4838,62011.6698,-516156.922,-437438.8875,-454145.2522
8522000,2368.758,14354.024,62094.701,-516631.6325,-437814.1495,-454536.9315
8523000,2403.6737,14429.8594,61370.6286,-515824.1543,-437619.9926,-454453.5257
8524000,2370.7075,14308.1415,62334.0145,-516772.1384,-437759.2749,-454438.1239
8525000,2391.4313,14456.3791,61900.7163,-516719.4325,-437970.9058,-454818.7162
8526000,2389.9625,14257.3427,62062.7018,-516529.0793,-437819.0723,-454466.3775
8527000,2381.2061,14312.0719,62036.1676,-516425.4919,-437696.04630000005,-454389.32430000004
8528000,2412.0551,14414.0706,61644.551,-515466.5431,-436995.8664,-453821.99210000003
8529000,2339.4095,14244.3309,61810.7231,-515503.1923,-437108.7288,-453692.4692
8530000,2372.3442,14210.7967,62377.4668,-516608.0038,-437647.3961,-454230.537
8531000,2402.2131,14313.924,61922.2351,-515493.3485,-436854.97630000004,-453571.11340000003
8532000,2402.0983,14256.3902,62007.4251,-516303.0,-437637.08640000003,-454295.5749
8533000,2371.619,14296.8438,61825.3118,-516634.034,-438140.2594,-454808.72219999996
8534000,2345.1768,14238.7563,61737.7279,-516425.6793,-438104.0183,-454687.9514
8535000,2376.4291,14432.1298,61798.0124,-515935.6207,-437329.0494,-454137.6083
8536000,2365.8586,14250.2197,61991.913,-515990.0455,-437382.0542,-453998.1325
8537000,2375.2314,14373.5043,61975.0354,-516241.9562,-437518.1851,-454266.9208
8538000,2368.5865,14213.8123,62127.7039,-515919.1365,-437209.03380000003,-453791.4326
8539000,2392.2823,14277.751,62251.4561,-516185.3273,-437263.8379,-453933.8712
8540000,2382.4619,14410.9106,61479.8253,-515537.0918,-437263.894,-454057.2665
8541000,2392.2695,14393.2056,61756.2971,-515516.4067,-436974.6345,-453760.10959999997
8542000,2416.3715,14366.6631,61919.978,-516077.6553,-437374.64269999997,-454157.6773
8543000,2392.4513,14376.1541,61549.025,-514756.1675,-436438.53709999996,-453207.14249999996
8544000,2341.9281,14287.1793,61960.3304,-516052.2458,-437462.80799999996,-454091.9154
8545000,2358.9192,14334.2118,62575.3456,-517500.1905,-438231.71390000003,-454924.8449
8546000,2388.373,14407.4046,62019.3923,-516328.1539,-437512.98399999994,-454308.76159999997
8547000,2379.0321,14395.0827,61775.2109,-515639.8108,-437090.4851,-453864.5999
8548000,2382.4596,14274.3047,62192.0769,-516164.8991,-437316.0579,-453972.8222
8549000,2371.0741,14302.637,62585.1993,-515851.5044,-436592.594,-453266.3051
8550000,2372.1265,14292.5102,61846.4273,-515771.4449,-437260.3809,-453925.0176
8551000,2399.1803,14370.1322,62131.7473,-516357.5693,-437456.5095,-454225.822
8552000,2368.3502,14371.3884,62123.4345,-516160.5536,-437297.38049999997,-454037.1191
8553000,2347.0461,14215.7207,61673.6479,-515935.5937,-437699.179,-454261.94580000004
8554000,2390.4607,14286.458,62120.1494,-516578.1507,-437781.08259999997,-454458.0013
8555000,2372.2929,14322.8295,61876.8223,-516484.1824,-437912.2377,-454607.3601
8556000,2395.7149,14212.0675,61987.8608,-516416.3634,-437820.7202,-454428.50259999995
8557000,2368.7139,14341.2525,61655.0023,-516016.9124,-437651.94369999995,-454361.9101
8558000,2393.4043,14246.1874,62285.5575,-516382.0273,-437456.87810000003,-454096.4698
8559000,2391.5162,14312.5876,61878.8595,-516033.1978,-437450.2345,-454154.3383
8560000,2413.6025,14410.2056,61911.3746,-516601.5404,-437866.3577,-454690.1658
8561000,2380.1058,14351.7734,62113.1535,-517083.771,-438238.7383,-454970.6175
8562000,2349.318,14337.9027,62428.3746,-516923.9015,-437808.3062,-454495.5269
8563000,2358.4571,14320.1675,62101.1867,-516930.8583,-438151.047,-454829.6716
8564000,2399.9648,14460.5322,62201.1257,-516626.467,-437564.8443,-454425.34130000003
8565000,2385.5797,14394.343,61994.5049,-516344.2476,-437569.82,-454349.7427
8566000,2395.3175,14325.0001,61897.2643,-515751.6398,-437134.0579,-453854.3755
8567000,2413.6507,14384.6926,61876.2318,-515540.108,-436865.5329,-453663.8762
8568000,2413.9468,14376.9218,62196.1559,-516344.4857,-437357.4612,-454148.3298
8569000,2353.9021,14276.155,61676.1882,-515690.6002,-437384.3549,-454014.412
8570000,2359.2804,14276.5298,62258.3351,-517147.9273,-438253.782,-454889.59219999996
8571000,2329.8353,14295.6526,62028.9677,-516323.2594,-437668.8038,-454294.2917
8572000,2346.9036,14210.8529,61711.5575,-515787.9666,-437518.6526,-454076.4091
8573000,2404.453,14326.7025,62346.9087,-516159.3791,-437081.3149,-453812.4704
8574000,2398.2585,14292.1373,62373.6777,-516640.2481,-437576.1746,-454266.5704
8575000,2369.4287,14469.3898,62325.8475,-516510.1256,-437345.45960000006,-454184.2781
8576000,2384.0445,14362.5152,61753.3827,-516238.5975,-437738.6551,-454485.21479999996
8577000,2401.0062,14336.7304,61804.1946,-516165.1018,-437623.1706,-454360.9072
8578000,2399.8213,14381.1206,61521.9038,-516137.774,-437834.92829999997,-454615.8702
8579000,2369.4084,14286.4406,61566.6034,-515825.3069,-437602.8545,-454258.7035
8580000,2412.9344,14364.0388,61800.8914,-516081.9243,-437504.0597,-454281.0329
8581000,2384.7159,14415.2463,62078.8106,-516565.2739,-437686.5011,-454486.46329999994
8582000,2331.4931,14416.6878,62169.2203,-516585.688,-437668.2868,-454416.46770000004
8583000,2409.6995,14394.1864,62221.1636,-516597.446,-437572.39650000003,-454376.2824
8584000,2413.2104,14448.8017,61978.6998,-516932.2268,-438091.5149,-454953.527
8585000,2364.2067,14413.7623,62034.4986,-515903.916,-437091.4484,-453869.41740000003
8586000,2410.6669,14361.4929,62387.0599,-515904.3832,-436745.16349999997,-453517.3233
8587000,2388.0907,14347.6945,62252.4627,-516426.2623,-437438.0144,-454173.7996
8588000,2387.6984,14416.6845,61201.7302,-514962.1719,-436956.0588,-453760.4417
8589000,2392.5582,14400.632,61933.1851,-515852.662,-437126.2867,-453919.4769
8590000,2363.804,14343.4994,61674.6481,-515741.8303,-437359.87879999995,-454067.1822
8591000,2376.105,14348.8854,61846.4735,-515979.3019,-437407.838,-454132.8284
8592000,2387.7175,14334.1173,61951.5119,-515888.0647,-437214.718,-453936.5528
8593000,2378.6352,14404.686,61907.7162,-516117.7797,-437426.74230000004,-454210.0635
8594000,2361.5838,14357.6883,61674.0605,-515758.0819,-437364.7493,-454084.02139999997
8595000,2365.832,14325.1034,61936.7487,-515767.3249,-437139.6408,-453830.5762
8596000,2401.1968,14307.8891,62100.2548,-516652.6861,-437843.3454,-454552.4313
8597000,2353.1803,14305.8947,62188.1311,-516617.8199,-437770.6138,-454429.6888
8598000,2388.0162,14316.0207,62179.0752,-517161.4434,-438278.33129999996,-454982.36819999997
8599000,2374.6311,14369.1703,62138.2904,-516606.6896,-437724.5978,-454468.3992
8600000,2354.5101,14298.2318,62559.5194,-517079.9029,-437867.6416,-454520.3835
8601000,2356.1537,14298.1744,61710.2305,-515793.9418,-437429.3832,-454083.71129999997
8602000,2410.3229,14306.5115,61871.7209,-515986.174,-437397.6187,-454114.4531
8603000,2368.1403,14453.6148,61190.377,-515231.4709,-437219.3388,-454041.09390000004
8604000,2380.4932,14336.0042,61870.1257,-516145.6017,-437558.97860000003,-454275.476
8605000,2368.1119,14342.1956,61942.0034,-515959.4452,-437307.13430000003,-454017.44180000003
8606000,2360.5914,14286.1168,61990.9553,-516507.9749,-437870.3114,-454517.0196
8607000,2406.2123,14377.313,61871.4874,-516285.0859,-437630.0732,-454413.5985
8608000,2372.3291,14334.0497,61729.1187,-515978.7932,-437543.2957,-454249.6745
8609000,2390.7634,14386.9065,61907.45,-516281.0951,-437595.9752,-454373.64509999997
8610000,2388.8047,14459.3761,62244.3431,-516847.8399,-437755.316,-454603.4968
8611000,2351.599,14390.7558,61979.7019,-516415.7093,-437693.6526,-454436.0074
8612000,2362.2938,14302.9401,61795.8926,-516396.7581,-437935.63159999996,-454600.86549999996
8613000,2402.0084,14446.9026,61834.1294,-516544.4398,-437861.3994,-454710.3104
8614000,2401.5325,14483.4263,62295.8637,-516853.8205,-437672.99799999996,-454557.9568
8615000,2389.4155,14406.42,62265.4721,-516142.1037,-437080.7961,-453876.63159999996
8616000,2381.4533,14473.325,61127.0065,-515266.994,-437285.2092,-454139.9875
8617000,2384.0761,14346.0659,61851.0655,-515932.3428,-437351.13529999997,-454081.27729999996
8618000,2395.1605,14412.1791,61966.4874,-516594.7628,-437820.93580000004,-454628.27540000004
8619000,2367.9541,14433.994,61744.2899,-515836.0709,-437289.8329,-454091.78099999996
8620000,2408.4033,14419.3004,62551.9737,-516752.3029,-437372.6255,-454200.32920000004
8621000,2397.971,14420.6126,61562.038,-516267.362,-437886.7404,-454705.324
8622000,2380.35,14347.9361,61504.6235,-515963.4748,-437730.5652,-454458.85130000004
8623000,2379.6104,14372.8582,62089.1152,-516271.834,-437430.2502,-454182.7188
8624000,2349.2546,14301.1435,62447.2383,-517406.9762,-438309.33979999996,-454959.73789999995
8625000,2327.6496,14253.5168,62349.0302,-516950.8235,-438020.62690000003,-454601.7933
8626000,2381.5198,14314.9178,62606.355,-516613.9411,-437311.1485,-454007.5861
8627000,2382.0539,14329.7612,61928.9345,-516041.455,-437400.7054,-454112.5205
8628000,2363.249,14310.4781,62301.7434,-516576.7799,-437601.3094,-454275.03650000005
8629000,2362.7988,14351.3707,61859.2865,-516629.6269,-438056.17089999997,-454770.3404
8630000,2379.184,14325.5627,61844.4749,-516240.1073,-437690.8857,-454395.6324
8631000,2348.6017,14348.8651,61787.1899,-516266.8342,-437782.1775,-454479.6443
8632000,2391.2334,14318.0154,61575.0685,-515893.3033,-437608.98600000003,-454318.23480000003
8633000,2383.4201,14366.9947,61731.1197,-516325.9341,-437844.3996,-454594.81440000003
8634000,2391.0116,14436.5592,62409.0621,-516632.3675,-437395.73459999997,-454223.3054
8635000,2380.7756,14346.9525,62261.1431,-517158.4642,-438169.593,-454897.3211
8636000,2389.4527,14354.5668,61648.6796,-516201.3925,-437808.6934,-454552.71290000004
8637000,2380.1749,14292.8906,62373.4854,-516988.5437,-437941.9928,-454615.0583
8638000,2388.367,14398.9179,61983.4287,-515934.0817,-437163.36809999996,-453950.653
8639000,2364.8769,14303.312,61865.6364,-516105.4208,-437571.59550000005,-454239.7844
8640000,2379.2904,14233.2842,62075.0169,-516009.2145,-437321.623,-453934.1976
8641000,2406.6713,14377.428,62385.3985,-517046.4027,-437876.90489999996,-454661.00419999997
8642000,2403.6397,14427.5595,62356.9781,-516569.5283,-437381.351,-454212.5502
8643000,2398.3551,14391.7037,62186.9713,-516464.5292,-437487.4991,-454277.5579
8644000,2362.9165,14337.7287,62545.3843,-517245.2821,-437999.2526,-454699.89780000004
8645000,2381.9219,14374.4771,62315.7488,-517083.5243,-438011.3765,-454767.7755
8646000,2381.3927,14365.8108,62400.6037,-517433.9016,-438286.0944,-455033.2979
8647000,2354.9029,14337.1807,62081.5133,-516446.2562,-437672.6593,-454364.7429
8648000,2421.9903,14305.1763,62409.079,-516571.3175,-437435.0719,-454162.2385
8649000,2396.3689,14416.1797,61882.2133,-516130.9676,-437436.20569999993,-454248.7543
8650000,2379.0297,14331.5172,62017.3504,-516194.7479,-437466.8506,-454177.3975
8651000,2371.8983,14394.1663,62364.1472,-516533.3668,-437403.155,-454169.2196
8652000,2389.073,14302.1709,62079.9698,-516828.2249,-438057.01119999995,-454748.25509999995
8653000,2385.5641,14260.4917,62057.1249,-516608.0425,-437904.86179999996,-454550.9176
8654000,2402.2077,14346.0345,62026.1714,-515881.8216,-437107.40800000005,-453855.65020000003
8655000,2382.0995,14438.7514,62002.84,-516394.1005,-437570.4096,-454391.2605
8656000,2348.1659,14272.1675,62687.5557,-517369.3192,-438061.4301,-454681.7635
8657000,2353.3668,14216.5453,62094.8116,-516818.0268,-438153.3031,-454723.2152
8658000,2423.2877,14254.3066,62704.1426,-517649.7487,-438268.0118,-454945.6061
8659000,2377.105,14342.2556,61986.2027,-516045.5798,-437340.0165,-454059.3771
8660000,2389.7695,14352.8354,62346.1941,-517245.6559,-438156.8569,-454899.4618
8661000,2371.7132,14371.1637,61838.4788,-516384.6034,-437803.2477,-454546.12460000004
8662000,2370.8828,14394.2693,62245.7429,-516290.7733,-437279.8783,-454045.0304
8663000,2348.836,14294.4675,62163.7478,-516155.8434,-437348.7921,-453992.0956
8664000,2377.2952,14288.2648,61964.6675,-516124.8864,-437494.65890000004,-454160.21890000004
8665000,2381.4026,14243.632,62074.9013,-516503.7502,-437803.8143,-454428.8489
8666000,2325.6083,14402.1454,61862.4591,-516084.2476,-437494.0348,-454221.7885
8667000,2390.7102,14322.5461,61968.9494,-516316.0488,-437633.8431,-454347.0994
8668000,2347.5023,14238.2115,61722.3456,-515679.2388,-437371.1794,-453956.8932
8669000,2381.7223,14275.5078,62242.7641,-516902.8789,-438002.8847,-454660.1148
8670000,2402.1007,14363.7416,62084.1695,-516066.4879,-437216.47609999997,-453982.3184
8671000,2402.7601,14286.9972,61909.5166,-515619.9455,-437020.6716,-453710.42889999994
8672000,2395.7399,14434.9551,61951.3713,-516481.1059,-437699.0396,-454529.7346
8673000,2386.2338,14315.4191,61859.1952,-515867.8119,-437306.96379999997,-454008.61669999996
8674000,2405.1784,14396.7755,62205.6049,-516618.1966,-437610.6378,-454412.59170000005
8675000,2378.5274,14263.4007,61752.7431,-516334.1876,-437939.5164,-454581.4445
8676000,2344.0967,14269.2623,62173.0487,-516957.1145,-438170.70680000004,-454784.06580000004
8677000,2374.2666,14270.0827,61641.8169,-515669.1226,-437382.9564,-454027.3057
8678000,2374.4228,14206.0721,62063.6931,-516694.2015,-438050.0135,-454630.50840000005
8679000,2393.1202,14274.764,61893.8453,-516020.2557,-437458.52619999996,-454126.4104
8680000,2384.3013,14288.0395,62222.2341,-515766.6298,-436872.0549,-453544.3957
8681000,2410.9817,14349.8239,62096.7955,-516681.8473,-437824.24620000005,-454585.0518
8682000,2355.509,14254.1693,61828.9634,-515967.1909,-437528.5492,-454138.2275
8683000,2352.6034,14241.8117,62448.6679,-516938.5347,-437895.45170000003,-454489.8668
8684000,2381.9733,14351.5085,62291.1079,-516716.9262,-437692.3365,-454425.8183
8685000,2378.8639,14335.4647,61960.6368,-516277.809,-437602.8436,-454317.17220000003
8686000,2370.9567,14302.3754,62330.2568,-516563.3127,-437559.72380000004,-454233.05590000004
8687000,2379.8999,14348.7297,61404.1604,-515698.812,-437566.022,-454294.6516
8688000,2383.8536,14354.3178,61931.5126,-516496.1974,-437826.5134,-454564.6848
8689000,2379.0125,14307.7751,62131.0418,-516249.8044,-437431.97500000003,-454118.7626
8690000,2381.4095,14354.6382,61869.2544,-515863.3699,-437258.06779999996,-453994.1155
8691000,2343.6555,14324.8586,62050.2483,-516250.463,-437531.7006,-454200.2147
8692000,2372.7505,14253.2271,61655.1356,-515127.3687,-436846.25549999997,-453472.2331
8693000,2400.5209,14415.0625,62267.8778,-516690.3372,-437606.876,-454422.4594
8694000,2369.8948,14413.7562,61840.6422,-515499.8025,-436875.5093,-453659.1603
8695000,2357.0311,14324.5954,61877.1671,-516420.9173,-437862.1237,-454543.75019999995
8696000,2392.3976,14333.1555,62403.1271,-517407.9575,-438279.2773,-455004.83040000004
8697000,2366.4486,14349.1403,61950.4745,-516089.7917,-437423.7283,-454139.3172
8698000,2354.1141,14328.9236,62000.352,-516069.1825,-437385.7928,-454068.8305
8699000,2357.4996,14315.3367,61856.8813,-515762.6498,-437232.93220000004,-453905.7685
8700000,2370.2061,14281.3261,61563.2612,-515429.9524,-437215.159,-453866.6912
8701000,2404.0045,14283.6596,61522.2507,-515401.5458,-437191.63100000005,-453879.29510000005
8702000,2400.793,14370.4106,61484.5779,-515507.7191,-437251.9376,-454023.1412
8703000,2368.3014,14373.3318,62185.4884,-516278.3392,-437351.2176,-454092.8508
8704000,2369.8743,14244.5846,61782.1375,-515977.9553,-437581.3589,-454195.81779999996
8705000,2376.2228,14309.6835,61831.983,-516284.3798,-437766.4905,-454452.3968
8706000,2372.8353,14331.6252,61869.8459,-516192.5581,-437618.2517,-454322.7122
8707000,2408.7657,14314.3923,61222.5478,-515315.0621,-437369.3563,-454092.5143
8708000,2373.594,14391.7145,62356.1766,-517127.0479,-438005.5628,-454770.8713
8709000,2362.4167,14278.3648,61977.4233,-516322.0537,-437703.8489,-454344.63039999997
8710000,2388.9034,14281.6214,62235.5485,-516676.423,-437770.3497,-454440.87450000003
8711000,2385.0732,14291.1922,61953.1856,-515786.966,-437157.515,-453833.78040000005
8712000,2417.9555,14351.0333,62241.2534,-516600.3358,-437590.0936,-454359.0824
8713000,2370.6742,14344.5024,62045.4968,-516472.7664,-437712.093,-454427.2696
8714000,2353.1096,14346.3767,61917.5429,-516112.3458,-437495.3166,-454194.8029
8715000,2419.9629,14378.5497,61809.6085,-515865.4966,-437257.3755,-454055.8881
8716000,2359.6159,14322.5318,61597.3418,-515681.185,-437401.69550000003,-454083.8432
8717000,2357.385,14304.5641,61987.304,-516405.8367,-437756.5836,-454418.5327
8718000,2403.3283,14416.4703,62016.9869,-516667.2158,-437830.4303,-454650.2289
8719000,2381.9856,14373.5915,61804.5228,-516013.2226,-437453.12269999995,-454208.6998
8720000,2360.5657,14250.6617,61965.7449,-516039.1328,-437462.1605,-454073.38790000003
8721000,2385.0116,14371.6692,61669.0062,-515795.8377,-437370.1507,-454126.8315
8722000,2395.7136,14245.9168,61939.3166,-516466.9974,-437886.0504,-454527.6808
8723000,2380.3355,14343.1476,61942.9358,-515899.8436,-437233.42470000003,-453956.90780000004
8724000,2388.8282,14242.1719,62164.911,-516098.1367,-437302.2256,-453933.22569999995
8725000,2373.622,14354.5007,62296.3192,-516578.8283,-437554.38639999996,-454282.5091
8726000,2388.3327,14354.2405,62017.1702,-516382.8491,-437623.10569999996,-454365.6789
8727000,2401.952,14315.3751,62283.5667,-516707.0819,-437706.18809999997,-454423.51519999997
8728000,2380.8451,14313.6277,62090.4241,-516535.365,-437750.4681,-454444.9409
8729000,2362.737,14370.3693,62000.59,-515982.1964,-437248.5001,-453981.60640000005
8730000,2368.0493,14451.9715,62063.5151,-517034.2379,-438150.70200000005,-454970.7228
8731000,2348.413,14421.1453,61890.64,-516640.6263,-437980.428,-454749.9863
8732000,2376.6056,14375.8749,62560.7275,-517509.2655,-438196.0575,-454948.538
8733000,2350.5307,14277.1505,62286.7646,-516699.9288,-437785.483,-454413.1642
8734000,2390.8951,14325.5992,62300.5413,-516759.5205,-437742.4849,-454458.9792
8735000,2353.0166,14346.9538,62241.2414,-516514.5828,-437573.371,-454273.3414
8736000,2376.6749,14306.1834,62092.1018,-516467.5969,-437692.6368,-454375.4951
8737000,2400.8061,14290.2293,61883.8498,-515950.4493,-437375.56409999996,-454066.59949999995
8738000,2350.4862,14268.5384,62281.7899,-516642.8925,-437742.078,-454361.1026
8739000,2369.3773,14401.9785,61941.0245,-516438.576,-437726.19570000004,-454497.5515
8740000,2396.6959,14323.8034,62091.6943,-516325.0501,-437512.8565,-454233.3558
8741000,2370.46,14363.8629,61930.8289,-516803.5399,-438138.3881,-454872.71099999995
8742000,2392.2397,14334.5786,62400.0751,-516270.2039,-437143.3105,-453870.1288
8743000,2346.0752,14459.7332,62148.0472,-516606.1685,-437652.3129,-454458.1213
8744000,2313.1561,14213.0062,61967.5044,-515224.2478,-436730.5811,-453256.74340000004
8745000,2413.0461,14338.8224,61765.5752,-514823.2391,-436305.7954,-453057.6639
8746000,2379.4061,14308.2381,62024.0923,-516330.261,-437618.5245,-454306.1687
8747000,2401.2748,14346.3633,61916.4715,-516307.3216,-437643.21200000006,-454390.85010000004
8748000,2381.4646,14375.6994,62395.8784,-517015.0606,-437862.01820000005,-454619.18220000004
8749000,2360.6165,14280.9233,62049.2523,-516425.5841,-437734.792,-454376.3318
8750000,2397.3387,14346.9053,61598.8551,-516092.4157,-437749.3166,-454493.5606
8751000,2406.0125,14299.1623,61757.9142,-515627.3304,-437164.24139999994,-453869.4162
8752000,2357.3815,14241.442,62200.3448,-516424.0276,-437624.8593,-454223.68279999995
8753000,2397.0589,14302.8636,62087.8502,-516272.8676,-437485.0949,-454185.0174
8754000,2375.3343,14367.4505,61464.7733,-515666.8324,-437459.27430000005,-454202.0591
8755000,2410.3804,14282.6659,61807.2478,-515762.1898,-437261.8957,-453954.942
8756000,2403.7675,14339.529,61727.9321,-515452.1082,-436980.8796,-453724.17610000004
8757000,2380.9389,14430.3212,61768.5955,-516361.8056,-437781.95,-454593.2101
8758000,2419.378,14332.247,62280.3214,-516787.0331,-437755.0867,-454506.7117
8759000,2362.7892,14320.5858,62520.8169,-517439.7049,-438235.51300000004,-454918.88800000004
8760000,2393.4834,14436.4789,62295.5988,-516758.9467,-437633.3856,-454463.3479
8761000,2374.9091,14315.6565,61556.9819,-515655.5929,-437408.0454,-454098.611
8762000,2382.3222,14256.7978,62295.7449,-516544.364,-437609.4991,-454248.6191
8763000,2376.885,14437.3107,61867.6506,-516306.0522,-437624.20589999994,-454438.4016
8764000,2354.9152,14356.0029,62150.4857,-516418.9581,-437557.55429999996,-454268.47239999997
8765000,2359.9807,14269.0137,61933.6214,-516162.9144,-437600.2986,-454229.293
8766000,2400.1252,14282.6601,61827.0672,-516186.9909,-437677.1384,-454359.9237
8767000,2392.1363,14293.6156,62046.731,-516654.1926,-437921.7097,-454607.46160000004
8768000,2365.8145,14287.1858,62169.4344,-516434.0512,-437611.6165,-454264.61679999996
8769000,2366.4386,14341.0895,62654.1565,-516899.8093,-437538.12470000004,-454245.65280000004
8770000,2397.5639,14415.16,61965.8732,-516577.7695,-437799.1724,-454611.8963
8771000,2375.9114,14268.2821,62361.0091,-516704.7488,-437699.5462,-454343.7397
8772000,2365.4597,14237.4938,61870.1018,-516094.9719,-437621.9166,-454224.8701
8773000,2360.722,14277.3908,62475.537,-517349.0296,-438235.3798,-454873.4926
8774000,2362.1825,14280.1163,61735.7896,-516280.8431,-437902.7547,-454545.0535
8775000,2350.967,14411.0164,62212.0473,-516532.5146,-437558.4839,-454320.4673
8776000,2363.8257,14343.2421,62032.2028,-515876.849,-437137.5784,-453844.64619999996
8777000,2391.8018,14356.8085,61505.822,-515652.6394,-437398.2071,-454146.8174
8778000,2337.7925,14313.7103,62368.2392,-516688.559,-437668.81700000004,-454320.3198
8779000,2390.698,14305.4134,62069.0336,-515782.6825,-437017.5375,-453713.6489
8780000,2367.0159,14306.2767,62083.3015,-516020.2792,-437263.6851,-453936.9777
8781000,2392.7303,14220.4483,62011.1514,-516062.4406,-437438.11059999996,-454051.2892
8782000,2352.5965,14309.653,61843.8637,-516584.6959,-438078.58269999997,-454740.8322
8783000,2382.397,14378.4398,61989.2899,-516545.674,-437795.5473,-454556.3841
8784000,2364.0008,14349.596,62145.7353,-516568.0121,-437708.68,-454422.2768
8785000,2361.5288,14316.1945,62058.7578,-516629.1503,-437892.6692,-454570.39249999996
8786000,2376.4288,14309.2791,62018.4967,-516341.4034,-437637.1988,-454322.9067
8787000,2361.5694,14311.7802,62099.6532,-516254.1188,-437481.116,-454154.4656
8788000,2379.383,14355.6619,61844.83,-516177.7698,-437597.8949,-454332.9398
8789000,2383.3868,14328.7181,62180.1365,-516073.2303,-437180.9889,-453893.0938
8790000,2382.414,14396.4117,62233.2674,-517583.2457,-438571.15260000003,-455349.9783
8791000,2376.3195,14357.7626,62198.408,-516147.9494,-437215.4593,-453949.5414
8792000,2378.6213,14290.4498,62019.2933,-516628.6397,-437940.2753,-454609.3464
8793000,2379.8805,14261.1168,62035.9474,-516724.2777,-438047.333,-454688.3303
8794000,2392.5913,14425.7431,61658.6311,-515702.014,-437225.04850000003,-454043.3829
8795000,2390.8333,14217.9581,61950.3874,-516320.8173,-437761.6385,-454370.4299
8796000,2382.9782,14361.505,61641.0376,-515787.8101,-437402.2893,-454146.7725
8797000,2376.2699,14301.7752,62033.0151,-516192.8992,-437481.839,-454159.88409999997
8798000,2371.5348,14433.5587,61832.7595,-515368.9286,-436731.0756,-453536.1691
8799000,2402.8872,14392.0991,61629.4131,-515533.8679,-437109.4685,-453904.4548
8800000,2351.7626,14311.115,61636.9016,-515543.515,-437243.7358,-453906.61340000003
8801000,2347.6259,14319.6408,61883.1226,-516603.7065,-438053.31719999993,-454720.58389999997
8802000,2432.7474,14388.0646,62122.9535,-516312.3074,-437368.54189999995,-454189.3539
8803000,2408.1153,14365.855,62006.64,-516674.7696,-437894.1593,-454668.1296
8804000,2385.9872,14422.0025,62311.2393,-516503.2831,-437384.0541,-454192.0438
8805000,2392.4914,14331.6895,61885.0089,-516350.2987,-437741.1089,-454465.28979999997
8806000,2427.0236,14390.5347,61570.8697,-515008.1116,-436619.6836,-453437.2419
8807000,2385.6328,14271.2559,62262.8816,-516498.777,-437579.0067,-454235.8954
8808000,2379.5209,14321.653,61941.8962,-515796.3829,-437153.3128,-453854.4867
8809000,2385.6184,14433.4221,62348.3383,-517184.6706,-438017.2918,-454836.3323
8810000,2359.1507,14370.6767,62164.4768,-516679.826,-437785.5218,-454515.3492
8811000,2361.2038,14393.0738,62053.4251,-516223.8796,-437416.17689999996,-454170.4545
8812000,2361.3339,14336.1666,61927.1591,-516677.4802,-438052.8206,-454750.3211
8813000,2407.3725,14411.773,61559.78,-515996.7955,-437617.87,-454437.0155
8814000,2355.1143,14382.9866,61865.2311,-516020.8049,-437417.4729,-454155.5738
8815000,2349.0553,14305.7321,61801.4794,-516269.2337,-437812.9669,-454467.7543
8816000,2365.8162,14380.0825,62370.9677,-517269.4789,-438152.6125,-454898.5112
8817000,2390.7343,14319.6285,61688.8957,-515399.7461,-437000.4876,-453710.8504
8818000,2373.2557,14440.4155,61758.6439,-516378.9151,-437806.6,-454620.27119999996
8819000,2344.8637,14309.6351,62036.285,-515919.8444,-437229.06059999997,-453883.5594
8820000,2362.4009,14288.4008,62143.3203,-516398.3374,-437604.2154,-454255.0171
8821000,2405.0778,14260.1633,62519.5265,-516906.9517,-437722.18409999995,-454387.4252
8822000,2347.1875,14348.4479,61948.2347,-515990.9148,-437347.0447,-454042.6801
8823000,2360.1178,14419.8537,61453.7482,-515429.9013,-437196.1816,-453976.1531
8824000,2381.2682,14370.764,61972.0119,-516360.5443,-437636.5002,-454388.5324
8825000,2382.6423,14353.4978,62083.5272,-516397.1743,-437577.507,-454313.6471
8826000,2375.4232,14354.8545,61831.6586,-516193.9526,-437632.0163,-454362.294
8827000,2374.4816,14283.8998,61663.6468,-515778.7343,-437456.7061,-454115.0875
8828000,2371.6707,14383.455,62033.3329,-516702.4166,-437913.958,-454669.0837
8829000,2380.5545,14416.0131,62022.1337,-516568.0968,-437749.3955,-454545.9631
8830000,2409.7715,14364.4455,62099.7396,-515896.5376,-437022.581,-453796.79799999995
8831000,2379.7509,14385.2007,62092.8288,-516518.0977,-437660.3173,-454425.26889999997
8832000,2399.6959,14449.2384,61271.7894,-515494.1275,-437373.4038,-454222.3381
8833000,2371.3762,14264.7232,61437.5338,-515276.9862,-437203.353,-453839.4524
8834000,2391.9933,14422.1715,61966.7529,-516164.4927,-437383.575,-454197.7398
8835000,2359.251,14335.6689,62048.0995,-516127.4337,-437384.4143,-454079.3342
8836000,2396.7886,14499.0083,61818.9054,-516432.6809,-437717.9786,-454613.7755
8837000,2361.2966,14305.5398,62426.4693,-517637.7952,-438544.4895,-455211.3259
8838000,2379.0616,14368.9306,62138.2896,-517199.5406,-438313.2588,-455061.251
8839000,2419.5316,14321.8204,62338.3669,-516041.1232,-436961.40429999994,-453702.75629999995
8840000,2409.3367,14317.4681,61801.513,-515989.2398,-437460.922,-454187.7268
8841000,2385.5158,14348.4587,62129.4428,-516294.4915,-437431.07420000003,-454165.0487
8842000,2354.1377,14269.6601,62236.628,-517085.3335,-438224.9077,-454848.70550000004
8843000,2395.0392,14261.22,61875.6117,-516080.8869,-437549.01599999995,-454205.2752
8844000,2370.9087,14289.5534,61320.215,-515411.1393,-437430.46219999995,-454090.92429999996
8845000,2375.0443,14303.4827,61715.7369,-515827.1497,-437432.8858,-454111.4128
8846000,2394.755,14487.3323,61902.8032,-515874.3587,-437089.4682,-453971.55549999996
8847000,2362.5918,14533.3708,61551.1085,-515835.0857,-437388.0146,-454283.97719999996
8848000,2338.8976,14370.1819,61536.0943,-515895.2896,-437650.1158,-454359.1953
8849000,2414.5811,14460.1841,61402.7327,-515291.4265,-437013.9286,-453888.6938
8850000,2408.8438,14384.178,61527.2126,-515621.6895,-437301.45509999996,-454094.4769
8851000,2371.3097,14384.1869,61401.6104,-515326.7025,-437169.59550000005,-453925.0921
8852000,2364.9311,14319.1557,61907.5263,-515567.7453,-436976.1322,-453660.21900000004
8853000,2383.5948,14359.7572,62201.9895,-515940.176,-436994.8345,-453738.18649999995
8854000,2376.5927,14369.0573,62204.5821,-516948.4589,-437998.22680000006,-454743.8768
8855000,2405.3384,14601.6242,62083.543,-516703.8819,-437613.3763,-454620.3389
8856000,2420.2204,14346.3891,62598.9075,-517055.6926,-437690.1756,-454456.7851
8857000,2385.0403,14392.9937,61843.6407,-516241.7647,-437620.08999999997,-454398.124
8858000,2397.7563,14379.5694,62064.659,-516703.2177,-437861.233,-454638.5587
8859000,2378.3065,14373.6408,61434.8265,-516336.7124,-438149.9386,-454901.8859
8860000,2389.7608,14385.1348,62226.9506,-516721.2216,-437719.3754,-454494.271
8861000,2387.4568,14454.7555,61822.7904,-515998.9244,-437333.9217,-454176.134
8862000,2392.6805,14388.4107,61375.7617,-515151.4546,-436994.6017,-453775.6929
8863000,2373.5794,14496.9729,61347.9826,-515417.7898,-437199.25490000006,-454069.80720000004
8864000,2359.0388,14308.7398,61636.5192,-515628.2144,-437323.9166,-453991.6952
8865000,2385.7619,14421.4247,62228.1562,-516380.6403,-437345.29750000004,-454152.4841
8866000,2378.8382,14363.0893,62143.7341,-516242.8464,-437357.1848,-454099.1123
8867000,2415.3714,14387.3949,62193.4516,-516561.0486,-437564.8307,-454367.59699999995
8868000,2364.5156,14454.829,61848.3037,-516064.6354,-437396.9871,-454216.33170000004
8869000,2371.0571,14408.2783,61871.8323,-515696.9215,-437045.7538,-453825.0892
8870000,2391.881,14232.6195,62086.8971,-516219.7021,-437508.30449999997,-454132.805
8871000,2385.8592,14283.3505,61797.0498,-515909.0799,-437442.8204,-454112.03010000003
8872000,2361.4519,14306.5907,62376.3439,-516537.445,-437493.05850000004,-454161.1011
8873000,2350.4942,14415.7562,61783.5117,-517133.1364,-438583.3743,-455349.62470000004
8874000,2402.9733,14343.7447,61837.4042,-515943.8899,-437359.7677,-454106.4857
8875000,2417.369,14384.4809,61929.3385,-516363.3572,-437632.16880000004,-454434.0187
8876000,2391.7755,14341.7341,61818.4127,-515763.0013,-437211.079,-453944.5886
8877000,2385.7572,14446.5069,61636.2721,-515527.2061,-437058.6699,-453890.934
8878000,2370.4132,14488.4694,61825.0967,-516274.9929,-437591.0136,-454449.8962
8879000,2366.3353,14314.8427,61721.9438,-516430.8718,-438027.75,-454708.928
8880000,2388.0972,14405.6723,62386.8204,-516793.0962,-437612.5063,-454406.27580000006
8881000,2353.9392,14296.4458,62159.1594,-516302.872,-437493.32759999996,-454143.71259999997
8882000,2381.7365,14349.8729,61615.8122,-515116.019,-436768.59739999997,-453500.2068
8883000,2345.9444,14271.5495,62311.4719,-516171.2661,-437242.3003,-453859.7942
8884000,2363.188,14321.2245,61982.2213,-515961.8183,-437295.1845,-453979.597
8885000,2386.4503,14363.9853,62085.9606,-516508.2183,-437671.8221,-454422.2577
8886000,2373.2286,14318.2801,62434.5904,-516136.3558,-437010.2567,-453701.76540000003
8887000,2414.2315,14284.4088,61766.1176,-515761.8276,-437297.0697,-453995.71
8888000,2406.753,14326.7476,62297.3069,-516236.4821,-437205.6746,-453939.1752
8889000,2390.1067,14344.0881,61702.8009,-516264.9762,-437827.98049999995,-454562.1753
8890000,2368.1517,14447.0447,62438.9056,-517341.0396,-438086.9376,-454902.134
8891000,2358.3209,14338.9988,62047.8205,-516431.6601,-437686.51989999996,-454383.83959999995
8892000,2388.9243,14392.7936,62496.0637,-517204.9358,-437927.1542,-454708.8721
8893000,2386.405,14337.3225,62597.3066,-516617.0844,-437296.0503,-454019.7778
8894000,2409.9396,14396.0161,61988.2014,-516426.3676,-437632.2105,-454438.1662
8895000,2359.3355,14317.7502,61946.912,-516027.3818,-437403.38409999997,-454080.46979999996
8896000,2375.9219,14238.6031,62223.0821,-516811.5784,-437973.9713,-454588.4963
8897000,2413.6969,14256.5976,61918.2571,-516151.3554,-437562.8038,-454233.0983
8898000,2362.2058,14467.0128,62054.2259,-516470.5694,-437587.1249,-454416.34349999996
8899000,2367.5308,14409.6651,62027.5351,-516151.9796,-437347.24860000005,-454124.44450000004
8900000,2357.2737,14321.7473,62309.9922,-516514.6484,-437525.6352,-454204.6562
8901000,2357.0226,14299.0423,62119.3614,-516129.6742,-437354.2479,-454010.3128
8902000,2372.9344,14415.8864,62301.5732,-516726.2017,-437635.8077,-454424.6285
8903000,2375.542,14360.9753,62080.3134,-516648.2241,-437831.3934,-454567.9107
8904000,2390.435,14444.1631,61699.8469,-515493.1036,-436958.65859999997,-453793.25669999997
8905000,2393.6297,14360.7402,62097.3919,-516260.3219,-437408.5601,-454162.93
8906000,2365.5011,14359.7024,61904.7898,-516184.2654,-437554.27209999994,-454279.4756
8907000,2371.6731,14469.1501,61782.4506,-515991.9121,-437368.6383,-454209.46150000003
8908000,2337.4009,14407.3781,62267.0314,-516944.4505,-437932.64009999996,-454677.4191
8909000,2393.6335,14403.1262,62150.2249,-516765.1807,-437818.19610000006,-454614.9558
8910000,2365.6767,14326.9831,62424.9268,-516898.6408,-437781.0542,-454473.714
8911000,2388.2947,14285.058,62088.7865,-517020.2776,-438258.13839999994,-454931.4911
8912000,2364.8233,14374.1233,61942.7205,-516277.4666,-437595.79949999996,-454334.7461
8913000,2372.9672,14317.9932,61912.6907,-516525.6964,-437922.0453,-454613.00570000004
8914000,2399.148,14340.567,62038.4106,-515899.2733,-437121.1477,-453860.8627
8915000,2341.4363,14306.1048,62109.9075,-516459.896,-437702.4474,-454349.9885
8916000,2410.6364,14311.9331,61919.077,-516060.5244,-437418.87789999996,-454141.4474
8917000,2365.0333,14341.4108,62115.5498,-516078.9038,-437256.90989999997,-453963.354
8918000,2406.5879,14410.7121,61850.0598,-515348.3363,-436680.9765,-453498.27650000004
8919000,2390.5222,14468.6352,61723.7874,-515894.0502,-437311.1054,-454170.2628
8920000,2374.5195,14310.656,61758.1868,-515946.5047,-437503.1424,-454188.31789999997
8921000,2392.994,14350.256,62361.2175,-516723.0126,-437618.5451,-454361.7951
8922000,2387.2496,14391.1859,61629.3949,-515361.056,-436953.2256,-453731.66109999997
8923000,2414.492,14403.9774,62211.6709,-516419.5345,-437389.3942,-454207.86360000004
8924000,2393.131,14384.5947,62272.9938,-516616.1169,-437565.3974,-454343.1231
8925000,2351.1366,14299.0622,62043.6078,-516205.1955,-437511.38889999996,-454161.5877
8926000,2401.487,14459.1445,61927.4256,-516330.3658,-437542.30870000005,-454402.9402
8927000,2398.474,14437.2778,61754.2768,-515527.7401,-436937.7115,-453773.4633
8928000,2376.792,14351.8847,62009.7044,-516624.0744,-437885.6933,-454614.37
8929000,2414.0701,14470.8126,61974.4902,-516124.7382,-437265.3653,-454150.248
8930000,2356.7939,14356.8478,61944.7454,-515969.878,-437311.49090000003,-454025.1326
8931000,2373.7858,14389.2425,61870.4796,-515932.358,-437298.85010000004,-454061.8784
8932000,2417.0683,14364.4314,61987.8553,-515946.3078,-437176.95279999997,-453958.4525
8933000,2421.3725,14500.9495,62035.6571,-516023.391,-437065.4119,-453987.7339
8934000,2383.8859,14297.3719,61997.9021,-515376.0554,-436696.8955,-453378.1533
8935000,2387.7993,14426.708,61888.2673,-515969.9823,-437267.20769999997,-454081.71499999997
8936000,2350.625,14359.2797,61516.8074,-515441.4222,-437214.71009999997,-453924.6148
8937000,2424.0439,14374.8713,61838.9114,-516386.5889,-437748.76229999994,-454547.6775
8938000,2348.4533,14356.7065,62172.3147,-516681.2639,-437803.7894,-454508.94920000003
8939000,2381.7042,14389.7359,62788.0683,-517830.7717,-438271.2633,-455042.7034
8940000,2376.2464,14340.6399,62149.2805,-516494.1362,-437627.9694,-454344.8557
8941000,2382.1825,14352.982,61704.84,-516180.4652,-437740.4607,-454475.6252
8942000,2410.1925,14389.1009,61925.5456,-516626.1276,-437901.2886,-454700.582
8943000,2364.0724,14409.595,62568.6308,-516938.7265,-437596.4283,-454370.0957
8944000,2390.6803,14290.8221,61892.1699,-516040.7085,-437467.0362,-454148.5386
8945000,2399.9143,14421.4598,61334.667,-514834.57,-436678.52890000003,-453499.903
8946000,2373.0762,14301.6049,61863.4255,-516674.8274,-438136.7208,-454811.4019
8947000,2345.0194,14341.9835,62699.713,-517070.9691,-437684.2532,-454371.2561
8948000,2417.1809,14355.9513,61851.8819,-516816.5585,-438191.5444,-454964.6766
8949000,2363.7715,14413.8236,62096.7371,-516829.0014,-437954.6692,-454732.26430000004
8950000,2399.3736,14365.0524,61911.3687,-516453.6886,-437777.8939,-454542.3199
8951000,2433.7241,14546.9495,62088.5846,-516278.1308,-437208.8726,-454189.5462
8952000,2391.4626,14415.3307,61734.1179,-515755.4667,-437214.5555,-454021.3488
8953000,2371.7749,14411.4115,62730.316,-517377.0484,-437863.54600000003,-454646.73240000004
8954000,2382.0488,14314.2757,62493.6595,-516933.6325,-437743.6485,-454439.973
8955000,2372.8656,14360.2636,62166.4365,-516836.0526,-437936.4869,-454669.6161
8956000,2385.5222,14479.6382,61763.0326,-516797.9475,-438169.75450000004,-455034.91490000003
8957000,2332.8408,14326.3729,61671.4339,-515989.8649,-437659.2173,-454318.431
8958000,2408.0591,14339.6773,62087.3702,-516936.2576,-438101.151,-454848.8874
8959000,2406.977,14333.8838,62365.5849,-517011.3674,-437904.9217,-454645.7825
8960000,2378.0384,14285.6986,62307.9088,-517314.256,-438342.6102,-455006.3472
8961000,2368.2173,14343.4529,62458.1747,-518116.274,-438946.42909999995,-455658.0993
8962000,2389.2079,14344.7397,62402.8772,-517407.8987,-438271.0739,-455005.02150000003
8963000,2363.1471,14348.0711,61463.4474,-515548.8741,-437374.2085,-454085.4267
8964000,2352.625,14327.9996,61728.3101,-515226.6818,-436817.74710000004,-453498.3717
8965000,2358.9931,14545.7453,61553.4998,-516496.2069,-438037.96869999997,-454942.7071
8966000,2382.5827,14377.0099,62407.055,-516920.9837,-437754.33609999996,-454513.9287
8967000,2351.0459,14264.218,61446.77,-515570.9777,-437508.9438,-454124.20769999997
8968000,2366.8998,14308.3057,61809.7203,-516124.9668,-437640.04099999997,-454315.2465
8969000,2371.2288,14335.6317,62380.4901,-516596.0214,-437508.6708,-454215.53130000003
8970000,2365.2424,14334.9208,61668.939,-515500.7322,-437131.63,-453831.7932
8971000,2367.2598,14264.1987,62392.8273,-516693.3388,-437669.053,-454300.5115
8972000,2356.7904,14318.9176,62392.1711,-517028.3525,-437960.4734,-454636.1814
8973000,2383.2232,14308.635,62401.761,-516891.8286,-437798.2094,-454490.0676
8974000,2342.9802,14341.4363,62055.6933,-516497.4308,-437757.321,-454441.7375
8975000,2347.8004,14322.7961,61917.942,-515635.0118,-437046.47329999995,-453717.0698
8976000,2368.6938,14331.2868,62496.8463,-516911.9073,-437715.08040000004,-454415.06100000005
8977000,2373.9205,14354.6802,61870.3492,-516175.3044,-437576.3545,-454304.9552
8978000,2390.1757,14454.6773,62137.6553,-516688.8272,-437706.3189,-454551.1719
8979000,2368.0963,14410.0868,62008.3756,-516595.9918,-437809.4331,-454587.61620000005
8980000,2395.7053,14363.07,61892.9125,-515747.6191,-437095.9313,-453854.70660000003
8981000,2377.6363,14286.0361,61418.8627,-515870.9262,-437788.3911,-454452.0635
8982000,2338.3526,14400.38,62622.5593,-516972.6619,-437611.37,-454350.1026
8983000,2379.7185,14430.7131,61869.1478,-516341.3159,-437661.7365,-454472.1681
8984000,2448.5555,14526.0141,61914.841,-516544.0067,-437654.5961,-454629.1657
8985000,2400.5616,14456.868,61876.7835,-516176.0616,-437441.8485,-454299.2781
8986000,2393.0839,14298.9495,61877.0487,-516244.5464,-437675.4643,-454367.4977
8987000,2364.1002,14437.2989,61713.1566,-516354.7738,-437840.21810000006,-454641.61720000004
8988000,2368.6204,14446.8335,62249.8737,-516541.0131,-437475.6855,-454291.1394
8989000,2373.161,14357.9165,61367.5529,-515465.6018,-437366.97140000004,-454098.0489
8990000,2348.744,14267.1946,61599.9727,-515514.5627,-437298.6514,-453914.59
8991000,2388.6053,14343.4996,62444.8681,-516647.5988,-437470.6258,-454202.73069999996
8992000,2352.5569,14402.4176,62151.2721,-517395.4931,-438489.2465,-455244.221
8993000,2361.4316,14304.7925,61938.8174,-516581.4329,-437976.3914,-454642.6155
8994000,2407.0708,14456.9166,62003.6393,-516139.7462,-437272.1195,-454136.1069
8995000,2365.7657,14314.2857,62008.3344,-515993.0261,-437304.6403,-453984.6917
8996000,2355.3206,14325.7769,62675.9807,-517153.1398,-437796.0616,-454477.1591
8997000,2391.1581,14329.2192,61784.6882,-515815.4528,-437310.38730000006,-454030.76460000005
8998000,2382.2096,14340.69,61537.2638,-516263.2993,-438003.1359,-454726.0355
8999000,2390.0157,14283.2699,62444.382,-517068.3256,-437950.658,-454623.9436
9000000,2396.1298,14331.5514,61821.7568,-516416.8128,-437867.3748,-454595.056
9001000,2396.0629,14396.3595,61697.5155,-516130.6824,-437640.7445,-454433.1669
9002000,2389.9632,14501.6769,61975.0239,-516970.7565,-438104.0925,-454995.7326
9003000,2363.2362,14310.8141,61901.8759,-516206.8577,-437630.9315,-454304.9818
9004000,2382.152,14445.4703,62267.4765,-516680.2164,-437585.1176,-454412.7399
9005000,2387.7684,14383.047,62169.8817,-516203.4502,-437262.75310000003,-454033.56850000005
9006000,2389.5188,14367.8965,62509.5555,-516829.6271,-437562.6563,-454320.07159999997
9007000,2384.9975,14355.1032,62093.0106,-517033.3281,-438200.2168,-454940.3175
9008000,2367.4439,14466.2974,61969.3642,-516982.6895,-438179.584,-455013.32529999997
9009000,2388.9565,14376.8609,62278.2794,-517035.8291,-437991.7323,-454757.5497
9010000,2422.5727,14506.6464,62257.2695,-517149.8753,-437963.38670000003,-454892.6058
9011000,2374.411,14499.6583,62078.2178,-516524.9959,-437572.70879999996,-454446.7781
9012000,2363.3357,14481.1674,62662.6019,-517370.1894,-437863.08439999993,-454707.58749999997
9013000,2339.5058,14361.799,62672.169,-516629.9565,-437256.48269999993,-453957.7875
9014000,2386.4694,14373.5009,62117.1006,-516371.6564,-437494.5855,-454254.5558
9015000,2384.2548,14322.4347,61658.6317,-515441.6724,-437076.3512,-453783.0407
9016000,2348.8317,14371.0064,61614.2718,-515297.9336,-436963.82369999995,-453683.6618
9017000,2376.2803,14414.1873,61225.5869,-515247.2002,-437231.1457,-454021.6133
9018000,2384.3901,14437.7084,61904.2372,-515931.5027,-437205.167,-454027.2655
9019000,2367.9665,14347.666,61603.2634,-515951.4703,-437632.5744,-454348.2069
9020000,2378.7859,14361.6796,61311.032,-515059.646,-437008.1485,-453748.614
9021000,2386.0925,14408.2972,62350.804,-516778.1748,-437632.9811,-454427.3708
9022000,2409.4439,14371.7586,62114.617,-516195.8923,-437300.0728,-454081.2753
9023000,2394.1596,14420.7369,61926.8815,-516380.5569,-437638.77890000003,-454453.6754
9024000,2341.1656,14386.8452,61662.0981,-515602.5757,-437212.4668,-453940.4776
9025000,2356.9116,14305.2006,61970.3031,-515814.109,-437181.6937,-453843.8059
9026000,2378.5817,14351.9516,61968.6745,-515618.5629,-436919.35510000004,-453649.8884
9027000,2403.3045,14284.6996,61915.1187,-516145.2808,-437542.158,-454230.1621
9028000,2376.4992,14394.4394,61344.5835,-515857.6882,-437742.1661,-454513.10469999997
9029000,2366.224,14317.7135,61859.2945,-515462.9928,-436919.7608,-453603.6983
9030000,2390.0751,14344.0532,62274.902,-517420.1661,-438411.1358,-455145.2641
9031000,2389.1171,14369.7267,61992.5213,-516251.6512,-437500.2861,-454259.1299
9032000,2365.7554,14389.3906,61949.646,-516491.6327,-437786.8407,-454541.9867
9033000,2414.244,14386.9681,61754.1935,-516524.9832,-437969.5776,-454770.7897
9034000,2415.852,14455.9829,62101.2373,-516561.7914,-437588.7192,-454460.5541
9035000,2396.8975,14373.7308,62520.6592,-517579.4309,-438288.14339999994,-455058.7717
9036000,2382.1647,14320.1708,61571.2852,-516447.3929,-438173.7722,-454876.1077
9037000,2384.8886,14319.263,61558.5981,-516348.8611,-438086.1114,-454790.263
9038000,2354.2935,14305.7776,61743.1396,-516783.6579,-438380.4472,-455040.5183
9039000,2390.4883,14485.4632,61847.6205,-516242.295,-437518.723,-454394.67449999996
9040000,2401.8381,14347.3941,61600.2507,-515164.08,-436814.5971,-453563.82930000004
9041000,2382.6973,14396.2646,62203.1799,-516462.0216,-437479.8798,-454258.8417
9042000,2338.274,14368.2601,62135.9377,-516276.0511,-437433.5793,-454140.1134
9043000,2384.5756,14283.4716,61494.6991,-515441.4883,-437278.742,-453946.7892
9044000,2393.6207,14372.2513,61874.5428,-515967.012,-437326.59719999996,-454092.4692
9045000,2370.033,14436.7923,61567.5422,-515953.5272,-437579.1597,-454385.985
9046000,2428.5731,14434.9753,62274.5463,-516746.5502,-437608.4555,-454472.0039
9047000,2346.1052,14426.8498,61830.1271,-515528.95,-436925.8679,-453698.8229
9048000,2380.5122,14344.1931,61597.1202,-515872.7055,-437550.88,-454275.5853
9049000,2371.5802,14336.9821,61767.5375,-515798.8373,-437322.73750000005,-454031.29980000004
9050000,2377.6449,14425.9726,61780.6144,-516147.5163,-437563.2844,-454366.9019
9051000,2390.4853,14430.9155,61739.393,-515902.5852,-437341.7914,-454163.1922
9052000,2385.0355,14397.1593,61777.5454,-515615.7014,-437055.9612,-453838.156
9053000,2363.4167,14370.9931,61981.6967,-516101.2619,-437385.1554,-454119.56519999995
9054000,2378.363,14386.6209,61710.1048,-515990.7918,-437515.70310000004,-454280.68700000003
9055000,2373.4664,14349.9289,62443.4776,-516803.7878,-437636.9149,-454360.3102
9056000,2380.1296,14306.494,61687.486,-515780.9586,-437406.84900000005,-454093.47260000004
9057000,2374.8371,14500.2223,61847.3461,-515633.6923,-436911.2868,-453786.34619999997
9058000,2355.3045,14326.122,61621.9717,-515575.2621,-437271.8639,-453953.2904
9059000,2352.6034,14290.5131,62072.2609,-516004.9097,-437289.5323,-453932.6488
9060000,2369.2919,14360.6455,62076.2706,-516404.588,-437598.38,-454328.3174
9061000,2401.5876,14360.7045,61867.8504,-516371.1,-437740.95749999996,-454503.2496
9062000,2369.9973,14453.7328,62428.4579,-516966.273,-437714.08499999996,-454537.8151
9063000,2409.8923,14449.7392,61957.0348,-516380.4655,-437563.7992,-454423.43069999997
9064000,2382.4953,14379.3022,61807.9913,-516955.8319,-438386.0431,-455147.8406
9065000,2380.8784,14435.9355,61746.8208,-515987.1188,-437423.4841,-454240.298
9066000,2369.1613,14304.6052,61728.4224,-515232.8221,-436830.6332,-453504.3997
9067000,2375.646,14486.931,61291.7189,-515598.6038,-437444.3079,-454306.8849
9068000,2385.7881,14356.3776,61645.2674,-515977.9574,-437590.52430000005,-454332.69
9069000,2418.2793,14304.1613,61841.3653,-515567.2911,-437003.4852,-453725.92579999997
9070000,2412.0341,14384.9459,61812.7417,-515901.7468,-437292.0251,-454089.0051
9071000,2346.4474,14413.4197,61607.5228,-515917.5934,-437550.2035,-454310.07060000004
9072000,2352.6544,14284.4893,62133.5586,-516296.2843,-437525.582,-454162.7257
9073000,2411.0089,14398.3352,61846.5319,-516168.7609,-437512.8849,-454322.229
9074000,2397.8233,14313.0786,61698.674,-516002.5119,-437592.936,-454303.8379
9075000,2357.1328,14352.4544,61783.7443,-516316.9322,-437823.60069999995,-454533.18789999996
9076000,2376.62,14332.9049,61819.7107,-515389.6593,-436860.4237,-453569.9486
9077000,2398.2677,14447.5773,61886.9171,-515755.147,-437022.3849,-453868.2299
9078000,2382.9856,14268.6614,62293.4655,-516210.3727,-437265.2602,-453916.9072
9079000,2391.217,14354.1516,62383.9334,-516831.7235,-437702.42150000005,-454447.79010000004
9080000,2420.9078,14380.1761,62244.0342,-516791.8807,-437746.76259999996,-454547.8465
9081000,2367.2716,14442.2362,61862.7955,-515907.351,-437235.0477,-454044.5555
9082000,2376.979,14298.1108,61896.5582,-517040.3906,-438468.7426,-455143.83239999996
9083000,2379.5107,14311.9942,62016.2556,-516951.698,-438243.9375,-454935.4424
9084000,2366.4021,14420.7854,62490.5872,-517277.97,-438000.19529999996,-454787.38279999996
9085000,2397.2852,14445.1362,61700.874,-516075.0211,-437531.7257,-454374.1471
9086000,2375.5419,14323.3074,61980.5797,-516525.2603,-437845.8313,-454544.6806
9087000,2404.9218,14341.6267,62423.5693,-516792.9039,-437622.78609999997,-454369.33459999994
9088000,2388.6173,14359.1111,61388.6951,-515661.8695,-437525.446,-454273.17439999996
9089000,2373.2214,14444.1936,61993.7577,-515875.1771,-437064.0044,-453881.41939999996
9090000,2346.8261,14377.7305,61230.0095,-515129.2379,-437174.6718,-453899.2284
9091000,2339.1996,14355.8289,61549.7889,-515178.9572,-436934.1398,-453629.1683
9092000,2381.9321,14454.0632,61493.4203,-515355.4035,-437025.9879,-453861.9832
9093000,2392.2024,14380.3728,61827.888,-516007.5761,-437407.1129,-454179.6881
9094000,2349.3254,14433.7805,61606.9287,-515438.4839,-437048.4493,-453831.5552
9095000,2398.9145,14346.0829,62325.4739,-517043.3698,-437972.8985,-454717.8959
9096000,2406.0058,14414.5424,62179.9613,-517449.1277,-438448.6182,-455269.1664
9097000,2382.9899,14431.994,62002.715,-516163.9224,-437346.22349999996,-454161.20739999996
9098000,2352.1282,14496.9609,61648.4355,-516591.1632,-438093.6386,-454942.7277
9099000,2383.9315,14457.7748,61765.4995,-516100.2443,-437493.0385,-454334.74480000004
9100000,2399.9308,14495.4298,62053.0371,-516712.5474,-437764.14969999995,-454659.51029999997
9101000,2350.034,14309.7071,62202.0019,-516641.7804,-437780.0374,-454439.7785
9102000,2359.847,14381.0533,61884.0179,-515429.1162,-436804.198,-453545.0983
9103000,2413.7242,14408.2938,62009.4666,-515921.243,-437089.75840000005,-453911.77640000003
9104000,2391.7513,14355.4734,61300.012,-515134.6741,-437087.4374,-453834.6621
9105000,2376.9188,14403.1658,61533.5248,-515574.5736,-437260.9642,-454041.0488
9106000,2384.7527,14374.5888,62193.2607,-516513.0982,-437560.49600000004,-454319.8375
9107000,2368.2958,14434.8674,61810.4206,-516411.0223,-437797.43850000005,-454600.6017
9108000,2385.5961,14231.8526,61928.2532,-516076.6627,-437530.9608,-454148.4095
9109000,2383.5982,14367.8089,62021.6652,-516453.3437,-437680.2714,-454431.67850000004
9110000,2398.1521,14380.6628,61646.7324,-516123.1596,-437697.61230000004,-454476.42720000003
9111000,2359.0779,14466.5788,62725.118,-517025.134,-437474.3593,-454300.016
9112000,2362.0218,14444.6502,61738.4699,-516365.0148,-437819.8729,-454626.5449
9113000,2330.4698,14377.6571,62147.3437,-516555.7921,-437700.3215,-454408.4484
9114000,2378.7561,14433.0093,61428.2271,-515291.4818,-437051.4893,-453863.2547
9115000,2373.0696,14351.7291,61946.3472,-516197.9374,-437526.7915,-454251.5902
9116000,2357.4558,14386.5101,61724.1974,-516468.7138,-438000.5505,-454744.5164
9117000,2366.4612,14391.7901,62426.7577,-517168.5422,-437983.5332,-454741.7845
9118000,2368.3593,14385.8797,62001.3603,-515793.3453,-437037.746,-453791.985
9119000,2351.9989,14352.6525,61723.8138,-515434.7661,-437006.30090000003,-453710.9523
9120000,2371.5109,14264.041,62146.1373,-516144.3772,-437362.68799999997,-453998.2399
9121000,2387.2464,14351.0886,62238.191,-516381.2561,-437404.7301,-454143.0651
9122000,2355.8191,14415.2416,62065.7223,-516231.3493,-437394.5663,-454165.627
9123000,2415.5653,14379.4783,61910.9094,-516403.5205,-437697.5675,-454492.6111
9124000,2374.4122,14351.9142,62083.7296,-516253.8888,-437443.83280000003,-454170.1592
9125000,2363.1263,14344.8636,61805.2798,-516211.8603,-437698.5906,-454406.5805
9126000,2353.0448,14306.7956,62370.2406,-516691.3106,-437661.2296,-454321.07
9127000,2375.0179,14354.9492,61627.1916,-515926.5389,-437569.3802,-454299.34729999996
9128000,2394.0507,14438.6497,61811.9452,-516636.6615,-437992.0159,-454824.7163
9129000,2381.2697,14421.4319,62048.8213,-516241.2938,-437389.7709,-454192.4725
9130000,2359.5613,14357.1178,61446.2894,-515097.5024,-436934.5339,-453651.213
9131000,2372.2645,14275.8947,61779.003,-516224.1684,-437797.00620000006,-454445.16540000006
9132000,2406.4531,14393.9139,62111.0646,-516164.6247,-437253.1931,-454053.5601
9133000,2374.4943,14282.0631,61792.8914,-516567.6264,-438118.1776,-454774.735
9134000,2364.105,14373.4269,62055.045,-516755.4752,-437962.8983,-454700.4302
9135000,2366.4154,14430.2105,62052.8062,-516664.6745,-437815.2424,-454611.86830000003
9136000,2368.1256,14485.5694,61973.4258,-516558.4923,-437731.3715,-454585.06649999996
9137000,2357.2739,14344.5052,61754.2063,-515746.4431,-437290.45769999997,-453992.23679999996
9138000,2352.3436,14327.785,62063.5158,-516483.088,-437739.4436,-454419.5722
9139000,2375.4603,14393.174,61804.5275,-516138.3054,-437565.1436,-454333.7779
9140000,2358.8605,14361.1726,62336.3833,-517189.8304,-438133.414,-454853.4471
9141000,2368.7125,14409.4758,62153.6704,-516448.8475,-437516.98879999993,-454295.1771
9142000,2414.9417,14395.3803,62064.488,-516816.9035,-437942.0935,-454752.4155
9143000,2370.8317,14487.1315,62056.8423,-516257.6164,-437342.81090000004,-454200.7741
9144000,2337.9929,14343.3641,61717.3647,-515647.331,-437248.6093,-453929.96630000003
9145000,2363.1943,14458.0952,61386.4154,-515827.375,-437619.6701,-454440.9596
9146000,2375.4187,14252.5931,62023.9697,-515997.4175,-437345.436,-453973.44779999997
9147000,2340.4218,14330.8959,61542.8904,-515395.9579,-437181.7498,-453853.0675
9148000,2364.5133,14259.4045,61946.5824,-516272.4256,-437701.9254,-454325.8432
9149000,2349.6536,14260.0217,61871.9326,-516428.7857,-437947.1778,-454556.8531
9150000,2387.8305,14383.5404,61936.4735,-515847.1885,-437139.3441,-453910.71499999997
9151000,2400.7475,14449.47,61679.8334,-515969.3989,-437439.348,-454289.56549999997
9152000,2348.577,14346.2388,62042.2486,-515894.2103,-437157.1459,-453851.9617
9153000,2373.8698,14415.9759,62727.6463,-517493.6232,-437976.13119999995,-454765.97689999995
9154000,2377.9996,14386.1124,62023.3105,-516244.6002,-437457.1777,-454221.28969999996
9155000,2373.5419,14343.8944,61551.2588,-515663.5013,-437394.8062,-454112.2425
9156000,2351.378,14339.5631,61859.0104,-516369.1939,-437819.2424,-454510.18350000004
9157000,2374.8101,14402.9456,61677.3148,-515943.0501,-437487.97959999996,-454265.7353
9158000,2361.4534,14361.1943,61852.2153,-516041.8218,-437466.95879999996,-454189.6065
9159000,2381.6809,14374.697,61214.0896,-514714.4363,-436743.96880000003,-453500.3467
9160000,2376.3813,14390.4954,61826.3287,-515986.0695,-437392.8641,-454159.74079999997
9161000,2396.6123,14346.1299,61830.5317,-515915.6998,-437342.42590000003,-454085.1681
9162000,2396.0906,14354.2194,61498.4649,-516233.6515,-437984.87659999996,-454735.18659999996
9163000,2385.818,14449.2271,62035.5208,-516376.1217,-437505.55580000003,-454340.6009
9164000,2415.9287,14414.0469,61921.1837,-516407.1922,-437656.0329,-454486.0085
9165000,2371.1228,14328.392,62490.1746,-517476.5486,-438286.85919999995,-454986.37399999995
9166000,2351.7874,14330.4896,62037.7947,-516792.2549,-438072.18319999997,-454754.4602
9167000,2387.1357,14342.2774,61659.8803,-516243.4551,-437854.16170000006,-454583.5748
9168000,2391.902,14337.0022,62131.5121,-516247.4797,-437387.06340000004,-454115.96760000003
9169000,2383.4782,14421.119,62034.184,-515876.0249,-437037.2437,-453841.8409
9170000,2382.0935,14311.8617,61319.3502,-515082.3664,-437069.061,-453763.0162
9171000,2338.429,14361.7059,61992.4325,-516242.2095,-437549.6421,-454249.777
9172000,2374.4524,14337.9998,61357.074,-515377.5429,-437308.01670000004,-454020.4689
9173000,2383.9785,14378.6624,62479.852,-517216.3997,-437973.9068,-454736.5477
9174000,2370.2303,14357.2716,62049.8568,-516468.4742,-437691.1155,-454418.6174
9175000,2389.8187,14286.0649,62349.132,-516073.1117,-437048.0961,-453723.9797
9176000,2408.1175,14415.1476,62052.3881,-516401.0388,-437525.3856,-454348.6507
9177000,2398.9202,14402.3544,62052.8912,-516355.2198,-437501.054,-454302.3286
9178000,2384.0842,14399.0987,62029.3647,-516008.2652,-437195.71760000003,-453978.90050000005
9179000,2345.8543,14331.7859,61678.8006,-516003.0308,-437646.58999999997,-454324.2302
9180000,2392.0591,14355.4319,61868.5967,-515748.2272,-437132.13950000005,-453879.6305
9181000,2361.6068,14410.7533,62136.3555,-516989.671,-438080.9554,-454853.31549999997
9182000,2342.9332,14323.9044,61868.9968,-515715.2308,-437179.3964,-453846.234
9183000,2358.5629,14274.2193,62151.5923,-516848.3565,-438063.98199999996,-454696.7642
9184000,2362.8106,14354.6169,62160.2568,-516740.4229,-437862.7386,-454580.16610000003
9185000,2358.479,14387.435,61928.2995,-516372.3004,-437698.0869,-454444.0009
9186000,2355.1751,14300.9601,61949.5342,-516308.1066,-437702.4372,-454358.5724
9187000,2347.8949,14368.1,62335.6195,-516904.2026,-437852.5882,-454568.58310000005
9188000,2386.1367,14366.4173,61984.2352,-516053.0676,-437316.2784,-454068.8324
9189000,2359.7946,14338.3292,62421.8572,-517518.7038,-438398.7228,-455096.84660000005
9190000,2355.8043,14288.6114,61748.4494,-516256.0884,-437863.2233,-454507.639
9191000,2398.8785,14379.0277,62202.6209,-516311.2776,-437330.75049999997,-454108.6567
9192000,2356.2191,14354.3397,61798.0244,-515510.2199,-437001.63670000003,-453712.19550000003
9193000,2366.1693,14392.4743,61652.328,-516578.3347,-438167.3631,-454926.0067
9194000,2374.4462,14334.0875,61745.1497,-515585.4294,-437131.74600000004,-453840.2797
9195000,2384.3425,14419.0736,62283.0125,-516440.9765,-437354.5479,-454157.964
9196000,2354.4293,14314.5478,61870.7873,-516054.3606,-437514.5962,-454183.5733
9197000,2363.5404,14413.2625,61736.8237,-516599.6003,-438085.9737,-454862.7766
9198000,2387.7563,14369.7376,62070.3685,-516118.3553,-437290.4929,-454047.9868
9199000,2361.8801,14343.4876,62164.6719,-516100.9292,-437230.8896,-453936.2573
9200000,2391.4808,14348.148,62144.9831,-516849.8004,-437965.18850000005,-454704.8173
9201000,2344.5383,14309.0715,61924.07,-516686.3456,-438108.6658,-454762.2756
9202000,2320.5966,14270.1506,61888.871,-516068.3516,-437588.7334,-454179.4806
9203000,2351.6534,14194.6094,61834.8462,-515793.6633,-437412.5543,-453958.8171
9204000,2340.1771,14393.252,62089.9594,-516198.8458,-437375.4573,-454108.8864
9205000,2373.1701,14298.8553,61544.7347,-515901.1897,-437684.4296,-454356.45499999996
9206000,2349.2823,14382.9949,62078.9171,-516113.3659,-437302.1716,-454034.44879999995
9207000,2365.8139,14291.7615,61986.8776,-516298.1214,-437653.66839999997,-454311.2438
9208000,2376.182,14392.1983,62137.7076,-516116.2777,-437210.1898,-453978.57009999995
9209000,2362.9393,14257.3834,62039.4266,-516757.6469,-438097.8976,-454718.2203
9210000,2329.9352,14382.6019,62068.8544,-516521.992,-437740.60050000006,-454453.1376
9211000,2324.1586,14407.8695,61704.159,-516518.8074,-438082.6203,-454814.6484
9212000,2376.4091,14389.2441,62080.3516,-516911.6178,-438065.613,-454831.2662
9213000,2381.6412,14435.9135,62302.2342,-517269.4297,-438149.6408,-454967.1955
9214000,2364.1773,14395.6973,62347.1288,-517033.6893,-437926.68590000004,-454686.5605
9215000,2365.3742,14268.1142,62418.5618,-517230.554,-438178.5038,-454811.9922
9216000,2350.7557,14330.3049,62372.4082,-516904.2593,-437850.7905,-454531.85109999997
9217000,2372.3297,14315.884,62251.8287,-516417.7477,-437477.70530000003,-454165.919
9218000,2366.5198,14344.2957,62390.0695,-517297.3529,-438196.4679,-454907.2834
9219000,2369.4177,14304.1189,61992.3493,-516408.5241,-437742.6382,-454416.1748
9220000,2354.5625,14306.0924,62243.268,-517160.7825,-438256.85959999997,-454917.5145
9221000,2378.433,14427.4073,61971.7467,-516312.8042,-437535.2172,-454341.0575
9222000,2376.4454,14362.5377,62181.7988,-516622.8576,-437702.0757,-454441.0588
9223000,2379.6453,14286.8864,61663.2004,-515890.8601,-437561.128,-454227.65969999996
9224000,2367.9462,14291.4115,62039.8991,-516462.9124,-437763.65559999994,-454423.0133
9225000,2400.0846,14354.2751,61792.548,-515672.7329,-437125.82519999996,-453880.1849
9226000,2364.7099,14333.9143,61787.7944,-515562.0537,-437075.63509999996,-453774.2593
9227000,2367.2733,14419.54,61351.8106,-514816.9028,-436678.2789,-453465.09219999996
9228000,2383.6652,14377.8318,62153.8441,-516300.8452,-437385.50409999996,-454147.0011
9229000,2395.4082,14324.7151,62328.4793,-516944.772,-437896.1694,-454616.2927
9230000,2338.4693,14361.5647,62331.9409,-516980.4171,-437948.44220000005,-454648.47620000003
9231000,2410.1938,14445.1553,61855.3936,-516154.2677,-437443.525,-454298.8741
9232000,2370.0805,14332.3718,61748.1505,-516644.925,-438194.3222,-454896.7745
9233000,2319.1394,14224.7197,61854.5017,-516707.6519,-438309.29110000003,-454853.1502
9234000,2401.0427,14422.4387,62198.9123,-516134.4714,-437112.07769999997,-453935.55909999995
9235000,2382.4566,14350.8597,61454.0086,-515279.8817,-437092.5568,-453825.8731
9236000,2359.3859,14304.1906,61934.9559,-516433.2738,-437834.74140000006,-454498.3179
9237000,2387.2184,14342.7939,61773.4554,-515625.0349,-437121.56720000005,-453851.57950000005
9238000,2385.2144,14311.6385,62159.5144,-516955.6132,-438099.24590000004,-454796.09880000004
9239000,2381.4955,14482.9712,62141.1555,-516776.5126,-437770.89040000003,-454635.3571
9240000,2360.737,14447.9279,62786.8374,-517893.674,-438298.1717,-455106.8366
9241000,2400.1025,14310.22,62070.6726,-516167.8933,-437386.8982,-454097.2207
9242000,2360.2473,14263.0993,62478.6201,-517085.7761,-437983.8094,-454607.156
9243000,2409.5892,14328.5656,61831.1329,-515988.1382,-437418.8505,-454157.00529999996
9244000,2347.1738,14277.8693,62348.7973,-516574.9771,-437601.13670000003,-454226.17980000004
9245000,2357.8553,14352.0858,61840.2167,-515415.5502,-436865.3924,-453575.3335
9246000,2382.9399,14422.5917,62302.1775,-516937.0356,-437829.32649999997,-454634.8581
9247000,2368.3331,14386.2538,62094.336,-516871.3604,-438022.4375,-454777.0244
9248000,2359.5093,14320.9602,62029.0143,-516154.0821,-437444.5983,-454125.0678
9249000,2343.1925,14299.702,61719.8466,-516151.1316,-437788.39050000004,-454431.28500000003
9250000,2355.0457,14300.1489,61806.3882,-516603.7513,-438142.1685,-454797.3631
9251000,2405.2249,14419.3683,62552.4855,-517745.1075,-438368.0288,-455192.622
9252000,2364.8941,14384.1949,62699.0202,-517510.4949,-438062.3857,-454811.4747
9253000,2377.4289,14339.9456,61883.31,-516765.0606,-438164.3761,-454881.7506
9254000,2406.8251,14328.4703,62025.6445,-516367.5648,-437606.6249,-454341.9203
9255000,2406.1909,14372.8694,61668.171,-516219.5078,-437772.27650000004,-454551.33680000005
9256000,2399.133,14404.765,62462.7259,-517062.1044,-437795.4805,-454599.3785
9257000,2417.108,14338.5806,62165.0091,-516518.411,-437597.7133,-454353.4019
9258000,2392.0645,14352.6452,62092.4616,-516029.422,-437192.25070000003,-453936.96040000004
9259000,2366.6472,14271.956,62061.1984,-516265.0672,-437565.2656,-454203.8688
9260000,2366.1698,14385.8775,62280.5673,-516720.1138,-437687.49919999996,-454439.5465
9261000,2367.5956,14307.0444,61667.5102,-515593.9618,-437251.8116,-453926.4516
9262000,2387.459,14331.8743,61899.7871,-516229.3536,-437610.23319999996,-454329.56649999996
9263000,2354.168,14319.5446,62277.2532,-516498.0503,-437547.0845,-454220.7971
9264000,2364.1757,14441.617,62194.2593,-516525.9101,-437525.85809999995,-454331.6508
9265000,2370.3712,14365.4614,61972.1853,-516502.8774,-437794.8595,-454530.6921
9266000,2364.5674,14449.6577,61964.0495,-516289.8505,-437511.5759,-454325.801
9267000,2359.6999,14318.9058,62613.9336,-516765.6624,-437473.12309999997,-454151.7288
9268000,2402.2707,14378.297,62010.9259,-516325.682,-437534.1884,-454314.7561
9269000,2385.5343,14439.2082,61830.7195,-515974.0094,-437318.5474,-454143.2899
9270000,2365.3838,14363.5811,61605.3746,-515921.3386,-437586.9991,-454315.96400000004
9271000,2360.2086,14190.878,61589.6738,-515172.3699,-437031.6095,-453582.6961
9272000,2375.8762,14430.6567,61855.5197,-515720.8975,-437058.8449,-453865.3778
9273000,2392.2132,14421.5623,61520.676,-515507.9266,-437173.47510000004,-453987.2506
9274000,2394.1576,14426.2409,61411.525,-515028.808,-436796.88450000004,-453617.283
9275000,2344.3876,14393.1455,61916.2074,-516365.7733,-437712.0328,-454449.5659
9276000,2381.6145,14393.8188,61814.4566,-515910.4034,-437320.5135,-454095.94680000003
9277000,2377.0387,14357.0236,62188.0035,-516528.8264,-437606.76060000004,-454340.8229
9278000,2383.172,14411.8013,61569.83,-515653.8748,-437289.07149999996,-454084.0448
9279000,2344.9559,14322.6058,61731.315,-515721.5136,-437322.63690000004,-453990.1986
9280000,2340.9181,14273.6604,62028.6773,-515787.4798,-437144.224,-453758.8025
9281000,2363.3633,14311.1324,62097.2448,-516752.8088,-437981.0683,-454655.564
9282000,2361.9369,14378.5527,61756.0129,-516363.5373,-437867.0348,-454607.5244
9283000,2384.5708,14322.5402,62608.152,-517909.1139,-438593.85089999996,-455300.9619
9284000,2413.9476,14414.954,62429.5353,-517306.5791,-438048.1422,-454877.0438
9285000,2363.3808,14326.4162,61635.6874,-515612.668,-437287.1836,-453976.9806
9286000,2400.1242,14254.8966,62004.9268,-516783.3295,-438123.3819,-454778.4027
9287000,2380.7964,14347.7976,61701.6671,-515414.9664,-436984.7053,-453713.29929999996
9288000,2389.6533,14278.1146,62308.6136,-516519.6027,-437543.2212,-454210.9891
9289000,2404.9718,14477.8966,61944.478,-515978.4009,-437151.05449999997,-454033.9229
9290000,2371.1723,14298.8208,62098.0011,-516642.0522,-437874.05799999996,-454544.0511
9291000,2369.5499,14357.5462,62268.763,-516804.2692,-437808.4101,-454535.5062
9292000,2371.423,14348.9013,62108.9888,-516408.274,-437578.96089999995,-454299.2852
9293000,2347.5196,14334.7532,62081.5046,-516177.5225,-437413.74510000006,-454096.01790000004
9294000,2378.5763,14344.5364,61707.2321,-515945.2386,-437514.89379999996,-454238.00649999996
9295000,2336.2744,14442.0952,61784.8565,-516629.4246,-438066.19850000006,-454844.56810000003
9296000,2365.1767,14399.4347,62320.415,-516744.8513,-437659.8249,-454424.4363
9297000,2403.3839,14391.978,61881.8638,-515820.3243,-437143.09859999997,-453938.4605
9298000,2384.5507,14381.6822,62733.2741,-517746.0975,-438246.5905,-455012.8234
9299000,2349.357,14390.143,61956.102,-516351.3691,-437655.7671,-454395.2671
9300000,2396.7848,14371.1931,61971.4194,-516022.4026,-437283.00529999996,-454050.98319999996
9301000,2333.3583,14304.9133,61871.7135,-516161.5216,-437651.5365,-454289.80809999997
9302000,2384.6669,14435.0435,61966.9273,-516592.4064,-437805.76869999996,-454625.4791
9303000,2401.0996,14374.884,61885.5348,-516024.979,-437363.4606,-454139.44419999997
9304000,2366.7324,14460.2501,62286.3435,-516483.9554,-437370.6294,-454197.61189999996
9305000,2392.4035,14318.453,62104.7813,-516599.3006,-437783.66280000005,-454494.51930000004
9306000,2416.9204,14395.3231,61918.0811,-515744.2279,-437013.9033,-453826.1468
9307000,2379.5695,14352.2617,62395.4006,-517245.4911,-438118.2593,-454850.0905
9308000,2391.6155,14382.6661,62014.5284,-515874.7162,-437085.9062,-453860.1878
9309000,2339.1296,14405.2034,61951.3095,-516164.669,-437469.0265,-454213.3595
9310000,2395.3391,14324.4802,61764.5541,-516721.5406,-438237.1672,-454956.9865
9311000,2382.1313,14374.0103,62523.4049,-517157.1582,-437877.6117,-454633.7533
9312000,2385.0182,14393.9479,61848.2108,-516200.8486,-437573.67170000006,-454352.6378
9313000,2384.8606,14360.4405,62656.3988,-516422.6692,-437020.9693,-453766.2704
9314000,2363.3,14262.0446,61792.071,-516812.9584,-438395.5428,-455020.8874
9315000,2374.4249,14415.1927,61674.3193,-515917.0537,-437453.11679999996,-454242.73439999996
9316000,2405.3029,14410.4605,62144.5569,-516539.8895,-437579.56919999997,-454395.33259999997
9317000,2362.6815,14388.3887,62001.3104,-516161.1199,-437408.7393,-454159.8095
9318000,2403.2339,14414.1346,61652.4818,-515972.8877,-437503.03740000003,-454320.4059
9319000,2364.0032,14350.0294,62358.8655,-516518.2857,-437445.3876,-454159.4202
9320000,2413.9351,14301.9506,61900.8006,-516315.5222,-437698.8359,-454414.7216
9321000,2410.9196,14435.2616,61920.0609,-516465.73,-437699.48789999995,-454545.6691
9322000,2383.0425,14421.67,62176.0243,-516454.8456,-437474.1088,-454278.8213
9323000,2378.7229,14398.8158,61919.2748,-516078.5288,-437381.7153,-454159.25399999996
9324000,2377.3794,14425.7959,62252.5688,-516788.9098,-437733.1657,-454536.341
9325000,2357.4199,14390.491,62682.171,-516930.4977,-437500.4158,-454248.3267
9326000,2400.5525,14342.6315,61771.7878,-515403.367,-436888.3952,-453631.57920000004
9327000,2388.5928,14278.4502,62203.5594,-515930.9645,-437060.3621,-453727.4051
9328000,2377.9116,14432.499,61554.364,-515961.0636,-437596.289,-454406.6996
9329000,2394.5754,14445.1136,61702.8589,-516590.0673,-438047.5194,-454887.2084
9330000,2362.6795,14349.5108,61963.3181,-516772.7946,-438097.28620000003,-454809.47650000005
9331000,2378.608,14349.2478,62378.0831,-516912.3548,-437806.41589999996,-454534.2717
9332000,2375.556,14345.9774,61960.379,-516697.6099,-438015.6975,-454737.23089999997
9333000,2381.3856,14439.635,61683.1866,-515996.4237,-437492.2165,-454313.23709999997
9334000,2335.4753,14364.7108,62246.2752,-516543.8025,-437597.3412,-454297.5273
9335000,2347.4825,14336.4468,61957.1918,-515807.6481,-437166.527,-453850.45629999996
9336000,2389.3464,14366.7706,62206.9396,-516295.2342,-437332.1776,-454088.2946
9337000,2366.8936,14432.3755,61797.3321,-515617.1754,-437020.57420000003,-453819.8433
9338000,2353.9317,14432.6422,61744.9436,-515763.9175,-437232.39999999997,-454018.9739
9339000,2357.8025,14290.6661,61825.6125,-516064.8267,-437590.74559999997,-454239.2142
9340000,2357.6333,14357.3861,61654.7054,-515475.0386,-437105.3138,-453820.33320000005
9341000,2367.6195,14437.9203,62098.1579,-516545.1331,-437641.43539999996,-454446.9752
9342000,2373.3704,14357.461,61851.3952,-516041.9678,-437459.7412,-454190.57259999996
9343000,2360.7183,14344.9462,61868.7872,-516301.2462,-437726.79449999996,-454432.459
9344000,2362.1381,14313.1361,61630.5202,-516632.1503,-438326.35589999997,-455001.63009999995
9345000,2390.5739,14369.5959,62312.4541,-517228.2395,-438155.6156,-454915.78540000005
9346000,2352.8972,14350.2769,61960.1587,-517039.6894,-438376.35659999994,-455079.5307
9347000,2340.7687,14423.6438,62087.8417,-516471.2807,-437619.02650000004,-454383.439
9348000,2413.198,14319.8802,61894.723,-516455.8739,-437828.0727,-454561.1509
9349000,2364.8229,14317.1126,62215.0281,-516231.2115,-437334.24789999996,-454016.1834
9350000,2395.1736,14348.9656,62322.391,-516698.7422,-437632.21199999994,-454376.3512
9351000,2381.4129,14322.7984,62296.2555,-517167.9178,-438167.451,-454871.66229999997
9352000,2390.0356,14396.1548,61940.1179,-516034.6085,-437308.30019999994,-454094.49059999996
9353000,2360.9559,14355.2566,61699.3272,-515661.8807,-437246.341,-453962.5535
9354000,2328.4806,14294.4491,62118.3318,-516309.8381,-437568.57660000003,-454191.5063
9355000,2343.7775,14243.0303,61651.6593,-514858.6084,-436620.1413,-453206.9491
9356000,2332.0357,14225.2309,62134.5279,-516474.6023,-437782.8078,-454340.07440000004
9357000,2375.2909,14332.4866,61417.0028,-515503.902,-437379.1217,-454086.8992
9358000,2389.9222,14383.3608,62518.1531,-517940.6117,-438649.1756,-455422.4586
9359000,2332.1625,14306.6737,62519.8026,-517806.8782,-438648.23939999996,-455287.0756
9360000,2412.8312,14343.1956,61515.181,-516278.1983,-438006.99049999996,-454763.0173
9361000,2391.5773,14358.3104,62307.2461,-517020.8373,-437963.7035,-454713.5912
9362000,2332.6991,14369.9359,62274.7581,-517332.0754,-438354.6823,-455057.3173
9363000,2383.263,14285.579,61879.322,-516799.1089,-438250.9449,-454919.7869
9364000,2373.6595,14299.9312,61573.2709,-516124.6155,-437877.7539,-454551.3446
9365000,2354.4143,14277.1711,62387.8311,-517255.6762,-438236.2597,-454867.8451
9366000,2391.391,14343.2226,62231.1075,-516912.3157,-437946.59459999995,-454681.2082
9367000,2365.0514,14341.2577,61853.0029,-516058.8987,-437499.5867,-454205.8958
9368000,2381.0136,14326.6512,62249.852,-516687.1101,-437729.5933,-454437.2581
9369000,2379.5658,14255.516,61517.6795,-515575.9906,-437423.2293,-454058.31110000005
9370000,2369.738,14357.7977,62015.8639,-515967.9136,-437224.514,-453952.04970000003
9371000,2361.1666,14321.5618,61477.9121,-515601.0565,-437440.41599999997,-454123.1444
9372000,2374.5371,14411.4273,62446.7038,-517374.4639,-438141.79569999996,-454927.76009999996
9373000,2347.8249,14335.2006,62084.4898,-516372.2947,-437604.7794,-454287.80490000005
9374000,2340.8215,14267.2394,62164.2677,-517037.7278,-438265.3992,-454873.4601
9375000,2402.9471,14405.4756,62262.4195,-516410.7216,-437339.8794,-454148.3021
9376000,2380.026,14210.1814,62179.0928,-516227.6988,-437458.3986,-454048.606
9377000,2342.1628,14345.8058,61874.0838,-516283.9022,-437721.8498,-454409.8184
9378000,2369.3587,14401.8802,61849.3482,-516366.1827,-437745.5956,-454516.8345
9379000,2399.5174,14268.4358,62124.7548,-516119.096,-437326.38800000004,-453994.3412
9380000,2406.571,14274.5932,62303.0442,-516998.2488,-438014.0404,-454695.2046
9381000,2355.9652,14349.1221,62375.6344,-517020.4159,-437939.6942,-454644.78150000004
9382000,2356.6313,14317.7743,62157.8266,-516467.1438,-437634.9116,-454309.31720000005
9383000,2372.7425,14330.9364,61804.8948,-516271.618,-437763.0443,-454466.7232
9384000,2370.6634,14312.1811,61849.0252,-516332.5157,-437800.646,-454483.4905
9385000,2369.1106,14325.048,62431.3593,-516940.5194,-437815.0015,-454509.1601
9386000,2393.9008,14319.0169,61769.0119,-514902.1019,-436420.1723,-453133.09
9387000,2400.319,14352.1458,62563.7885,-516129.9821,-436813.72880000004,-453566.1936
9388000,2382.3904,14391.0145,62326.4015,-517121.863,-438022.0566,-454795.46150000003
9389000,2384.6031,14371.0448,61444.1534,-515828.0342,-437628.2329,-454383.8808
9390000,2378.9524,14338.1749,61751.127,-516202.5216,-437734.26729999995,-454451.3946
9391000,2378.3777,14343.0102,62299.9374,-517284.5068,-438263.18149999995,-454984.5694
9392000,2377.4348,14235.812,62283.5281,-516623.3021,-437726.52719999995,-454339.774
9393000,2391.86,14346.7482,62532.7243,-517135.8516,-437864.5191,-454603.1273
9394000,2394.2842,14520.6589,62232.9511,-516431.2801,-437283.3859,-454198.32899999997
9395000,2410.2357,14298.1314,62070.2359,-516583.3312,-437804.7282,-454513.09530000004
9396000,2422.9747,14393.8737,61351.6235,-515229.2295,-437060.7576,-453877.606
9397000,2368.4838,14284.0259,61852.1846,-515861.9401,-437357.24580000003,-454009.7555
9398000,2383.9041,14383.1098,62289.0859,-516416.673,-437360.5732,-454127.5871
9399000,2383.3696,14370.0246,61488.5569,-515157.2548,-436915.3037,-453668.69789999997
9400000,2345.6218,14320.8767,62142.827,-516323.1556,-437513.8301,-454180.3286
9401000,2335.9595,14281.1023,61827.8704,-516184.1112,-437739.179,-454356.24079999997
9402000,2364.6184,14393.2406,61959.6805,-515825.8271,-437108.2876,-453866.1466
9403000,2383.0354,14360.6522,62047.7916,-516385.5145,-437594.0353,-454337.7229
9404000,2382.2156,14351.9425,62107.5944,-516636.0014,-437794.2489,-454528.407
9405000,2362.6939,14263.3035,62517.831,-517432.2688,-438288.4404,-454914.4378
9406000,2367.7526,14422.7172,61396.0913,-516187.3238,-438000.7627,-454791.23250000004
9407000,2381.9134,14214.4868,62346.8988,-516931.1478,-437987.8488,-454584.24899999995
9408000,2387.9182,14298.1611,62807.6321,-517129.6222,-437635.91079999995,-454321.9901
9409000,2385.6133,14378.1109,61874.1704,-516223.104,-437585.2094,-454348.9336
9410000,2381.2374,14402.3768,62132.1429,-516368.0907,-437452.3336,-454235.9478
9411000,2359.256,14342.369,61933.4821,-515933.0859,-437297.97880000004,-453999.6038
9412000,2348.8439,14315.027,62728.9494,-517162.5363,-437769.716,-454433.5869
9413000,2380.118,14371.909,61767.3167,-516087.2147,-437567.87100000004,-454319.898
9414000,2365.4861,14383.6086,61854.8933,-515843.9051,-437239.91709999996,-453989.0118
9415000,2351.9746,14333.0413,62024.8304,-516208.3955,-437498.5492,-454183.5651
9416000,2370.9989,14311.7323,61539.6304,-515543.0781,-437320.7165,-454003.44769999996
9417000,2400.6261,14430.0831,62028.6991,-515882.2457,-437022.8374,-453853.5466
9418000,2373.5697,14230.039,62081.4133,-516532.3735,-437847.3515,-454450.9602
9419000,2403.5808,14346.9102,62397.5738,-517284.3478,-438136.283,-454886.774
9420000,2413.0624,14380.7663,61881.9291,-515880.3496,-437204.59180000005,-453998.4205
9421000,2382.4747,14358.0704,61825.6481,-515977.7985,-437411.6053,-454152.1504
9422000,2373.2108,14372.8045,62156.2255,-516553.1678,-437650.927,-454396.9423
9423000,2400.7803,14359.4463,61916.6997,-516080.8197,-437403.8934,-454164.12
9424000,2356.9059,14366.8904,61363.2969,-515259.9868,-437172.8936,-453896.6899
9425000,2359.1299,14371.5951,62089.873,-516791.8876,-437971.2896,-454702.0146
9426000,2400.0078,14404.2273,62505.0978,-516940.9778,-437631.64489999996,-454435.88
9427000,2393.9912,14433.8208,61616.1262,-516134.7822,-437690.84400000004,-454518.656
9428000,2350.8506,14356.4776,62336.8049,-516715.25,-437671.1169,-454378.4451
9429000,2376.5866,14289.7715,61789.2807,-515861.1728,-437405.534,-454071.8921
9430000,2380.0117,14258.6849,62232.3137,-516169.4848,-437298.4745,-453937.1711
9431000,2368.0496,14368.2435,62396.2505,-516767.2537,-437634.7101,-454371.0032
9432000,2380.685,14244.8233,62410.512,-516758.0377,-437722.0174,-454347.5257
9433000,2375.2502,14326.3728,61935.0932,-516067.8871,-437431.1709,-454132.7939
9434000,2366.6182,14303.7927,61917.3482,-516275.6549,-437687.89580000006,-454358.3067
9435000,2408.4547,14387.9226,62041.393,-516256.3756,-437418.60530000005,-454214.98260000005
9436000,2381.811,14417.2219,61995.4575,-516342.7644,-437548.274,-454347.30689999997
9437000,2364.9439,14368.9066,61800.922,-516242.1673,-437707.3948,-454441.24529999995
9438000,2373.584,14352.5129,61961.9136,-515733.0779,-437045.06739999994,-453771.16429999995
9439000,2363.1585,14341.7907,62211.4842,-516368.5583,-437452.1249,-454157.07409999997
9440000,2385.8061,14452.6775,62303.0684,-516977.3021,-437835.75009999995,-454674.2337
9441000,2422.0687,14353.1125,61910.2114,-515769.0142,-437083.62159999995,-453858.80279999995
9442000,2375.5242,14385.9292,61927.219,-515976.1846,-437287.5122,-454048.9656
9443000,2377.4824,14386.3617,62047.3236,-516755.6428,-437944.4751,-454708.31919999997
9444000,2358.6027,14369.1269,62041.9559,-516889.4461,-438119.76060000004,-454847.4902
9445000,2373.6173,14275.3677,62367.9379,-516881.8169,-437864.894,-454513.87899999996
9446000,2369.0874,14382.7239,62203.6007,-516703.7415,-437748.3295,-454500.1408
9447000,2374.5343,14267.7382,62398.1189,-517407.6693,-438367.2779,-455009.5504
9448000,2364.8191,14339.4653,61956.4836,-516201.4985,-437540.7305,-454245.0149
9449000,2369.3482,14391.876,62288.9281,-516606.0464,-437555.8941,-454317.1183
9450000,2353.1726,14451.6726,62475.7558,-517058.922,-437778.321,-454583.16620000004
9451000,2359.4778,14364.2224,62029.1046,-516685.7288,-437932.924,-454656.62419999996
9452000,2347.7175,14482.6885,62095.7405,-516723.1265,-437796.98,-454627.386
9453000,2376.626,14395.3026,62106.7989,-516154.6326,-437275.9051,-454047.8337
9454000,2383.5432,14340.6954,62176.4014,-516113.133,-437212.49299999996,-453936.73159999994
9455000,2391.5863,14383.7907,61872.4054,-516276.1734,-437628.39100000006,-454403.76800000004
9456000,2379.3304,14422.1255,61731.1777,-516483.4934,-437950.8598,-454752.3157
9457000,2353.7221,14447.9913,62102.2026,-516958.5899,-438054.67390000005,-454856.3873
9458000,2390.9399,14501.4847,62178.9557,-516431.837,-437360.4567,-454252.8813
9459000,2371.5019,14300.9926,62161.9589,-516352.3471,-437517.8937,-454190.38820000004
9460000,2351.9213,14373.3714,62372.162,-516796.8124,-437699.3577,-454424.6504
9461000,2386.6395,14248.1478,61952.8198,-516561.0019,-437973.3948,-454608.1821
9462000,2360.8216,14318.8037,62003.1691,-516209.8619,-437527.0675,-454206.6928
9463000,2391.87,14335.4836,61861.4497,-516312.2572,-437723.45389999996,-454450.8075
9464000,2371.7441,14301.0854,61941.6126,-515328.7464,-436714.3043,-453387.1338
9465000,2347.5597,14395.4025,61484.6814,-515338.0929,-437110.4493,-453853.4115
9466000,2343.2956,14385.7243,61906.5618,-515672.6471,-437037.06539999996,-453766.0853
9467000,2366.6066,14394.4319,62020.762,-516286.7302,-437504.9297,-454265.9682
9468000,2361.816,14338.6742,61605.7147,-515656.4391,-437350.2342,-454050.7244
9469000,2377.0857,14406.8953,61943.7499,-515046.9307,-436319.19980000006,-453103.18080000003
9470000,2359.0382,14305.9141,61992.6164,-515835.1722,-437177.60349999997,-453842.5558
9471000,2381.1368,14393.2645,62033.9231,-516376.3239,-437567.99950000003,-454342.4008
9472000,2334.4544,14348.0757,61802.3234,-515770.6508,-437285.7973,-453968.3274
9473000,2357.7373,14340.3252,61657.2253,-514935.1102,-436579.8224,-453277.8849
9474000,2403.5147,14449.4671,62014.7972,-515904.0831,-437036.30409999995,-453889.2859
9475000,2371.3165,14350.2917,61935.5191,-516170.1293,-437513.002,-454234.6102
9476000,2366.8823,14454.3618,61609.4671,-515595.5202,-437164.809,-453986.0531
9477000,2378.5359,14357.7818,62159.317,-516781.326,-437885.6913,-454622.009
9478000,2355.258,14314.8291,62180.229,-516972.9603,-438122.6442,-454792.7313
9479000,2350.6043,14424.4712,62356.9955,-516219.4262,-437087.3552,-453862.43069999997
9480000,2386.3577,14419.0371,61970.262,-516190.2674,-437414.6106,-454220.0054
9481000,2356.5,14295.4916,62233.4852,-516217.2498,-437331.773,-453983.7646
9482000,2390.2607,14338.9841,62079.1103,-516268.4034,-437460.0483,-454189.2931
9483000,2346.7644,14384.9069,61983.7886,-516286.6989,-437571.239,-454302.9103
9484000,2408.107,14346.767,61779.0518,-515476.4724,-436942.5466,-453697.4206
9485000,2374.7089,14434.0105,61645.8228,-515725.3282,-437270.78599999996,-454079.50539999997
9486000,2394.8968,14342.06,62023.8751,-516338.899,-437578.0671,-454315.0239
9487000,2371.2969,14393.3476,62151.851,-516628.999,-437712.5035,-454477.148
9488000,2417.5454,14475.5433,62393.0252,-516671.3008,-437385.18690000003,-454278.27560000005
9489000,2397.9131,14448.4349,61582.4472,-515960.8297,-437532.0345,-454378.3825
9490000,2355.672,14265.2701,61512.48,-515412.3645,-437278.94240000006,-453899.88450000004
9491000,2375.7307,14381.0279,61784.7294,-515690.7981,-437149.3101,-453906.0687
9492000,2400.9705,14387.839,61807.4169,-515626.5522,-437030.3258,-453819.13529999997
9493000,2401.88,14318.306,62073.666,-516638.9438,-437845.0918,-454565.27780000004
9494000,2386.5612,14350.8574,62360.2,-516981.9325,-437884.3139,-454621.7325
9495000,2365.5106,14410.6981,61568.4948,-515654.8503,-437310.1468,-454086.3555
9496000,2407.2157,14351.6522,61940.8054,-515924.4678,-437224.79449999996,-453983.6624
9497000,2355.8034,14392.6179,62254.8943,-516845.8496,-437842.534,-454590.95530000003
9498000,2369.2365,14303.1961,62059.238,-516409.3571,-437677.6865,-454350.1191
9499000,2381.5488,14295.3987,61724.392,-515612.2053,-437210.86579999997,-453887.8133
9500000,2376.4534,14313.4914,62250.0865,-516458.2504,-437518.2191,-454208.16390000004
9501000,2361.9601,14363.7211,62150.4463,-516589.5509,-437713.42339999997,-454439.10459999996
9502000,2354.2366,14274.0926,62095.9055,-515921.8833,-437197.64859999996,-453825.9778
9503000,2375.0203,14350.1934,62157.4796,-516177.058,-437294.36470000003,-454019.5784
9504000,2378.4599,14483.9031,61777.1322,-516106.599,-437467.1038,-454329.4668
9505000,2382.843,14304.6391,62033.1422,-516139.1645,-437418.54020000005,-454106.0223
9506000,2406.2306,14351.3931,62036.6055,-516988.3745,-438194.1453,-454951.769
9507000,2375.7913,14341.5361,61623.1675,-515722.2731,-437381.7782,-454099.1056
9508000,2387.0248,14367.4876,61508.0477,-516150.9719,-437888.4118,-454642.9242
9509000,2353.6685,14346.168,61872.1319,-516251.8648,-437679.89639999997,-454379.7329
9510000,2354.7661,14336.4895,61596.8713,-514867.0316,-436578.90469999996,-453270.1603
9511000,2371.3205,14371.4557,62001.381,-516277.4813,-437533.32409999997,-454276.1003
9512000,2390.8843,14319.0844,61923.672,-515711.0081,-437077.3674,-453787.33609999996
9513000,2381.9479,14330.8283,62381.2297,-516514.1937,-437420.1878,-454132.964
9514000,2389.7131,14264.6391,62348.5439,-516506.2283,-437503.3322,-454157.6844
9515000,2354.0513,14303.0376,61806.8179,-516351.9409,-437888.0341,-454545.12299999996
9516000,2396.9249,14477.4168,62094.7522,-516938.3846,-437969.2907,-454843.6324
9517000,2394.1799,14409.7591,62226.2298,-516646.9962,-437616.8274,-454420.76639999996
9518000,2386.0259,14378.453,62190.8366,-515992.6665,-437037.351,-453801.8299
9519000,2371.6931,14303.0724,61999.424,-516001.3851,-437327.19560000004,-454001.9611
9520000,2394.8944,14402.5922,61697.2816,-516283.3168,-437788.5486,-454586.0352
9521000,2374.2107,14346.9339,62262.0708,-517214.2469,-438231.03150000004,-454952.17610000004
9522000,2346.3907,14187.0294,62400.8246,-516749.8842,-437815.6395,-454349.0596
9523000,2383.1916,14334.4662,62083.2531,-516749.2819,-437948.371,-454666.0288
9524000,2380.6484,14322.2026,62272.2158,-517324.7267,-438349.65989999997,-455052.5109
9525000,2374.234,14273.8576,61870.2788,-516353.032,-437834.6616,-454482.75320000004
9526000,2379.8547,14334.0101,62007.6083,-516141.6394,-437420.1663,-454134.03109999996
9527000,2389.8111,14284.0018,62189.1858,-516906.5349,-438043.53620000003,-454717.34910000005
9528000,2396.7007,14384.1389,61697.0883,-515905.7767,-437427.8488,-454208.6884
9529000,2350.9206,14252.7761,61877.3865,-516290.1176,-437809.0344,-454412.7311
9530000,2390.7142,14394.5774,62192.2391,-517353.1602,-438375.6295,-455160.9211
9531000,2367.4805,14303.9605,62622.562,-517479.0983,-438185.09530000004,-454856.53630000004
9532000,2397.6724,14255.3444,62501.4086,-516955.3998,-437800.9744,-454453.9912
9533000,2390.1632,14282.4902,62405.039,-516504.6706,-437426.9782,-454099.6316
9534000,2399.7144,14470.7412,61647.4725,-515867.2127,-437349.28459999996,-454219.7402
9535000,2353.9332,14381.2926,62099.9192,-516048.5703,-437213.4253,-453948.6511
9536000,2415.7545,14439.1582,62135.4624,-516274.3659,-437283.99079999997,-454138.90349999996
9537000,2358.1262,14373.1031,61896.0464,-515827.9243,-437200.6486,-453931.8779
9538000,2375.7582,14456.0377,61704.8331,-516242.8024,-437706.17339999997,-454537.9693
9539000,2368.9557,14240.3964,62170.2553,-516194.7527,-437415.14530000003,-454024.4974
9540000,2404.3222,14353.0912,61590.2071,-515101.5579,-436753.9374,-453511.3508
9541000,2363.437,14357.4309,61372.1341,-515245.4757,-437152.4737,-453873.3416
9542000,2383.2546,14279.6964,61561.1411,-515901.4625,-437677.3704,-454340.3214
9543000,2407.9505,14429.9311,61930.599,-516658.7213,-437890.24069999997,-454728.1223
9544000,2398.0986,14402.8813,61591.9368,-516364.2767,-437971.36,-454772.33989999996
9545000,2380.125,14447.6529,61851.3272,-516755.5311,-438076.42600000004,-454904.2039
9546000,2363.5236,14338.4386,61930.6761,-515922.9627,-437290.3244,-453992.2866
9547000,2347.357,14318.9312,61982.8461,-515816.6062,-437167.4719,-453833.76009999996
9548000,2400.9396,14321.8361,62027.8938,-516477.1715,-437726.502,-454449.2777
9549000,2388.5859,14371.7892,61623.808,-515824.9381,-437440.755,-454201.1301
9550000,2373.6091,14284.6207,62379.5741,-516571.7493,-437533.9454,-454192.17520000006
9551000,2378.6519,14261.8541,62446.4725,-516622.2705,-437535.292,-454175.79799999995
9552000,2367.4003,14301.4495,61671.5235,-515954.8457,-437614.47239999997,-454283.3222
9553000,2398.233,14433.2983,61865.7962,-516485.3763,-437788.0488,-454619.5801
9554000,2328.8008,14254.6925,62506.8453,-517095.3874,-438005.0488,-454588.5421
9555000,2363.522,14210.6857,61863.2532,-515541.9006,-437104.4397,-453678.6474
9556000,2359.1141,14315.9751,61875.9891,-515629.875,-437078.7967,-453753.8859
9557000,2352.1052,14395.7182,62367.9872,-515881.9127,-436766.1021,-453513.9255
9558000,2364.347,14344.4658,62158.6501,-516179.5001,-437312.0372,-454020.85
9559000,2381.8037,14328.662,61931.0125,-515725.0924,-437083.6142,-453794.0799
9560000,2380.6154,14270.1491,62114.2075,-516432.2119,-437667.2399,-454318.0044
9561000,2368.9603,14273.8551,62007.7092,-516274.5135,-437623.9889,-454266.8043
9562000,2405.4198,14362.9252,61963.907,-516165.3201,-437433.06810000003,-454201.4131
9563000,2379.1176,14425.9353,61755.3292,-515587.7209,-437027.3388,-453832.39170000004
9564000,2360.5404,14379.7776,61582.5015,-515066.347,-436743.5275,-453483.8455
9565000,2364.28,14360.78,62202.5807,-515941.213,-437013.5723,-453738.6323
9566000,2358.659,14364.3812,62095.8755,-516225.1743,-437406.2586,-454129.2988
9567000,2404.1627,14325.8912,61863.7614,-515590.7717,-436996.95639999997,-453727.01029999997
9568000,2360.3284,14314.903,62222.5565,-515962.1673,-437064.3794,-453739.61079999997
9569000,2381.8928,14402.9393,62101.528,-516349.4763,-437463.1162,-454247.9483
9570000,2388.5517,14189.708,62283.703,-516512.9731,-437651.0104,-454229.2701
9571000,2355.8148,14328.2241,61571.6525,-515470.3192,-437214.6278,-453898.66670000006
9572000,2374.5481,14363.5661,61969.1273,-516254.6174,-437547.3759,-454285.4901
9573000,2356.56,14232.8741,62402.8229,-516405.1906,-437412.9336,-454002.36769999994
9574000,2383.4379,14301.0522,61556.3202,-515769.1895,-437528.37919999997,-454212.86929999996
9575000,2398.6192,14304.8348,62039.5305,-516418.0472,-437675.06269999995,-454378.5167
9576000,2371.228,14357.8113,61986.6302,-516148.5616,-437432.8921,-454161.9314
9577000,2400.9834,14369.252,61625.157,-515824.5838,-437429.1914,-454199.4268
9578000,2380.1809,14279.5432,62163.3281,-517100.1748,-438277.1226,-454936.8467
9579000,2406.4263,14342.5933,62548.8302,-517230.4404,-437932.5906,-454681.6102
9580000,2386.6078,14295.6667,62143.4829,-516824.6759,-437998.91849999997,-454681.19299999997
9581000,2353.179,14304.8887,61815.8242,-515429.0636,-436955.1717,-453613.23939999996
9582000,2404.7668,14405.2945,62088.0216,-516404.867,-437506.78410000005,-454316.84540000005
9583000,2378.189,14396.6208,62347.1134,-516479.676,-437357.75279999996,-454132.56259999995
9584000,2346.5433,14323.176,62290.1585,-517483.057,-438523.17919999996,-455192.89849999995
9585000,2375.5527,14271.9095,62620.3608,-516951.4459,-437683.62289999996,-454331.08509999997
9586000,2365.1252,14380.0478,61950.1662,-516043.7729,-437348.4337,-454093.6067
9587000,2403.2828,14351.203,62380.6945,-517237.8013,-438102.621,-454857.1068
9588000,2369.6178,14301.9545,61362.6326,-515233.6668,-437199.4619,-453871.0342
9589000,2381.4075,14377.1397,61211.5345,-515631.6489,-437661.56719999993,-454420.11439999996
9590000,2379.4947,14397.3573,62192.0136,-516931.9211,-437963.0555,-454739.9075
9591000,2359.366,14310.4454,62201.6552,-516291.0023,-437419.5357,-454089.3471
9592000,2393.9587,14413.7507,61602.1385,-515207.0727,-436797.2248,-453604.9342
9593000,2380.7213,14302.3151,61474.435,-515116.5945,-436959.1231,-453642.1595
9594000,2381.5637,14427.1078,62052.5018,-516525.7693,-437664.596,-454473.26749999996
9595000,2393.0034,14390.8414,62134.3024,-516752.0165,-437833.8693,-454617.71410000004
9596000,2382.7224,14360.8091,61587.1448,-516836.7409,-438506.0646,-455249.59609999997
9597000,2406.2639,14414.3796,62181.9831,-516961.5787,-437958.9521,-454779.5956
9598000,2362.7254,14306.3586,62053.3539,-516172.5236,-437450.0857,-454119.1697
9599000,2391.4751,14416.7498,61766.5054,-516474.7181,-437899.9878,-454708.2127
9600000,2402.3442,14357.3258,61877.4575,-516000.255,-437363.1275,-454122.7975
9601000,2373.5087,14251.568,62051.9291,-515768.5784,-437091.5726,-453716.6493
9602000,2383.4768,14348.2206,62279.705,-516168.1266,-437156.7242,-453888.4216
9603000,2375.9,14230.2345,61858.4604,-516587.0986,-438122.5037,-454728.63820000004
9604000,2367.9708,14371.7622,62383.97,-516635.7113,-437512.0083,-454251.7413
9605000,2377.6999,14208.2585,62163.7365,-516450.4568,-437700.7619,-454286.7203
9606000,2379.0745,14394.2673,61922.4861,-516028.1689,-437332.341,-454105.6828
9607000,2331.1854,14279.6339,62153.3347,-516175.8606,-437411.70660000003,-454022.5259
9608000,2368.3815,14267.8197,61763.2501,-516147.3141,-437747.8628,-454384.064
9609000,2403.9722,14455.8327,61894.0028,-515782.3417,-437028.534,-453888.3389
9610000,2393.2111,14384.3637,62238.5961,-517146.9457,-438130.7748,-454908.34959999996
9611000,2370.811,14321.3237,61875.5586,-516297.4854,-437729.7921,-454421.9268
9612000,2371.0601,14331.6889,62048.4207,-516409.3647,-437658.19499999995,-454360.94399999996
9613000,2369.9637,14235.9659,62044.3932,-515977.6514,-437327.3286,-453933.2582
9614000,2386.5545,14397.6766,61992.2923,-516333.0453,-437556.5219,-454340.753
9615000,2403.8261,14326.4691,62354.4519,-516235.5451,-437150.79799999995,-453881.0932
9616000,2391.6023,14350.5056,62114.3086,-516731.621,-437875.2045,-454617.3124
9617000,2335.4713,14316.7082,61281.5667,-515415.5333,-437481.7871,-454133.9666
9618000,2378.6784,14362.0196,61887.4894,-516011.2998,-437383.1124,-454123.81039999996
9619000,2363.319,14419.1653,62049.6869,-516551.9839,-437719.8127,-454502.297
9620000,2390.2101,14321.3155,61922.3498,-516478.8247,-437844.9493,-454556.4749
9621000,2382.9537,14410.3689,62461.2691,-516499.6725,-437245.0808,-454038.4034
9622000,2338.9182,14368.3085,62050.2398,-516539.3211,-437781.85459999996,-454489.0813
9623000,2388.7493,14442.2151,61834.8815,-516454.0634,-437788.21749999997,-454619.18189999997
9624000,2332.757,14330.0586,62289.5702,-516771.309,-437818.9232,-454481.7388
9625000,2355.1876,14247.6806,61919.889,-516071.7844,-437549.0272,-454151.8954
9626000,2367.0201,14370.2786,61939.2773,-516110.4444,-437433.8684,-454171.16709999996
9627000,2375.376,14410.4936,62153.6027,-516151.0323,-437211.56000000006,-453997.42960000003
9628000,2346.2567,14235.4519,62302.6454,-516468.8721,-437584.5181,-454166.2267
9629000,2368.7663,14280.0854,61842.0638,-515985.7471,-437494.8316,-454143.6833
9630000,2354.7662,14364.7349,62022.1252,-516376.8955,-437635.2692,-454354.7703
9631000,2371.6865,14366.4831,62130.6989,-516478.1002,-437609.2317,-454347.40129999997
9632000,2370.56,14296.1652,61822.8554,-515889.8503,-437400.2697,-454066.9949
9633000,2399.99,14339.2839,61327.2146,-515307.7964,-437241.3079,-453980.5818
9634000,2362.8421,14368.5711,62456.0551,-517539.9652,-438352.49689999997,-455083.9101
9635000,2353.769,14340.4909,62290.8425,-516462.1439,-437477.04150000005,-454171.3014
9636000,2392.3266,14380.8771,62235.9158,-517026.6159,-438017.49639999995,-454790.70009999996
9637000,2401.2756,14318.8718,62026.6462,-516513.283,-437766.48939999996,-454486.6368
9638000,2395.9749,14389.451,62194.4662,-516266.9949,-437287.1028,-454072.52869999997
9639000,2405.1383,14290.024,62242.3368,-516658.2814,-437720.78229999996,-454415.9446
9640000,2424.6456,14352.4213,61948.7428,-516854.8559,-438129.04620000004,-454906.1131
9641000,2376.2114,14395.4323,62665.7148,-517198.7848,-437761.42630000005,-454533.07
9642000,2371.4854,14363.9843,62034.2717,-516516.6885,-437746.9471,-454482.4168
9643000,2379.6284,14372.3893,61732.4043,-515776.0287,-437291.6067,-454043.62440000003
9644000,2407.2602,14398.3864,61617.382,-516111.7096,-437688.681,-454494.3276
9645000,2368.035,14359.711,62489.0252,-517253.2902,-438036.519,-454764.265
9646000,2375.2851,14333.3208,61774.5356,-515900.554,-437417.4125,-454126.0184
9647000,2356.1097,14351.8903,61519.6361,-515260.7852,-437033.1491,-453741.1491
9648000,2377.4188,14424.9695,61881.58,-515231.522,-436547.5537,-453349.942
9649000,2408.8969,14388.0726,61900.6618,-515528.5868,-436830.9555,-453627.925
9650000,2376.4511,14366.0621,61991.5978,-516204.4837,-437470.37269999995,-454212.8859
9651000,2358.3918,14383.523,61427.7763,-516181.5602,-438011.8691,-454753.78390000004
9652000,2374.6401,14400.3864,61411.3189,-515464.4706,-437278.1252,-454053.1517
9653000,2354.5144,14412.2893,61650.2842,-515896.5439,-437479.456,-454246.2597
9654000,2388.9983,14337.3033,61970.2342,-516202.0197,-437505.4839,-454231.7855
9655000,2370.5434,14364.8323,61933.134,-515781.7432,-437113.23350000003,-453848.6092
9656000,2367.6709,14298.1113,61839.3815,-516495.9801,-437990.8164,-454656.59859999997
9657000,2380.638,14360.0512,61704.3111,-516355.2652,-437910.2649,-454650.95410000003
9658000,2400.3456,14445.4426,61880.8809,-516747.0514,-438020.3823,-454866.1705
9659000,2372.076,14397.3292,62003.0131,-516625.0663,-437852.64800000004,-454622.0532
9660000,2362.8154,14435.5244,62124.3679,-516686.2245,-437763.5168,-454561.8566
9661000,2365.8217,14374.8499,61904.9007,-516960.2108,-438314.6385,-455055.3101
9662000,2431.2593,14363.6317,61921.3855,-516601.9753,-437885.6988,-454680.5898
9663000,2352.5122,14352.9316,61955.9815,-516706.5138,-438045.0885,-454750.5323
9664000,2370.7531,14368.3632,62075.4288,-516364.0424,-437549.4973,-454288.6136
9665000,2369.9942,14341.1749,61823.3469,-515622.8175,-437088.3015,-453799.4706
9666000,2385.7049,14395.0075,62195.1629,-515843.9365,-436868.0612,-453648.7736
9667000,2374.98,14343.9883,61915.6727,-515995.9158,-437361.2748,-454080.2431
9668000,2394.7023,14277.5165,61966.8495,-516478.4667,-437839.3984,-454511.6172
9669000,2380.16,14300.1439,61798.5545,-516729.6574,-438250.799,-454931.10290000006
9670000,2351.8199,14296.6801,61887.9636,-515999.2172,-437462.7536,-454111.2536
9671000,2382.0838,14412.2384,61982.8183,-516342.5962,-437565.45570000005,-454359.77790000004
9672000,2350.0412,14324.172,61649.4506,-515523.271,-437199.6072,-453873.8204
9673000,2339.1816,14281.621,62349.239,-517359.9141,-438389.8725,-455010.6751
9674000,2348.8668,14390.4944,62033.731,-515860.7591,-437087.6669,-453827.0281
9675000,2378.7192,14393.3958,61399.4882,-515768.6485,-437597.0453,-454369.1603
9676000,2355.8795,14316.505,62057.5278,-516435.4162,-437705.5039,-454377.8884
9677000,2383.3189,14397.7747,61816.667,-516037.815,-437440.0544,-454221.148
9678000,2399.3604,14370.6223,61660.3977,-515896.5865,-437466.20609999995,-454236.1888
9679000,2340.3093,14342.6525,61517.6528,-515502.2847,-437301.6701,-453984.63190000004
9680000,2383.4813,14493.9978,61854.4243,-515650.2894,-436918.386,-453795.8651
9681000,2364.0395,14388.7819,61950.2582,-515883.2559,-437180.1763,-453932.9977
9682000,2346.5373,14320.9336,62809.2092,-517371.3162,-437894.6361,-454562.107
9683000,2391.2012,14401.6102,62185.5862,-516488.901,-437510.50340000005,-454303.3148
9684000,2389.0455,14329.9118,62278.8614,-517326.2128,-438328.3941,-455047.3514
9685000,2386.4935,14418.2076,61902.5917,-516336.2981,-437629.0053,-454433.7064
9686000,2387.1697,14406.5512,62351.6194,-516632.7445,-437487.4042,-454281.12509999995
9687000,2385.492,14380.964,62051.8212,-515804.4486,-436986.1714,-453752.6274
9688000,2386.2846,14367.6462,62224.3613,-516292.3595,-437314.06740000006,-454067.99820000003
9689000,2367.2099,14339.288,62271.6561,-516514.4097,-437536.2557,-454242.7536
9690000,2386.4103,14300.5577,62287.7252,-516149.3627,-437174.66949999996,-453861.6375
9691000,2389.3436,14387.5343,61792.1994,-515524.4087,-436955.3314,-453732.20930000005
9692000,2367.223,14443.9402,62649.7878,-516772.3766,-437311.4256,-454122.5888
9693000,2380.8595,14393.3488,62160.8408,-516599.8228,-437664.7737,-454438.982
9694000,2360.1131,14494.7315,61954.9711,-516540.6972,-437730.8815,-454585.72609999997
9695000,2395.4779,14345.2235,62583.5355,-517399.9238,-438075.6869,-454816.3883
9696000,2386.5921,14462.2182,62022.2883,-516460.493,-437589.3944,-454438.2047
9697000,2394.1904,14362.916,61702.2338,-515833.3552,-437374.015,-454131.1214
9698000,2411.0841,14368.3728,62291.0196,-517237.9106,-438167.4341,-454946.891
9699000,2384.2053,14373.0159,62198.0005,-516579.9599,-437624.7382,-454381.9594
9700000,2345.2737,14358.4883,62511.3796,-517143.4476,-437928.306,-454632.068
9701000,2391.1882,14261.4272,62323.7928,-516676.3565,-437699.9483,-454352.5637
9702000,2360.105,14344.8138,62284.639,-517134.5653,-438145.0075,-454849.9263
9703000,2399.0893,14453.4309,62264.9171,-516968.1775,-437850.7402,-454703.26039999997
9704000,2374.8472,14350.4081,62147.936,-516102.7154,-437229.5241,-453954.7794
9705000,2428.6203,14491.2288,62002.1509,-515910.3827,-436988.3827,-453908.2318
9706000,2356.488,14376.5385,61538.8206,-515998.9907,-437727.1436,-454460.17010000005
9707000,2366.6531,14333.5106,62832.4654,-517884.9256,-438352.2965,-455052.46020000003
9708000,2390.6676,14364.1235,61928.2088,-516104.3145,-437421.3146,-454176.10569999996
9709000,2436.5379,14462.9669,61945.8722,-516626.8815,-437781.50450000004,-454681.00930000003
9710000,2372.3214,14347.9784,61807.2211,-516100.179,-437572.6581,-454292.9579
9711000,2382.2907,14399.873,61947.7569,-516271.2093,-437541.2887,-454323.4524
9712000,2374.4733,14423.2372,61247.3348,-515102.5354,-437057.4901,-453855.2006
9713000,2376.09,14321.1431,62022.6508,-516239.2862,-437519.40229999996,-454216.63539999997
9714000,2398.3634,14431.6125,61998.1918,-516534.3966,-437706.2289,-454536.20479999995
9715000,2389.1483,14400.6006,61611.4732,-515481.5877,-437080.36559999996,-453870.11449999997
9716000,2397.2782,14327.9382,62000.8883,-516142.2369,-437416.1322,-454141.3486
9717000,2389.2142,14360.6278,61974.2298,-516432.5825,-437708.5107,-454458.35270000005
9718000,2372.327,14405.9565,62258.8661,-516243.6537,-437206.5041,-453984.78760000004
9719000,2414.7309,14361.98,62066.0924,-516355.5644,-437512.7611,-454289.47199999995
9720000,2385.7941,14376.2149,61587.8385,-514971.5762,-436621.7287,-453383.7377
9721000,2361.752,14294.9589,62151.8653,-515735.2776,-436926.70139999996,-453583.41229999997
9722000,2368.5809,14383.5143,61844.83,-515432.536,-436835.6108,-453587.706
9723000,2378.6253,14280.3291,62106.0028,-516615.674,-437850.7168,-454509.6712
9724000,2336.2429,14316.7648,61557.3087,-515602.2536,-437391.9372,-454044.9449
9725000,2392.0887,14412.9813,62438.0526,-517272.6757,-438029.5531,-454834.6231
9726000,2370.0092,14505.7775,62305.9622,-517351.3963,-438169.6474,-455045.4341
9727000,2358.0447,14359.9484,61769.731,-516401.215,-437913.49090000003,-454631.48400000005
9728000,2393.3244,14273.4307,61832.7986,-516849.2085,-438349.6548,-455016.4099
9729000,2367.3043,14249.7218,62087.4718,-516521.5385,-437817.0406,-454434.0667
9730000,2383.5619,14381.894,62289.6309,-516923.0502,-437867.9634,-454633.4193
9731000,2372.2477,14438.1885,62288.4002,-516877.9872,-437779.15079999994,-454589.587
9732000,2401.9058,14346.8196,62167.3331,-516895.6033,-437979.54480000003,-454728.2702
9733000,2400.4936,14332.1179,61719.4307,-516500.4472,-438048.405,-454781.0165
9734000,2424.7153,14312.1925,62044.6019,-516407.8676,-437626.3579,-454363.2657
9735000,2355.4465,14345.7096,61960.0261,-516288.5613,-437627.3791,-454328.5352
9736000,2396.7468,14337.184,61556.5721,-515897.8098,-437607.30689999997,-454341.2377
9737000,2372.1466,14393.2387,61895.4253,-515924.001,-437263.19039999996,-454028.5757
9738000,2353.3514,14339.1157,62310.3853,-516371.1591,-437368.30669999996,-454060.77379999997
9739000,2392.8528,14372.5172,61331.185,-515451.3852,-437354.8302,-454120.2002
9740000,2352.7709,14328.4289,62045.1585,-516279.3016,-437552.94330000004,-454234.1431
9741000,2399.7987,14346.4582,62285.4416,-516572.8329,-437541.1344,-454287.39129999996
9742000,2380.8378,14334.9697,61903.3788,-516838.7897,-438219.6034,-454935.4109
9743000,2359.2527,14237.1503,62116.2058,-516736.7682,-438024.1594,-454620.5624
9744000,2352.9892,14265.7304,61973.8164,-516518.3277,-437925.7917,-454544.5113
9745000,2369.4919,14322.0665,62613.4146,-517421.5777,-438116.6047,-454808.1631
9746000,2379.9636,14300.3844,62003.6851,-516459.042,-437775.0089,-454455.3569
9747000,2381.845,14362.5262,61713.9911,-516034.3394,-437575.9771,-454320.3483
9748000,2341.5058,14295.3709,61616.1367,-515628.7174,-437375.704,-454012.58070000005
9749000,2337.5596,14322.1426,62655.0795,-517484.3415,-438169.5598,-454829.262
9750000,2365.522,14366.3106,62116.8976,-516574.4897,-437725.7595,-454457.5921
9751000,2343.1895,14359.8564,61811.9,-516123.4587,-437608.5128,-454311.5587
9752000,2389.7391,14272.9733,61749.3977,-516043.6056,-437631.4955,-454294.20790000004
9753000,2403.7513,14296.5979,62362.1221,-516802.2095,-437739.7382,-454440.0874
9754000,2327.235,14283.428,61896.4662,-515843.3082,-437336.179,-453946.842
9755000,2395.9453,14322.3334,62430.5112,-516102.0801,-436953.29020000005,-453671.5689
9756000,2381.6739,14342.0198,61687.5506,-515254.5004,-436843.2561,-453566.9498
9757000,2362.0795,14271.8156,61351.0075,-514771.98,-436787.07739999995,-453420.9725
9758000,2417.8989,14466.3058,62240.7426,-516432.8038,-437307.8565,-454192.0612
9759000,2369.896,14332.575,62099.172,-516279.1625,-437477.5195,-454179.99049999996
9760000,2384.6287,14237.8768,62162.0164,-516083.9059,-437299.384,-453921.8895
9761000,2389.3952,14315.7401,62449.7059,-517248.928,-438094.08680000005,-454799.2221
9762000,2378.0984,14362.2251,62060.6851,-516863.4643,-438062.4557,-454802.7792
9763000,2387.5761,14246.8714,62037.4237,-515780.0768,-437108.2056,-453742.6531
9764000,2344.9761,14344.4189,62181.5961,-516032.9499,-437161.9588,-453851.3538
9765000,2372.589,14370.7255,62394.0043,-516803.6774,-437666.3586,-454409.6731
9766000,2398.4759,14382.5462,61350.8916,-514898.1019,-436766.1882,-453547.21030000004
9767000,2376.652,14417.4604,61644.6559,-515472.0053,-437033.237,-453827.3494
9768000,2392.2205,14396.1477,62628.3809,-517374.745,-437957.9959,-454746.3641
9769000,2395.0427,14452.6829,61899.5998,-516589.6054,-437842.28,-454690.0056
9770000,2396.3124,14444.012,61825.4441,-516592.901,-437927.1325,-454767.4569
9771000,2400.6258,14422.9487,62766.7256,-517708.7812,-438118.48110000003,-454942.0556
9772000,2377.8646,14311.2664,61436.9745,-515806.806,-437680.7005,-454369.8315
9773000,2365.3847,14468.5691,61765.7275,-516318.8119,-437719.1306,-454553.0844
9774000,2392.6092,14349.5782,61941.2868,-516361.2367,-437677.7625,-454419.9499
9775000,2369.1377,14403.0279,61962.886,-516622.6196,-437887.56799999997,-454659.7336
9776000,2377.2872,14308.3718,61623.9656,-515434.3778,-437124.75320000004,-453810.4122
9777000,2363.2006,14370.7187,61974.437,-516186.4637,-437478.10740000004,-454212.02670000005
9778000,2382.9691,14324.7413,62165.5762,-516206.5461,-437333.2595,-454040.96989999997
9779000,2347.549,14404.9735,61958.5672,-516582.8224,-437871.7327,-454624.2552
9780000,2397.7839,14327.2376,61981.9608,-515903.2797,-437196.29740000004,-453921.3189
9781000,2365.7387,14333.6281,62151.1388,-516415.6173,-437565.1117,-454264.47849999997
9782000,2392.5781,14319.8284,61847.5454,-516217.2737,-437657.32180000003,-454369.7283
9783000,2334.3215,14366.619,61807.5321,-515641.7194,-437133.2468,-453834.1873
9784000,2404.985,14319.0886,61701.0505,-516139.6854,-437714.5613,-454438.6349
9785000,2426.153,14327.2177,61859.4565,-516198.2985,-437585.4713,-454338.84199999995
9786000,2397.2003,14305.646,61974.6951,-516556.1783,-437878.63690000004,-454581.4832
9787000,2372.0869,14408.5419,62779.3183,-517145.1859,-437585.2388,-454365.8676
9788000,2377.0525,14408.756,61715.8431,-515781.2415,-437279.5899,-454065.3984
9789000,2368.4908,14271.2371,62270.6822,-516975.3663,-438064.9562,-454704.6841
9790000,2408.6847,14449.9007,62318.4966,-517216.007,-438038.925,-454897.51039999997
9791000,2389.6597,14338.6217,61745.7747,-515771.5556,-437297.49950000003,-454025.7809
9792000,2387.2832,14329.7876,61731.9076,-515900.8898,-437451.9114,-454168.9822
9793000,2367.393,14397.6894,62051.7439,-516561.0412,-437744.21489999996,-454509.2973
9794000,2370.3449,14353.417,61916.5637,-516430.5586,-437790.233,-454513.9949
9795000,2355.4747,14411.9778,61906.3458,-516536.2805,-437862.48219999997,-454629.9347
9796000,2386.2555,14380.7548,62806.4986,-516776.8462,-437203.3373,-453970.34760000004
9797000,2374.1508,14324.5304,61764.4616,-516195.9824,-437732.83959999995,-454431.5208
9798000,2360.4546,14311.9865,62574.0189,-517347.2509,-438100.79089999996,-454773.23199999996
9799000,2404.0279,14267.8506,62011.1076,-516721.3814,-438038.3953,-454710.2738
9800000,2378.508,14304.5073,61907.4562,-515719.6721,-437129.20060000004,-453812.2159
9801000,2355.2539,14341.3048,61856.4918,-516161.3286,-437608.2781,-454304.8368
9802000,2378.5356,14269.3031,62023.2049,-516000.9976,-437329.954,-453977.7927
9803000,2367.5799,14355.4937,62220.1245,-516642.4968,-437699.29870000004,-454422.37230000005
9804000,2412.9137,14350.272,61978.9433,-516067.7974,-437325.66839999997,-454088.8541
9805000,2414.8417,14259.7974,61754.4025,-516109.0199,-437679.9783,-454354.6174
9806000,2387.8827,14359.8563,61620.234,-515527.2209,-437159.2479,-453906.9869
9807000,2389.7966,14293.0213,61837.265,-515662.7614,-437142.67850000004,-453825.4964
9808000,2395.3469,14338.5589,61682.883,-515152.396,-436735.60719999997,-453469.51300000004
9809000,2376.5425,14448.0212,61383.1137,-515027.0401,-436819.3627,-453643.9264
9810000,2373.9828,14383.8355,61942.8856,-516199.8963,-437499.19240000006,-454257.01070000004
9811000,2395.8984,14416.3455,62217.1972,-517316.0944,-438286.6533,-455098.8972
9812000,2379.0506,14278.2719,62405.3221,-517437.8468,-438375.2022,-455032.5247
9813000,2408.0345,14375.2513,62579.9944,-517263.2186,-437899.9384,-454683.2242
9814000,2367.6008,14342.741,62116.7705,-516926.1913,-438099.079,-454809.4208
9815000,2331.8179,14290.5068,62003.9772,-516452.9945,-437826.69259999995,-454449.01729999995
9816000,2419.7287,14301.9464,61641.6071,-516039.7997,-437676.51749999996,-454398.19259999995
9817000,2377.0193,14322.0807,62069.7705,-516249.8237,-437480.9532,-454180.0532
9818000,2385.3659,14302.6445,61857.7055,-516252.0944,-437706.3785,-454394.3889
9819000,2372.3763,14377.815,61785.2631,-515715.3044,-437179.85000000003,-453930.04130000004
9820000,2359.104,14369.7721,61964.6277,-516017.9273,-437324.4235,-454053.29959999997
9821000,2369.2303,14291.6448,61950.2789,-515970.1948,-437359.0408,-454019.9159
9822000,2345.3037,14227.0532,62215.9125,-517204.7304,-438416.461,-454988.8179
9823000,2402.5261,14307.0103,62139.9573,-516306.9226,-437457.4289,-454166.9653
9824000,2391.0094,14327.2027,61909.5689,-516047.7939,-437420.0129,-454138.225
9825000,2372.1638,14281.9476,61781.96,-515787.4264,-437351.355,-454005.4664
9826000,2363.4039,14266.317,61682.181,-516081.0652,-437769.1633,-454398.88420000003
9827000,2422.2679,14339.7087,61255.3933,-514939.0781,-436921.7082,-453683.6848
9828000,2398.88,14361.3538,62138.9652,-515942.0576,-437042.85860000004,-453803.0924
9829000,2387.949,14390.9713,62153.0228,-516157.4004,-437225.4573,-454004.3776
9830000,2405.3927,14444.5616,62165.2555,-516205.1816,-437189.9718,-454039.92610000004
9831000,2337.2981,14289.8308,62395.2963,-516436.2816,-437413.8564,-454040.9853
9832000,2368.2919,14295.5854,61693.4591,-515828.0518,-437470.7154,-454134.59270000004
9833000,2364.0935,14348.9168,61769.9851,-515681.9027,-437198.90729999996,-453911.9176
9834000,2351.0414,14260.2373,61609.8693,-515401.9241,-437180.7761,-453792.0548
9835000,2361.6278,14330.6668,61985.8289,-516468.5536,-437790.4301,-454482.72469999996
9836000,2375.6473,14358.6668,62245.6358,-516786.2533,-437806.3034,-454540.6175
9837000,2370.3821,14265.723,61811.3885,-516338.5967,-437891.1031,-454527.2082
9838000,2370.7617,14406.2519,61495.7248,-516188.564,-437915.8256,-454692.8392
9839000,2382.6305,14411.1766,61949.3539,-516649.3087,-437906.1477,-454699.9548
9840000,2389.671,14309.5039,62467.4965,-517784.9445,-438618.2731,-455317.448
9841000,2378.761,14313.1867,61972.2641,-516460.7237,-437796.5119,-454488.45959999994
9842000,2374.2707,14410.179,61719.0969,-516006.2021,-437502.6555,-454287.1052
9843000,2371.4081,14282.1848,61799.5891,-516612.47,-438159.28799999994,-454812.8809
9844000,2397.0304,14292.6775,61700.9888,-516096.8426,-437706.1459,-454395.8538
9845000,2368.9677,14329.4637,61871.2649,-515841.0524,-437271.3561,-453969.7875
9846000,2393.4658,14359.3704,61485.792,-515119.1411,-436880.5129,-453633.3491
9847000,2396.9368,14255.8242,61931.8405,-516232.4995,-437647.898,-454300.659
9848000,2403.8502,14373.9852,62268.1688,-516404.5946,-437358.5904,-454136.4258
9849000,2354.9604,14243.3164,62234.4726,-515937.4918,-437104.7424,-453703.01920000004
9850000,2384.1423,14312.5332,61852.9464,-515830.158,-437280.5361,-453977.2116
9851000,2347.4263,14274.7218,62176.0027,-516829.7113,-438031.5605,-454653.7086
9852000,2363.5571,14350.9883,61870.7603,-516163.7832,-437578.47750000004,-454293.0229
9853000,2368.954,14315.7765,61980.0494,-516535.7415,-437870.9616,-454555.6921
9854000,2388.9932,14457.5681,62151.0619,-516210.2371,-437212.6139,-454059.17520000006
9855000,2395.3563,14305.7567,61577.9871,-515918.5913,-437639.4912,-454340.60419999994
9856000,2383.6915,14243.3822,62166.2243,-516078.306,-437285.008,-453912.0817
9857000,2369.8195,14340.2996,62239.3239,-516278.1685,-437328.72550000006,-454038.8446
9858000,2386.2421,14285.8081,61894.2004,-516034.387,-437468.13639999996,-454140.1866
9859000,2389.0818,14380.5001,61759.393,-515331.7216,-436802.7467,-453572.3286
9860000,2361.1339,14450.1058,61845.0178,-516110.8341,-437454.5766,-454265.81629999995
9861000,2398.6389,14342.4671,62707.878,-517568.9121,-438119.9281,-454861.03410000005
9862000,2371.9429,14433.8533,62306.4558,-516764.3143,-437652.0623,-454457.85850000003
9863000,2353.2582,14355.7667,61925.7929,-516164.8425,-437530.0247,-454239.0496
9864000,2372.0992,14275.9962,62115.7055,-516509.1394,-437745.33849999995,-454393.4339
9865000,2385.8621,14419.2325,61776.119,-516462.9307,-437881.7171,-454686.8117
9866000,2362.0126,14365.4683,61953.3806,-516545.2716,-437864.4101,-454591.891
9867000,2362.882,14377.4347,61991.5043,-516354.9575,-437623.1365,-454363.4532
9868000,2358.4987,14343.6888,61534.5682,-516436.1386,-438199.38289999997,-454901.5704
9869000,2354.1117,14386.9201,62089.3552,-516554.4922,-437724.1052,-454465.137
9870000,2428.7202,14420.0444,61959.8206,-516745.1434,-437936.55819999997,-454785.3228
9871000,2353.2233,14350.7725,62205.2324,-516861.1261,-437951.8979,-454655.8937
9872000,2380.4787,14305.043,61734.8312,-516275.8312,-437855.4783,-454541.0
9873000,2399.4704,14426.0685,61927.8823,-515979.7789,-437226.3577,-454051.8966
9874000,2376.7477,14439.9327,62560.1542,-516258.8516,-436882.017,-453698.6974
9875000,2358.6683,14301.8082,61487.8459,-515835.2967,-437686.9743,-454347.4508
9876000,2396.7762,14379.6428,62044.8948,-516718.2579,-437896.9441,-454673.3631
9877000,2370.518,14396.1071,62133.573,-516608.3192,-437708.12110000005,-454474.74620000005
9878000,2358.7132,14415.106,62093.2348,-516306.3606,-437439.3066,-454213.12580000004
9879000,2391.5978,14377.8168,62164.8247,-516206.5703,-437272.331,-454041.7456
9880000,2372.6348,14320.6724,62499.7351,-516729.8995,-437536.85719999997,-454230.1644
9881000,2374.3164,14465.0959,62448.1336,-517045.9978,-437758.4519,-454597.8642
9882000,2344.5508,14350.8198,61815.1795,-515634.5325,-437123.9824,-453819.353
9883000,2415.1849,14282.8093,62629.8901,-516875.611,-437547.7267,-454245.72089999996
9884000,2388.2676,14388.319,62366.2987,-516805.8615,-437662.97620000003,-454439.5628
9885000,2370.8606,14365.1563,62021.0459,-516371.6847,-437614.62189999997,-454350.63879999996
9886000,2378.8391,14384.4849,62173.5899,-516652.6048,-437715.6909,-454479.01489999995
9887000,2371.0125,14447.0912,61869.108,-516237.5425,-437550.3308,-454368.4345
9888000,2408.9988,14382.7807,61799.8866,-516088.3332,-437496.66709999996,-454288.4466
9889000,2391.4855,14368.0065,62468.1038,-516474.7763,-437247.1805,-454006.67250000004
9890000,2367.8145,14358.3208,61877.2799,-515946.0626,-437342.6474,-454068.7827
9891000,2404.1188,14390.3308,62144.5131,-517261.444,-438322.4813,-455116.93090000004
9892000,2350.9111,14361.3492,62023.1841,-516155.2033,-437419.7589,-454132.0192
9893000,2381.7571,14347.4999,61644.4252,-515750.9718,-437377.2896,-454106.5466
9894000,2370.6165,14308.8351,62378.2668,-516693.1224,-437635.404,-454314.8556
9895000,2404.8241,14346.2805,61936.8229,-516341.578,-437653.6505,-454404.75509999995
9896000,2384.5874,14342.7675,62096.8332,-516481.5516,-437657.3635,-454384.7184
9897000,2403.1522,14349.3859,61587.4072,-515571.9095,-437231.96420000005,-453984.5023
9898000,2371.637,14345.0793,61855.789,-515734.2739,-437161.76859999995,-453878.4849
9899000,2382.313,14290.002,61914.6896,-515463.6067,-436876.6021,-453548.9171
9900000,2380.6465,14327.7034,61756.4161,-515203.9795,-436739.2135,-453447.5634
9901000,2377.8814,14383.8034,62022.2323,-515702.318,-436918.4009,-453680.08570000005
9902000,2410.7263,14412.7333,62195.4467,-515355.5549,-436336.64859999996,-453160.1082
9903000,2374.6267,14362.5109,61874.153,-515680.5851,-437069.2945,-453806.43210000003
9904000,2365.5606,14392.2581,62226.1166,-516244.9415,-437261.0062,-454018.8249
9905000,2392.0356,14317.7682,62057.3416,-515645.5475,-436878.40209999995,-453588.2059
9906000,2396.317,14277.2667,61640.9683,-515619.0755,-437304.5235,-453978.10719999997
9907000,2353.9475,14179.7423,62178.8624,-516523.3992,-437810.84699999995,-454344.5368
9908000,2392.3171,14368.8257,61776.6767,-515286.798,-436748.97849999997,-453510.1213
9909000,2366.4479,14320.7878,61746.6686,-515636.4176,-437202.5133,-453889.749
9910000,2377.6014,14353.1952,61631.7949,-515614.2788,-437251.6873,-453982.4839
9911000,2362.2195,14236.9345,61544.4274,-515399.0718,-437255.4904,-453854.6444
9912000,2391.5318,14373.5199,62367.3113,-517226.7801,-438094.41709999996,-454859.4688
9913000,2386.1942,14293.0942,62099.7785,-516390.7574,-437611.6905,-454290.9789
9914000,2368.8088,14381.3194,61828.221,-516680.81,-438102.4608,-454852.589
9915000,2356.7719,14308.6551,61604.397,-516094.0029,-437824.17890000006,-454489.6059
9916000,2372.2854,14333.4953,61740.8629,-516090.5646,-437643.921,-454349.7017
9917000,2359.2449,14364.2102,62085.5474,-516799.2642,-437990.2617,-454713.7168
9918000,2402.3401,14345.1592,62505.7323,-517014.3604,-437761.1288,-454508.6281
9919000,2359.5986,14301.5812,62421.008,-516836.2113,-437754.0235,-454415.20330000005
9920000,2372.1404,14281.7237,62576.4538,-516689.9557,-437459.6378,-454113.5019
9921000,2384.513,14348.7985,62048.9848,-516658.6413,-437876.34500000003,-454609.65650000004
9922000,2394.2354,14305.4788,61956.8132,-516524.7522,-437868.22479999997,-454567.939
9923000,2380.4679,14278.8508,61724.705,-515618.3225,-437234.2988,-453893.6175
9924000,2400.2552,14371.4552,62016.2559,-515835.1986,-437047.23230000003,-453818.9427
9925000,2404.1142,14411.0327,62042.5435,-516431.6925,-437574.00210000004,-454389.149
9926000,2361.6422,14228.5006,61944.1355,-516109.5813,-437575.303,-454165.44580000004
9927000,2363.0591,14260.7397,61718.0443,-515675.425,-437333.5819,-453957.3807
9928000,2346.6392,14229.3537,61984.0305,-516344.0705,-437784.04709999997,-454360.04
9929000,2374.0898,14361.2756,61473.1683,-516151.946,-437943.41229999997,-454678.7777
9930000,2380.6827,14359.737,62520.601,-516687.7206,-437426.6999,-454167.1196
9931000,2386.0294,14396.2769,61931.3418,-516302.2063,-437588.5582,-454370.8645
9932000,2372.4505,14280.1452,61876.9159,-516255.9166,-437726.405,-454379.0007
9933000,2396.3761,14327.5319,62077.9398,-516441.1672,-437639.31940000004,-454363.22740000003
9934000,2376.2284,14357.0621,62033.7055,-516587.4592,-437820.4632,-454553.7537
9935000,2413.904,14414.809,62056.2206,-516648.7636,-437763.83,-454592.543
9936000,2380.9407,14347.1531,62135.6522,-517055.1624,-438191.4164,-454919.51019999996
9937000,2398.7547,14290.7649,62061.6855,-516215.3628,-437464.1577,-454153.6773
9938000,2406.542,14295.5236,62052.6758,-517168.8866,-438414.1452,-455116.2108
9939000,2359.9987,14316.1363,61759.6724,-515976.4901,-437540.6827,-454216.8177
9940000,2383.8203,14336.2713,62143.5857,-516065.6935,-437202.01619999995,-453922.1078
9941000,2395.4014,14234.0714,61828.7727,-516005.2871,-437547.0416,-454176.5144
9942000,2352.5012,14349.2198,62151.2298,-516083.038,-437230.0872,-453931.80819999997
9943000,2397.7783,14331.4271,62048.3907,-516185.1917,-437407.5956,-454136.80100000004
9944000,2357.0397,14382.243,61351.8552,-515363.7139,-437272.576,-454011.8587
9945000,2383.8707,14309.6858,62060.7363,-516097.8886,-437343.5958,-454037.1523
9946000,2394.538,14394.3083,62046.0058,-516402.1351,-437567.283,-454356.12930000003
9947000,2381.3681,14389.3867,61670.9557,-515926.6105,-437484.9,-454255.6548
9948000,2391.7958,14321.1112,61695.3221,-515929.4116,-437521.1825,-454234.0895
9949000,2383.1576,14384.4908,62003.8404,-516490.0735,-437718.5847,-454486.2331
9950000,2383.5999,14295.646,61601.4132,-516126.9654,-437846.3063,-454525.5522
9951000,2364.5215,14366.9846,62266.8311,-517041.8567,-438043.5195,-454775.0256
9952000,2368.79,14339.6972,61790.0791,-516093.9262,-437595.3599,-454303.8471
9953000,2387.8516,14394.2894,62465.6704,-516882.716,-437634.9046,-454417.0456
9954000,2384.5091,14390.6685,61765.7932,-516205.356,-437664.3852,-454439.5628
9955000,2388.9068,14362.9563,61492.4611,-515296.6177,-437052.2935,-453804.1566
9956000,2366.7209,14212.1203,62321.6567,-516190.7069,-437290.209,-453869.0502
9957000,2399.083,14368.4047,61534.2222,-515298.1144,-436996.40450000006,-453763.8922
9958000,2400.9637,14369.9911,62399.6823,-516277.4831,-437106.846,-453877.8008
9959000,2359.4989,14333.6956,62033.3841,-516126.3987,-437399.8201,-454093.0146
9960000,2376.4449,14399.7722,62600.8448,-516463.0936,-437086.03170000005,-453862.2488
9961000,2366.3464,14383.9874,61866.434,-516135.7662,-437518.99840000004,-454269.3322
9962000,2384.6875,14353.6566,62692.0457,-517390.8653,-437960.4755,-454698.8196
9963000,2379.8865,14368.7536,61738.8757,-516308.7198,-437821.204,-454569.84410000005
9964000,2390.6939,14287.936,62302.3272,-516481.9378,-437500.9807,-454179.6106
9965000,2392.6836,14362.9665,62173.6528,-516439.84,-437510.5371,-454266.18720000004
9966000,2346.0139,14345.941,61880.044,-515853.1709,-437281.172,-453973.12690000003
9967000,2356.4151,14414.3195,62543.1806,-516826.0367,-437512.1215,-454282.8561
9968000,2403.4076,14409.958,62266.5241,-517081.4356,-438001.5459,-454814.91150000005
9969000,2389.6706,14327.0509,62315.4365,-516580.8662,-437548.7082,-454265.4297
9970000,2358.6328,14350.7331,61928.5633,-516325.2298,-437687.30059999996,-454396.6665
9971000,2397.2177,14329.9386,62418.2004,-516470.5256,-437325.1689,-454052.32519999996
9972000,2368.2407,14478.5652,61714.7218,-516576.623,-438015.09530000004,-454861.9012
9973000,2385.2839,14344.4731,61983.5603,-516462.8107,-437749.4934,-454479.25039999996
9974000,2385.5988,14287.7957,62322.5512,-516771.4596,-437775.5139,-454448.9084
9975000,2354.6556,14319.3555,61805.2029,-515884.9562,-437405.74220000004,-454079.75330000004
9976000,2370.884,14258.0041,61785.886,-515682.111,-437267.3369,-453896.225
9977000,2367.4988,14244.7047,61824.8848,-516078.1235,-437641.0352,-454253.2387
9978000,2365.5749,14355.5436,62303.7894,-517108.5481,-438083.6402,-454804.7587
9979000,2340.1044,14218.2918,62100.7548,-516139.9274,-437480.7764,-454039.1726
9980000,2372.9677,14404.2217,61663.9137,-515733.7636,-437292.6605,-454069.84990000003
9981000,2392.2136,14375.4184,62068.5701,-516481.2829,-437645.0808,-454412.7128
9982000,2379.8215,14341.7728,61693.599,-515200.0493,-436784.856,-453506.4503
9983000,2365.11,14279.6243,61982.2812,-516016.9154,-437389.8999,-454034.6342
9984000,2380.1505,14297.8975,61435.1707,-515498.0036,-437384.78489999997,-454062.8329
9985000,2347.5578,14385.4559,61782.708,-515788.8166,-437273.0949,-454006.10860000004
9986000,2360.9315,14264.1865,61847.8944,-515888.4689,-437415.4565,-454040.5745
9987000,2372.1741,14364.8593,62682.3563,-517027.9434,-437608.5537,-454345.5871
9988000,2346.6805,14348.8052,61706.8059,-515650.0326,-437247.741,-453943.2267
9989000,2361.1458,14430.357,62185.5282,-516702.7689,-437725.7379,-454517.2407
9990000,2377.3313,14417.2045,61968.4591,-516344.0831,-437581.0882,-454375.624
9991000,2366.4069,14311.668,61873.9004,-516223.7705,-437671.7952,-454349.8701
9992000,2412.3768,14422.6536,62522.898,-516368.7662,-437010.8378,-453845.8682
9993000,2401.8242,14364.4481,61901.1339,-516302.0474,-437634.64119999995,-454400.91349999997
9994000,2352.9866,14266.5307,61538.7919,-515481.7049,-437323.3957,-453942.913
9995000,2379.9161,14319.8147,62082.7128,-516101.3746,-437318.931,-454018.6618
9996000,2366.4553,14206.258,62305.9767,-516820.4046,-437941.7146,-454514.4279
9997000,2396.517,14326.3883,61812.2998,-515816.0558,-437280.85069999995,-454003.756
9998000,2373.6075,14227.8058,61764.2655,-515227.196,-436861.5172,-453462.9305
9999000,2366.3809,14402.0242,62159.1883,-516755.1488,-437827.5554,-454595.96050000004
10000000,2372.5103,14398.3662,61530.5351,-515566.2483,-437264.8367,-454035.7132
10000000,2380.745,14325.2875,61997.5935,-516257.2752,-437553.6492,-454259.68169999996
10000000,20.0308,64.5867,305.5296,559.2862,949.4333,864.8158000000001
