step,nb14,eel14,vdwaals,eelec,case1,case2
1000,2337.2212,13734.0296,61878.8699,-515227.0612,-437276.9405,-453348.1913
2000,2347.0356,13762.4123,61796.8025,-515440.1811,-437533.9307,-453643.3786
3000,2371.5035,13765.362,62337.8825,-516204.7119,-437729.9639,-453866.8294
4000,2355.9046,13853.9355,61933.3153,-516471.0733,-438327.9179,-454537.758
5000,2364.8413,13657.2097,62175.0046,-515442.0467,-437244.9911,-453267.0421
6000,2338.7364,13812.6624,61770.6418,-514933.4317,-437011.3911,-453162.78990000003
7000,2373.3027,13710.3378,61796.8797,-514452.6246,-436572.10439999995,-452655.7449
8000,2341.8114,13719.2366,62243.3815,-515230.9871,-436926.55760000006,-452987.6056
9000,2361.8254,13680.8069,61803.4337,-515128.5155,-437282.4495,-453325.0818
10000,2349.5555,13727.1516,61967.4956,-515656.3919,-437612.1892,-453688.89629999996
11000,2363.7108,13803.8092,61670.3192,-515017.49,-437179.6508,-453347.17079999996
12000,2365.0556,13764.4477,61896.5784,-515659.514,-437633.43230000004,-453762.9356
13000,2361.8387,13697.8164,62428.5372,-515386.376,-436898.1837,-452957.83879999997
14000,2362.6626,13729.9941,62480.782,-515626.1448,-437052.7061,-453145.3628
15000,2360.6899,13701.52,61883.5345,-515284.7291,-437338.98470000003,-453401.1946
16000,2342.4022,13683.2374,61931.9903,-514976.6745,-437019.0446,-453044.6842
17000,2348.7028,13784.7631,61585.8344,-514264.6243,-436545.324,-452678.78990000003
18000,2371.1498,13727.0875,62319.4707,-516102.5909,-437684.8829,-453783.1202
19000,2340.5025,13675.2731,61881.0236,-515325.3733,-437428.57409999997,-453444.34969999996
20000,2338.4095,13772.9267,61958.5705,-514518.5503,-436448.6436,-452559.9798
21000,2340.7472,13770.3873,61520.1176,-514948.4876,-437317.2355,-453428.37
22000,2375.5635,13828.3499,62081.3981,-515807.3098,-437521.9983,-453725.9117
23000,2344.6842,13748.709,61705.4597,-515156.6364,-437357.7835,-453451.1767
24000,2375.1131,13719.8866,61323.1372,-514756.272,-437338.1351,-453433.1348
25000,2342.2818,13801.4249,61747.6146,-515393.6639,-437502.3426,-453646.04929999996
26000,2326.5109,13706.9135,61694.5863,-514924.4203,-437196.4096,-453229.834
27000,2312.705,13784.9875,61662.7432,-514916.6985,-437156.2628,-453253.95530000003
28000,2355.1583,13733.6579,61872.6418,-515417.9731,-437456.5151,-453545.3313
29000,2395.5968,13830.2216,61586.0232,-515167.5085,-437355.6669,-453581.4853
30000,2362.6345,13813.8893,61952.4727,-515710.9526,-437581.9561,-453758.47990000003
31000,2356.5304,13717.3995,62258.9907,-515649.9763,-437317.05569999997,-453390.98559999996
32000,2362.9981,13727.2147,62110.2988,-515717.553,-437517.0414,-453607.2542
33000,2340.4272,13731.2757,61643.6289,-514765.6033,-437050.27150000003,-453121.9744
34000,2393.2981,13901.5884,61923.8094,-515472.3166,-437253.6207,-453548.5072
35000,2371.6208,13691.9298,62045.7427,-515943.9683,-437834.675,-453898.2256
36000,2352.4963,13785.6131,62043.1197,-515705.262,-437524.0329,-453662.1423
37000,2336.7989,13719.3211,62222.5946,-515447.4301,-437168.7155,-453224.8355
38000,2354.914,13825.0199,62304.3223,-515715.0229,-437230.7667,-453410.7006
39000,2372.9157,13793.842,62259.1817,-514965.5954,-436539.65599999996,-452706.4137
40000,2354.0951,13793.4964,62094.4369,-515401.5098,-437159.4814,-453307.0729
41000,2365.1692,13883.4331,61796.0627,-514868.7568,-436824.09179999994,-453072.69409999996
42000,2355.7786,13789.1292,61892.637,-514507.7682,-436470.2234,-452615.1312
43000,2355.659,13788.4603,61681.525,-514499.0264,-436673.3821,-452817.50139999995
44000,2363.2822,13733.2148,62244.5869,-515282.3868,-436941.3029,-453037.7999
45000,2371.5192,13686.7612,61697.6997,-514023.8735,-436267.8934,-452326.1738
46000,2358.4289,13831.313,61782.5676,-515127.6819,-437155.3724,-453345.1143
47000,2366.3318,13802.5543,62044.2335,-515010.7732,-436797.65359999996,-452966.53969999996
48000,2350.709,13841.0702,61480.9859,-514411.326,-436738.5609,-452930.34010000003
49000,2364.1541,13813.9994,62051.0948,-515479.6571,-437250.4088,-453428.5623
50000,2383.3711,13711.3639,62139.3375,-515519.7552,-437285.6827,-453380.4177
51000,2362.6178,13743.5588,62177.6492,-515953.222,-437669.3962,-453775.5728
52000,2337.0379,13822.0674,62174.0946,-515508.9819,-437175.782,-453334.8873
53000,2350.3727,13798.6339,62235.2045,-515524.8565,-437140.6454,-453289.652
54000,2362.5051,13838.9672,62164.1024,-515458.3691,-437092.7944,-453294.26670000004
55000,2355.9314,13857.2609,61756.7547,-515270.7094,-437300.7624,-453513.9547
56000,2380.2739,13871.2576,62000.6927,-515459.471,-437207.2468,-453458.7783
57000,2356.2138,13710.888,61840.5131,-515370.5878,-437462.9729,-453530.0747
58000,2380.8218,13712.2787,61958.1041,-515208.9181,-437157.7135,-453250.814
59000,2338.1118,13761.6594,62112.7526,-515507.233,-437294.70920000004,-453394.4804
60000,2359.5566,13736.5984,61721.4484,-514983.7803,-437166.17689999996,-453262.3319
61000,2368.3981,13791.9903,62134.5517,-515698.4471,-437403.507,-453563.8954
62000,2360.8466,13789.1479,62068.0274,-514571.8135,-436353.7916,-452503.78609999997
63000,2329.5421,13706.3354,61692.1216,-513984.2112,-436256.2121,-452292.0896
64000,2341.7086,13701.3139,62067.5289,-514850.0471,-436739.4957,-452782.51820000005
65000,2372.131,13702.8323,61967.1604,-515899.2329,-437857.1092,-453932.0725
66000,2376.1807,13792.8728,62086.0436,-515665.0432,-437409.9461,-453578.99960000004
67000,2360.0875,13764.1151,61601.2372,-514280.407,-436554.9672,-452679.16980000003
68000,2372.6599,13782.2746,61978.7042,-515849.5866,-437715.94789999997,-453870.8824
69000,2404.4941,13793.3024,61840.3292,-514948.693,-436910.5673,-453108.36380000005
70000,2366.8888,13706.0241,61761.8047,-515527.4428,-437692.7252,-453765.63810000004
71000,2360.3788,13768.9508,61828.2872,-515145.4008,-437187.784,-453317.1136
72000,2387.45,13843.5544,62199.0886,-516141.5156,-437711.4226,-453942.42699999997
73000,2361.1012,13744.7615,61531.6437,-515280.7847,-437643.2783,-453749.141
74000,2390.9333,13762.422,62266.1844,-515885.3385,-437465.7988,-453619.15410000004
75000,2363.5308,13711.9399,62059.1897,-515758.3382,-437623.6778,-453699.1485
76000,2389.3028,13880.6377,62252.8448,-515400.101,-436877.31570000004,-453147.2562
77000,2374.8428,13838.2024,62444.4699,-515388.8523,-436731.33720000007,-452944.3824
78000,2383.5827,13760.5894,62338.3975,-515351.3892,-436868.8196,-453012.99169999996
79000,2335.4215,13653.2601,61520.6344,-515010.8956,-437501.5796,-453490.2612
80000,2345.5925,13805.3537,61577.1884,-514936.3066,-437208.172,-453359.1182
81000,2344.9517,13771.3418,61928.4659,-515306.617,-437261.8576,-453378.1511
82000,2362.9071,13819.8358,61979.1464,-515419.8318,-437257.9425,-453440.68539999996
83000,2371.6414,13829.5344,62377.9857,-516019.8891,-437440.7276,-453641.90339999995
84000,2331.6369,13694.7093,61775.9997,-515172.1441,-437369.79819999996,-453396.1444
85000,2357.6659,13782.6175,62287.0341,-516409.4001,-437982.0826,-454122.36600000004
86000,2344.2092,13829.0927,61937.4864,-516596.0092,-438485.22089999996,-454658.5228
87000,2347.1621,13816.7818,62431.5456,-516663.6864,-438068.1969,-454232.1408
88000,2352.3735,13818.4862,61672.3104,-514757.8613,-436914.6912,-453085.5509
89000,2373.3238,13829.8622,62284.8487,-515819.4478,-437331.4131,-453534.5991
90000,2387.2663,13758.2239,61869.1285,-515681.8001,-437667.1814,-453812.6716
91000,2401.0312,13726.1356,62004.4647,-515459.6735,-437328.042,-453455.20879999996
92000,2330.1109,13790.8253,62106.7583,-515696.1,-437468.4055,-453589.3417
93000,2364.5184,13767.2615,61978.4134,-514976.363,-436866.1697,-452997.9496
94000,2355.2789,13722.4336,62078.7095,-514753.8248,-436597.40280000004,-452675.1153
95000,2347.7864,13784.5064,61765.5761,-515135.6195,-437237.75059999997,-453370.04339999997
96000,2400.4645,13880.9864,61949.4365,-516021.3619,-437790.4745,-454071.9254
97000,2359.3594,13790.0058,61824.3442,-515360.3372,-437386.6278,-453535.993
98000,2381.6639,13736.4875,61851.5625,-515575.1639,-437605.44999999995,-453723.6014
99000,2338.3062,13701.6001,62178.8929,-515166.3697,-436947.5705,-452987.4768
100000,2379.7901,13840.4739,62132.7796,-515717.01,-437363.96640000003,-453584.2304
101000,2358.9506,13770.4507,62486.3786,-516382.2087,-437766.4288,-453895.8301
102000,2333.7546,13825.718,62704.9191,-515946.7813,-437082.3896,-453241.8622
103000,2362.5351,13753.4793,62160.7501,-515273.3251,-436996.5606,-453112.575
104000,2366.0403,13675.3216,62026.5973,-515836.6738,-437768.7146,-453810.07649999997
105000,2337.4718,13805.0568,62456.5915,-516264.6545,-437665.5344,-453808.063
106000,2388.1642,13751.1078,61986.2496,-515456.7357,-437331.2141,-453470.48610000004
107000,2379.4276,13922.628,62357.8339,-515782.2572,-437122.3677,-453424.4233
108000,2355.9378,13789.6727,62445.3999,-516121.2821,-437530.27170000004,-453675.8822
109000,2357.6377,13866.0262,61802.71,-515477.1292,-437450.7553,-453674.4192
110000,2357.4266,13772.3692,62205.0336,-515870.3836,-437535.5542,-453665.35
111000,2363.75,13848.8931,62472.5153,-515331.2407,-436646.0823,-452858.7254
112000,2377.8927,13774.681,62002.3809,-514748.2572,-436593.3026,-452745.8763
113000,2405.8741,13870.6436,62119.0686,-514976.5542,-436580.96790000005,-452857.4856
114000,2375.153,13843.2983,62016.855,-515119.3334,-436884.0271,-453102.4784
115000,2379.1664,13786.408,61314.3334,-513838.5015,-436358.5937,-452524.1681
116000,2377.1185,13720.1873,62014.3874,-514906.6445,-436794.9513,-452892.2571
117000,2372.5707,13702.5004,62053.3207,-514280.9601,-436152.56830000004,-452227.63940000004
118000,2358.2619,13760.2196,62246.5005,-515925.5862,-437560.6042,-453679.0857
119000,2367.4138,13817.5641,62118.088,-515726.4509,-437423.385,-453608.3629
120000,2316.5094,13656.7139,62052.8732,-515572.6997,-437546.6032,-453519.82649999997
121000,2391.7177,13715.8316,61976.8146,-515857.4104,-437773.0465,-453880.5958
122000,2355.0639,13710.5865,61462.5143,-514327.9375,-436799.77280000004,-452865.4232
123000,2366.0951,13833.9161,61839.5922,-515056.8505,-437017.24710000004,-453217.2583
124000,2371.3895,13777.1879,61905.6845,-515133.5096,-437079.24769999995,-453227.8251
125000,2360.3969,13674.5153,61703.4137,-515370.788,-437632.4621,-453667.3743
126000,2359.095,13643.5375,62367.5761,-515981.7854,-437611.5768,-453614.2093
127000,2322.6071,13819.0267,62267.7817,-515936.8139,-437527.3984,-453669.0322
128000,2403.2417,13848.0337,61966.9445,-515584.4401,-437366.2202,-453617.4956
129000,2349.5855,13675.7495,62166.0255,-515430.4864,-437239.1259,-453264.4609
130000,2354.3698,13742.3904,62411.0362,-515917.7601,-437409.9637,-453506.7239
131000,2409.0942,13791.6213,62258.4161,-515707.6817,-437248.5501,-453449.26560000004
132000,2366.3113,13814.2845,61972.454,-515409.7177,-437256.6679,-453437.2637
133000,2376.0008,13817.7474,62079.7273,-514737.1317,-436463.6562,-452657.4044
134000,2380.0763,13769.5849,61569.2224,-515051.2256,-437332.342,-453482.00320000004
135000,2361.4128,13810.2324,62133.5811,-515371.0237,-437065.79740000004,-453237.4426
136000,2353.1651,13774.0717,61709.6748,-514679.1214,-436842.2098,-452969.4466
137000,2321.8588,13701.4663,62468.0523,-515587.6473,-437096.2699,-453119.59500000003
138000,2340.6245,13753.2643,61293.561,-513769.6485,-436382.1987,-452476.0875
139000,2353.6184,13749.2918,62533.1474,-515832.1943,-437196.1367,-453299.04689999996
140000,2384.7746,13818.5536,62000.7927,-515467.6509,-437263.53,-453466.8582
141000,2394.4386,13765.657,61642.424,-514940.2488,-437137.7292,-453297.8248
142000,2373.1651,13758.9119,61765.4349,-514449.5422,-436552.03030000004,-452684.10730000003
143000,2359.4174,13720.8414,62315.6074,-515759.273,-437363.4068,-453443.6656
144000,2382.9612,13843.9475,61807.2134,-514886.8835,-436852.76139999996,-453079.6701
145000,2382.2176,13814.9389,62020.3732,-515551.3908,-437333.8611,-453531.0176
146000,2366.8959,13811.5915,62409.4844,-516166.8853,-437578.9135,-453757.4009
147000,2360.2993,13731.2263,62548.6849,-516583.5119,-437943.3014,-454034.827
148000,2322.8829,13667.9813,62532.8789,-516159.8538,-437636.11069999996,-453626.9749
149000,2370.0309,13758.0883,62550.2242,-516377.7288,-437699.38539999997,-453827.5046
150000,2396.7149,13766.6744,62169.9526,-516026.4269,-437693.085,-453856.4743
151000,2342.8303,13791.6548,62356.3303,-516189.4061,-437698.5907,-453833.0758
152000,2342.1986,13742.5292,62281.3592,-515615.3951,-437249.3081,-453334.0359
153000,2348.1235,13805.2095,61433.8523,-514824.8095,-437237.62419999996,-453390.95719999995
154000,2341.3734,13670.3664,62407.9764,-515219.2815,-436799.5653,-452811.3051
155000,2349.1008,13707.0489,61972.1469,-515014.345,-436986.04839999997,-453042.1981
156000,2366.5117,13609.0317,62070.214,-514865.27,-436819.5126,-452795.05600000004
157000,2349.7499,13634.7336,61589.6958,-514498.5357,-436924.3564,-452908.8399
158000,2348.2178,13810.8088,61602.1602,-515113.6908,-437352.50399999996,-453511.5306
159000,2350.881,13798.8587,61979.5518,-515469.3713,-437340.0798,-453489.8195
160000,2372.6146,13760.6616,61743.5468,-514927.3321,-437050.5091,-453183.7853
161000,2354.7646,13825.8694,62007.9109,-515404.1352,-437215.59030000004,-453396.2243
162000,2373.9653,13800.0648,62084.9665,-515669.4049,-437410.4083,-453584.43840000004
163000,2343.8773,13653.247,62020.4744,-515316.4559,-437298.85719999997,-453295.9815
164000,2360.227,13818.9883,62166.9062,-515608.7972,-437262.67569999996,-453441.89099999995
165000,2370.3686,13678.678,62264.6469,-515670.4046,-437356.7111,-453405.7577
166000,2357.8883,13830.9111,62037.6432,-516177.7751,-437951.3325,-454140.13190000004
167000,2332.0566,13771.169,62343.637,-516412.5138,-437965.6512,-454068.8768
168000,2329.9092,13665.4139,62328.2641,-516057.1736,-437733.5864,-453728.90949999995
169000,2330.161,13826.9913,62640.7871,-515628.2353,-436830.2959,-452987.4482
170000,2349.5489,13681.024,62028.1714,-515057.0664,-436998.3221,-453028.895
171000,2367.8366,13721.3046,61333.3182,-515107.8361,-437685.3767,-453774.51790000004
172000,2330.7774,13704.3837,61937.9214,-515390.8451,-437417.76259999996,-453452.9237
173000,2318.716,13698.0552,62205.0668,-515464.2961,-437242.4581,-453259.2293
174000,2379.2499,13782.3308,62171.0891,-516275.3045,-437942.63470000005,-454104.21540000004
175000,2336.3946,13701.2392,61953.5085,-515713.3541,-437722.2118,-453759.8456
176000,2360.7399,13842.8452,61943.8992,-515785.8033,-437638.319,-453841.90410000004
177000,2374.6828,13737.2158,62412.3831,-516043.4304,-437519.1487,-453631.04730000003
178000,2361.4233,13704.06,62119.9631,-515680.8733,-437495.42689999996,-453560.9102
179000,2349.8481,13752.38,61961.1488,-515094.6086,-437031.2317,-453133.45979999995
180000,2354.328,13745.6183,62224.2006,-515652.4685,-437328.3216,-453428.26790000004
181000,2348.9774,13752.5808,61718.608,-514883.7495,-437063.58329999994,-453165.14149999997
182000,2328.2025,13739.7649,61572.1956,-514961.771,-437321.608,-453389.57540000003
183000,2345.4246,13758.3459,61772.6055,-515758.4356,-437882.05960000004,-453985.8301
184000,2338.5013,13741.1673,61921.907,-515364.0739,-437362.49830000004,-453442.1669
185000,2385.1379,13774.2763,61589.977,-514873.7238,-437124.33259999997,-453283.74679999996
186000,2380.9111,13765.6987,61918.8537,-515204.8385,-437139.375,-453285.98480000003
187000,2330.4286,13808.1041,62033.3231,-515525.4539,-437353.5981,-453492.13080000004
188000,2362.9905,13776.7785,61247.1301,-513981.2078,-436594.30869999994,-452734.07769999997
189000,2342.9526,13743.7841,62031.2472,-514847.0244,-436729.0405,-452815.7772
190000,2362.4771,13796.8541,61622.5706,-514663.0093,-436881.1075,-453040.4387
191000,2385.0967,13793.1802,61556.4135,-514868.2835,-437133.5931,-453311.87
192000,2373.1336,13865.1951,62120.2821,-515609.1765,-437250.56570000004,-453488.8944
193000,2366.3589,13724.4048,61551.5732,-514447.5557,-436805.21880000003,-452895.98250000004
194000,2322.0818,13785.1983,62220.6665,-516071.8176,-437743.87100000004,-453851.1511
195000,2368.2815,13726.5852,62086.9186,-515423.0702,-437241.2849,-453336.15160000004
196000,2337.2121,13802.8136,62271.3269,-515697.1492,-437285.7966,-453425.8223
197000,2341.9147,13761.6102,62266.466,-516253.8226,-437883.8317,-453987.3566
198000,2350.5524,13710.9262,62090.8341,-515655.2915,-437502.9788,-453564.4574
199000,2387.9216,13845.8971,61820.234,-514676.943,-436622.8903,-452856.70900000003
200000,2379.8623,13914.0772,62288.1587,-515846.875,-437264.7768,-453558.7163
201000,2350.208,13853.2034,62248.6078,-515904.8369,-437452.8177,-453656.2291
202000,2343.0064,13755.371,62699.747,-516295.5657,-437497.44129999995,-453595.81869999995
203000,2350.4071,13773.5413,62587.935,-516171.3883,-437459.5049,-453583.4533
204000,2384.7262,13719.8945,62104.8734,-515478.3342,-437268.8401,-453373.4608
205000,2356.8067,13790.1556,61843.9655,-515483.4339,-437492.5061,-453639.4684
206000,2376.4838,13815.9313,61936.5472,-515141.847,-437012.8847,-453205.29980000004
207000,2362.37,13849.7932,61438.2746,-514339.7646,-436689.3268,-452901.49
208000,2352.2021,13729.6983,61576.7153,-515391.958,-437733.34229999996,-453815.2427
209000,2371.234,13803.369,62140.9042,-515484.5131,-437169.0059,-453343.6089
210000,2329.3579,13722.2356,62552.9434,-516513.4302,-437908.8933,-453960.4868
211000,2351.4493,13593.7019,62145.2156,-515807.3337,-437716.9669,-453662.1181
212000,2330.9117,13788.8863,61945.4911,-515439.6469,-437374.3578,-453494.1558
213000,2344.6705,13833.5965,62069.7447,-515544.7345,-437296.7228,-453474.98980000004
214000,2376.6503,13865.1391,62151.2489,-514874.4224,-436481.38409999997,-452723.1735
215000,2363.4137,13850.3959,62233.8676,-515689.7329,-437242.0557,-453455.8653
216000,2389.8936,13836.9572,61789.6932,-515287.558,-437271.014,-453497.86480000004
217000,2360.5605,13857.5764,62278.5896,-516156.5631,-437659.83660000004,-453877.9735
218000,2371.4858,13777.7544,62362.2373,-516057.2833,-437545.8058,-453695.04600000003
219000,2327.8439,13767.7104,61849.0402,-515170.9734,-437226.3789,-453321.9332
220000,2384.1397,13799.0338,61882.575,-515324.8367,-437259.0882,-453442.2617
221000,2331.0975,13783.2552,61596.1135,-515899.7497,-438189.2835,-454303.6362
222000,2318.4897,13739.4657,61649.5566,-514541.6781,-436834.16610000003,-452892.1215
223000,2360.7206,13761.4098,61908.2708,-515536.7438,-437506.3426,-453628.473
224000,2361.4343,13769.9158,62490.6124,-516190.8645,-437568.902,-453700.25210000004
225000,2374.7359,13813.9116,62072.9842,-514908.9249,-436647.29319999996,-452835.9407
226000,2392.9159,13782.9607,62363.7985,-515509.2449,-436969.5698,-453145.4464
227000,2318.924,13760.1084,62449.1651,-515893.8666,-437365.6691,-453444.7015
228000,2362.3872,13780.9206,61819.5329,-515659.3835,-437696.5428,-453839.8506
229000,2352.6863,13810.4822,62243.0302,-515498.117,-437091.9183,-453255.08680000005
230000,2377.3397,13865.0129,62081.6412,-515576.4659,-437252.4721,-453494.8247
231000,2336.0012,13726.4596,62152.4742,-515469.2562,-437254.3212,-453316.782
232000,2348.573,13768.7414,62104.6649,-515761.2266,-437539.2473,-453656.56169999996
233000,2354.9138,13762.6849,61884.0434,-515443.3546,-437441.7125,-453559.3112
234000,2383.0706,13853.3455,61960.9859,-515617.1923,-437419.7903,-453656.2064
235000,2344.9379,13777.082,62357.557,-515825.4297,-437345.8528,-453467.87269999995
236000,2365.8693,13777.3029,62065.4774,-515164.6403,-436955.9907,-453099.1629
237000,2375.2201,13758.998,62214.7255,-515769.5253,-437420.5817,-453554.7998
238000,2335.4511,13718.2437,61626.1581,-515062.4673,-437382.6144,-453436.3092
239000,2385.7692,13932.5622,61358.0223,-515058.4597,-437382.106,-453700.4374
240000,2357.0306,13787.8449,62064.9824,-515533.3656,-437323.5077,-453468.38320000004
241000,2376.5077,13690.0658,61927.059,-515037.645,-437044.0125,-453110.586
242000,2342.7591,13885.0531,62000.4024,-515550.723,-437322.5084,-453550.3206
243000,2373.155,13762.5612,62058.1744,-515890.7614,-437696.87080000003,-453832.587
244000,2389.7019,13819.6763,61518.8578,-514553.479,-436825.243,-453034.6212
245000,2338.2823,13732.3584,61744.5457,-515269.9951,-437454.8087,-453525.4494
246000,2387.3377,13794.0703,62263.7746,-515856.418,-437411.2354,-453592.6434
247000,2354.0198,13710.5125,62269.1711,-515307.9879,-436974.2845,-453038.81680000003
248000,2358.3564,13800.2753,61777.1789,-515661.4783,-437725.6677,-453884.2994
249000,2380.095,13862.533,62442.3219,-516635.7096,-437950.7597,-454193.3877
250000,2368.2667,13863.8061,62069.1759,-515898.2531,-437597.0044,-453829.07719999994
251000,2372.9622,13897.5014,62714.4739,-517020.5902,-438035.6527,-454306.1163
252000,2328.6983,13766.028,62458.0321,-516832.9243,-438280.1659,-454374.8922
253000,2345.421,13763.7509,61989.3106,-515764.1906,-437665.7081,-453774.88
254000,2361.9887,13839.677,62323.1615,-516192.9609,-437668.1337,-453869.7994
255000,2383.6725,13886.452,62061.2186,-515921.6995,-437590.3564,-453860.48089999997
256000,2318.4326,13775.5566,62053.54,-515222.0847,-437074.5555,-453168.5447
257000,2357.5882,13872.357,62384.9455,-515757.0641,-437142.1734,-453372.11860000005
258000,2391.0922,13842.6245,61867.7586,-515129.6459,-437028.1706,-453261.8873
259000,2351.7314,13816.3434,62047.57,-515842.3644,-437626.7196,-453794.7944
260000,2317.4646,13859.5391,61561.7966,-515228.3206,-437489.5203,-453666.524
261000,2358.3928,13777.2477,61944.2761,-515840.3527,-437760.4361,-453896.0766
262000,2362.5197,13721.6436,62184.0114,-515838.7953,-437570.6206,-453654.7839
263000,2329.9664,13796.7832,62204.9505,-515585.1376,-437253.4375,-453380.18710000004
264000,2363.875,13841.4384,62343.8228,-515893.1911,-437344.0549,-453549.3683
265000,2396.8981,13768.2427,62078.0836,-515590.6784,-437347.45399999997,-453512.59479999996
266000,2359.4366,13817.806,61705.835,-514531.0548,-436647.97719999996,-452825.21979999996
267000,2367.5878,13773.6109,61484.5501,-515387.4551,-437761.7063,-453902.905
268000,2381.9588,13740.7079,61921.2072,-515400.3879,-437356.51399999997,-453479.18069999997
269000,2349.3708,13816.0729,62069.4131,-515033.6339,-436798.7771,-452964.2208
270000,2357.8098,13778.9768,61981.3746,-515074.2886,-436956.1274,-453092.91400000005
271000,2345.0612,13743.8705,61886.7659,-514866.6409,-436890.9433,-452979.875
272000,2339.0126,13842.099,62124.4794,-515586.2946,-437280.7036,-453461.8152
273000,2381.6933,13815.6279,61420.9943,-515342.3169,-437724.00139999995,-453921.32259999996
274000,2352.6141,13773.7234,61864.4219,-515101.8592,-437111.09979999997,-453237.4373
275000,2383.5196,13822.0995,61783.5387,-515794.0247,-437804.8669,-454010.48600000003
276000,2351.8308,13741.5562,61898.3031,-515596.5052,-437604.8151,-453698.2021
277000,2340.827,13760.2549,62065.8043,-515865.1569,-437698.2707,-453799.3526
278000,2386.952,13755.9134,61974.2451,-515864.3593,-437747.2488,-453890.1142
279000,2368.9101,13792.4295,62065.8908,-516466.1416,-438238.9112,-454400.2508
280000,2334.0713,13825.6534,62458.561,-516714.7448,-438096.4591,-454256.1838
281000,2358.5509,13791.2801,61581.403,-515340.5468,-437609.3128,-453759.1438
282000,2375.8141,13827.2291,61874.5011,-515306.6772,-437229.13289999997,-453432.1761
283000,2371.4597,13711.0483,61986.6716,-515540.9574,-437471.77780000004,-453554.2858
284000,2377.6096,13729.0404,62252.5249,-516038.7838,-437679.6089,-453786.25889999996
285000,2361.7853,13841.5523,61933.8597,-515524.0235,-437386.8262,-453590.1638
286000,2348.1593,13746.8292,62563.935,-516213.5513,-437554.6278,-453649.6163
287000,2373.6964,13754.044,62276.0941,-515773.6511,-437369.8166,-453497.55700000003
288000,2350.3677,13861.9393,61694.3415,-514871.3428,-436964.6943,-453177.0013
289000,2320.841,13714.6248,62813.4426,-516985.1724,-438136.26399999997,-454171.7298
290000,2359.9614,13811.8307,62534.0928,-516254.9158,-437549.0309,-453720.82300000003
291000,2323.0939,13761.7822,61999.9753,-515968.164,-437883.3126,-453968.1887
292000,2379.5995,13780.3282,62360.7956,-516140.1565,-437619.43319999997,-453779.36089999997
293000,2363.0847,13804.0565,62180.8898,-516159.9479,-437811.9169,-453979.0581
294000,2379.9855,13760.6888,61929.4328,-515255.889,-437185.78190000006,-453326.4562
295000,2331.0429,13887.1866,61710.8492,-515494.2879,-437565.2092,-453783.4387
296000,2377.9106,13768.8999,61698.1425,-515099.6704,-437254.71739999996,-453401.5279
297000,2362.6824,13917.3123,62057.6701,-515388.8014,-437051.13659999997,-453331.1313
298000,2374.5716,13782.6479,61868.8569,-514775.8586,-436749.7822,-452907.00169999996
299000,2320.9535,13695.9931,62011.6162,-515032.975,-437004.41219999996,-453021.3588
300000,2346.8146,13733.7135,61916.2553,-515641.5652,-437644.7818,-453725.3099
301000,2391.0899,13826.9318,61897.2863,-515842.7068,-437727.39879999997,-453945.4205
302000,2390.564,13826.6279,62640.9079,-517190.0901,-438331.99029999995,-454549.1822
303000,2332.2832,13744.3531,61740.8643,-515961.0565,-438143.55590000004,-454220.1922
304000,2394.5468,13835.945,62474.871,-516462.4793,-437757.1165,-453987.6083
305000,2339.1197,13689.9985,61836.223,-515415.7189,-437550.37769999995,-453579.4959
306000,2365.0559,13801.0497,62623.9682,-516922.6206,-438132.5468,-454298.6524
307000,2369.7267,13723.2074,61846.2901,-516373.851,-438434.6268,-454527.56090000004
308000,2381.3623,13882.7046,62483.1788,-516761.8391,-438014.5934,-454278.6603
309000,2356.6602,13791.2835,61748.9253,-515575.1457,-437678.2767,-453826.2204
310000,2349.3954,13866.3454,61740.5826,-515738.7347,-437782.4113,-453998.15209999995
311000,2338.8729,13814.1021,62303.5146,-515646.6288,-437190.1392,-453343.1142
312000,2359.4471,13782.1444,62162.0713,-515561.8153,-437258.1525,-453399.744
313000,2365.6609,13845.1924,62019.1404,-515203.5275,-436973.53380000003,-453184.38710000005
314000,2400.3307,13841.1202,61587.3579,-514251.5861,-436422.7773,-452664.2282
315000,2397.8219,13749.3415,62352.4118,-515659.326,-437159.7508,-453306.9142
316000,2372.5081,13884.1346,61911.8137,-515570.4774,-437402.02099999995,-453658.6637
317000,2371.0545,13806.1837,62025.3726,-515499.4273,-437296.81649999996,-453474.0547
318000,2333.2383,13772.4145,62737.2952,-516639.613,-437796.66500000004,-453902.3178
319000,2355.4431,13808.1629,61866.5222,-514964.5895,-436934.46129999997,-453098.0673
320000,2375.6921,13773.3466,62082.1871,-515509.0483,-437277.8225,-453426.86120000004
321000,2348.0684,13785.3568,62140.7251,-515550.5438,-437276.3935,-453409.8187
322000,2322.9715,13768.6401,62161.1369,-515826.5542,-437573.8057,-453665.41730000003
323000,2367.5528,13800.569,61305.1097,-514307.811,-436834.5795,-453002.70129999996
324000,2317.0193,13760.2942,61706.5158,-515053.7551,-437269.9258,-453347.2393
325000,2402.5674,13765.1837,61543.4735,-515123.7965,-437412.5719,-453580.323
326000,2357.6696,13759.3627,61884.3309,-515427.1829,-437425.8197,-453542.852
327000,2364.7305,13735.1949,61528.6094,-514017.8318,-436389.297,-452489.22239999997
328000,2350.0169,13755.1873,62008.3188,-515531.2423,-437417.7193,-453522.9235
329000,2372.8197,13756.0882,61996.5108,-514932.1079,-436806.6892,-452935.5971
330000,2354.3727,13935.2638,62017.408,-516505.6484,-438198.6039,-454488.2404
331000,2362.51,13818.27,62087.4833,-515975.6658,-437707.4025,-453888.1825
332000,2338.8656,13819.63,62257.7378,-516064.4863,-437648.25289999996,-453806.7485
333000,2352.8111,13744.9272,62374.7257,-516239.2037,-437766.73970000003,-453864.478
334000,2365.3626,13857.5751,61819.698,-515284.8428,-437242.2071,-453465.1448
335000,2332.0285,13845.1435,61599.2893,-515406.8787,-437630.41740000003,-453807.5894
336000,2368.8602,13799.7732,62511.9111,-516741.9112,-438061.3667,-454230.00009999995
337000,2373.9036,13733.3614,62042.2781,-516017.1675,-437867.6244,-453974.8894
338000,2337.0527,13778.6203,61800.1404,-515730.7702,-437814.95680000004,-453930.62980000005
339000,2338.7832,13721.8733,62424.8221,-516424.2731,-437938.79449999996,-453999.451
340000,2351.9439,13825.8396,62444.8577,-516771.1021,-438148.4609,-454326.2444
341000,2360.6956,13842.0509,61908.0485,-516022.2545,-437911.4595,-454114.206
342000,2372.3144,13817.2573,62523.915,-516816.7381,-438103.2514,-454292.82310000004
343000,2333.0317,13793.9359,62176.4801,-516116.8884,-437813.4407,-453940.4083
344000,2361.4543,13789.9582,62212.6244,-515906.3352,-437542.29829999997,-453693.7108
345000,2381.2518,13868.049,62179.4561,-515637.1645,-437208.40760000004,-453457.7084
346000,2338.252,13823.7748,61749.806,-515116.9474,-437205.1146,-453367.1414
347000,2344.8586,13849.4419,61850.4944,-515403.4561,-437358.6612,-453552.9617
348000,2373.542,13798.1521,61970.4022,-516284.636,-438142.5397,-454314.2338
349000,2340.2267,13786.3928,62122.3474,-515808.9058,-437559.9389,-453686.5584
350000,2359.3678,13835.789,61967.3054,-515671.8964,-437509.4342,-453704.591
351000,2338.094,13778.1877,61883.2339,-515014.9086,-437015.39300000004,-453131.67470000003
352000,2331.4524,13800.9513,61965.5722,-515767.182,-437669.20609999995,-453801.6098
353000,2338.3352,13722.6184,62024.01,-515765.3765,-437680.4129,-453741.3665
354000,2372.5866,13704.1662,61254.9523,-514578.7754,-437247.0703,-453323.8231
355000,2366.7262,13812.3702,61155.4535,-514338.5388,-437003.9889,-453183.0853
356000,2341.3221,13785.6972,61778.2383,-515279.957,-437374.6994,-453501.71869999997
357000,2355.8304,13802.9504,61820.1133,-515542.6644,-437563.7703,-453722.55110000004
358000,2312.8195,13791.9624,62455.4542,-516264.8417,-437704.6056,-453809.3875
359000,2355.301,13804.2427,62126.6924,-515657.0357,-437370.7996,-453530.3433
360000,2364.2816,13877.9826,62112.018,-515908.0329,-437553.7507,-453796.0149
361000,2358.5567,13916.9074,61658.1908,-514940.7393,-437007.08440000005,-453282.54850000003
362000,2380.4848,13798.463,61792.3509,-514873.0416,-436901.7429,-453080.6907
363000,2353.2064,13722.6507,61707.5909,-514676.939,-436893.49100000004,-452969.3481
364000,2350.5026,13769.5593,61639.5007,-515142.783,-437383.2204,-453503.2823
365000,2405.0056,13904.6854,61757.2873,-515445.9038,-437378.92549999995,-453688.61649999995
366000,2390.3518,13835.815,62726.2959,-517683.9053,-438731.44259999995,-454957.60939999996
367000,2367.3354,13813.7115,62496.0351,-516673.0564,-437995.9744,-454177.0213
368000,2378.9944,13859.3104,62022.2426,-516104.7978,-437844.2504,-454082.5552
369000,2346.212,13840.3927,62286.0951,-515890.3926,-437417.6928,-453604.29750000004
370000,2339.5789,13866.0057,62608.6424,-516134.4515,-437320.2245,-453525.8091
371000,2341.1773,13846.3318,61599.8591,-514775.9633,-436988.59510000004,-453176.1042
372000,2362.5537,13678.4003,61727.1251,-515143.268,-437375.18889999995,-453416.1429
373000,2386.6901,13813.8954,61907.8407,-515369.04,-437260.6138,-453461.1993
374000,2358.6324,13904.4665,61762.622,-515332.0442,-437306.3233,-453569.42220000003
375000,2349.792,13912.7209,62509.3417,-516171.7603,-437399.9057,-453662.41860000003
376000,2367.0394,13885.5267,62329.6735,-516000.7537,-437418.51410000003,-453671.0802
377000,2352.0813,13952.7181,61963.6453,-516100.1357,-437831.691,-454136.4904
378000,2396.3358,13873.4519,62287.8451,-516183.1412,-437625.50840000005,-453895.29610000004
379000,2333.1991,13781.2476,62678.1756,-516857.3442,-438064.7219,-454179.1686
380000,2320.5683,13769.4622,62164.5023,-515842.8121,-437588.2793,-453678.3098
381000,2347.9709,13872.758,61924.273,-515698.8221,-437553.82019999996,-453774.5491
382000,2334.3697,13837.3253,62796.206,-516493.3796,-437525.4786,-453697.1736
383000,2371.6655,13899.1055,61956.1375,-515473.7528,-437246.8443,-453517.6153
384000,2349.4817,13825.7576,61922.7738,-515502.1725,-437404.1594,-453579.39869999996
385000,2313.8156,13826.3787,62366.2567,-515787.3343,-437280.8833,-453421.07759999996
386000,2364.7433,13842.4306,61726.8774,-515490.4827,-437556.4314,-453763.6053
387000,2353.3354,13830.746,62227.2272,-515926.0502,-437514.7416,-453698.823
388000,2333.2712,13791.9174,61877.3708,-515457.8343,-437455.27489999996,-453580.4635
389000,2398.4376,13961.8659,61728.1093,-515128.4364,-437040.0236,-453400.3271
390000,2352.9489,13828.6138,62796.6495,-516822.4425,-437844.2303,-454025.793
391000,2398.655,13886.038,61828.7608,-515189.4049,-437075.9511,-453360.64410000003
392000,2360.3727,13871.4478,61996.7466,-515339.0992,-437110.5321,-453342.3526
393000,2371.1243,13851.6737,61902.7275,-515404.433,-437278.90750000003,-453501.70550000004
394000,2361.4695,13828.1073,61658.6669,-515412.8074,-437564.5637,-453754.1405
395000,2349.3994,13848.4514,62162.9428,-515843.0581,-437482.26450000005,-453680.1153
396000,2385.3994,13923.6244,62228.6038,-515903.5293,-437365.9017,-453674.9255
397000,2372.6882,13847.3516,62171.5118,-516225.7316,-437834.18,-454054.2198
398000,2351.8899,13835.63,61952.8326,-515426.1889,-437285.83640000003,-453473.3563
399000,2374.8871,13889.8689,62105.0104,-516341.3097,-437971.5433,-454236.29929999996
400000,2369.7142,13885.0255,62235.255,-516056.0718,-437566.0771,-453820.8168
401000,2336.4589,13864.9952,62179.3928,-515885.6518,-437504.8049,-453706.25899999996
402000,2349.0092,13870.3414,61966.2271,-515126.3274,-436940.74970000004,-453160.1003
403000,2356.5748,13784.2968,63003.8562,-516923.1217,-437778.3939,-453919.26550000004
404000,2365.5638,13841.9288,62419.4891,-515763.8207,-437136.839,-453344.3316
405000,2373.8764,13808.2148,62282.456,-516700.8183,-438236.2711,-454418.3623
406000,2338.2242,13843.4207,61855.4704,-515915.6448,-437878.5295,-454060.1744
407000,2358.4726,13886.3192,62133.5492,-515876.644,-437498.30299999996,-453743.09479999996
408000,2354.6956,13860.6518,61752.6579,-515059.6575,-437091.6522,-453306.9996
409000,2353.0236,13889.1756,62332.8513,-516136.752,-437561.70149999997,-453803.9007
410000,2396.3804,13766.4445,62339.6411,-515859.2898,-437356.8238,-453519.6487
411000,2352.8375,13868.3029,62080.4752,-515385.8622,-437084.24659999995,-453305.387
412000,2369.8245,13861.9878,61976.9701,-515334.4941,-437125.7117,-453357.52400000003
413000,2359.4972,13749.9409,61781.4935,-515742.6704,-437851.7388,-453961.1769
414000,2372.6756,14012.0073,62143.5247,-516322.4282,-437794.2206,-454178.9035
415000,2373.4293,13877.3254,62043.2371,-515764.5491,-437470.5573,-453721.31200000003
416000,2387.4333,13859.1087,61918.734,-516012.4069,-437847.1309,-454093.6729
417000,2387.8673,13772.1721,61829.589,-516182.1293,-438192.5009,-454352.5403
418000,2360.0334,13832.1855,62566.751,-516659.7097,-437900.7398,-454092.9587
419000,2350.4501,13813.7295,62116.476,-515783.179,-437502.5234,-453666.703
420000,2331.1219,13741.8449,61965.3209,-515243.6709,-437205.38320000004,-453278.35000000003
421000,2359.7304,13783.6125,61701.1496,-515242.6285,-437398.136,-453541.4789
422000,2371.703,13890.6409,61741.3165,-515130.2607,-437126.6003,-453388.94419999997
423000,2366.9008,13861.8994,62377.2053,-515802.0336,-437196.0281,-453424.82830000005
424000,2365.6621,13819.5003,62084.8379,-515819.0651,-437549.0648,-453734.2272
425000,2363.1293,13846.9794,61992.0762,-515614.5893,-437412.4044,-453622.5131
426000,2341.5466,13857.279,61953.2812,-515915.9891,-437763.8823,-453962.70790000004
427000,2317.0186,13827.1054,61968.1398,-515577.9236,-437465.65979999996,-453609.7838
428000,2336.2878,13861.3058,62510.839,-515864.3315,-437155.8989,-453353.4925
429000,2326.7477,13742.3962,62040.2247,-515691.2065,-437581.8379,-453650.98179999995
430000,2365.2177,13844.1718,62035.4076,-515644.9883,-437400.1912,-453609.58070000005
431000,2361.32,13707.0914,61378.4134,-514002.2674,-436555.4426,-452623.854
432000,2359.0713,13797.2195,61760.4336,-515149.7939,-437233.0695,-453389.3603
433000,2360.7727,13815.5208,61532.5385,-515281.3942,-437572.5622,-453748.85569999996
434000,2345.6697,13800.8401,61648.7607,-515094.4795,-437299.20900000003,-453445.71880000003
435000,2375.3783,13803.6646,62292.5345,-516207.5436,-437735.96619999997,-453915.00909999997
436000,2341.139,13831.216,61844.7114,-515570.3961,-437553.3297,-453725.6847
437000,2342.1429,13840.3505,63033.6904,-516870.8019,-437654.6181,-453837.1115
438000,2336.1392,13845.9704,61823.3143,-515044.9839,-437039.56,-453221.6696
439000,2365.6445,13734.2286,61876.7915,-515208.9046,-437232.24,-453332.1131
440000,2367.0686,13816.0693,61746.9057,-515652.6626,-437722.61899999995,-453905.7569
441000,2400.7623,13853.2532,61241.8107,-515052.2385,-437556.41229999997,-453810.42779999995
442000,2365.705,13830.3678,61812.2868,-515644.2115,-437635.8519,-453831.9247
443000,2343.0165,13761.1174,61447.7932,-514889.7632,-437337.83609999996,-453441.97
444000,2360.1055,13757.024,62185.2169,-516032.5904,-437730.244,-453847.3735
445000,2356.3697,13855.0331,62206.8659,-516043.6598,-437625.3911,-453836.79390000005
446000,2370.7141,13866.6623,62301.6924,-515864.7711,-437325.7023,-453563.0787
447000,2358.1837,13799.5857,62073.2484,-515510.7811,-437279.7633,-453437.53270000004
448000,2346.8279,13792.7567,62360.5775,-516373.3628,-437873.2007,-454012.7853
449000,2350.0748,13816.3185,61905.6293,-515547.6608,-437475.63820000004,-453642.03150000004
450000,2394.608,13720.9184,62012.9515,-515733.5933,-437605.1154,-453720.6418
451000,2377.9729,13806.8604,61760.9294,-515552.4905,-437606.7278,-453791.5611
452000,2358.8044,13812.5357,62201.7702,-516030.2346,-437657.1243,-453828.46440000006
453000,2372.3794,13889.3865,62321.608,-516303.3157,-437719.9418,-453981.70769999997
454000,2390.5784,13743.0324,61476.0139,-514636.3097,-437026.685,-453160.29579999996
455000,2373.9319,13873.8753,62015.7816,-515647.086,-437383.4972,-453631.3044
456000,2380.6412,13831.3747,62089.535,-515547.1872,-437245.6363,-453457.6522
457000,2342.9201,13792.8928,61777.2926,-515395.0672,-437481.9617,-453617.7746
458000,2364.8709,13840.4858,62009.7581,-516106.6884,-437891.5736,-454096.9303
459000,2351.1218,13894.3422,62540.3567,-516141.6128,-437355.7921,-453601.2561
460000,2354.694,13726.7211,62465.5456,-516420.5921,-437873.6314,-453955.0465
461000,2346.6912,13714.8773,61996.0537,-515930.0054,-437872.38320000004,-453933.95170000003
462000,2366.2844,13823.0755,62422.4498,-516515.995,-437904.1853,-454093.5452
463000,2359.9984,13829.1047,62269.9819,-516028.5303,-437569.4453,-453758.54839999997
464000,2344.1725,13761.201,61654.6016,-515414.1299,-437654.1548,-453759.5283
465000,2360.9392,13872.9787,61711.4845,-515690.5767,-437745.17429999996,-453979.09219999996
466000,2349.7892,14040.239,61947.2989,-515602.4622,-437265.1351,-453655.1633
467000,2329.1603,13855.1792,62345.0275,-516164.0082,-437634.64119999995,-453818.98069999996
468000,2348.6319,13894.3401,62148.5599,-515354.1635,-436962.6316,-453205.60360000003
469000,2361.0159,13808.3107,61934.2056,-515528.4185,-437424.8863,-453594.21290000004
470000,2352.567,13879.1587,61999.8877,-515828.6216,-437597.00820000004,-453828.7339
471000,2342.1069,13821.828,62096.0493,-516112.1087,-437852.1245,-454016.05939999997
472000,2336.0838,13761.5321,61894.1568,-515591.8521,-437600.07940000005,-453697.6953
473000,2347.4837,13784.5612,62071.2521,-516134.0967,-437930.7997,-454062.8446
474000,2323.8198,13768.5779,62598.1099,-516155.9514,-437465.4438,-453557.84150000004
475000,2322.9578,13861.8549,61797.9084,-515064.9229,-437082.20180000004,-453267.0145
476000,2348.6082,13751.6685,61742.7229,-515246.2817,-437403.2821,-453503.5588
477000,2386.522,13792.7439,61418.3089,-514892.8206,-437295.2458,-453474.5117
478000,2353.2497,13885.9524,61317.5135,-514931.2478,-437374.5322,-453613.7343
479000,2349.3111,13802.2109,62355.3549,-515646.1113,-437139.23439999996,-453290.7564
480000,2345.4131,13740.1245,62147.2267,-515470.3773,-437237.613,-453323.1506
481000,2336.9186,13668.9074,61796.235,-515441.3431,-437639.2821,-453645.1081
482000,2356.1788,13778.3072,62111.9166,-515403.1102,-437156.70759999997,-453291.1936
483000,2360.6933,13858.913,61556.1325,-515192.7697,-437417.0309,-453636.6372
484000,2363.3476,13868.9985,62457.9069,-516353.9884,-437663.7354,-453896.0815
485000,2376.6598,13838.6923,62149.9082,-515836.5152,-437471.25490000006,-453686.607
486000,2328.7402,13837.4919,61856.3998,-515603.4802,-437580.84829999995,-453747.0804
487000,2361.818,13729.051,61991.3586,-515594.2491,-437512.02150000003,-453602.89050000004
488000,2376.2123,13802.6476,61545.7046,-515101.5687,-437377.0042,-453555.8641
489000,2358.3625,13852.7442,61862.3104,-514993.5891,-436920.17199999996,-453131.27869999997
490000,2356.6089,13754.3918,62542.6201,-515919.8097,-437266.18889999995,-453377.1896
491000,2353.9314,13790.821,62062.9372,-515680.0042,-437472.31460000004,-453617.06700000004
492000,2348.8962,13770.6261,62383.0085,-515684.9464,-437182.4156,-453301.9379
493000,2360.1834,13852.1185,62613.7102,-516674.1813,-437848.1692,-454060.47109999997
494000,2340.0978,13764.7557,62296.0357,-516405.8156,-438004.9264,-454109.77989999996
495000,2376.1963,13827.393,62359.1327,-516744.1742,-438181.4522,-454385.0415
496000,2363.3131,13753.4033,62343.8005,-516917.5809,-438457.064,-454573.7804
497000,2406.4636,13892.3981,61720.9299,-516036.3004,-438016.5088,-454315.3705
498000,2381.4396,13846.6471,62328.2228,-515578.3426,-437022.0331,-453250.1198
499000,2383.2616,13890.6822,61802.2088,-515544.5757,-437468.4231,-453742.36689999996
500000,2347.0049,13890.5904,61796.3879,-515393.9735,-437359.9903,-453597.5856
501000,2341.35,13738.3661,62183.5667,-515484.2912,-437221.0084,-453300.72449999995
502000,2360.1532,13963.4473,62067.3988,-515867.1546,-437476.1553,-453799.7558
503000,2340.6355,13798.0408,61668.6417,-515243.0122,-437435.6942,-453574.3705
504000,2372.3177,13959.6669,61580.0885,-515188.834,-437276.7609,-453608.74549999996
505000,2350.8814,13786.1653,61714.704,-514706.6019,-436854.85120000003,-452991.8979
506000,2391.81,13825.5302,62022.0346,-515793.4664,-437554.0916,-453771.43179999996
507000,2333.9156,13806.1585,62528.9346,-517195.3927,-438526.384,-454666.45810000005
508000,2382.2697,13844.5604,62069.6164,-516151.9117,-437855.4652,-454082.2953
509000,2371.2678,13797.5681,61829.6397,-515212.2229,-437213.7473,-453382.5832
510000,2357.0396,13780.4727,62123.0166,-515234.6063,-436974.07739999995,-453111.5897
511000,2351.9485,13789.1325,62313.2176,-516065.0955,-437610.79689999996,-453751.87789999996
512000,2398.6454,13890.1117,62125.7976,-516207.4377,-437792.88300000003,-454081.6401
513000,2348.4022,13838.0726,62465.8577,-515474.6302,-436822.2977,-453008.7725
514000,2345.4121,13808.4606,61632.4159,-514764.8181,-436978.52949999995,-453132.40219999995
515000,2377.3554,13893.2082,61997.2782,-515972.1371,-437704.2953,-453974.8589
516000,2368.8997,13842.5748,61611.5547,-515063.413,-437240.3838,-453451.8583
517000,2361.44,13881.6892,61719.1285,-515334.1665,-437371.9088,-453615.038
518000,2359.5776,13820.0725,62035.2477,-515834.8698,-437619.97199999995,-453799.6221
519000,2383.0048,13785.9821,61747.9272,-515701.7625,-437784.8484,-453953.83530000004
520000,2374.5207,13847.3981,62121.3208,-516329.5753,-437986.33570000005,-454208.25450000004
521000,2351.7301,13842.1169,62231.9542,-516546.5822,-438120.781,-454314.628
522000,2364.6009,13721.3165,61967.0396,-515204.016,-437151.059,-453236.9764
523000,2324.7645,13762.7664,61886.3814,-515459.5702,-437485.6579,-453573.1888
524000,2406.3807,13832.7282,62206.744,-515438.6443,-436992.7914,-453231.9003
525000,2385.6692,13910.3266,62296.4405,-515706.8351,-437114.3988,-453410.3946
526000,2359.9989,13901.2602,61704.5197,-514704.2292,-436738.4504,-452999.7095
527000,2335.8677,13841.8276,61943.2684,-515100.8326,-436979.8689,-453157.5642
528000,2345.1962,13821.023,61725.3703,-514670.0987,-436778.5092,-452944.72839999996
529000,2351.2443,13804.51,61402.5689,-514322.4332,-436764.11000000004,-452919.8643
530000,2335.9851,13789.4367,61898.6542,-515695.0656,-437670.9896,-453796.4114
531000,2390.375,13769.3751,61684.628,-515278.9704,-437434.5923,-453594.34239999996
532000,2376.5057,13734.4122,62379.7516,-516596.3441,-438105.67459999997,-454216.59249999997
533000,2409.096,13803.8872,62387.0311,-516387.4672,-437787.45290000003,-454000.4361
534000,2354.5987,13859.4867,61895.0464,-515437.5075,-437328.3757,-453542.4611
535000,2338.4014,13786.8425,62247.9501,-515833.8268,-437460.63279999996,-453585.87669999996
536000,2371.3957,13787.8296,62708.6177,-517047.9713,-438180.1283,-454339.3536
537000,2339.5872,13846.2416,62545.354,-516033.9077,-437302.7249,-453488.5537
538000,2362.676,13841.7038,62023.1271,-515741.5272,-437514.02030000003,-453718.4001
539000,2376.8088,13841.9849,61948.0035,-514981.2082,-436814.41099999996,-453033.2047
540000,2352.9434,13786.7519,62643.7341,-516070.1317,-437286.7023,-453426.3976
541000,2358.0226,13848.7596,61860.1656,-515489.1221,-437422.17429999996,-453628.9565
542000,2340.7266,13752.4098,62337.5695,-516139.8221,-437709.1162,-453802.2526
543000,2366.82,13776.4394,62428.4124,-516541.2817,-437969.6099,-454112.8693
544000,2332.6946,13780.9447,61950.183,-515520.4112,-437456.5889,-453570.22819999995
545000,2329.638,13860.8403,62251.2747,-516276.9405,-437835.1875,-454025.6658
546000,2375.7987,13777.6622,61697.7491,-514773.601,-436922.391,-453075.8519
547000,2362.9337,13902.9005,61636.1581,-515421.6038,-437519.6115,-453785.4457
548000,2330.3248,13862.8179,62462.3563,-516363.6925,-437708.1935,-453901.3362
549000,2372.9102,13858.8278,62004.365,-515733.8798,-437497.7768,-453729.5148
550000,2358.9592,13894.208,61893.3875,-515341.4203,-437194.8656,-453448.0328
551000,2330.3469,13822.7345,61408.9788,-514277.0979,-436715.0377,-452868.1191
552000,2338.6051,13932.4084,61295.9374,-514675.0118,-437108.0609,-453379.0744
553000,2337.9793,13880.8596,62063.2196,-515876.9695,-437594.911,-453813.7499
554000,2348.9329,13868.3588,61467.3909,-514858.8733,-437174.1907,-453391.4824
555000,2368.6992,13809.125,61697.539,-515433.0393,-437557.67610000004,-453735.5003
556000,2350.2768,13852.8613,62121.7061,-515936.1479,-437611.3037,-453814.4418
557000,2341.8975,13934.0296,62214.8669,-516827.4305,-438336.6365,-454612.5636
558000,2373.3648,13773.0719,62107.7833,-516224.8734,-437970.65339999995,-454117.0901
559000,2353.2562,13847.3112,62231.2416,-516744.756,-438312.947,-454513.5144
560000,2328.9429,13820.4707,62001.3245,-516185.2529,-438034.5148,-454183.92840000003
561000,2392.9232,13802.8254,62495.402,-516965.9842,-438274.8336,-454470.5822
562000,2373.3538,13821.5266,61759.2133,-515726.9026,-437772.80889999995,-453967.68929999997
563000,2380.3093,13856.2299,61974.029,-516115.4484,-437904.8802,-454141.4194
564000,2393.9189,13844.6187,61773.8305,-515629.9317,-437617.5636,-453856.10120000003
565000,2366.0323,13878.5977,62150.6669,-516943.2161,-438547.9192,-454792.5492
566000,2342.593,13771.3802,62294.1671,-516343.7161,-437935.5758,-454049.549
567000,2351.6964,13877.7694,62131.6107,-516205.3732,-437844.29669999995,-454073.76249999995
568000,2352.3249,13952.4333,61565.5239,-515286.7386,-437416.4565,-453721.2147
569000,2355.545,13864.8825,61825.1176,-514714.268,-436668.7229,-452889.1504
570000,2319.6605,13839.3281,62189.5382,-516301.7917,-437953.2649,-454112.2535
571000,2357.8629,13837.9444,61723.06,-515374.2456,-437455.37830000004,-453651.1856
572000,2355.1328,13890.1547,62510.7087,-515854.6967,-437098.7005,-453343.98799999995
573000,2346.0735,13761.5808,62431.1037,-516133.8271,-437595.06909999996,-453702.7234
574000,2329.4412,13901.3693,62232.0072,-516571.5857,-438108.768,-454339.5785
575000,2368.545,13901.6453,62255.0558,-516300.6277,-437775.3816,-454045.5719
576000,2323.5853,13947.051,62250.7005,-515782.2742,-437260.9374,-453531.5737
577000,2350.9758,13788.9149,61543.8704,-514841.5794,-437157.8183,-453297.709
578000,2366.13,13834.409,61578.2406,-514988.7685,-437209.9889,-453410.5279
579000,2371.5635,13955.2536,62124.8628,-515368.1184,-436916.4385,-453243.2556
580000,2373.465,13776.7026,62406.5349,-515865.8126,-437309.1101,-453459.2777
581000,2344.4931,13867.1108,62427.2605,-516549.4745,-437910.61010000005,-454122.21400000004
582000,2337.025,13807.0174,62340.7193,-516125.8276,-437641.06590000005,-453785.1083
583000,2356.401,13831.709,61621.8181,-515563.248,-437753.3199,-453941.42990000005
584000,2383.4676,13799.949,61993.9163,-515618.8157,-437441.4828,-453624.8994
585000,2364.4747,13862.4568,61814.5101,-515426.5707,-437385.12909999996,-453612.06059999997
586000,2363.1848,13853.1237,61931.1342,-515796.4229,-437648.9802,-453865.28870000003
587000,2351.602,13845.5413,62065.8379,-515385.0405,-437122.0593,-453319.2026
588000,2395.916,13811.3402,62470.52,-516597.6063,-437919.8301,-454127.08629999997
589000,2356.9592,13788.9162,61991.9639,-515543.2093,-437405.37,-453551.2454
590000,2360.7011,13762.4682,62493.193,-516150.2956,-437533.93330000003,-453657.1026
591000,2372.9184,13701.096,61864.3746,-515745.612,-437807.223,-453881.23740000004
592000,2337.3845,13744.0487,61987.3649,-516012.6212,-437943.8231,-454025.2563
593000,2325.6586,13764.099,61789.6797,-516036.5213,-438157.08400000003,-454246.84160000004
594000,2354.3778,13766.6038,62027.3263,-515999.3737,-437851.0658,-453972.0474
595000,2356.0395,13754.6098,62128.5302,-515437.8309,-437198.6514,-453309.3007
596000,2376.4906,13737.9988,62462.4518,-515850.3445,-437273.4033,-453387.8927
597000,2345.6547,13904.0109,62402.8425,-515665.9745,-437013.46640000003,-453263.132
598000,2359.0535,13922.9123,61903.4435,-515438.7027,-437253.2934,-453535.25920000003
599000,2352.2705,13808.8646,61976.6085,-515438.6699,-437300.9263,-453462.0614
600000,2357.3711,13792.9986,61587.219,-514829.7523,-437092.16359999997,-453242.5333
601000,2347.8474,13819.7813,61958.2329,-515774.8177,-437648.9561,-453816.5848
602000,2361.7481,13754.8577,61988.2431,-515696.8625,-437592.0136,-453708.61939999997
603000,2388.5916,13807.2361,62101.616,-515596.3449,-437298.9012,-453494.72890000005
604000,2380.1673,13795.4378,62192.2127,-515567.0807,-437199.2629,-453374.868
605000,2358.8629,13743.7092,61846.2708,-514882.8518,-436934.0089,-453036.581
606000,2391.4177,13837.699,62509.0593,-515778.5969,-437040.4209,-453269.5376
607000,2373.1433,13845.9385,62237.5051,-516367.9583,-437911.3714,-454130.4532
608000,2375.5094,13845.9048,62383.8609,-516136.3329,-437531.05779999995,-453752.47199999995
609000,2333.8878,13837.1928,61802.4118,-515389.9901,-437416.4977,-453587.5783
610000,2378.3183,13833.9994,62108.4251,-516197.2279,-437876.4851,-454088.8028
611000,2386.2298,13837.2926,62237.7777,-516418.8909,-437957.5908,-454181.1132
612000,2366.9046,13910.2742,61387.0366,-515655.4413,-437991.2259,-454268.4047
613000,2361.4033,13837.9267,61589.4115,-515678.9949,-437890.2534,-454089.5834
614000,2372.6683,13873.1144,62141.3674,-516519.3053,-438132.15520000004,-454377.9379
615000,2347.7595,13795.7302,62289.9408,-515838.9626,-437405.5321,-453549.02180000005
616000,2340.7238,13731.7823,62281.4003,-516311.5222,-437957.6158,-454030.1219
617000,2363.6314,13894.5033,61944.0613,-515585.7206,-437383.5246,-453641.6593
618000,2362.8976,13809.9686,61870.174,-515667.2033,-437624.1631,-453797.0293
619000,2360.7814,13819.3835,62437.9249,-515853.9634,-437235.8736,-453416.0385
620000,2380.573,13816.1159,62187.3097,-515985.3071,-437601.3085,-453797.9974
621000,2346.013,13811.2822,62383.8572,-516083.7372,-437542.58479999995,-453699.88
622000,2383.4171,13810.5971,61525.6957,-514303.1708,-436583.4609,-452777.47510000004
623000,2358.7885,13833.268,61801.7648,-515201.5052,-437207.6839,-453399.7404
624000,2306.4929,13747.4011,61876.3725,-515287.4489,-437357.18240000005,-453411.0764
625000,2388.5178,13789.3666,62146.2837,-515827.6681,-437503.5,-453681.3844
626000,2364.4129,13873.9898,61682.466,-515378.5965,-437457.7278,-453696.13049999997
627000,2357.6835,13818.9637,62533.5833,-516381.4346,-437671.2041,-453847.8513
628000,2370.1341,13797.3213,61878.0478,-515958.5154,-437913.0122,-454080.4676
629000,2336.7755,13801.4925,61931.5805,-516211.6384,-438141.7899,-454280.0579
630000,2363.684,13868.3293,62105.0698,-516082.4581,-437745.375,-453977.3883
631000,2350.6747,13735.6894,62173.9361,-516056.2346,-437795.9344,-453882.29850000003
632000,2371.4098,13773.1981,62035.4256,-516017.6187,-437837.5852,-453982.1931
633000,2364.3267,13846.4488,62356.8607,-515985.734,-437418.0978,-453628.8733
634000,2364.6371,13886.7755,62134.417,-515978.5067,-437592.67710000003,-453844.0897
635000,2323.9794,13784.0398,62118.5118,-515969.5181,-437742.98709999997,-453851.0063
636000,2372.5433,13873.2322,62024.4739,-515361.1098,-437090.8604,-453336.6359
637000,2350.0457,13820.9898,62219.8113,-515324.8732,-436934.0264,-453105.0619
638000,2371.0291,13764.601,62053.8109,-515721.9716,-437532.5306,-453668.1607
639000,2337.1605,13793.413,62281.7595,-516202.2212,-437789.88820000004,-453920.46170000004
640000,2350.4372,13840.6763,61925.9907,-515828.7871,-437711.6829,-453902.7964
641000,2353.3326,13772.067,62108.307,-516062.0248,-437828.3182,-453953.7178
642000,2316.2987,13801.2086,61868.6152,-515571.6316,-437585.5091,-453703.0164
643000,2381.3388,13770.1226,61860.9542,-515322.9182,-437310.5026,-453461.96400000004
644000,2368.4127,13894.7765,61872.067,-515174.5986,-437039.3424,-453302.53160000005
645000,2329.8397,13849.1387,62053.3065,-515682.5042,-437450.2193,-453629.1977
646000,2352.8748,13745.9471,62196.4198,-515522.5243,-437227.2826,-453326.1045
647000,2366.534,13823.6312,62181.8681,-515296.9556,-436924.9223,-453115.08749999997
648000,2344.998,13803.7231,62768.788,-516723.5427,-437806.03359999997,-453954.7547
649000,2362.7609,13887.4879,62040.5701,-515094.6222,-436803.80329999997,-453054.0521
650000,2336.8198,13884.1013,62034.7444,-515967.9049,-437712.2394,-453933.1605
651000,2372.4839,13979.6571,61946.7096,-515202.8315,-436903.98089999997,-453256.12189999997
652000,2359.2217,13833.9997,62132.2349,-515611.4954,-437286.0391,-453479.26050000003
653000,2336.4805,13863.7421,61540.7567,-514982.8527,-437241.8734,-453442.096
654000,2327.9854,13818.1554,61841.4309,-515259.4392,-437271.86750000005,-453418.00830000004
655000,2380.7763,13900.4071,62026.4928,-515806.4004,-437498.7242,-453779.9076
656000,2357.3387,13836.168,61867.2103,-515694.3161,-437633.5991,-453827.1058
657000,2344.5757,13892.6403,61745.8903,-515771.0105,-437787.9042,-454025.1202
658000,2360.1112,13859.1809,61481.7027,-514516.3153,-436815.32050000003,-453034.6126
659000,2340.8751,13750.6458,62032.7404,-514849.8358,-436725.5745,-452817.0954
660000,2393.2046,13880.5758,61522.0226,-514275.32,-436479.517,-452753.29740000004
661000,2360.5756,13761.9159,62125.7519,-515103.2702,-436855.0268,-452977.5183
662000,2346.8518,13836.6254,61659.0652,-514786.0409,-436943.4985,-453126.9757
663000,2382.3651,13865.6365,61941.3263,-515236.6971,-437047.36919999996,-453295.3708
664000,2346.3292,13781.0996,62001.8568,-516180.6778,-438051.3922,-454178.821
665000,2385.6872,13899.3447,61560.9962,-515321.5988,-437475.5707,-453760.6026
666000,2361.6362,13834.3604,61983.5704,-515203.8016,-437024.2346,-453220.23120000004
667000,2368.1323,13825.613,62313.7612,-515708.407,-437200.9005,-453394.6458
668000,2313.4215,13886.3477,61501.5955,-514999.4004,-437298.0357,-453497.8049
669000,2355.0751,13887.1751,61837.8742,-514863.6432,-436783.51879999996,-453025.769
670000,2356.3187,13898.1055,62792.4909,-516724.4797,-437677.56460000004,-453931.98880000005
671000,2398.6206,13824.2477,62247.2797,-516299.9003,-437829.7523,-454052.62059999997
672000,2372.0291,13912.2396,62425.3979,-515971.206,-437261.5394,-453545.8081
673000,2366.0378,13831.9379,62842.0624,-516763.6795,-437723.6414,-453921.61710000003
674000,2374.6103,13826.7012,62164.7416,-516082.2268,-437716.1737,-453917.4852
675000,2363.6101,13708.693,62324.8098,-516381.9339,-437984.821,-454057.1241
676000,2363.5253,13885.2263,62098.5713,-516163.3164,-437815.9935,-454064.7451
677000,2360.1741,13839.8312,62169.1164,-515728.9511,-437359.8294,-453559.8347
678000,2347.2666,13902.548,61756.2854,-515262.4428,-437256.3428,-453506.1574
679000,2359.4202,13741.0449,61808.1631,-514953.7582,-437045.13,-453145.5951
680000,2370.1381,13864.1713,62249.6984,-515311.0463,-436827.03849999997,-453061.3479
681000,2347.5873,13845.4972,61769.9511,-514922.1241,-436959.0885,-453152.173
682000,2345.6043,13831.0889,61704.9426,-514947.7289,-437066.0931,-453242.7863
683000,2395.6608,13950.4392,62288.8105,-516551.6021,-437916.6916,-454262.7916
684000,2353.234,13930.1849,62428.8605,-516420.4353,-437708.1559,-453991.5748
685000,2357.0716,13811.2968,61501.5785,-515308.9218,-437638.97490000003,-453807.3433
686000,2335.719,13834.247,62146.8139,-515799.6553,-437482.8754,-453652.8414
687000,2328.5686,13930.3743,62083.1915,-515932.8943,-437590.7599,-453849.70279999997
688000,2386.4719,13930.6356,62118.0798,-515977.23,-437542.0427,-453859.1502
689000,2385.0787,13921.9276,62145.6455,-516299.5414,-437846.8896,-454153.8959
690000,2347.7083,13930.76,62468.872,-516374.5132,-437627.1729,-453905.64119999995
691000,2349.3209,13961.0339,61875.0422,-515726.4939,-437541.0969,-453851.4517
692000,2389.2235,13889.7969,62107.9025,-515274.5922,-436887.6693,-453166.6897
693000,2373.7334,13864.8631,62391.2603,-516448.9838,-437819.127,-454057.72349999996
694000,2371.4267,13871.8117,62175.3265,-515681.7046,-437263.1397,-453506.3781
695000,2369.3507,13878.9388,61396.9231,-514988.8205,-437343.60789999994,-453591.89739999996
696000,2364.1503,13818.3483,62326.7344,-516472.6813,-437963.4483,-454145.9469
697000,2382.6163,13894.5148,61376.9891,-514920.6267,-437266.5065,-453543.6376
698000,2364.8819,13772.0282,62160.6754,-515883.8175,-437586.232,-453723.1421
699000,2370.8388,13795.8016,62206.2984,-516056.5267,-437683.5879,-453850.22829999996
700000,2375.0742,13790.3442,61940.1682,-515091.1404,-436985.5538,-453150.97219999996
701000,2370.1187,13832.1246,62315.1403,-516447.6939,-437930.3103,-454132.5536
702000,2338.3581,13870.3185,61949.574,-515559.2576,-437401.007,-453609.6836
703000,2367.6001,13793.7194,61450.3182,-514797.6856,-437186.0479,-453347.36740000005
704000,2351.6862,13838.2841,61855.7856,-516284.82,-438239.0641,-454429.0344
705000,2358.9519,13783.2278,62346.3221,-516796.4033,-438307.90150000004,-454450.0812
706000,2356.931,13888.6008,62726.034,-517185.5535,-438213.9877,-454459.5195
707000,2325.1785,13765.1601,62147.3696,-516120.0097,-437882.3015,-453972.6401
708000,2346.2013,13746.713,61708.975,-515007.3975,-437205.50820000004,-453298.42250000004
709000,2344.7184,13823.1598,61913.137,-516250.087,-438169.07180000003,-454336.95
710000,2352.5531,13890.3139,61864.3715,-514961.7649,-436854.5264,-453097.3934
711000,2326.1362,13734.2054,62244.807,-515278.6108,-436973.4622,-453033.8038
712000,2332.5124,13790.421,61667.6216,-514928.9757,-437138.4207,-453261.3541
713000,2381.1906,13831.6506,62344.9127,-516090.2231,-437532.4692,-453745.3104
714000,2337.3404,13772.9943,62245.6392,-515694.4263,-437338.4524,-453448.7871
715000,2333.4646,13805.3976,61676.2144,-514627.6006,-436812.524,-452951.3862
716000,2379.2863,13958.9982,62001.7928,-515248.016,-436907.9387,-453246.2232
717000,2380.9783,13777.1833,61942.021,-515275.5884,-437175.4058,-453333.5674
718000,2386.8299,13789.8239,61879.9531,-515701.2662,-437644.6593,-453821.3131
719000,2346.947,13794.1844,62534.2094,-516321.0086,-437645.6678,-453786.7992
720000,2365.6615,13857.7209,61872.84,-515773.0915,-437676.8691,-453900.2515
721000,2353.6585,13832.7986,61898.7145,-515896.168,-437810.9964,-453997.4535
722000,2358.0891,13888.3304,61946.1095,-515528.1598,-437335.63080000004,-453582.0503
723000,2385.0492,13893.5184,62001.6737,-514992.9496,-436712.7083,-452991.2759
724000,2389.6192,13799.5557,62481.4686,-516363.0908,-437692.4473,-453881.6222
725000,2349.2241,13834.0812,62689.8963,-516459.2585,-437586.05689999997,-453769.3622
726000,2352.4534,13817.9431,62186.3595,-515910.7341,-437553.9781,-453724.3746
727000,2369.8919,13803.5051,62392.4842,-516040.4606,-437474.5794,-453647.9764
728000,2349.7689,13777.0065,62165.184,-515695.2321,-437403.27270000003,-453530.0481
729000,2365.8282,13880.6153,62065.0269,-515687.3023,-437375.8319,-453622.2754
730000,2351.4066,13823.9487,61951.5197,-515646.4445,-437519.5695,-453694.9248
731000,2343.6601,13830.6024,62365.781,-516114.7135,-437574.67000000004,-453748.9325
732000,2358.963,13801.7802,62522.569,-516389.495,-437706.1828,-453866.926
733000,2356.531,13724.7699,62057.7522,-515864.6255,-437725.5724,-453806.87330000004
734000,2331.3204,13753.1079,62239.0256,-516238.1862,-437914.7323,-453999.1606
735000,2332.0689,13911.8773,61793.8734,-515667.9037,-437630.08410000004,-453874.03030000004
736000,2388.6665,13823.638,62106.0954,-515460.8294,-437142.42949999997,-453354.734
737000,2326.685,13777.3371,61873.0318,-515538.3716,-437561.3177,-453665.3398
738000,2367.6133,13799.5707,61864.2318,-515302.7949,-437271.37909999996,-453438.56309999997
739000,2366.2358,13801.4794,63018.9573,-517447.1575,-438260.485,-454428.20019999996
740000,2372.2646,13841.861,62097.9974,-516377.3078,-438065.1848,-454279.3104
741000,2349.4339,13803.9766,62148.8583,-515692.604,-437390.3352,-453543.74569999997
742000,2345.6352,13910.7772,62040.1696,-515410.2502,-437113.6682,-453370.0806
743000,2363.742,13911.5597,61725.4466,-515365.0137,-437364.26540000003,-453639.5671
744000,2375.9093,13785.8587,62206.9289,-516127.4209,-437758.72400000005,-453920.492
745000,2368.5659,13816.9071,61407.0854,-514856.7538,-437264.19539999997,-453449.6684
746000,2360.4977,13939.4028,62077.3407,-515926.0489,-437548.8077,-453848.7082
747000,2363.8704,13800.5908,61980.1242,-515377.7769,-437233.1915,-453397.6527
748000,2331.5975,13907.6321,61117.33,-514501.6682,-437145.10860000004,-453384.3382
749000,2361.251,13738.0547,62075.1078,-515450.4258,-437276.01230000006,-453375.318
750000,2363.4108,13897.5837,62238.3186,-515946.3308,-437447.01769999997,-453708.0122
751000,2366.134,13854.4568,61499.618,-515429.6986,-437709.4898,-453930.0806
752000,2349.0439,13916.1267,62582.4666,-516778.2959,-437930.6587,-454195.82930000004
753000,2356.9095,13805.8663,62301.9324,-515870.5511,-437405.8429,-453568.6187
754000,2358.177,13798.3645,61862.8151,-516033.8204,-438014.4638,-454171.0053
755000,2353.7116,13824.1709,62090.9052,-515714.3982,-437445.6105,-453623.493
756000,2372.9656,13899.6073,62075.5718,-514969.6089,-436621.4642,-452894.0371
757000,2345.3008,13869.9502,62393.0408,-515976.1288,-437367.837,-453583.088
758000,2369.1229,13849.9375,61782.4731,-515218.3594,-437216.8259,-453435.8863
759000,2367.5302,13804.3291,61872.983,-515328.5504,-437283.7081,-453455.5674
760000,2392.3896,13931.038,62397.1497,-516086.1855,-437365.6082,-453689.0358
761000,2390.0686,13902.4505,62154.8243,-515149.3844,-436702.04099999997,-452994.5601
762000,2365.158,13877.7469,62138.0479,-516115.9794,-437735.0266,-453977.9315
763000,2348.6957,13786.4683,62167.5609,-515904.6051,-437601.8802,-453737.0442
764000,2338.6766,13869.0934,62069.9294,-516021.6979,-437743.99850000005,-453951.7685
765000,2373.164,13800.6994,61873.9578,-515705.155,-437657.3338,-453831.19720000005
766000,2363.5278,13814.9383,61729.1912,-515310.5424,-437402.88509999996,-453581.3512
767000,2362.7738,13763.7774,62396.3808,-515873.1301,-437350.19810000004,-453476.7493
768000,2366.0298,13837.0953,61701.5388,-515149.7973,-437245.1334,-453448.2585
769000,2366.1054,13886.9847,61752.8221,-515194.34,-437188.42780000006,-453441.51790000004
770000,2340.3774,13900.4212,61889.9305,-515550.213,-437419.4839,-453660.2825
771000,2388.1615,13886.9607,62113.4797,-515702.5786,-437313.9767,-453589.0989
772000,2353.3233,13928.7324,62368.9885,-516194.3199,-437543.2757,-453825.3314
773000,2346.9764,13803.2818,61779.7436,-515738.6975,-437808.69570000004,-453958.9539
774000,2326.2898,13907.2938,62035.2241,-515908.0015,-437639.1938,-453872.7774
775000,2361.0451,13960.7367,62186.423,-516054.8368,-437546.632,-453868.4138
776000,2358.5786,13841.2261,62329.4724,-516450.8821,-437921.605,-454121.40969999996
777000,2362.2951,13882.5189,62396.4734,-516095.9872,-437454.69979999994,-453699.51379999996
778000,2367.8432,13861.9403,62094.6578,-515126.4409,-436801.9996,-453031.7831
779000,2375.102,13927.5494,61777.9642,-514620.9806,-436540.365,-452843.0164
780000,2351.4315,13877.6208,62239.2213,-515536.502,-437068.22839999996,-453297.2807
781000,2346.7462,13786.5703,61900.3391,-515154.3749,-437120.7193,-453254.0358
782000,2408.2165,13878.6692,61649.0484,-514779.9666,-436844.0325,-453130.91819999996
783000,2368.4508,13885.4516,62204.6247,-515766.681,-437308.1539,-453562.0563
784000,2355.6121,13888.8918,62077.0605,-516055.099,-437733.5346,-453978.03849999997
785000,2359.62,13756.6402,61881.6073,-515878.2473,-437880.3798,-453996.64
786000,2337.3511,13881.4675,62294.8739,-515976.9832,-437463.2907,-453682.1093
787000,2347.7421,13836.4595,61986.0503,-515647.3785,-437477.12659999996,-453661.3282
788000,2350.9669,13899.8884,61304.7091,-514752.2063,-437196.64190000005,-453447.49720000004
789000,2340.0814,13820.0105,62031.8986,-515426.1837,-437234.1932,-453394.2851
790000,2345.0547,13851.6838,61797.7284,-514942.3491,-436947.8822,-453144.62069999997
791000,2379.2021,13824.7745,61705.3633,-515374.4696,-437465.12970000005,-453669.1063
792000,2335.6146,13918.4831,62199.9818,-515890.3405,-437436.261,-453690.3587
793000,2361.3946,13819.3793,62057.3046,-515928.242,-437690.1635,-453870.93740000005
794000,2352.9401,13847.0808,61503.5278,-514954.6407,-437251.092,-453451.1129
795000,2335.4207,13761.9174,62006.8681,-515569.9789,-437465.7727,-453563.11079999997
796000,2369.1136,13812.8077,62210.9309,-516226.3535,-437833.5013,-454015.42260000005
797000,2350.0431,13866.663,61927.0972,-515785.9903,-437642.18700000003,-453858.8931
798000,2372.0498,13864.6585,62189.7753,-515697.0572,-437270.5736,-453507.2819
799000,2343.0706,13766.3364,61919.0241,-515704.811,-437676.3799,-453785.7869
800000,2372.6062,13840.0848,61911.0401,-515438.8972,-437315.16610000003,-453527.8571
801000,2370.144,13805.9709,61947.5763,-515921.478,-437797.7868,-453973.9017
802000,2374.1953,13742.3509,61465.5112,-514949.3613,-437367.3039,-453483.8501
803000,2383.3428,13863.9483,62416.8328,-516874.1048,-438209.98089999997,-454457.272
804000,2364.0255,13799.0361,61859.8508,-516030.7227,-438007.8103,-454170.87189999997
805000,2325.8053,13698.0689,62275.6368,-516041.9982,-437742.4872,-453766.3614
806000,2379.3946,13686.8292,61587.3139,-514800.8008,-437147.26310000004,-453213.4869
807000,2346.1332,13782.4568,61478.3607,-514634.8164,-437027.8657,-453156.4557
808000,2364.661,13734.0272,62036.6483,-515522.6376,-437387.30110000004,-453485.9893
809000,2337.4263,13807.0212,62766.9414,-516577.8817,-437666.4928,-453810.9403
810000,2360.9666,13841.5345,61879.6075,-515572.9527,-437490.84410000005,-453693.34520000004
811000,2385.1859,13837.3306,61857.9327,-515496.9407,-437416.4915,-453639.008
812000,2356.2404,13839.6362,61919.0329,-515397.7064,-437282.7969,-453478.67350000003
813000,2335.0047,13771.8141,62093.8591,-515315.6698,-437114.99189999996,-453221.8107
814000,2335.0867,13709.2035,62117.4002,-515997.6193,-437835.92890000006,-453880.21910000005
815000,2358.4933,13708.9634,61888.9505,-515946.0568,-437989.6496,-454057.10630000004
816000,2372.8601,13691.8367,62092.9298,-516987.2726,-438829.646,-454894.34280000004
817000,2359.5378,13856.9307,61680.3737,-515744.7265,-437847.8843,-454064.3528
818000,2350.7799,13693.2228,62550.9545,-516240.7017,-437645.7445,-453689.7472
819000,2358.7778,13845.9227,62273.4024,-516126.5437,-437648.4408,-453853.14129999996
820000,2363.4848,13842.8763,61751.1079,-515371.3647,-437413.8957,-453620.2568
821000,2336.2837,13800.1568,62859.0203,-517328.1132,-438332.6524,-454469.09290000005
822000,2336.6527,13708.4903,62292.2112,-515714.942,-437377.5878,-453422.73079999996
823000,2365.3837,13738.0927,62289.1171,-515923.3877,-437530.7942,-453634.27060000005
824000,2362.2011,13828.75,62101.1866,-515394.3087,-437102.171,-453293.1221
825000,2397.2899,13771.7875,62115.9544,-515811.4622,-437526.4304,-453695.5078
826000,2346.6073,13879.331,62358.7127,-516583.4967,-437998.8457,-454224.78400000004
827000,2348.6884,13728.648,62484.6523,-515906.2409,-437344.2522,-453421.58859999996
828000,2358.6124,13737.7913,62394.7916,-516106.7516,-437615.55630000005,-453711.96
829000,2397.609,13927.317,61578.3894,-515267.7104,-437364.395,-453689.321
830000,2356.627,13787.3253,61803.4989,-515777.1094,-437829.6582,-453973.6105
831000,2354.8428,13759.972,61883.9613,-515445.2513,-437446.4752,-453561.29
832000,2362.7505,13864.0975,61692.0201,-515290.8354,-437371.96729999996,-453598.81529999996
833000,2350.1567,13940.2872,61805.8732,-515338.2011,-437241.884,-453532.32790000003
834000,2345.3095,13866.8399,62198.458,-515650.507,-437239.8996,-453452.049
835000,2356.7186,13826.8852,62095.0496,-515425.3158,-437146.6624,-453330.26619999995
836000,2374.4911,13698.2103,62243.3474,-515685.1204,-437369.0716,-453441.77300000004
837000,2354.4597,13776.5101,62214.0697,-515873.4709,-437528.4314,-453659.4012
838000,2357.5129,13922.7692,62583.5122,-516347.7949,-437484.00059999997,-453764.2827
839000,2378.105,13883.0371,62003.8184,-516172.7326,-437907.7721,-454168.9142
840000,2327.0587,13818.5289,62707.9942,-516551.3471,-437697.7653,-453843.3529
841000,2369.2655,13731.6015,62183.6252,-516058.0008,-437773.50859999994,-453874.37559999997
842000,2370.1358,13893.5151,62038.859,-515816.1315,-437513.6216,-453777.2725
843000,2372.6823,13766.7109,62216.3606,-515829.997,-437474.24319999997,-453613.63639999996
844000,2401.6879,13801.7887,62192.8525,-516203.326,-437806.9969,-454010.4735
845000,2365.4933,13788.8963,62272.1554,-515746.1599,-437319.61490000004,-453474.00450000004
846000,2314.1745,13797.2498,61814.17,-515497.5366,-437571.9423,-453683.3666
847000,2325.5421,13689.4221,61986.2792,-516392.9198,-438391.6764,-454406.6406
848000,2346.2971,13748.537,62212.5826,-516257.7329,-437950.3162,-454045.1503
849000,2341.3219,13765.9594,62635.1627,-516848.6888,-438106.2448,-454213.5261
850000,2395.3068,13874.7985,62444.2874,-516568.9929,-437854.6002,-454124.70550000004
851000,2380.1722,13845.979,62331.7109,-516250.6938,-437692.8317,-453918.9829
852000,2360.7123,13897.221,62180.2867,-515994.4451,-437556.22510000004,-453814.1584
853000,2366.3895,13749.6146,62184.5836,-516068.4452,-437767.85750000004,-453883.8616
854000,2335.4754,13729.1013,62637.2159,-516934.5317,-438232.7391,-454297.3158
855000,2395.8195,13907.0386,61852.0473,-515967.8947,-437812.9893,-454115.8474
856000,2372.1462,13704.4068,61729.4683,-515015.9398,-437209.9185,-453286.4715
857000,2372.0954,13807.6804,61798.0856,-515043.7107,-437065.8493,-453245.6251
858000,2357.9182,13936.9596,61487.3184,-514706.0222,-436923.826,-453218.7038
859000,2363.7795,13744.1965,61875.3686,-516159.9451,-438176.6005,-454284.5765
860000,2351.7597,13780.0946,61747.0736,-515835.6561,-437956.7282,-454088.5825
861000,2350.7558,13778.8786,62084.0531,-516629.7568,-438416.0693,-454545.70369999995
862000,2355.0776,13880.7742,62015.1852,-516402.1114,-438151.0744,-454386.9262
863000,2369.0314,13807.4648,62170.0429,-515659.3056,-437312.7665,-453489.2627
864000,2349.6685,13793.2737,62032.7008,-515932.4186,-437756.7756,-453899.7178
865000,2356.3686,13806.6878,62218.1675,-516235.5796,-437854.3557,-454017.4121
866000,2361.1329,13813.7929,62137.1197,-516388.0048,-438075.9593,-454250.8851
867000,2367.5642,13808.844,61999.5131,-515673.0817,-437497.1604,-453673.5686
868000,2326.8182,13813.59,62429.2059,-516278.1402,-437708.5261,-453848.9343
869000,2374.0837,13846.1433,62176.4347,-516205.0803,-437808.4186,-454028.6456
870000,2366.0998,13746.5482,62581.9661,-516289.5009,-437594.8868,-453707.53479999996
871000,2329.9051,13714.5379,62082.1494,-515261.9048,-437135.31240000005,-453179.7554
872000,2368.9598,13733.5515,61791.7579,-515173.2909,-437279.02170000004,-453381.53300000005
873000,2345.6323,13813.9582,61792.3319,-515433.4414,-437481.51900000003,-453641.1095
874000,2394.4648,13881.5368,61915.0363,-515208.7716,-437017.7337,-453293.7353
875000,2335.8427,13861.0325,62206.6257,-515853.344,-437449.8431,-453646.7183
876000,2345.0358,13782.7847,61833.2642,-515226.8467,-437265.762,-453393.5825
877000,2388.4713,13880.4138,61362.2308,-514729.0719,-437097.956,-453366.84109999996
878000,2363.6315,13847.0072,61418.0636,-515180.6539,-437551.9516,-453762.5903
879000,2351.8982,13702.7115,61872.7834,-515163.7547,-437236.3616,-453290.9713
880000,2360.0179,13716.8101,62254.2083,-516480.0392,-438149.00289999996,-454225.8309
881000,2366.7611,13752.0824,61549.7517,-514987.8911,-437319.2959,-453438.1394
882000,2364.9111,13787.0102,61846.8408,-514940.3977,-436941.6356,-453093.55689999997
883000,2349.6691,13874.7891,61879.1329,-515209.3704,-437105.77930000005,-453330.23750000005
884000,2316.2722,13831.2184,61435.639,-514898.6438,-437315.51420000003,-453463.0048
885000,2332.0272,13813.7258,61811.4131,-514711.5303,-436754.36419999995,-452900.1172
886000,2352.1951,13772.2395,62588.9876,-516221.6926,-437508.27040000004,-453632.705
887000,2332.3509,13807.0198,63092.1743,-517264.128,-438032.58300000004,-454171.9537
888000,2372.446,13791.8096,61907.7508,-515860.3301,-437788.3237,-453952.57930000004
889000,2334.0889,13768.7658,62093.546,-515932.1665,-437735.7658,-453838.62049999996
890000,2352.0284,13779.1472,62057.7628,-515855.673,-437666.7346,-453797.91020000004
891000,2381.1347,13761.0918,62163.7052,-516374.3758,-438068.44409999996,-454210.67059999995
892000,2362.0345,13660.7666,61635.1713,-515119.0538,-437461.0814,-453483.8825
893000,2370.9563,13725.2639,61768.3874,-515681.8182,-437817.2106,-453913.4308
894000,2391.6411,13759.5464,62075.8377,-515420.3467,-437193.32149999996,-453344.509
895000,2340.8646,13789.4175,61961.5083,-515627.2941,-437535.5037,-453665.7858
896000,2350.4411,13709.4514,61849.2031,-514987.0416,-437077.946,-453137.8385
897000,2346.1948,13779.8276,61999.9047,-515835.4255,-437709.49840000004,-453835.5208
898000,2316.9138,13681.4005,62457.5358,-515921.9521,-437466.102,-453464.4163
899000,2331.483,13696.8581,62196.2222,-515761.1501,-437536.58680000005,-453564.9279
900000,2350.9428,13782.6751,61890.0307,-515479.7171,-437456.0685,-453589.6864
901000,2354.9778,13705.5688,62470.5719,-515567.26,-437036.1415,-453096.6881
902000,2349.3002,13782.2214,62155.6504,-515594.3544,-437307.18240000005,-453438.704
903000,2367.4622,13814.2735,62005.3875,-515591.1359,-437404.01269999996,-453585.7484
904000,2317.0797,13679.619,62451.6645,-516014.8403,-437566.4771,-453563.17579999997
905000,2372.1795,13848.5576,62173.1878,-515816.5783,-437422.6534,-453643.3905
906000,2354.7869,13748.3091,62238.0258,-515572.1285,-437231.00669999997,-453334.1027
907000,2362.1962,13816.8588,61538.174,-514833.7845,-437116.5555,-453295.6105
908000,2360.9406,13819.8382,61826.3952,-515106.5231,-437099.3491,-453280.12789999996
909000,2345.8688,13673.123,62028.8935,-514482.7618,-436434.8765,-452453.8683
910000,2338.0436,13769.5316,61890.8262,-515159.0406,-437160.6392,-453268.2144
911000,2351.9037,13821.4506,61635.2682,-514791.92,-436983.2975,-453156.6518
912000,2365.2677,13815.9769,62323.3085,-515453.6617,-436949.1086,-453130.3532
913000,2365.6378,13764.0422,62652.7376,-516817.551,-438035.1334,-454164.8134
914000,2373.4858,13833.3433,61850.0299,-515366.314,-437309.455,-453516.2841
915000,2360.4151,13795.5632,62180.4191,-515794.8945,-437458.4971,-453614.4754
916000,2383.5521,13737.9935,61955.5022,-515582.9461,-437505.8983,-453627.4439
917000,2328.4713,13794.1853,61684.3976,-515392.6133,-437585.5591,-453708.21570000006
918000,2374.4348,13760.275,61649.1988,-515110.1608,-437326.2522,-453460.962
919000,2354.4149,13750.6994,61916.1385,-515181.423,-437160.1702,-453265.2845
920000,2298.8771,13635.6567,62467.7874,-515764.5263,-437362.2051,-453296.7389
921000,2314.5361,13797.498,62042.0063,-515809.3983,-437655.3579,-453767.392
922000,2333.9488,13791.1551,62265.5353,-516365.3964,-437974.7572,-454099.86110000004
923000,2402.3046,13763.2832,61981.8858,-515434.1025,-437286.6289,-453452.2167
924000,2361.5794,13781.8051,61776.7006,-514952.0463,-437031.9612,-453175.3457
925000,2363.5112,13677.4061,62571.1391,-516571.702,-437959.6456,-454000.5629
926000,2325.6013,13661.0914,62085.0781,-515414.7768,-437343.006,-453329.6987
927000,2364.5093,13776.4579,61598.2546,-514659.1731,-436919.9513,-453060.9185
928000,2367.3679,13784.4341,61947.9418,-515327.9206,-437228.1768,-453379.97880000004
929000,2358.299,13794.6843,62134.9442,-515504.901,-437216.9735,-453369.95680000004
930000,2351.0926,13745.0081,61631.4891,-514437.526,-436709.9362,-452806.0369
931000,2364.4702,13819.396,61930.4654,-515757.9642,-437643.6326,-453827.4988
932000,2347.3367,13687.54,61816.1965,-515319.6307,-437468.5575,-453503.43419999996
933000,2340.6283,13779.7778,62592.6666,-515958.0434,-437244.97070000006,-453365.3768
934000,2309.1133,13691.799,62319.3273,-516098.1048,-437777.8652,-453778.77749999997
935000,2364.7642,13791.929,62010.6416,-516175.1688,-438007.834,-454164.5272
936000,2344.5712,13668.299,62057.7417,-515876.6565,-437806.04459999996,-453818.91479999997
937000,2347.9545,13688.0048,62257.2103,-515776.146,-437482.97640000004,-453518.93570000003
938000,2347.4115,13649.4164,61581.0269,-514338.7602,-436760.90540000005,-452757.7333
939000,2344.2137,13688.6431,62664.4144,-516422.5408,-437725.2696,-453758.1264
940000,2358.0104,13808.6279,62753.0854,-517119.3313,-438199.6076,-454366.24590000004
941000,2350.8156,13715.0058,62199.0151,-516371.051,-438106.2145,-454172.03589999996
942000,2350.9845,13730.1891,61554.2566,-514667.724,-437032.2938,-453113.46739999996
943000,2333.5467,13709.2,61937.3283,-515563.0972,-437583.0222,-453625.7689
944000,2325.9564,13767.8547,62446.2962,-515861.093,-437320.98569999996,-453414.7968
945000,2349.8988,13856.0229,61803.456,-515818.975,-437809.59729999996,-454015.519
946000,2326.8055,13761.2089,62961.6443,-516326.7398,-437277.08109999995,-453365.0955
947000,2361.0594,13810.9691,62766.0635,-516974.2817,-438036.1897,-454208.2182
948000,2357.7753,13756.0119,62116.2832,-515424.6179,-437194.5475,-453308.3347
949000,2355.3111,13710.7352,61598.0976,-514465.0402,-436800.8963,-452866.9426
950000,2351.9495,13797.4604,61882.0906,-515052.4392,-437020.9387,-453170.3486
951000,2347.4266,13864.4253,61906.0813,-514928.9201,-436810.9869,-453022.83879999997
952000,2353.0306,13786.2256,61807.9878,-514843.2609,-436896.0169,-453035.2731
953000,2393.5812,13816.4322,61766.981,-514844.7168,-436867.72239999997,-453077.7358
954000,2361.6587,13700.2681,62351.7104,-515535.8932,-437122.256,-453184.1828
955000,2349.1681,13824.2132,61869.9256,-515526.4262,-437483.1193,-453656.50059999997
956000,2341.2828,13855.8548,62016.3584,-516013.1406,-437799.6446,-453996.7822
957000,2334.6144,13801.8679,61639.4998,-515554.6625,-437778.68039999995,-453915.1627
958000,2384.0547,13730.9413,61983.788,-516288.1212,-438189.3372,-454304.3332
959000,2341.9774,13776.8774,61996.29,-515261.2213,-437146.07649999997,-453264.9313
960000,2376.287,13771.2894,62091.6712,-515669.2576,-437430.01,-453577.58640000003
961000,2350.8671,13837.2856,62143.4592,-515854.5675,-437522.9556,-453711.1083
962000,2330.3586,13732.7755,62362.922,-516062.5483,-437636.49220000004,-453699.6263
963000,2360.4276,13765.8442,61779.3145,-515309.5451,-437403.9588,-453530.2306
964000,2387.4042,13781.5173,62058.6533,-515816.4238,-437588.849,-453757.7705
965000,2348.3604,13708.1434,62491.489,-516274.0349,-437726.0421,-453782.5459
966000,2385.1452,13800.8101,61844.8599,-515745.5308,-437714.7156,-453900.6709
967000,2325.9973,13739.8264,62423.3701,-516503.3704,-438014.1766,-454080.0003
968000,2340.2733,13785.287,62425.5332,-515784.32,-437233.2265,-453358.7868
969000,2359.1216,13818.8242,62377.342,-516395.0754,-437839.7876,-454017.73339999997
970000,2389.783,13892.0573,62064.5087,-515837.6743,-437491.3253,-453773.1656
971000,2350.5971,13776.5807,61421.0589,-515029.6227,-437481.386,-453608.5638
972000,2356.6023,13779.0398,62185.0344,-515887.7644,-437567.0879,-453702.73
973000,2344.0645,13787.3909,62029.1194,-515865.7348,-437705.16,-453836.61539999995
974000,2350.7106,13911.5398,62200.3763,-516339.8164,-437877.1897,-454139.4401
975000,2340.8327,13795.9245,61711.34,-515203.5734,-437355.47620000003,-453492.2334
976000,2372.3444,13873.4405,62084.5754,-515455.1305,-437124.7702,-453370.5551
977000,2379.7688,13857.5701,62539.4382,-515804.8274,-437028.0503,-453265.38920000003
978000,2372.2355,13746.4314,62204.5269,-515198.094,-436874.9002,-452993.5671
979000,2357.4403,13872.5606,62481.2572,-516643.7468,-437932.4887,-454162.48960000003
980000,2362.1457,13847.0889,62416.3985,-516040.8612,-437415.22809999995,-453624.4627
981000,2342.3402,13623.5836,62431.512,-516684.6105,-438287.1747,-454253.0985
982000,2376.896,13735.9544,61655.1858,-515177.6197,-437409.58349999995,-453522.4339
983000,2371.3511,13796.5602,61875.0928,-515495.4514,-437452.4473,-453620.35860000004
984000,2366.5113,13818.1968,62095.11,-516173.1804,-437893.36230000004,-454078.0704
985000,2337.7768,13816.4109,62867.1502,-517248.2474,-438226.9095,-454381.0972
986000,2337.0598,13770.913,61993.0928,-515940.4536,-437839.38800000004,-453947.3608
987000,2380.0429,13744.6849,62174.2918,-515431.127,-437132.1074,-453256.8352
988000,2376.0666,13718.5555,61876.5822,-515215.3481,-437244.1438,-453338.7659
989000,2351.9312,13824.4523,61832.8666,-515266.007,-437256.7569,-453433.1404
990000,2330.8255,13946.8644,62171.2105,-516213.0577,-437764.1573,-454041.8472
991000,2316.6819,13803.4314,62659.6146,-516528.3442,-437748.6163,-453868.72959999996
992000,2369.2321,13692.9902,62324.012,-515404.2084,-437017.9741,-453080.1964
993000,2347.5202,13683.1545,61860.8257,-514971.6355,-437080.13509999996,-453110.8098
994000,2351.9807,13950.215,62017.3896,-515562.8839,-437243.2986,-453545.4943
995000,2347.1212,13760.4843,61827.3139,-515053.7323,-437118.81289999996,-453226.41839999997
996000,2396.9837,13734.5515,61882.8226,-514947.8758,-436933.518,-453065.05319999997
997000,2372.9381,13772.1444,62428.7305,-515438.1938,-436864.38080000004,-453009.4633
998000,2364.5341,13757.6517,61820.9152,-515205.2135,-437262.11250000005,-453384.2983
999000,2365.3234,13829.5281,62067.2995,-515825.8014,-437563.6504,-453758.5019
1000000,2332.2444,13716.0686,61758.4455,-514963.9226,-437157.1641,-453205.4771
1001000,2344.8573,13822.2881,61893.062,-515521.9345,-437461.72709999996,-453628.8725
1002000,2361.0725,13793.6184,62498.329,-515990.3333,-437337.3134,-453492.00430000003
1003000,2349.0965,13789.8466,62388.7453,-516041.3058,-437513.6174,-453652.56049999996
1004000,2367.595,13729.9636,61689.3048,-514888.8413,-437101.97789999994,-453199.5365
1005000,2338.0263,13769.43,61750.1962,-515223.0589,-437365.4064,-453472.8627
1006000,2356.731,13785.7704,61959.6763,-515569.5814,-437467.4037,-453609.90510000003
1007000,2348.0505,13838.59,61951.2691,-514908.202,-436770.2924,-452956.9329
1008000,2388.9331,13798.5852,61915.4603,-515277.5536,-437174.57499999995,-453362.0933
1009000,2400.6295,13793.6726,62460.6883,-516652.7805,-437997.7901,-454192.0922
1010000,2366.0232,13665.1033,61794.1455,-515145.4851,-437320.2131,-453351.3396
1011000,2347.823,13867.2579,62289.7537,-516113.3986,-437608.564,-453823.6449
1012000,2339.0705,13846.0628,62372.7664,-515962.5704,-437404.6707,-453589.804
1013000,2337.3501,13789.103,62085.9549,-515714.6017,-437502.1937,-453628.6468
1014000,2346.6266,13743.2393,62440.2629,-516350.5407,-437820.4119,-453910.27780000004
1015000,2368.9242,13801.4284,62121.702,-515919.9102,-437627.8556,-453798.2082
1016000,2333.0968,13621.6966,62132.9565,-515303.9766,-437216.2267,-453171.02009999997
1017000,2355.673,13738.8361,61587.5718,-514314.6331,-436632.5522,-452727.0613
1018000,2360.8147,13754.5743,62469.3566,-516170.2179,-437585.4723,-453700.8613
1019000,2357.3828,13790.8948,62027.1859,-515870.0813,-437694.6178,-453842.89540000004
1020000,2334.4708,13797.4613,61961.0721,-515751.8082,-437658.804,-453790.73610000004
1021000,2356.384,13777.8208,61824.9103,-515068.2621,-437109.147,-453243.3518
1022000,2337.5866,13745.8883,62268.1909,-516703.4277,-438351.7619,-454435.2368
1023000,2356.2056,13729.0653,61881.6571,-515854.8225,-437887.8945,-453973.1654
1024000,2312.7808,13671.7207,62128.2702,-516226.9488,-438114.17710000003,-454098.6786
1025000,2352.0724,13806.7824,61908.9125,-515051.2228,-436983.4555,-453142.3103
1026000,2380.6048,13858.2341,61375.9818,-515341.9332,-437727.11250000005,-453965.9514
1027000,2347.2361,13822.4882,61947.5529,-515235.2587,-437117.9815,-453287.7058
1028000,2347.9977,13806.1389,62157.3489,-515887.2749,-437575.7894,-453729.92600000004
1029000,2365.467,13743.2964,62348.3105,-515523.0752,-437066.0013,-453174.7647
1030000,2335.8309,13756.7988,62419.3735,-516141.6147,-437629.6115,-453722.2412
1031000,2353.3217,13838.8292,62624.7327,-515993.2494,-437176.36579999997,-453368.5167
1032000,2362.4851,13788.035,62118.0158,-515509.8067,-437241.2708,-453391.7909
1033000,2363.9613,13831.7586,61707.5982,-515597.8851,-437694.56700000004,-453890.2869
1034000,2361.8282,13768.6574,61967.2479,-515886.4961,-437788.7626,-453919.2482
1035000,2397.7992,13779.4051,61840.2822,-515184.9735,-437167.487,-453344.6913
1036000,2361.6744,13785.4401,62214.2263,-516568.6923,-438207.3515,-454354.466
1037000,2307.9004,13742.0099,62526.2255,-516527.767,-437951.6312,-454001.5415
1038000,2324.2479,13742.2906,62330.549,-515985.5482,-437588.46070000005,-453654.9992
1039000,2342.8233,13852.8859,62006.4777,-515880.1695,-437677.9826,-453873.69180000003
1040000,2355.5097,13683.6634,62507.7203,-516753.4667,-438206.5733,-454245.7464
1041000,2365.5713,13762.3746,61571.8322,-515842.636,-438142.8579,-454270.8038
1042000,2385.6391,13667.1295,62233.3579,-516070.1666,-437784.0401,-453836.8087
1043000,2358.6597,13829.046,61888.9468,-515250.8367,-437174.1842,-453361.8899
1044000,2343.5046,13799.1523,61742.8208,-515363.7091,-437478.2314,-453620.8883
1045000,2364.7773,13717.8195,62065.14,-515868.7868,-437721.05,-453803.6468
1046000,2364.4128,13704.9712,61962.5073,-515140.9124,-437109.02109999995,-453178.4051
1047000,2324.406,13792.6496,61904.1106,-515344.9647,-437323.79850000003,-453440.8541
1048000,2369.295,13813.4409,62100.6268,-515787.9049,-437504.5422,-453687.2781
1049000,2361.778,13814.8474,62074.9425,-516091.5525,-437839.98459999997,-454016.61
1050000,2349.4031,13724.4892,61461.3375,-514969.4417,-437434.2119,-453508.1042
1051000,2373.2042,13787.2382,61772.7412,-515889.6133,-437956.42970000004,-454116.87210000004
1052000,2330.4363,13759.4142,62160.9784,-515858.9825,-437608.15359999996,-453698.00409999996
1053000,2333.9377,13854.4839,62531.0483,-516466.9304,-437747.46050000004,-453935.8821
1054000,2325.691,13720.7153,61687.5943,-515134.8015,-437400.80090000003,-453447.2072
1055000,2336.6647,13701.48,62201.4929,-515457.8509,-437218.2133,-453256.358
1056000,2384.201,13762.9747,61997.668,-515298.6615,-437153.81779999996,-453300.9935
1057000,2336.2868,13645.4201,62474.6566,-516311.6927,-437855.32920000004,-453837.0361
1058000,2354.5943,13752.9437,62652.4008,-516817.8933,-438057.9545,-454165.4925
1059000,2325.2015,13685.6281,61812.7049,-515643.8812,-437820.3467,-453831.1763
1060000,2354.7906,13679.5217,62352.2482,-516257.1923,-437870.6318,-453904.94409999996
1061000,2346.8491,13763.3628,62017.6894,-516008.1041,-437880.20279999997,-453990.41469999996
1062000,2355.3884,13718.3789,61745.2439,-515006.0532,-437187.042,-453260.8093
1063000,2386.1367,13723.8779,61798.1017,-515009.1776,-437101.0613,-453211.0759
1064000,2359.5658,13794.0791,62476.4779,-516683.895,-438053.7722,-454207.4171
1065000,2365.0729,13736.4189,62253.7514,-516478.8372,-438123.59400000004,-454225.0858
1066000,2356.669,13699.42,62135.0091,-516633.854,-438442.7559,-454498.84489999997
1067000,2367.1459,13716.1407,61572.0592,-515449.2632,-437793.9174,-453877.20399999997
1068000,2320.5367,13784.0036,62182.1701,-515512.5892,-437225.87879999995,-453330.4191
1069000,2346.9088,13804.352,61957.5093,-514971.818,-436863.0479,-453014.30870000005
1070000,2360.5426,13878.9465,62133.4422,-516320.0486,-437947.1173,-454186.6064
1071000,2366.7801,13814.0802,61966.6995,-515807.0393,-437659.4795,-453840.3398
1072000,2367.2257,13723.6566,62006.2404,-515591.7017,-437494.57899999997,-453585.46129999997
1073000,2378.126,13747.2109,62277.5038,-516106.8634,-437704.0227,-453829.35959999997
1074000,2378.9048,13717.4237,62217.7498,-515989.0219,-437674.9436,-453771.2721
1075000,2385.5072,13816.8536,61726.2946,-514912.8428,-436984.1874,-453186.54819999996
1076000,2334.3649,13727.4675,62122.7689,-515439.5111,-437254.9098,-453316.7422
1077000,2342.1891,13718.6181,62389.774,-516089.5528,-437638.9716,-453699.77880000003
1078000,2375.1911,13784.5363,62595.7541,-516967.7828,-438212.3013,-454372.02869999997
1079000,2347.3897,13710.6636,62007.2689,-516231.8541,-438166.5319,-454224.5852
1080000,2363.5222,13589.7975,62069.0731,-515643.6153,-437621.22250000003,-453574.5422
1081000,2369.8795,13708.7181,62177.2312,-515820.9585,-437565.1297,-453643.7273
1082000,2332.947,13732.0858,61941.145,-515399.8777,-437393.6999,-453458.7327
1083000,2344.4262,13723.9418,61656.5041,-514986.1718,-437261.29970000003,-453329.6677
1084000,2321.4009,13729.6317,61409.8716,-514512.1361,-437051.2319,-453102.2645
1085000,2387.5691,13816.3955,61964.4572,-515237.8547,-437069.4329,-453273.3975
1086000,2320.1541,13680.6396,61645.2489,-514816.4612,-437170.41860000003,-453171.2123
1087000,2336.148,13609.5556,61954.8596,-515661.3819,-437760.81869999995,-453706.52229999995
1088000,2326.3874,13554.8299,62011.7147,-516219.3199,-438326.3879,-454207.6052
1089000,2341.6657,13682.4841,61742.5378,-515492.7067,-437726.0191,-453750.1689
1090000,2323.5913,13729.0769,62168.3039,-515859.5962,-437638.6241,-453691.29230000003
1091000,2342.318,13707.9137,62249.5292,-515521.7139,-437221.953,-453272.1847
1092000,2324.6048,13689.3724,61963.8131,-515687.9541,-437710.1638,-453724.14099999995
1093000,2342.4632,13785.0633,62449.815,-515952.6701,-437375.3286,-453502.8551
1094000,2347.3431,13837.9662,62173.5892,-516058.4115,-437699.513,-453884.8223
1095000,2352.1188,13742.3708,62605.4948,-516143.136,-437443.1516,-453537.6412
1096000,2327.7019,13844.3896,61998.6774,-515434.8861,-437264.1172,-453436.2087
1097000,2320.105,13837.1732,62278.5037,-516126.3729,-437690.591,-453847.8692
1098000,2330.9422,13833.5089,62252.55,-515746.2767,-437329.2756,-453493.7267
1099000,2372.1435,13849.558,61791.9917,-515744.6132,-437730.92000000004,-453952.6215
1100000,2341.9559,13775.878,62032.0927,-516198.1305,-438048.2039,-454166.03780000005
1101000,2366.212,13712.014,62065.7622,-515742.5256,-437598.53740000003,-453676.7634
1102000,2330.015,13700.9356,62231.0461,-516019.3816,-437757.3849,-453788.33550000004
1103000,2304.4302,13803.2026,62058.4874,-516231.6948,-438065.5746,-454173.2074
1104000,2357.2252,13723.1099,62072.7934,-515455.7396,-437302.6111,-453382.94619999995
1105000,2369.5328,13696.272,61518.2197,-514631.1335,-437047.109,-453112.9138
1106000,2385.6941,13770.1346,61880.2565,-515592.1553,-437556.0701,-453711.89879999997
1107000,2346.6606,13721.6029,61578.7861,-514834.224,-437187.1744,-453255.4379
1108000,2375.0158,13725.0375,62105.6661,-516669.0453,-438463.3259,-454563.37919999997
1109000,2347.5587,13739.8872,61961.9382,-515099.6529,-437050.26879999996,-453137.7147
1110000,2405.0032,13722.3588,61909.21,-515408.6959,-437372.1239,-453499.48589999997
1111000,2374.7012,13732.258,61868.1026,-515368.7142,-437393.6524,-453500.6116
1112000,2347.4446,13738.3618,62522.8181,-516658.8828,-438050.2583,-454136.06470000005
1113000,2353.162,13757.0431,62498.0665,-516147.1671,-437538.8955,-453649.1006
1114000,2346.3281,13776.7762,62184.3778,-515506.0828,-437198.60069999995,-453321.70499999996
1115000,2365.4067,13654.4011,61798.2771,-515481.2216,-437663.1367,-453682.9445
1116000,2370.2791,13765.1064,62346.825,-516282.6016,-437800.3911,-453935.7766
1117000,2359.9864,13777.0135,61947.6444,-515206.9672,-437122.3229,-453259.3228
1118000,2355.8938,13782.549,61893.6606,-515009.7862,-436977.68279999995,-453116.12559999997
1119000,2325.8544,13744.9035,62128.104,-515296.4455,-437097.58359999995,-453168.3415
1120000,2342.8983,13742.2608,61878.9206,-514781.3084,-436817.2287,-452902.38779999997
1121000,2382.9233,13836.76,62450.3559,-515943.2824,-437273.2432,-453492.9265
1122000,2362.1186,13789.8984,61234.4437,-514311.4496,-436924.9889,-453077.0059
1123000,2341.9369,13695.3246,61801.8811,-514788.3062,-436949.16359999997,-452986.4251
1124000,2373.4264,13777.2856,61938.0564,-515299.4396,-437210.6712,-453361.3832
1125000,2337.9933,13788.9297,61586.3663,-514721.547,-437008.2577,-453135.1807
1126000,2380.259,13744.6937,61742.3448,-514971.7518,-437104.45430000004,-453229.407
1127000,2355.6687,13813.9737,61820.8875,-515686.6726,-437696.14269999997,-453865.7851
1128000,2355.6336,13854.718,62272.9079,-515870.301,-437387.0415,-453597.3931
1129000,2343.5386,13750.0654,62159.3838,-515448.3585,-437195.37069999997,-453288.97469999996
1130000,2337.7069,13690.9747,62525.5494,-516665.3854,-438111.1544,-454139.836
1131000,2336.615,13757.6201,62124.6338,-515791.0393,-437572.1704,-453666.4055
1132000,2376.6012,13768.9383,61958.9083,-515533.6507,-437429.20290000003,-453574.7424
1133000,2353.0322,13704.0329,61916.1786,-515537.6179,-437564.3742,-453621.4393
1134000,2366.407,13787.6702,62504.3419,-516385.5236,-437727.1045,-453881.1817
1135000,2352.2826,13781.4194,62760.8426,-516436.8939,-437542.3493,-453676.05130000005
1136000,2363.1444,13641.0972,61326.8081,-514932.145,-437601.09530000004,-453605.3369
1137000,2322.8287,13792.177,61510.5614,-514961.0996,-437335.53250000003,-453450.5382
1138000,2349.537,13723.9536,62140.0248,-515261.3157,-437047.8003,-453121.29089999996
1139000,2357.1494,13855.4495,61902.1479,-515758.2038,-437643.457,-453856.05590000004
1140000,2369.918,13765.4891,61660.3676,-515010.1625,-437214.38779999997,-453349.7949
1141000,2355.9699,13811.1453,61639.1844,-514667.3615,-436861.0619,-453028.1771
1142000,2342.0793,13793.5359,62219.6968,-515863.3878,-437508.0758,-453643.69100000005
1143000,2385.3029,13796.4706,62371.7718,-516206.3045,-437652.75920000003,-453834.53270000004
1144000,2329.7829,13713.9032,62272.0356,-516401.6752,-438085.9535,-454129.6396
1145000,2335.3826,13721.8587,61775.1556,-515806.9993,-437974.60240000003,-454031.8437
1146000,2359.0788,13818.8043,61917.4723,-516050.4781,-437955.1227,-454133.0058
1147000,2307.5045,13702.5476,61768.9182,-515614.0928,-437835.1225,-453845.17459999997
1148000,2363.2412,13837.1382,62135.2365,-516101.9303,-437766.31440000003,-453966.6938
1149000,2333.4182,13767.1184,62262.4763,-516517.1786,-438154.1657,-454254.7023
1150000,2335.4642,13676.2602,62054.1436,-515677.5195,-437611.6515,-453623.3759
1151000,2363.4032,13858.4668,62633.5588,-516586.7583,-437731.3295,-453953.1995
1152000,2334.4633,13899.0693,62441.9179,-517035.1629,-438359.71239999996,-454593.245
1153000,2360.665,13800.5035,62461.6428,-516347.8594,-437725.0481,-453886.21660000004
1154000,2346.265,13743.4986,61701.0795,-515239.8374,-437448.9943,-453538.7579
1155000,2344.5324,13686.4912,61810.4303,-514880.0982,-437038.64430000004,-453069.6679
1156000,2397.4364,13751.172,62077.1739,-516013.6311,-437787.8488,-453936.4572
1157000,2372.5298,13776.2073,61716.6636,-515490.152,-437624.7513,-453773.48840000003
1158000,2361.98,13821.3534,61987.6692,-515350.9439,-437179.9413,-453363.2747
1159000,2360.6602,13732.9891,61622.3428,-515352.5151,-437636.52300000004,-453730.17230000003
1160000,2338.9319,13798.7727,61868.3827,-515498.354,-437492.2667,-453629.9713
1161000,2318.6462,13733.0129,62185.69,-515579.7731,-437342.424,-453394.0831
1162000,2364.6796,13789.3403,62333.3556,-516346.3058,-437858.9303,-454012.95019999996
1163000,2352.0662,13771.6606,62617.4929,-516306.3509,-437565.1312,-453688.858
1164000,2357.8671,13819.0119,62202.1464,-515711.9117,-437332.8863,-453509.76529999997
1165000,2363.4426,13598.0306,61743.1352,-514606.4216,-436901.8132,-452863.2864
1166000,2339.952,13761.2516,62023.2354,-515531.2488,-437406.8098,-453508.0134
1167000,2331.7824,13713.4526,61657.9457,-514374.3782,-436671.1975,-452716.4325
1168000,2286.27,13734.6274,61844.366,-515790.0454,-437924.782,-453945.6794
1169000,2386.1247,13804.3055,62297.0386,-515281.214,-436793.7452,-452984.17539999995
1170000,2379.2278,13780.4917,61807.3603,-515109.07,-437141.9902,-453301.7097
1171000,2338.4432,13751.5381,61937.3221,-514868.3324,-436841.029,-452931.0103
1172000,2331.445,13739.877,61682.5726,-514485.8043,-436731.9097,-452803.2317
1173000,2374.7245,13754.2763,62470.8341,-516307.9741,-437708.1392,-453837.14
1174000,2354.4948,13745.8327,61957.9287,-515865.7321,-437807.4759,-453907.80340000003
1175000,2325.6062,13745.4224,62033.1536,-516113.1219,-438008.93970000005,-454079.9683
1176000,2353.0424,13632.3104,62100.3891,-516079.6609,-437993.919,-453979.2718
1177000,2358.9779,13803.6716,62414.0652,-516262.5339,-437685.81919999997,-453848.46869999997
1178000,2357.9031,13696.1955,61846.5447,-515662.5414,-437761.8981,-453815.9967
1179000,2326.1013,13779.1176,62459.5389,-516844.1083,-438279.35050000006,-454384.56940000004
1180000,2389.4095,13761.8572,61743.5987,-515295.7829,-437400.9175,-453552.1842
1181000,2350.7387,13788.4417,61657.7067,-514704.579,-436907.69190000003,-453046.87230000005
1182000,2344.2555,13727.6203,61711.5506,-514775.6841,-436992.2577,-453064.1335
1183000,2368.787,13789.4908,62412.0719,-516125.0178,-437554.66809999995,-453712.9459
1184000,2342.742,13705.4819,62545.0109,-515955.2238,-437361.98899999994,-453410.2129
1185000,2370.6241,13766.0531,61880.9433,-515607.414,-437589.7935,-453726.4707
1186000,2397.3134,13938.3618,62245.9516,-516199.7101,-437618.08330000006,-453953.7585
1187000,2355.8117,13607.0882,61911.4539,-515403.347,-437528.9932,-453491.8931
1188000,2340.9063,13774.0812,61316.8697,-514854.7081,-437422.85089999996,-453537.8384
1189000,2332.992,13778.727,61362.2852,-513883.5941,-436409.5899,-452521.3089
1190000,2377.5537,13742.7147,62156.7253,-515565.73,-437288.7363,-453409.0047
1191000,2345.6738,13726.3471,61772.726,-515297.5664,-437452.8195,-453524.8404
1192000,2371.9999,13775.0208,61337.4217,-514377.9149,-436893.4725,-453040.49319999997
1193000,2336.4352,13779.5315,61078.4745,-514099.8126,-436905.3714,-453021.3381
1194000,2326.8989,13778.7868,62494.5362,-516484.5273,-437884.3054,-453989.9911
1195000,2387.5377,13771.8121,62773.2227,-516336.3793,-437403.80679999996,-453563.1566
1196000,2379.6572,13727.8333,61959.4957,-515567.4487,-437500.4625,-453607.953
1197000,2358.8871,13856.5613,62516.5489,-516594.1441,-437862.1468,-454077.5952
1198000,2338.4904,13735.372,61566.3343,-515537.3852,-437897.18850000005,-453971.05090000003
1199000,2350.0825,13795.3082,62082.3874,-515442.9404,-437215.1623,-453360.553
1200000,2357.8579,13883.4713,61590.4525,-515698.991,-437867.2093,-454108.53849999997
1201000,2374.3321,13807.7259,62154.0026,-516043.3377,-437707.27709999995,-453889.33509999997
1202000,2343.2196,13760.9743,62013.0391,-515833.4841,-437716.2511,-453820.445
1203000,2384.9452,13736.2017,62044.9165,-515428.0724,-437262.009,-453383.1559
1204000,2320.0502,13718.687,62115.8572,-515191.3175,-437036.7231,-453075.46030000004
1205000,2374.6432,13805.415,62214.3743,-516075.2285,-437680.79600000003,-453860.8542
1206000,2351.4337,13789.4121,61899.1118,-515318.4072,-437278.44960000005,-453419.2954
1207000,2359.6296,13814.4921,62416.7222,-515771.9655,-437181.1216,-453355.2433
1208000,2328.5042,13712.1037,62017.1562,-515334.3604,-437276.5963,-453317.20420000004
1209000,2370.1906,13752.5178,61847.4946,-515526.1423,-437555.9393,-453678.64770000003
1210000,2334.4868,13784.8016,62135.3602,-515743.7906,-437489.142,-453608.4304
1211000,2345.3561,13751.0492,61344.9868,-514565.3295,-437123.9374,-453220.3427
1212000,2333.5188,13859.2292,61604.8857,-515467.7519,-437670.11819999997,-453862.8662
1213000,2322.7647,13844.0054,62566.9229,-516593.0373,-437859.3443,-454026.1144
1214000,2359.8697,13732.8738,62426.783,-516200.5719,-437681.04539999994,-453773.7889
1215000,2364.6381,13738.1517,61920.0366,-515480.6844,-437457.858,-453560.64780000004
1216000,2334.1788,13789.457,62158.5138,-515048.6079,-436766.4583,-452890.0941
1217000,2346.854,13731.9889,61948.4189,-515041.4548,-437014.193,-453093.0359
1218000,2325.299,13777.5124,61712.1379,-515334.9345,-437519.9852,-453622.7966
1219000,2375.7531,13729.2812,61905.4919,-515544.9894,-437534.4632,-453639.4975
1220000,2345.462,13760.8661,62509.4572,-516625.035,-438009.2497,-454115.57779999997
1221000,2332.9218,13801.0194,61678.9514,-516121.9843,-438309.0917,-454443.0329
1222000,2326.6432,13790.7833,62103.6494,-516014.259,-437793.1831,-453910.6096
1223000,2342.8236,13820.3703,62374.8147,-515657.9501,-437119.9415,-453283.1354
1224000,2346.88,13750.8502,61687.9281,-515292.451,-437506.7927,-453604.5229
1225000,2343.1832,13812.766,61802.0192,-515571.7781,-437613.8097,-453769.7589
1226000,2340.8603,13726.3463,62203.9212,-516241.5305,-437970.4027,-454037.6093
1227000,2348.758,13738.2241,61435.1762,-515146.9872,-437624.82889999996,-453711.811
1228000,2378.0451,13802.0829,61241.8095,-515247.7786,-437825.8411,-454005.9691
1229000,2331.6814,13802.3439,61740.7547,-515511.1086,-437636.3286,-453770.3539
1230000,2354.0727,13796.0602,61959.5391,-515456.0304,-437346.35839999997,-453496.4913
1231000,2341.3079,13801.019,62202.5895,-516363.5586,-438018.6422,-454160.9691
1232000,2386.44,13768.7508,61730.7801,-515458.5182,-437572.5473,-453727.73809999996
1233000,2344.9864,13747.5587,62104.7197,-516138.224,-437940.9592,-454033.5043
1234000,2348.9524,13838.9223,62013.0875,-515589.4937,-437388.5315,-453576.40619999997
1235000,2384.8638,13752.7443,62252.1781,-516382.5486,-437992.7624,-454130.37049999996
1236000,2361.434,13743.5263,61876.4553,-515465.8267,-437484.41109999997,-453589.37139999995
1237000,2353.1482,13768.4877,61955.3264,-516298.276,-438221.3137,-454342.9496
1238000,2371.0872,13817.9301,61927.6428,-515307.2559,-437190.5958,-453379.61309999996
1239000,2348.0896,13781.2903,62355.7302,-515347.8505,-436862.7404,-452992.1203
1240000,2374.818,13708.3672,62228.1352,-515708.0592,-437396.73880000005,-453479.924
1241000,2381.3948,13719.9168,62044.5747,-515677.8593,-437531.973,-453633.2846
1242000,2370.9339,13767.9149,61908.3352,-514706.1349,-436658.9509,-452797.7997
1243000,2383.3903,13811.0523,62147.0668,-515721.4644,-437379.955,-453574.3976
1244000,2401.2169,13833.4519,62159.2235,-516087.2595,-437693.3672,-453928.03599999996
1245000,2345.8914,13774.6752,61784.7701,-516297.3347,-438391.998,-454512.5646
1246000,2337.5635,13773.2328,62191.4694,-515752.6852,-437450.4195,-453561.2158
1247000,2360.1867,13825.0198,62223.4082,-516305.995,-437897.38029999996,-454082.5868
1248000,2356.9787,13877.3586,61909.1581,-515967.1308,-437823.63539999997,-454057.9727
1249000,2352.3547,13765.6114,62337.6863,-516261.0825,-437805.4301,-453923.3962
1250000,2347.6664,13732.6397,61669.1074,-514936.557,-437187.1435,-453267.4496
1251000,2371.8842,13821.6893,61821.3076,-515120.1133,-437105.2322,-453298.8057
1252000,2330.4446,13799.9537,61738.3381,-515578.0125,-437709.2761,-453839.6744
1253000,2367.3618,13777.3145,62065.8982,-516344.1279,-438133.55340000003,-454278.2297
1254000,2356.6375,13778.9429,62658.8107,-516657.9214,-437863.5303,-453999.11069999996
1255000,2371.3633,13726.8081,62486.7871,-515074.6238,-436489.6653,-452587.8367
1256000,2357.1156,13779.2203,61896.3762,-515837.7212,-437805.0091,-453941.34500000003
1257000,2375.5488,13804.7354,62941.9405,-517117.6693,-437995.44460000005,-454175.72880000004
1258000,2335.5227,13773.8506,62500.6778,-516605.0361,-437994.98500000004,-454104.3583
1259000,2362.3119,13809.2707,62118.5791,-515758.4015,-437468.2398,-453639.82239999995
1260000,2346.3602,13737.6002,61967.7977,-515145.9422,-437094.18409999995,-453178.1445
1261000,2397.3727,13788.0002,62222.7855,-515452.2993,-437044.1409,-453229.5138
1262000,2370.4648,13830.1996,62200.3583,-516575.5575,-438174.5348,-454375.1992
1263000,2361.9428,13743.6999,61798.8232,-515147.8895,-437243.4236,-453349.0663
1264000,2350.0666,13709.1928,62117.3101,-515858.8274,-437682.2579,-453741.5173
1265000,2353.1631,13794.6569,62126.4537,-515799.6172,-437525.34349999996,-453673.16349999997
1266000,2352.8195,13750.9745,62019.8369,-515416.1129,-437292.482,-453396.276
1267000,2388.6847,13882.9706,62804.5916,-517238.0442,-438161.7973,-454433.4526
1268000,2362.9057,13772.2233,61929.4989,-515217.336,-437152.70810000005,-453287.8371
1269000,2381.7257,13832.9236,61773.1799,-515562.3524,-437574.52319999994,-453789.1725
1270000,2339.6694,13710.2601,62503.7875,-516222.7239,-437669.0069,-453718.9364
1271000,2365.7322,13779.0573,61888.7729,-515192.4108,-437158.8484,-453303.63790000003
1272000,2335.8202,13707.6326,62089.2754,-515738.4156,-437605.6874,-453649.1402
1273000,2352.7205,13765.9528,62179.4932,-515953.6543,-437655.4878,-453774.1611
1274000,2351.7642,13794.2382,61213.3446,-514436.3934,-437077.0464,-453223.0488
1275000,2336.9703,13658.3362,61529.0134,-514989.6737,-437465.3538,-453460.6603
1276000,2346.5326,13766.3607,62529.0041,-516769.0674,-438127.17,-454240.0633
1277000,2359.6666,13752.3606,61518.3189,-515589.6676,-437959.32149999996,-454071.3487
1278000,2371.4179,13736.8902,61844.7891,-515432.1196,-437479.02239999996,-453587.3305
1279000,2334.3813,13791.2385,62205.8744,-515927.1215,-437595.6273,-453721.24710000004
1280000,2369.4644,13878.9308,62153.6126,-516511.7613,-438109.7535,-454358.1487
1281000,2334.7804,13809.5397,62629.8943,-516831.6001,-438057.3857,-454201.7058
1282000,2336.2123,13728.3799,62134.1374,-515947.4716,-437748.74199999997,-453813.3342
1283000,2363.0803,13886.2232,61634.7898,-514996.3987,-437112.3054,-453361.6089
1284000,2325.1,13804.9134,62037.1838,-515536.4152,-437369.218,-453499.2314
1285000,2383.93,13802.1449,61874.4589,-515361.903,-437301.36919999996,-453487.44409999996
1286000,2363.6324,13753.8557,62311.3294,-516026.3724,-437597.5549,-453715.043
1287000,2353.458,13779.159,61750.4339,-515348.0901,-437465.0392,-453597.65619999997
1288000,2297.787,13670.4455,62167.2191,-515353.8851,-437218.43350000004,-453186.666
1289000,2379.2979,13727.3211,61892.1462,-515548.1032,-437549.338,-453655.957
1290000,2347.0503,13810.1492,62388.5879,-516677.1452,-438131.3578,-454288.55730000004
1291000,2356.382,13741.4013,61806.6775,-515961.6406,-438057.1798,-454154.9631
1292000,2360.5538,13857.089,62040.432,-516282.426,-438024.3512,-454241.99399999995
1293000,2377.3832,13690.8331,61999.4023,-515876.274,-437808.6554,-453876.87169999996
1294000,2373.5247,13710.0758,62114.1468,-516076.2603,-437878.51300000004,-453962.11350000004
1295000,2339.2462,13742.4944,61908.6395,-515239.7349,-437249.3548,-453331.0954
1296000,2324.0363,13846.4802,61749.0196,-515350.3961,-437430.86,-453601.3765
1297000,2365.3755,13824.5582,61945.8083,-515511.8516,-437376.10959999997,-453566.0433
1298000,2370.1215,13757.7648,61715.8816,-515388.6564,-437544.8885,-453672.77479999996
1299000,2349.259,13875.8164,62253.9948,-515618.5453,-437139.4751,-453364.5505
1300000,2341.3463,13796.1964,62014.1059,-515172.0039,-437020.3553,-453157.898
1301000,2372.5458,13740.2249,62014.5323,-515955.2313,-437827.92829999997,-453940.69899999996
1302000,2358.7688,13790.1235,61875.6259,-515369.1722,-437344.654,-453493.5463
1303000,2332.5011,13775.5527,61906.8673,-515426.1359,-437411.2148,-453519.2686
1304000,2343.5421,13798.5884,62032.5122,-516172.544,-437997.9013,-454140.0318
1305000,2328.3048,13723.995,62202.3249,-516057.6368,-437803.0121,-453855.3119
1306000,2342.3429,13729.4992,62072.3575,-516033.5289,-437889.3293,-453961.1714
1307000,2374.3757,13813.0853,62238.7991,-516163.0522,-437736.79209999996,-453924.2531
1308000,2342.6079,13885.5666,61683.9501,-515567.7515,-437655.62690000003,-453883.8014
1309000,2344.8745,13880.797,62026.8344,-516129.3512,-437876.8453,-454102.5168
1310000,2362.0981,13702.7904,62257.2916,-516061.6287,-437739.4486,-453804.3371
1311000,2326.0346,13762.0747,61793.4824,-514829.6684,-436948.07670000003,-453036.18600000005
1312000,2311.4368,13774.1344,61981.2403,-514993.1367,-436926.32519999996,-453011.89639999997
1313000,2355.7107,13914.3724,61934.8677,-515594.7563,-437389.8055,-453659.8886
1314000,2392.1422,13862.1061,61960.6515,-515427.3134,-437212.41359999997,-453466.6619
1315000,2362.0056,13696.6565,62047.4563,-515702.7729,-437596.6545,-453655.31659999996
1316000,2334.5481,13772.5455,62146.6033,-516316.7963,-438063.09939999995,-454170.19299999997
1317000,2368.0896,13759.2736,61992.7042,-514903.9323,-436783.8649,-452911.2281
1318000,2353.0831,13867.8983,62123.2498,-515911.4316,-437567.20040000003,-453788.1818
1319000,2345.9564,13834.6385,62212.4858,-515556.2717,-437163.191,-453343.78589999996
1320000,2373.9463,13820.4975,61737.5398,-516110.5708,-438178.5872,-454373.03099999996
1321000,2370.753,13801.3176,62328.7188,-515718.0921,-437217.3027,-453389.3733
1322000,2347.8798,13870.0179,62393.5529,-516282.1088,-437670.65819999995,-453888.5559
1323000,2353.3143,13752.6196,61863.1822,-515456.4268,-437487.31070000003,-453593.24460000003
1324000,2381.4139,13729.8599,62049.5397,-516116.6664,-437955.8529,-454067.12669999996
1325000,2365.0438,13821.6365,62168.3042,-516247.8917,-437892.9072,-454079.58749999997
1326000,2338.4202,13825.5457,61610.077,-515331.182,-437557.1391,-453721.105
1327000,2365.733,13722.0406,61835.7277,-515883.5789,-437960.0776,-454047.85120000003
1328000,2318.3031,13736.7212,62415.8186,-516148.6112,-437677.7683,-453732.7926
1329000,2372.8946,13856.1186,61526.0262,-515431.7182,-437676.6788,-453905.692
1330000,2360.4224,13767.1372,62106.7914,-515928.1908,-437693.83979999996,-453821.3994
1331000,2301.6392,13702.7852,62096.8378,-516126.6946,-438025.4324,-454029.8568
1332000,2387.6946,13800.943,61351.1521,-515362.7068,-437822.91709999996,-454011.5547
1333000,2372.3141,13803.3535,62195.8828,-516105.0113,-437733.4609,-453909.1285
1334000,2369.4918,13704.3774,62134.6934,-515892.0736,-437683.511,-453757.3802
1335000,2358.2818,13804.7067,62601.2743,-516602.6715,-437838.4087,-454001.3972
1336000,2347.4828,13717.7588,62216.2182,-516314.1921,-438032.7323,-454097.9739
1337000,2352.5064,13837.1507,61702.2662,-515468.0914,-437576.1681,-453765.82519999996
1338000,2331.6627,13773.4806,62467.0415,-516476.6848,-437904.5,-454009.6433
1339000,2380.8964,13866.514,62195.8988,-515717.7716,-437274.46239999996,-453521.87279999995
1340000,2342.9307,13695.7907,62214.2298,-515751.7179,-437498.7667,-453537.48809999996
1341000,2363.283,13797.5706,61731.9074,-515495.9737,-437603.2127,-453764.06629999995
1342000,2372.3946,13781.9664,61079.9767,-515018.6153,-437784.27760000003,-453938.6386
1343000,2373.1856,13744.8706,62861.4707,-516475.062,-437495.5351,-453613.5913
1344000,2349.912,13685.8113,62063.2314,-515396.7919,-437297.8372,-453333.5605
1345000,2355.3905,13664.6488,62353.9145,-516255.4409,-437881.48709999997,-453901.5264
1346000,2347.7427,13748.562,62453.3098,-516728.864,-438179.24950000003,-454275.5542
1347000,2333.0639,13782.9773,62204.8106,-515812.3694,-437491.5176,-453607.5588
1348000,2326.4171,13823.566,62258.1689,-516033.6075,-437625.4555,-453775.4386
1349000,2369.2526,13788.3389,62148.1665,-515698.4058,-437392.64780000004,-453550.2393
1350000,2332.7426,13809.0099,62303.7099,-516058.0586,-437612.59619999997,-453754.3487
1351000,2364.3258,13799.5831,61728.7977,-515666.4502,-437773.74360000005,-453937.6525
1352000,2364.0258,13765.5111,61750.7289,-515403.1705,-437522.9047,-453652.4416
1353000,2352.1126,13830.0609,61791.082,-515458.3931,-437485.1376,-453667.3111
1354000,2376.0104,13813.9179,62254.6731,-516089.3854,-437644.78400000004,-453834.7123
1355000,2382.3471,13762.4642,62363.2103,-515881.0652,-437373.0436,-453517.85490000003
1356000,2353.4191,13733.1163,61729.6058,-514955.1329,-437138.9917,-453225.5271
1357000,2355.6768,13787.15,62041.1161,-515398.074,-437214.1311,-453356.95790000004
1358000,2340.9392,13822.0859,62052.5953,-515518.9986,-437303.3782,-453466.4033
1359000,2370.6283,13854.377,62338.3172,-516315.6639,-437752.3414,-453977.3467
1360000,2359.6807,13789.2828,61924.7296,-515320.4547,-437246.76159999997,-453395.7251
1361000,2351.0313,13821.3017,62335.317,-516581.0573,-438073.40729999996,-454245.7403
1362000,2354.205,13621.1978,61988.932,-514744.2934,-436779.9586,-452755.36140000005
1363000,2326.475,13693.7114,62600.9861,-515750.782,-437129.6095,-453149.7959
1364000,2320.9889,13671.0816,62504.7181,-515965.29,-437468.50139999995,-453460.5719
1365000,2334.4199,13862.3088,62527.2398,-516502.7779,-437778.80939999997,-453975.5381
1366000,2333.5534,13744.0496,61307.9924,-515180.6157,-437795.02030000003,-453872.62330000004
1367000,2369.7904,13798.6378,62413.2429,-515581.5948,-436999.92370000004,-453168.3519
1368000,2357.7849,13728.6159,62090.066,-515733.9614,-437557.4946,-453643.8954
1369000,2395.1632,13786.1252,62223.2126,-515245.7838,-436841.2828,-453022.5712
1370000,2353.2258,13822.4858,62458.6389,-516299.7387,-437665.3882,-453841.09979999997
1371000,2330.6443,13743.1001,61656.6026,-515115.5751,-437385.2281,-453458.97250000003
1372000,2361.6468,13772.2256,62284.8974,-516301.5634,-437882.7936,-454016.66599999997
1373000,2360.9224,13785.6594,61995.9839,-516033.8031,-437891.2374,-454037.8192
1374000,2336.9999,13805.9973,61767.7068,-515265.148,-437354.444,-453497.4412
1375000,2350.3613,13639.6947,61833.6241,-515591.5023,-437767.8222,-453757.8782
1376000,2363.1653,13746.5994,62409.835,-515897.6041,-437378.0044,-453487.7691
1377000,2336.9095,13875.0479,62266.5162,-515812.5492,-437334.0756,-453546.033
1378000,2347.3678,13843.6255,62480.8119,-515772.2885,-437100.4833,-453291.47660000005
1379000,2352.6879,13779.7907,61792.6004,-515622.7723,-437697.69330000004,-453830.1719
1380000,2346.8951,13798.5902,62004.6414,-515660.4398,-437510.3131,-453655.79839999997
1381000,2391.2634,13732.5364,62012.5633,-515372.7405,-437236.3774,-453360.17720000003
1382000,2355.2061,13742.2199,62228.2947,-515893.3439,-437567.6232,-453665.0492
1383000,2361.2165,13723.1027,62177.951,-515810.3139,-437548.04370000004,-453632.3629
1384000,2338.3251,13799.6061,61519.3452,-515142.3588,-437485.08239999996,-453623.0136
1385000,2329.5711,13792.1403,62469.1341,-516077.119,-437486.2735,-453607.9849
1386000,2377.4131,13665.4124,61862.1178,-514962.171,-437057.2277,-453100.05319999997
1387000,2344.6629,13709.5903,62125.4997,-515925.3873,-437745.6344,-453799.8876
1388000,2376.7053,13765.4484,61594.9351,-515550.8223,-437813.7335,-453955.8872
1389000,2352.5329,13833.7999,61970.5243,-515972.208,-437815.35089999996,-454001.6837
1390000,2360.904,13768.9674,61700.6664,-515139.6108,-437309.07300000003,-453438.94440000004
1391000,2343.0239,13707.8177,62198.0403,-515964.4678,-437715.58589999995,-453766.4275
1392000,2339.7221,13703.2492,61212.6488,-514617.1755,-437361.5554,-453404.5267
1393000,2370.4216,13753.9857,61831.6856,-515204.8862,-437248.7933,-453373.2006
1394000,2395.1426,13714.1177,61766.2946,-515359.7638,-437484.2089,-453593.4692
1395000,2348.0627,13769.7842,62450.8612,-516306.9239,-437738.2158,-453856.0627
1396000,2338.8466,13860.9273,61647.5794,-514653.3609,-436806.0076,-453005.78150000004
1397000,2354.631,13666.6178,61625.8477,-514795.8,-437148.7035,-453169.9523
1398000,2373.136,13742.482,61587.5518,-514974.0958,-437270.926,-453386.544
1399000,2345.9926,13804.332,62339.4631,-515814.5105,-437324.7228,-453475.0474
1400000,2361.2269,13785.8696,62202.6496,-516335.5077,-437985.7616,-454132.8581
1401000,2342.0803,13737.1676,62081.1968,-515468.0275,-437307.58280000003,-453386.83070000005
1402000,2385.6667,13775.2243,62282.6975,-515579.5483,-437135.9598,-453296.8508
1403000,2382.6589,13850.5527,62420.0314,-516858.2881,-438205.0451,-454438.2567
1404000,2342.3991,13861.4202,62856.1578,-516680.8788,-437620.9017,-453824.721
1405000,2337.5769,13777.1227,62252.4495,-516004.0721,-437636.92299999995,-453751.6226
1406000,2359.4113,13811.1826,61813.1854,-515732.131,-437748.3517,-453918.9456
1407000,2334.2227,13810.8537,61813.3888,-515944.9047,-437986.4395,-454131.5159
1408000,2349.9271,13786.9704,62557.2151,-516873.9671,-438179.8545,-454316.752
1409000,2384.6179,13804.3553,62431.4365,-515882.4875,-437262.07779999997,-453451.051
1410000,2356.1963,13743.9029,62432.6947,-516537.986,-438005.1921,-454105.2913
1411000,2348.6342,13756.5222,61383.8616,-514730.545,-437241.527,-453346.6834
1412000,2351.2505,13782.1777,62664.5118,-516739.7082,-437941.7682,-454075.1964
1413000,2377.6459,13728.4975,62495.7701,-516872.3833,-438270.46979999996,-454376.61319999996
1414000,2354.993,13851.782,62045.6386,-516079.9394,-437827.52579999994,-454034.30079999997
1415000,2364.8857,13678.6658,62024.0187,-516321.998,-438254.4278,-454297.9793
1416000,2363.2347,13774.8527,61763.0838,-516029.4339,-438128.2627,-454266.3501
1417000,2333.9222,13758.285,61753.5197,-515968.5567,-438122.8298,-454215.037
1418000,2380.5342,13801.0274,61652.4678,-515133.4624,-437299.433,-453480.99460000003
1419000,2337.5265,13760.222,61663.4359,-515266.1694,-437504.985,-453602.73350000003
1420000,2354.4885,13754.645,62437.3725,-517097.916,-438551.41000000003,-454660.5435
1421000,2337.3402,13754.3016,61644.5358,-515153.1509,-437416.9733,-453508.6151
1422000,2375.5809,13844.0858,62399.8861,-517165.3361,-438545.7833,-454765.45
1423000,2352.2957,13737.0446,62155.7326,-515804.0371,-437558.96420000005,-453648.3045
1424000,2343.1935,13640.7497,62106.4073,-515422.3464,-437331.9959,-453315.93909999996
1425000,2343.2887,13789.7903,62386.622,-515150.3387,-436630.6377,-452763.7167
1426000,2348.8502,13751.0638,61796.3082,-515106.1888,-437209.9666,-453309.88060000003
1427000,2369.6793,13746.5602,62246.7055,-516386.0634,-438023.1184,-454139.3579
1428000,2332.8732,13790.6842,62433.5627,-516952.2009,-438395.0808,-454518.6382
1429000,2354.4632,13787.0878,62069.2801,-515254.8027,-437043.9716,-453185.5226
1430000,2379.9687,13756.355,62364.2114,-515941.4496,-437440.9145,-453577.2382
1431000,2361.1596,13781.3513,62066.8949,-515960.5526,-437751.1468,-453893.6577
1432000,2358.6974,13823.0772,61714.2888,-515524.2475,-437628.1841,-453809.9587
1433000,2355.4566,13772.4193,62024.3013,-515822.2133,-437670.0361,-453797.912
1434000,2358.5291,13718.5646,62301.2266,-516099.4127,-437721.09239999996,-453798.1861
1435000,2389.2842,13787.8414,62138.5633,-515949.1748,-437633.48589999997,-453810.6115
1436000,2356.651,13693.1244,62544.4982,-516294.5582,-437700.2846,-453750.06000000006
1437000,2355.4023,13812.2627,62337.0938,-516340.53,-437835.7712,-454003.4362
1438000,2362.6103,13673.0057,62035.4649,-515454.0291,-437382.9482,-453418.56419999996
1439000,2338.4632,13869.026,62245.7945,-515875.393,-437422.1093,-453629.59849999996
1440000,2370.1739,13792.2308,62104.3542,-516116.2403,-437849.4814,-454011.8861
1441000,2377.3346,13815.7082,62359.8114,-516223.3316,-437670.4774,-453863.52019999997
1442000,2350.0658,13749.2542,62205.3759,-515628.1724,-437323.4765,-453422.7965
1443000,2359.5819,13684.4549,62128.4007,-515781.9048,-437609.4673,-453653.5041
1444000,2375.5913,13773.2212,62308.7401,-516139.0637,-437681.5111,-453830.3236
1445000,2351.1625,13749.1903,61779.878,-515275.3858,-437395.155,-453495.5078
1446000,2370.5122,13729.6952,61881.3677,-515040.8197,-437059.2446,-453159.452
1447000,2373.9215,13823.2531,62075.6019,-516044.7619,-437771.9854,-453969.16
1448000,2339.806,13821.6611,61968.4528,-515381.3004,-437251.3805,-453412.8476
1449000,2352.9246,13776.1712,61831.5851,-515682.5193,-437721.8384,-453850.9342
1450000,2363.7255,13613.2068,61914.0255,-515919.3147,-438028.3569,-454005.2892
1451000,2334.5059,13716.6344,61563.1558,-515161.7289,-437547.43279999995,-453598.5731
1452000,2371.7995,13776.9529,62246.8736,-515660.5731,-437264.9471,-453413.6995
1453000,2353.8628,13763.4837,62161.6478,-515927.3095,-437648.31519999995,-453765.6617
1454000,2382.4833,13716.6658,62011.0759,-515746.8999,-437636.6749,-453735.824
1455000,2343.3356,13647.7947,61541.0135,-515057.2026,-437525.0588,-453516.1891
1456000,2366.7583,13744.1619,62979.624,-517259.9719,-438169.4277,-454280.3479
1457000,2340.275,13798.2597,61764.6151,-515490.0738,-437586.924,-453725.4587
1458000,2345.038,13725.0984,62107.1466,-516230.0654,-438052.7824,-454122.91880000004
1459000,2321.7194,13716.0809,62269.0637,-515447.708,-437140.844,-453178.6443
1460000,2362.5448,13764.8248,62200.1814,-516193.7516,-437866.2006,-453993.5702
1461000,2359.4019,13737.1651,61907.6255,-515042.5639,-437038.3714,-453134.9384
1462000,2355.188,13727.3226,61802.0996,-515417.9114,-437533.3012,-453615.81179999997
1463000,2357.1987,13757.3764,62097.8304,-515883.6851,-437671.2796,-453785.8547
1464000,2374.2467,13818.4227,62140.9083,-515892.8533,-437559.27560000005,-453751.945
1465000,2346.5848,13712.8315,62130.674,-515541.9499,-437351.8596,-453411.2759
1466000,2359.572,13723.6191,61822.1124,-515466.075,-437560.77150000003,-453643.9626
1467000,2341.8096,13703.6484,61454.2839,-514580.4033,-437080.6614,-453126.1194
1468000,2324.1,13683.193,62015.7339,-515101.1809,-437078.154,-453085.447
1469000,2330.0638,13741.7947,62166.4251,-515296.8542,-437058.5706,-453130.4291
1470000,2358.5446,13790.6204,61466.2259,-515279.996,-437664.6051,-453813.77009999997
1471000,2389.792,13771.1339,62703.2412,-516869.0608,-438004.8937,-454165.8196
1472000,2352.5443,13723.5854,61646.4051,-514921.8041,-437199.2693,-453275.399
1473000,2366.5846,13820.8897,62195.8908,-516318.9121,-437935.547,-454123.0213
1474000,2353.7969,13820.1638,62402.2729,-516619.354,-438043.1204,-454217.0811
1475000,2353.6347,13776.0007,62311.6466,-516006.2292,-437564.9472,-453694.5826
1476000,2331.4778,13718.7696,61995.2123,-515848.6032,-437803.1435,-453853.3909
1477000,2372.5482,13803.5178,61728.7784,-515405.0767,-437500.2323,-453676.29829999997
1478000,2355.8751,13822.8031,61905.7176,-515319.3984,-437235.0026,-453413.6808
1479000,2340.1135,13812.1866,62248.6249,-516327.6941,-437926.76910000003,-454079.0692
1480000,2376.2704,13805.0357,62057.6069,-515943.1941,-437704.2811,-453885.5872
1481000,2366.8768,13838.6188,61856.3453,-515389.3091,-437327.4682,-453532.9638
1482000,2394.1105,13781.3751,62294.1984,-516421.6949,-437952.0109,-454127.4965
1483000,2367.6807,13747.7171,61672.4489,-515153.1256,-437365.27890000003,-453480.6767
1484000,2362.0143,13808.9626,62045.0714,-516132.2953,-437916.247,-454087.2239
1485000,2375.6324,13810.6187,61650.9779,-515192.4603,-437355.2313,-453541.4824
1486000,2353.0958,13804.5637,62261.6262,-516482.6314,-438063.3457,-454221.0052
1487000,2328.7167,13724.7575,61515.5899,-515369.5404,-437800.4763,-453853.9505
1488000,2331.0913,13690.873,62074.6028,-515531.9319,-437435.36480000004,-453457.32910000003
1489000,2371.0789,13869.3461,62653.3399,-517389.4585,-438495.6936,-454736.1186
1490000,2346.5001,13742.1242,62502.4099,-516105.8791,-437514.8449,-453603.46920000005
1491000,2364.0363,13787.3615,62334.4642,-516280.2594,-437794.39739999996,-453945.7952
1492000,2378.4718,13717.2722,61572.1798,-515189.9345,-437522.0107,-453617.7547
1493000,2356.6059,13843.0768,62273.9197,-516255.9196,-437782.31720000005,-453981.99990000005
1494000,2354.8091,13808.3729,61814.7425,-515393.3277,-437415.40320000006,-453578.58520000003
1495000,2346.3386,13696.8621,62649.472,-516312.5156,-437619.8429,-453663.0436
1496000,2373.3473,13837.8922,62434.8876,-516595.9367,-437949.80960000004,-454161.0491
1497000,2360.0407,13796.9285,62252.2212,-515274.7287,-436865.5383,-453022.50749999995
1498000,2372.2305,13774.6184,62810.918,-516529.4355,-437571.66860000003,-453718.5175
1499000,2331.8375,13681.1424,62149.309,-516113.6121,-437951.32320000004,-453964.3031
1500000,2402.6663,13800.6301,62211.1206,-515910.1802,-437495.7632,-453699.0596
1501000,2359.8033,13806.6044,61949.6354,-515390.1558,-437274.1127,-453440.52040000004
1502000,2346.3569,13726.702,61941.0272,-515357.0797,-437342.9936,-453416.0525
1503000,2380.0569,13694.8257,62418.4854,-515703.6715,-437210.3035,-453285.1861
1504000,2368.5597,13729.2583,61948.9538,-515567.5619,-437520.7901,-453618.60809999995
1505000,2307.6189,13690.542,61722.5924,-515198.956,-437478.2027,-453476.3636
1506000,2374.5524,13928.8677,62386.4235,-516068.7088,-437378.8652,-453682.28530000005
1507000,2351.3427,13740.2505,61602.7074,-514569.2493,-436874.9487,-452966.5419
1508000,2349.0389,13829.9464,62339.6328,-516350.5195,-437831.9014,-454010.8867
1509000,2363.9465,13801.1727,61586.4598,-514974.3058,-437222.72679999995,-453387.84599999996
1510000,2370.2482,13721.2046,62271.5327,-515654.5969,-437291.6114,-453383.0642
1511000,2351.7965,13716.6545,61665.332,-515364.2758,-437630.4928,-453698.9438
1512000,2368.3877,13854.6163,61392.3297,-515300.3465,-437685.01279999997,-453908.0168
1513000,2343.5676,13719.1843,62207.2369,-515604.6405,-437334.6517,-453397.40359999996
1514000,2370.0904,13773.7309,61895.6513,-515496.5171,-437457.0445,-453600.8658
1515000,2350.2299,13717.9562,62074.737,-514449.4331,-436306.51,-452374.6961
1516000,2337.6009,13691.6289,62209.3546,-515758.0459,-437519.46150000003,-453548.6913
1517000,2377.1951,13775.453,62365.5831,-515382.5216,-436864.29039999994,-453016.9385
1518000,2356.5673,13832.1209,62033.2662,-515626.1547,-437404.2003,-453592.8885
1519000,2368.5887,13822.0458,61537.0784,-514601.4356,-436873.72270000004,-453064.3572
1520000,2345.8461,13789.4476,62072.2327,-515175.6493,-436968.12289999996,-453103.4166
1521000,2375.0831,13702.2556,62220.9499,-515690.8409,-437392.5523,-453469.891
1522000,2395.9375,13793.3575,62238.666,-516041.149,-437613.18799999997,-453802.483
1523000,2364.234,13690.467,62534.1632,-516074.8084,-437485.94419999997,-453540.64519999997
1524000,2323.9561,13753.0053,62083.3585,-515796.2797,-437635.9598,-453712.9212
1525000,2336.3152,13753.8887,62214.4829,-516125.2685,-437820.5817,-453910.7856
1526000,2338.6808,13756.094,62334.3307,-516513.1048,-438083.99929999997,-454178.7741
1527000,2354.7121,13868.0196,62446.4488,-515978.9055,-437309.725,-453532.4567
1528000,2404.8072,13864.1195,62110.1367,-515760.0527,-437380.9893,-453649.91599999997
1529000,2362.2601,13689.7614,61950.8901,-515228.6196,-437225.708,-453277.72949999996
1530000,2327.4713,13678.3498,61857.5527,-515342.5623,-437479.1885,-453485.0096
1531000,2365.5467,13796.5355,62090.2753,-515894.6412,-437642.2837,-453804.36590000003
1532000,2370.7606,13653.7491,62118.5286,-515401.8648,-437258.82649999997,-453283.33619999996
1533000,2379.7317,13769.6892,62352.6206,-515456.2838,-436954.2423,-453103.66319999995
1534000,2383.636,13732.6209,61713.161,-515641.0245,-437811.6066,-453927.8635
1535000,2368.5207,13758.1775,62133.6118,-515771.5737,-437511.2637,-453637.9619
1536000,2371.0871,13858.5986,62196.0606,-515859.2057,-437433.4594,-453663.14509999997
1537000,2335.0101,13695.0971,61958.7307,-515206.4774,-437217.6395,-453247.74669999996
1538000,2358.5064,13810.6356,62184.2975,-515737.9213,-437384.48179999995,-453553.6238
1539000,2334.2119,13747.5168,61946.5008,-515676.5274,-437648.2979,-453730.02660000004
1540000,2330.2512,13740.982,61805.1988,-515465.5812,-437589.1492,-453660.3824
1541000,2357.7677,13721.457,61872.7583,-516086.7405,-438134.7575,-454213.9822
1542000,2335.6029,13776.279,61981.3892,-515754.1868,-437660.9157,-453772.79760000005
1543000,2356.5502,13714.5781,62561.2848,-516146.3324,-437513.9193,-453585.0476
1544000,2364.6485,13601.1537,62087.1605,-515547.3032,-437494.34050000005,-453460.1427
1545000,2358.8474,13744.972,61827.68,-515390.7033,-437459.20389999996,-453563.0233
1546000,2332.5171,13792.8524,61668.9522,-515256.9656,-437462.6439,-453588.0134
1547000,2363.0372,13789.5859,61443.1479,-515034.3391,-437438.5681,-453591.1912
1548000,2399.6201,13794.8354,62126.4496,-515989.2322,-437668.3271,-453862.78260000004
1549000,2363.0107,13707.7053,61499.0184,-514838.9693,-437269.2349,-453339.9509
1550000,2363.2899,13770.4805,61460.9275,-514881.8259,-437287.128,-453420.8984
1551000,2327.1404,13852.2818,61817.0749,-515827.4544,-437830.9573,-454010.3795
1552000,2389.4206,13874.2794,61985.2397,-515815.5,-437566.5603,-453830.2603
1553000,2378.3909,13584.2622,61737.3365,-515415.3992,-437715.4096,-453678.0627
1554000,2357.8263,13696.9673,62234.3928,-515750.445,-437461.2586,-453516.05220000003
1555000,2357.164,13800.4173,62053.6098,-515585.8702,-437374.6791,-453532.2604
1556000,2342.6925,13818.08,62131.8584,-515359.0104,-437066.37950000004,-453227.152
1557000,2326.9822,13766.2189,62160.2322,-515557.2081,-437303.7748,-453396.97589999996
1558000,2343.614,13763.0828,61813.7281,-515292.1766,-437371.7517,-453478.4485
1559000,2351.4252,13677.5741,62069.7537,-515435.6974,-437336.94440000004,-453365.9437
1560000,2342.1994,13727.0334,61900.6782,-515727.4942,-437757.5832,-453826.816
1561000,2344.7188,13759.5015,61987.2206,-514884.8258,-436793.3849,-452897.6052
1562000,2363.3373,13819.0918,61494.7388,-515086.1206,-437408.9527,-453591.38180000003
1563000,2383.3749,13771.1279,62129.2721,-515403.0627,-437119.2878,-453273.7906
1564000,2321.6785,13743.3254,61836.492,-515018.7868,-437117.2909,-453182.29480000003
1565000,2314.8081,13642.2518,61847.9745,-514950.4571,-437145.4227,-453102.4826
1566000,2360.4096,13828.0208,61804.465,-515226.7691,-437233.8737,-453422.30409999995
1567000,2385.2326,13742.554,61780.6312,-514612.2404,-436703.8226,-452831.6092
1568000,2314.6048,13729.2174,61669.5405,-514979.0623,-437265.6996,-453309.5218
1569000,2378.3676,13731.5496,61502.9652,-514980.5907,-437367.7083,-453477.6255
1570000,2357.2462,13747.1667,61654.1015,-515238.0776,-437479.56320000003,-453583.9761
1571000,2334.4122,13743.9025,62220.3193,-515528.2244,-437229.5904,-453307.9051
1572000,2361.752,13743.9954,62077.9483,-515627.1314,-437443.43570000003,-453549.1831
1573000,2387.2682,13673.6334,61616.3393,-514443.769,-436766.5281,-452827.4297
1574000,2330.3825,13722.6512,61707.9547,-514719.8118,-436958.8234,-453011.8571
1575000,2351.7985,13653.4514,61793.3502,-514328.0625,-436529.4624,-452534.7123
1576000,2324.2205,13708.7858,62050.3218,-514698.8675,-436615.5394,-452648.5457
1577000,2377.6942,13706.9105,62390.3355,-515518.3582,-437043.418,-453128.02270000003
1578000,2322.7448,13703.0321,62069.9432,-515965.7147,-437869.9946,-453895.77150000003
1579000,2377.5572,13758.2985,61936.3047,-515218.7604,-437146.60000000003,-453282.45570000005
1580000,2374.2241,13827.6474,62056.6814,-515979.6363,-437721.0834,-453922.9549
1581000,2381.9742,13831.9704,61687.1708,-515278.07,-437376.9546,-453590.8992
1582000,2361.9931,13855.8603,61622.8013,-515523.0121,-437682.3574,-453900.2108
1583000,2375.3304,13760.4852,62129.1046,-516480.0873,-438215.1671,-454350.9827
1584000,2354.0288,13676.0806,61327.2177,-515017.2796,-437659.9525,-453690.06190000003
1585000,2339.9078,13733.811,62311.2963,-515776.9022,-437391.8871,-453465.6059
1586000,2367.0372,13762.4495,62552.2659,-516634.8523,-437953.0997,-454082.58640000003
1587000,2306.3636,13711.8162,61998.4424,-515569.2796,-437552.6574,-453570.8372
1588000,2362.347,13680.4295,62346.4638,-516177.5726,-437788.3323,-453831.10880000005
1589000,2372.233,13820.876,61638.0468,-515387.8248,-437556.669,-453749.778
1590000,2332.8252,13746.9768,62080.9652,-515330.0843,-437169.3171,-453249.1191
1591000,2360.5832,13701.4656,62238.471,-515352.5966,-437052.0768,-453114.12559999997
1592000,2333.4785,13792.7103,61654.2781,-514600.7441,-436820.2772,-452946.466
1593000,2335.3553,13752.3813,62252.4953,-515238.8478,-436898.6159,-452986.3525
1594000,2358.1564,13782.8128,61933.8517,-516019.5873,-437944.7664,-454085.7356
1595000,2356.0068,13720.5137,61413.786,-515109.0549,-437618.7484,-453695.26889999997
1596000,2346.4124,13574.3707,62070.2795,-515686.9151,-437695.8525,-453616.6356
1597000,2376.337,13715.7264,62446.42,-515828.7496,-437290.26619999995,-453382.3296
1598000,2383.3625,13766.0979,62072.7843,-515843.6656,-437621.4209,-453770.8813
1599000,2355.5504,13719.5971,62115.7539,-516166.7055,-437975.80409999995,-454050.9516
1600000,2368.417,13702.6214,61656.8434,-514888.7121,-437160.83030000003,-453231.8687
1601000,2352.7928,13746.3382,61400.1614,-514618.6271,-437119.3347,-453218.4657
1602000,2383.3476,13701.2008,61959.0404,-514843.8106,-436800.22180000006,-452884.7702
1603000,2364.8484,13833.0118,62282.3085,-515430.8083,-436950.6396,-453148.4998
1604000,2353.3722,13720.1361,61961.5115,-515664.1059,-437629.0861,-453702.5944
1605000,2351.3834,13721.3466,61893.7678,-515149.8121,-437183.31429999997,-453256.04429999995
1606000,2350.6411,13854.0084,62201.3827,-515345.4583,-436939.4261,-453144.0756
1607000,2365.8734,13762.4088,61830.1062,-515724.2214,-437765.833,-453894.1152
1608000,2383.0531,13737.665,62057.1386,-516023.5691,-437845.7124,-453966.4305
1609000,2368.4832,13730.254,61811.0669,-515844.5407,-437934.7366,-454033.47380000004
1610000,2387.5158,13659.7391,62127.9499,-516516.1898,-438340.985,-454388.2399
1611000,2354.4581,13776.0704,62140.5809,-516407.9428,-438136.8334,-454267.3619
1612000,2366.2321,13749.9565,62113.2785,-516486.4384,-438256.9713,-454373.15989999997
1613000,2334.8757,13641.6235,62359.7419,-516258.1059,-437921.86480000004,-453898.364
1614000,2349.6081,13780.3774,61811.5856,-515580.499,-437638.9279,-453768.9134
1615000,2350.7266,13772.1727,62583.3106,-516409.5963,-437703.38639999996,-453826.2857
1616000,2335.5871,13705.2221,62191.058,-515223.5685,-436991.7013,-453032.5105
1617000,2324.8446,13756.3897,61985.885,-515575.0352,-437507.91589999996,-453589.1502
1618000,2365.6682,13719.6643,62173.5062,-515178.3779,-436919.5392,-453004.8717
1619000,2347.7983,13710.3191,61825.1919,-515305.9992,-437422.6899,-453480.80730000004
1620000,2371.5994,13869.3031,61792.2949,-515021.185,-436987.9876,-453228.8901
1621000,2354.2681,13691.0619,61867.2042,-515276.112,-437363.5778,-453408.90780000004
1622000,2338.7651,13667.4233,62192.6966,-515802.483,-437603.598,-453609.7864
1623000,2332.7527,13748.116,62417.0824,-516123.2206,-437625.2695,-453706.1382
1624000,2369.0365,13763.8223,62330.703,-516204.9704,-437741.40859999997,-453874.2674
1625000,2353.3564,13736.3116,61795.4921,-514804.8395,-436919.6794,-453009.34739999997
1626000,2330.6663,13752.1744,62437.1728,-515992.428,-437472.4145,-453555.2552
1627000,2380.1437,13815.5274,61931.0445,-515071.8511,-436945.13550000003,-453140.8066
1628000,2364.1898,13647.1722,61583.2659,-514621.8636,-437027.23569999996,-453038.5977
1629000,2372.0769,13855.8492,62199.1212,-516315.5819,-437888.5346,-454116.4607
1630000,2345.414,13889.6263,62618.1496,-516347.377,-437494.1871,-453729.2274
1631000,2376.2446,13768.2264,61660.0678,-514770.0459,-436965.50710000005,-453109.9781
1632000,2355.0122,13763.2935,61688.4973,-514984.4361,-437177.6331,-453295.9388
1633000,2366.1122,13710.5891,62425.3374,-516614.6764,-438112.6377,-454189.339
1634000,2372.5121,13833.6538,62149.2409,-516354.6861,-437999.2793,-454205.4452
1635000,2319.9455,13682.6644,62030.2475,-515613.0103,-437580.15290000004,-453582.7628
1636000,2342.6855,13771.0526,62149.0067,-516210.8694,-437948.12460000004,-454061.86270000006
1637000,2356.8674,13675.6669,61723.6603,-514977.9063,-437221.7117,-453254.246
1638000,2360.1284,13693.4391,61438.5736,-515182.5966,-437690.4555,-453744.023
1639000,2388.5754,13802.796,62151.7552,-516286.7857,-437943.6591,-454135.0305
1640000,2312.2726,13664.2277,62459.943,-516187.229,-437750.7857,-453727.28599999996
1641000,2384.856,13810.5876,62225.8282,-515844.883,-437423.6112,-453619.0548
1642000,2347.3754,13725.9788,62328.6501,-515711.5307,-437309.5264,-453382.88060000003
1643000,2368.1212,13670.2134,62703.3345,-516222.1781,-437480.509,-453518.8436
1644000,2368.1183,13763.296,61840.2198,-515805.7097,-437834.0756,-453965.4899
1645000,2365.7507,13697.3962,61782.5569,-515797.2842,-437951.5804,-454014.72729999997
1646000,2390.6213,13855.1349,61374.1779,-514924.6049,-437304.67079999996,-453550.42699999997
1647000,2392.4808,13846.7758,62164.7928,-515698.2352,-437294.1858,-453533.4424
1648000,2356.3567,13822.6008,62217.2352,-515903.1854,-437506.9927,-453685.9502
1649000,2358.3408,13766.751,62249.1685,-515503.0706,-437128.8103,-453253.90209999995
1650000,2342.4305,13681.1032,62203.2525,-515736.0953,-437509.30909999995,-453532.8428
1651000,2396.1271,13794.3032,61751.4954,-514795.1541,-436853.2284,-453043.65869999997
1652000,2369.8166,13730.1664,62149.9177,-515778.0263,-437528.1256,-453628.10860000004
1653000,2348.7112,13714.941,62229.2179,-516888.066,-438595.1959,-454658.8481
1654000,2389.194,13747.526,61460.1223,-515548.2877,-437951.44539999997,-454088.1654
1655000,2372.9664,13763.4562,62211.7994,-516073.8583,-437725.6363,-453862.0589
1656000,2383.2925,13766.9924,61609.3649,-515255.4445,-437495.79469999997,-453646.0796
1657000,2338.5683,13753.8322,61634.7982,-515158.6364,-437431.4377,-453523.8382
1658000,2361.4766,13646.61,61693.5985,-515588.6335,-437886.9484,-453895.035
1659000,2336.2406,13757.0319,61825.0185,-514885.6151,-436967.32409999997,-453060.5966
1660000,2349.9835,13708.1377,61543.8012,-515073.4662,-437471.54380000004,-453529.66500000004
1661000,2359.731,13709.3891,62272.4908,-515756.3507,-437414.7398,-453483.85990000004
1662000,2343.3857,13770.8324,62114.5808,-515945.2596,-437716.4607,-453830.6788
1663000,2344.8611,13728.3926,62174.3905,-516166.45,-437918.80580000003,-453992.05950000003
1664000,2373.1739,13706.9303,61644.3629,-514880.9227,-437156.4556,-453236.5598
1665000,2336.271,13779.4581,62151.9421,-515768.085,-437500.41380000004,-453616.14290000004
1666000,2359.1998,13792.6832,62001.4388,-514930.4509,-436777.1291,-452929.0121
1667000,2399.7022,13804.5838,61866.3922,-515638.2915,-437567.61329999997,-453771.8993
1668000,2406.6899,13742.0738,62056.5583,-515785.3835,-437580.0615,-453728.8252
1669000,2359.4139,13732.2683,62245.7374,-515926.7554,-437589.3358,-453681.01800000004
1670000,2346.8543,13717.7509,62507.6687,-516130.3778,-437558.1039,-453622.70910000004
1671000,2345.9439,13741.5112,62469.6796,-516355.1622,-437798.0275,-453885.4826
1672000,2391.635,13826.3583,62442.0404,-516135.6015,-437475.56779999996,-453693.5611
1673000,2363.8632,13781.021,61562.523,-514562.4074,-436855.0002,-452999.88440000004
1674000,2356.1182,13768.8404,61792.5099,-514843.3396,-436925.8711,-453050.8297
1675000,2382.9077,13704.9479,62201.9289,-515790.6291,-437500.8446,-453588.7002
1676000,2384.1475,13768.2253,62253.4449,-516525.9932,-438120.1755,-454272.5483
1677000,2386.0014,13782.4968,61643.074,-515110.846,-437299.2738,-453467.772
1678000,2409.0149,13796.9738,62523.4186,-515946.5672,-437217.15989999997,-453423.1486
1679000,2341.6031,13741.9112,61891.5917,-515267.3272,-437292.2212,-453375.7355
1680000,2353.5466,13795.5684,61833.2541,-515394.4197,-437412.0506,-453561.1656
1681000,2364.1509,13634.3526,61166.0827,-514716.6651,-437552.07889999996,-453550.58239999996
1682000,2338.3697,13725.0978,61603.249,-514773.0629,-437106.34640000004,-453169.8139
1683000,2336.1146,13669.8817,62181.8595,-515967.7064,-437779.8506,-453785.8469
1684000,2333.9776,13862.5322,62195.7686,-516365.1382,-437972.8598,-454169.3696
1685000,2340.6302,13685.5426,62100.6054,-515439.1086,-437312.3304,-453338.5032
1686000,2353.2897,13786.7214,62076.6771,-515694.4699,-437477.78170000005,-453617.79280000005
1687000,2349.053,13638.434,62283.9797,-516461.3542,-438189.8875,-454177.3745
1688000,2352.717,13753.0871,61919.0294,-515047.6431,-437022.8096,-453128.6137
1689000,2335.1814,13747.9086,62065.3421,-515157.0123,-437008.58019999997,-453091.6702
1690000,2362.9955,13727.9695,62151.9156,-515683.8843,-437441.0037,-453531.96869999997
1691000,2348.3327,13623.5303,62197.8158,-515781.6403,-437611.96150000003,-453583.82450000005
1692000,2392.4835,13820.1997,61896.2485,-515542.0598,-437433.1281,-453645.8113
1693000,2359.8562,13761.6338,61615.7973,-514948.8974,-437211.61010000005,-453333.10010000004
1694000,2370.1169,13789.5613,61769.9997,-515519.6204,-437589.9425,-453749.6207
1695000,2329.3584,13660.3137,62308.3982,-516199.0781,-437901.00779999996,-453890.6799
1696000,2366.3873,13810.8465,62619.1049,-516238.5914,-437442.25269999995,-453619.4865
1697000,2343.528,13812.5541,62076.0107,-515304.5362,-437072.4434,-453228.5255
1698000,2340.7272,13708.5738,62440.314,-515941.4547,-437451.8397,-453501.1407
1699000,2365.6519,13758.4806,61732.6358,-515284.9439,-437428.1756,-453552.3081
1700000,2356.5258,13712.9778,62403.8778,-515920.5185,-437447.1371,-453516.6407
1701000,2363.8979,13782.8077,61961.8655,-516341.5946,-438233.0235,-454379.7291
1702000,2363.5675,13782.2733,62414.3591,-515946.4614,-437386.26149999996,-453532.10229999997
1703000,2361.3454,13628.2898,62315.4972,-515606.3534,-437301.221,-453290.85620000004
1704000,2356.2977,13705.5857,62031.6067,-515516.4751,-437422.985,-453484.8684
1705000,2353.191,13701.6599,61551.7145,-514860.4333,-437253.86789999995,-453308.7188
1706000,2366.0646,13729.7561,61937.4986,-515906.8733,-437873.554,-453969.3747
1707000,2377.5239,13786.9139,61970.9009,-515933.605,-437798.2663,-453962.7041
1708000,2374.5617,13683.1241,61934.8795,-515347.9917,-437355.4264,-453413.11220000003
1709000,2372.5862,13701.2004,61985.3244,-515973.6978,-437914.58680000005,-453988.37340000004
1710000,2343.0352,13650.4111,62113.2196,-516570.4403,-438463.7744,-454457.2207
1711000,2374.213,13690.9956,62129.0953,-515738.3637,-437544.0598,-453609.2684
1712000,2338.8939,13708.8475,62261.8772,-515380.3872,-437070.7686,-453118.51
1713000,2351.9885,13729.4337,62067.5684,-514745.8272,-436596.83660000004,-452678.2588
1714000,2372.2323,13765.2738,62082.1256,-515839.8795,-437620.2478,-453757.7539
1715000,2343.462,13720.5019,61975.53,-515073.2146,-437033.7207,-453097.68460000004
1716000,2341.9895,13690.3799,61711.4684,-515044.5785,-437300.7407,-453333.1101
1717000,2340.8917,13697.7213,62350.1117,-515704.0657,-437315.34099999996,-453353.95399999997
1718000,2340.6548,13667.5388,61849.3666,-514934.8653,-437077.3051,-453085.4987
1719000,2343.3603,13661.9987,62319.8209,-515627.6868,-437302.50690000004,-453307.86590000003
1720000,2379.4102,13709.9161,62724.2644,-516378.1931,-437564.6024,-453653.9287
1721000,2381.8714,13739.5451,62530.8504,-516784.8652,-438132.5983,-454254.0148
1722000,2360.3249,13678.8614,62277.8693,-515769.5639,-437452.5083,-453491.6946
1723000,2358.0824,13810.9227,62109.4679,-515828.4032,-437549.9302,-453718.9353
1724000,2346.8668,13666.6367,62254.5535,-516154.0577,-437886.0007,-453899.5042
1725000,2368.8524,13800.082,61656.1538,-514989.2905,-437164.2023,-453333.13670000003
1726000,2369.5988,13745.7298,62175.3139,-514939.2492,-436648.6067,-452763.9353
1727000,2384.0798,13764.4442,62219.7461,-515928.5823,-437560.31220000004,-453708.8362
1728000,2368.7482,13699.267,62003.8139,-515322.779,-437250.9499,-453318.9651
1729000,2321.8377,13750.2469,61604.6324,-514240.0982,-436563.3812,-452635.4658
1730000,2410.8759,13807.9761,61815.0639,-515614.0584,-437580.14249999996,-453798.9945
1731000,2347.2464,13649.3412,62331.5478,-516237.7485,-437909.61309999996,-453906.2007
1732000,2370.6785,13728.853,62647.8885,-516703.1955,-437955.7755,-454055.307
1733000,2338.6334,13661.5359,61840.6861,-515284.1894,-437443.334,-453443.5033
1734000,2367.4008,13628.8234,62017.3347,-515432.5314,-437418.9725,-453415.1967
1735000,2348.3736,13701.9287,61917.8309,-514713.5262,-436745.39300000004,-452795.6953
1736000,2366.3403,13700.9409,62435.8611,-516001.6442,-437498.5019,-453565.7831
1737000,2351.467,13791.3897,62126.7513,-515907.3448,-437637.7368,-453780.5935
1738000,2369.1318,13649.0338,62325.3762,-515609.0321,-437265.4903,-453283.6559
1739000,2373.1747,13797.1403,61976.2139,-515197.3722,-437050.84329999995,-453221.1583
1740000,2341.3047,13716.7332,61830.6463,-515801.7953,-437913.1111,-453971.149
1741000,2372.6346,13661.546,62293.0905,-516659.7648,-438332.4937,-454366.6743
1742000,2326.2039,13712.6786,62116.2562,-515807.5769,-437652.4382,-453691.3207
1743000,2367.6518,13731.8024,62569.5908,-516521.7373,-437852.6923,-453952.1465
1744000,2420.1066,13646.8883,62504.0565,-515906.8864,-437335.835,-453402.8299
1745000,2359.5298,13679.1967,62029.1623,-515650.8413,-437582.95249999996,-453621.67899999995
1746000,2388.769,13665.5605,61686.2404,-515209.7582,-437469.1883,-453523.5178
1747000,2344.4236,13794.6991,62366.7499,-515876.8304,-437370.9578,-453510.0805
1748000,2360.2482,13671.8559,61848.7856,-515394.8098,-437513.9201,-453546.0242
1749000,2311.3754,13728.6658,61997.3541,-515565.2277,-437527.83239999996,-453567.8736
1750000,2355.5583,13740.6458,62695.9952,-516572.9137,-437780.7144,-453876.91849999997
1751000,2372.7568,13709.4153,62795.0071,-516204.3329,-437327.15369999997,-453409.3258
1752000,2354.5473,13751.47,62022.5929,-515468.6833,-437340.0731,-453446.0904
1753000,2310.6924,13668.2821,62397.1041,-515836.6687,-437460.5901,-453439.5646
1754000,2374.1098,13775.7766,62483.5146,-516164.8116,-437531.4106,-453681.297
1755000,2335.5949,13731.9451,62310.8729,-515951.2069,-437572.794,-453640.334
1756000,2356.4582,13864.1982,62108.3404,-516051.2445,-437722.24769999995,-453942.9041
1757000,2332.2804,13785.6963,62006.4998,-515447.2108,-437322.7343,-453440.711
1758000,2377.9412,13753.8044,62321.9337,-516492.2617,-438038.58239999996,-454170.328
1759000,2312.6377,13737.7089,61850.9321,-515935.8288,-438034.5501,-454084.89670000004
1760000,2335.6495,13730.808,61583.8459,-515213.3562,-437563.05279999995,-453629.51029999997
1761000,2352.9838,13710.5259,61991.4571,-515752.8221,-437697.8553,-453761.365
1762000,2347.4141,13795.3964,62636.9113,-515853.1141,-437073.3923,-453216.2028
1763000,2379.8472,13736.5925,62211.039,-515282.1249,-436954.6462,-453071.0859
1764000,2325.0181,13656.2381,61972.6331,-515187.94,-437234.0507,-453215.3069
1765000,2344.4758,13731.8217,61823.9174,-515142.4268,-437242.2119,-453318.50940000004
1766000,2361.3125,13731.4506,62230.785,-515872.8029,-437549.2548,-453642.0179
1767000,2314.0276,13676.3183,62184.4338,-515674.6997,-437499.92,-453490.2659
1768000,2344.9942,13688.9678,62347.3856,-515356.5679,-436975.22030000004,-453009.18230000004
1769000,2338.1532,13766.3928,62077.9107,-515449.9816,-437267.5249,-453372.0709
1770000,2375.3834,13647.7003,61986.7904,-515229.8997,-437220.0256,-453243.1093
1771000,2364.4768,13765.5649,62169.3658,-515488.966,-437189.55850000004,-453319.6002
1772000,2329.1147,13651.5013,61533.9993,-514787.8258,-437273.2105,-453253.82649999997
1773000,2381.7498,13656.9588,62070.3442,-515118.3993,-437009.3465,-453048.0551
1774000,2315.4426,13768.4818,61938.6417,-515239.7786,-437217.2125,-453301.13690000004
1775000,2332.3645,13618.2367,62253.0215,-515710.9157,-437507.293,-453457.8942
1776000,2366.7889,13728.8652,61828.8747,-514651.8969,-436727.36809999996,-452823.0222
1777000,2340.9663,13735.8131,61995.7141,-515386.589,-437314.0955,-453390.8749
1778000,2363.6931,13804.2391,62173.7702,-515654.5935,-437312.8911,-453480.82330000005
1779000,2338.4047,13654.7597,61310.6911,-514597.5028,-437293.6473,-453286.8117
1780000,2378.1765,13776.918,61690.093,-515263.8265,-437418.639,-453573.73350000003
1781000,2339.1298,13694.8322,62045.0709,-515228.1831,-437149.15020000003,-453183.11220000003
1782000,2340.406,13742.3695,61935.8677,-515412.1798,-437393.5366,-453476.3121
1783000,2354.423,13718.4604,61891.3401,-515226.6922,-437262.46869999997,-453335.3521
1784000,2366.7842,13762.4151,61966.655,-514678.8127,-436582.9584,-452712.1577
1785000,2343.6992,13712.0026,62210.7612,-515367.7496,-437101.2866,-453156.9884
1786000,2312.3197,13760.2177,62034.4139,-515570.5855,-437463.6342,-453536.1716
1787000,2345.8017,13686.8111,61860.8675,-515331.5434,-437438.0631,-453470.67590000003
1788000,2346.3653,13728.0317,61777.9362,-514546.4988,-436694.1656,-452768.5626
1789000,2319.8508,13685.9952,63140.5596,-517134.205,-437987.7994,-453993.64540000004
1790000,2332.1784,13687.7211,62107.1838,-516365.4533,-438238.37,-454258.2695
1791000,2311.6224,13702.1682,62041.9879,-515326.6543,-437270.8758,-453284.6664
1792000,2350.9956,13744.9704,61853.0774,-515313.6787,-437364.63529999997,-453460.6013
1793000,2371.3191,13665.6282,62949.4055,-517525.0356,-438538.6828,-454575.6301
1794000,2369.3175,13779.5037,62520.4041,-516564.99,-437895.7647,-454044.5859
1795000,2356.214,13804.1027,62601.3285,-516915.7528,-438154.1076,-454314.4243
1796000,2338.2906,13698.9975,61928.2213,-515187.5734,-437222.064,-453259.3521
1797000,2360.5198,13768.4953,62239.1673,-515976.3157,-437608.1333,-453737.14839999995
1798000,2364.9658,13672.9728,62251.7406,-516186.8788,-437897.1996,-453935.1382
1799000,2349.8696,13770.284,61453.482,-515033.0641,-437459.42850000004,-453579.5821
1800000,2386.8303,13789.6517,62561.7193,-516932.279,-438194.07769999997,-454370.5597
1801000,2374.6012,13723.3354,61911.515,-515451.2454,-437441.7938,-453539.7304
1802000,2362.7444,13702.232,62319.1662,-515969.6506,-437585.50800000003,-453650.4844
1803000,2353.8013,13749.0424,62116.7658,-515135.4088,-436915.79929999996,-453018.643
1804000,2351.2701,13851.4833,61448.0819,-514783.5452,-437132.7099,-453335.4633
1805000,2340.8154,13744.0825,61928.8365,-515174.908,-437161.1736,-453246.0715
1806000,2372.9177,13794.9702,62244.6306,-515730.2068,-437317.6883,-453485.5762
1807000,2339.8355,13780.4923,61938.4537,-515898.258,-437839.4765,-453959.80429999996
1808000,2345.3574,13819.7703,62002.0666,-516109.7804,-437942.58609999996,-454107.71379999997
1809000,2335.0331,13759.0474,62315.6205,-516209.8233,-437800.1223,-453894.20279999997
1810000,2341.0879,13734.0239,62015.3267,-515829.7092,-437739.2707,-453814.3825
1811000,2327.6149,13697.5683,62612.5683,-516820.2146,-438182.4631,-454207.6463
1812000,2343.4895,13782.5848,62109.324,-515676.9689,-437441.5706,-453567.64489999996
1813000,2349.4189,13843.6548,61663.5862,-515192.2623,-437335.6024,-453528.6761
1814000,2386.6928,13753.5951,62199.4822,-516370.7584,-438030.98829999997,-454171.27619999996
1815000,2329.4373,13711.8105,61746.086,-515792.8617,-438005.5279,-454046.7757
1816000,2364.149,13620.2878,61688.0852,-515001.3705,-437328.8485,-453313.2853
1817000,2353.5563,13813.7863,62337.2366,-515861.1491,-437356.5699,-453523.9125
1818000,2340.3127,13775.5779,62231.1166,-515719.1715,-437372.1643,-453488.0549
1819000,2330.8363,13726.7761,62088.0652,-515695.9508,-437550.2732,-453607.8856
1820000,2357.2924,13729.139,62161.4406,-515872.3095,-437624.4375,-453710.8689
1821000,2369.2368,13755.8569,61684.8855,-515570.6856,-437760.7064,-453885.80010000005
1822000,2363.1603,13819.8004,61577.031,-515190.2076,-437430.2159,-453613.1766
1823000,2343.9067,13782.7412,62013.8092,-515467.6508,-437327.1937,-453453.8416
1824000,2340.4583,13808.2304,62193.1137,-515695.3166,-437353.51420000003,-453502.20290000003
1825000,2368.7899,13741.2346,61553.4686,-514880.5715,-437217.0784,-453327.1029
1826000,2369.3493,13806.6934,61442.4557,-514843.8757,-437225.3773,-453401.42
1827000,2318.3519,13793.7323,62107.9808,-515556.6553,-437336.5903,-453448.67449999996
1828000,2369.1611,13766.9175,61592.8915,-514644.4994,-436915.5293,-453051.60789999994
1829000,2339.5157,13654.3072,61478.2448,-514678.6862,-437206.6185,-453200.4414
1830000,2353.2521,13799.317,61839.3844,-515484.9939,-437493.0404,-453645.6095
1831000,2374.2595,13729.3116,62203.2086,-515624.4735,-437317.6938,-453421.2649
1832000,2355.4017,13665.8619,62044.0555,-515845.3302,-437780.0111,-453801.2747
1833000,2374.1326,13738.3299,62009.0085,-515700.3338,-437578.8628,-453691.3253
1834000,2357.9748,13707.7172,62326.5357,-516956.1846,-438563.9569,-454629.6489
1835000,2327.6774,13854.0489,61917.845,-515770.8094,-437671.2381,-453852.96440000006
1836000,2329.0294,13721.5993,62015.6414,-516008.3259,-437942.0558,-453992.6845
1837000,2373.7379,13734.8656,61767.2737,-514687.4778,-436811.6006,-452920.2041
1838000,2372.198,13814.2313,61930.9642,-515265.5444,-437148.1509,-453334.5802
1839000,2314.5099,13726.0362,61656.3916,-515140.1224,-437443.1847,-453483.7308
1840000,2344.5855,13687.8654,61870.7016,-515637.9041,-437734.75159999996,-453767.2025
1841000,2398.4905,13817.6719,62201.4147,-516203.0014,-437785.4243,-454001.5867
1842000,2355.6817,13769.7143,61689.0644,-515189.893,-437375.43259999994,-453500.8286
1843000,2365.8587,13786.4312,62161.4004,-515265.2446,-436951.55429999996,-453103.8442
1844000,2353.0639,13750.2796,61444.6139,-514424.4268,-436876.4694,-452979.8129
1845000,2358.8973,13682.1949,61933.5161,-515539.7478,-437565.1395,-453606.2317
1846000,2358.4729,13752.6166,61723.4034,-515246.6307,-437412.13779999997,-453523.22729999997
1847000,2346.4999,13701.4241,62203.947,-516135.3911,-437883.5201,-453931.4441
1848000,2363.6121,13674.8084,62000.4686,-515349.2837,-437310.3946,-453348.8151
1849000,2359.2923,13723.0755,62002.1107,-515476.8002,-437392.3217,-453474.6895
1850000,2347.4442,13633.4962,62466.0717,-516067.8002,-437620.7881,-453601.72849999997
1851000,2375.2319,13833.5744,62121.3108,-515918.0988,-437587.9817,-453796.788
1852000,2388.7434,13809.2572,61864.9973,-514948.7111,-436885.7132,-453083.7138
1853000,2390.9457,13691.1705,62114.2814,-514999.7102,-436803.31259999995,-452885.4288
1854000,2365.0313,13788.6292,62163.5984,-515823.4021,-437506.1432,-453659.8037
1855000,2378.7758,13666.8571,62111.5211,-515636.9313,-437479.7773,-453525.4102
1856000,2319.0676,13684.5358,62120.3314,-515497.7747,-437373.8399,-453377.4433
1857000,2346.8568,13861.7114,61640.6713,-514972.0623,-437122.82279999997,-453331.391
1858000,2376.2777,13794.2628,62100.933,-515348.9849,-437077.51139999996,-453248.05189999996
1859000,2369.6807,13745.6916,61995.3777,-515802.8308,-437692.0808,-453807.4531
1860000,2335.4776,13711.3903,61876.57,-515250.0307,-437326.5928,-453373.4607
1861000,2327.3161,13743.6384,61945.8795,-516046.5116,-438029.67760000005,-454100.63210000005
1862000,2356.0256,13665.7777,61795.7053,-515146.9926,-437329.484,-453351.28729999997
1863000,2333.0608,13741.4183,62192.8577,-516059.011,-437791.6742,-453866.1533
1864000,2369.5031,13676.541,62129.4641,-515733.3455,-437557.8373,-453603.8814
1865000,2343.9931,13801.8515,62192.2712,-515932.6818,-437594.566,-453740.4106
1866000,2333.0362,13681.3086,62058.4091,-515622.8557,-437550.1018,-453564.4466
1867000,2388.7115,13740.0018,62165.6821,-515564.8308,-437270.4354,-453399.1487
1868000,2356.6238,13731.6428,61817.2884,-515432.3641,-437526.8091,-453615.0757
1869000,2321.5872,13729.1535,61961.2729,-515173.0404,-437161.0268,-453211.7675
1870000,2363.5847,13802.4711,62766.7953,-516143.0353,-437210.1842,-453376.24
1871000,2341.7654,13710.1961,61843.8011,-514911.7405,-437015.9779,-453067.93940000003
1872000,2361.0575,13651.1074,61930.8315,-515079.8651,-437136.8687,-453149.03359999997
1873000,2339.9183,13622.31,61920.8642,-515295.8602,-437412.76769999997,-453374.996
1874000,2347.9433,13789.5701,62123.8914,-515435.8621,-437174.4573,-453311.9707
1875000,2347.0298,13781.9935,61806.4581,-515306.9016,-437371.4202,-453500.4435
1876000,2347.0699,13766.8186,62016.9945,-516013.7868,-437882.9038,-453996.7923
1877000,2372.7259,13732.5002,62050.3713,-515034.3018,-436878.70440000005,-452983.9305
1878000,2354.5958,13690.2522,62002.0828,-515206.3631,-437159.4323,-453204.28030000004
1879000,2352.4119,13701.8661,61737.439,-515036.8548,-437245.13779999997,-453299.41579999996
1880000,2366.5952,13772.1268,62185.4216,-515379.5349,-437055.3913,-453194.1133
1881000,2359.8455,13680.674,61375.091,-514455.6015,-437039.991,-453080.5105
1882000,2338.2298,13772.8206,61989.1952,-515790.1541,-437689.9085,-453800.95889999997
1883000,2342.7598,13748.6979,61893.9909,-515514.5003,-437529.0517,-453620.50940000004
1884000,2302.2036,13674.2751,62129.2833,-515595.6111,-437489.8491,-453466.32779999997
1885000,2361.9637,13719.9339,61922.6266,-515632.1462,-437627.62200000003,-453709.5196
1886000,2356.2896,13724.7237,61756.8461,-516012.9313,-438175.0719,-454256.0852
1887000,2380.774,13780.5037,62279.0205,-516487.0908,-438046.79260000004,-454208.0703
1888000,2325.8372,13696.9427,62200.7887,-516092.3679,-437868.7993,-453891.57920000004
1889000,2342.8104,13662.3543,61585.3116,-514868.8748,-437278.3985,-453283.5632
1890000,2357.7552,13808.2995,61988.0611,-515533.8032,-437379.68740000005,-453545.74210000003
1891000,2358.3433,13740.1456,61894.6869,-515018.3488,-437025.17299999995,-453123.66189999995
1892000,2364.9527,13689.6115,61990.3913,-515400.9458,-437355.99029999995,-453410.55449999997
1893000,2377.9983,13822.1694,61183.1042,-514502.1266,-437118.8547,-453319.0224
1894000,2336.4363,13760.9047,61952.3996,-515061.8597,-437012.1191,-453109.46009999997
1895000,2364.4938,13702.1837,62406.3527,-516034.1841,-437561.15390000003,-453627.8314
1896000,2347.0215,13808.5347,61768.5724,-514944.133,-437020.0044,-453175.56059999997
1897000,2368.4922,13873.7939,62084.2713,-515148.1633,-436821.6059,-453063.892
1898000,2306.3283,13701.8673,62021.1887,-515698.6931,-437669.3088,-453677.5044
1899000,2334.2884,13740.6791,62142.5962,-515826.0875,-437608.5238,-453683.4913
1900000,2364.1269,13848.0933,62414.5456,-516471.8641,-437845.0983,-454057.3185
1901000,2345.2437,13780.1549,61716.043,-515566.6531,-437725.2115,-453850.6101
1902000,2371.0307,13767.4048,61734.9759,-515551.9403,-437678.52890000003,-453816.9644
1903000,2346.0374,13770.927,62383.9681,-515994.7605,-437493.828,-453610.7924
1904000,2348.1164,13729.4412,62044.6865,-516490.8174,-438368.5733,-454446.1309
1905000,2314.9004,13773.4883,62229.9333,-515414.0745,-437095.7525,-453184.1412
1906000,2320.5824,13745.2622,61915.381,-514844.7434,-436863.5178,-452929.3624
1907000,2335.454,13812.943,61958.7946,-515675.7228,-437568.53119999997,-453716.92819999997
1908000,2349.4174,13791.6662,61665.6129,-515373.0707,-437566.37419999996,-453707.4578
1909000,2319.0964,13792.0104,62376.6302,-516739.4664,-438251.72939999995,-454362.83619999996
1910000,2361.4404,13724.036,61729.2668,-515646.6206,-437831.8774,-453917.35380000004
1911000,2369.451,13780.6728,62329.2717,-516493.3915,-438013.99600000004,-454164.11980000004
1912000,2334.3667,13776.4301,62009.3732,-515519.6091,-437399.4391,-453510.23589999997
1913000,2374.0036,13753.5565,62188.6878,-515572.4904,-437256.2425,-453383.8026
1914000,2345.9693,13801.6482,61788.6309,-515194.7176,-437258.4692,-453406.0867
1915000,2363.7954,13731.7852,62259.6875,-516343.2629,-437987.9948,-454083.5754
1916000,2349.5959,13815.1858,62051.3821,-515590.3138,-437374.15,-453538.9317
1917000,2330.7331,13637.0698,62555.3711,-515879.5904,-437356.4164,-453324.2193
1918000,2332.982,13676.6791,62538.5069,-516441.8395,-437893.6715,-453903.3326
1919000,2350.0102,13716.2427,62323.5606,-516457.2751,-438067.46160000004,-454133.7145
1920000,2322.1633,13696.1964,62259.0822,-515905.5765,-437628.1346,-453646.4943
1921000,2362.3682,13692.5952,61548.3156,-514894.8715,-437291.5925,-453346.55590000004
1922000,2361.1716,13739.8128,61874.044,-515086.3568,-437111.3284,-453212.3128
1923000,2366.527,13816.426,61805.1851,-514922.6731,-436934.53500000003,-453117.488
1924000,2340.6978,13701.9424,61534.4999,-514734.6772,-437157.53709999996,-453200.1773
1925000,2368.5392,13764.8434,62499.7331,-516014.211,-437381.09530000004,-453514.4779
1926000,2371.4137,13825.7469,62272.0888,-515485.4501,-437016.20070000004,-453213.3613
1927000,2379.7245,13670.2741,62272.8503,-515701.8802,-437379.03130000003,-453429.0299
1928000,2342.7455,13627.1176,61910.77,-515920.4458,-438039.8127,-454009.67579999997
1929000,2386.311,13761.8097,61520.8275,-515507.153,-437838.2048,-453986.3255
1930000,2329.9633,13775.9372,62327.5251,-515921.5302,-437488.10459999996,-453594.00509999995
1931000,2348.012,13774.5224,61962.5276,-516006.1252,-437921.0632,-454043.5976
1932000,2358.4208,13734.2141,61595.778,-515416.9984,-437728.5855,-453821.2204
1933000,2357.0015,13674.9047,61554.317,-514399.4424,-436813.2192,-452845.1254
1934000,2361.1206,13867.9241,61675.0628,-515319.6298,-437415.5223,-453644.567
1935000,2329.2774,13753.2145,61792.8589,-515404.9071,-437529.5563,-453612.0482
1936000,2359.7549,13798.0694,62003.3766,-515284.6445,-437123.4436,-453281.2679
1937000,2331.2835,13785.4405,62069.6236,-516054.6538,-437868.3062,-453985.0302
1938000,2348.9027,13707.7727,61930.9266,-515107.6537,-437120.0517,-453176.7271
1939000,2368.9557,13727.0986,61768.0147,-515167.9006,-437303.8316,-453399.8859
1940000,2327.7972,13737.5528,62334.2535,-516443.2076,-438043.6041,-454108.95410000003
1941000,2319.9293,13638.5196,61861.7454,-515124.3721,-437304.17779999995,-453262.62669999996
1942000,2330.6012,13757.6931,62248.7012,-515728.4907,-437391.4952,-453479.7895
1943000,2359.0505,13741.3437,62773.9677,-516570.8963,-437696.5344,-453796.92860000004
1944000,2343.5972,13716.0474,61972.3539,-515595.2077,-437563.20920000004,-453622.85380000004
1945000,2361.4395,13762.4983,61977.2533,-515389.8622,-437288.6711,-453412.6089
1946000,2332.7798,13714.7492,62286.5019,-515771.181,-437437.15009999997,-453484.67909999995
1947000,2329.8858,13749.0645,62178.7403,-515757.9398,-437500.24919999996,-453579.1995
1948000,2356.8614,13750.0882,62103.4791,-515160.8091,-436950.3804,-453057.33
1949000,2351.553,13684.4433,62756.1921,-516675.5028,-437883.31440000003,-453919.31070000003
1950000,2343.2921,13708.2213,61942.6698,-515120.451,-437126.26780000003,-453177.78119999997
1951000,2374.9998,13851.5368,61979.5742,-515640.7959,-437434.6851,-453661.2217
1952000,2337.3512,13694.7605,62147.4357,-515808.0419,-437628.49450000003,-453660.60620000004
1953000,2347.3106,13632.6362,62045.1107,-514596.7765,-436571.719,-452551.66579999996
1954000,2374.3486,13831.5453,61990.9832,-514605.2387,-436408.3616,-452614.25549999997
1955000,2328.6847,13720.2039,62286.9685,-515521.6836,-437185.82649999997,-453234.7151
1956000,2352.7863,13727.223,62026.1861,-514926.245,-436820.0496,-452900.0589
1957000,2373.6336,13846.9669,61756.7249,-515092.1702,-437114.84479999996,-453335.4453
1958000,2356.8517,13774.0909,62855.6745,-516703.4867,-437716.8696,-453847.8122
1959000,2356.4169,13728.8207,62713.8825,-517020.6177,-438221.4976,-454306.7352
1960000,2373.8577,13652.2845,62303.6851,-515767.6975,-437437.8702,-453464.0124
1961000,2383.645,13753.813,61766.8234,-515532.9916,-437628.7102,-453766.1682
1962000,2357.3591,13759.9175,62396.7298,-516020.4303,-437506.4239,-453623.70050000004
1963000,2370.567,13738.313,62375.5472,-515625.7685,-437141.3413,-453250.2213
1964000,2353.1389,13827.5313,61845.4988,-515261.3843,-437235.2153,-453415.8855
1965000,2381.1464,13717.2226,62457.2618,-515898.1041,-437342.4733,-453440.8423
1966000,2363.4233,13831.0438,62006.8075,-515330.0485,-437128.7739,-453323.241
1967000,2362.3356,13767.1475,62474.2817,-516563.3327,-437959.5679,-454089.05100000004
1968000,2373.9411,13693.171,61689.9739,-514440.2255,-436683.1395,-452750.2516
1969000,2333.2985,13708.2656,62223.7,-515720.8857,-437455.62159999995,-453497.1857
1970000,2347.7685,13642.5411,61833.7129,-514888.434,-437064.41150000005,-453054.7211
1971000,2354.0909,13777.9836,62354.3652,-516405.287,-437918.8473,-454050.9218
1972000,2348.0603,13710.3085,62000.1039,-515572.6987,-437514.226,-453572.5948
1973000,2327.3859,13746.6823,62699.941,-517119.1991,-438345.1899,-454419.25810000004
1974000,2351.4985,13764.7551,62654.9281,-516787.0376,-438015.85589999997,-454132.10949999996
1975000,2331.6669,13688.8414,62005.0702,-515443.381,-437417.8025,-453438.3108
1976000,2322.1632,13771.4727,61635.5337,-515494.2687,-437765.0991,-453858.735
1977000,2346.5742,13751.9841,62188.1094,-515750.7128,-437464.0451,-453562.60339999996
1978000,2320.4376,13716.8918,62176.8482,-515756.5935,-437542.4159,-453579.7453
1979000,2398.448,13785.8213,61698.3439,-515246.3166,-437363.7034,-453547.97270000004
1980000,2372.2549,13813.1077,62218.593,-515545.0039,-437141.0483,-453326.4109
1981000,2337.3666,13793.1623,62217.6816,-515669.1474,-437320.93690000003,-453451.4658
1982000,2379.6177,13717.4217,61585.2678,-514856.6126,-437174.30539999995,-453271.34479999996
1983000,2337.5705,13821.5876,62266.2744,-515652.291,-437226.85850000003,-453386.01660000003
1984000,2336.3897,13765.4422,61921.1523,-515155.7951,-437132.8109,-453234.6428
1985000,2362.4148,13673.8088,61792.6646,-515332.5356,-437503.6474,-453539.871
1986000,2364.6065,13890.0915,61777.7933,-515439.3864,-437406.8951,-453661.5931
1987000,2352.4356,13707.2498,62405.8746,-516265.1283,-437799.5683,-453859.2537
1988000,2350.0202,13704.8722,61996.2176,-516338.9899,-438287.8799,-454342.77229999995
1989000,2384.131,13798.2318,62098.224,-515928.2446,-437647.6578,-453830.0206
1990000,2352.6174,13707.3841,61682.4177,-515068.6208,-437326.2016,-453386.2031
1991000,2350.8337,13783.0977,62230.1881,-516401.9338,-438037.81429999997,-454171.74569999997
1992000,2360.4652,13812.4178,62239.5073,-515676.7416,-437264.3513,-453437.2343
1993000,2347.9233,13696.998,61905.7582,-515320.6399,-437369.9604,-453414.8817
1994000,2354.8716,13737.3119,62001.6395,-515603.7675,-437509.9445,-453602.128
1995000,2388.6218,13814.0923,62277.7942,-516247.4703,-437766.962,-453969.6761
1996000,2333.3204,13732.0318,62263.749,-516547.6823,-438218.58109999995,-454283.9333
1997000,2357.3772,13661.6117,61618.3307,-514791.1638,-437153.8442,-453172.8331
1998000,2352.4851,13793.084,61815.6646,-515262.7145,-437301.4808,-453447.0499
1999000,2393.3831,13839.9704,61329.4457,-515004.5254,-437441.7262,-453675.0797
2000000,2345.4235,13843.7507,62126.1894,-515622.8772,-437307.51359999995,-453496.68779999996
2001000,2378.7442,13715.5675,62278.836,-515445.3937,-437072.24600000004,-453166.5577
2002000,2342.723,13773.6108,62262.0381,-515495.2152,-437116.84329999995,-453233.1771
2003000,2370.7706,13804.9339,62085.7488,-514875.8402,-436614.3869,-452790.0914
2004000,2388.7041,13840.4842,62283.6815,-515596.396,-437083.5262,-453312.7145
2005000,2327.004,13796.1879,62189.8711,-515776.3244,-437463.26139999996,-453586.4533
2006000,2380.2975,13786.1011,62106.4321,-516232.0988,-437959.2681,-454125.6667
2007000,2370.3456,13831.524,62153.0629,-515601.1535,-437246.221,-453448.0906
2008000,2363.8945,13849.8069,62255.4759,-515862.4554,-437393.2781,-453606.97949999996
2009000,2342.3407,13795.0256,62325.3437,-515799.1062,-437336.39619999996,-453473.76249999995
2010000,2346.2657,13723.3067,62013.9187,-515589.0412,-437505.5501,-453575.1225
2011000,2337.9084,13699.837,62260.7055,-515917.6931,-437619.2422,-453656.9876
2012000,2388.3547,13770.3512,62757.0432,-516053.7274,-437137.97829999996,-453296.68419999996
2013000,2344.6836,13761.8104,62499.1368,-515992.0008,-437386.37,-453492.864
2014000,2356.2894,13787.2015,61525.4838,-515275.2772,-437606.3025,-453749.7934
2015000,2375.1694,13718.8537,61990.5221,-515725.4054,-437640.8602,-453734.8833
2016000,2384.5159,13753.8356,62142.5406,-515661.4867,-437380.5946,-453518.9461
2017000,2371.6588,13786.8191,62371.9993,-515815.8523,-437285.3751,-453443.853
2018000,2353.1486,13734.8971,61854.5644,-515143.0954,-437200.4853,-453288.53099999996
2019000,2359.2943,13759.8493,62608.6216,-516114.7939,-437387.0287,-453506.1723
2020000,2365.2253,13708.1791,62298.4835,-515444.4121,-437072.5242,-453145.9286
2021000,2364.9725,13726.8159,62206.8205,-515420.4756,-437121.8667,-453213.6551
2022000,2389.2915,13784.9804,61878.7963,-515072.6727,-437019.6045,-453193.8764
2023000,2324.1331,13814.0447,61553.5426,-515155.2353,-437463.5149,-453601.6927
2024000,2346.9969,13685.1984,62116.9989,-515648.6586,-437499.46440000006,-453531.6597
2025000,2358.485,13897.4077,62049.2526,-515710.2003,-437405.05500000005,-453660.9477
2026000,2371.1159,13705.8738,61894.2508,-514962.8686,-436991.6281,-453068.6178
2027000,2339.82,13757.5962,62151.3512,-515597.4578,-437348.69039999996,-453446.1066
2028000,2336.0657,13747.6832,61582.9409,-514212.8754,-436546.1856,-452629.93450000003
2029000,2341.8487,13787.7496,61516.924,-514816.0607,-437169.53839999996,-453299.1367
2030000,2347.373,13715.4025,62143.9506,-515352.2779,-437145.5518,-453208.3273
2031000,2347.8787,13706.3737,62013.9513,-515362.6945,-437294.49079999997,-453348.74319999997
2032000,2365.2175,13818.4301,62284.7201,-515312.9129,-436844.5452,-453028.1928
2033000,2338.9612,13751.1657,61614.9619,-514813.4844,-437108.39560000005,-453198.5225
2034000,2352.1879,13811.9524,61775.4837,-515488.403,-437548.779,-453712.9193
2035000,2361.4039,13816.6844,61331.5602,-515190.3144,-437680.66589999996,-453858.75419999997
2036000,2355.6348,13794.0549,62222.6594,-515888.3785,-437516.0294,-453665.7191
2037000,2316.846,13746.0153,61740.4848,-515550.6221,-437747.27599999995,-453810.1373
2038000,2333.1087,13729.5513,62061.2728,-516475.8155,-438351.8827,-454414.54270000005
2039000,2367.2384,13747.4328,62258.3098,-515940.4042,-437567.42319999996,-453682.0944
2040000,2354.8441,13754.4351,62165.477,-515275.8389,-437001.08269999997,-453110.36189999996
2041000,2349.5854,13849.559,61861.2556,-515170.9547,-437110.5547,-453309.6991
2042000,2336.3986,13780.067,62646.8586,-516446.0041,-437682.6799,-453799.14550000004
2043000,2361.7788,13741.7778,62042.3784,-515125.7845,-436979.8495,-453083.4061
2044000,2347.5155,13836.2104,62563.6602,-516187.3421,-437439.956,-453623.6819
2045000,2352.3302,13827.1943,62529.6707,-516129.7333,-437420.5381,-453600.0626
2046000,2365.6818,13719.9045,62076.3548,-515486.6375,-437324.6964,-453410.2827
2047000,2373.4803,13755.3953,62353.7978,-516081.5145,-437598.84109999996,-453727.7167
2048000,2358.5135,13769.932,61951.3795,-515712.6496,-437632.8246,-453761.2701
2049000,2328.9063,13676.4621,61748.1264,-515443.1769,-437689.68210000003,-453695.0505
2050000,2337.8883,13652.9542,62118.9299,-514953.4501,-436843.6777,-452834.5202
2051000,2363.1295,13736.3929,62527.8944,-516795.8157,-438168.3989,-454267.9213
2052000,2363.8916,13784.7134,62191.2012,-515483.3843,-437143.5781,-453292.18309999997
2053000,2373.2603,13818.614,61940.4532,-515618.7251,-437486.39759999997,-453678.2719
2054000,2326.4594,13754.8538,62125.9909,-516073.9868,-437866.6827,-453947.99590000004
2055000,2359.4891,13856.678,62135.8204,-515690.6544,-437338.6669,-453554.83400000003
2056000,2372.5573,13767.04,62606.9122,-517058.2027,-438311.69320000004,-454451.2905
2057000,2389.6701,13744.2819,62262.7388,-515690.3474,-437293.65660000005,-453427.60860000004
2058000,2322.7863,13851.1376,61508.2226,-514377.9321,-436695.78559999994,-452869.7095
2059000,2391.1932,13853.8589,61891.0198,-515071.7743,-436935.7024,-453180.7545
2060000,2360.5407,13845.1877,61870.057,-515472.4796,-437396.6942,-453602.42260000005
2061000,2372.6643,13801.7394,62122.3331,-515730.0651,-437433.3283,-453607.732
2062000,2344.8463,13699.3931,61910.6312,-515850.2293,-437895.3587,-453939.5981
2063000,2373.7516,13757.9952,61854.7679,-515471.6816,-437485.1669,-453616.91370000003
2064000,2350.4755,13799.2297,61610.6141,-514682.1279,-436921.8086,-453071.5138
2065000,2350.2986,13876.9732,62259.5859,-515866.7116,-437379.8539,-453607.1257
2066000,2379.9543,13761.1078,62227.2386,-515570.9108,-437202.61010000005,-453343.67220000003
2067000,2336.43,13839.9862,61912.3123,-515777.0369,-437688.3084,-453864.7246
2068000,2369.1807,13791.5545,62171.9302,-516233.5432,-437900.8778,-454061.613
2069000,2357.9972,13821.8614,61773.5678,-515159.3174,-437205.891,-453385.7496
2070000,2361.3683,13915.9879,62601.376,-517077.174,-438198.44180000003,-454475.798
2071000,2362.2017,13801.9797,62256.8614,-517014.8914,-438593.8486,-454758.03
2072000,2351.824,13805.8899,62336.0048,-516289.1912,-437795.47250000003,-453953.1864
2073000,2392.1641,13777.4045,61882.7424,-515606.0474,-437553.7364,-453723.305
2074000,2349.7747,13833.7535,62148.4468,-515741.0213,-437409.04630000005,-453592.57450000005
2075000,2337.1389,13721.2236,61614.5574,-515437.2106,-437764.2907,-453822.6532
2076000,2362.0982,13840.8687,62573.1084,-516577.5024,-437801.4271,-454004.394
2077000,2372.4101,13833.5223,62292.4439,-516210.6985,-437712.3222,-453918.2546
2078000,2330.1416,13825.7391,62076.6851,-515446.1284,-437213.56259999995,-453369.4433
2079000,2368.6542,13726.7628,62081.1958,-515722.8757,-437546.2629,-453641.6799
2080000,2340.6331,13793.7904,62241.5365,-515621.5173,-437245.5573,-453379.9808
2081000,2338.0302,13751.2287,62141.0886,-515422.8861,-437192.53859999997,-453281.7975
2082000,2338.1962,13835.3031,61884.6233,-515082.3901,-437024.2675,-453197.76680000004
2083000,2337.5292,13743.849,61978.35,-515986.0862,-437926.358,-454007.73620000004
2084000,2336.8347,13743.3849,62586.0544,-516998.6144,-438332.3404,-454412.56
2085000,2340.066,13777.6238,61788.3919,-515658.5486,-437752.4669,-453870.1567
2086000,2391.2069,13833.3317,62000.4532,-516307.9744,-438082.9826,-454307.5212
2087000,2340.5459,13797.459,62118.9033,-515574.1426,-437317.2344,-453455.2393
2088000,2358.1471,13855.4078,62138.6483,-515429.8173,-437077.6141,-453291.169
2089000,2352.0379,13640.6924,62350.0472,-516582.1905,-438239.41300000006,-454232.1433
2090000,2356.1753,13832.9605,62479.0564,-516034.4588,-437366.26660000003,-453555.4024
2091000,2344.2899,13643.9656,61755.9069,-515192.5376,-437448.3752,-453436.6307
2092000,2366.2492,13770.9277,62081.121,-515567.3053,-437349.0074,-453486.1843
2093000,2355.0665,13671.8359,62368.2177,-515212.4007,-436817.2806,-452844.183
2094000,2395.7841,13735.8606,61766.638,-515474.0966,-437575.8139,-453707.4586
2095000,2335.1268,13724.2321,61550.0436,-514994.4663,-437385.0638,-453444.4227
2096000,2363.1271,13816.1437,62761.973,-516837.7133,-437896.4695,-454075.7403
2097000,2363.0776,13770.1574,62087.8897,-515918.2289,-437697.1042,-453830.3392
2098000,2362.8462,13832.022,62369.8069,-516552.3147,-437987.6396,-454182.50779999996
2099000,2346.8267,13652.1429,62115.0531,-516264.6302,-438150.60750000004,-454149.5771
2100000,2363.7971,13815.9175,61829.4449,-515084.5047,-437075.3452,-453255.0598
2101000,2323.8705,13733.5052,62267.5128,-515810.1688,-437485.2803,-453542.65599999996
2102000,2353.3105,13801.7281,62263.0193,-516163.3583,-437745.3004,-453900.33900000004
2103000,2355.4186,13735.1168,62084.8388,-516564.698,-438389.3238,-454479.85919999995
2104000,2346.5198,13751.518,62525.9527,-516935.1945,-438311.20399999997,-454409.24179999996
2105000,2357.5681,13744.0467,62204.1206,-516012.5106,-437706.7752,-453808.38999999996
2106000,2333.2268,13673.7854,62344.2805,-515973.6105,-437622.3178,-453629.33
2107000,2373.788,13721.8073,62496.5335,-515875.9833,-437283.8545,-453379.4498
2108000,2363.8689,13822.0076,62316.4324,-515918.5976,-437416.2887,-453602.1652
2109000,2383.8527,13820.3237,62064.9878,-514851.8398,-436582.6756,-452786.852
2110000,2361.1223,13708.8081,61781.0124,-515265.7729,-437414.83009999996,-453484.7605
2111000,2367.2666,13800.1865,61944.1624,-515160.8989,-437049.28339999996,-453216.7365
2112000,2342.8095,13744.392,61917.658,-515323.3037,-437318.44419999997,-453405.6457
2113000,2340.1659,13671.6921,61965.4487,-515803.5198,-437826.2131,-453838.0711
2114000,2359.9097,13703.345,61868.6276,-515726.7467,-437794.8644,-453858.1191
2115000,2387.54,13811.7928,61521.5053,-515206.7629,-437485.9248,-453685.25759999995
2116000,2321.7305,13806.4411,62144.6677,-515565.6711,-437292.8318,-453421.0034
2117000,2378.6768,13834.9431,62067.4378,-515458.6341,-437177.5764,-453391.1963
2118000,2411.6402,13796.7637,62111.7389,-515921.7434,-437601.6006,-453810.0045
2119000,2347.2552,13837.9104,62787.5591,-517051.4737,-438078.74899999995,-454263.91459999996
2120000,2337.8879,13775.8421,62414.0471,-516501.0871,-437973.31,-454087.04
2121000,2326.481,13724.8683,62350.1061,-516515.0041,-438113.54870000004,-454164.89800000004
2122000,2351.6079,13798.3726,62305.4379,-517064.6231,-438609.2047,-454759.1852
2123000,2375.187,13722.4769,61902.053,-515976.5603,-437976.8434,-454074.5073
2124000,2290.308,13656.1046,61945.7509,-515370.493,-437478.3295,-453424.74210000003
2125000,2362.2974,13788.9162,62621.8558,-517026.5643,-438253.49490000005,-454404.7085
2126000,2359.5035,13779.8172,62207.8087,-516070.4406,-437723.3112,-453862.6319
2127000,2340.992,13783.6365,62209.7464,-516055.7629,-437721.388,-453846.01649999997
2128000,2353.725,13778.9741,62347.1118,-516024.4196,-437544.60870000004,-453677.3078
2129000,2324.1219,13630.3442,62519.8924,-516291.4115,-437817.05299999996,-453771.5191
2130000,2330.4432,13735.8173,62117.1753,-515720.8484,-437537.41260000004,-453603.6731
2131000,2367.6148,13803.7427,61910.1213,-516207.5685,-438126.0897,-454297.4472
2132000,2362.3938,13709.3774,62120.4641,-515484.973,-437292.7377,-453364.5089
2133000,2392.133,13757.6865,61926.6095,-515730.4444,-437654.0154,-453803.83489999996
2134000,2334.8005,13818.5544,62094.1148,-515339.0635,-437091.5938,-453244.9487
2135000,2361.4152,13794.2593,61820.0632,-515104.6094,-437128.8717,-453284.54620000004
2136000,2381.4577,13894.7127,62055.8488,-515810.1275,-437478.1083,-453754.2787
2137000,2357.7214,13835.6895,61734.6464,-515223.1638,-437295.1065,-453488.5174
2138000,2346.5435,13784.8479,61838.267,-515091.0891,-437121.43069999997,-453252.8221
2139000,2345.0368,13717.1475,62156.5314,-515567.2012,-437348.4855,-453410.66980000003
2140000,2371.9829,13690.1139,61654.6832,-514935.1021,-437218.3221,-453280.41890000005
2141000,2349.1573,13760.6822,62368.172,-516484.6918,-438006.6803,-454116.51979999995
2142000,2304.5037,13819.5202,61461.4525,-514374.1936,-436788.7172,-452912.7411
2143000,2372.3783,13830.4891,61953.6365,-514803.6593,-436647.1554,-452850.0228
2144000,2373.8991,13832.5545,61765.895,-515358.0964,-437385.7478,-453592.20139999996
2145000,2331.3797,13656.3297,62322.8454,-515673.4518,-437362.897,-453350.6064
2146000,2348.7968,13679.0923,62043.2636,-514556.5627,-436485.41000000003,-452513.2991
2147000,2339.3438,13802.3618,62798.4829,-516366.7111,-437426.5226,-453568.2282
2148000,2354.7176,13883.1517,62027.68,-515920.9952,-437655.4459,-453893.3152
2149000,2348.7365,13719.8347,61740.323,-515570.4052,-437761.511,-453830.0822
2150000,2325.1826,13761.5908,62047.0954,-515960.1889,-437826.3201,-453913.0935
2151000,2370.3594,13862.842,62082.8152,-516367.2618,-438051.2452,-454284.44659999997
2152000,2350.3871,13754.3061,62016.462,-515578.4263,-437457.2711,-453561.9643
2153000,2370.5178,13778.9928,62368.1132,-516281.9235,-437764.2997,-453913.81029999995
2154000,2336.4295,13825.1408,62410.4892,-516202.6702,-437630.61069999996,-453792.181
2155000,2371.4073,13688.7091,61544.1369,-515340.1167,-437735.86340000003,-453795.97980000003
2156000,2320.3049,13753.9269,62265.9538,-515519.0032,-437178.81759999995,-453253.04939999996
2157000,2393.3674,13816.904,62240.1155,-515379.646,-436929.2591,-453139.5305
2158000,2355.4829,13758.8432,61836.3436,-515035.7401,-437085.07039999997,-453199.3965
2159000,2351.0512,13776.6781,62077.3847,-515515.6315,-437310.5175,-453438.2468
2160000,2340.4873,13673.9936,62226.3556,-515236.7047,-436995.8682,-453010.3491
2161000,2363.3185,13869.0541,61873.1444,-515450.7872,-437345.2702,-453577.64280000003
2162000,2364.5786,13863.3838,62347.61,-515695.3143,-437119.7419,-453347.70430000004
2163000,2365.1381,13770.0813,61999.4707,-516065.6652,-437930.9751,-454066.1945
2164000,2372.8872,13874.4076,62058.462,-516116.4902,-437810.7334,-454058.0282
2165000,2344.87,13674.0795,62255.5577,-516249.2569,-437974.7497,-453993.6992
2166000,2345.2613,13833.9284,62112.5899,-516277.4044,-437985.6248,-454164.8145
2167000,2358.9792,13774.3874,62148.6541,-515990.9476,-437708.9269,-453842.2935
2168000,2348.205,13761.0504,61597.8212,-515362.5741,-437655.49750000006,-453764.7529
2169000,2368.0317,13767.5276,62173.0754,-516670.9151,-438362.2804,-454497.8397
2170000,2360.6474,13764.7892,62121.487,-515697.6617,-437450.7381,-453576.1747
2171000,2374.3511,13696.2688,62111.7834,-515710.3562,-437527.9529,-453598.57279999997
2172000,2351.9149,13775.221,62461.8076,-516665.5788,-438076.6353,-454203.7712
2173000,2391.0632,13702.2587,61723.9778,-515286.7421,-437469.44239999994,-453562.7643
2174000,2353.5143,13775.5025,61888.8314,-515846.7991,-437828.9509,-453957.9677
2175000,2318.9679,13759.9316,62253.2376,-515818.4972,-437486.3601,-453565.2596
2176000,2383.8127,13805.7669,62481.3627,-516907.5401,-438236.5978,-454426.1774
2177000,2358.4198,13748.029,62301.1224,-516427.0453,-438019.4741,-454125.9229
2178000,2343.871,13682.5783,62311.341,-516173.8383,-437836.048,-453862.4973
2179000,2388.1365,13810.5466,62430.8351,-516010.1112,-437380.593,-453579.2761
2180000,2370.0154,13713.9837,61811.0195,-515788.4082,-437893.3896,-453977.3887
2181000,2354.4494,13746.1907,61544.5405,-515289.9696,-437644.789,-453745.4291
2182000,2384.6285,13825.1878,61970.8976,-515659.0388,-437478.3249,-453688.14119999995
2183000,2337.9643,13799.4177,61860.9765,-515426.5881,-437428.22959999996,-453565.6116
2184000,2349.5369,13770.838,62372.7922,-517102.9543,-438609.78719999996,-454730.16209999996
2185000,2372.1454,13871.217,62211.6307,-516528.9936,-438074.00049999997,-454317.3629
2186000,2343.0163,13750.4309,61825.8204,-515842.8072,-437923.5396,-454016.98679999996
2187000,2339.8818,13781.3958,61804.5014,-515139.9188,-437214.1398,-453335.4174
2188000,2360.2739,13777.0684,62201.8172,-515923.9429,-437584.7834,-453722.12570000003
2189000,2352.4731,13780.3158,62000.6487,-515834.2904,-437700.8528,-453833.6417
2190000,2371.2469,13710.1534,62357.0587,-515365.6079,-436927.14890000003,-453008.5492
2191000,2324.543,13733.8682,62064.8099,-515826.0113,-437702.79020000005,-453761.2014
2192000,2325.9631,13815.5896,61753.8679,-515134.5177,-437239.0971,-453380.6498
2193000,2353.2596,13756.4029,62188.9019,-515968.2881,-437669.7237,-453779.3862
2194000,2361.5636,13633.3259,62195.6191,-516098.7946,-437908.286,-453903.1755
2195000,2364.5411,13743.6842,62096.5286,-515768.1794,-437563.4255,-453671.6508
2196000,2357.9147,13775.6943,61826.4659,-515232.2637,-437272.1888,-453405.7978
2197000,2383.3368,13864.2255,61865.2085,-516161.217,-438048.4462,-454296.0085
2198000,2344.9241,13755.7071,62246.1964,-515896.6902,-437549.8626,-453650.4938
2199000,2390.9579,13855.4068,62113.4724,-515803.9383,-437444.1012,-453690.46589999995
2200000,2379.767,13756.3534,62177.6876,-515583.5054,-437269.69740000006,-453405.8178
2201000,2340.0178,13766.0198,62256.8303,-515978.7827,-437615.91479999997,-453721.95239999995
2202000,2331.853,13671.0716,61444.2104,-514076.9532,-436629.8182,-452632.7428
2203000,2376.7817,13715.7721,62019.9131,-514888.6681,-436776.2012,-452868.755
2204000,2330.5104,13763.0012,62073.3831,-515475.9381,-437309.0434,-453402.55500000005
2205000,2365.5054,13759.6805,62214.7611,-515886.1299,-437546.1829,-453671.3688
2206000,2363.6461,13798.8818,62096.3468,-515583.1498,-437324.2751,-453486.803
2207000,2375.6964,13796.785,61773.3703,-515557.3392,-437611.4875,-453783.9689
2208000,2333.9303,13722.0439,62294.1637,-516396.1443,-438046.00639999995,-454101.9806
2209000,2358.0992,13707.0028,62038.2746,-515615.323,-437511.94639999996,-453577.04839999997
2210000,2371.9925,13812.1159,62417.0411,-516399.1049,-437797.9554,-453982.0638
2211000,2383.2065,13799.8948,62140.3911,-516246.7669,-437923.2745,-454106.3758
2212000,2366.6718,13777.8712,62015.8291,-515981.0615,-437820.68940000003,-453965.2324
2213000,2370.3367,13718.0247,62229.9073,-516154.0756,-437835.80689999997,-453924.16829999996
2214000,2378.7957,13698.403,62382.7617,-516048.3018,-437588.34140000003,-453665.5401
2215000,2319.2198,13717.4868,62104.2037,-516034.3879,-437893.4776,-453930.18419999996
2216000,2353.7675,13760.4849,62010.151,-515951.9919,-437827.5885,-453941.8409
2217000,2331.3752,13709.8035,62297.0637,-516508.4406,-438170.1982,-454211.3769
2218000,2332.8304,13821.8542,61774.1204,-515673.856,-437745.05100000004,-453899.7356
2219000,2340.047,13722.4553,62111.5836,-516305.1473,-438131.0614,-454193.5637
2220000,2379.1995,13641.5778,61822.2498,-515612.8009,-437769.77379999997,-453790.5511
2221000,2380.3222,13734.7312,61950.516,-515439.506,-437373.9366,-453488.99
2222000,2343.7606,13741.4633,62013.2216,-515779.0494,-437680.6039,-453765.8278
2223000,2343.2014,13751.553,62113.4206,-515667.992,-437459.81700000004,-453554.5714
2224000,2375.0007,13784.4562,62299.996,-516260.242,-437800.78910000005,-453960.24600000004
2225000,2370.4467,13771.3713,62495.5921,-515808.7447,-437171.33459999994,-453313.1526
2226000,2334.8819,13698.1051,61703.6676,-515056.9853,-437320.3307,-453353.3177
2227000,2377.4619,13796.4119,62447.4566,-516422.1967,-437800.8663,-453974.7401
2228000,2345.8606,13885.0884,61818.6783,-515124.0678,-437074.4405,-453305.38950000005
2229000,2372.2753,13802.0194,61216.12,-515832.4862,-438442.07149999996,-454616.3662
2230000,2381.9484,13925.9035,62399.4284,-516471.218,-437763.9377,-454071.7896
2231000,2332.6642,13741.2107,61993.9294,-515864.4113,-437796.60699999996,-453870.48189999996
2232000,2352.8456,13803.1029,61677.0164,-514981.6395,-437148.67459999997,-453304.62309999997
2233000,2374.2848,13788.9028,61953.5286,-515922.7315,-437806.01529999997,-453969.2029
2234000,2339.7126,13863.6491,62102.344,-516473.3221,-438167.6164,-454370.9781
2235000,2352.9461,13743.3926,62175.9827,-515710.2939,-437437.9725,-453534.3112
2236000,2329.8599,13792.6166,62254.9931,-516134.6378,-437757.1682,-453879.6447
2237000,2302.6876,13744.7674,61572.8543,-515681.2926,-438060.98329999996,-454108.4383
2238000,2391.973,13884.096,61796.3505,-514809.8023,-436737.38279999996,-453013.4518
2239000,2319.6624,13789.2465,61944.8475,-515654.5102,-437600.7538,-453709.6627
2240000,2330.7786,13779.217,61801.3292,-515783.0664,-437871.7416,-453981.73720000003
2241000,2325.83,13751.0263,62093.2174,-515464.3333,-437294.2596,-453371.1159
2242000,2379.8253,13766.8585,62121.1818,-515091.2383,-436823.3727,-452970.0565
2243000,2331.7989,13762.04,61653.4853,-515199.9013,-437452.5771,-453546.416
2244000,2358.2782,13698.3481,61635.2515,-515123.582,-437431.7042,-453488.3305
2245000,2340.0994,13789.8468,61990.1199,-515280.8141,-437160.748,-453290.6942
2246000,2359.0543,13772.0257,62362.6328,-515736.5304,-437242.8176,-453373.89759999997
2247000,2367.8879,13785.8264,61842.0328,-515006.5881,-437010.841,-453164.5553
2248000,2335.2458,13722.8008,61977.21,-515086.5322,-437051.27560000005,-453109.3222
2249000,2351.1551,13749.3449,61900.334,-515996.9576,-437996.12360000005,-454096.62360000005
2250000,2322.5154,13705.8892,62173.5273,-515522.572,-437320.64009999996,-453349.04469999997
2251000,2383.3844,13788.5318,61537.3106,-514838.3959,-437129.1691,-453301.08530000004
2252000,2365.4854,13802.8876,62022.7513,-515576.6674,-437385.5431,-453553.9161
2253000,2372.2023,13816.8886,62369.9794,-516072.3523,-437513.282,-453702.3729
2254000,2354.6326,13763.5081,62180.4785,-515317.7667,-437019.14749999996,-453137.28819999995
2255000,2324.0113,13792.0412,62254.538,-516132.8356,-437762.2451,-453878.2976
2256000,2361.9312,13728.5543,61945.2476,-515971.431,-437935.69789999997,-454026.1834
2257000,2369.9186,13756.378,62304.4244,-516205.0428,-437774.3218,-453900.6184
2258000,2381.7873,13788.1976,61789.3273,-515587.703,-437628.3908,-453798.3757
2259000,2345.818,13826.5362,61960.0977,-516150.8653,-438018.4134,-454190.7676
2260000,2356.2254,13700.3906,62366.5963,-516425.4126,-438002.20029999997,-454058.8163
2261000,2319.2718,13802.1153,61812.2888,-515491.8039,-437558.128,-453679.5151
2262000,2353.6479,13827.6538,62090.0687,-515892.9154,-437621.545,-453802.8467
2263000,2361.0277,13647.2349,62465.8898,-516459.4378,-437985.28540000005,-453993.548
2264000,2344.6972,13749.5251,62227.2152,-516140.172,-437818.7345,-453912.95680000004
2265000,2351.3764,13760.71,62119.7577,-515952.2208,-437720.3767,-453832.4631
2266000,2362.352,13822.2326,62717.504,-516500.3739,-437598.2853,-453782.8699
2267000,2362.8934,13667.4864,61983.0264,-516545.1973,-438531.79110000003,-454562.1709
2268000,2362.3915,13719.7614,62390.2896,-515929.3674,-437456.9249,-453539.07779999997
2269000,2357.6099,13804.6857,62435.7555,-516126.6065,-437528.5554,-453690.851
2270000,2356.1472,13726.9292,61846.3111,-515520.264,-437590.8765,-453673.95290000003
2271000,2385.3237,13720.5147,62091.1133,-515479.9892,-437283.0375,-453388.8759
2272000,2317.8093,13780.4303,62102.8047,-515496.3961,-437295.3518,-453393.59140000003
2273000,2367.191,13823.61,62154.8249,-515865.1665,-437519.5406,-453710.3416
2274000,2324.1091,13732.5929,61782.3297,-515636.4028,-437797.3711,-453854.0731
2275000,2363.8647,13730.4685,61979.4856,-515643.3279,-437569.50909999997,-453663.84229999996
2276000,2390.2318,13838.0525,62017.2393,-515263.6839,-437018.1603,-453246.4446
2277000,2348.727,13731.9874,61859.3571,-514653.6344,-436713.56289999996,-452794.27729999996
2278000,2315.9551,13834.5023,61623.9225,-515278.1682,-437503.7883,-453654.2457
2279000,2381.8229,13753.175,62439.7916,-515915.9253,-437341.1358,-453476.1337
2280000,2324.3459,13702.4843,62280.6483,-516045.9369,-437738.4584,-453765.28859999997
2281000,2360.2202,13732.0124,62308.9644,-516168.7418,-437767.54480000003,-453859.7774
2282000,2370.8993,13830.7431,62188.1234,-515678.9698,-437289.204,-453490.84640000004
2283000,2368.1801,13732.9306,61837.2186,-515256.2739,-437317.9446,-453419.05529999995
2284000,2333.9359,13727.877,61829.2081,-515066.8624,-437175.8414,-453237.6543
2285000,2361.508,13829.5633,61283.6572,-514075.8678,-436601.13930000004,-452792.2106
2286000,2374.2446,13737.9873,61542.1586,-515068.7381,-437414.3476,-453526.5795
2287000,2341.8611,13780.372,62149.8287,-515829.0653,-437557.0035,-453679.2366
2288000,2325.174,13739.3256,61824.0276,-515271.0043,-437382.47709999996,-453446.9767
2289000,2320.3878,13679.4135,62202.9503,-515915.0853,-437712.33369999996,-453712.135
2290000,2353.3225,13826.2258,61781.8015,-516198.0146,-438236.6648,-454416.2131
2291000,2336.7884,13787.5934,62264.2989,-516165.9538,-437777.2731,-453901.6549
2292000,2343.9829,13740.9922,62310.816,-516145.8447,-437750.0536,-453835.0287
2293000,2349.8408,13756.2061,62198.1292,-515178.2243,-436874.0482,-452980.0951
2294000,2329.508,13708.7553,61847.2816,-514870.6995,-436985.1546,-453023.4179
2295000,2370.2449,13756.2874,61924.3742,-515266.6162,-437215.7097,-453342.24199999997
2296000,2348.1313,13831.7231,61884.7057,-515569.1462,-437504.5861,-453684.4405
2297000,2365.761,13834.0991,61901.3526,-515580.7848,-437479.5721,-453679.43220000004
2298000,2330.6327,13851.8188,62453.1669,-516492.3533,-437856.73490000004,-454039.1864
2299000,2315.881,13704.6364,61856.4682,-514849.8911,-436972.9055,-452993.4229
2300000,2329.9101,13687.1849,61750.0953,-515328.8041,-437561.6138,-453578.7088
2301000,2343.2337,13824.1922,61932.816,-515790.2334,-437689.9915,-453857.41740000003
2302000,2378.8405,13808.0171,61623.5502,-515679.9306,-437869.52280000004,-454056.3804
2303000,2336.1034,13702.4033,62130.6189,-516158.2191,-437989.09349999996,-454027.6002
2304000,2313.97,13691.3036,61923.7714,-515465.6486,-437536.60360000003,-453541.8772
2305000,2357.9538,13817.4101,62325.8246,-516361.1786,-437859.9901,-454035.354
2306000,2378.1255,13676.8938,62104.1499,-515786.8319,-437627.6627,-453682.682
2307000,2357.9029,13743.1647,61593.6903,-514888.3454,-437193.5875,-453294.6551
2308000,2353.0766,13795.4228,62320.5637,-516775.3978,-438306.3347,-454454.8341
2309000,2383.3354,13851.7825,62198.2223,-515982.818,-437549.4778,-453784.5957
2310000,2378.4549,13803.7153,61992.9684,-516480.1592,-438305.0206,-454487.1908
2311000,2340.6153,13736.4081,62158.4849,-516262.1614,-438026.6531,-454103.6765
2312000,2364.1885,13815.547,62339.1609,-515892.9582,-437374.0618,-453553.7973
2313000,2387.4554,13767.1298,61966.4686,-515559.2072,-437438.1534,-453592.7386
2314000,2353.7954,13754.5016,61817.8379,-515329.8684,-437403.7335,-453512.0305
2315000,2359.6469,13748.9768,61883.7675,-515542.7622,-437550.371,-453658.9947
2316000,2382.6409,13760.1541,62043.724,-515848.6678,-437662.14879999997,-453804.9438
2317000,2349.1394,13797.7625,62435.3565,-516265.2912,-437683.0328,-453829.9347
2318000,2340.1823,13783.2082,61935.8478,-515548.3187,-437489.0804,-453612.4709
2319000,2371.7752,13697.1779,62266.2878,-516721.5985,-438386.3576,-454455.31070000003
2320000,2350.351,13690.8008,61656.4918,-515206.2335,-437508.58989999996,-453549.74169999996
2321000,2326.914,13817.6934,61902.8702,-515550.9623,-437503.48470000003,-453648.0921
2322000,2329.2779,13793.9024,62210.2425,-515560.4213,-437226.9985,-453350.1788
2323000,2335.7121,13780.5038,62138.3466,-516053.3999,-437798.8374,-453915.0533
2324000,2342.5465,13688.4866,62514.0694,-516857.2823,-438312.17980000004,-454343.21290000004
2325000,2322.6856,13702.6265,61498.0651,-514869.6596,-437346.2824,-453371.5945
2326000,2365.2886,13787.1373,62849.9112,-516887.2535,-437884.9164,-454037.3423
2327000,2336.4349,13762.9253,62519.6177,-516867.3644,-438248.3865,-454347.7467
2328000,2334.2474,13816.1209,62009.6994,-515711.3493,-437551.2816,-453701.6499
2329000,2385.2099,13874.4322,62469.2239,-516293.0793,-437564.2133,-453823.8554
2330000,2358.6591,13762.2316,61826.4681,-515520.385,-437573.0262,-453693.9169
2331000,2308.6497,13733.5539,62063.4157,-516397.9828,-438292.3635,-454334.5671
2332000,2350.8376,13888.3086,61831.8485,-515157.9406,-437086.9459,-453326.09209999995
2333000,2359.4313,13769.2954,61857.72,-516089.6319,-438103.18519999995,-454231.91189999995
2334000,2362.1541,13864.1872,62238.283,-515958.8542,-437494.22990000003,-453720.5712
2335000,2364.2672,13683.3503,61916.017,-515456.2551,-437492.6206,-453540.2381
2336000,2350.8699,13829.6212,61955.3584,-515911.8439,-437775.99439999997,-453956.48549999995
2337000,2372.5589,13812.1459,61832.2314,-514808.7863,-436791.8501,-452976.5549
2338000,2338.9623,13758.0625,62067.7424,-516071.4081,-437906.6409,-454003.6657
2339000,2329.9055,13797.9036,61457.4423,-515222.2924,-437637.04099999997,-453764.8501
2340000,2348.0387,13835.4417,62110.9874,-516025.0365,-437730.5687,-453914.0491
2341000,2397.913,13825.0378,62282.9843,-515980.1824,-437474.2473,-453697.1981
2342000,2342.4789,13711.8418,61647.6787,-515546.2227,-437844.22329999995,-453898.544
2343000,2367.4032,13787.0615,61819.4746,-515661.9334,-437687.9941,-453842.45879999996
2344000,2364.1312,13814.9874,62144.4798,-515670.2372,-437346.63879999996,-453525.7574
2345000,2349.7217,13763.6571,61832.3505,-515399.0656,-437453.33629999997,-453566.7151
2346000,2340.8629,13683.082,62203.2149,-516204.7964,-437977.63659999997,-454001.5815
2347000,2371.2423,13807.2283,62409.7544,-516389.6418,-437801.4168,-453979.8874
2348000,2338.0647,13853.372,61825.2595,-515979.2975,-437962.6013,-454154.038
2349000,2372.6883,13771.6312,62248.1818,-515807.7117,-437415.2104,-453559.52989999996
2350000,2325.971,13798.376,62243.1736,-516151.8364,-437784.3158,-453908.6628
2351000,2371.0692,13774.2598,62173.4264,-515762.4855,-437443.73010000004,-453589.0591
2352000,2348.95,13730.1039,62239.1288,-516661.9451,-438343.7624,-454422.8163
2353000,2362.1577,13736.5365,61815.4339,-515875.9173,-437961.7892,-454060.48339999997
2354000,2351.3824,13703.0497,61825.9411,-515546.0669,-437665.69369999995,-453720.1258
2355000,2333.7081,13847.011,61974.2105,-515650.2438,-437495.3142,-453676.0333
2356000,2350.5897,13703.0467,61841.889,-515431.4922,-437535.9668,-453589.60319999995
2357000,2325.1206,13634.4411,61853.1215,-515414.393,-437601.70979999995,-453561.2715
2358000,2372.1292,13779.6739,61754.2473,-515415.8317,-437509.7813,-453661.5844
2359000,2371.0337,13748.4296,61933.597,-515142.885,-437089.8247,-453209.288
2360000,2328.1171,13747.0439,61803.6203,-515236.7079,-437357.9266,-453433.08759999997
2361000,2369.4415,13770.0561,62086.0481,-516207.6693,-437982.1236,-454121.6212
2362000,2352.1819,13735.1666,62019.284,-515830.8102,-437724.1777,-453811.5262
2363000,2364.918,13738.7301,62325.283,-515973.144,-437544.2129,-453647.861
2364000,2343.7079,13660.8137,61883.2725,-514823.1434,-436935.3493,-452939.8709
2365000,2363.5169,13745.8484,61718.1212,-516021.2115,-438193.725,-454303.0903
2366000,2362.5969,13739.5166,62312.2592,-516396.4803,-437982.1076,-454084.22109999997
2367000,2353.9718,13759.7855,61858.4795,-515131.8555,-437159.6187,-453273.376
2368000,2374.2955,13784.1138,62236.8443,-516009.4354,-437614.1818,-453772.5911
2369000,2334.6815,13675.287,62574.0283,-516099.1196,-437515.1228,-453525.0913
2370000,2349.6353,13762.3688,61755.5077,-515361.738,-437494.22620000003,-453606.2303
2371000,2356.4034,13807.2,62434.8691,-516390.4265,-437791.954,-453955.5574
2372000,2362.0419,13671.8003,61899.1831,-515570.7495,-437637.72419999994,-453671.56639999995
2373000,2336.2588,13863.8258,61974.2073,-515816.0782,-437641.7863,-453841.8709
2374000,2370.0758,13678.4144,61624.7179,-515291.2549,-437618.0468,-453666.537
2375000,2355.3033,13732.4902,62000.356,-515955.0171,-437866.8676,-453954.6611
2376000,2337.1999,13744.781,62095.3048,-515692.2978,-437515.0121,-453596.993
2377000,2351.7131,13736.2007,61763.3571,-515555.7281,-437704.4572,-453792.371
2378000,2347.0539,13700.9219,61775.8789,-515300.4587,-437476.60400000005,-453524.5798
2379000,2319.827,13812.7548,61809.8466,-515377.4971,-437435.06869999995,-453567.6505
2380000,2383.2342,13830.1102,61958.6195,-515476.583,-437304.6191,-453517.96349999995
2381000,2355.1506,13839.5259,61848.665,-514662.2185,-436618.877,-452813.55350000004
2382000,2365.9084,13700.6953,61640.3166,-515333.2968,-437626.3765,-453692.9802
2383000,2343.6561,13724.3568,61758.7659,-515140.8477,-437314.06889999995,-453382.0818
2384000,2341.3643,13791.1779,62219.0974,-516210.8165,-437859.1769,-453991.7191
2385000,2360.2093,13814.1959,62550.8641,-515981.6242,-437256.35490000003,-453430.7601
2386000,2331.4788,13687.0417,61912.6799,-515377.5052,-437446.30480000004,-453464.8253
2387000,2396.1492,13736.6535,61918.2711,-515478.9454,-437427.8716,-453560.6743
2388000,2366.1265,13701.7653,61828.343,-515559.1964,-437662.96160000004,-453730.8534
2389000,2367.4114,13810.4677,62053.8914,-516117.8969,-437886.1264,-454064.00549999997
2390000,2386.7643,13822.4375,62158.9603,-516371.9687,-438003.8066,-454213.00840000005
2391000,2362.0005,13733.8322,62320.5169,-515628.5123,-437212.1627,-453307.9954
2392000,2365.3511,13818.2228,62331.5711,-516328.1378,-437812.9928,-453996.5667
2393000,2332.3953,13717.5995,62080.0272,-515832.6362,-437702.6142,-453752.609
2394000,2349.3109,13752.7903,62335.3572,-515894.2262,-437456.7678,-453558.86899999995
2395000,2343.9439,13781.7099,62113.6225,-516101.8394,-437862.5631,-453988.2169
2396000,2354.6044,13808.9517,61570.2869,-515479.5568,-437745.7138,-453909.2699
2397000,2355.6768,13792.9604,62080.7391,-516338.2885,-438108.9122,-454257.5494
2398000,2337.2325,13748.4295,62020.6946,-515990.8313,-437884.4747,-453970.13670000003
2399000,2346.6924,13789.8196,61851.4332,-515158.412,-437170.4668,-453306.97880000004
2400000,2352.0954,13744.9933,62521.4882,-516451.0854,-437832.5085,-453929.59719999996
2401000,2343.9355,13726.5302,61593.7406,-514602.957,-436938.7507,-453009.2164
2402000,2362.3084,13673.7895,61642.8704,-514374.9678,-436695.9995,-452732.09739999997
2403000,2342.3938,13700.9918,61982.8246,-515344.3503,-437318.14009999996,-453361.5257
2404000,2350.7161,13789.799,62209.2292,-515593.101,-437243.3567,-453383.8718
2405000,2319.3461,13739.9944,61634.4225,-514914.9807,-437221.21770000004,-453280.5582
2406000,2361.6678,13754.6087,62212.0715,-516663.6791,-438335.3311,-454451.6076
2407000,2341.6149,13857.8177,62293.3564,-516619.1371,-438126.3481,-454325.7807
2408000,2322.5372,13659.3316,62122.8104,-515746.4818,-437641.8026,-453623.6714
2409000,2342.2499,13758.1597,62389.8613,-516819.4339,-438329.163,-454429.5726
2410000,2364.6402,13685.667,62349.0207,-516172.0651,-437772.7372,-453823.0444
2411000,2367.8935,13797.5604,62428.7245,-516544.0724,-437949.894,-454115.3479
2412000,2359.5164,13799.8357,62572.3345,-517161.6685,-438429.9819,-454589.33400000003
2413000,2364.1749,13779.3348,62161.8369,-516640.8455,-438335.4989,-454479.0086
2414000,2344.61,13737.7888,62175.3104,-515891.229,-437633.5198,-453715.9186
2415000,2378.4049,13805.8477,61714.6707,-515442.3328,-437543.40949999995,-453727.66209999996
2416000,2336.6818,13776.4302,62053.3849,-515280.7816,-437114.28469999996,-453227.3967
2417000,2323.7409,13706.2782,62241.3038,-515849.5378,-437578.2149,-453608.234
2418000,2358.5336,13658.6871,61886.2799,-515297.0079,-437393.50730000006,-453410.728
2419000,2352.5789,13727.1197,61437.0178,-514934.3384,-437417.622,-453497.3206
2420000,2357.0509,13788.6217,61989.8266,-515294.1796,-437158.68039999995,-453304.353
2421000,2312.7874,13762.7719,61871.9897,-514955.0739,-437007.5249,-453083.08420000004
2422000,2376.246,13829.8894,61719.6147,-515641.2364,-437715.4863,-453921.6217
2423000,2356.7739,13751.517,62250.2388,-516082.3689,-437723.8392,-453832.1301
2424000,2379.2014,13790.3086,62428.884,-515845.2098,-437246.8158,-453416.3258
2425000,2317.7425,13685.8265,61788.0916,-515619.6287,-437827.9681,-453831.5371
2426000,2334.6459,13696.7084,61767.3885,-515205.9549,-437407.2121,-453438.5664
2427000,2362.5278,13794.2643,62388.9318,-516170.6045,-437624.88060000003,-453781.6727
2428000,2383.2806,13681.3708,61274.3849,-514067.5464,-436728.5101,-452793.1615
2429000,2384.7746,13683.5477,62186.5194,-515774.6884,-437519.8467,-453588.169
2430000,2340.7527,13743.4383,61947.6016,-514968.6162,-436936.8236,-453021.0146
2431000,2342.9888,13821.9809,61720.8688,-515156.6103,-437270.7718,-453435.7415
2432000,2330.4648,13743.6294,61692.748,-515363.8775,-437597.0353,-453671.1295
2433000,2371.4351,13770.8566,61558.3572,-515854.0147,-438153.3658,-454295.6575
2434000,2355.6134,13816.5834,62283.1092,-516181.2884,-437725.98240000004,-453898.1792
2435000,2353.3137,13690.8369,61725.3446,-515503.8107,-437734.31549999997,-453778.46609999996
2436000,2366.2988,13679.4972,61947.3831,-515766.2268,-437773.0477,-453818.8437
2437000,2390.8176,13845.3373,62044.3402,-515643.8428,-437363.3477,-453599.5026
2438000,2376.8934,13708.2954,61525.9761,-514981.8103,-437370.64540000004,-453455.83420000004
2439000,2350.3904,13549.1444,62285.6189,-515953.4755,-437768.32180000003,-453667.8566
2440000,2328.4141,13725.4886,62663.2015,-516402.6304,-437685.5262,-453739.4289
2441000,2334.543,13664.0243,62198.3806,-515515.085,-437318.13710000005,-453316.70440000005
2442000,2320.8822,13770.322,61996.645,-515570.8686,-437483.0194,-453574.22359999997
2443000,2346.1744,13818.9665,62319.5628,-516722.5933,-438237.8896,-454403.0305
2444000,2358.9529,13821.9133,63001.2325,-517448.2995,-438266.2008,-454447.06700000004
2445000,2332.839,13673.1332,62284.386,-516891.211,-438600.8528,-454606.825
2446000,2354.6078,13784.8637,61234.4467,-515142.1057,-437768.1875,-453907.659
2447000,2364.7551,13762.5385,61810.8623,-514966.1791,-437028.0232,-453155.31680000003
2448000,2340.2155,13872.0218,62232.4608,-516570.0637,-438125.3656,-454337.6029
2449000,2366.1545,13712.3646,62085.6141,-516132.3099,-437968.1767,-454046.6958
2450000,2387.9343,13808.4163,62303.9434,-516484.3481,-437984.0541,-454180.4047
2451000,2337.9328,13751.9935,61524.511,-515343.3893,-437728.952,-453818.8783
2452000,2335.7291,13741.4134,61947.0878,-515551.8903,-437527.66000000003,-453604.80250000005
2453000,2382.3185,13698.8481,61442.6503,-515078.7763,-437554.95940000005,-453636.12600000005
2454000,2343.1338,13831.0308,61637.5042,-514926.2494,-437114.5806,-453288.74519999995
2455000,2339.0849,13719.9722,61593.2981,-515244.6006,-437592.2454,-453651.3025
2456000,2331.7212,13696.7562,61987.8254,-516226.9684,-438210.6656,-454239.14300000004
2457000,2376.1712,13775.1596,61874.8921,-515727.5214,-437701.29850000003,-453852.62930000003
2458000,2396.015,13709.8558,62530.2806,-516841.5014,-438205.35,-454311.2208
2459000,2363.0464,13791.824,62099.2558,-515407.9208,-437153.7946,-453308.66500000004
2460000,2356.3256,13782.8687,62197.2522,-514848.8818,-436512.43529999995,-452651.6296
2461000,2346.5903,13792.3407,61736.5845,-515235.666,-437360.15050000005,-453499.08150000003
2462000,2351.7423,13691.2408,62071.2752,-515776.5112,-437662.2529,-453705.23600000003
2463000,2357.7895,13740.718,61778.3545,-515669.5913,-437792.7293,-453891.23679999996
2464000,2376.06,13927.444,61789.7966,-515108.0202,-437014.7196,-453318.2236
2465000,2362.982,13768.6144,62370.95,-516540.862,-438038.31560000003,-454169.912
2466000,2326.8479,13766.8358,62355.0203,-515492.5919,-437043.8879,-453137.5716
2467000,2386.4745,13794.4808,61840.4557,-515023.6101,-437002.19909999997,-453183.1544
2468000,2348.0289,13672.0336,61739.8211,-515235.4819,-437475.5983,-453495.6608
2469000,2382.6383,13850.4412,62258.8918,-516028.907,-437536.93570000003,-453770.0152
2470000,2351.3976,13726.2548,62038.5487,-515977.7411,-437861.54,-453939.1924
2471000,2358.6147,13748.7905,62020.9442,-516364.8816,-438236.5322,-454343.93740000005
2472000,2339.3755,13695.8109,62025.1894,-515740.5579,-437680.1821,-453715.3685
2473000,2366.0612,13695.5961,62291.7971,-516753.2186,-438399.76420000003,-454461.4215
2474000,2346.4621,13773.6046,61652.0842,-515711.7204,-437939.5695,-454059.6362
2475000,2362.9625,13825.8652,62252.2273,-515999.3069,-437558.25190000003,-453747.07960000006
2476000,2373.5074,13685.9174,62343.5353,-516621.3742,-438218.41410000005,-454277.83890000003
2477000,2362.79,13737.5252,62478.0661,-516779.0181,-438200.6368,-454300.952
2478000,2339.9578,13710.1119,62416.9144,-516568.8392,-438101.8551,-454151.9248
2479000,2332.9241,13674.0343,61916.7322,-515048.1081,-437124.4175,-453131.3759
2480000,2348.3746,13720.1187,62365.1598,-516130.5293,-437696.8762,-453765.3695
2481000,2317.2316,13740.8963,62389.5494,-516024.571,-437576.8937,-453635.0216
2482000,2347.5385,13762.768,62049.4824,-515792.9321,-437633.1432,-453743.4497
2483000,2363.6631,13706.3232,62484.9061,-516544.1627,-437989.2703,-454059.25659999996
2484000,2355.7231,13749.0709,62098.1944,-516272.898,-438069.9096,-454174.7036
2485000,2342.6596,13770.9658,62472.6101,-516259.9834,-437673.7479,-453787.37330000004
2486000,2321.2764,13722.3018,61908.9379,-515358.9864,-437406.4703,-453450.0485
2487000,2357.4718,13772.3737,61629.0619,-514801.4319,-437042.52450000006,-453172.37
2488000,2368.8807,13683.4075,61987.9159,-515440.3968,-437400.1927,-453452.48089999997
2489000,2340.156,13766.0467,61713.2401,-515482.494,-437663.0512,-453769.2539
2490000,2345.1784,13670.4064,62207.5275,-515426.2032,-437203.0909,-453218.6757
2491000,2358.7682,13733.3313,62339.5724,-516742.0573,-438310.38539999997,-454402.4849
2492000,2322.567,13755.6217,62296.8146,-516083.551,-437708.5477,-453786.7364
2493000,2381.5465,13708.8181,61185.5802,-514837.4638,-437561.51900000003,-453651.88360000006
2494000,2352.6664,13693.5131,62023.272,-515575.603,-437506.15150000004,-453552.331
2495000,2376.7772,13847.4357,62236.2982,-516191.4717,-437730.9606,-453955.1735
2496000,2387.4912,13773.9851,61831.8241,-515524.5546,-437531.25419999997,-453692.73049999995
2497000,2336.0561,13667.7068,61874.1018,-515527.2542,-437649.38950000005,-453653.1524
2498000,2336.5226,13736.8063,61699.054,-515031.3538,-437258.97089999996,-453332.2998
2499000,2368.5717,13707.2477,61776.9113,-515132.5953,-437279.8646,-453355.684
2500000,2337.4889,13716.6275,62299.8607,-515957.5006,-437603.5235,-453657.6399
2501000,2335.6607,13813.8553,62591.1577,-516090.1185,-437349.4448,-453498.9608
2502000,2357.6458,13649.582,61798.7318,-515537.5135,-437731.5539,-453738.7817
2503000,2377.5677,13703.6703,61865.875,-515056.8695,-437109.75649999996,-453190.9945
2504000,2359.4955,13705.7625,62199.4263,-515873.7617,-437609.07739999995,-453674.3354
2505000,2353.7448,13803.4165,61993.492,-515271.9725,-437121.31919999997,-453278.48049999995
2506000,2330.7149,13731.8581,61946.792,-515435.8497,-437426.48470000003,-453489.0577
2507000,2339.7166,13792.4443,61826.6478,-515428.9808,-437470.1721,-453602.33300000004
2508000,2386.1453,13797.0357,62199.3159,-516158.0681,-437775.5712,-453958.7522
2509000,2347.0329,13756.3412,62195.9725,-516004.146,-437704.7994,-453808.17350000003
2510000,2374.6208,13775.1348,61745.2993,-515139.3225,-437244.2676,-453394.0232
2511000,2301.7832,13803.6116,62139.1152,-515736.4255,-437491.9155,-453597.3103
2512000,2365.4069,13760.1601,61816.1738,-515680.124,-437738.38320000004,-453863.9502
2513000,2336.7654,13677.6925,61751.815,-514294.5622,-436528.2893,-452542.7472
2514000,2330.0042,13755.2926,62306.7463,-515618.9425,-437226.8994,-453312.1962
2515000,2338.866,13728.5116,62246.0079,-515529.3392,-437215.95369999995,-453283.33129999996
2516000,2357.9764,13725.6722,61689.2261,-514875.9467,-437103.072,-453186.7206
2517000,2373.1304,13733.4378,62375.3285,-516017.1819,-437535.28520000004,-453641.8534
2518000,2354.3454,13724.9053,62487.4934,-515944.867,-437378.1229,-453457.37360000005
2519000,2328.4474,13672.9696,62061.9292,-515856.5419,-437793.19570000004,-453794.6127
2520000,2355.5592,13743.768,62634.9997,-516858.2041,-438123.8772,-454223.2044
2521000,2346.1796,13717.5793,62469.9838,-516218.4466,-437684.7039,-453748.46280000004
2522000,2340.9051,13722.7273,62784.2325,-516605.6387,-437757.7738,-453821.4062
2523000,2369.5307,13809.0301,62147.6344,-515030.0796,-436703.8844,-452882.4452
2524000,2361.2485,13728.0482,61678.6948,-514984.9246,-437216.9331,-453306.22980000003
2525000,2374.5316,13713.7407,62396.0572,-515514.2646,-437029.9351,-453118.2074
2526000,2346.5279,13803.2497,62551.9423,-516358.8233,-437657.1034,-453806.881
2527000,2352.3192,13764.1398,61985.4808,-515698.7741,-437596.8343,-453713.29329999996
2528000,2367.6524,13804.8629,62081.5492,-515329.8635,-437075.799,-453248.31429999997
2529000,2351.2218,13670.4581,61790.0795,-514632.6316,-436820.87220000004,-452842.55210000003
2530000,2375.6273,13737.608,61411.6877,-514605.6713,-437080.7483,-453193.9836
2531000,2347.2978,13707.423,61945.0018,-515610.9297,-437611.2071,-453665.9279
2532000,2356.3213,13743.4964,61656.9956,-515077.7183,-437320.905,-453420.7227
2533000,2357.1989,13719.3319,62486.2908,-515695.6465,-437132.8249,-453209.35569999996
2534000,2349.7489,13633.5338,62368.0622,-515437.7329,-437086.38800000004,-453069.6707
2535000,2356.1595,13735.3037,61766.7754,-515275.1567,-437416.9181,-453508.3813
2536000,2306.0322,13568.9427,61740.8982,-515148.9409,-437533.06779999996,-453408.0427
2537000,2371.6336,13789.3077,61505.5712,-514281.5422,-436615.0297,-452775.971
2538000,2379.1447,13883.7148,62013.1799,-515516.5839,-437240.5445,-453503.40400000004
2539000,2325.7705,13677.8146,62029.7865,-515951.0798,-437917.7082,-453921.2933
2540000,2384.7352,13712.2411,62604.6453,-516092.8968,-437391.2752,-453488.2515
2541000,2326.4167,13747.9052,62148.3206,-514828.8553,-436606.2128,-452680.5347
2542000,2350.1783,13785.2937,62316.962,-515666.0034,-437213.5694,-453349.0414
2543000,2356.9014,13698.2748,61342.4473,-514619.4121,-437221.7886,-453276.9648
2544000,2351.1381,13726.7161,61539.3817,-514805.9612,-437188.72530000005,-453266.5795
2545000,2358.4399,13716.3792,62150.0776,-515719.0396,-437494.14290000004,-453568.962
2546000,2363.7471,13787.4202,62171.6843,-515201.4786,-436878.627,-453029.79429999995
2547000,2358.1786,13611.5852,61695.1306,-515473.5317,-437808.6373,-453778.4011
2548000,2364.0895,13727.3703,62216.5696,-515511.8137,-437203.7843,-453295.2441
2549000,2396.8438,13774.1242,61195.1949,-514138.1816,-436772.0187,-452942.9867
2550000,2351.2941,13766.6273,61783.6592,-514915.0804,-437013.4998,-453131.4212
2551000,2383.1783,13652.9119,62131.2571,-514766.858,-436599.5107,-452635.6009
2552000,2353.7252,13769.0924,62142.4513,-514970.2817,-436705.0128,-452827.8304
2553000,2332.4639,13863.0731,62009.7021,-515958.6894,-437753.45029999997,-453948.9873
2554000,2367.6951,13679.1852,62248.6172,-516402.6159,-438107.1184,-454153.9987
2555000,2346.5653,13743.9206,62702.8336,-516671.7281,-437878.4086,-453968.8945
2556000,2324.0483,13734.3412,61701.5419,-515390.4174,-437630.486,-453688.87549999997
2557000,2373.8667,13821.1765,61891.1833,-515447.3828,-437361.15630000003,-453556.19950000005
2558000,2372.1117,13774.8065,61677.5635,-515132.3079,-437307.8262,-453454.7444
2559000,2359.1419,13790.4765,61964.9028,-515052.974,-436938.45279999997,-453088.0712
2560000,2326.1994,13708.248,61630.0363,-515417.1139,-437752.6302,-453787.0776
2561000,2357.7905,13742.4604,61840.2136,-515260.6459,-437320.1814,-453420.4323
2562000,2373.5315,13707.136,62068.4408,-515521.3805,-437372.2722,-453452.93970000005
2563000,2376.9207,13686.5097,62531.6081,-516066.8881,-437471.84959999996,-453535.27999999997
2564000,2353.1676,13753.1416,62097.2836,-515900.042,-437696.44920000003,-453802.7584
2565000,2360.2276,13771.969,62206.0505,-516016.2501,-437678.003,-453810.1996
2566000,2336.6096,13663.5924,61933.4393,-516160.6669,-438227.0256,-454227.2276
2567000,2328.9869,13750.2431,62408.4329,-516434.208,-437946.5451,-454025.77509999997
2568000,2368.6683,13781.4799,61809.6597,-515544.6109,-437584.803,-453734.9512
2569000,2342.6717,13615.5292,62406.0722,-516086.1239,-437721.8508,-453680.0517
2570000,2350.2865,13796.9341,62298.2552,-516225.8518,-437780.376,-453927.5966
2571000,2342.5883,13667.7768,62575.3784,-516657.5911,-438071.84760000004,-454082.21270000003
2572000,2384.7079,13734.5546,61779.6054,-515385.6435,-437486.7756,-453606.0381
2573000,2349.3714,13757.9794,62232.987,-516088.1613,-437747.82349999994,-453855.17429999996
2574000,2377.0198,13801.4581,62242.4754,-516037.8954,-437616.9421,-453795.42
2575000,2354.0921,13667.8455,62439.9694,-516479.5126,-438017.6056,-454039.5432
2576000,2302.369,13666.8724,62769.9538,-517040.7531,-438301.55789999996,-454270.79929999996
2577000,2306.8695,13679.3692,62042.1277,-515169.2117,-437140.8453,-453127.084
2578000,2312.9873,13716.4884,62144.7049,-515804.9144,-437630.73380000005,-453660.2095
2579000,2317.1381,13780.5587,61644.3887,-514843.5799,-437101.4944,-453199.1912
2580000,2346.7682,13836.6439,62058.4664,-515894.2426,-437652.3641,-453835.7762
2581000,2358.6912,13782.3126,62031.8849,-515901.7934,-437728.9047,-453869.9085
2582000,2356.1936,13736.1014,62216.8527,-515537.8953,-437228.7476,-453321.0426
2583000,2364.1162,13756.9519,62023.1119,-516200.7801,-438056.6001,-454177.66819999996
2584000,2356.3033,13734.2471,62581.1453,-516674.5782,-438002.8825,-454093.4329
2585000,2355.5754,13713.5147,63012.6807,-517380.7423,-438298.9715,-454368.0616
2586000,2364.4599,13782.0601,61916.7847,-515530.1558,-437466.8511,-453613.3711
2587000,2339.8576,13744.9988,62003.3908,-515542.1269,-437453.8797,-453538.7361
2588000,2364.1602,13826.2835,62603.766,-516376.7963,-437582.5866,-453773.0303
2589000,2303.4553,13793.939,62088.0135,-515661.3701,-437475.9623,-453573.3566
2590000,2339.8336,13761.0338,62453.8036,-515978.9053,-437424.2343,-453525.1017
2591000,2359.7732,13745.0272,62248.0027,-516088.0258,-437735.22270000004,-453840.0231
2592000,2344.3372,13730.5815,61897.7057,-515279.5903,-437306.96589999995,-453381.8846
2593000,2334.3403,13667.6782,61661.6579,-515079.2397,-437415.5633,-453417.5818
2594000,2378.8788,13809.2436,62332.9069,-516112.0183,-437590.989,-453779.1114
2595000,2336.2946,13694.0982,62274.6479,-515838.9942,-437533.9535,-453564.34630000003
2596000,2358.6995,13781.6813,62195.6848,-516384.8888,-438048.8232,-454189.204
2597000,2366.6168,13699.5549,62218.6989,-516044.6256,-437759.755,-453825.9267
2598000,2349.7053,13852.4021,62068.2082,-515649.4563,-437379.1407,-453581.2481
2599000,2368.1017,13802.5215,62055.6707,-516208.1308,-437981.8369,-454152.46009999997
2600000,2362.241,13702.9999,62421.6326,-516335.2641,-437848.3906,-453913.63149999996
2601000,2411.0225,13762.4369,61591.9021,-514940.2227,-437174.8612,-453348.3206
2602000,2342.2122,13765.8403,61811.0072,-515926.6283,-438007.5686,-454115.6211
2603000,2379.2451,13693.5612,62366.2937,-516105.1251,-437666.02509999997,-453738.8314
2604000,2366.197,13695.9727,62277.0621,-516206.8334,-437867.6016,-453929.7713
2605000,2413.8555,13822.7931,61861.7028,-515759.2311,-437660.8797,-453897.5283
2606000,2328.1506,13707.0689,61892.2566,-515579.5008,-437652.02469999995,-453687.24419999996
2607000,2346.5648,13782.3346,62099.7902,-515685.6465,-437456.9569,-453585.8563
2608000,2405.4384,13727.9291,61917.6573,-515483.1994,-437432.17459999997,-453565.54209999996
2609000,2357.3079,13695.0102,61641.0439,-515780.7494,-438087.3874,-454139.7055
2610000,2351.7966,13751.7636,62157.7499,-515202.9375,-436941.6274,-453045.1876
2611000,2355.6525,13700.1236,62101.2206,-516014.5151,-437857.5184,-453913.2945
2612000,2370.1908,13819.899,62743.9959,-516873.336,-437939.2503,-454129.34010000003
2613000,2358.2725,13760.3412,62137.8238,-516313.8732,-438057.4357,-454176.04939999996
2614000,2364.5798,13780.8227,62269.9846,-515789.9497,-437374.5626,-453519.9651
2615000,2347.2723,13819.7766,62157.5718,-516731.3215,-438406.7008,-454573.74970000004
2616000,2364.6982,13823.826,62233.591,-515779.7207,-437357.6055,-453546.1297
2617000,2358.6069,13782.7206,62272.8878,-515756.8871,-437342.6718,-453483.9993
2618000,2349.0118,13702.0769,62261.1815,-515967.642,-437655.37179999996,-453706.4605
2619000,2384.5644,13774.5481,61914.1725,-515345.5003,-437272.21530000004,-453431.3278
2620000,2392.7686,13758.4983,62529.5534,-516143.5337,-437462.7134,-453613.98030000005
2621000,2374.1579,13604.8793,61433.7264,-514357.0131,-436944.2495,-452923.2867
2622000,2328.3184,13701.8258,61858.538,-515090.8937,-437202.21150000003,-453232.3557
2623000,2317.1615,13672.8827,61687.463,-514801.3212,-437123.814,-453113.8582
2624000,2370.6287,13758.9217,61681.7569,-515137.0936,-437325.78630000004,-453455.33670000004
2625000,2322.8543,13720.2317,62081.1892,-515139.401,-437015.12580000004,-453058.2118
2626000,2357.0719,13654.2241,62224.299,-515287.5118,-437051.9168,-453063.2128
2627000,2352.9664,13606.5496,62419.1334,-515917.7891,-437539.1397,-453498.6557
2628000,2375.1805,13745.9214,62539.9048,-516630.0604,-437969.05370000005,-454090.1556
2629000,2341.0252,13803.0687,61744.2533,-515440.9112,-437552.564,-453696.6579
2630000,2347.8611,13746.9055,61743.5893,-515501.9106,-437663.5547,-453758.3213
2631000,2324.3457,13743.5192,62206.6382,-516292.7893,-438018.2862,-454086.1511
2632000,2363.0399,13736.4361,62044.2781,-515800.2135,-437656.4594,-453755.9354
2633000,2356.278,13796.9913,62226.0817,-515530.8739,-437151.5229,-453304.7922
2634000,2383.1564,13729.2003,62337.5758,-516206.0631,-437756.13060000003,-453868.48730000004
2635000,2310.5451,13658.4539,62286.5639,-515496.1516,-437240.58869999996,-453209.5877
2636000,2323.1086,13746.8618,62324.7958,-515768.2851,-437373.51889999997,-453443.48929999996
2637000,2357.7328,13829.8834,61955.3363,-515609.5238,-437466.5713,-453654.1875
2638000,2334.8576,13773.1201,62275.0679,-515672.5609,-437289.51529999997,-453397.49299999996
2639000,2327.548,13675.7827,61873.6494,-515046.1598,-437169.17970000004,-453172.5104
2640000,2315.2842,13696.5809,61864.8029,-515356.9538,-437480.2858,-453492.1509
2641000,2332.1536,13790.4124,62008.5886,-515292.2584,-437161.1038,-453283.6698
2642000,2395.6455,13784.2396,61696.8865,-515118.9786,-437242.20699999994,-453422.09209999995
2643000,2344.0734,13741.0985,62530.0588,-516308.8284,-437693.5977,-453778.7696
2644000,2322.8513,13643.9918,62106.4378,-515374.811,-437301.5301,-453268.3732
2645000,2343.3143,13669.1598,62068.3833,-515555.8313,-437474.9739,-453487.44800000003
2646000,2375.476,13796.216,61817.7817,-515523.9725,-437534.49879999994,-453706.1908
2647000,2362.2026,13737.4216,61833.7056,-515607.5909,-437674.2611,-453773.8853
2648000,2331.1845,13737.4021,62093.7515,-515660.7611,-437498.423,-453567.0096
2649000,2327.5996,13749.3002,62511.3053,-516484.6789,-437896.47380000004,-453973.3736
2650000,2371.9109,13726.3764,62209.2018,-515790.8776,-437483.3885,-453581.6758
2651000,2327.7098,13687.7881,61796.1537,-515487.739,-437676.0874,-453691.5853
2652000,2313.5088,13717.4857,62210.5304,-515842.2861,-437600.7612,-453631.75570000004
2653000,2336.6699,13748.5651,62605.8203,-516345.8097,-437654.7544,-453739.98939999996
2654000,2336.3499,13688.9861,61897.0135,-515345.4971,-437423.14759999997,-453448.4836
2655000,2324.6377,13694.7606,62470.4339,-516140.8999,-437651.0677,-453670.466
2656000,2374.657,13820.696,62127.1136,-516161.3854,-437838.91880000004,-454034.27180000005
2657000,2339.9722,13874.6958,62424.2409,-515889.9214,-437251.0125,-453465.6805
2658000,2330.6657,13850.3358,62374.4994,-517051.8075,-438496.3066,-454677.3081
2659000,2351.3489,13711.8769,62312.0036,-515969.2719,-437594.0425,-453657.2683
2660000,2374.1704,13867.1432,62502.0634,-517030.0443,-438286.6673,-454527.9809
2661000,2362.2861,13836.657,62358.3674,-516472.837,-437915.5265,-454114.4696
2662000,2331.9406,13727.6836,62077.4969,-515932.143,-437795.0219,-453854.6461
2663000,2364.8075,13777.8784,61589.2685,-515412.5011,-437680.5467,-453823.2326
2664000,2360.0331,13716.5933,62622.6697,-516771.6057,-438072.30960000004,-454148.936
2665000,2356.7145,13843.2035,61961.1135,-515431.7479,-437270.71640000003,-453470.63440000004
2666000,2347.4781,13740.7568,62173.1079,-515355.0085,-437093.6657,-453181.9006
2667000,2343.4228,13709.0777,62583.0845,-516517.8085,-437882.22349999996,-453934.724
2668000,2326.717,13702.7545,61438.407,-514157.9952,-436690.1167,-452719.5882
2669000,2376.7848,13706.1067,62357.5847,-516554.0346,-438113.5584,-454196.4499
2670000,2340.215,13649.3431,61876.9532,-515498.63,-437632.1187,-453621.6768
2671000,2354.2928,13825.401,61668.2033,-515637.2172,-437789.3201,-453969.0139
2672000,2373.1479,13751.3341,62319.8693,-516140.6586,-437696.30730000004,-453820.7893
2673000,2331.3901,13714.3657,61777.2353,-515574.1516,-437751.1605,-453796.9163
2674000,2346.4292,13734.1386,61868.5258,-515763.9897,-437814.89609999995,-453895.4639
2675000,2344.9266,13678.4721,62221.8688,-515637.0714,-437391.8039,-453415.2026
2676000,2365.0908,13635.6217,61758.8804,-515037.7467,-437278.15380000003,-453278.8663
2677000,2353.6074,13613.3623,61843.39,-515103.9246,-437293.5649,-453260.5346
2678000,2327.8635,13812.2594,61679.7025,-515516.6575,-437696.8321,-453836.95499999996
2679000,2363.8183,13651.2784,62339.5713,-515322.0973,-436967.4293,-452982.526
2680000,2366.7068,13814.7064,62302.7943,-516725.2133,-438241.0058,-454422.419
2681000,2336.182,13625.518,62473.8252,-516381.0916,-437945.5664,-453907.26639999996
2682000,2360.8524,13716.7054,62373.2474,-515922.3706,-437471.5654,-453549.12320000003
2683000,2358.104,13767.0431,62046.5382,-515883.4986,-437711.8133,-453836.9604
2684000,2392.1938,13776.3781,61775.0553,-515083.3236,-437139.6964,-453308.2683
2685000,2388.3155,13730.0686,62412.1393,-516594.836,-438064.3126,-454182.69670000003
2686000,2350.6345,13837.369,62295.182,-515674.5364,-437191.35089999996,-453379.35439999995
2687000,2371.3025,13752.6518,61916.5377,-515577.2135,-437536.7215,-453660.6758
2688000,2346.8242,13732.1974,61866.4775,-515082.0101,-437136.511,-453215.53260000004
2689000,2377.9748,13767.2545,62700.9814,-516432.8598,-437586.6491,-453731.8784
2690000,2346.1746,13703.0485,62120.2702,-515889.8862,-437720.3929,-453769.61600000004
2691000,2359.5468,13763.2487,61954.4854,-515924.0028,-437846.7219,-453969.5174
2692000,2379.6324,13794.7071,62082.4551,-515874.3221,-437617.52749999997,-453791.86699999997
2693000,2395.7401,13706.5081,61315.6811,-514692.849,-437274.91969999997,-453377.1679
2694000,2360.1708,13747.0121,62004.4829,-515622.687,-437511.02119999996,-453618.2041
2695000,2351.2933,13811.874,61872.6738,-515787.6138,-437751.7727,-453914.94
2696000,2311.6671,13684.6411,61752.3317,-515402.5148,-437653.8749,-453650.1831
2697000,2362.0556,13757.8532,62073.6103,-515374.4661,-437180.94700000004,-453300.8558
2698000,2371.5414,13772.3434,62244.7452,-515683.7734,-437295.1434,-453439.0282
2699000,2350.9271,13795.278,62019.6828,-515303.1382,-437137.25029999996,-453283.4554
2700000,2343.4849,13725.5297,62154.9084,-515670.8488,-437446.92579999997,-453515.94039999996
2701000,2317.2409,13757.3238,62138.2806,-515700.9963,-437488.151,-453562.7157
2702000,2359.6798,13757.1239,62033.5399,-515061.1755,-436910.8319,-453027.63560000004
2703000,2305.6285,13744.3053,62373.2206,-515888.8002,-437465.6458,-453515.5796
2704000,2382.0976,13853.71,61466.882,-514539.8259,-436837.1363,-453072.9439
2705000,2351.7147,13779.4466,61733.7721,-515214.7086,-437349.77520000003,-453480.9365
2706000,2364.4849,13790.6893,61578.4233,-515390.1227,-437656.52520000003,-453811.6994
2707000,2316.8911,13665.5901,62031.4461,-515678.2022,-437664.2749,-453646.7561
2708000,2377.431,13700.7997,62518.4781,-516241.5425,-437644.83369999996,-453723.0644
2709000,2337.4359,13732.6279,61545.9776,-515106.053,-437490.0116,-453560.07540000003
2710000,2363.8822,13685.2915,61944.363,-516088.5108,-438094.9741,-454144.1478
2711000,2326.6305,13789.742,61966.9075,-515681.7225,-437598.4425,-453714.81499999994
2712000,2389.9673,13701.4257,62333.886,-516166.9453,-437741.66630000004,-453833.0593
2713000,2349.6868,13745.1486,61944.9786,-515865.1964,-437825.3824,-453920.2178
2714000,2352.4321,13642.5659,61635.6936,-515523.6421,-437892.95050000004,-453887.9485
2715000,2380.6436,13861.918,61989.964,-515662.512,-437429.9864,-453672.548
2716000,2360.3594,13762.8833,62317.6642,-516099.4773,-437658.5704,-453781.8131
2717000,2326.5634,13745.2486,61975.7532,-515411.2958,-437363.7306,-453435.54260000004
2718000,2362.2744,13806.2395,61882.6544,-515600.1129,-437548.9446,-453717.4585
2719000,2364.8466,13770.7141,62217.9577,-516160.0302,-437806.5118,-453942.0725
2720000,2338.8232,13626.1736,62191.5407,-515587.093,-437430.5555,-453395.5523
2721000,2347.1582,13679.0931,61931.7198,-514298.7632,-436340.79209999996,-452367.04339999997
2722000,2335.2941,13686.7028,61738.4908,-515249.4218,-437488.9341,-453510.931
2723000,2373.0123,13675.6892,62085.2411,-515909.6631,-437775.7205,-453824.422
2724000,2350.3052,13627.4592,62264.7864,-515371.0688,-437128.51800000004,-453106.2824
2725000,2383.8942,13722.1918,61770.3248,-515968.5384,-438092.1276,-454198.2136
2726000,2333.7706,13667.3082,62082.4225,-515909.2582,-437825.7569,-453826.8357
2727000,2352.359,13802.3467,62169.1189,-515916.0576,-437592.233,-453746.9387
2728000,2375.0857,13793.6819,62617.3076,-516395.3372,-437609.262,-453778.0296
2729000,2326.4155,13778.1031,61448.8173,-515469.1971,-437915.8612,-454020.3798
2730000,2345.0512,13654.1599,62453.1627,-516008.6307,-437556.2569,-453555.468
2731000,2334.1998,13698.9241,62048.1585,-515857.5255,-437776.24309999996,-453809.36699999997
2732000,2328.412,13757.7665,62614.0984,-516813.9781,-438113.7012,-454199.8797
2733000,2377.4155,13777.7828,62102.4622,-516137.9993,-437880.3388,-454035.5371
2734000,2343.0748,13656.3913,62228.3236,-515744.4948,-437516.70509999996,-453516.1712
2735000,2382.0961,13765.7488,62204.9853,-515468.4956,-437115.66540000006,-453263.5103
2736000,2350.7153,13778.1761,61910.8023,-514675.1565,-436635.4628,-452764.3542
2737000,2362.9906,13731.9899,62040.954,-515100.6478,-436964.71329999994,-453059.6938
2738000,2360.3801,13666.9806,61872.7729,-515291.8506,-437391.717,-453419.0777
2739000,2349.1107,13818.6385,62032.0298,-514823.8845,-436624.1055,-452791.85469999997
2740000,2349.2922,13732.945,62094.1798,-515302.7545,-437126.33749999997,-453208.5747
2741000,2349.5124,13698.8858,61604.0523,-514630.9044,-436978.45389999996,-453026.8521
2742000,2373.7011,13803.5312,61934.3194,-515717.2248,-437605.6731,-453782.90540000005
2743000,2355.2216,13741.7391,62076.8302,-515312.8311,-437139.04020000005,-453236.0009
2744000,2347.5101,13673.1879,61949.6041,-515606.1328,-437635.83070000005,-453656.5287
2745000,2354.6504,13788.1142,62291.7749,-516126.0542,-437691.5147,-453834.2793
2746000,2377.3704,13802.4692,62508.9309,-516198.7771,-437510.0066,-453689.8462
2747000,2349.9335,13842.9787,61975.0106,-515473.1814,-437305.2586,-453498.1708
2748000,2327.8162,13764.3942,61499.5447,-514690.6486,-437098.8935,-453191.1039
2749000,2336.0821,13778.3874,61860.0786,-514970.4904,-436995.9423,-453110.4118
2750000,2370.9679,13812.7887,62155.1629,-515954.0581,-437615.1386,-453798.8952
2751000,2351.0002,13851.4269,61241.6462,-514228.3191,-436784.24580000003,-452986.6729
2752000,2374.8554,13810.7983,62173.8703,-515834.2723,-437474.7483,-453660.402
2753000,2363.7043,13722.902,62266.8199,-515379.2161,-437025.78990000003,-453112.3962
2754000,2350.8349,13740.7122,62137.3559,-515719.6378,-437490.73480000003,-453582.2819
2755000,2369.6687,13743.2228,61542.9937,-514618.0372,-436962.152,-453075.0435
2756000,2323.1641,13771.4273,62151.9667,-515987.8461,-437741.28800000006,-453835.87940000003
2757000,2361.9973,13768.3545,62236.6686,-515822.1231,-437455.10270000005,-453585.45450000005
2758000,2346.1392,13737.4552,62101.1732,-515685.3066,-437500.539,-453584.1334
2759000,2364.8567,13746.7224,62015.7491,-515848.266,-437720.9378,-453832.5169
2760000,2374.0358,13684.8087,62205.1337,-515648.9372,-437384.959,-453443.8035
2761000,2314.9256,13722.409,61416.7488,-514602.683,-437148.5996,-453185.9342
2762000,2334.973,13848.3018,62384.993,-516202.2405,-437633.97270000004,-453817.2475
2763000,2333.0241,13788.7902,61878.6552,-515308.3899,-437307.9204,-453429.73470000003
2764000,2350.1981,13756.6936,62255.7616,-516154.0795,-437791.4262,-453898.3179
2765000,2359.6561,13827.7739,62205.9611,-517056.2497,-438662.8586,-454850.28859999997
2766000,2364.3015,13781.8513,61799.8068,-515451.99,-437506.0304,-453652.18319999997
2767000,2362.6228,13759.642,61562.9558,-515399.6594,-437714.4388,-453836.7036
2768000,2342.425,13792.4055,62283.8013,-516090.9781,-437672.3463,-453807.1768
2769000,2330.8312,13721.2857,62301.6662,-515593.3872,-437239.6041,-453291.721
2770000,2364.3491,13898.2661,62432.623,-516639.2834,-437944.04520000005,-454206.6604
2771000,2354.7286,13796.6324,62403.5701,-516524.9225,-437969.9914,-454121.3524
2772000,2322.3522,13731.7557,62279.5593,-515675.7317,-437342.0645,-453396.1724
2773000,2359.3675,13764.4697,62505.5286,-516160.9926,-437531.62679999997,-453655.464
2774000,2336.983,13732.5166,62036.2935,-515309.8698,-437204.0767,-453273.57629999996
2775000,2326.0244,13748.7782,61798.2404,-515431.5769,-437558.5339,-453633.3365
2776000,2362.0954,13698.4231,62158.4011,-515839.916,-437620.9964,-453681.5149
2777000,2367.9395,13870.6775,61610.3898,-515194.0853,-437345.07849999995,-453583.6955
2778000,2346.205,13718.5962,62080.431,-515294.2301,-437148.99789999996,-453213.7991
2779000,2347.5149,13781.9571,62281.5879,-515688.0762,-437277.0163,-453406.4883
2780000,2343.1165,13754.0561,62557.73,-516180.3402,-437525.43759999995,-453622.6102
2781000,2343.0739,13743.0504,61961.9719,-516130.1619,-438082.06570000004,-454168.19
2782000,2376.1418,13738.3292,62608.3652,-516589.1986,-437866.3624,-453980.8334
2783000,2359.8562,13777.7107,61961.2288,-516201.7084,-438102.9127,-454240.4796
2784000,2342.9585,13745.1483,61794.0185,-515613.8479,-437731.7226,-453819.8294
2785000,2349.4892,13769.3285,61981.7573,-515294.0495,-437193.4745,-453312.2922
2786000,2332.5869,13814.1216,62132.6831,-515809.5019,-437530.11029999994,-453676.81879999995
2787000,2333.1038,13749.626,62230.3096,-516811.4771,-438498.4377,-454581.16750000004
2788000,2342.1319,13769.2745,61980.8166,-516089.28,-437997.05700000003,-454108.4634
2789000,2346.9584,13875.448,62053.0021,-515929.3788,-437653.97030000004,-453876.3767
2790000,2369.9919,13771.2881,61816.1473,-515827.0315,-437869.6042,-454010.8842
2791000,2362.4837,13831.9309,61786.1834,-515891.5841,-437910.9861,-454105.4007
2792000,2329.1924,13644.0082,62181.2539,-515947.7098,-437793.2553,-453766.4559
2793000,2373.4537,13764.3102,61799.5705,-515464.3698,-437527.0354,-453664.79929999996
2794000,2382.9073,13833.645,62046.2757,-516275.2246,-438012.39660000004,-454228.9489
2795000,2351.2852,13803.8196,62242.5062,-515892.2846,-437494.6736,-453649.7784
2796000,2342.85,13689.7961,62474.8231,-516400.5075,-437893.0383,-453925.6844
2797000,2340.9889,13793.008,62131.5606,-515307.9844,-437042.4269,-453176.4238
2798000,2326.6389,13688.9973,61667.5414,-514899.2012,-437216.0236,-453231.6598
2799000,2339.8401,13762.3733,61428.8186,-514623.2888,-437092.2568,-453194.4702
2800000,2383.3462,13832.5336,61371.6211,-514732.3074,-437144.8065,-453360.6863
2801000,2343.8063,13722.8064,62120.362,-515421.0636,-437234.0889,-453300.7016
2802000,2352.0439,13844.1705,61708.3974,-514906.1012,-437001.48939999996,-453197.70379999996
2803000,2342.8994,13611.8824,61798.7866,-515247.3118,-437493.74340000004,-453448.52520000003
2804000,2337.6975,13770.5151,62415.59,-515909.9554,-437386.1528,-453494.3654
2805000,2331.4594,13786.7831,62055.1691,-515079.1617,-436905.7501,-453023.9926
2806000,2333.8365,13732.2704,61555.514,-514568.0514,-436946.4305,-453012.5374
2807000,2360.193,13771.2416,62281.0872,-515671.3157,-437258.7939,-453390.22849999997
2808000,2362.9536,13832.56,61891.1965,-515617.5101,-437530.80000000005,-453726.3136
2809000,2370.6857,13779.2117,62081.6145,-515923.3704,-437691.85850000003,-453841.7559
2810000,2416.4922,13846.6791,62142.9532,-516304.4173,-437898.29279999994,-454161.4641
2811000,2358.8714,13878.8092,62035.5066,-516165.2087,-437892.02150000003,-454129.7021
2812000,2352.9286,13727.1015,61796.9236,-515891.5682,-438014.61449999997,-454094.6446
2813000,2377.1928,13884.0401,61908.4778,-515072.0936,-436902.3829,-453163.6158
2814000,2380.5114,13776.597,61799.5719,-515784.9648,-437828.2845,-453985.39290000004
2815000,2341.9485,13727.5512,61639.4072,-515509.8632,-437800.9563,-453870.456
2816000,2377.1515,13779.6716,62226.3134,-516326.2967,-437943.16020000004,-454099.9833
2817000,2344.5073,13753.0578,62149.3458,-516155.0969,-437908.186,-454005.7511
2818000,2367.4464,13857.5276,61489.2268,-515153.6197,-437439.4189,-453664.3929
2819000,2319.8849,13728.823,62446.2545,-516307.0989,-437812.13649999996,-453860.8444
2820000,2309.9898,13743.1699,62252.2677,-516031.3856,-437725.9582,-453779.11789999995
2821000,2359.3808,13832.0591,62190.2285,-515908.1426,-437526.47420000006,-453717.91410000005
2822000,2323.6976,13797.066,61868.7929,-514950.7166,-436961.1601,-453081.9237
2823000,2336.3049,13793.9936,61719.2747,-515924.7353,-438075.1621,-454205.4606
2824000,2364.454,13763.4343,62026.6912,-515539.4669,-437384.8874,-453512.7757
2825000,2378.4053,13822.502,62067.5188,-515268.195,-436999.7689,-453200.6762
2826000,2379.4958,13892.9118,61719.644,-514888.3852,-436896.3336,-453168.74120000005
2827000,2372.0823,13885.1274,62012.8736,-515308.9805,-437038.8972,-453296.1069
2828000,2362.2575,13747.4381,62174.8732,-515820.8628,-437536.294,-453645.9896
2829000,2346.0975,13644.2613,61881.9202,-515509.508,-437637.229,-453627.5878
2830000,2331.2906,13627.1083,62641.5367,-516530.5974,-437930.6618,-453889.06070000003
2831000,2341.4333,13722.7582,61912.2807,-515600.561,-437624.08879999997,-453688.2803
2832000,2367.3153,13715.8288,62323.8461,-516386.9663,-437979.97609999997,-454063.12019999995
2833000,2365.0284,13738.4909,61919.0582,-516396.4763,-438373.89879999997,-454477.4181
2834000,2339.6098,13765.64,62215.5731,-515804.0719,-437483.24899999995,-453588.4988
2835000,2329.4825,13750.3618,62669.1705,-516337.1196,-437588.1048,-453667.94909999997
2836000,2313.6498,13797.6963,62114.86,-516467.3757,-438241.16959999996,-454352.5157
2837000,2334.8201,13836.2914,61799.6464,-514897.7649,-436927.007,-453098.1185
2838000,2394.8981,13743.9156,61868.4028,-515155.5651,-437148.3486,-453287.1623
2839000,2388.2759,13744.9074,62221.8223,-515080.0673,-436725.06169999996,-452858.245
2840000,2352.6458,13716.9847,61965.3427,-515410.3387,-437375.3655,-453444.99600000004
2841000,2315.8589,13636.8784,61564.3247,-515124.3884,-437607.3264,-453560.0637
2842000,2330.6935,13674.177,62246.0614,-516310.4912,-438059.55929999996,-454064.4298
2843000,2337.8447,13744.088,62089.0022,-515847.0424,-437676.1075,-453758.0402
2844000,2322.0205,13693.9142,62379.851,-516470.1585,-438074.3728,-454090.3075
2845000,2370.777,13806.6338,62464.9238,-516041.2517,-437398.9171,-453576.32790000003
2846000,2332.8717,13735.6003,62647.9245,-516035.7625,-437319.36600000004,-453387.838
2847000,2355.9458,13733.2111,62411.0791,-515708.1684,-437207.93240000005,-453297.0893
2848000,2337.3198,13749.3163,61865.9789,-515810.8052,-437858.1902,-453944.8263
2849000,2340.5329,13787.8152,62223.518,-516064.2981,-437712.43200000003,-453840.78010000003
2850000,2358.2254,13639.3818,62516.8133,-515840.2716,-437325.85109999997,-453323.4583
2851000,2319.4828,13751.6963,61804.7649,-514434.952,-436559.008,-452630.1871
2852000,2373.4468,13802.5348,62128.1725,-515271.7328,-436967.5787,-453143.5603
2853000,2337.0704,13861.3498,62083.3934,-515474.6582,-437192.8446,-453391.2648
2854000,2346.5681,13697.5552,61881.6183,-515169.8437,-437244.1021,-453288.2254
2855000,2347.9534,13725.5856,62044.7357,-515724.4002,-437606.12549999997,-453679.66449999996
2856000,2353.983,13713.2387,62028.4168,-515420.2214,-437324.5829,-453391.8046
2857000,2358.5482,13778.7079,61943.3236,-516047.5135,-437966.9338,-454104.1899
2858000,2328.6738,13746.6965,61883.2502,-515302.9515,-437344.331,-453419.7013
2859000,2341.6872,13759.5698,61900.4595,-515208.6984,-437206.9819,-453308.2389
2860000,2395.4702,13838.0534,62174.9007,-516560.1272,-438151.7029,-454385.2265
2861000,2377.129,13667.3552,62463.6356,-515978.3589,-437470.2391,-453514.7233
2862000,2357.5132,13756.8147,62258.0051,-515814.4194,-437442.08640000003,-453556.4143
2863000,2349.9139,13737.9951,62133.5224,-515753.6187,-437532.1873,-453620.0963
2864000,2350.2836,13800.2644,62276.2398,-516062.0366,-437635.2488,-453785.7968
2865000,2367.414,13776.4106,62438.822,-515931.2497,-437348.60309999995,-453492.4277
2866000,2340.7072,13817.9216,62485.1748,-516745.2795,-438101.4759,-454260.1047
2867000,2372.7584,13702.071,62298.6202,-516332.5095,-437959.0599,-454033.8893
2868000,2346.9449,13775.6845,61891.8718,-515674.186,-437659.6848,-453782.31419999996
2869000,2322.8225,13721.6311,61910.1439,-515307.4708,-437352.8733,-453397.3269
2870000,2323.8466,13704.8065,61769.0992,-515252.3712,-437454.6189,-453483.272
2871000,2335.966,13807.4894,62272.8368,-515582.5552,-437166.26300000004,-453309.7184
2872000,2343.815,13737.0948,62584.4763,-517044.2109,-438378.8248,-454459.7346
2873000,2340.3394,13702.0106,62075.8356,-516000.1727,-437881.9871,-453924.3371
2874000,2345.3637,13740.1352,62211.9596,-515981.4866,-437684.0281,-453769.527
2875000,2360.2242,13770.5796,62641.8063,-516190.8928,-437418.2827,-453549.0865
2876000,2357.7483,13822.6513,61819.6364,-515313.6849,-437313.6489,-453494.0485
2877000,2363.1668,13782.7402,62301.6611,-515545.2266,-437097.6585,-453243.5655
2878000,2360.7465,13807.3303,62383.0696,-515561.5278,-437010.38139999995,-453178.4582
2879000,2362.1569,13761.7795,62687.0332,-516036.9772,-437226.0076,-453349.944
2880000,2362.8305,13821.6556,62167.4991,-515616.4752,-437264.49,-453448.97609999997
2881000,2344.8781,13837.2102,61667.6727,-515871.4239,-438021.6629,-454203.7512
2882000,2353.3282,13854.9745,62058.6642,-515533.4434,-437266.4765,-453474.7792
2883000,2322.4308,13714.6414,61901.4176,-515489.9381,-437551.44830000005,-453588.52050000004
2884000,2377.6192,13820.8985,61716.7743,-515291.2468,-437375.9548,-453574.47250000003
2885000,2391.0146,13741.0691,62557.4282,-516047.4958,-437357.9839,-453490.06759999995
2886000,2303.1111,13637.9734,61993.9551,-515164.7052,-437229.6656,-453170.7501
2887000,2334.993,13714.1941,62342.8616,-516305.0509,-437913.0022,-453962.18929999997
2888000,2344.6019,13724.5869,62829.5056,-516616.523,-437717.8286,-453787.0174
2889000,2306.7389,13817.0081,62248.7168,-516292.5082,-437920.0444,-454043.7914
2890000,2372.0235,13839.0979,62738.1512,-516501.6879,-437552.4153,-453763.5367
2891000,2351.7129,13743.1615,62442.1407,-515732.0651,-437195.05,-453289.9244
2892000,2358.0239,13846.4933,62141.4272,-516505.9523,-438160.0079,-454364.5251
2893000,2358.5071,13775.1307,62051.8067,-515292.0921,-437106.6476,-453240.2854
2894000,2359.4197,13773.9022,62134.4093,-515020.9468,-436753.2156,-452886.5375
2895000,2317.454,13696.3905,61975.1668,-515528.6571,-437539.6458,-453553.4903
2896000,2373.5488,13815.7466,62301.6261,-515739.2403,-437248.3188,-453437.6142
2897000,2359.5691,13755.0698,62210.2209,-516154.9256,-437830.0658,-453944.7047
2898000,2370.4637,13750.4705,62463.4239,-516735.0018,-438150.6437,-454271.57790000003
2899000,2352.5501,13698.2319,61850.2247,-515680.6417,-437779.635,-453830.41699999996
2900000,2353.6081,13824.8658,62210.1231,-516924.6891,-438536.0921,-454714.566
2901000,2348.596,13723.5034,62233.6337,-516442.7758,-438137.0427,-454209.1421
2902000,2332.9399,13617.9501,62290.9633,-516517.2393,-438275.386,-454226.276
2903000,2358.2554,13807.369,62268.1976,-515868.6319,-437434.8099,-453600.43429999996
2904000,2346.3442,13668.1603,62140.1554,-515520.6703,-437366.0104,-453380.5149
2905000,2315.2238,13655.1121,62186.686,-515804.6405,-437647.6186,-453617.9545
2906000,2342.274,13812.1434,62304.7285,-516733.3044,-438274.1585,-454428.57590000005
2907000,2376.293,13752.3815,62257.6466,-516168.6677,-437782.3466,-453911.0211
2908000,2338.3355,13732.4212,62316.2357,-516154.1505,-437767.1581,-453837.91479999997
2909000,2320.7151,13660.4753,62377.7956,-516663.8429,-438304.8569,-454286.0473
2910000,2313.6046,13783.6349,62567.2302,-516811.0854,-438146.61569999997,-454243.8552
2911000,2324.1829,13741.577,62695.083,-516583.9176,-437823.0747,-453888.8346
2912000,2329.4637,13773.0295,62124.5811,-516541.7284,-438314.65410000004,-454417.1473
2913000,2336.2944,13827.018,62387.7217,-516930.5399,-438379.5058,-454542.8182
2914000,2380.4493,13898.1761,62562.2703,-516386.4973,-437545.6016,-453824.227
2915000,2289.7466,13745.1595,61959.9469,-516021.8432,-438026.9902,-454061.8963
2916000,2328.01,13742.8999,62636.4949,-517258.9558,-438551.551,-454622.4609
2917000,2335.9678,13713.1262,62618.9269,-516755.2247,-438087.2038,-454136.2978
2918000,2362.1216,13730.0834,62355.2563,-516492.3534,-438044.89210000006,-454137.0971
2919000,2354.6476,13825.3879,62358.3516,-516133.0549,-437594.6678,-453774.7033
2920000,2336.1678,13752.2976,61641.4129,-515173.7105,-437443.83219999995,-453532.2976
2921000,2367.582,13767.5023,62868.5247,-516947.2937,-437943.6847,-454078.769
2922000,2334.3483,13741.3515,62423.4034,-516370.6707,-437871.5675,-453947.2673
2923000,2339.3396,13773.9528,62174.6217,-516090.4752,-437802.5611,-453915.85349999997
2924000,2356.189,13776.0158,62382.6204,-516121.812,-437606.98679999996,-453739.19159999996
2925000,2362.7219,13864.3597,62333.9181,-516241.2814,-437680.2817,-453907.36329999997
2926000,2340.3083,13731.9016,62293.6411,-515995.1188,-437629.26780000003,-453701.4777
2927000,2320.0214,13721.2457,61837.0293,-515107.8163,-437229.5199,-453270.787
2928000,2381.4022,13785.8653,62275.1691,-516037.087,-437594.6504,-453761.9179
2929000,2385.1846,13823.5941,62044.6433,-516172.8575,-437919.43549999996,-454128.2142
2930000,2386.3576,13776.1259,62376.3273,-516348.592,-437809.7812,-453972.2647
2931000,2340.2641,13831.8993,61888.3214,-515229.9355,-437169.45070000004,-453341.6141
2932000,2319.0023,13808.843,62593.6927,-516548.3649,-437826.8269,-453954.6722
2933000,2358.7813,13789.2094,62025.4279,-516037.0711,-437863.65249999997,-454011.6432
2934000,2360.3308,13759.6592,61926.3573,-514931.8858,-436885.53849999997,-453005.5285
2935000,2370.6215,13814.8896,61769.6778,-515416.5454,-437461.3565,-453646.8676
2936000,2350.5224,13743.0054,62121.1313,-516236.23,-438021.5709,-454115.0987
2937000,2336.7369,13708.011,61776.3215,-515567.9202,-437746.8508,-453791.5987
2938000,2374.1768,13778.5434,62206.0592,-516219.2815,-437860.5021,-454013.22229999996
2939000,2364.5707,13767.1761,61921.7603,-515651.3234,-437597.8163,-453729.56309999997
2940000,2349.1042,13799.5888,62010.2668,-515399.3477,-437240.3879,-453389.0809
2941000,2336.6309,13759.2701,61546.7419,-514991.8833,-437349.2404,-453445.14139999996
2942000,2335.0472,13728.5322,61845.9018,-515527.0728,-437617.59160000004,-453681.17100000003
2943000,2375.8271,13844.5199,62125.3416,-515422.3125,-437076.6239,-453296.9709
2944000,2354.8749,13795.2778,62068.5656,-516120.9799,-437902.26159999997,-454052.41429999995
2945000,2378.3487,13709.0821,62090.9899,-515247.4955,-437069.0748,-453156.50560000003
2946000,2325.9634,13803.1921,62177.9807,-515793.7034,-437486.5672,-453615.7227
2947000,2360.0262,13711.1527,62250.1408,-515330.114,-437008.7943,-453079.9732
2948000,2371.8761,13800.7951,62140.6033,-515535.6244,-437222.3499,-453395.02109999995
2949000,2365.1439,13720.5306,62472.5092,-516118.7456,-437560.56190000003,-453646.23640000005
2950000,2371.0474,13781.1085,62561.7023,-515476.6724,-436762.81419999996,-452914.9701
2951000,2345.0443,13854.4414,62373.9775,-516053.0593,-437479.5961,-453679.08180000004
2952000,2312.802,13912.9722,61855.2491,-515022.8093,-436941.786,-453167.5602
2953000,2387.9555,13862.1177,61981.4614,-515856.4146,-437624.88,-453874.9532
2954000,2372.7918,13765.4602,62071.0976,-515654.4183,-437445.0687,-453583.32070000004
2955000,2377.0898,13842.7191,61531.7582,-515550.0783,-437798.5112,-454018.3201
2956000,2361.7543,13823.5264,62343.3024,-516346.6168,-437818.0337,-454003.31440000003
2957000,2347.9005,13755.3625,62106.3403,-515398.1101,-437188.5068,-453291.7698
2958000,2348.4438,13867.3566,62167.8402,-515972.0177,-437588.37710000004,-453804.17750000005
2959000,2315.325,13757.3898,62008.6454,-515625.4673,-437544.1071,-453616.82190000004
2960000,2341.7365,13755.2389,62173.976,-515326.2613,-437055.3099,-453152.2853
2961000,2371.4087,13741.4435,61956.6781,-515640.1682,-437570.63790000003,-453683.4901
2962000,2355.5872,13775.6462,62295.8536,-515912.0749,-437484.9879,-453616.2213
2963000,2366.1487,13724.452,62080.7853,-515815.1113,-437643.7253,-453734.326
2964000,2363.8539,13869.5578,62004.9613,-515968.39,-437730.017,-453963.4287
2965000,2342.8389,13757.2589,62263.8472,-515284.5598,-436920.6148,-453020.71259999997
2966000,2378.6901,13666.3217,61931.5212,-515373.6839,-437397.1509,-453442.1627
2967000,2379.4814,13848.3016,62292.3139,-515539.2813,-437019.18439999997,-453246.96739999996
2968000,2372.5001,13792.0703,61718.1838,-515172.1742,-437289.42000000004,-453453.9904
2969000,2377.5938,13706.162,62143.531,-515578.8711,-437351.5843,-453435.3401
2970000,2373.0593,13808.2202,62161.6692,-515559.8079,-437216.8592,-453398.1387
2971000,2401.6672,13750.2017,61469.2251,-514516.8006,-436895.70660000003,-453047.57550000004
2972000,2360.4524,13766.9054,62232.6686,-516116.1215,-437756.09510000004,-453883.45290000003
2973000,2358.9686,13784.5652,62616.9115,-516764.8579,-438004.4126,-454147.9464
2974000,2376.3209,13726.578,62220.6122,-515776.1332,-437452.6221,-453555.52099999995
2975000,2369.3846,13896.4472,61943.5087,-515198.6764,-436989.3359,-453255.1677
2976000,2345.0666,13808.2241,61812.9685,-515502.7335,-437536.4743,-453689.76499999996
2977000,2387.746,13893.9262,62004.7891,-515620.6994,-437334.23809999996,-453615.9103
2978000,2338.5023,13811.5825,61623.5176,-515079.267,-437305.6646,-453455.7494
2979000,2373.6532,13639.7359,61926.7833,-515515.1888,-437575.01639999996,-453588.4055
2980000,2361.2277,13889.8356,61709.6301,-514826.5392,-436865.8458,-453116.9091
2981000,2371.7321,13856.9682,62428.6351,-515959.2342,-437301.8988,-453530.5991
2982000,2331.6662,13746.0297,61640.7746,-514810.4921,-437092.0216,-453169.71749999997
2983000,2337.4241,13821.7883,62036.4917,-515267.3001,-437071.596,-453230.8084
2984000,2377.302,13903.7788,61765.4977,-515427.8922,-437381.3137,-453662.3945
2985000,2366.0132,13828.397,62053.2981,-516014.2971,-437766.5888,-453960.999
2986000,2375.1179,13832.4697,62470.4154,-516196.7287,-437518.72569999995,-453726.3133
2987000,2329.274,13808.3916,62334.1902,-515760.3261,-437288.47030000004,-453426.1359
2988000,2358.114,13780.6462,61933.5853,-515820.5236,-437748.1781,-453886.93830000004
2989000,2376.8249,13783.6824,61833.1012,-515184.8146,-437191.20609999995,-453351.7134
2990000,2358.7631,13715.8882,62301.7024,-516010.1303,-437633.7766,-453708.4279
2991000,2365.4413,13747.3518,62326.8986,-515793.7797,-437354.088,-453466.8811
2992000,2361.8677,13794.0085,62472.0892,-516792.911,-438164.94560000004,-454320.82180000003
2993000,2346.8469,13799.2913,62326.6593,-516104.7885,-437631.99100000004,-453778.1292
2994000,2360.0185,13735.5414,61847.614,-515602.963,-437659.7891,-453755.349
2995000,2369.2274,13724.2821,61863.3927,-515655.1642,-437698.262,-453791.77150000003
2996000,2355.4627,13772.5413,61952.4208,-516380.0115,-438299.5867,-454427.5907
2997000,2388.7347,13745.494,62131.3182,-515683.7777,-437418.23079999996,-453552.4595
2998000,2380.8034,13840.7955,62090.3878,-515695.0276,-437383.04089999996,-453604.6398
2999000,2356.6475,13742.2978,61913.1434,-515954.9678,-437942.8791,-454041.8244
3000000,2378.1285,13736.6723,61889.1021,-516136.0684,-438132.1655,-454246.9663
3001000,2339.2782,13713.6456,62270.8202,-515917.7607,-437594.0167,-453646.94049999997
3002000,2385.3351,13794.9539,61853.5602,-515942.7639,-437908.9147,-454089.2037
3003000,2350.6612,13775.5574,61793.9044,-515221.8174,-437301.69440000004,-453427.913
3004000,2351.4069,13677.8499,61950.1028,-515402.8659,-437423.5063,-453452.7631
3005000,2369.5643,13833.3549,62526.0468,-515752.6354,-437023.6694,-453226.5886
3006000,2383.443,13776.1887,61925.7615,-516011.7523,-437926.3591,-454085.99079999997
3007000,2330.8809,13778.5795,61461.7383,-515446.748,-437875.5493,-453985.00970000005
3008000,2370.62,13685.4238,61986.2482,-515572.3388,-437530.0468,-453586.0906
3009000,2378.438,13825.1035,61949.0192,-515121.0675,-436968.5068,-453172.0483
3010000,2368.0626,13770.3907,62137.7692,-515983.8608,-437707.6383,-453846.09160000004
3011000,2350.2342,13763.9286,62623.9543,-516652.2662,-437914.14910000004,-454028.31190000003
3012000,2355.4148,13753.9217,62404.0916,-515831.9906,-437318.5625,-453427.89900000003
3013000,2321.9734,13721.751,62351.441,-516321.9918,-437926.8264,-453970.5508
3014000,2358.4823,13704.5692,62203.9804,-515878.1406,-437611.1087,-453674.1602
3015000,2358.9405,13822.0947,62112.3916,-515738.601,-437445.1742,-453626.20940000005
3016000,2341.1685,13906.941,62237.5651,-515790.6731,-437304.9985,-453553.108
3017000,2364.386,13778.6469,61893.355,-515717.9372,-437681.54929999996,-453824.5822
3018000,2354.8801,13760.5581,62314.5273,-515742.0256,-437312.0601,-453427.4983
3019000,2323.7068,13710.8874,61901.1464,-515389.0719,-437453.33129999996,-453487.9255
3020000,2333.7451,13691.3849,62268.8543,-515654.3837,-437360.3994,-453385.5294
3021000,2344.8776,13773.5466,62087.8381,-516130.6341,-437924.3718,-454042.79600000003
3022000,2327.994,13685.2222,62450.2773,-516124.2033,-437660.7098,-453673.926
3023000,2333.0032,13734.2172,61885.4115,-515680.7323,-437728.1004,-453795.3208
3024000,2349.1347,13894.5661,61643.0871,-515117.258,-437230.4701,-453474.17089999997
3025000,2376.8663,13680.8941,62472.2012,-516134.9848,-437605.02319999994,-453662.78359999997
3026000,2329.3863,13791.0177,61626.2358,-515518.6384,-437771.9986,-453892.4026
3027000,2346.0987,13820.122,62487.5556,-516678.9746,-438025.19830000005,-454191.419
3028000,2362.8262,13890.4806,62143.3209,-515753.4133,-437356.7856,-453610.0924
3029000,2325.5998,13754.7434,61955.8881,-515386.1107,-437349.87940000003,-453430.22260000004
3030000,2375.1977,13837.5297,62159.5827,-516474.0982,-438101.7881,-454314.5155
3031000,2361.8072,13860.8468,62151.9817,-515753.4676,-437378.8319,-453601.48589999997
3032000,2340.3772,13729.5891,62360.2394,-515791.9051,-437361.6994,-453431.66569999995
3033000,2349.3865,13800.4566,62389.9115,-515588.4914,-437048.7368,-453198.5799
3034000,2364.6625,13841.8927,62495.4469,-516389.4099,-437687.40780000004,-453893.96300000005
3035000,2363.6364,13724.3895,62569.9647,-516980.4723,-438322.4817,-454410.5076
3036000,2318.1313,13732.6405,61807.4438,-515528.3177,-437670.1021,-453720.8739
3037000,2354.4775,13751.2488,62076.6776,-515935.8679,-437753.46400000004,-453859.1903
3038000,2361.1871,13755.7477,62158.4536,-516133.6439,-437858.2555,-453975.1903
3039000,2334.8568,13764.7898,61579.4141,-514716.9153,-437037.85459999996,-453137.5012
3040000,2353.7248,13814.213,62306.1299,-515878.3295,-437404.2618,-453572.1996
3041000,2335.687,13723.085,62130.5902,-515614.4255,-437425.06330000004,-453483.83530000004
3042000,2362.0736,13723.4483,61848.8328,-515144.9656,-437210.61089999997,-453296.1328
3043000,2348.3529,13827.903,61996.0693,-515331.2854,-437158.9602,-453335.21609999996
3044000,2337.4948,13835.827,62124.5916,-515689.3383,-437391.4249,-453564.7467
3045000,2368.8437,13815.3288,61347.2921,-514895.1966,-437363.732,-453547.9045
3046000,2357.9624,13832.9177,61855.3223,-516275.8098,-438229.6074,-454420.4875
3047000,2337.274,13675.6579,61815.555,-515191.4667,-437362.9798,-453375.9117
3048000,2387.5223,13750.297,62211.891,-515674.4875,-437324.7772,-453462.5965
3049000,2348.6552,13805.634,61859.7737,-514589.323,-436575.26009999996,-452729.54929999996
3050000,2341.8812,13764.8429,61257.9656,-514186.3053,-436821.6156,-452928.3397
3051000,2346.5687,13724.7426,62223.2596,-515856.5899,-437562.01900000003,-453633.33030000003
3052000,2344.8948,13770.1779,61925.6038,-515560.4903,-437519.8138,-453634.8865
3053000,2377.7666,13881.6088,61624.2557,-514934.3183,-437050.6872,-453310.0626
3054000,2373.0476,13834.0588,61552.8033,-514641.5459,-436881.6362,-453088.7426
3055000,2345.5565,13813.611,61662.6224,-515371.3209,-437549.53099999996,-453708.6985
3056000,2308.7567,13753.5688,61983.1969,-515337.0117,-437291.48929999996,-453353.8148
3057000,2339.7328,13767.8798,61831.3862,-515809.4097,-437870.4109,-453978.0235
3058000,2357.7188,13799.6194,62082.5177,-516107.5001,-437867.6442,-454024.9824
3059000,2382.2872,13728.5667,61895.1148,-514913.2263,-436907.2576,-453018.1115
3060000,2339.6702,13823.8707,62316.4378,-516199.3525,-437719.37379999994,-453882.91469999996
3061000,2320.9259,13780.851,62042.4127,-515276.7845,-437132.5949,-453234.3718
3062000,2362.9058,13772.4203,62042.1385,-515213.1702,-437035.7056,-453171.0317
3063000,2308.5022,13735.3122,62110.1572,-516084.172,-437930.20040000003,-453974.0148
3064000,2358.1761,13780.8604,62322.8111,-516420.1773,-437958.3297,-454097.3662
3065000,2338.5309,13795.1378,62657.8703,-516519.9934,-437728.4544,-453862.12309999997
3066000,2359.9034,13783.615,62243.4341,-516018.8055,-437631.853,-453775.3714
3067000,2351.7153,13824.8689,62164.6748,-515557.5148,-437216.2558,-453392.84
3068000,2376.1611,13767.5055,62006.148,-515609.3074,-437459.4928,-453603.1594
3069000,2348.7334,13711.297,62134.0876,-516186.7063,-437992.5883,-454052.6187
3070000,2339.9018,13711.8419,62048.4622,-515697.2477,-437597.0418,-453648.7855
3071000,2324.4099,13819.1694,61803.9846,-515582.4266,-437634.8627,-453778.442
3072000,2363.6938,13731.6734,62345.8195,-515803.8877,-437362.701,-453458.06820000004
3073000,2322.2031,13744.6176,61970.5419,-515527.4319,-437490.06930000003,-453556.89
3074000,2369.1961,13656.8002,61595.5354,-514860.7639,-437239.2322,-453265.2285
3075000,2346.0397,13780.4789,61819.5823,-515692.8321,-437746.7312,-453873.2498
3076000,2351.1497,13723.9247,62101.603,-515782.6128,-437605.9354,-453681.0098
3077000,2355.0407,13829.6134,62587.5299,-516284.51,-437512.326,-453696.9801
3078000,2351.0124,13834.9727,62302.7747,-516132.5028,-437643.743,-453829.7281
3079000,2321.2229,13818.9753,62416.3188,-515241.9879,-436685.4709,-452825.6691
3080000,2312.1183,13661.2564,62406.3717,-515371.4721,-436991.7257,-452965.1004
3081000,2327.7634,13790.1084,61858.891,-515130.8849,-437154.12210000004,-453271.9939
3082000,2363.4919,13812.5176,61319.9012,-514393.673,-436897.7623,-453073.7718
3083000,2335.5359,13785.1429,62175.1334,-515348.4022,-437052.59,-453173.2688
3084000,2341.7988,13763.6162,62486.4802,-515668.1499,-437076.25470000005,-453181.6697
3085000,2346.244,13721.8496,62380.7656,-515521.9807,-437073.1215,-453141.21510000003
3086000,2343.8991,13807.2546,62129.338,-515307.4158,-437026.9241,-453178.0778
3087000,2363.9356,13903.4386,61821.232,-514984.9639,-436896.35769999993,-453163.73189999996
3088000,2324.6164,13742.2351,62126.5145,-515951.3094,-437757.94340000005,-453824.79490000004
3089000,2349.4964,13645.6596,62426.3935,-516329.3934,-437907.8439,-453902.9999
3090000,2377.9956,13774.1895,62087.1049,-515916.6433,-437677.3533,-453829.5384
3091000,2337.8982,13791.4166,62571.7665,-515992.5138,-437291.4325,-453420.74730000005
3092000,2357.3126,13730.2274,62100.8892,-515920.9014,-437732.47219999996,-453820.0122
3093000,2357.26,13769.8298,62404.1664,-516015.7244,-437484.4682,-453611.558
3094000,2383.8748,13880.7853,62112.7359,-516225.5751,-437848.1791,-454112.83920000005
3095000,2346.085,13786.5762,61534.8406,-515036.5554,-437369.0536,-453501.7148
3096000,2328.7058,13862.9413,62117.5965,-516042.119,-437732.8754,-453924.5225
3097000,2334.7991,13765.4654,61869.5055,-515490.9907,-437521.2207,-453621.4852
3098000,2332.643,13842.3491,61743.0601,-515753.0087,-437834.9565,-454009.9486
3099000,2328.4638,13705.1088,62445.5879,-516095.422,-437616.2615,-453649.83410000004
3100000,2353.7503,13800.9126,61658.338,-516069.8231,-438256.8222,-454411.4851
3101000,2342.7421,13750.4437,62458.1296,-516604.438,-438053.1226,-454146.30840000004
3102000,2344.8464,13869.5552,61801.5606,-515306.0888,-437290.1266,-453504.52820000006
3103000,2353.3675,13795.9787,61267.5927,-514108.2519,-436691.31299999997,-452840.6592
3104000,2329.4177,13849.4725,62898.876,-516832.2777,-437754.51149999996,-453933.4017
3105000,2325.649,13693.6743,62215.7224,-515899.036,-437663.9903,-453683.3136
3106000,2362.3472,13828.5549,62239.2779,-516149.9842,-437719.8042,-453910.7063
3107000,2319.4163,13738.9467,62153.6553,-516376.6495,-438164.6312,-454222.9942
3108000,2357.4598,13874.3127,62026.1603,-515900.213,-437642.2802,-453874.0527
3109000,2366.2668,13792.7967,62614.7352,-517109.79,-438335.9913,-454495.0548
3110000,2325.757,13878.6485,61915.5346,-515247.3592,-437127.4191,-453331.8246
3111000,2371.5408,13761.7111,62300.9381,-516190.3985,-437756.2085,-453889.4604
3112000,2342.9396,13829.5101,62261.3165,-515587.7972,-437154.03099999996,-453326.48069999996
3113000,2399.2755,13885.768,62309.1485,-515894.8927,-437300.70070000004,-453585.7442
3114000,2308.6188,13780.3911,62217.1103,-515978.8503,-437672.7301,-453761.74
3115000,2355.6312,13815.4542,62250.7618,-515914.9975,-437493.1503,-453664.2357
3116000,2348.7522,13852.8991,62246.3164,-516011.4942,-437563.52650000004,-453765.1778
3117000,2343.6643,13782.9824,61693.8759,-515514.9683,-437694.44570000004,-453821.0924
3118000,2340.7742,13788.8312,61881.6598,-515831.1306,-437819.8654,-453949.47079999995
3119000,2312.0675,13812.835,62049.0696,-515545.2706,-437371.2985,-453496.201
3120000,2372.9326,13834.1558,62244.6247,-515701.1587,-437249.44560000004,-453456.53400000004
3121000,2366.4539,13833.5267,62115.848,-515660.6248,-437344.7962,-453544.7768
3122000,2361.9059,13756.2567,61853.4177,-515487.2938,-437515.71349999995,-453633.8761
3123000,2322.1482,13749.8695,62341.6196,-515497.042,-437083.4047,-453155.42240000004
3124000,2369.9771,13752.5849,62290.1534,-515619.5236,-437206.8082,-453329.3702
3125000,2364.6115,13768.19,62016.5387,-514959.5347,-436810.1945,-452942.99600000004
3126000,2368.9016,13746.5172,62073.9209,-516273.0214,-438083.6817,-454199.10050000006
3127000,2349.8893,13868.4289,62025.3309,-516087.2357,-437843.58660000004,-454061.9048
3128000,2334.5256,13709.5108,61780.1773,-515093.2511,-437269.0374,-453313.0738
3129000,2342.0811,13754.5076,61903.2006,-515537.837,-437538.0477,-453634.6364
3130000,2358.1219,13758.7678,62404.017,-516177.0938,-437656.1871,-453773.0768
3131000,2355.467,13823.8066,62220.3669,-515779.1141,-437379.4736,-453558.7472
3132000,2379.634,13794.1158,62088.7179,-515422.7206,-437160.25289999996,-453334.0027
3133000,2369.0552,13815.9074,61968.7539,-516096.0863,-437942.3698,-454127.3324
3134000,2368.8007,13797.2005,62748.121,-516658.9897,-437744.8675,-453910.8687
3135000,2363.1571,13774.9739,61697.2564,-515791.1291,-437955.7417,-454093.8727
3136000,2354.2375,13833.1779,62045.1146,-516334.155,-438101.625,-454289.04040000006
3137000,2338.031,13737.0579,61877.3509,-515847.4109,-437894.9711,-453970.06
3138000,2347.2089,13723.3599,62479.9631,-516568.1383,-438017.6064,-454088.1752
3139000,2361.6125,13775.1495,61696.4253,-515664.281,-437831.0937,-453967.8557
3140000,2352.0243,13789.6909,61852.9422,-515332.4641,-437337.80669999996,-453479.5219
3141000,2319.5214,13883.085,61586.5677,-515212.9273,-437423.7532,-453626.35959999997
3142000,2331.0802,13865.9795,61773.7348,-515750.7223,-437779.9278,-453976.98750000005
3143000,2354.4507,13797.102,61748.7987,-515292.4241,-437392.0727,-453543.6254
3144000,2321.7306,13781.9478,61948.8287,-515199.6719,-437147.1648,-453250.8432
3145000,2365.3721,13706.8038,62035.8408,-515592.5382,-437484.52150000003,-453556.6974
3146000,2374.8373,13824.7854,61968.3429,-515778.3186,-437610.353,-453809.9757
3147000,2357.3461,13741.4771,62543.2621,-515666.9169,-437024.83160000003,-453123.6548
3148000,2359.1108,13780.352,61814.7289,-515166.6684,-437212.4767,-453351.93950000004
3149000,2329.3826,13784.3499,62649.05,-516464.3381,-437701.55559999996,-453815.2881
3150000,2390.2275,13883.3797,61981.901,-516223.1491,-437967.6409,-454241.24809999997
3151000,2354.0365,13766.9051,61749.9222,-515306.0753,-437435.21150000003,-453556.1531
3152000,2343.4294,13840.2967,61221.8706,-514985.6156,-437580.0189,-453763.745
3153000,2319.8101,13675.617,62051.9676,-515603.0998,-437555.7051,-453551.1322
3154000,2341.7651,13792.6253,61977.9537,-515319.0159,-437206.6718,-453341.0622
3155000,2341.3792,13770.242,62339.871,-516170.3215,-437718.82930000004,-453830.45050000004
3156000,2363.3446,13700.4479,61855.9519,-515351.1481,-437431.4037,-453495.1962
3157000,2350.498,13776.0941,62899.1936,-516675.297,-437649.5113,-453776.1034
3158000,2364.3984,13819.4831,61924.9052,-515630.4953,-437521.7086,-453705.59010000003
3159000,2347.2387,13728.6476,62542.4773,-517062.3909,-438444.0273,-454519.91359999997
3160000,2355.0324,13792.9395,62398.0292,-516418.1863,-437872.1852,-454020.1571
3161000,2327.7051,13834.1605,62497.2388,-516289.041,-437629.9366,-453791.80220000003
3162000,2351.9757,13790.2964,62537.1495,-515839.7212,-437160.2996,-453302.57170000003
3163000,2345.978,13792.6696,61992.5846,-515549.3194,-437418.08719999995,-453556.7348
3164000,2344.9121,13774.9479,62333.5441,-515894.1018,-437440.6977,-453560.5577
3165000,2359.1446,13758.4831,61976.847,-515975.8359,-437881.3612,-453998.9889
3166000,2339.755,13822.6997,61956.7831,-515871.4174,-437752.1796,-453914.6343
3167000,2363.1472,13738.128,61887.7658,-515311.2872,-437322.24620000005,-453423.5214
3168000,2361.4805,13734.0921,62194.5699,-516300.6515,-438010.50899999996,-454106.0816
3169000,2366.5533,13837.2806,62202.0504,-516210.0041,-437804.1198,-454007.9537
3170000,2363.8442,13747.9571,61781.6435,-515538.1853,-437644.7405,-453756.5418
3171000,2359.0805,13806.1006,61523.8127,-515005.0499,-437316.0561,-453481.2372
3172000,2360.6429,13723.9101,61888.885,-515278.6811,-437305.24309999996,-453389.7961
3173000,2367.4581,13827.7362,61467.9349,-514147.0016,-436483.8724,-452679.0667
3174000,2353.9002,13763.5767,61665.3243,-514934.128,-437151.32680000004,-453268.80370000005
3175000,2357.6003,13853.2031,61942.4497,-515227.3271,-437074.074,-453284.8774
3176000,2351.4558,13794.5419,62468.65,-516354.7311,-437740.0834,-453886.08109999995
3177000,2323.9765,13738.5239,61714.738,-515176.4241,-437399.18570000003,-453461.6861
3178000,2378.3323,13838.6592,61666.5981,-515214.4374,-437330.8478,-453547.8393
3179000,2292.9326,13765.4183,61929.1181,-515790.7213,-437803.2523,-453861.60319999995
3180000,2376.7619,13815.6725,62426.8716,-516218.0733,-437598.7673,-453791.2017
3181000,2337.7603,13856.7607,61989.773,-515449.5417,-437265.2477,-453459.7687
3182000,2356.3745,13802.1355,61904.3278,-515897.7189,-437834.8811,-453993.3911
3183000,2367.1377,13786.0936,61867.9079,-515762.8368,-437741.69759999996,-453894.9289
3184000,2366.4608,13743.3453,61766.2133,-515442.7507,-437566.7313,-453676.5374
3185000,2336.81,13730.2334,61938.2948,-515488.7394,-437483.4012,-453550.44460000005
3186000,2387.0537,13743.7054,61936.6464,-515126.6483,-437059.2428,-453190.00190000003
3187000,2350.3206,13810.8635,62145.5913,-515718.9171,-437412.14170000004,-453573.3258
3188000,2337.9069,13724.7891,62154.525,-515180.8763,-436963.6553,-453026.3513
3189000,2356.943,13761.8,62227.1435,-515537.8604,-437191.9739,-453310.7169
3190000,2340.4864,13853.2598,62291.1489,-515347.9351,-436863.04000000004,-453056.7862
3191000,2379.9794,13843.035,62383.6124,-516475.3674,-437868.7406,-454091.755
3192000,2360.3901,13764.9365,61876.0213,-515429.277,-437427.9291,-453553.2557
3193000,2343.4435,13700.2482,61749.9346,-514895.8407,-437102.2144,-453145.9061
3194000,2348.9757,13698.5849,61571.6282,-515320.3382,-437701.1494,-453748.71
3195000,2351.2602,13748.998,62261.0625,-515498.5247,-437137.204,-453237.4622
3196000,2352.0608,13793.3825,61766.9479,-515338.9816,-437426.5904,-453572.0337
3197000,2334.74,13823.8447,61511.3587,-515154.401,-437484.4576,-453643.04230000003
3198000,2323.5232,13707.3516,62196.8156,-516007.0493,-437779.3589,-453810.2337
3199000,2337.7654,13882.3527,61879.391,-515004.6293,-436905.1202,-453125.23829999997
3200000,2368.5494,13724.0743,61679.8284,-514519.4977,-436747.0456,-452839.6693
3201000,2375.3112,13763.7467,62054.9557,-515654.3098,-437460.2962,-453599.3541
3202000,2313.0038,13665.6146,61995.3718,-515379.819,-437405.8288,-453384.4472
3203000,2376.6676,13825.1877,62080.6576,-516554.8151,-438272.30220000003,-454474.15750000003
3204000,2343.7216,13799.2255,61968.4931,-516166.7071,-438055.2669,-454198.214
3205000,2353.0702,13716.9493,62067.9354,-515682.938,-437544.9831,-453615.0026
3206000,2374.4797,13782.1003,62629.0095,-516719.432,-437933.84249999997,-454090.4225
3207000,2335.9307,13705.4409,61882.6525,-515593.9516,-437669.9275,-453711.29909999995
3208000,2340.1763,13716.0919,62596.6757,-516582.0703,-437929.1264,-453985.3946
3209000,2378.747,13858.5492,61969.4037,-515733.2659,-437526.566,-453763.8622
3210000,2333.9205,13791.8751,62368.6925,-515689.6671,-437195.179,-453320.9746
3211000,2341.0707,13778.7144,62177.5539,-516304.1022,-438006.76320000004,-454126.5483
3212000,2337.4941,13785.5347,62007.0823,-515624.1969,-437494.0858,-453617.1146
3213000,2336.119,13897.823,62062.2155,-516134.9233,-437838.76580000005,-454072.70780000003
3214000,2360.4621,13841.4563,61639.3262,-515470.7891,-437629.54449999996,-453831.4629
3215000,2366.7919,13766.3302,62348.3231,-515591.6677,-437110.2225,-453243.3446
3216000,2366.7074,13686.2066,62048.8667,-515591.7017,-437489.921,-453542.83499999996
3217000,2373.5076,13794.8424,62032.3735,-515720.1974,-437519.4739,-453687.8239
3218000,2360.7156,13781.3176,62238.8644,-515576.5623,-437195.66469999996,-453337.69789999997
3219000,2355.6037,13695.9684,61667.0459,-515446.257,-437727.63899999997,-453779.21109999996
3220000,2341.6938,13720.8409,62189.2602,-515685.5601,-437433.7652,-453496.2999
3221000,2341.7218,13800.7511,62125.3873,-516075.5074,-437807.6472,-453950.1201
3222000,2336.1435,13787.7555,62470.4251,-516368.2807,-437773.95660000003,-453897.8556
3223000,2357.2554,13806.1507,61960.023,-515084.7882,-436961.3591,-453124.7652
3224000,2378.1774,13846.7031,61927.9874,-515846.4334,-437693.56549999997,-453918.446
3225000,2342.2696,13808.5603,62294.5155,-516218.0555,-437772.7101,-453923.54000000004
3226000,2373.051,13901.0768,62250.0723,-516392.859,-437868.6589,-454142.7867
3227000,2334.8029,13819.5707,62223.3593,-515643.2991,-437265.5662,-453419.9398
3228000,2341.809,13784.4819,61976.9241,-515593.312,-437490.09699999995,-453616.3879
3229000,2313.7439,13712.4492,61848.1223,-515201.8922,-437327.5768,-453353.7699
3230000,2362.6925,13817.528,62153.2985,-515388.2189,-437054.6999,-453234.9204
3231000,2359.1194,13863.3552,61725.3057,-515698.4587,-437750.67840000003,-453973.15300000005
3232000,2356.1487,13793.8494,61649.0407,-515540.4257,-437741.38690000004,-453891.385
3233000,2369.8455,13744.0064,61868.4012,-515017.0453,-437034.7922,-453148.6441
3234000,2362.8306,13769.6243,62151.3428,-516034.9151,-437751.1174,-453883.5723
3235000,2357.6092,13823.8006,61430.3211,-514787.773,-437176.04209999996,-453357.4519
3236000,2355.1644,13759.6332,62041.2748,-515185.9596,-437029.8872,-453144.6848
3237000,2366.1898,13829.2789,61628.2294,-515310.5824,-437486.88430000003,-453682.353
3238000,2361.3196,13765.1049,61920.4362,-515096.0093,-437049.14859999996,-453175.5731
3239000,2356.4181,13760.668,61944.2335,-515185.6392,-437124.3196,-453241.4057
3240000,2378.0771,13753.0992,62283.63,-515777.8657,-437363.0594,-453494.2357
3241000,2332.7796,13832.9241,61931.6336,-516080.2998,-437982.96249999997,-454148.6662
3242000,2329.9529,13801.8157,61999.0226,-515002.3023,-436871.5111,-453003.27969999996
3243000,2368.3093,13840.9581,62491.5351,-516537.9416,-437837.13910000003,-454046.40650000004
3244000,2377.9806,13853.6677,62038.2851,-515672.814,-437402.88060000003,-453634.52890000003
3245000,2321.1923,13664.9909,62119.6844,-515471.2667,-437365.3991,-453351.5823
3246000,2347.805,13800.7082,61792.3313,-515409.2934,-437468.4489,-453616.9621
3247000,2382.8224,13739.0053,62104.3241,-515356.2378,-437130.086,-453251.91370000003
3248000,2380.098,13826.6752,62221.0166,-515947.6087,-437519.81889999995,-453726.5921
3249000,2366.6322,13662.1918,62327.0695,-516346.0834,-437990.1899,-454019.0139
3250000,2373.9041,13760.2335,62326.4418,-515621.1851,-437160.6057,-453294.7433
3251000,2357.3348,13831.4125,62318.3673,-516086.0716,-437578.95700000005,-453767.70430000004
3252000,2324.4603,13751.2988,62503.0419,-516301.7875,-437722.9865,-453798.74559999997
3253000,2357.1875,13824.7312,61645.2755,-515377.7029,-437550.5087,-453732.4274
3254000,2341.6924,13664.6267,61783.1415,-515183.1657,-437393.7051,-453400.0242
3255000,2357.073,13992.4994,62444.9559,-517082.3354,-438287.8071,-454637.3795
3256000,2334.7555,13779.7466,61473.6415,-514898.6158,-437310.4722,-453424.9743
3257000,2350.6927,13707.9526,61904.3343,-515267.939,-437304.9594,-453363.6047
3258000,2347.9372,13796.9559,62185.1681,-516290.5397,-437960.4785,-454105.3716
3259000,2329.4725,13856.3669,61641.9829,-515560.4249,-437732.6026,-453918.442
3260000,2341.5491,13667.3616,61894.3031,-515444.7078,-437541.49399999995,-453550.40469999996
3261000,2337.4431,13761.464,61971.293,-515787.2376,-437717.0375,-453815.9446
3262000,2306.5972,13787.4951,61938.1087,-516131.7013,-438099.5003,-454193.59260000003
3263000,2372.9296,13874.9315,62517.1194,-516132.2156,-437367.2351,-453615.09619999997
3264000,2345.6058,13829.6056,62151.7052,-516235.2964,-437908.3798,-454083.5912
3265000,2379.9218,13792.0167,62109.2656,-515982.2057,-437701.00159999996,-453872.9401
3266000,2345.5548,13705.0648,62347.6071,-515494.0731,-437095.8464,-453146.46599999996
3267000,2346.3065,13758.6344,62182.2351,-515889.5748,-437602.39879999997,-453707.3397
3268000,2366.3128,13869.3313,61823.0843,-515214.4803,-437155.7519,-453391.396
3269000,2340.8194,13779.7366,61863.2144,-515021.4404,-437037.67000000004,-453158.226
3270000,2355.4525,13819.8343,61575.3984,-515098.1388,-437347.4536,-453522.7404
3271000,2353.6866,13846.8929,62530.344,-516538.4321,-437807.50859999994,-454008.0881
3272000,2376.2163,13915.3592,62232.8042,-516585.3876,-438061.0079,-454352.5834
3273000,2374.5717,13782.9145,62146.5268,-516481.4846,-438177.47160000005,-454334.95780000003
3274000,2363.3391,13920.6945,61704.1148,-514810.2822,-436822.1338,-453106.16740000003
3275000,2352.3698,13874.2605,62568.1959,-516392.0661,-437597.2399,-453823.8702
3276000,2339.8561,13779.6126,61958.2753,-515786.1946,-437708.4506,-453827.9193
3277000,2333.6142,13808.3136,61981.3678,-515446.5538,-437323.2582,-453465.186
3278000,2325.0224,13832.5924,61784.5564,-515467.4312,-437525.26,-453682.8748
3279000,2344.7228,13817.9892,62390.2437,-516441.4524,-437888.4967,-454051.2087
3280000,2344.7096,13861.9843,61926.9454,-515704.7168,-437571.0775,-453777.77139999997
3281000,2367.5419,13834.251,61951.06,-515641.9042,-437489.0513,-453690.8442
3282000,2340.0963,13784.3145,61916.7733,-515560.6884,-437519.5043,-453643.9151
3283000,2377.0609,13862.1836,61629.1599,-514964.4613,-437096.0569,-453335.3014
3284000,2337.9349,13741.257,62347.6726,-515912.467,-437485.60250000004,-453564.7944
3285000,2349.0424,13895.8861,61802.6118,-515556.3241,-437508.78380000003,-453753.7123
3286000,2320.216,13762.6077,62198.2438,-515971.517,-437690.4495,-453773.2732
3287000,2318.1706,13866.9853,62274.3671,-516053.0143,-437593.4913,-453778.6472
3288000,2337.8593,13765.8268,62175.6967,-515481.706,-437202.3232,-453306.00930000003
3289000,2370.01,13868.3988,62340.9887,-515696.8653,-437117.4678,-453355.8766
3290000,2391.6825,13884.3751,62556.0551,-516207.3688,-437375.2561,-453651.3137
3291000,2361.033,13800.5524,62435.1597,-516263.0566,-437666.3115,-453827.8969
3292000,2373.3821,13791.2547,62226.5378,-516260.1708,-437868.99620000005,-454033.63300000003
3293000,2340.0089,13685.1199,61888.5756,-515400.264,-437486.55960000004,-453511.68840000004
3294000,2354.6012,13744.974,62008.6201,-515655.4003,-437547.20499999996,-453646.7802
3295000,2340.0201,13795.5393,61852.5244,-514791.3877,-436803.3039,-452938.8633
3296000,2367.7673,13864.369,62118.0852,-515509.1854,-437158.96390000003,-453391.1002
3297000,2331.859,13795.8544,61781.683,-515208.3362,-437298.93980000005,-453426.6532
3298000,2369.2132,13894.1041,62600.3293,-516397.7714,-437534.12480000005,-453797.44210000004
3299000,2357.1398,13831.1521,62208.0708,-515503.4532,-437107.0905,-453295.3824
3300000,2353.9262,13761.0764,61299.1648,-514383.0478,-436968.8804,-453083.88300000003
3301000,2359.6568,13821.6321,62648.8357,-517180.4342,-438350.30960000004,-454531.5985
3302000,2369.3878,13834.7093,62393.3571,-515667.2342,-437069.78,-453273.8771
3303000,2382.7303,13803.3865,62070.6071,-515684.1008,-437427.37690000003,-453613.4937
3304000,2356.1169,13864.1988,61723.7845,-515352.7659,-437408.6657,-453628.9814
3305000,2369.3203,13727.6926,62560.9872,-516588.2821,-437930.282,-454027.2949
3306000,2331.7577,13890.4389,61714.7764,-515883.1501,-437946.17710000003,-454168.3737
3307000,2345.2899,13866.2889,61816.712,-515387.0083,-437358.71749999997,-453570.2963
3308000,2359.0394,13818.4841,62486.0241,-516642.7959,-437979.24830000004,-454156.77180000005
3309000,2372.4241,13750.2455,62464.7376,-516157.0027,-437569.5955,-453692.2651
3310000,2349.5326,13862.1184,62368.9465,-516488.7602,-437908.1627,-454119.8137
3311000,2329.1186,13734.6518,61830.984,-516028.2389,-438133.4845,-454197.2549
3312000,2371.4462,13854.3086,62561.3739,-516210.5865,-437423.4578,-453649.21259999997
3313000,2336.264,13797.6142,61635.8417,-515096.8185,-437327.0986,-453460.9768
3314000,2354.031,13849.0562,61989.923,-515704.0425,-437511.03229999996,-453714.1195
3315000,2338.3479,13735.8445,62159.3551,-516026.5973,-437793.04980000004,-453867.24220000004
3316000,2351.2813,13746.5358,61318.3741,-515060.4015,-437644.2103,-453742.02739999996
3317000,2349.4431,13800.1044,62058.1952,-515974.8953,-437767.1526,-453916.70009999996
3318000,2359.6631,13819.9348,61999.9044,-516125.1575,-437945.6552,-454125.2531
3319000,2368.4123,13824.4996,62858.0592,-517030.8904,-437979.91929999995,-454172.83119999996
3320000,2368.2211,13836.9249,62060.9211,-515547.4893,-437281.42220000003,-453486.56820000004
3321000,2381.6884,13913.8441,62009.1819,-515794.48,-437489.7656,-453785.29809999996
3322000,2358.868,13857.8564,61953.8969,-516394.3369,-438223.7156,-454440.44
3323000,2338.3503,13816.3217,62082.4306,-515976.6358,-437739.5332,-453894.20519999997
3324000,2343.9265,13817.7253,61838.5165,-515656.7473,-437656.579,-453818.2308
3325000,2354.5102,13740.5454,62555.2205,-516397.7152,-437747.43909999996,-453842.4947
3326000,2364.0613,13831.7682,61938.4336,-515528.2946,-437394.03150000004,-453589.86100000003
3327000,2341.7597,13833.0328,61729.6043,-515553.8576,-437649.4608,-453824.2533
3328000,2342.3292,13776.1472,62063.353,-515456.2281,-437274.3987,-453392.8751
3329000,2377.4716,13794.1777,62178.2602,-515623.7877,-437273.8782,-453445.52749999997
3330000,2360.7744,13856.2713,62430.2217,-515725.6313,-437078.3639,-453295.4096
3331000,2351.6301,13671.1713,61874.2976,-515441.0135,-437543.9145,-453566.7159
3332000,2341.9526,13752.1836,62239.6437,-516228.0695,-437894.2896,-453988.42579999997
3333000,2423.1184,13823.0877,62538.3705,-516626.7541,-437842.1775,-454088.3836
3334000,2347.1238,13724.6044,61794.8134,-515316.5024,-437449.9608,-453521.689
3335000,2360.4706,13757.9151,62304.3071,-516102.5622,-437679.86939999997,-453798.2551
3336000,2345.3621,13876.8142,62451.7203,-516825.4536,-438151.55700000003,-454373.7333
3337000,2367.7534,13730.5932,62401.6703,-516557.0697,-438057.0528,-454155.3994
3338000,2364.2486,13778.3074,62788.8372,-516701.6619,-437770.2687,-453912.8247
3339000,2367.339,13781.8367,61739.8464,-515332.9238,-437443.9017,-453593.0774
3340000,2351.7833,13748.532,62168.6845,-515555.459,-437286.4592,-453386.77449999994
3341000,2361.203,13728.1705,62293.6147,-515910.3945,-437527.40630000003,-453616.7798
3342000,2352.1559,13757.7293,62310.3544,-515977.3873,-437557.1477,-453667.0329
3343000,2320.6543,13737.6646,62124.3209,-515213.4419,-437030.8021,-453089.121
3344000,2366.6242,13851.2081,62247.7584,-515595.7359,-437130.1452,-453347.97750000004
3345000,2364.4983,13770.1293,61601.2628,-514810.2503,-437074.35990000004,-453208.98750000005
3346000,2353.0363,13823.3369,62601.5433,-516915.5449,-438137.6284,-454314.00159999996
3347000,2367.7902,13811.9006,61747.9894,-515376.3964,-437448.7162,-453628.407
3348000,2375.8118,13730.3958,62166.1897,-516193.548,-437921.1507,-454027.3583
3349000,2348.052,13765.8337,61905.6565,-516249.5484,-438230.00620000006,-454343.89190000005
3350000,2325.362,13801.4384,61779.1718,-515659.035,-437753.06279999996,-453879.86319999996
3351000,2343.7799,13885.8728,61513.2022,-515156.743,-437413.8881,-453643.5408
3352000,2362.7627,13789.5252,62363.3445,-516183.6881,-437668.0557,-453820.3436
3353000,2367.3358,13918.4425,61975.395,-515550.4043,-437289.231,-453575.0093
3354000,2331.4442,13831.048,61848.5638,-514771.5992,-436760.54319999996,-452923.0354
3355000,2346.6487,13808.1742,61899.4446,-515432.2298,-437377.96229999996,-453532.7852
3356000,2392.8298,13836.0149,61804.2256,-514696.9228,-436663.85250000004,-452892.6972
3357000,2395.891,13945.8763,62168.8308,-516330.3503,-437819.7522,-454161.5195
3358000,2323.2821,13850.3376,61914.5985,-515232.4156,-437144.1974,-453317.8171
3359000,2360.8277,13835.42,62000.6147,-515606.9002,-437410.0378,-453606.2855
3360000,2339.283,13773.375,62053.6183,-515933.3841,-437767.1078,-453879.76580000005
3361000,2367.3226,13732.998,62267.9463,-515513.7432,-437145.47630000004,-453245.7969
3362000,2370.4418,13830.2502,62210.2237,-516201.5518,-437790.6361,-453991.32810000004
3363000,2363.4438,13869.7321,61560.8905,-514992.5305,-437198.4641,-453431.64
3364000,2334.2903,13741.4189,62365.8201,-516072.2191,-437630.6898,-453706.399
3365000,2326.7848,13835.9326,62583.3237,-516234.3326,-437488.29150000005,-453651.0089
3366000,2338.4283,13861.8255,62163.0048,-515459.9735,-437096.7149,-453296.9687
3367000,2363.2825,13816.9702,62074.0384,-515298.4925,-437044.2014,-453224.4541
3368000,2369.0154,13801.1252,61889.7759,-515598.6797,-437538.7632,-453708.9038
3369000,2369.828,13823.5788,62468.7321,-516137.8682,-437475.7293,-453669.1361
3370000,2403.6729,13828.9236,61856.1816,-514996.4972,-436907.7191,-453140.3156
3371000,2348.4693,13794.6591,62481.5393,-516216.2106,-437591.5429,-453734.6713
3372000,2370.7882,13902.0007,62210.5968,-515830.82,-437347.4343,-453620.2232
3373000,2369.4588,13776.8854,62241.7203,-516054.8888,-437666.8243,-453813.1685
3374000,2357.2964,13875.5905,61860.2913,-515385.9164,-437292.7382,-453525.6251
3375000,2339.163,13844.6761,61897.4863,-515417.0748,-437335.7494,-453519.5885
3376000,2358.3595,13871.281,61946.3657,-515302.0636,-437126.0574,-453355.69789999997
3377000,2381.0435,13852.621,62813.2793,-517056.0313,-438009.08749999997,-454242.752
3378000,2374.1341,13819.2909,62307.7899,-515910.33,-437409.1151,-453602.5401
3379000,2344.1769,13940.3381,61780.3633,-515699.3509,-437634.47260000004,-453918.9876
3380000,2334.4081,13951.4251,62094.0464,-515364.0345,-436984.1549,-453269.9881
3381000,2360.3679,13731.097,62453.5104,-516083.8421,-437538.8668,-453630.3317
3382000,2341.279,13845.9072,62405.9662,-515459.3404,-436866.18799999997,-453053.37419999996
3383000,2342.2352,13745.0938,62199.7688,-515607.7785,-437320.6807,-453408.0097
3384000,2341.5745,13800.0927,62367.3204,-516288.9723,-437779.98470000003,-453921.65190000006
3385000,2338.0023,13838.0814,61900.862,-515104.8609,-437027.91520000005,-453203.9989
3386000,2341.2269,13780.6228,61837.3557,-515841.2671,-437882.06169999996,-454003.9114
3387000,2343.5916,13841.8883,62088.2811,-515585.6735,-437311.9125,-453497.39239999995
3388000,2339.5462,13927.3791,61905.4449,-516186.6241,-438014.2539,-454281.1792
3389000,2338.7657,13797.2027,62025.4128,-515683.9023,-437522.5211,-453658.4895
3390000,2359.77,13818.4507,61562.6126,-515321.2628,-437580.4295,-453758.65020000003
3391000,2345.759,13813.3444,61954.37,-515581.7751,-437468.3017,-453627.40510000003
3392000,2351.3572,13857.6653,61846.5461,-515554.2633,-437498.6947,-453707.7172
3393000,2301.3643,13818.6401,62091.4062,-516064.4734,-437853.0628,-453973.06720000005
3394000,2329.4943,13838.4058,62503.6757,-516298.7558,-437627.18,-453795.08009999996
3395000,2379.6336,13789.5498,61948.3736,-515636.3589,-437518.80189999996,-453687.9853
3396000,2364.1659,13888.5144,62743.2247,-516911.0225,-437915.11750000005,-454167.7978
3397000,2314.9334,13721.1416,62516.4874,-516537.1789,-437984.6165,-454020.6915
3398000,2347.4873,13913.2637,62057.0313,-515739.716,-437421.9337,-453682.6847
3399000,2382.3809,13817.648,62393.9556,-515764.9196,-437170.9351,-453370.96400000004
3400000,2354.8343,13908.573,62061.6437,-516027.7065,-437702.6555,-453966.06279999996
3401000,2343.9301,13783.9893,61981.8626,-515565.3903,-437455.6083,-453583.52770000004
3402000,2341.9914,13848.2514,62254.4855,-516125.7309,-437681.0026,-453871.2454
3403000,2321.7722,13704.6458,62169.3907,-516136.008,-437940.1993,-453966.6173
3404000,2356.1995,13922.2671,62189.494,-516112.335,-437644.37440000003,-453922.841
3405000,2364.2997,13905.471,61668.2615,-515527.6327,-437589.6005,-453859.3712
3406000,2360.1431,13841.3055,62339.0888,-516149.0235,-437608.4861,-453809.9347
3407000,2330.9652,13869.1007,61849.1616,-515663.6742,-437614.4467,-453814.5126
3408000,2376.5795,13761.7207,62103.7963,-515843.4242,-437601.3277,-453739.6279
3409000,2341.0967,13842.727,62192.1259,-515535.3115,-437159.3619,-453343.1856
3410000,2322.9183,13821.7442,61481.0479,-515059.1897,-437433.4793,-453578.1418
3411000,2344.3704,13839.2282,62024.7499,-515761.3311,-437552.9826,-453736.5812
3412000,2351.7974,13774.8772,62366.4731,-516059.0128,-437565.86510000005,-453692.5397
3413000,2339.7992,13783.1247,61985.5003,-515309.9903,-437201.5661,-453324.49
3414000,2373.7261,13933.4025,61996.2465,-516135.345,-437831.96989999997,-454139.09849999996
3415000,2355.6951,13849.7964,61584.6121,-515416.4824,-437626.37879999995,-453831.87029999995
3416000,2349.2415,13889.797,62456.0181,-516271.2011,-437576.1445,-453815.183
3417000,2330.9634,13794.712,62266.033,-516174.0198,-437782.3114,-453907.9868
3418000,2306.6663,13771.3447,62164.4739,-515987.7503,-437745.26540000003,-453823.27640000003
3419000,2369.8105,13862.8915,62453.3657,-516432.9964,-437746.9287,-453979.6307
3420000,2313.3368,13691.933,62857.4428,-517176.5182,-438313.80559999996,-454319.0754
3421000,2367.392,13807.5255,61869.9736,-515149.0297,-437104.1386,-453279.05610000005
3422000,2338.7115,13776.9582,62565.2405,-516335.4672,-437654.55700000003,-453770.2267
3423000,2357.0578,13853.3575,61818.6509,-515174.0088,-437144.9426,-453355.3579
3424000,2355.7676,13832.0769,61594.0424,-514615.2704,-436833.3835,-453021.228
3425000,2362.7013,13721.3766,61669.67,-514533.7486,-436780.0007,-452864.0786
3426000,2382.987,13850.1401,61922.9354,-515445.9284,-437289.8659,-453522.99299999996
3427000,2338.5613,13785.0445,61847.0923,-514789.2435,-436818.5454,-452942.15119999996
3428000,2353.9762,13837.1036,62308.9905,-516206.5992,-437706.52890000003,-453897.6087
3429000,2355.673,13835.1341,61891.0551,-515110.0668,-437028.20459999994,-453219.0117
3430000,2349.3543,13735.0348,61918.2921,-515471.9958,-437469.3146,-453553.70369999995
3431000,2347.7694,13834.7795,62181.2835,-515824.3401,-437460.50769999996,-453643.05659999995
3432000,2360.4859,13721.0921,61681.7865,-515527.4964,-437764.13190000004,-453845.7099
3433000,2352.8235,13837.6468,62288.0534,-515667.1326,-437188.6089,-453379.07920000004
3434000,2363.4501,13767.4012,62048.7028,-515724.1115,-437544.5574,-453675.4087
3435000,2328.9209,13805.6882,61945.5869,-516162.2814,-438082.0854,-454216.6945
3436000,2352.0216,13775.3816,61967.8904,-515282.2897,-437186.9961,-453314.39930000005
3437000,2332.0015,13935.4896,61885.5963,-514692.4694,-436539.382,-452806.8731
3438000,2366.8376,13796.3913,61914.3951,-514963.7158,-436886.0918,-453049.3207
3439000,2381.393,13858.758,61544.6952,-514826.5924,-437041.74620000005,-453281.8972
3440000,2341.1302,13773.6587,61822.7756,-515852.7592,-437915.1947,-454029.9836
3441000,2382.5598,13882.3872,61652.9417,-515575.8765,-437657.9878,-453922.9348
3442000,2352.226,13819.0695,62440.2679,-516429.2852,-437817.7218,-453989.0173
3443000,2361.3749,13891.6876,62518.4931,-517097.2591,-438325.70350000006,-454578.766
3444000,2348.7009,13770.7961,62062.6756,-515755.4274,-437573.2548,-453692.75179999997
3445000,2320.5218,13775.8602,62813.618,-516547.2945,-437637.2945,-453733.6765
3446000,2337.2388,13768.4977,61727.5299,-515030.1418,-437196.8754,-453302.61189999996
3447000,2359.0263,13837.4878,61872.6811,-515292.0699,-437222.8747,-453419.3888
3448000,2338.2667,13839.8597,62789.7119,-516845.1711,-437877.3328,-454055.4592
3449000,2336.5653,13873.9992,62209.1512,-516394.4366,-437974.7209,-454185.2854
3450000,2355.2352,13866.904,62122.8174,-515843.4473,-437498.49069999997,-453720.6299
3451000,2323.2384,13737.8481,62434.1105,-516351.2023,-437856.0053,-453917.0918
3452000,2332.1436,13694.0825,62250.6448,-515697.4352,-437420.56429999997,-453446.7904
3453000,2335.0945,13786.1565,62090.1484,-515566.6248,-437355.2254,-453476.4764
3454000,2370.9577,13769.7431,61846.2924,-515842.381,-437855.3878,-453996.0886
3455000,2362.9726,13751.4079,62134.1084,-516150.0096,-437901.5207,-454015.90119999996
3456000,2343.4453,13815.9304,62232.9631,-515876.6821,-437484.34329999995,-453643.719
3457000,2390.6333,13869.6902,62222.5396,-516372.9042,-437890.04110000003,-454150.3646
3458000,2314.749,13744.1133,61688.0678,-515928.8607,-438181.9306,-454240.7929
3459000,2356.5313,13726.9247,61954.5089,-515765.9947,-437728.02979999996,-453811.48579999997
3460000,2336.5342,13786.2851,62500.0679,-516603.499,-437980.6118,-454103.4311
3461000,2353.2386,13845.901,62104.6578,-516317.8799,-438014.0825,-454213.2221
3462000,2366.4363,13797.5739,62169.1435,-515941.3761,-437608.22239999997,-453772.2326
3463000,2333.7102,13768.8063,62080.1902,-515414.575,-437231.86830000003,-453334.3848
3464000,2387.9927,13833.1344,61911.1709,-515213.6866,-437081.3886,-453302.5157
3465000,2336.7285,13800.8775,62015.037,-515913.0182,-437760.3752,-453897.9812
3466000,2350.7467,13855.0418,62533.8084,-515935.5045,-437195.9076,-453401.6961
3467000,2372.9261,13863.9029,62317.0335,-516033.2331,-437479.3706,-453716.1996
3468000,2343.8968,13745.942,62026.22,-515433.0361,-437316.9773,-453406.81610000005
3469000,2348.9118,13699.0597,61683.4804,-515393.2168,-437661.7649,-453709.7364
3470000,2369.3474,13791.2395,62429.0204,-516410.6144,-437821.00710000005,-453981.59400000004
3471000,2329.4614,13774.5723,62759.9044,-516738.7669,-437874.8288,-453978.8625
3472000,2373.0835,13760.018,61776.5963,-515111.0445,-437201.3467,-453334.44820000004
3473000,2341.434,13663.2012,61490.3181,-515161.9913,-437667.038,-453671.6732
3474000,2346.2584,13844.9466,62130.4509,-515773.7218,-437452.0659,-453643.2709
3475000,2320.4722,13831.2949,61765.0396,-515297.2295,-437380.4228,-453532.1899
3476000,2352.1566,13718.8304,62357.1494,-515990.2044,-437562.06799999997,-453633.055
3477000,2371.3364,13867.6795,62498.443,-516431.4315,-437693.9726,-453932.9885
3478000,2333.4522,13882.6792,61574.0146,-514908.8406,-437118.6946,-453334.826
3479000,2339.245,13749.2891,61619.3678,-515256.5974,-437548.69550000003,-453637.2296
3480000,2374.0297,13810.6415,61675.6597,-515878.8721,-438018.5412,-454203.21239999996
3481000,2404.4681,13854.7285,62469.0815,-516196.7121,-437468.434,-453727.63060000003
3482000,2357.3185,13869.2778,62220.617,-516261.0887,-437813.8754,-454040.4717
3483000,2334.2782,13702.5489,62467.3741,-516332.0554,-437827.8542,-453864.6813
3484000,2376.7368,13795.7333,61617.0399,-515241.6288,-437452.1188,-453624.5889
3485000,2330.7574,13786.3772,62251.5242,-516016.2306,-437647.57180000003,-453764.7064
3486000,2362.9684,13819.3808,62331.5681,-516305.8493,-437791.93200000003,-453974.2812
3487000,2373.5807,13775.5251,61913.3005,-515212.527,-437150.12069999997,-453299.2265
3488000,2390.7728,13722.872,61957.894,-515850.2783,-437778.7395,-453892.38430000003
3489000,2366.4872,13861.9898,62020.357,-516107.9509,-437859.1169,-454087.5939
3490000,2387.2495,13861.8266,62699.0943,-516595.245,-437647.0746,-453896.1507
3491000,2320.695,13767.819,61478.3533,-515444.1879,-437877.32060000004,-453965.8346
3492000,2353.6016,13785.3441,61687.3164,-514530.1529,-436703.8908,-452842.8365
3493000,2377.3356,13805.3084,62270.4375,-516243.6156,-437790.53410000005,-453973.1781
3494000,2387.4217,13770.728,62349.577,-516015.2345,-437507.5078,-453665.65750000003
3495000,2365.6278,13774.5515,62223.9726,-515161.5845,-436797.4326,-452937.6119
3496000,2359.1767,13807.1723,62271.3667,-515445.775,-437008.0593,-453174.4083
3497000,2384.8689,13856.3767,61871.5575,-515877.4222,-437764.61909999995,-454005.8647
3498000,2359.0348,13731.0472,61760.9924,-515416.2436,-437565.1692,-453655.2512
3499000,2370.5002,13856.3884,61538.5074,-514832.3619,-437066.9659,-453293.8545
3500000,2353.9266,13713.8415,62341.5898,-515985.1714,-437575.8135,-453643.5816
3501000,2349.4031,13752.9109,62271.6266,-516743.8383,-438369.8977,-454472.2117
3502000,2334.5273,13967.0761,62177.3091,-515869.1903,-437390.27780000004,-453691.8812
3503000,2333.48,13793.3602,62372.3772,-516456.7251,-437957.50769999996,-454084.3479
3504000,2356.5391,13805.9909,61708.178,-515377.0468,-437506.3388,-453668.8688
3505000,2368.8498,13783.734,61841.858,-515292.4503,-437298.0085,-453450.5923
3506000,2335.8396,13861.3819,62012.783,-516067.1439,-437857.1394,-454054.3609
3507000,2312.4314,13641.5965,62042.8348,-516198.5211,-438201.6584,-454155.6863
3508000,2358.583,13837.8599,62040.9666,-516315.1053,-438077.6958,-454274.1387
3509000,2343.2022,13822.0285,61835.0405,-516247.1072,-438246.836,-454412.0667
3510000,2347.2206,13824.8601,62080.3029,-516040.9717,-437788.5881,-453960.6688
3511000,2360.3374,13920.6847,61880.29,-515530.6512,-437369.33910000004,-453650.36120000004
3512000,2333.4932,13789.215,62027.2739,-515904.3197,-437754.33759999997,-453877.04579999996
3513000,2332.8064,13713.7044,61913.3794,-515141.4179,-437181.5277,-453228.0385
3514000,2341.8589,13738.1434,62181.4618,-515770.804,-437509.3399,-453589.3422
3515000,2373.2381,13709.6441,62280.573,-515943.7486,-437580.29339999997,-453663.1756
3516000,2407.5088,13826.8553,62379.1397,-516572.3242,-437958.82039999997,-454193.1845
3517000,2360.5759,13819.7545,62771.448,-517444.9133,-438493.1349,-454673.46530000004
3518000,2347.344,13738.0277,62325.0298,-516449.3706,-438038.96910000005,-454124.3408
3519000,2322.7174,13754.6133,62087.1669,-515854.3021,-437689.80449999997,-453767.13519999996
3520000,2375.6787,13778.1355,62525.3863,-516382.9037,-437703.7032,-453857.5174
3521000,2351.9072,13795.2688,61452.2025,-514809.6796,-437210.3011,-453357.47709999996
3522000,2372.2056,13761.7203,61744.2199,-515118.2397,-437240.0939,-453374.0198
3523000,2320.1777,13841.3493,61815.0231,-515956.7422,-437980.1921,-454141.7191
3524000,2329.6927,13824.2676,62280.3389,-516038.9095,-437604.6103,-453758.5706
3525000,2348.8006,13902.2216,61879.2261,-515291.1512,-437160.9029,-453411.9251
3526000,2338.1651,13852.1616,61321.8891,-514994.1826,-437481.9668,-453672.2935
3527000,2373.0303,13786.0587,62036.7381,-515451.0688,-437255.2417,-453414.3307
3528000,2345.0222,13842.3884,62015.3775,-515080.0685,-436877.2804,-453064.691
3529000,2366.115,13724.2014,61838.818,-515361.9456,-437432.8112,-453523.1276
3530000,2406.2267,13803.4609,62149.8054,-516594.3007,-438234.8077,-454444.4953
3531000,2377.2488,13799.088,62101.4036,-515618.0651,-437340.3247,-453516.6615
3532000,2370.9874,13880.8771,61889.3669,-515500.0664,-437358.835,-453610.6995
3533000,2359.6878,13704.7363,62054.1884,-515131.1769,-437012.56440000003,-453076.98850000004
3534000,2320.5236,13810.4279,61927.2359,-515815.3366,-437757.1492,-453888.10069999995
3535000,2375.0656,13795.9211,62146.2969,-515747.9276,-437430.644,-453601.6307
3536000,2363.6217,13787.0705,62295.6175,-516145.3865,-437699.07680000004,-453849.76900000003
3537000,2351.0277,13786.9257,62062.856,-515722.2758,-437521.46640000003,-453659.41980000003
3538000,2362.2391,13806.1979,61970.6714,-516098.5535,-437959.4451,-454127.8821
3539000,2381.7384,13871.1285,62476.8603,-516612.1614,-437882.4342,-454135.3011
3540000,2346.4716,13768.5118,62280.8013,-516256.4551,-437860.6704,-453975.65380000003
3541000,2355.0137,13764.5718,62207.7345,-516329.0225,-438001.7025,-454121.288
3542000,2354.4784,13832.4126,62015.1068,-516056.792,-437854.7942,-454041.6852
3543000,2354.3896,13753.9432,62174.4747,-516058.9468,-437776.1393,-453884.47209999996
3544000,2377.676,13797.3874,62447.4644,-516820.2595,-438197.7317,-454372.7951
3545000,2357.6692,13799.5443,62017.9176,-515581.5428,-437406.4117,-453563.6252
3546000,2349.7553,13733.2826,62343.6762,-516491.3909,-438064.6768,-454147.7147
3547000,2321.0109,13815.341,61984.3568,-515560.8913,-437440.1826,-453576.5345
3548000,2319.138,13818.6935,61915.3445,-515224.0337,-437170.85770000005,-453308.6892
3549000,2331.685,13697.81,62309.3333,-515460.3725,-437121.5442,-453151.0392
3550000,2352.7605,13783.3868,62678.4436,-516294.5362,-437479.94529999996,-453616.0926
3551000,2328.1667,13777.3513,62569.8462,-516251.233,-437575.8688,-453681.3868
3552000,2343.5599,13676.4286,62144.6495,-515599.8244,-437435.1864,-453455.1749
3553000,2322.7657,13795.7952,62132.5668,-515347.4441,-437096.3164,-453214.87730000005
3554000,2404.386,13761.3391,61946.2418,-515182.554,-437070.5871,-453236.3122
3555000,2381.025,13800.5089,62352.097,-516520.5073,-437986.8764,-454168.4103
3556000,2371.0847,13772.905,62041.0056,-515276.2167,-437091.2214,-453235.2111
3557000,2316.8712,13825.892,61737.8357,-515646.2597,-437765.6608,-453908.424
3558000,2378.8047,13790.5185,61646.9112,-514808.8063,-436992.5719,-453161.89509999997
3559000,2352.5054,13824.2488,62041.5222,-515922.2889,-437704.01249999995,-453880.7667
3560000,2359.7829,13752.9903,62417.8065,-516162.2307,-437631.651,-453744.4242
3561000,2390.2277,13695.2233,61226.0839,-514500.692,-437189.15709999995,-453274.60809999995
3562000,2375.1026,13861.6072,62117.1244,-515513.1678,-437159.3336,-453396.04339999997
3563000,2317.6671,13657.7161,62432.9278,-516078.1416,-437669.8306,-453645.21379999997
3564000,2354.2876,13804.4379,62229.4369,-516236.9812,-437848.8188,-454007.54429999995
3565000,2356.2316,13740.0257,61937.1347,-515401.8264,-437368.4344,-453464.6917
3566000,2360.593,13700.0942,61569.5126,-515386.0196,-437755.8198,-453816.507
3567000,2336.6412,13916.6454,62389.3062,-516033.1305,-437390.53770000004,-453643.82430000004
3568000,2336.6892,13737.556,61906.1929,-515948.6383,-437968.20019999996,-454042.44539999997
3569000,2335.2057,13816.9706,62307.0124,-515733.8751,-437274.6864,-453426.8627
3570000,2386.2909,13807.2824,62637.0779,-516482.5733,-437651.92209999997,-453845.4954
3571000,2381.5172,13928.5727,62431.2135,-516818.6542,-438077.3508,-454387.4407
3572000,2356.0117,13835.2434,62464.518,-516194.0709,-437538.2978,-453729.5529
3573000,2362.8356,13811.0301,62081.0698,-515760.9283,-437505.9928,-453679.85850000003
3574000,2317.3712,13786.4156,62554.5129,-516377.4127,-437719.113,-453822.8998
3575000,2344.5692,13826.9727,62642.0582,-517031.0985,-438217.49840000004,-454389.0403
3576000,2379.9622,13897.0317,62465.9707,-515566.4647,-436823.5001,-453100.494
3577000,2360.4039,13839.6643,61875.4319,-515323.7486,-437248.2485,-453448.31669999997
3578000,2355.3456,13763.1356,62478.6931,-515635.5626,-437038.3883,-453156.86950000003
3579000,2339.351,13813.0332,62092.1309,-515065.9259,-436821.41079999995,-452973.795
3580000,2369.7305,13880.3124,62281.799,-516075.712,-437543.8701,-453793.913
3581000,2351.9637,13901.1015,61974.6148,-515978.4674,-437750.78740000003,-454003.85260000004
3582000,2332.9432,13656.0456,62373.2085,-516607.5634,-438245.3661,-454234.3549
3583000,2332.4941,13842.8199,61910.1158,-515913.7759,-437828.3461,-454003.6601
3584000,2349.6227,13821.1142,61999.0139,-515170.2123,-437000.46150000003,-453171.1984
3585000,2353.9065,13740.5967,62372.8254,-516537.2057,-438069.8771,-454164.38029999996
3586000,2371.9053,13806.3863,62149.344,-516211.3252,-437883.68960000004,-454061.98120000004
3587000,2354.8679,13861.0126,62263.9656,-516350.5795,-437870.7334,-454086.6139
3588000,2338.1125,13744.7994,62439.1303,-516247.5325,-437725.49029999995,-453808.40219999995
3589000,2366.0317,13844.7881,61515.2219,-515165.5742,-437439.5325,-453650.35229999997
3590000,2327.1585,13769.08,62649.4742,-516730.5107,-437984.79799999995,-454081.0365
3591000,2376.5397,13801.4431,61851.7042,-515684.9555,-437655.2685,-453833.2513
3592000,2354.692,13812.3836,61578.8887,-515013.9413,-437267.977,-453435.0526
3593000,2331.6815,13764.6566,62412.1466,-516179.6033,-437671.11860000005,-453767.45670000004
3594000,2379.9717,13758.0188,62072.4542,-515754.4167,-437543.972,-453681.9625
3595000,2358.228,13759.0599,62570.7477,-516289.4288,-437601.3932,-453718.6811
3596000,2376.4216,13882.3709,61344.896,-514901.6481,-437297.9596,-453556.7521
3597000,2328.5521,13745.7528,61555.5356,-514765.0911,-437135.2506,-453209.5555
3598000,2348.2343,13786.1381,62371.9206,-516360.3164,-437854.0234,-453988.3958
3599000,2374.897,13852.9631,62278.6801,-516834.2331,-438327.6929,-454555.553
3600000,2340.387,13765.7258,62257.6813,-515599.4918,-437235.6977,-453341.8105
3601000,2355.0179,13821.6095,62669.4769,-516810.4569,-437964.3526,-454140.98
3602000,2366.6553,13862.9718,62824.3545,-516701.8179,-437647.8363,-453877.4634
3603000,2348.9187,13751.6282,62404.9495,-515801.7895,-437296.2931,-453396.84
3604000,2377.0412,13708.5458,62171.467,-515553.4735,-437296.4195,-453382.0065
3605000,2377.4956,13828.7704,62420.7476,-515819.8353,-437192.8217,-453399.0877
3606000,2354.0732,13909.4491,61664.1975,-515322.5118,-437394.79199999996,-453658.31429999997
3607000,2343.4854,13796.1159,62240.5632,-515826.0055,-437445.841,-453585.44230000005
3608000,2383.9465,13731.4415,61895.0449,-515407.2285,-437396.7956,-453512.18360000005
3609000,2378.3394,13750.8159,61766.1474,-515454.353,-437559.0503,-453688.2056
3610000,2323.7776,13801.2232,62271.7792,-515842.6629,-437445.88289999997,-453570.8837
3611000,2411.5627,13881.9207,61747.4112,-515114.0229,-437073.1283,-453366.6117
3612000,2346.5697,13787.213,61697.1488,-514700.3567,-436869.4252,-453003.2079
3613000,2358.9159,13812.0605,61585.3924,-514657.3803,-436901.0115,-453071.9879
3614000,2342.6477,13698.2007,61888.2623,-515505.4579,-437576.34719999996,-453617.1956
3615000,2315.2125,13695.4893,62019.7362,-515829.7442,-437799.3062,-453810.00800000003
3616000,2373.1881,13836.1688,62563.1478,-516976.1031,-438203.5984,-454412.95530000003
3617000,2340.6861,13761.1592,62291.4831,-515941.9349,-437548.6065,-453650.4518
3618000,2318.1908,13701.3681,62114.7698,-515225.4205,-437091.0918,-453110.6507
3619000,2342.5037,13815.4915,62045.3877,-515576.737,-437373.3541,-453531.3493
3620000,2348.692,13813.6971,62209.4085,-516019.8026,-437648.005,-453810.3941
3621000,2320.2375,13756.9445,62474.1134,-516532.626,-437981.3306,-454058.5126
3622000,2354.188,13782.2065,61928.2764,-515541.6471,-437476.97620000003,-453613.37069999997
3623000,2341.7936,13796.1598,61354.8358,-514858.5434,-437365.7542,-453503.7076
3624000,2345.8651,13806.9907,61934.4674,-515507.6145,-437420.29130000004,-453573.1471
3625000,2371.6731,13676.8312,62148.047,-515843.311,-437646.7597,-453695.26399999997
3626000,2359.1122,13797.588,61972.4757,-516408.6429,-438279.46699999995,-454436.16719999997
3627000,2325.1667,13763.7064,62258.3526,-516247.0555,-437899.8298,-453988.70290000003
3628000,2354.4548,13770.081,61836.9808,-515425.2373,-437463.72069999995,-453588.25649999996
3629000,2358.7962,13799.5029,61855.9611,-515402.3033,-437388.0431,-453546.3422
3630000,2315.3343,13830.4395,62320.4103,-515926.9698,-437460.7857,-453606.55950000003
3631000,2339.1542,13776.3116,62252.0249,-515394.1572,-437026.66650000005,-453142.1323
3632000,2363.7053,13689.5536,61803.9319,-515860.2288,-438003.038,-454056.29689999996
3633000,2346.7929,13750.6275,61763.5971,-515967.5245,-438106.507,-454203.9274
3634000,2344.1297,13680.2317,62658.7224,-516337.6042,-437654.52040000004,-453678.8818
3635000,2333.2949,13694.8613,61892.9474,-515310.167,-437389.0634,-453417.2196
3636000,2320.4209,13705.4922,62072.898,-515976.6854,-437877.8743,-453903.78740000003
3637000,2364.4077,13746.8104,61803.8602,-515424.401,-437509.3227,-453620.5408
3638000,2334.6064,13789.9889,62152.758,-516079.6219,-437802.2686,-453926.8639
3639000,2330.718,13689.0955,61802.051,-515733.1967,-437911.33219999995,-453931.1457
3640000,2341.5306,13838.1976,61738.9359,-515724.8741,-437806.21,-453985.93820000003
3641000,2344.3546,13734.7404,62235.8775,-515755.7005,-437440.728,-453519.823
3642000,2367.3608,13835.5457,62380.9065,-516377.4678,-437793.6548,-453996.5613
3643000,2335.5991,13770.7082,62187.5961,-515633.9806,-437340.0772,-453446.3845
3644000,2370.7587,13629.7295,61888.7852,-515578.7685,-437689.4951,-453689.9833
3645000,2331.5516,13728.9669,62776.2128,-516736.2077,-437899.47640000004,-453959.99490000005
3646000,2360.5004,13774.6387,62054.4174,-515223.7486,-437034.1921,-453169.3312
3647000,2366.8176,13772.5258,61939.8667,-515379.9338,-437300.7237,-453440.0671
3648000,2348.6221,13791.4415,62241.6031,-515924.6688,-437543.0021,-453683.0657
3649000,2349.0202,13705.3141,61733.9648,-514730.6113,-436942.3122,-452996.6465
3650000,2337.3621,13689.0708,62194.679,-515392.2173,-437171.1054,-453197.5383
3651000,2319.4736,13728.491,61900.8629,-515757.7259,-437808.8984,-453856.863
3652000,2340.9728,13838.3033,62541.3021,-516389.2171,-437668.6389,-453847.91500000004
3653000,2363.3664,13768.8745,62452.1197,-516078.4953,-437494.1347,-453626.3756
3654000,2326.1632,13726.6625,61849.7766,-514909.0092,-437006.40689999994,-453059.2326
3655000,2334.9739,13677.858,62352.9445,-515499.5296,-437133.75320000004,-453146.5851
3656000,2371.2805,13620.6088,61956.5008,-515339.9982,-437391.60809999995,-453383.4974
3657000,2364.5717,13658.8733,62511.7029,-516434.0365,-437898.8886,-453922.3336
3658000,2307.478,13616.6258,62193.0771,-516358.9457,-438241.7648,-454165.8686
3659000,2370.4759,13718.6306,62241.1146,-515995.7465,-437665.52540000004,-453754.63190000004
3660000,2322.7006,13731.4335,63039.3706,-516769.5004,-437675.9957,-453730.1298
3661000,2346.6283,13686.3091,62676.2217,-516669.3034,-437960.1443,-453993.0817
3662000,2333.3888,13790.8717,62306.3579,-516318.7331,-437888.11470000003,-454012.3752
3663000,2356.1085,13767.4987,62113.8969,-516153.4973,-437915.99319999997,-454039.6004
3664000,2347.1907,13728.8698,61833.6125,-515643.4079,-437733.7349,-453809.7954
3665000,2327.9728,13753.6141,61695.9224,-514893.5036,-437115.9943,-453197.5812
3666000,2312.1286,13699.986,62263.7663,-515742.7303,-437466.8494,-453478.964
3667000,2295.13,13707.7476,62128.6765,-515877.2338,-437745.6797,-453748.5573
3668000,2351.391,13737.6442,62014.6084,-515057.8647,-436954.22109999997,-453043.2563
3669000,2329.6905,13810.3513,62058.6439,-516093.1362,-437894.45050000004,-454034.4923
3670000,2323.8928,13811.1552,62115.7373,-515569.5636,-437318.7783,-453453.8263
3671000,2347.5364,13821.859,62086.2222,-516192.8964,-437937.27880000003,-454106.6742
3672000,2356.421,13737.2941,62056.3918,-516163.8493,-438013.7424,-454107.4575
3673000,2346.3576,13776.1154,62042.2495,-516396.0425,-438231.31999999995,-454353.793
3674000,2340.196,13795.1293,62387.3396,-516767.4931,-438244.8282,-454380.1535
3675000,2330.4378,13672.8454,62324.9736,-516329.5931,-438001.33629999997,-454004.61950000003
3676000,2323.8479,13791.3381,63085.9087,-517961.886,-438760.7913,-454875.9773
3677000,2387.4224,13787.964,62343.5844,-516853.8942,-438334.92339999997,-454510.3098
3678000,2366.0681,13619.8245,61989.6994,-515705.7227,-437730.1307,-453716.0233
3679000,2322.5036,13728.6659,62391.8626,-516534.9254,-438091.8933,-454143.0628
3680000,2370.6004,13782.0853,61870.9117,-515455.372,-437431.7746,-453584.4603
3681000,2332.6165,13714.6435,61807.3341,-515492.7111,-437638.117,-453685.37700000004
3682000,2366.185,13701.924,62320.0385,-516428.7023,-438040.5548,-454108.6638
3683000,2346.2423,13704.6418,62115.9716,-515872.8862,-437706.0305,-453756.9146
3684000,2353.6048,13580.5568,61643.8419,-515132.0227,-437554.0192,-453488.1808
3685000,2395.8267,13785.5647,61957.8974,-515530.3454,-437391.0566,-453572.448
3686000,2346.7149,13738.0924,62273.3362,-515486.54,-437128.3965,-453213.20379999996
3687000,2361.8522,13846.644,62246.3284,-515865.6448,-437410.8202,-453619.3164
3688000,2361.4727,13783.9282,61924.1849,-516189.4425,-438119.8567,-454265.2576
3689000,2354.9518,13716.027,62639.5999,-516476.9639,-437766.38519999996,-453837.36399999994
3690000,2381.4761,13720.3288,62203.8068,-516075.4729,-437769.8612,-453871.6661
3691000,2299.4701,13798.2206,61810.1967,-515138.9882,-437231.1008,-453328.79150000005
3692000,2332.3962,13681.109,61624.7942,-514678.6208,-437040.3214,-453053.8266
3693000,2352.777,13760.4417,61909.3741,-515709.9989,-437687.4061,-453800.6248
3694000,2379.9821,13650.522,61320.1539,-514798.0433,-437447.3853,-453477.88940000004
3695000,2357.5054,13770.0733,62093.6706,-515795.8028,-437574.55350000004,-453702.1322
3696000,2345.6298,13755.183,61680.3741,-515313.2894,-437532.10250000004,-453632.9153
3697000,2370.9327,13717.6966,62128.8562,-516032.7229,-437815.2374,-453903.8667
3698000,2353.9989,13781.6654,62383.4862,-516177.7923,-437658.6418,-453794.3061
3699000,2332.2691,13746.2263,62480.2167,-516562.0002,-438003.2881,-454081.7835
3700000,2339.5857,13685.3251,62178.525,-516056.5096,-437853.0738,-453877.98459999997
3701000,2381.5348,13817.9297,62060.2304,-515689.9177,-437430.2228,-453629.6873
3702000,2339.6409,13691.901,61976.2416,-515115.5461,-437107.76259999996,-453139.30449999997
3703000,2343.3343,13758.5915,62784.9862,-517106.5084,-438219.5964,-454321.5222
3704000,2340.3266,13724.5893,62104.0324,-515891.7808,-437722.8325,-453787.74840000004
3705000,2354.8323,13793.396,61979.8454,-515566.1843,-437438.1106,-453586.33890000003
3706000,2316.0393,13736.3939,62591.3569,-516648.5818,-438004.7917,-454057.2249
3707000,2352.5406,13765.0819,62366.9103,-516230.3058,-437745.773,-453863.3955
3708000,2327.3347,13771.863,61595.2186,-515505.5538,-437811.1375,-453910.3352
3709000,2362.8886,13793.5329,62298.5438,-516130.0029,-437675.03760000004,-453831.45910000004
3710000,2367.7078,13820.5129,61457.6678,-514793.286,-437147.3975,-453335.6182
3711000,2351.2707,13701.1468,61985.7955,-515629.2614,-437591.0484,-453643.4659
3712000,2378.2896,13670.612,62175.5996,-515746.8512,-437522.35,-453571.25159999996
3713000,2321.1166,13748.1183,62000.6216,-516321.741,-438251.8845,-454321.11939999997
3714000,2320.0371,13835.123,61943.0141,-515774.21,-437676.0358,-453831.19590000005
3715000,2345.8998,13714.4002,61860.2657,-515945.4243,-438024.85860000004,-454085.1586
3716000,2351.4704,13786.5953,62118.3267,-515429.8884,-437173.496,-453311.5617
3717000,2349.3962,13727.591,61983.4049,-515156.3611,-437095.969,-453172.95619999996
3718000,2343.925,13725.0549,62547.3246,-516345.167,-437728.86250000005,-453797.8424
3719000,2349.5652,13833.878,61924.2723,-515912.4709,-437804.7554,-453988.1986
3720000,2361.1344,13798.1771,61751.8583,-515212.143,-437300.9732,-453460.28469999996
3721000,2381.5148,13843.0143,61831.2501,-515405.8606,-437350.0814,-453574.6105
3722000,2324.0255,13678.0062,62369.0818,-516077.647,-437706.5335,-453708.5652
3723000,2362.0067,13806.4529,62003.8803,-515379.9946,-437207.65469999996,-453376.11429999996
3724000,2353.7796,13764.2429,62331.2103,-516204.2563,-437755.0235,-453873.04600000003
3725000,2362.5354,13849.6825,62126.1729,-516180.8314,-437842.44060000003,-454054.6585
3726000,2343.552,13864.6539,62604.6473,-517241.8234,-438428.9702,-454637.1761
3727000,2338.3814,13774.8746,62632.2215,-516248.8686,-437503.3911,-453616.6471
3728000,2360.1083,13751.4964,62414.0602,-515676.4074,-437150.74250000005,-453262.3472
3729000,2347.2146,13703.4328,62061.8321,-515659.2997,-437546.82019999996,-453597.4676
3730000,2341.4436,13723.1654,62116.7593,-516000.7141,-437819.3458,-453883.9548
3731000,2358.9077,13707.9744,62305.7333,-515732.734,-437360.1186,-453427.0007
3732000,2369.2769,13697.548,61511.0187,-515284.8031,-437706.9595,-453773.7844
3733000,2335.1697,13779.9102,62010.856,-515608.4596,-437482.5237,-453597.60360000003
3734000,2332.7137,13749.0438,61837.0832,-515088.2986,-437169.4579,-453251.2154
3735000,2360.1125,13796.306,62223.4142,-516580.8696,-438201.03689999995,-454357.4554
3736000,2337.8585,13756.5647,62261.509,-515597.1076,-437241.1754,-453335.59859999997
3737000,2360.2743,13879.4989,61875.1788,-515302.8686,-437187.9166,-453427.6898
3738000,2384.4411,13733.9183,61822.1348,-514955.127,-437014.63279999996,-453132.9922
3739000,2312.5636,13688.3658,62675.4676,-516443.3358,-437766.9388,-453767.8682
3740000,2379.2574,13825.0768,62251.1313,-516123.6132,-437668.14770000003,-453872.4819
3741000,2360.9165,13739.8935,62441.1472,-516445.0843,-437903.1271,-454003.9371
3742000,2373.392,13699.5893,62266.5758,-515916.7849,-437577.2278,-453650.20910000004
3743000,2338.2246,13852.2445,61878.9751,-515457.79,-437388.3458,-453578.8149
3744000,2322.376,13755.6386,62289.5933,-516625.7823,-438258.1744,-454336.189
3745000,2331.3478,13677.2143,62212.1423,-516144.318,-437923.61360000004,-453932.1757
3746000,2345.9531,13740.165,61695.7503,-515378.0553,-437596.1869,-453682.305
3747000,2367.3421,13824.3499,62320.533,-516151.3405,-437639.11549999996,-453830.8075
3748000,2365.6243,13823.3031,62070.6297,-516028.1663,-437768.6092,-453957.5366
3749000,2323.9255,13786.4572,61901.9524,-515588.173,-437575.83790000004,-453686.2206
3750000,2366.9777,13727.8514,61961.1639,-515062.3695,-437006.37649999995,-453101.2056
3751000,2335.9061,13742.8584,62350.2937,-516126.1521,-437697.0939,-453775.8584
3752000,2327.5678,13698.2628,62264.6933,-516545.1051,-438254.5812,-454280.4118
3753000,2344.825,13715.0694,62628.7903,-516356.3513,-437667.6666,-453727.561
3754000,2343.208,13756.4838,61806.5699,-515392.587,-437486.3253,-453586.0171
3755000,2355.1266,13710.3525,62959.7174,-517091.1188,-438065.9223,-454131.4014
3756000,2347.5321,13803.039,61758.1847,-515068.067,-437159.3112,-453309.8823
3757000,2346.8612,13804.7484,61990.2406,-515438.5362,-437296.686,-453448.29559999995
3758000,2290.1371,13780.9941,62066.3142,-515530.3257,-437392.88029999996,-453464.01149999996
3759000,2305.458,13800.5821,61503.5443,-514664.5782,-437054.9938,-453161.0339
3760000,2307.2146,13711.8599,61486.1445,-514337.291,-436832.07200000004,-452851.14650000003
3761000,2350.9152,13772.8977,61948.3012,-515105.2168,-437033.1027,-453156.9156
3762000,2346.8151,13714.2501,62418.2855,-515876.2395,-437396.8888,-453457.954
3763000,2336.5946,13680.143,62060.6853,-515225.9989,-437148.576,-453165.3136
3764000,2353.5941,13654.6417,62763.0041,-516532.3813,-437761.1414,-453769.3772
3765000,2361.8181,13722.1767,62350.1463,-515911.5976,-437477.4565,-453561.45129999996
3766000,2363.9994,13665.9584,62233.3424,-515763.1652,-437499.865,-453529.82279999997
3767000,2368.2195,13719.8618,62248.4225,-515840.7663,-437504.2625,-453592.34380000003
3768000,2352.9399,13714.5755,62324.4061,-515861.6593,-437469.7378,-453537.2532
3769000,2365.4998,13826.7338,62075.4218,-515823.269,-437555.6136,-453747.84719999996
3770000,2362.9631,13717.1118,62194.5135,-515879.9427,-437605.3543,-453685.4292
3771000,2365.435,13684.3093,61974.3496,-515729.9891,-437705.8952,-453755.6395
3772000,2347.4023,13825.4257,61867.1159,-515156.4217,-437116.4778,-453289.30580000003
3773000,2306.4572,13649.8429,62120.8435,-516561.9647,-438484.8211,-454441.1212
3774000,2363.7686,13857.6032,62273.5884,-515617.1487,-437122.18850000005,-453343.5603
3775000,2342.6749,13712.9774,61675.5476,-515560.1401,-437828.9402,-453884.5925
3776000,2373.4115,13781.717,62131.4738,-515970.0397,-437683.43740000005,-453838.56590000005
3777000,2380.547,13801.0392,61365.6493,-514975.2685,-437428.033,-453609.6192
3778000,2384.9286,13736.206,62657.9649,-516722.6143,-437943.5148,-454064.6494
3779000,2328.126,13746.6296,61811.4524,-515290.2559,-437404.0479,-453478.8035
3780000,2349.9597,13819.7203,62554.4133,-515589.8998,-436865.8065,-453035.4865
3781000,2363.9507,13724.3134,61505.3799,-514947.4786,-437353.83459999994,-453442.0987
3782000,2345.037,13735.7951,61730.9197,-515110.1038,-437298.35199999996,-453379.18409999995
3783000,2356.3812,13684.3157,62144.7888,-515547.4343,-437361.9486,-453402.64550000004
3784000,2322.4127,13719.6139,61748.1222,-515698.2741,-437908.12529999996,-453950.1519
3785000,2362.178,13745.0126,62830.3923,-517038.297,-438100.71410000004,-454207.9047
3786000,2352.2962,13738.0325,61950.5848,-516024.3248,-437983.41130000004,-454073.74
3787000,2352.0748,13871.811,62453.3105,-516094.4159,-437417.2196,-453641.1054
3788000,2328.3321,13683.7573,61583.2416,-515373.1,-437777.769,-453789.85839999997
3789000,2331.6586,13693.5946,62420.6192,-516380.5974,-437934.72500000003,-453959.9782
3790000,2365.6115,13869.4162,61747.8,-515115.5925,-437132.7648,-453367.79250000004
3791000,2362.5609,13835.7123,62731.7332,-516472.6199,-437542.6135,-453740.8867
3792000,2366.0595,13815.3136,62075.8665,-515671.5832,-437414.3436,-453595.7167
3793000,2360.4835,13793.283,62442.9832,-516205.5049,-437608.7552,-453762.5217
3794000,2349.6206,13725.0977,61705.6338,-515808.686,-438028.33389999997,-454103.0522
3795000,2350.723,13787.7904,62465.8654,-516615.5452,-438011.1664,-454149.6798
3796000,2313.9594,13752.8363,61299.2015,-514702.6387,-437336.6415,-453403.4372
3797000,2356.9787,13752.7139,62416.9625,-515791.0864,-437264.43129999994,-453374.12389999995
3798000,2321.1325,13885.1658,61714.5195,-515438.2632,-437517.44539999997,-453723.7437
3799000,2302.1465,13772.6023,61900.669,-515424.4186,-437449.0008,-453523.7496
3800000,2345.8367,13817.2869,62634.2894,-516387.6914,-437590.2784,-453753.402
3801000,2328.3073,13730.3308,62070.3485,-516010.6316,-437881.645,-453940.2831
3802000,2353.5427,13862.0796,62213.089,-515650.124,-437221.4127,-453437.03500000003
3803000,2349.0128,13708.3826,61908.5094,-516389.8707,-438423.9659,-454481.36130000005
3804000,2316.1258,13719.4303,61897.5912,-515299.5043,-437366.35699999996,-453401.91309999995
3805000,2371.9385,13669.8401,61855.723,-515787.0641,-437889.5625,-453931.3411
3806000,2349.84,13798.3604,62079.9036,-515676.2025,-437448.0985,-453596.2989
3807000,2322.7529,13785.5508,62145.3859,-516026.8682,-437773.17860000004,-453881.48230000003
3808000,2350.0995,13788.6255,62703.5905,-517203.1718,-438360.8563,-454499.5813
3809000,2330.6184,13774.3259,62427.2486,-515775.4762,-437243.2833,-453348.2276
3810000,2336.9578,13752.6059,62209.6926,-515301.9944,-437002.7381,-453092.3018
3811000,2370.2432,13812.3977,62322.8177,-516462.4529,-437956.99429999996,-454139.63519999996
3812000,2294.5918,13881.6574,61878.611,-515595.0349,-437540.17470000003,-453716.42390000005
3813000,2304.2775,13719.8659,61742.4535,-514878.8065,-437112.2096,-453136.353
3814000,2332.4074,13753.6986,62600.2096,-516431.3498,-437745.0342,-453831.1402
3815000,2334.1183,13813.23,62295.5172,-516662.9159,-438220.0504,-454367.3987
3816000,2315.8845,13770.2011,61907.9563,-515393.945,-437399.9031,-453485.9887
3817000,2330.8674,13796.3256,62067.046,-515237.3563,-437043.1173,-453170.3103
3818000,2388.3734,13745.0404,61726.7864,-515211.9846,-437351.7844,-453485.19820000004
3819000,2331.2767,13745.4426,61656.7369,-514829.9977,-437096.5415,-453173.2608
3820000,2356.0983,13780.6676,61900.724,-515655.8218,-437618.3319,-453755.0978
3821000,2379.7006,13788.3065,61771.7743,-514914.3326,-436974.55120000005,-453142.55830000003
3822000,2324.2768,13811.1785,62017.8566,-515962.3744,-437809.0625,-453944.5178
3823000,2348.0302,13843.026,62634.3818,-516841.3193,-438015.8813,-454206.9375
3824000,2330.0772,13803.7978,62137.5281,-515589.4883,-437318.08520000003,-453451.96020000003
3825000,2355.7534,13761.1251,62163.1551,-516235.9037,-437955.87010000006,-454072.74860000005
3826000,2361.5149,13802.5166,61949.0773,-515761.3209,-437648.2121,-453812.2436
3827000,2321.6529,13671.4396,62216.3201,-516048.5872,-437839.1746,-453832.2671
3828000,2357.2547,13810.5925,62143.3257,-516031.9916,-437720.8187,-453888.6659
3829000,2353.2726,13753.728,62618.3912,-516764.4638,-438039.07200000004,-454146.0726
3830000,2317.8168,13861.0,61879.3023,-515560.4671,-437502.348,-453681.1648
3831000,2382.5998,13761.6391,61977.9302,-515816.2959,-437694.1268,-453838.3657
3832000,2329.9111,13731.3549,62156.1819,-515567.7395,-437350.2916,-453411.5576
3833000,2373.6228,13783.3431,62074.8516,-515295.9215,-437064.104,-453221.0699
3834000,2327.358,13854.5289,62660.4126,-516560.6516,-437718.35209999996,-453900.239
3835000,2375.6557,13855.6872,62043.4508,-515024.5714,-436749.77770000004,-452981.1206
3836000,2361.0121,13805.7705,62284.8099,-516101.8468,-437650.25430000003,-453817.0369
3837000,2365.7352,13768.5122,62266.6637,-515680.2351,-437279.324,-453413.5714
3838000,2357.2543,13818.5265,61983.9663,-515589.2534,-437429.5063,-453605.28709999996
3839000,2361.3697,13677.3097,62357.5329,-516565.3625,-438169.1502,-454207.8296
3840000,2328.3277,13703.3914,62010.7897,-515375.8961,-437333.3873,-453365.1064
3841000,2346.7637,13823.8545,62097.4625,-515102.6569,-436834.5762,-453005.1944
3842000,2346.4272,13761.9436,61837.0408,-515586.1361,-437640.7245,-453749.0953
3843000,2369.2058,13876.6424,62690.8631,-517108.4593,-438171.748,-454417.59619999997
3844000,2342.4743,13861.4912,62528.8578,-516861.2726,-438128.44930000004,-454332.4148
3845000,2366.4331,13766.5104,61861.0009,-515142.4915,-437148.5471,-453281.4906
3846000,2374.2371,13796.9766,61932.8058,-515343.6223,-437239.6028,-453410.81649999996
3847000,2371.3536,13735.9921,62139.987,-515692.5047,-437445.172,-453552.51769999997
3848000,2382.3697,13845.6675,62477.0856,-516415.276,-437710.1532,-453938.1904
3849000,2381.5939,13748.5032,62032.2011,-515350.0166,-437187.7184,-453317.81549999997
3850000,2380.8588,13779.3299,62398.5056,-516325.4286,-437766.7343,-453926.923
3851000,2335.6177,13752.9388,62933.503,-516894.2986,-437872.2391,-453960.79559999995
3852000,2346.9891,13819.4915,62250.2852,-515839.458,-437422.6922,-453589.1728
3853000,2333.5193,13787.1524,62124.312,-515871.2035,-437626.2198,-453746.8915
3854000,2351.486,13852.8942,62103.3309,-515733.2067,-437425.49559999997,-453629.8758
3855000,2362.571,13834.4363,62037.9077,-515445.7241,-437210.80909999995,-453407.8164
3856000,2347.9731,13778.5551,61602.939,-514501.5835,-436772.1163,-452898.6445
3857000,2369.1177,13786.3436,61612.6929,-514679.846,-436911.69180000003,-453067.1531
3858000,2356.4659,13789.3181,62249.6726,-515766.9657,-437371.5091,-453517.2931
3859000,2424.4728,13761.701,61811.2809,-515261.1124,-437263.6577,-453449.8315
3860000,2344.3614,13799.2221,61960.4045,-515044.7558,-436940.7678,-453084.3513
3861000,2373.0399,13702.9136,62589.3809,-516284.9802,-437619.6458,-453695.5993
3862000,2367.1669,13915.6729,61783.5189,-516062.2847,-437995.92600000004,-454278.7658
3863000,2373.9451,13864.5577,61986.9966,-515737.5812,-437512.08180000004,-453750.5846
3864000,2383.2421,13943.6015,62203.8208,-516353.3265,-437822.6621,-454149.50570000004
3865000,2365.6803,13731.9437,61297.1402,-514835.2259,-437440.4617,-453538.0857
3866000,2342.8294,13792.7717,62205.2746,-515991.9095,-437651.0338,-453786.6349
3867000,2351.8412,13816.6419,62123.6535,-515954.3874,-437662.25080000004,-453830.7339
3868000,2323.0838,13659.0543,61706.2906,-514939.7865,-437251.3578,-453233.4959
3869000,2353.3834,13841.9293,62228.2998,-516040.3821,-437616.7696,-453812.0823
3870000,2354.095,13794.7735,62295.3874,-516307.5287,-437863.27280000004,-454012.1413
3871000,2364.7315,13761.7532,62414.8594,-515954.4166,-437413.0725,-453539.5572
3872000,2390.1167,13864.9077,62011.267,-515826.2251,-437559.9337,-453814.9581
3873000,2323.4573,13751.1608,62073.3552,-515662.3795,-437514.40619999997,-453589.0243
3874000,2377.0854,13844.7964,62119.0988,-516413.4563,-438072.4757,-454294.35750000004
3875000,2321.1057,13667.8944,62061.9209,-515667.8366,-437616.91559999995,-453605.9157
3876000,2334.5919,13801.2517,62797.0811,-516401.593,-437468.6683,-453604.5119
3877000,2408.3352,13794.5349,62066.4832,-515932.9627,-437663.60939999996,-453866.47949999996
3878000,2355.9014,13849.6267,62363.6155,-515940.6335,-437371.4899,-453577.018
3879000,2332.1826,13738.6963,62607.5661,-516290.7329,-437612.2879,-453683.1668
3880000,2345.1839,13869.7632,61974.132,-515333.7808,-437144.7017,-453359.6488
3881000,2361.8683,13772.573,62385.1217,-516303.0548,-437783.49179999996,-453917.93309999997
3882000,2358.8436,13772.4903,62720.1939,-516544.8554,-437693.3276,-453824.6615
3883000,2309.7504,13801.0133,62443.4635,-515985.5544,-437431.32720000006,-453542.0909
3884000,2378.3661,13867.5621,61543.0208,-515300.7846,-437511.8356,-453757.7638
3885000,2371.1341,13926.2995,62413.5957,-516150.4463,-437439.417,-453736.8506
3886000,2338.7201,13850.5913,61771.519,-515239.4465,-437278.6161,-453467.9275
3887000,2323.5667,13743.6367,61709.633,-515134.6233,-437357.78689999995,-453424.99029999995
3888000,2331.5895,13767.2244,62114.4382,-515530.9858,-437317.73370000004,-453416.54760000005
3889000,2342.1241,13770.748,61851.661,-515890.4457,-437925.9126,-454038.78469999996
3890000,2347.165,13851.3863,61960.2724,-515406.2115,-437247.38779999997,-453445.93909999996
3891000,2346.5815,13812.5622,61556.6566,-515463.3057,-437747.5054,-453906.64910000004
3892000,2362.1356,13723.0416,62603.8246,-516478.393,-437789.39119999995,-453874.5684
3893000,2315.6973,13685.8369,62154.4247,-515438.0016,-437282.0427,-453283.5769
3894000,2318.0552,13831.5223,61857.4626,-515235.976,-437228.93590000004,-453378.51340000005
3895000,2332.8766,13705.1331,61838.7169,-515634.2324,-437757.5058,-453795.5155
3896000,2352.2759,13785.4009,61706.9238,-515196.1626,-437351.562,-453489.2388
3897000,2337.9614,13797.3335,61398.6242,-515106.2616,-437572.3425,-453707.6374
3898000,2335.5724,13789.0739,62046.9048,-515712.5324,-437540.98130000004,-453665.6276
3899000,2373.8942,13774.8157,61961.5148,-515834.3585,-437724.13379999995,-453872.84369999997
3900000,2341.9328,13717.8294,61739.8439,-515090.4902,-437290.8841,-453350.6463
3901000,2379.032,13776.0718,62094.0687,-516071.258,-437822.0855,-453977.18929999997
3902000,2353.9509,13853.5836,62177.5385,-516062.3926,-437677.31960000005,-453884.8541
3903000,2351.7219,13785.0089,62210.3561,-516169.4153,-437822.3284,-453959.0592
3904000,2352.2131,13761.9068,62119.266,-516282.599,-438049.2131,-454163.333
3905000,2325.6136,13816.1726,61753.1088,-515552.955,-437658.06,-453799.8462
3906000,2378.4759,13894.4316,61907.2746,-515810.3645,-437630.18240000005,-453903.0899
3907000,2332.3678,13752.2612,62291.3032,-515986.374,-437610.44180000003,-453695.0708
3908000,2341.9042,13936.962,61925.8256,-516203.1006,-437998.4088,-454277.275
3909000,2348.8156,13865.1642,63110.631,-517681.5467,-438356.93590000004,-454570.9157
3910000,2381.8256,13772.8225,62140.7908,-515743.8897,-437448.4508,-453603.0989
3911000,2341.4237,13764.2739,62624.4041,-516555.0119,-437824.9102,-453930.6078
3912000,2371.8999,13805.6619,62476.3106,-515803.9254,-437150.053,-453327.6148
3913000,2349.6459,13853.8122,62088.8376,-515789.8419,-437497.5462,-453701.00430000003
3914000,2357.3764,13750.8592,62218.2615,-515224.905,-436898.4079,-453006.6435
3915000,2354.6882,13778.5754,62067.2439,-515248.1752,-437047.6677,-453180.9313
3916000,2349.3731,13825.2299,61536.333,-515259.5698,-437548.6338,-453723.2368
3917000,2335.3325,13718.167,62049.8986,-516201.6633,-438098.2652,-454151.7647
3918000,2341.1032,13710.1596,62336.6867,-516415.8107,-438027.8612,-454079.12399999995
3919000,2315.5223,13653.4637,62058.1842,-515009.7783,-436982.6081,-452951.5941
3920000,2362.2549,13738.1756,62190.8686,-515568.8884,-437277.5893,-453378.0198
3921000,2322.6821,13811.5875,62418.065,-515486.1975,-436933.8629,-453068.1325
3922000,2340.2844,13851.9528,62120.3043,-515916.6098,-437604.0683,-453796.30549999996
3923000,2341.2914,13771.5404,61513.6263,-513996.5788,-436370.1207,-452482.9525
3924000,2365.3062,13849.9017,61941.9224,-515092.4878,-436935.3575,-453150.5654
3925000,2358.8016,13748.7621,62479.8813,-516278.8194,-437691.3744,-453798.93809999997
3926000,2364.2587,13829.1616,62170.5073,-515986.2032,-437622.2756,-453815.6959
3927000,2338.6022,13763.9598,61940.6893,-515428.4367,-437385.1854,-453487.7474
3928000,2371.8081,13760.4849,62010.8657,-515127.2745,-436984.1158,-453116.4088
3929000,2375.2064,13857.0429,61656.3122,-514830.8838,-436942.3223,-453174.5716
3930000,2314.7809,13783.976,61713.7054,-515864.4562,-438051.9939,-454150.75080000004
3931000,2335.7751,13752.3032,61838.0894,-515542.609,-437616.4413,-453704.5196
3932000,2346.5636,13723.2573,61695.6598,-514875.9063,-437110.42559999996,-453180.24649999995
3933000,2346.0203,13804.4032,61783.7477,-515180.2907,-437246.11950000003,-453396.543
3934000,2339.0402,13788.1005,62405.7682,-516286.6608,-437753.75190000003,-453880.8926
3935000,2356.7449,13674.7281,61770.7809,-514966.7219,-437164.468,-453195.941
3936000,2347.9748,13785.4213,61826.9387,-515368.3433,-437408.0085,-453541.4046
3937000,2350.9645,13812.8914,61408.0891,-514512.5719,-436940.6269,-453104.4828
3938000,2318.3227,13785.5784,62249.2087,-515887.4781,-437534.3683,-453638.2694
3939000,2408.8087,13737.9526,61777.9797,-515038.6522,-437113.9112,-453260.6725
3940000,2351.2404,13777.5915,61951.9995,-515908.7382,-437827.9068,-453956.73870000005
3941000,2353.1743,13661.2123,62053.6564,-515331.5767,-437263.53369999997,-453277.9203
3942000,2364.376,13819.2348,61588.669,-514397.4701,-436625.19029999996,-452808.8011
3943000,2344.505,13717.6935,62453.272,-516181.2211,-437665.7506,-453727.9491
3944000,2339.562,13739.4794,61948.4524,-514672.2237,-436644.7299,-452723.77129999996
3945000,2343.7439,13731.9273,61567.3255,-514706.4277,-437063.431,-453139.1022
3946000,2357.4195,13773.1885,61656.2893,-515514.2119,-437727.3146,-453857.9226
3947000,2355.5501,13756.5162,62310.3184,-516236.88,-437814.4953,-453926.5616
3948000,2348.8094,13719.9316,62704.9788,-516561.0679,-437787.34810000006,-453856.08910000004
3949000,2363.5282,13751.3984,62040.1629,-515887.0103,-437731.9208,-453846.8474
3950000,2330.7031,13694.1336,62469.6449,-517105.2594,-438610.7778,-454635.61449999997
3951000,2351.7072,13713.0597,62192.7668,-515802.3391,-437544.80539999995,-453609.5723
3952000,2332.7738,13796.7342,61731.6393,-515182.5568,-437321.4095,-453450.91750000004
3953000,2366.9571,13822.4897,62313.2865,-515779.8127,-437277.0794,-453466.5262
3954000,2327.2154,13706.7836,62155.7543,-515921.8265,-437732.07320000004,-453766.07220000005
3955000,2374.3971,13730.708,61888.4618,-515150.2942,-437156.7273,-453261.8324
3956000,2365.0031,13670.109,62000.8168,-515409.8093,-437373.8804,-453408.99250000005
3957000,2365.9938,13733.2633,62242.2655,-515277.0355,-436935.5129,-453034.77
3958000,2363.2651,13674.6879,61625.2113,-515526.074,-437862.9097,-453900.8627
3959000,2365.1918,13803.294,62025.8056,-515536.8517,-437342.5603,-453511.0461
3960000,2368.2309,13801.7332,61724.0129,-515173.7861,-437279.8091,-453449.77320000005
3961000,2341.9205,13792.6023,62213.7661,-515607.9162,-437259.6273,-453394.15009999997
3962000,2341.8503,13721.0308,61891.3134,-515813.2884,-437859.09390000004,-453921.97500000003
3963000,2352.6301,13820.6949,62082.7524,-516164.2957,-437908.2183,-454081.5433
3964000,2378.7677,13826.1695,61930.428,-515760.6808,-437625.3156,-453830.25279999996
3965000,2328.5992,13730.2935,61665.9964,-515298.7048,-437573.81570000004,-453632.7084
3966000,2366.3406,13816.2519,62040.7759,-515831.3813,-437608.0129,-453790.6054
3967000,2365.0484,13820.14,62080.912,-515752.1574,-437486.05700000003,-453671.2454
3968000,2411.9861,13793.5139,62364.8215,-516229.7236,-437659.40210000006,-453864.9021
3969000,2322.8353,13722.0078,61922.7764,-515607.3514,-437639.7319,-453684.57499999995
3970000,2356.2867,13715.7982,62193.8805,-515681.9839,-437416.0185,-453488.1034
3971000,2349.4815,13700.6349,61873.2828,-515177.7533,-437254.3541,-453304.4705
3972000,2363.4948,13782.9617,62456.8285,-516535.9394,-437932.6544,-454079.11089999997
3973000,2343.0891,13676.4711,61988.7592,-515894.0261,-437885.7067,-453905.26690000005
3974000,2355.7781,13844.0079,61475.5059,-515112.5272,-437437.2353,-453637.0213
3975000,2362.6606,13793.7172,62737.3322,-516097.3733,-437203.6633,-453360.0411
3976000,2319.002,13746.5726,62110.4801,-516000.7576,-437824.70290000003,-453890.2775
3977000,2338.1486,13726.1154,62074.2622,-515312.652,-437174.12580000004,-453238.3898
3978000,2359.4606,13796.5608,62171.8407,-515925.8988,-437598.03670000006,-453754.0581
3979000,2337.0528,13803.6931,62196.8568,-515331.3268,-436993.7241,-453134.47
3980000,2328.2629,13754.8352,62169.0525,-515798.5759,-437546.4253,-453629.5234
3981000,2363.3539,13733.9476,62008.1616,-516540.1907,-438434.7276,-454532.0291
3982000,2367.1163,13736.125,62577.0351,-517060.2665,-438379.99010000005,-454483.23140000005
3983000,2335.5456,13713.3107,61334.2903,-515048.9261,-437665.77949999995,-453714.6358
3984000,2357.7205,13771.0824,61731.9899,-514667.7356,-436806.9428,-452935.7457
3985000,2352.0401,13668.2622,62400.4633,-515877.1328,-437456.36720000004,-453476.6695
3986000,2371.9638,13804.6022,62352.8441,-516379.6216,-437850.2115,-454026.7775
3987000,2362.3384,13765.0519,61796.0608,-515192.9654,-437269.5143,-453396.9046
3988000,2327.4957,13768.2414,61912.8895,-515590.6756,-437582.049,-453677.7861
3989000,2349.2411,13645.5935,62026.6656,-515600.5716,-437579.0714,-453573.906
3990000,2366.9056,13721.754,62119.848,-515936.6136,-437728.10599999997,-453816.7656
3991000,2340.5544,13755.3808,61603.4447,-514490.9729,-436791.593,-452887.5282
3992000,2326.6459,13735.0379,61893.743,-515695.2812,-437739.8544,-453801.5382
3993000,2347.1139,13769.0872,62225.5666,-516225.43,-437883.66229999997,-453999.8634
3994000,2349.3701,13716.4992,62151.6281,-516036.2227,-437818.7253,-453884.59459999995
3995000,2315.3348,13777.6835,61974.5482,-515258.0375,-437190.47099999996,-453283.48929999996
3996000,2370.4725,13808.2052,62137.1996,-515308.7185,-436992.8412,-453171.5189
3997000,2362.268,13688.0723,61987.5523,-515855.3531,-437817.4605,-453867.8008
3998000,2356.8766,13724.8836,62244.8983,-515745.4056,-437418.7471,-453500.5073
3999000,2352.8816,13760.4538,61588.1415,-514705.1429,-437003.66599999997,-453117.00139999995
4000000,2363.8397,13760.8355,62193.0649,-516233.2758,-437915.5357,-454040.2109
4001000,2334.7042,13695.9181,62216.6667,-516018.8553,-437771.5663,-453802.1886
4002000,2356.9671,13819.4037,61881.1018,-515463.0801,-437405.60750000004,-453581.9783
4003000,2362.3156,13691.8456,62031.9283,-515450.9824,-437364.8929,-453419.05409999995
4004000,2335.8991,13679.8015,62255.894,-515499.685,-437228.0904,-453243.79099999997
4005000,2347.0156,13618.004,62019.8355,-515542.2926,-437557.4375,-453522.4571
4006000,2348.6586,13833.9385,62050.7407,-515746.3507,-437513.0129,-453695.61
4007000,2315.4676,13746.6888,62490.7097,-516643.4024,-438090.53630000004,-454152.6927
4008000,2355.7358,13865.4415,62328.8326,-516528.0842,-437978.0743,-454199.25159999996
4009000,2359.7289,13817.7066,62624.1925,-516969.7954,-438168.16740000003,-454345.6029
4010000,2342.5278,13788.1926,61928.5156,-515585.6188,-437526.3828,-453657.1032
4011000,2349.545,13731.2325,62232.7937,-515889.9365,-437576.3653,-453657.14280000003
4012000,2334.9162,13788.1065,61796.02,-515248.2474,-437329.2047,-453452.2274
4013000,2349.9211,13760.438,61696.8419,-515070.4575,-437263.2565,-453373.6156
4014000,2350.8523,13705.0694,61538.502,-514944.3499,-437349.9262,-453405.8479
4015000,2335.5684,13794.9912,61874.4583,-515411.6976,-437406.6797,-453537.2393
4016000,2349.7692,13849.6427,61853.8999,-515225.8771,-437172.5653,-453371.97719999996
4017000,2300.9864,13720.1222,61792.2573,-514958.8035,-437145.43759999995,-453166.5462
4018000,2369.2913,13798.086,61657.2763,-515164.6873,-437340.0337,-453507.41099999996
4019000,2328.6741,13752.8668,61766.5488,-515347.7277,-437499.638,-453581.1789
4020000,2328.9363,13775.3482,61762.8753,-514800.63,-436933.4702,-453037.7547
4021000,2334.6895,13734.0384,61834.3579,-515078.2748,-437175.189,-453243.9169
4022000,2353.9325,13705.0776,61708.3477,-515244.9226,-437477.5648,-453536.5749
4023000,2346.8948,13722.2847,61848.7342,-515046.2816,-437128.36789999995,-453197.5474
4024000,2355.6172,13701.4492,62789.9676,-516728.514,-437881.48000000004,-453938.5464
4025000,2324.941,13850.9535,61981.4904,-516275.9782,-438118.5933,-454294.4878
4026000,2362.7767,13730.3886,62112.0663,-516115.7983,-437910.5667,-454003.732
4027000,2395.2743,13752.6578,61988.1645,-516027.1509,-437891.0543,-454038.9864
4028000,2375.3547,13794.236,62020.9582,-516843.9153,-438653.3664,-454822.9571
4029000,2361.8604,13754.4555,62312.7745,-516194.3034,-437765.213,-453881.5289
4030000,2377.1091,13884.5917,62216.3874,-516016.5169,-437538.4287,-453800.1295
4031000,2334.3682,13783.7288,62103.061,-515661.4036,-437440.2456,-453558.34260000003
4032000,2351.5146,13767.8257,61919.7279,-515383.524,-437344.4558,-453463.7961
4033000,2330.7012,13679.1759,61638.2574,-515170.471,-437522.33650000003,-453532.2136
4034000,2336.4686,13798.96,61758.8694,-515076.4054,-437182.1074,-453317.53599999996
4035000,2329.3211,13759.3893,61762.3647,-515063.3714,-437212.2963,-453301.0067
4036000,2342.4386,13733.0327,61754.9036,-515393.6938,-437563.3189,-453638.7902
4037000,2312.128,13789.6952,61821.8859,-515057.5674,-437133.85829999996,-453235.6815
4038000,2347.444,13872.1301,62521.1183,-515972.2442,-437231.5518,-453451.1259
4039000,2368.4665,13804.238,61924.3051,-515445.5134,-437348.5038,-453521.2083
4040000,2341.1047,13796.848,61817.661,-515011.3901,-437055.77640000003,-453193.7291
4041000,2342.5934,13814.043,62372.1025,-515658.2343,-437129.4954,-453286.13180000003
4042000,2348.2492,13866.9453,62279.9722,-515931.7541,-437436.5874,-453651.7819
4043000,2353.2258,13736.3574,62179.2182,-515686.0519,-437417.2505,-453506.8337
4044000,2333.6785,13801.3945,61707.7801,-515710.2668,-437867.4137,-454002.4867
4045000,2330.2247,13718.5362,62575.8163,-516563.1806,-437938.6034,-453987.3643
4046000,2363.2161,13865.7122,62456.6912,-516339.1155,-437653.49600000004,-453882.4243
4047000,2346.0055,13848.4064,62459.1738,-515586.4885,-436932.9028,-453127.3147
4048000,2361.1188,13821.6457,62332.6455,-515986.7144,-437471.3044,-453654.0689
4049000,2354.0915,13844.6633,61675.7391,-515444.7425,-437570.2486,-453769.0034
4050000,2343.6011,13758.8783,61938.6551,-515229.546,-437188.4115,-453290.8909
4051000,2384.3555,13811.2053,61801.0377,-514845.9199,-436849.3214,-453044.8822
4052000,2337.6449,13778.7505,62153.1972,-515460.4848,-437190.8922,-453307.2876
4053000,2330.9289,13823.3723,62225.1318,-515259.7485,-436880.31549999997,-453034.6167
4054000,2361.3187,13811.1055,62039.2329,-515639.0555,-437427.3984,-453599.8226
4055000,2348.6551,13855.649,62412.2565,-516646.3432,-438029.78260000004,-454234.0867
4056000,2348.1664,13731.4222,61691.5663,-515590.0152,-437818.86030000006,-453898.4489
4057000,2354.0698,13783.4192,62272.0372,-515366.3608,-436956.83460000006,-453094.3236
4058000,2335.2459,13790.6075,62597.3025,-516145.9996,-437422.84369999997,-453548.6971
4059000,2348.8582,13757.5424,62167.5097,-515515.0461,-437241.1358,-453347.5364
4060000,2292.5676,13701.6959,62771.0212,-516529.2443,-437763.9596,-453758.2231
4061000,2331.4472,13705.488,62115.9264,-516076.827,-437923.9654,-453960.9006
4062000,2356.2757,13775.3051,61706.4166,-515216.93,-437378.9326,-453510.5134
4063000,2347.8237,13776.7019,61463.2989,-514953.1836,-437365.3591,-453489.8847
4064000,2378.1598,13743.015,61559.5322,-514966.7001,-437285.9931,-453407.1679
4065000,2373.49,13697.0976,62014.9457,-515540.3792,-437454.8459,-453525.43350000004
4066000,2338.7045,13765.7544,62029.4469,-516254.6726,-438120.7668,-454225.2257
4067000,2327.7984,13703.6507,62361.2671,-516148.1121,-437755.3959,-453786.84500000003
4068000,2374.2815,13727.2116,62372.8746,-515700.7986,-437226.4309,-453327.924
4069000,2357.4052,13784.5535,62007.8863,-515218.6454,-437068.80039999995,-453210.75909999997
4070000,2365.9504,13767.9709,61982.4117,-515449.4089,-437333.0759,-453466.9972
4071000,2359.6426,13805.898,61991.2028,-515156.7532,-437000.0098,-453165.55039999995
4072000,2384.9489,13781.0466,62036.4019,-515656.9774,-437454.57999999996,-453620.5755
4073000,2328.0044,13756.5494,61913.6096,-515282.8085,-437284.64509999997,-453369.19889999996
4074000,2333.5201,13752.1194,62179.2318,-515627.6429,-437362.7716,-453448.41109999997
4075000,2360.5703,13820.7525,62512.9486,-516303.7399,-437609.46849999996,-453790.7913
4076000,2376.3777,13763.3713,61749.5991,-515618.0913,-437728.74319999997,-453868.4922
4077000,2392.7465,13763.9735,61602.7742,-515184.9181,-437425.4239,-453582.1439
4078000,2365.7934,13755.6542,61957.5254,-515897.1468,-437818.1738,-453939.6214
4079000,2346.0362,13824.5022,62277.0795,-516066.0326,-437618.41469999996,-453788.9531
4080000,2360.4,13745.231,61808.3363,-514870.6455,-436956.67819999997,-453062.30919999996
4081000,2347.1648,13759.6064,61935.7591,-515869.526,-437826.9957,-453933.7669
4082000,2339.8436,13715.6098,62022.7868,-515031.079,-436952.8388,-453008.2922
4083000,2354.5474,13767.0037,62069.5808,-515728.7775,-437537.64560000005,-453659.19670000003
4084000,2349.2823,13701.1268,61827.5694,-515242.4611,-437364.4826,-453414.89170000004
4085000,2377.7187,13692.6216,62345.8352,-516522.2613,-438106.0858,-454176.42610000004
4086000,2354.4126,13732.3371,62213.3044,-516287.728,-437987.6739,-454074.4236
4087000,2342.8781,13743.7927,62205.0961,-516056.6212,-437764.8543,-453851.52509999997
4088000,2376.6691,13751.542,61898.8919,-515345.3225,-437318.2195,-453446.4306
4089000,2365.2989,13735.467,61250.0697,-514419.7921,-437068.95650000003,-453169.7224
4090000,2343.1007,13834.1638,62176.2024,-515616.7126,-437263.2457,-453440.5102
4091000,2378.1312,13591.1188,61844.5785,-515475.4499,-437661.6214,-453630.8714
4092000,2357.6761,13776.3882,62318.3301,-515862.6152,-437410.2208,-453544.2851
4093000,2315.2838,13705.8641,62368.5534,-516004.4991,-437614.7978,-453635.94570000004
4094000,2347.8479,13763.9525,61673.0759,-515339.7508,-437554.8745,-453666.6749
4095000,2345.4994,13734.4472,61865.2664,-515983.1129,-438037.8999,-454117.8465
4096000,2345.7288,13732.2983,62226.4461,-515822.8915,-437518.4183,-453596.4454
4097000,2363.9852,13747.1295,62049.5849,-515502.2343,-437341.5347,-453452.6494
4098000,2356.1594,13717.7257,62040.0731,-515294.2193,-437180.2611,-453254.1462
4099000,2353.9778,13785.7533,61973.5067,-515381.7532,-437268.5154,-453408.2465
4100000,2320.6605,13855.1056,61999.8373,-515314.2958,-437138.69240000006,-453314.4585
4101000,2377.0134,13663.5604,61976.9854,-516052.4779,-438034.9187,-454075.4925
4102000,2357.004,13749.4846,62383.7534,-515900.3603,-437410.1183,-453516.6069
4103000,2347.1347,13818.3287,61931.7346,-515879.8648,-437782.6668,-453948.13019999996
4104000,2375.3788,13805.3733,62255.0144,-515958.8126,-437523.04610000004,-453703.7982
4105000,2359.2563,13762.7106,61995.2902,-516049.9598,-437932.7027,-454054.6696
4106000,2363.0164,13720.4553,61505.373,-515174.7675,-437585.9228,-453669.3945
4107000,2373.3075,13798.2726,61336.49,-514249.0913,-436741.02119999996,-452912.6013
4108000,2335.302,13810.7686,61882.6286,-514909.347,-436880.64780000004,-453026.7184
4109000,2349.533,13788.694,62180.1697,-515969.8401,-437651.4434,-453789.67039999994
4110000,2355.4494,13775.4163,61795.6028,-514971.7719,-437045.3034,-453176.1691
4111000,2397.5134,13875.582,62612.2779,-516519.7034,-437634.3301,-453907.4255
4112000,2385.0881,13825.0563,62323.54,-516799.9284,-438266.24399999995,-454476.3884
4113000,2361.8781,13821.7846,62164.5119,-516156.9882,-437808.8136,-453992.47630000004
4114000,2340.1958,13771.968,61747.666,-515114.1924,-437254.3626,-453366.5264
4115000,2356.0367,13678.0896,62213.6045,-515826.1592,-437578.4284,-453612.5547
4116000,2375.0353,13741.7787,61974.6249,-516060.0775,-437968.6386,-454085.4526
4117000,2350.4788,13780.4989,62206.6992,-516143.8364,-437806.15949999995,-453937.1372
4118000,2391.688,13820.6087,62006.3315,-515894.4078,-437675.7796,-453888.07629999996
4119000,2364.5906,13797.8281,61655.6561,-515615.1671,-437797.0923,-453959.511
4120000,2315.2833,13715.5094,62453.9961,-516357.0523,-437872.2635,-453903.0562
4121000,2327.5843,13727.123,61768.2158,-515216.0833,-437393.1602,-453447.8675
4122000,2336.1991,13650.9863,61540.5176,-515113.6102,-437585.9072,-453573.0926
4123000,2332.6763,13769.243,62061.0501,-515247.8942,-437084.9248,-453186.8441
4124000,2362.6055,13688.6251,62270.6837,-515557.6921,-437235.7778,-453287.0084
4125000,2357.9318,13826.6593,62269.4362,-515851.0991,-437397.0718,-453581.6629
4126000,2361.6986,13661.0167,63089.6878,-517083.6886,-437971.2855,-453994.0008
4127000,2353.7143,13748.1189,61893.1351,-515222.3269,-437227.3586,-453329.1918
4128000,2293.2442,13758.1797,61799.7818,-515432.0107,-437580.805,-453632.2289
4129000,2379.0652,13753.1148,62234.8564,-515971.511,-437604.4746,-453736.6546
4130000,2339.5612,13781.7071,61209.1443,-515015.9888,-437685.5762,-453806.8445
4131000,2378.6313,13687.3722,62284.4382,-516007.1329,-437656.6912,-453722.69470000005
4132000,2345.8951,13752.2426,61817.8413,-515385.3762,-437469.3972,-453567.53489999997
4133000,2380.0485,13783.2752,61610.7891,-514887.299,-437113.1862,-453276.5099
4134000,2337.7669,13853.5152,61949.9705,-515860.5868,-437719.3342,-453910.6163
4135000,2342.1649,13748.2255,61858.6415,-515137.7497,-437188.7178,-453279.1082
4136000,2368.6741,13676.376,61987.5708,-514571.9859,-436539.365,-452584.41510000004
4137000,2342.939,13744.1068,62113.397,-515527.0226,-437326.57980000007,-453413.6256
4138000,2312.3757,13669.9291,61326.1812,-514176.1279,-436867.64190000005,-452849.94670000003
4139000,2335.6463,13663.0472,61986.6867,-515108.8397,-437123.4595,-453122.153
4140000,2370.6245,13720.8415,61562.1217,-515181.8987,-437528.311,-453619.777
4141000,2359.3327,13724.3146,62184.8316,-515279.2227,-437010.7438,-453094.3911
4142000,2363.3071,13722.9518,61880.6766,-515413.8244,-437446.8889,-453533.1478
4143000,2339.8903,13795.7661,61901.8964,-515656.1837,-437618.6309,-453754.28729999997
4144000,2332.4195,13783.3899,62416.151,-515535.2677,-437003.30730000004,-453119.1167
4145000,2363.2134,13816.3917,62040.158,-515096.9074,-436877.14430000004,-453056.74940000003
4146000,2301.783,13755.4346,62113.0361,-514920.2682,-436750.0145,-452807.2321
4147000,2348.1885,13781.7826,62452.2856,-515649.9305,-437067.6738,-453197.6449
4148000,2336.5972,13680.6959,61909.7578,-515170.2469,-437243.196,-453260.4891
4149000,2341.0079,13705.768,61984.0372,-515823.3706,-437792.5575,-453839.3334
4150000,2366.0199,13805.3915,62214.0204,-516183.5238,-437798.092,-453969.50340000005
4151000,2353.7204,13779.1349,61961.9871,-515103.6418,-437008.7994,-453141.65469999996
4152000,2355.5698,13632.9493,62148.3586,-515249.2342,-437112.3565,-453100.8756
4153000,2344.319,13702.9784,62084.5682,-515462.5779,-437330.71229999996,-453378.0097
4154000,2358.6733,13881.2559,62660.3178,-516966.2009,-438065.95389999996,-454305.8831
4155000,2380.2301,13707.6876,61608.2672,-514932.0476,-437235.8627,-453323.7804
4156000,2365.2676,13765.4207,62469.624,-515694.0977,-437093.7854,-453224.4737
4157000,2365.9477,13716.1227,61994.836,-516007.7991,-437930.89269999997,-454012.9631
4158000,2367.0685,13805.3616,61556.3299,-514997.2755,-437268.5155,-453440.9456
4159000,2344.5351,13772.9087,62152.1207,-515716.1161,-437446.5516,-453563.9954
4160000,2360.1523,13727.1606,62182.4781,-514760.1964,-436490.40540000005,-452577.7183
4161000,2371.4045,13750.7908,61966.8553,-515013.9813,-436924.93069999997,-453047.126
4162000,2373.6125,13777.51,61718.3827,-514779.3981,-436909.8929,-453061.0154
4163000,2353.2163,13789.6401,61693.828,-515111.3695,-437274.6851,-453417.5415
4164000,2339.4691,13719.9835,61169.1556,-513908.7113,-436680.1031,-452739.5557
4165000,2359.185,13699.7809,62127.9727,-515757.3969,-437570.4583,-453629.4242
4166000,2363.4267,13822.3547,62493.6233,-515862.6223,-437183.2176,-453368.999
4167000,2335.5166,13732.2899,61884.6382,-515143.9314,-437191.4867,-453259.2932
4168000,2339.7639,13795.3135,62192.8153,-515553.027,-437225.13430000003,-453360.2117
4169000,2333.985,13679.9892,62515.5471,-515960.2516,-437430.7303,-453444.7045
4170000,2352.25,13675.6114,62238.0241,-516083.9976,-437818.1121,-453845.9735
4171000,2376.0354,13740.4439,62597.4228,-516852.9975,-438139.0954,-454255.5747
4172000,2345.0141,13738.9299,61882.3477,-515219.3279,-437253.0362,-453336.9802
4173000,2339.1014,13737.8029,62506.2498,-515744.2698,-437161.1157,-453238.02
4174000,2330.5842,13712.1699,62104.8421,-515760.8336,-437613.2374,-453655.9915
4175000,2347.9421,13814.9557,61648.732,-515607.0014,-437795.3716,-453958.2694
4176000,2405.078,13751.4874,62307.905,-516304.1246,-437839.6542,-453996.21959999995
4177000,2342.4838,13680.696,62709.1028,-516419.0766,-437686.794,-453709.9738
4178000,2368.2552,13748.5047,62000.1983,-515987.3213,-437870.3631,-453987.123
4179000,2333.5656,13699.4854,62756.2648,-516970.9083,-438181.5925,-454214.6435
4180000,2345.943,13792.485,61942.7805,-516146.3711,-438065.1626,-454203.5906
4181000,2350.593,13829.107,62212.2478,-516343.1825,-437951.23470000003,-454130.9347
4182000,2362.9046,13769.6121,62018.876,-515494.2223,-437342.82960000006,-453475.34630000003
4183000,2386.7293,13837.4853,62433.4717,-516434.5526,-437776.8663,-454001.0809
4184000,2339.4383,13626.861,62047.0489,-516143.3017,-438129.9535,-454096.2528
4185000,2349.434,13717.2782,61922.9457,-515689.5994,-437699.9415,-453766.6537
4186000,2324.7567,13800.0369,62357.1284,-515588.8171,-437106.89509999997,-453231.6887
4187000,2349.6716,13682.705,61987.5514,-516003.3875,-437983.4595,-454015.8361
4188000,2365.2262,13758.862,61639.1539,-515661.5625,-437898.32039999997,-454022.4086
4189000,2368.1178,13745.7149,61847.9027,-515606.984,-437645.2486,-453759.0813
4190000,2365.622,13714.4788,62009.2473,-515657.9862,-437568.6381,-453648.7389
4191000,2333.7304,13719.192,62234.538,-515849.4527,-437561.99230000004,-453614.9147
4192000,2347.3435,13736.0906,62201.362,-515425.9333,-437141.1372,-453224.57129999995
4193000,2378.3738,13682.707,62247.7872,-516194.0632,-437885.19519999996,-453946.27599999995
4194000,2377.4585,13595.8443,62176.3656,-515767.6479,-437617.9795,-453591.28229999996
4195000,2340.0474,13739.542,62144.6212,-515633.7706,-437409.56,-453489.1494
4196000,2314.5,13693.3759,62029.6839,-515641.2602,-437603.70040000003,-453611.5763
4197000,2368.066,13738.6299,61857.976,-515349.7356,-437385.0637,-453491.7596
4198000,2347.4564,13592.9836,61987.9768,-515493.3693,-437564.9525,-453505.3925
4199000,2346.6479,13796.6585,62088.2668,-516108.2845,-437876.7113,-454020.0177
4200000,2331.601,13704.1028,62001.3444,-515493.5519,-437456.5037,-453492.2075
4201000,2345.5349,13781.9967,61814.7613,-515143.3652,-437201.0723,-453328.6039
4202000,2359.5758,13711.1834,61740.5067,-515717.3403,-437906.0744,-453976.8336
4203000,2344.7649,13733.9479,62235.2538,-516356.6593,-438042.6927,-454121.4055
4204000,2380.4752,13738.1718,61919.268,-515333.5449,-437295.6299,-453414.2769
4205000,2317.9026,13609.0102,62163.2012,-516112.2624,-438022.1484,-453949.0612
4206000,2341.3017,13726.8287,61548.2246,-514599.7128,-436983.3578,-453051.48819999996
4207000,2367.8021,13744.4288,62350.7513,-515799.4775,-437336.49529999995,-453448.7262
4208000,2375.1143,13796.7982,62044.8622,-515643.2993,-437426.5246,-453598.4371
4209000,2353.1315,13806.8048,62288.0488,-516257.6076,-437809.6225,-453969.5588
4210000,2370.2188,13700.9442,61530.3513,-514849.0693,-437247.55499999993,-453318.718
4211000,2336.5646,13623.0399,61964.6262,-515918.6134,-437994.38269999996,-453953.9872
4212000,2383.1861,13723.8641,61682.2777,-514732.6164,-436943.2885,-453050.3387
4213000,2355.1856,13680.3593,61350.1203,-514355.5619,-436969.8967,-453005.44159999996
4214000,2397.8574,13693.1185,62768.1474,-516455.094,-437595.97069999995,-453686.94659999997
4215000,2371.3917,13813.0677,61755.8716,-515329.9303,-437389.5993,-453574.0587
4216000,2349.1284,13875.4973,62061.5983,-515853.5237,-437567.29970000003,-453791.9254
4217000,2332.9703,13774.96,62388.0204,-516602.8531,-438106.9024,-454214.8327
4218000,2331.4215,13734.358,62049.2516,-515241.618,-437126.5869,-453192.3664
4219000,2352.4126,13801.2029,62277.3273,-516510.8429,-438079.90009999997,-454233.5156
4220000,2348.3114,13752.9747,62158.3754,-516015.5519,-437755.89040000003,-453857.1765
4221000,2360.4945,13685.0041,62225.7026,-516150.7834,-437879.5822,-453925.0808
4222000,2332.0372,13758.4024,62143.6215,-516271.8413,-438037.7802,-454128.21979999996
4223000,2353.2323,13770.2634,62278.3329,-516327.1787,-437925.3501,-454048.8458
4224000,2365.6435,13837.0257,61963.3313,-516059.0899,-437893.08940000006,-454095.7586
4225000,2377.0803,13782.1063,62339.2372,-516017.7163,-437519.2925,-453678.4791
4226000,2357.2858,13798.818,62113.4778,-515509.8395,-437240.25789999997,-453396.3617
4227000,2374.2899,13763.0374,62285.4214,-515433.5292,-437010.7805,-453148.1078
4228000,2332.9693,13682.9017,61690.4675,-515047.2914,-437340.9529,-453356.82389999996
4229000,2354.2343,13727.6598,62847.307,-516588.2839,-437659.0828,-453740.9769
4230000,2368.8019,13687.4476,61823.4766,-515675.8115,-437796.0854,-453852.3349
4231000,2345.6853,13727.1209,62458.4663,-515736.6772,-437205.40469999996,-453278.21089999995
4232000,2355.0652,13685.9906,61949.1589,-515063.1082,-437072.8935,-453113.94930000004
4233000,2342.7268,13720.0624,62582.2665,-516698.4654,-438053.40969999996,-454116.19889999996
4234000,2385.4224,13777.7867,62482.7017,-516422.295,-437776.3842,-453939.5933
4235000,2369.7293,13775.5802,62149.0975,-515884.1812,-437589.7742,-453735.08369999996
4236000,2318.993,13763.0397,61978.2318,-515166.3803,-437106.1158,-453188.1485
4237000,2358.1724,13794.1129,61787.6929,-515696.5234,-437756.5452,-453908.8305
4238000,2335.3948,13775.9874,61845.1265,-515073.2657,-437116.757,-453228.1392
4239000,2330.7318,13838.4775,61588.1649,-514997.6552,-437240.28099999996,-453409.49029999995
4240000,2336.1097,13788.4073,61918.4785,-515757.0161,-437714.02060000005,-453838.53760000004
4241000,2365.1377,13745.1897,62296.214,-515956.4072,-437549.8658,-453660.19320000004
4242000,2380.0613,13886.9338,61926.6594,-516057.3358,-437863.6813,-454130.6764
4243000,2352.4777,13663.5835,62748.0443,-516405.5011,-437641.3956,-453657.4568
4244000,2364.5058,13811.7017,62023.5571,-516196.3517,-437996.5871,-454172.7946
4245000,2379.4923,13702.1916,62112.0409,-515968.8337,-437775.1089,-453856.7928
4246000,2377.4834,13771.4289,61623.8611,-515515.0978,-437742.3244,-453891.2367
4247000,2367.0292,13777.2783,61557.9222,-515485.8474,-437783.61770000006,-453927.92520000006
4248000,2417.406,13836.5226,62208.5971,-515897.9849,-437435.4592,-453689.38779999997
4249000,2382.6244,13743.4217,61974.0728,-515062.465,-436962.3461,-453088.3922
4250000,2356.216,13756.8897,61948.6183,-515681.4709,-437619.7469,-453732.8526
4251000,2341.3249,13683.0501,62057.6022,-515424.2971,-437342.3199,-453366.6949
4252000,2341.0544,13749.3572,62082.5745,-515288.0521,-437115.066,-453205.4776
4253000,2344.4003,13767.576,62348.0875,-516667.6201,-438207.5563,-454319.5326
4254000,2364.861,13786.8876,62277.0674,-515364.164,-436935.348,-453087.0966
4255000,2338.9767,13639.466,61935.2816,-514968.8881,-437055.1638,-453033.6065
4256000,2319.4801,13742.3705,61941.9092,-515454.1609,-437450.4011,-453512.2517
4257000,2353.1696,13765.2489,62297.8845,-516350.951,-437934.648,-454053.0665
4258000,2350.8018,13826.1932,61670.7084,-515649.5043,-437801.8009,-453978.79589999997
4259000,2373.1368,13710.3038,62500.4283,-516687.0081,-438103.1392,-454186.57979999995
4260000,2344.9799,13674.2325,62570.2996,-516626.6234,-438037.1114,-454056.3238
4261000,2356.7113,13772.5336,62053.5797,-516379.2402,-438196.4156,-454325.6605
4262000,2345.2347,13713.3485,61929.9095,-515690.2825,-437701.78979999997,-453760.37299999996
4263000,2347.8967,13805.2083,62568.2247,-516440.0771,-437718.7474,-453871.8524
4264000,2357.5852,13783.3387,62591.9836,-516662.4731,-437929.5656,-454070.4895
4265000,2326.1634,13790.1232,62103.0879,-515600.1606,-437380.7861,-453497.0727
4266000,2363.24,13778.3521,61631.5539,-514797.2474,-437024.1014,-453165.6935
4267000,2367.1054,13808.0196,61749.467,-515026.8457,-437102.2537,-453277.3787
4268000,2393.1392,13764.9413,62497.7502,-516038.4824,-437382.6517,-453540.73219999997
4269000,2354.3273,13761.6095,62359.3972,-516322.1297,-437846.7957,-453962.7325
4270000,2361.1188,13687.2934,62060.094,-515589.4315,-437480.9253,-453529.3375
4271000,2347.3129,13748.6824,61825.493,-515422.4137,-437500.92539999995,-453596.92069999996
4272000,2344.7451,13643.0214,62558.2721,-516683.2484,-438137.20979999995,-454124.9763
4273000,2330.4526,13674.4605,62346.2724,-516027.983,-437676.7975,-453681.7106
4274000,2352.298,13703.1992,62345.1221,-516134.433,-437733.81370000006,-453789.31090000004
4275000,2405.0315,13822.0001,62277.5608,-516349.4197,-437844.8273,-454071.85890000005
4276000,2386.7969,13697.8777,61805.6918,-515395.1714,-437504.805,-453589.47959999996
4277000,2342.1767,13720.8334,61917.5256,-515410.6002,-437430.0645,-453493.0746
4278000,2331.8669,13618.6522,61905.5845,-515403.6907,-437547.5871,-453498.1062
4279000,2333.0609,13741.1429,61721.3719,-515142.9583,-437347.3826,-453421.58640000003
4280000,2357.6801,13771.7408,62451.5127,-517238.3647,-438657.4311,-454786.85199999996
4281000,2323.3714,13724.0106,62316.4158,-516123.4077,-437759.6099,-453806.99189999996
4282000,2379.249,13710.8603,62700.7777,-516658.3204,-437867.43340000004,-453957.54270000005
4283000,2362.733,13826.9331,62125.0743,-516361.9952,-438047.2548,-454236.9209
4284000,2351.6696,13765.084,62131.959,-515521.537,-437272.82440000004,-453389.578
4285000,2320.9322,13736.4086,62499.7727,-516874.9784,-438317.86490000004,-454375.20570000005
4286000,2359.0653,13768.6557,61885.9865,-515729.5992,-437715.8917,-453843.6127
4287000,2358.6486,13676.5336,61847.9595,-515239.553,-437356.41130000004,-453391.5935
4288000,2369.1794,13632.7117,62135.3545,-515913.5331,-437776.2875,-453778.1786
4289000,2350.0276,13717.1447,62062.6871,-515714.1112,-437584.25179999997,-453651.4241
4290000,2356.4142,13794.1298,61475.4925,-515330.8983,-437704.8618,-453855.4058
4291000,2330.9564,13760.4174,61883.8355,-516024.0965,-438048.8872,-454140.261
4292000,2351.685,13741.4384,62264.5151,-516269.8016,-437912.1631,-454005.2865
4293000,2356.1532,13743.2053,61724.6696,-515282.144,-437458.1159,-453557.47439999995
4294000,2362.4321,13733.1642,61877.2837,-515739.3242,-437766.44419999997,-453862.0405
4295000,2341.9813,13666.4489,61502.41,-514707.3667,-437196.52650000004,-453204.9567
4296000,2349.2366,13718.4246,61784.4761,-515503.221,-437651.0837,-453718.74490000005
4297000,2373.9548,13789.1262,62312.9271,-516209.727,-437733.7189,-453896.7999
4298000,2341.9358,13767.8894,61896.9042,-516325.5517,-438318.8223,-454428.6475
4299000,2378.9562,13687.4823,61836.5524,-515886.512,-437983.5211,-454049.9596
4300000,2355.4762,13693.4915,62210.6767,-515944.08,-437684.4356,-453733.4033
4301000,2365.4106,13658.6067,61877.1103,-515921.4922,-438020.3646,-454044.3819
4302000,2329.2134,13671.8353,61977.8136,-515872.6262,-437893.7639,-453894.8126
4303000,2368.8642,13690.9603,62202.4341,-515795.8152,-437533.5566,-453593.3811
4304000,2357.6806,13662.67,61987.2655,-515065.223,-437057.6069,-453077.9575
4305000,2339.5962,13656.9983,61834.6654,-516164.7961,-438333.5362,-454330.1307
4306000,2351.2344,13815.4413,62449.6395,-516133.2032,-437516.888,-453683.5637
4307000,2358.3199,13670.4992,61844.1983,-515162.6848,-437289.6674,-453318.4865
4308000,2341.8096,13743.2585,62047.3882,-515402.7093,-437270.25299999997,-453355.3211
4309000,2345.2017,13771.5038,62148.3201,-516691.797,-438426.7714,-454543.4769
4310000,2357.9791,13721.7572,62128.0875,-516115.7751,-437907.9513,-453987.6876
4311000,2344.3588,13709.0256,62349.0051,-516259.7076,-437857.31810000003,-453910.7025
4312000,2339.8461,13745.8271,61959.6029,-515851.906,-437806.6299,-453892.3031
4313000,2327.0596,13713.6789,61752.5617,-515696.589,-437903.2888,-453944.02729999996
4314000,2330.1669,13630.2383,61604.7581,-514745.4691,-437180.3058,-453140.711
4315000,2380.6485,13703.7036,61774.9162,-514945.5612,-437086.2929,-453170.645
4316000,2358.2518,13689.9198,62150.4924,-515400.076,-437201.412,-453249.5836
4317000,2356.3825,13697.4196,61795.74,-515192.5497,-437343.0076,-453396.8097
4318000,2351.3554,13753.2268,62247.8523,-515169.1626,-436816.72809999995,-452921.3103
4319000,2360.7395,13776.2807,61809.2048,-515694.4818,-437748.2568,-453885.277
4320000,2355.0743,13717.6488,62401.0356,-516021.1624,-437547.40369999997,-453620.12679999997
4321000,2372.2708,13733.3885,61958.5328,-515298.7593,-437234.5672,-453340.2265
4322000,2372.2017,13801.0748,61852.6356,-515618.7114,-437592.79929999996,-453766.0758
4323000,2345.4365,13653.03,61410.0793,-515186.9677,-437778.42189999996,-453776.8884
4324000,2399.9642,13863.9988,62038.7439,-515422.9502,-437120.24330000003,-453384.2063
4325000,2370.2986,13766.6749,62143.7066,-515531.49,-437250.8099,-453387.7834
4326000,2332.0291,13779.1797,61668.6197,-514106.339,-436326.5105,-452437.7193
4327000,2343.5153,13786.3294,61470.036,-514929.2501,-437329.36939999997,-453459.2141
4328000,2363.1201,13697.9248,61820.6651,-515045.128,-437163.41800000006,-453224.46290000004
4329000,2347.0388,13725.6088,61655.4665,-514548.072,-436819.9579,-452892.6055
4330000,2364.1314,13749.3313,61871.3359,-515507.4465,-437522.64790000004,-453636.1106
4331000,2371.2418,13814.3067,61666.1186,-515166.2999,-437314.63279999996,-453500.1813
4332000,2353.4543,13640.2333,61585.4261,-515184.4976,-437605.3839,-453599.0715
4333000,2380.4786,13656.6316,62200.2915,-515791.7022,-437554.3005,-453591.4107
4334000,2339.4241,13783.012,61519.3279,-514805.4918,-437163.7278,-453286.16390000004
4335000,2345.9288,13651.9524,62011.5174,-515908.3778,-437898.9792,-453896.8604
4336000,2345.5431,13671.9849,62091.5244,-516167.3116,-438058.25920000003,-454075.7872
4337000,2325.768,13687.824,62069.7538,-515696.555,-437613.2092,-453626.8012
4338000,2387.6545,13689.7868,61904.1892,-516062.7333,-438081.1028,-454158.5441
4339000,2339.85,13617.6231,62014.1793,-515562.7794,-437591.127,-453548.6001
4340000,2355.28,13699.816,62139.9569,-515856.2184,-437661.1655,-453716.2615
4341000,2333.4845,13804.4207,62084.7796,-515297.8723,-437075.1875,-453213.0927
4342000,2378.6244,13759.2713,61928.4048,-515616.6409,-437550.3404,-453688.2361
4343000,2369.0525,13728.1523,62222.6527,-515683.3772,-437363.5197,-453460.7245
4344000,2347.4175,13689.8226,62115.7979,-515128.9322,-436975.8942,-453013.1343
4345000,2345.9192,13766.0526,62434.176,-515738.522,-437192.37419999996,-453304.346
4346000,2340.2639,13751.2133,62567.7215,-515836.4146,-437177.2159,-453268.69310000003
4347000,2314.9573,13773.8854,61963.1641,-515752.5199,-437700.5131,-453789.3558
4348000,2333.2829,13667.3971,61941.9875,-515139.1882,-437196.5207,-453197.2007
4349000,2324.47,13684.2604,61743.7953,-515034.2681,-437281.7424,-453290.4728
4350000,2358.0589,13781.5089,61928.4714,-515499.6534,-437431.6142,-453571.18200000003
4351000,2348.5783,13711.6338,62222.5671,-515920.2102,-437637.431,-453697.6431
4352000,2300.3263,13629.5819,62370.0994,-515937.3222,-437637.3146,-453567.2228
4353000,2376.7664,13734.9955,61935.2379,-515757.6333,-437710.6335,-453822.3954
4354000,2386.3838,13790.6464,61807.1139,-515481.5675,-437497.4234,-453674.4536
4355000,2320.6384,13736.6634,62132.7099,-516162.2539,-437972.2422,-454029.544
4356000,2358.4438,13671.8866,61924.7183,-516104.459,-438149.4103,-454179.74069999997
4357000,2367.3018,13740.7098,62287.9645,-515990.107,-437594.1309,-453702.1425
4358000,2322.4581,13744.8759,62856.121,-516648.3158,-437724.86079999997,-453792.1948
4359000,2333.3789,13805.3477,62233.7563,-515196.5863,-436824.1034,-452962.83
4360000,2342.4365,13646.3883,61553.939,-514807.8742,-437265.1104,-453253.9352
4361000,2361.4708,13774.0352,62205.432,-516000.2483,-437659.3103,-453794.81629999995
4362000,2361.8759,13726.6618,62203.6052,-515494.0739,-437201.931,-453290.4687
4363000,2343.0002,13764.9131,62466.2652,-515678.3372,-437104.1587,-453212.072
4364000,2376.312,13787.5476,62643.9979,-516540.6487,-437732.79120000004,-453896.6508
4365000,2371.6048,13845.0892,62245.6515,-515774.1018,-437311.7563,-453528.4503
4366000,2342.5963,13695.6985,61534.2158,-514658.5828,-437086.0722,-453124.36699999997
4367000,2343.2874,13736.6605,62511.0633,-516100.175,-437509.1638,-453589.1117
4368000,2398.7481,13816.3145,62290.5582,-516316.8894,-437811.26859999995,-454026.3312
4369000,2399.0358,13799.6361,62648.8417,-515788.4235,-436940.90989999997,-453139.5818
4370000,2369.6792,13817.0753,62417.1936,-516651.1169,-438047.16880000004,-454233.9233
4371000,2361.3345,13804.4673,61310.2382,-514936.4966,-437460.45660000003,-453626.2584
4372000,2361.1049,13813.2637,61764.107,-515443.6053,-437505.1297,-453679.4983
4373000,2352.058,13739.7881,62049.1435,-515572.8249,-437431.83530000004,-453523.6814
4374000,2347.3951,13666.3209,62307.7909,-516491.3483,-438169.84140000003,-454183.5574
4375000,2393.5413,13769.4095,62555.4826,-515968.7033,-437250.26989999996,-453413.2207
4376000,2352.3784,13808.6143,61987.8689,-516013.2981,-437864.4365,-454025.4292
4377000,2386.8167,13791.8254,62051.4105,-515915.5296,-437685.477,-453864.1191
4378000,2357.2961,13892.8467,62235.665,-516054.4863,-437568.6785,-453818.8213
4379000,2360.7666,13731.6856,61635.7086,-514949.8055,-437221.6447,-453314.0969
4380000,2343.1419,13717.4593,61673.1063,-514823.2256,-437089.5181,-453150.1193
4381000,2339.235,13837.0281,61784.6903,-515522.9914,-437562.038,-453738.3011
4382000,2335.3768,13814.3387,61815.9233,-515989.0617,-438023.4229,-454173.1384
4383000,2379.4077,13628.9224,62070.9186,-515583.6138,-437504.3651,-453512.6952
4384000,2372.1288,13778.2648,61690.2088,-515102.2987,-437261.69629999995,-453412.08989999996
4385000,2357.5059,13666.4758,62365.4014,-515672.213,-437282.8299,-453306.8116
4386000,2362.2279,13775.1822,61744.0062,-515189.1779,-437307.7616,-453445.1717
4387000,2354.2565,13762.1452,62318.2703,-515622.6277,-437187.95570000005,-453304.35740000004
4388000,2325.289,13747.0391,62188.567,-515516.1915,-437255.2964,-453327.62450000003
4389000,2336.1187,13779.8538,62534.6465,-516100.7107,-437450.0917,-453566.0642
4390000,2357.1182,13776.1317,61804.3413,-515670.5561,-437732.9649,-453866.21479999996
4391000,2346.9918,13730.2811,62080.1463,-515740.4216,-437583.0024,-453660.2753
4392000,2336.456,13735.6035,62385.092,-516340.2433,-437883.0918,-453955.15129999997
4393000,2343.8224,13744.9937,62297.4244,-515951.3813,-437565.1408,-453653.9569
4394000,2358.902,13758.1767,62207.079,-515794.8091,-437470.65140000003,-453587.73010000004
4395000,2356.2233,13757.9212,61935.2564,-515349.7893,-437300.3884,-453414.5329
4396000,2351.0299,13669.5901,62216.4328,-515779.0022,-437541.9494,-453562.5694
4397000,2336.2637,13698.3138,62286.4222,-516195.8865,-437874.88680000004,-453909.4643
4398000,2349.136,13784.5604,61757.4663,-515273.5671,-437382.4044,-453516.1008
4399000,2333.6858,13846.8855,61786.9728,-515630.6691,-437663.125,-453843.6963
4400000,2343.8905,13728.0894,62470.8984,-516391.5912,-437848.71290000004,-453920.6928
4401000,2327.2492,13787.1761,62074.3753,-515677.4023,-437488.6017,-453603.027
4402000,2381.0422,13696.5206,61909.1969,-515448.5267,-437461.767,-453539.3298
4403000,2331.6335,13697.0491,61960.2713,-515494.4399,-437505.48600000003,-453534.1686
4404000,2350.9795,13639.6245,61732.1461,-514631.8628,-436909.1127,-452899.7167
4405000,2349.2012,13718.2535,62463.7515,-515795.6867,-437264.4805,-453331.9352
4406000,2373.1905,13741.1763,61735.1985,-515871.817,-438022.25169999996,-454136.6185
4407000,2363.3347,13679.0705,61932.0479,-515827.9788,-437853.5257,-453895.9309
4408000,2362.2911,13733.3368,61787.5816,-515186.1699,-437302.9604,-453398.5883
4409000,2338.387,13649.7488,62347.7401,-515506.6083,-437170.73240000004,-453158.8682
4410000,2353.0544,13703.1556,62557.1502,-516290.7582,-437677.398,-453733.608
4411000,2341.8806,13771.1275,62470.0655,-515996.4471,-437413.3735,-453526.38159999996
4412000,2348.6416,13701.0979,61804.2471,-514584.8959,-436730.9093,-452780.6488
4413000,2356.2433,13828.1143,61711.641,-515363.6996,-437467.701,-453652.0586
4414000,2351.3181,13744.6053,61577.8653,-514671.0873,-436997.2986,-453093.222
4415000,2385.9333,13775.6282,61964.5697,-515675.1758,-437549.0446,-453710.60610000003
4416000,2329.3423,13644.8098,62160.9854,-516044.3078,-437909.1703,-453883.3224
4417000,2307.7795,13726.0545,61918.8813,-515522.3715,-437569.6562,-453603.4902
4418000,2356.8127,13775.2443,61974.095,-516274.4074,-438168.2554,-454300.31240000005
4419000,2384.1916,13644.7229,62048.5262,-516242.6217,-438165.181,-454194.0955
4420000,2354.5491,13781.2257,62238.5058,-515701.737,-437327.4564,-453463.23120000004
4421000,2359.1376,13744.0816,61958.7941,-515475.9412,-437413.9279,-453517.1471
4422000,2347.8707,13861.5332,61850.1457,-515662.7721,-437603.22250000003,-453812.6264
4423000,2341.9126,13749.2195,62245.2068,-515814.6993,-437478.3604,-453569.4925
4424000,2362.922,13807.4984,61603.6546,-515158.9786,-437384.90359999996,-453555.32399999996
4425000,2352.8407,13737.9575,62016.4579,-515419.0509,-437311.7948,-453402.593
4426000,2340.9511,13673.8849,61742.8386,-514978.906,-437221.23140000005,-453236.0674
4427000,2333.1099,13653.639,61411.8746,-515122.9206,-437724.2971,-453711.04600000003
4428000,2327.472,13704.7468,62059.886,-515747.2829,-437655.1781,-453687.3969
4429000,2348.1456,13659.4159,62382.3598,-516700.1136,-438310.1923,-454317.7538
4430000,2354.1521,13768.7651,62291.43,-516287.2415,-437872.8943,-453995.8115
4431000,2359.0007,13788.2364,61801.2483,-515135.8353,-437187.3499,-453334.587
4432000,2348.987,13741.139,62016.1422,-515298.2936,-437192.0254,-453282.1514
4433000,2340.2843,13727.7647,62100.2502,-514946.6875,-436778.3883,-452846.4373
4434000,2347.579,13818.3077,62352.2175,-515900.8294,-437382.7252,-453548.6119
4435000,2362.843,13745.1119,62111.826,-515033.6258,-436813.84489999997,-452921.7998
4436000,2344.4314,13858.8979,62040.4986,-515485.4149,-437241.58699999994,-453444.9163
4437000,2337.6764,13806.7164,61903.019,-515712.322,-437664.9102,-453809.30299999996
4438000,2330.1195,13797.0132,62263.4403,-515276.1182,-436885.54520000005,-453012.6779
4439000,2363.2327,13719.4912,62101.9574,-515768.9096,-437584.2283,-453666.9522
4440000,2328.3566,13626.2073,62302.4552,-516189.1184,-437932.0993,-453886.66319999995
4441000,2377.389,13748.5015,61988.7914,-515670.8341,-437556.1522,-453682.0427
4442000,2342.7734,13781.5713,61895.3297,-514952.6846,-436933.01019999996,-453057.3549
4443000,2341.1165,13666.224,62177.6558,-516018.5473,-437833.551,-453840.89149999997
4444000,2381.3356,13656.0902,61859.2501,-515121.6448,-437224.9689,-453262.3947
4445000,2358.9067,13810.7853,62204.6622,-516132.352,-437757.9978,-453927.6898
4446000,2349.1928,13721.5009,61944.0231,-514570.0238,-436555.30700000003,-452626.00070000003
4447000,2355.784,13665.2656,62389.0802,-515562.9777,-437152.8479,-453173.89749999996
4448000,2331.7672,13706.7735,61860.5509,-515962.458,-438063.3664,-454101.90709999995
4449000,2342.8904,13842.4238,62350.049,-516183.3235,-437647.96030000004,-453833.2745
4450000,2362.7358,13793.8847,61858.6242,-515193.1911,-437177.9464,-453334.5669
4451000,2368.5499,13775.3215,62337.6454,-516233.4736,-437751.95680000004,-453895.82820000005
4452000,2380.9192,13822.086,61808.7111,-515009.8366,-436998.12029999995,-453201.12549999997
4453000,2358.1844,13685.9377,61978.2571,-515799.85,-437777.4708,-453821.5929
4454000,2341.4406,13787.964,62222.2077,-515548.9492,-437197.3369,-453326.7415
4455000,2349.2786,13777.3147,61967.4032,-515674.5964,-437580.5999,-453707.1932
4456000,2371.079,13806.1554,61825.5427,-514788.0887,-436785.3116,-452962.54600000003
4457000,2364.1352,13702.5896,61726.8036,-514829.9328,-437036.4044,-453103.1292
4458000,2354.6819,13923.9772,61901.5341,-515551.8138,-437371.6206,-453650.2797
4459000,2362.0146,13870.1619,61656.0313,-514959.146,-437070.9382,-453303.11470000003
4460000,2345.4096,13794.3954,61724.7563,-514675.598,-436811.0367,-452950.8417
4461000,2342.0897,13779.2981,62406.4812,-516645.1529,-438117.2839,-454238.6717
4462000,2364.737,13817.2558,62065.7719,-515467.3431,-437219.5784,-453401.5712
4463000,2387.3166,13774.571,61986.9364,-515845.5436,-437696.71959999995,-453858.60719999997
4464000,2349.1335,13680.1956,61845.2502,-515190.2523,-437315.673,-453345.0021
4465000,2350.5227,13777.7167,62364.6066,-516199.1301,-437706.2841,-453834.5235
4466000,2356.8567,13772.9751,62117.1777,-516093.2634,-437846.2539,-453976.0857
4467000,2339.6962,13821.3029,62335.4739,-516402.9039,-437906.4309,-454067.43
4468000,2343.3857,13763.0999,62032.3313,-515726.0554,-437587.2385,-453693.7241
4469000,2336.0935,13821.1032,62410.8055,-516387.9301,-437819.9279,-453977.1246
4470000,2342.5791,13667.8461,62161.8309,-516183.5766,-438011.3205,-454021.74569999997
4471000,2333.3917,13702.8491,62678.7547,-516980.8077,-438265.81220000004,-454302.053
4472000,2336.3154,13848.4592,61948.7797,-515689.4435,-437555.8892,-453740.6638
4473000,2336.4261,13643.1094,61712.3197,-515081.4228,-437389.5676,-453369.1031
4474000,2329.3491,13833.8106,62196.1875,-516559.4536,-438200.1064,-454363.2661
4475000,2357.2939,13727.9953,61809.1916,-515270.2057,-437375.7249,-453461.0141
4476000,2381.0111,13791.0503,62150.126,-515883.3751,-437561.1877,-453733.2491
4477000,2374.4963,13752.7233,61882.9743,-515487.2686,-437477.0747,-453604.2943
4478000,2347.0255,13776.7249,62153.3626,-516446.8274,-438169.7144,-454293.4648
4479000,2347.6645,13711.3022,62737.1729,-516111.3596,-437315.22000000003,-453374.1867
4480000,2334.8202,13618.3261,62257.1911,-515786.736,-437576.39859999996,-453529.5449
4481000,2352.5669,13708.4618,62157.266,-516127.5705,-437909.27579999994,-453970.30449999997
4482000,2391.9009,13763.4618,61994.8151,-515375.6321,-437225.4543,-453380.817
4483000,2355.1731,13665.9405,62059.0398,-516159.6669,-438079.5135,-454100.62710000004
4484000,2352.5525,13666.3161,62031.1687,-515092.7733,-437042.73600000003,-453061.6046
4485000,2372.1115,13851.5426,61659.0409,-515605.1602,-437722.4652,-453946.11929999996
4486000,2365.2501,13761.0298,62166.0358,-515980.1683,-437687.8526,-453814.1325
4487000,2369.5852,13642.3894,61799.4204,-515824.5267,-438013.13169999997,-454025.1063
4488000,2380.4529,13735.3124,62519.217,-515425.2345,-436790.2522,-452906.0175
4489000,2351.7518,13769.8869,61888.3435,-515441.9938,-437432.01159999997,-453553.6503
4490000,2367.1369,13670.2546,61667.4978,-514743.8306,-437038.9413,-453076.3328
4491000,2362.0599,13643.3249,61549.4018,-514757.5142,-437202.7276,-453208.1124
4492000,2310.1466,13647.1605,62217.3737,-515479.743,-437305.06220000004,-453262.3693
4493000,2388.4492,13771.5185,61982.0749,-515109.3177,-436967.2751,-453127.2428
4494000,2333.6409,13750.6335,62387.7064,-515232.9401,-436760.9593,-452845.2337
4495000,2356.1412,13782.326,61602.9496,-515240.0578,-437498.641,-453637.1082
4496000,2348.3077,13840.7052,61851.095,-514768.7287,-436728.6208,-452917.6337
4497000,2334.8753,13708.0713,62213.2947,-515949.725,-437693.4837,-453736.4303
4498000,2378.6455,13688.8067,62194.2355,-516193.6545,-437931.9668,-453999.419
4499000,2349.321,13739.0869,62092.41,-515750.4912,-437569.67329999997,-453658.0812
4500000,2363.4311,13776.1725,61829.2553,-515345.0731,-437376.2142,-453515.81779999996
4501000,2320.8222,13705.9686,61991.7698,-515949.6235,-437931.0629,-453957.8537
4502000,2357.162,13712.5126,61995.9818,-516060.0064,-437994.35,-454064.0246
4503000,2359.3153,13694.4627,61883.409,-515388.9645,-437451.77749999997,-453505.5555
4504000,2362.8045,13766.8066,62259.0163,-516099.9563,-437711.3289,-453840.94
4505000,2335.8038,13761.6853,61635.1867,-515644.9304,-437912.2546,-454009.7437
4506000,2368.5257,13819.6912,62033.113,-515951.5745,-437730.2446,-453918.4615
4507000,2365.6074,13675.6326,61623.4792,-515335.8066,-437671.0874,-453712.3274
4508000,2345.9722,13719.0062,61973.7006,-515791.5492,-437752.8702,-453817.8486
4509000,2351.859,13695.1295,62230.6399,-515660.0503,-437382.4219,-453429.4104
4510000,2326.5703,13652.4883,62416.023,-516076.874,-437681.79240000003,-453660.851
4511000,2356.6166,13745.8939,61887.2992,-515728.5836,-437738.77390000003,-453841.2844
4512000,2352.7399,13720.5894,62118.8975,-515570.1446,-437377.9178,-453451.2471
4513000,2332.0578,13719.9419,61500.594,-515164.98,-437612.3863,-453664.386
4514000,2349.5244,13734.6964,62194.4014,-515193.4792,-436914.857,-452999.07779999997
4515000,2364.1868,13643.84,62178.9057,-515983.5521,-437796.6196,-453804.64639999997
4516000,2358.8018,13717.9857,62231.8011,-516482.3802,-438173.7916,-454250.57910000003
4517000,2330.7417,13661.5721,61978.8006,-516096.3328,-438125.21839999995,-454117.53219999996
4518000,2338.7896,13743.2364,62033.5574,-515806.5913,-437691.00789999997,-453773.0339
4519000,2311.8924,13688.5815,61967.1874,-515203.554,-437235.89269999997,-453236.3666
4520000,2375.1842,13750.4088,62195.0769,-515834.7179,-437514.048,-453639.641
4521000,2358.2205,13719.9655,62840.6094,-517092.8527,-438174.0573,-454252.2433
4522000,2345.7886,13734.0497,62074.9098,-515938.8587,-437784.1106,-453863.94889999996
4523000,2356.7538,13797.6389,61998.0173,-516075.5424,-437923.1324,-454077.52509999997
4524000,2301.6253,13706.9587,62072.92,-515583.8066,-437502.3026,-453510.8866
4525000,2368.3012,13733.5901,61647.1258,-515358.5845,-437609.5674,-453711.4587
4526000,2391.5331,13921.3352,62134.5789,-516246.6116,-437799.1644,-454112.0327
4527000,2348.0508,13792.2226,62613.1472,-516081.8718,-437328.4512,-453468.7246
4528000,2347.2334,13807.0012,62123.1152,-515792.9894,-437515.6396,-453669.8742
4529000,2316.6814,13793.765,62056.5606,-515997.1306,-437830.1236,-453940.56999999995
4530000,2329.6575,13722.8874,62248.9,-515653.0152,-437351.5703,-453404.1152
4531000,2366.9036,13722.6225,61559.4414,-515337.6108,-437688.6433,-453778.1694
4532000,2364.2069,13771.67,62148.2091,-514897.1058,-436613.0198,-452748.89670000004
4533000,2367.6106,13647.6367,62033.8647,-515775.4551,-437726.34310000006,-453741.59040000004
4534000,2380.162,13719.6262,62228.4343,-516102.1373,-437773.9148,-453873.703
4535000,2324.8418,13688.7362,62380.5225,-516365.9375,-437971.837,-453985.415
4536000,2391.385,13779.9156,62302.8044,-516061.9422,-437587.8372,-453759.13779999997
4537000,2345.801,13794.6225,62527.2303,-516125.7869,-437458.1331,-453598.5566
4538000,2345.2594,13822.8898,62187.9515,-515886.4946,-437530.39389999997,-453698.54309999995
4539000,2328.286,13686.8095,61899.3643,-515072.4941,-437158.0343,-453173.1298
4540000,2371.1384,13955.2573,62471.2658,-516042.3099,-437244.6484,-453571.0441
4541000,2338.0443,13828.5529,61969.3809,-515320.6685,-437184.6904,-453351.28760000004
4542000,2383.1862,13744.1425,61629.7246,-515092.234,-437335.1807,-453462.5094
4543000,2364.0493,13816.3279,62075.2913,-515888.9846,-437633.31610000005,-453813.69330000004
4544000,2389.0137,13810.5906,62109.4207,-516276.7751,-437967.75010000006,-454167.3544
4545000,2370.4657,13814.0102,62037.3563,-515991.4394,-437769.60719999997,-453954.0831
4546000,2344.1218,13870.2043,62140.037,-515507.9382,-437153.5751,-453367.90119999996
4547000,2348.4511,13742.5295,62657.2842,-516173.2862,-437425.02139999997,-453516.002
4548000,2313.6226,13677.4333,62266.4373,-516363.8171,-438106.32389999996,-454097.3798
4549000,2346.4783,13744.3038,62095.0273,-516179.853,-437994.0436,-454084.8257
4550000,2353.9418,13735.1171,62414.8653,-516495.1267,-437991.2025,-454080.2614
4551000,2356.5281,13662.8126,61906.8529,-515296.9374,-437370.7438,-453390.0845
4552000,2361.0754,13780.7396,61945.8282,-515589.6068,-437501.9636,-453643.7786
4553000,2335.1788,13802.5477,62005.6625,-515507.4949,-437364.10589999997,-453501.8324
4554000,2336.3494,13715.0309,62370.0564,-516174.3933,-437752.9566,-453804.3369
4555000,2338.9838,13853.789,61422.275,-515465.5547,-437850.5069,-454043.27969999996
4556000,2355.1941,13806.9828,62054.8588,-515609.5826,-437392.5469,-453554.72380000004
4557000,2348.993,13691.1133,62033.1649,-515749.2194,-437675.9482,-453716.05449999997
4558000,2318.5693,13763.6166,62203.3978,-516062.5472,-437776.96349999995,-453859.1494
4559000,2330.7281,13735.585,62549.7185,-516418.3478,-437802.3162,-453868.6293
4560000,2334.5782,13768.4417,62116.3932,-515931.0823,-437711.6692,-453814.6891
4561000,2345.6449,13748.1598,61900.5203,-514568.6786,-436574.3536,-452668.1583
4562000,2365.7025,13844.4485,61703.7539,-515207.2238,-437293.31889999995,-453503.46989999997
4563000,2365.6771,13818.9236,62048.2259,-515652.4404,-437419.61380000005,-453604.2145
4564000,2326.998,13789.3505,62130.2734,-515745.0008,-437498.3789,-453614.7274
4565000,2342.0042,13851.8214,62125.7432,-515966.2535,-437646.6847,-453840.51029999997
4566000,2377.1084,13750.7893,62201.4208,-515702.9574,-437373.6389,-453501.5366
4567000,2332.3321,13774.5157,62208.2818,-516239.3366,-437924.207,-454031.0548
4568000,2373.589,13820.9638,62036.0,-515555.0901,-437324.53729999997,-453519.0901
4569000,2320.1396,13733.732,62517.3372,-516116.88,-437545.6712,-453599.5428
4570000,2329.9096,13710.6019,62498.0754,-516688.8076,-438150.2207,-454190.73219999997
4571000,2327.6053,13862.485,62373.2886,-515835.5697,-437272.1908,-453462.2811
4572000,2341.9337,13753.4899,61993.5654,-515586.8044,-437497.8154,-453593.239
4573000,2363.6048,13736.917,61834.8457,-515531.623,-437596.2555,-453696.7773
4574000,2348.8765,13839.6146,62157.0354,-516134.3748,-437788.84829999995,-453977.3394
4575000,2347.1441,13825.2245,62165.8277,-515871.3966,-437533.20029999997,-453705.56889999995
4576000,2365.2452,13867.514,62053.1042,-516257.1078,-437971.24439999997,-454204.0036
4577000,2336.2713,13753.11,61918.6958,-515478.7005,-437470.6234,-453560.0047
4578000,2388.8966,13786.4443,61837.292,-514325.3152,-436312.6823,-452488.0232
4579000,2328.9725,13780.4392,61467.1814,-514646.3449,-437069.7518,-453179.1635
4580000,2360.1961,13710.7387,61948.6278,-515349.0579,-437329.4953,-453400.4301
4581000,2345.0027,13689.3848,62002.1351,-515653.1186,-437616.596,-453650.9835
4582000,2364.3705,13814.1432,62805.8595,-517415.1896,-438430.8164,-454609.33009999996
4583000,2341.5321,13725.0174,62313.8804,-516173.1611,-437792.73120000004,-453859.2807
4584000,2368.5682,13637.8228,62140.5234,-515934.2753,-437787.36089999997,-453793.7519
4585000,2360.2125,13809.8908,61524.7142,-515032.1107,-437337.2932,-453507.39650000003
4586000,2405.4916,13807.723,62304.2665,-516105.4924,-437588.0113,-453801.22589999996
4587000,2332.1403,13877.9552,62104.2904,-516182.8327,-437868.44680000003,-454078.54230000003
4588000,2370.9931,13814.4512,61896.0134,-515931.7488,-437850.29110000003,-454035.7354
4589000,2312.3782,13705.9655,62053.3692,-515800.4601,-437728.74720000004,-453747.0909
4590000,2364.9502,13879.763,62568.2815,-516388.8779,-437575.88320000004,-453820.59640000004
4591000,2340.701,13853.7993,62442.486,-516221.3814,-437584.3951,-453778.89540000004
4592000,2346.7556,13797.9518,62891.5922,-516701.6315,-437665.3319,-453810.0393
4593000,2368.0226,13869.3155,62126.0565,-515990.7898,-437627.3952,-453864.7333
4594000,2361.047,13774.4444,62348.1427,-516774.8192,-438291.1851,-454426.67650000006
4595000,2368.6402,13872.0292,61368.8835,-514603.387,-436993.8341,-453234.5035
4596000,2361.0115,13818.3691,61806.271,-515402.4008,-437416.7492,-453596.1298
4597000,2352.5273,13769.0154,62437.9451,-516154.4387,-437594.9509,-453716.4936
4598000,2355.8216,13848.5486,61537.4038,-515184.968,-437443.194,-453647.5642
4599000,2328.9307,13786.2752,62326.2675,-515695.8515,-437254.3781,-453369.584
4600000,2384.1962,13765.513,62249.3668,-515591.725,-437192.649,-453342.35819999996
4601000,2337.7011,13834.8687,62352.2922,-516279.262,-437754.39999999997,-453926.96979999996
4602000,2341.2047,13816.3474,62380.3735,-516379.1763,-437841.2507,-453998.8028
4603000,2372.017,13919.1858,62036.5339,-516007.777,-437680.0403,-453971.2431
4604000,2351.4329,13838.4929,61456.0545,-515204.2917,-437558.3114,-453748.2372
4605000,2388.3754,13736.7787,62064.8857,-515920.4838,-437730.444,-453855.5981
4606000,2372.0666,13801.3719,62158.9739,-516153.4179,-437821.00549999997,-453994.444
4607000,2362.6332,13754.0516,62047.6319,-515942.5709,-437778.25419999997,-453894.939
4608000,2363.7859,13859.9107,62348.2203,-516579.2891,-438007.3722,-454231.0688
4609000,2374.5953,13809.1539,62075.627,-516344.1719,-438084.7957,-454268.54490000004
4610000,2325.7672,13806.4444,62220.2889,-516426.5971,-438074.09660000005,-454206.3082
4611000,2369.668,13775.4707,62516.6199,-517200.0384,-438538.2798,-454683.4185
4612000,2344.1912,13694.2394,61886.1838,-515767.0807,-437842.4663,-453880.8969
4613000,2361.4914,13672.96,62000.3726,-515515.7171,-437480.8931,-453515.3445
4614000,2333.1507,13787.8414,62249.3292,-516336.2094,-437965.8881,-454086.8802
4615000,2388.9036,13857.1984,62180.5341,-515937.7376,-437511.1015,-453757.2035
4616000,2330.0504,13814.8549,61756.417,-515499.7441,-437598.4218,-453743.3271
4617000,2339.5639,13826.7215,62671.5426,-516801.1277,-437963.2997,-454129.5851
4618000,2366.1067,13770.1889,62106.0722,-515885.2489,-437642.8811,-453779.1767
4619000,2327.7697,13734.7527,62269.8259,-515864.8875,-437532.5392,-453595.0616
4620000,2362.5933,13864.4688,61810.6747,-515703.8633,-437666.1265,-453893.1886
4621000,2363.3438,13722.3907,62182.9927,-516031.1752,-437762.448,-453848.1825
4622000,2359.0246,13795.948,62107.0606,-515563.9192,-437301.886,-453456.85860000004
4623000,2392.5229,13808.727,62301.6687,-515988.2395,-437485.32090000005,-453686.57080000004
4624000,2361.9863,13836.1792,61943.9703,-515274.6282,-437132.4924,-453330.6579
4625000,2375.0184,13896.7882,62323.1037,-516013.7934,-437418.88310000004,-453690.68970000005
4626000,2375.7054,13794.1527,62296.0978,-515810.9502,-437344.9943,-453514.85240000003
4627000,2343.48,13767.5216,61836.8679,-515751.3372,-437803.46770000004,-453914.4693
4628000,2353.6437,13727.6397,62139.4497,-516027.0634,-437806.3303,-453887.6137
4629000,2359.4073,13716.9481,62346.0218,-516004.5069,-437582.1297,-453658.4851
4630000,2367.7362,13753.5418,61794.9639,-516078.929,-438162.6871,-454283.96510000003
4631000,2346.1868,13846.1016,61948.7711,-515966.9363,-437825.87679999997,-454018.1652
4632000,2347.0427,13887.4074,62030.9379,-515838.0319,-437572.6439,-453807.094
4633000,2372.3943,13856.8917,62264.1004,-515707.2009,-437213.8145,-453443.1005
4634000,2352.1204,13711.0508,62299.5364,-516542.371,-438179.66339999996,-454242.8346
4635000,2350.6888,13742.8339,62323.9558,-516272.2943,-437854.8158,-453948.3385
4636000,2354.0385,13768.1202,61889.058,-515309.7903,-437298.5736,-453420.7323
4637000,2336.25,13834.7225,62637.2753,-516543.5554,-437735.3076,-453906.28010000003
4638000,2337.8065,13755.1435,62259.319,-516643.4962,-438291.22719999996,-454384.1772
4639000,2392.7412,13813.1952,62414.036,-516006.7799,-437386.8075,-453592.7439
4640000,2345.7084,13787.0847,62118.2491,-515867.5189,-437616.4767,-453749.2698
4641000,2326.7596,13675.285,62225.1661,-515949.1068,-437721.8961,-453723.94070000004
4642000,2329.7282,13765.4974,62108.2391,-515754.2821,-437550.8174,-453646.043
4643000,2333.4315,13824.1094,61861.4509,-514708.7107,-436689.7189,-452847.2598
4644000,2371.7975,13842.2473,61798.58,-515426.021,-437413.3962,-453627.441
4645000,2381.2573,13881.8809,61680.1974,-514953.1337,-437009.7981,-453272.9363
4646000,2340.8052,13757.9674,61715.1314,-515240.7739,-437426.8699,-453525.64249999996
4647000,2370.8113,13759.809,62143.5917,-515289.5979,-437015.3859,-453146.0062
4648000,2362.069,13872.8592,62160.8954,-515812.9484,-437417.1248,-453652.053
4649000,2365.25,13895.6642,62529.6318,-515918.1676,-437127.62159999995,-453388.53579999995
4650000,2329.7067,13792.2477,62197.4266,-515589.048,-437269.667,-453391.6214
4651000,2343.8283,13779.6196,62049.1472,-515808.1459,-437635.55079999997,-453758.9987
4652000,2364.1374,13820.4653,61487.3441,-515112.615,-437440.66819999996,-453625.2709
4653000,2365.0214,13803.9505,62079.7404,-515907.371,-437658.65869999997,-453827.6306
4654000,2326.2206,13745.4743,62423.5853,-516420.3565,-437925.0763,-453996.7712
4655000,2373.7368,13811.677,61909.403,-515421.2814,-437326.46459999995,-453511.8784
4656000,2340.3625,13852.8776,62575.5652,-516901.2166,-438132.4113,-454325.6514
4657000,2360.4306,13808.0156,61737.2332,-515292.397,-437386.7176,-453555.1638
4658000,2323.6093,13857.604,61753.3957,-515296.7425,-437362.1335,-453543.3468
4659000,2356.692,13886.3823,62154.3274,-516043.067,-437645.6653,-453888.7396
4660000,2332.0505,13718.9951,61985.2849,-515152.328,-437115.9975,-453167.0431
4661000,2364.2576,13755.4567,62576.4339,-516530.5664,-437834.4182,-453954.1325
4662000,2335.6835,13741.2408,62001.8478,-515374.4591,-437295.687,-453372.6113
4663000,2350.4775,13831.4781,61983.6081,-515906.8849,-437741.3212,-453923.2768
4664000,2357.6357,13823.0234,62464.9048,-516651.2534,-438005.6895,-454186.34859999997
4665000,2371.7683,13754.5015,62091.0371,-515525.2432,-437307.93630000006,-453434.2061
4666000,2372.2359,13741.4707,61642.1037,-515364.0588,-437608.2485,-453721.9551
4667000,2336.214,13710.1852,61827.0697,-515080.6483,-437207.1794,-453253.5786
4668000,2336.8522,13800.5114,62216.6814,-515809.7017,-437455.6567,-453593.0203
4669000,2366.4008,13744.881,61818.7936,-514883.6516,-436953.5762,-453064.858
4670000,2368.4157,13597.5432,62315.1717,-515803.0711,-437521.9405,-453487.8994
4671000,2346.7784,13705.4976,61803.846,-514981.866,-437125.74399999995,-453178.01999999996
4672000,2376.7298,13660.3982,61581.1644,-514669.4292,-437051.1368,-453088.2648
4673000,2365.1521,13794.0817,61272.7317,-514591.8235,-437159.858,-453319.0918
4674000,2355.7663,13765.5245,62062.7757,-515096.2755,-436912.209,-453033.4998
4675000,2353.0312,13673.0092,61757.0798,-515179.6442,-437396.524,-453422.5644
4676000,2371.7583,13873.5531,62096.4137,-515571.9702,-437230.2451,-453475.5565
4677000,2346.7501,13751.522,62034.1722,-516025.307,-437892.86269999994,-453991.1348
4678000,2316.9138,13731.8462,62311.9827,-516321.536,-437960.7933,-454009.5533
4679000,2321.0915,13813.2056,62112.8063,-516205.1366,-437958.03320000006,-454092.33030000003
4680000,2366.2081,13796.6037,62331.3518,-515984.9635,-437490.7999,-453653.6117
4681000,2346.5468,13620.8158,62038.8152,-515222.9959,-437216.8181,-453184.18069999997
4682000,2328.8448,13823.8922,62063.1939,-516268.8013,-438052.8704,-454205.6074
4683000,2326.4498,13755.4981,62139.3864,-515611.4448,-437390.1105,-453472.0584
4684000,2384.5062,13797.1104,61538.5655,-514721.9823,-437001.8002,-453183.4168
4685000,2399.963,13825.0581,61966.2652,-515115.6431,-436924.35679999995,-453149.37789999996
4686000,2360.8234,13866.4683,61676.8208,-515230.5703,-437326.45780000003,-453553.74950000003
4687000,2369.7184,13763.0081,61963.3558,-515949.4138,-437853.3315,-453986.05799999996
4688000,2383.7458,13747.1433,61830.3621,-516008.9208,-438047.6696,-454178.55870000005
4689000,2348.5244,13816.9276,62144.3853,-515696.9639,-437387.12659999996,-453552.57859999995
4690000,2383.903,13797.1205,62718.4508,-516512.1604,-437612.6861,-453793.7096
4691000,2356.0555,13751.1148,61755.0139,-515866.824,-438004.6398,-454111.8101
4692000,2359.2188,13905.8087,61786.2593,-514927.1862,-436875.8994,-453140.9269
4693000,2355.742,13812.2164,62203.3817,-515445.6292,-437074.28910000005,-453242.24750000006
4694000,2329.5699,13781.919,62669.2974,-516649.4806,-437868.6943,-453980.1832
4695000,2351.6512,13689.1457,62052.3583,-515712.63,-437619.4748,-453660.2717
4696000,2401.4435,13789.8923,61818.9429,-515766.7524,-437756.4737,-453947.8095
4697000,2357.8429,13858.0083,61612.0427,-515643.6113,-437815.71739999996,-454031.5686
4698000,2367.7383,13775.9392,62366.6667,-516277.529,-437767.1848,-453910.8623
4699000,2322.8061,13820.4437,62738.9353,-516636.4005,-437754.2154,-453897.4652
4700000,2363.0782,13811.2122,62913.5238,-516917.8031,-437829.9889,-454004.2793
4701000,2365.9033,13747.6167,61814.7199,-516144.0531,-438215.81320000003,-454329.3332
4702000,2374.9098,13762.0614,62500.9051,-516390.2993,-437752.423,-453889.3942
4703000,2366.0795,13731.6724,62427.3868,-516100.0704,-437574.9317,-453672.68360000005
4704000,2353.9537,13728.7801,61438.4887,-514544.8144,-437023.5919,-453106.3257
4705000,2348.8476,13675.5079,62198.1111,-516342.1437,-438119.67710000003,-454144.03260000004
4706000,2340.772,13798.6177,62701.5458,-517611.9027,-438770.96719999996,-454910.35689999996
4707000,2387.2596,13762.3483,62023.3663,-516310.4082,-438137.434,-454287.0419
4708000,2367.0346,13740.4221,61935.8195,-515781.3571,-437738.08090000006,-453845.53760000004
4709000,2329.4621,13814.9092,62054.1565,-515095.9197,-436897.39190000005,-453041.76320000004
4710000,2331.2729,13710.8551,62245.1583,-515034.8143,-436747.52800000005,-452789.656
4711000,2391.0104,13720.4661,61702.7245,-514948.9172,-437134.7162,-453246.1927
4712000,2373.2909,13778.8958,61950.6691,-515165.9373,-437063.0815,-453215.2682
4713000,2333.2904,13719.7726,61961.0025,-515327.8165,-437313.75100000005,-453366.814
4714000,2340.7631,13706.5135,62278.8222,-515363.1926,-437037.09380000003,-453084.3704
4715000,2368.8422,13707.9904,62689.7716,-516334.3266,-437567.72239999997,-453644.555
4716000,2368.2183,13807.2623,62203.7523,-516238.1575,-437858.92459999997,-454034.4052
4717000,2361.1849,13842.8623,61575.9936,-514616.1507,-436836.1099,-453040.1571
4718000,2347.1988,13730.3867,62189.9806,-516037.1666,-437769.6005,-453847.186
4719000,2366.309,13832.2378,61847.5253,-515468.3092,-437422.2371,-453620.78390000004
4720000,2330.9039,13665.3861,61994.471,-515826.9518,-437836.1908,-453832.48079999996
4721000,2388.3343,13808.7443,61202.374,-514638.9612,-437239.5086,-453436.5872
4722000,2379.7092,13838.8881,61939.3172,-515761.3627,-437603.4482,-453822.0455
4723000,2345.5762,13707.4995,62293.8542,-516460.8512,-438113.9213,-454166.997
4724000,2354.4892,13745.7818,62214.5078,-516375.3048,-438060.52599999995,-454160.79699999996
4725000,2355.281,13757.0526,61753.2851,-515530.9712,-437665.35250000004,-453777.68610000005
4726000,2348.2211,13726.2942,61553.6631,-514786.1639,-437157.98549999995,-453232.5008
4727000,2356.1187,13776.8205,61291.5988,-514777.3005,-437352.7625,-453485.70170000003
4728000,2362.4469,13794.3451,61897.6379,-515876.0694,-437821.6395,-453978.43149999995
4729000,2328.4341,13724.1654,61993.9993,-515543.2727,-437496.67389999994,-453549.27339999995
4730000,2342.7319,13741.9387,62230.8849,-516580.5482,-438264.9927,-454349.6633
4731000,2335.6325,13641.2577,62060.7916,-516368.2048,-438330.52300000004,-454307.4132
4732000,2359.1377,13705.7652,62709.56,-516880.5914,-438106.1285,-454171.0314
4733000,2373.8592,13820.1315,62244.7687,-515944.1227,-437505.3633,-453699.354
4734000,2356.3339,13734.902,62395.5377,-515920.1078,-437433.3342,-453524.5701
4735000,2333.3508,13764.1877,62714.3835,-516430.7746,-437618.8526,-453716.3911
4736000,2338.7174,13728.1085,62029.7873,-515477.6022,-437380.989,-453447.8149
4737000,2342.0397,13754.6917,61978.8451,-515567.9866,-437492.4101,-453589.1415
4738000,2338.7902,13731.9579,62054.9092,-515936.3453,-437810.68799999997,-453881.4361
4739000,2403.7958,13749.2045,62499.5946,-516217.7758,-437565.18090000004,-453718.1812
4740000,2345.761,13759.8407,62298.7605,-515991.9157,-437587.55350000004,-453693.15520000004
4741000,2371.3312,13767.6838,62338.9427,-516290.9097,-437812.95200000005,-453951.967
4742000,2363.2521,13684.3356,62124.7059,-515422.6493,-437250.35569999996,-453297.9434
4743000,2369.1696,13692.9232,61940.1908,-515961.1916,-437958.90800000005,-454021.00080000004
4744000,2346.663,13709.2987,62639.615,-516191.4214,-437495.8447,-453551.8064
4745000,2365.1699,13759.8221,62056.9046,-515776.7846,-437594.88800000004,-453719.88
4746000,2360.1211,13719.2426,62224.9895,-515544.5724,-437240.2192,-453319.5829
4747000,2341.9808,13791.8542,61526.7952,-514640.2059,-436979.5757,-453113.4107
4748000,2337.1929,13726.4125,62312.0347,-515358.9622,-436983.3221,-453046.9275
4749000,2357.2921,13741.3255,62288.5952,-515485.568,-437098.3552,-453196.97280000005
4750000,2380.5232,13772.3257,62100.7411,-515744.5108,-437490.92079999996,-453643.7697
4751000,2366.0302,13777.4055,62388.5831,-517229.6505,-438697.63169999997,-454841.0674
4752000,2331.4436,13795.0453,61680.6092,-515501.1743,-437694.0762,-453820.5651
4753000,2379.0124,13690.785,61861.9853,-515322.4761,-437390.69340000005,-453460.4908
4754000,2326.1617,13756.375,61947.4195,-515750.2025,-437720.2463,-453802.783
4755000,2324.8394,13750.458,62662.0398,-516589.205,-437851.8678,-453927.16520000005
4756000,2341.6636,13742.9594,61741.259,-514986.7961,-437160.9141,-453245.53709999996
4757000,2370.9965,13814.603,62225.9872,-515719.5749,-437307.9882,-453493.58770000003
4758000,2338.6572,13822.9695,61701.8852,-515830.6108,-437967.09890000004,-454128.7256
4759000,2385.1842,13790.981,61944.804,-515282.8797,-437161.9105,-453338.0757
4760000,2392.2968,13838.5385,62292.5056,-516329.7705,-437806.4296,-454037.2649
4761000,2332.6335,13851.3335,62231.2109,-515699.8593,-437284.6814,-453468.6484
4762000,2346.2254,13790.5688,61839.7407,-515378.3027,-437401.76780000003,-453538.562
4763000,2357.3638,13743.5139,62027.3525,-515395.1794,-437266.94920000003,-453367.82690000004
4764000,2350.5985,13666.1413,61945.8429,-515504.4113,-437541.8286,-453558.5684
4765000,2368.0697,13810.114,62545.5435,-516255.149,-437531.4218,-453709.60549999995
4766000,2347.5253,13706.2475,62743.7638,-517163.6837,-438366.1471,-454419.9199
4767000,2371.454,13797.491,61941.6332,-515821.2023,-437710.6241,-453879.5691
4768000,2370.0741,13730.0308,62266.2099,-516190.8174,-437824.5026,-453924.6075
4769000,2327.883,13729.8139,62299.1095,-515698.1963,-437341.3899,-453399.0868
4770000,2349.8714,13695.1315,62151.0307,-516625.7609,-438429.7273,-454474.7302
4771000,2312.4136,13735.5825,61639.0564,-514578.5313,-436891.4788,-452939.4749
4772000,2345.1614,13833.6554,61703.6011,-515465.0746,-437582.6567,-453761.47349999996
4773000,2343.5666,13747.645,61854.7779,-515469.2416,-437523.25210000004,-453614.4637
4774000,2353.6809,13727.003,62208.6168,-515710.6796,-437421.37889999995,-453502.06279999996
4775000,2350.4889,13777.4702,62164.0955,-516651.9557,-438359.9011,-454487.8602
4776000,2348.2195,13719.6747,62299.7598,-515289.2941,-436921.6401,-452989.5343
4777000,2346.5938,13738.5372,62267.2233,-515717.402,-437365.0477,-453450.1787
4778000,2349.0893,13761.7293,62318.7865,-515545.8235,-437116.2184,-453227.037
4779000,2341.5215,13787.4891,61121.1971,-514263.3028,-437013.09510000004,-453142.1057
4780000,2341.1354,13732.1082,62534.9977,-516026.2665,-437418.02520000003,-453491.2688
4781000,2340.7203,13728.6853,61793.6147,-515242.8812,-437379.86089999997,-453449.2665
4782000,2369.0431,13833.0148,62144.2007,-515924.0958,-437577.8372,-453779.8951
4783000,2385.452,13656.3941,62839.1451,-516631.5542,-437750.563,-453792.4091
4784000,2350.7711,13682.9942,62235.614,-516042.972,-437773.59270000004,-453807.358
4785000,2331.9383,13789.1609,62071.7178,-515788.1408,-437595.3238,-453716.423
4786000,2353.6068,13749.3704,62180.8443,-516484.0966,-438200.27509999997,-454303.2523
4787000,2350.0107,13682.6071,62328.7912,-515987.2994,-437625.89040000003,-453658.50820000004
4788000,2377.6861,13766.5729,61456.3186,-514900.8223,-437300.24470000004,-453444.5037
4789000,2353.5023,13788.3369,62238.4968,-516013.1158,-437632.7798,-453774.619
4790000,2355.8485,13885.2897,62281.9144,-516538.9894,-438015.9368,-454257.075
4791000,2380.995,13754.5797,62071.1057,-516021.3512,-437814.67079999996,-453950.24549999996
4792000,2342.7991,13780.036,61945.2545,-515884.657,-437816.5674,-453939.4025
4793000,2351.8872,13758.2143,62565.2434,-517117.6583,-438442.3134,-454552.41490000003
4794000,2358.8159,13814.1937,62083.7506,-515714.8981,-437458.1379,-453631.14749999996
4795000,2353.8649,13781.9808,62659.8212,-516311.5505,-437515.8836,-453651.7293
4796000,2371.7572,13710.3583,61952.034,-515300.5654,-437266.4159,-453348.53140000004
4797000,2382.9831,13776.0961,62561.3689,-516199.9735,-437479.52540000004,-453638.6046
4798000,2352.719,13746.5443,61804.1192,-515901.0826,-437997.7001,-454096.9634
4799000,2390.8613,13801.0025,62258.7409,-516021.6598,-437571.0551,-453762.91890000005
4800000,2329.5628,13675.8442,61728.7293,-515019.5324,-437285.3961,-453290.8031
4801000,2328.4818,13764.2658,61946.7067,-515601.9828,-437562.5285,-453655.2761
4802000,2331.4104,13741.3358,61617.8223,-515279.5518,-437588.9833,-453661.7295
4803000,2383.2448,13839.25,62067.7111,-515576.0256,-437285.8197,-453508.3145
4804000,2335.3242,13655.931,62214.6633,-516246.992,-438041.07350000006,-454032.3287
4805000,2365.125,13828.9587,62638.4983,-516407.2453,-437574.6633,-453768.74700000003
4806000,2318.429,13742.0734,62109.1328,-516267.1224,-438097.4872,-454157.9896
4807000,2349.5176,13767.7231,62149.545,-515816.1304,-437549.3447,-453666.58540000004
4808000,2356.4669,13707.1293,62392.9755,-515954.3436,-437497.77190000005,-453561.3681
4809000,2381.51,13784.7029,61774.0122,-515120.6385,-437180.4134,-453346.6263
4810000,2344.1168,13646.1466,62276.6748,-516127.6859,-437860.74769999995,-453851.0111
4811000,2357.5191,13858.9586,62446.643,-516053.4007,-437390.28,-453606.7577
4812000,2375.1637,13790.4669,61819.1562,-515396.9167,-437412.1299,-453577.7605
4813000,2333.0099,13761.3946,61460.5953,-515196.2847,-437641.2849,-453735.68940000003
4814000,2333.4852,13679.2877,61526.1385,-514795.3571,-437256.44570000004,-453269.2186
4815000,2332.3566,13784.8837,62223.6911,-515654.4187,-437313.4873,-453430.7276
4816000,2328.5774,13656.2789,61937.405,-515402.5763,-437480.315,-453465.17130000005
4817000,2357.2533,13746.5225,62633.7046,-516203.2821,-437465.8017,-453569.5775
4818000,2368.9578,13807.2417,62458.5239,-516125.8263,-437491.1029,-453667.30240000004
4819000,2320.0662,13647.3331,62058.9715,-515882.6973,-437856.32649999997,-453823.7258
4820000,2338.8091,13772.7968,62046.6521,-515983.1447,-437824.88670000003,-453936.4926
4821000,2414.3681,13834.7935,62062.9472,-515548.0192,-437235.9104,-453485.072
4822000,2346.988,13757.031,62106.9824,-515811.2431,-437600.2417,-453704.26070000004
4823000,2354.5333,13795.4199,62425.1481,-516182.5588,-437607.4575,-453757.4107
4824000,2355.2752,13672.0599,62796.9661,-517252.3008,-438427.99960000004,-454455.3347
4825000,2381.3768,13767.6829,62187.8548,-515982.9609,-437646.0464,-453795.1061
4826000,2375.3235,13861.0591,62128.1523,-516196.873,-437832.33810000005,-454068.7207
4827000,2358.8397,13746.7137,62075.9595,-516067.4799,-437885.96699999995,-453991.5204
4828000,2335.1407,13736.8526,61628.9028,-514634.4874,-436933.5913,-453005.5846
4829000,2371.633,13849.9692,62212.5876,-515720.5547,-437286.3649,-453507.9671
4830000,2355.8397,13725.9639,61963.9437,-515234.5222,-437188.7749,-453270.5785
4831000,2344.0419,13686.6585,62282.2004,-515435.0728,-437122.172,-453152.8724
4832000,2338.332,13840.7609,62090.7061,-516335.7068,-438065.9078,-454245.0007
4833000,2364.1155,13834.0862,62152.6105,-516415.3091,-438064.4969,-454262.6986
4834000,2339.9807,13807.361,62191.3277,-515839.4544,-437500.785,-453648.12669999996
4835000,2351.0922,13707.7317,62404.1911,-516008.0863,-437545.0713,-453603.8952
4836000,2353.1894,13781.0689,62140.1108,-515856.9702,-437582.60109999997,-453716.85939999996
4837000,2346.2836,13736.4853,61968.3212,-515585.4391,-437534.34900000005,-453617.1179
4838000,2337.3183,13727.0413,62239.2979,-515594.38,-437290.72250000003,-453355.0821
4839000,2394.6592,13738.1269,62206.2019,-516056.0828,-437717.09479999996,-453849.8809
4840000,2361.0272,13759.3198,61652.8641,-514752.467,-436979.2559,-453099.6029
4841000,2377.9974,13690.9217,61699.6795,-515267.9663,-437499.36769999994,-453568.2868
4842000,2377.2291,13766.8031,61590.0327,-514918.8661,-437184.8012,-453328.8334
4843000,2362.6911,13708.1021,62186.213,-515717.4009,-437460.3947,-453531.1879
4844000,2375.3884,13787.0527,62902.2345,-516865.1167,-437800.4411,-453962.8822
4845000,2331.3308,13733.1379,61975.4674,-515570.1781,-437530.242,-453594.7107
4846000,2339.5297,13651.4502,61985.4028,-516241.4287,-438265.046,-454256.0259
4847000,2333.3167,13738.0366,62407.8785,-516138.8653,-437659.6335,-453730.9868
4848000,2378.9658,13824.077,62134.2572,-515850.0511,-437512.7511,-453715.7939
4849000,2333.8802,13733.8781,61674.925,-515249.6157,-437506.93240000005,-453574.69070000004
4850000,2364.8604,13637.0456,62044.3806,-515617.1051,-437570.8185,-453572.7245
4851000,2337.5208,13737.9195,62394.4009,-515927.3785,-437457.53729999997,-453532.9776
4852000,2373.034,13835.7563,62291.5474,-516189.2458,-437688.9081,-453897.6984
4853000,2355.4559,13795.6422,61902.2663,-515462.9126,-437409.54819999996,-453560.64629999996
4854000,2339.5609,13770.1547,61441.8222,-514471.0566,-436919.5188,-453029.2344
4855000,2364.0291,13862.5931,61889.2129,-515321.681,-437205.84589999996,-453432.4681
4856000,2335.6186,13760.6562,62276.3089,-515719.4739,-437346.89019999997,-453443.165
4857000,2358.1621,13812.7584,61951.4577,-515307.2055,-437184.8273,-453355.7478
4858000,2390.156,13750.8891,61754.9002,-515450.7909,-437554.8456,-453695.89070000005
4859000,2311.833,13763.7958,62256.9996,-515940.3935,-437607.7651,-453683.3939
4860000,2350.8614,13653.1363,62920.0635,-516793.7253,-437869.6641,-453873.6618
4861000,2326.5729,13767.4126,62377.877,-515649.1979,-437177.33540000004,-453271.32090000005
4862000,2354.5434,13681.9811,61892.138,-515228.7043,-437300.0418,-453336.5663
4863000,2374.6938,13717.9483,61989.1714,-515756.6792,-437674.8657,-453767.5078
4864000,2373.5133,13824.84,62130.1871,-515527.6937,-437199.1533,-453397.5066
4865000,2360.4571,13678.5197,61963.03,-515418.4361,-437416.42929999996,-453455.4061
4866000,2367.5564,13740.3052,61758.4133,-515405.7652,-437539.4903,-453647.3519
4867000,2350.2474,13629.7902,61874.8379,-515119.6471,-437264.7716,-453244.8092
4868000,2339.0246,13746.5305,61675.1816,-515389.1312,-437628.3945,-453713.9496
4869000,2338.2149,13719.1582,61481.553,-515054.7863,-437515.8602,-453573.23329999996
4870000,2347.135,13788.359,61795.9905,-515275.481,-437343.9965,-453479.4905
4871000,2370.4282,13831.8261,61976.2527,-515298.7287,-437120.2217,-453322.47599999997
4872000,2349.732,13753.5894,62489.8747,-516516.2546,-437923.0585,-454026.3799
4873000,2362.8093,13750.5043,61867.159,-515731.506,-437751.03339999996,-453864.347
4874000,2315.3901,13681.3079,62566.2554,-516120.3062,-437557.3528,-453554.05079999997
4875000,2351.4355,13754.488,62095.4888,-515421.9341,-437220.5218,-453326.4453
4876000,2325.261,13827.6292,62191.74,-515943.4503,-437598.8201,-453751.71030000004
4877000,2353.3584,13801.1513,62086.4451,-515959.7359,-437718.7811,-453873.2908
4878000,2361.4539,13688.5757,61997.9033,-515391.2262,-437343.29329999996,-453393.32289999997
4879000,2385.9832,13747.2517,62195.1612,-516699.8199,-438371.4238,-454504.6587
4880000,2337.1758,13678.335,62256.9648,-516136.333,-437863.8574,-453879.36819999997
4881000,2343.6945,13721.0207,62268.2398,-515918.8795,-437585.92449999996,-453650.6397
4882000,2332.1904,13759.5004,62420.2594,-516493.3527,-437981.40249999997,-454073.0933
4883000,2366.3145,13840.4121,62551.7323,-516195.7272,-437437.2683,-453643.99490000005
4884000,2348.0568,13837.3454,62281.3336,-515572.1633,-437105.4275,-453290.8297
4885000,2330.9995,13768.4836,62260.6329,-515189.5137,-436829.39770000003,-452928.88080000004
4886000,2329.8124,13607.8693,62200.0832,-515658.1397,-437520.3748,-453458.0565
4887000,2338.7291,13819.3288,61908.3294,-515446.0866,-437379.6993,-453537.7572
4888000,2319.0674,13563.5119,61907.5112,-515247.3926,-437457.30210000003,-453339.8814
4889000,2365.0928,13701.4079,62799.604,-516775.2619,-437909.1572,-453975.6579
4890000,2344.3368,13730.9098,61955.3623,-515801.8993,-437771.2904,-453846.537
4891000,2351.2709,13853.2769,62094.7601,-516375.4381,-438076.1302,-454280.678
4892000,2363.4546,13807.8341,61823.074,-515622.2374,-437627.8747,-453799.16339999996
4893000,2351.2575,13755.6827,62128.7081,-515438.7413,-437203.093,-453310.0332
4894000,2364.6666,13780.9954,62008.1543,-515509.4929,-437355.6766,-453501.3386
4895000,2346.8539,13731.7917,61990.8297,-516223.1078,-438153.6325,-454232.2781
4896000,2310.6848,13689.8667,61957.3498,-514817.7523,-436859.851,-452860.40249999997
4897000,2341.4031,13758.1953,62464.0679,-516348.781,-437785.11470000003,-453884.7131
4898000,2321.8003,13623.0748,62353.6033,-514936.102,-436637.6236,-452582.4987
4899000,2331.983,13843.4572,62080.8052,-515352.0166,-437095.77119999996,-453271.2114
4900000,2338.6881,13686.8673,61680.0286,-515294.8146,-437589.2306,-453614.78599999996
4901000,2344.9552,13666.709,61682.0434,-514924.377,-437230.66939999996,-453242.33359999995
4902000,2321.6653,13721.0275,61822.9501,-515210.1696,-437344.52670000005,-453387.2195
4903000,2357.2804,13849.5159,61731.1316,-515499.2444,-437561.3165,-453768.1128
4904000,2372.419,13746.8789,61759.1225,-515453.881,-437575.4606,-453694.7585
4905000,2355.7353,13680.5186,61804.7813,-514997.569,-437156.53380000003,-453192.7877
4906000,2340.1575,13763.7893,62128.6456,-515945.4432,-437712.85079999996,-453816.7976
4907000,2364.9831,13817.7166,62267.7262,-515716.1449,-437265.71900000004,-453448.41870000004
4908000,2343.069,13766.0994,62123.611,-515620.1073,-437387.3279,-453496.4963
4909000,2333.8138,13771.7302,62420.5076,-516049.5015,-437523.4499,-453628.9939
4910000,2323.9601,13763.8233,62755.156,-516971.0292,-438128.08979999996,-454215.8732
4911000,2346.1681,13791.3266,61718.4747,-515473.8742,-437617.9048,-453755.3995
4912000,2350.6507,13734.1399,62103.8129,-515461.2078,-437272.6043,-453357.39489999996
4913000,2376.3229,13721.6617,61789.0217,-515643.1057,-437756.0994,-453854.08400000003
4914000,2358.0978,13662.647,62037.4888,-516230.425,-438172.1914,-454192.9362
4915000,2343.3799,13766.3141,62405.5795,-515916.5686,-437401.2951,-453510.9891
4916000,2333.4806,13742.7476,61998.4996,-516144.638,-438069.9102,-454146.1384
4917000,2356.1525,13754.6569,62194.9929,-515610.8953,-437305.093,-453415.90239999996
4918000,2377.524,13743.5413,62598.1268,-516587.7412,-437868.5491,-453989.61439999996
4919000,2306.7068,13644.3622,62103.5209,-516023.0157,-437968.42579999997,-453919.4948
4920000,2321.2315,13797.2178,61889.1492,-515544.0631,-437536.46460000006,-453654.91390000004
4921000,2343.0024,13680.2376,62265.5479,-515651.1943,-437362.4064,-453385.64639999997
4922000,2356.6448,13706.9226,61836.1962,-514987.2755,-437087.5119,-453151.0793
4923000,2341.7051,13681.6439,62014.0806,-515407.7426,-437370.31299999997,-453393.662
4924000,2347.9334,13708.1933,62006.1005,-515966.2468,-437904.0196,-453960.1463
4925000,2336.2956,13669.5645,61849.3708,-515085.5649,-437230.33400000003,-453236.1941
4926000,2368.9044,13739.878,61583.8543,-515384.6434,-437692.0067,-453800.7891
4927000,2355.3791,13852.8522,61587.6723,-515680.4022,-437884.49860000005,-454092.72990000003
4928000,2376.8681,13790.1287,62080.0083,-515919.8887,-437672.8836,-453839.8804
4929000,2331.3394,13698.2642,62387.5695,-515938.7134,-437521.5403,-453551.1439
4930000,2342.0245,13675.9188,61755.0714,-515281.9799,-437508.9652,-453526.90849999996
4931000,2350.1303,13714.3152,62086.3895,-515382.1001,-437231.26509999996,-453295.7106
4932000,2342.7636,13830.6172,62124.1811,-515930.9586,-437633.39670000004,-453806.7775
4933000,2350.8382,13680.3304,61978.1423,-515093.0557,-437083.74480000004,-453114.9134
4934000,2327.8279,13681.3842,62180.8179,-515736.4218,-437546.3918,-453555.6039
4935000,2347.5268,13712.2998,61922.7843,-515192.9982,-437210.38729999994,-453270.2139
4936000,2336.1428,13735.0614,61909.6796,-515703.1209,-437722.23709999997,-453793.44129999995
4937000,2360.2928,13763.8248,61871.0771,-515464.2962,-437469.1015,-453593.2191
4938000,2359.2148,13765.8147,62240.6734,-515933.9695,-437568.2666,-453693.29610000004
4939000,2321.2202,13752.5575,62412.8842,-515789.2973,-437302.63539999997,-453376.4131
4940000,2362.5415,13695.4122,62091.6755,-515735.7606,-437586.13139999995,-453644.08509999997
4941000,2359.8785,13662.2189,61709.8406,-515626.5363,-437894.59829999995,-453916.6957
4942000,2312.7927,13727.2798,61765.462,-515249.1234,-437443.5889,-453483.6614
4943000,2343.5911,13709.2803,62209.5149,-516229.9575,-437967.5712,-454020.4426
4944000,2384.7388,13737.9791,62131.2005,-515923.264,-437669.3456,-453792.06350000005
4945000,2338.9472,13787.3249,62064.8924,-515561.1709,-437370.0064,-453496.2785
4946000,2392.4316,13666.0606,62146.2312,-515477.7442,-437273.0208,-453331.51300000004
4947000,2332.8896,13756.3768,61753.9778,-515582.7117,-437739.46749999997,-453828.7339
4948000,2353.8979,13760.0223,61619.3472,-514848.194,-437114.9266,-453228.8468
4949000,2353.5471,13739.5047,62447.7852,-516454.4284,-437913.5914,-454006.6432
4950000,2340.918,13722.42,62460.0317,-516620.2206,-438096.8509,-454160.1889
4951000,2355.6127,13817.9627,61812.9459,-515577.5421,-437591.02080000006,-453764.5962
4952000,2364.2585,13716.4787,62774.2785,-516409.3322,-437554.3165,-453635.0537
4953000,2349.2387,13881.8655,62022.263,-515156.6749,-436903.3077,-453134.4119
4954000,2361.2645,13800.3836,61880.5166,-515750.2224,-437708.0577,-453869.7058
4955000,2355.0572,13806.1901,61863.2917,-515150.6286,-437126.0896,-453287.3369
4956000,2360.817,13789.1923,61813.1454,-514816.0548,-436852.90009999997,-453002.9094
4957000,2338.6907,13725.654,61373.3886,-514684.1801,-437246.44680000003,-453310.7915
4958000,2355.5992,13723.6499,62348.4365,-515939.3307,-437511.64509999997,-453590.8942
4959000,2377.1901,13762.9604,62644.1774,-516193.8527,-437409.5248,-453549.6753
4960000,2377.9949,13763.045,61914.1702,-515536.0134,-437480.8033,-453621.8432
4961000,2373.7336,13731.5762,62112.5368,-516068.4182,-437850.5716,-453955.8814
4962000,2371.2202,13756.8111,62110.5022,-515341.1309,-437102.59739999997,-453230.6287
4963000,2373.2168,13633.3082,61981.7729,-515750.5304,-437762.2325,-453768.7575
4964000,2349.0568,13660.5558,61607.5749,-515078.7833,-437461.5958,-453471.2084
4965000,2339.8951,13732.9906,61973.8959,-515070.0561,-437023.2745,-453096.1602
4966000,2357.7643,13668.3411,62829.0906,-516844.1453,-437988.9493,-454015.0547
4967000,2364.315,13769.2847,61285.9641,-514925.4019,-437505.8381,-453639.4378
4968000,2359.6148,13716.7602,62167.4599,-516391.3683,-438147.53339999996,-454223.90839999996
4969000,2356.9683,13705.9832,62326.4251,-515921.0249,-437531.6483,-453594.5998
4970000,2347.7958,13694.9693,62043.1866,-515681.2457,-437595.294,-453638.0591
4971000,2363.6123,13747.8674,62344.3775,-515818.736,-437362.87879999995,-453474.3585
4972000,2344.4898,13694.737,62346.0212,-516417.1016,-438031.8536,-454071.0804
4973000,2343.0296,13728.8804,62057.5851,-515596.5059,-437467.0108,-453538.92079999996
4974000,2346.5682,13857.2949,62281.3933,-515412.0437,-436926.78729999997,-453130.6504
4975000,2359.0284,13637.2199,61847.3403,-515144.479,-437300.8904,-453297.1387
4976000,2301.9439,13683.4628,62432.4479,-516125.1296,-437707.275,-453692.68169999996
4977000,2363.5591,13662.8103,61836.9005,-514979.0787,-437115.8088,-453142.1782
4978000,2379.4433,13705.9598,62066.0905,-515480.2226,-437328.729,-453414.1321
4979000,2340.3459,13696.696,62154.7082,-516147.8558,-437956.1057,-453993.1476
4980000,2355.5343,13768.7581,62431.9524,-516065.786,-437509.54120000004,-453633.8336
4981000,2333.6001,13687.554,62061.8448,-515156.4925,-437073.4936,-453094.6477
4982000,2362.6962,13720.6403,61577.9255,-514891.4192,-437230.1572,-453313.4937
4983000,2341.4158,13692.3671,62313.4743,-515685.4968,-437338.23960000003,-453372.0225
4984000,2385.3839,13677.0143,62440.484,-516470.1342,-437967.252,-454029.6502
4985000,2315.5568,13740.7022,62303.1665,-515812.9853,-437453.5598,-453509.8188
4986000,2345.0165,13691.6312,61086.2171,-514056.9567,-436934.0919,-452970.7396
4987000,2363.9536,13757.9677,62343.4647,-516123.2513,-437657.8653,-453779.7866
4988000,2357.1268,13668.4553,62140.9031,-516013.9794,-437847.4942,-453873.0763
4989000,2347.6109,13696.5241,62250.1919,-516155.218,-437860.8911,-453905.0261
4990000,2366.4486,13642.5541,61978.4964,-515125.082,-437137.5829,-453146.5856
4991000,2362.5836,13715.6217,62043.1623,-515863.8311,-437742.4635,-453820.6688
4992000,2325.1297,13709.1904,62152.6794,-516274.2071,-438087.20759999997,-454121.5277
4993000,2341.5321,13729.6575,62264.9851,-515612.7344,-437276.5597,-453347.7493
4994000,2340.8976,13696.9111,62176.3273,-514865.9445,-436651.8085,-452689.6172
4995000,2357.2014,13866.2563,62042.45,-515454.6103,-437188.7026,-453412.1603
4996000,2362.8998,13633.4373,62088.2894,-515665.9032,-437581.2767,-453577.6138
4997000,2348.1092,13694.8795,61951.3528,-515282.296,-437287.9545,-453330.9432
4998000,2327.6441,13667.2625,62082.8617,-515378.8199,-437301.0516,-453295.9582
4999000,2326.9699,13710.9465,61621.1143,-514908.4511,-437249.4204,-453287.3368
5000000,2381.4529,13810.2307,62381.471,-515761.9508,-437188.7962,-453380.4798
5001000,2319.5683,13650.5608,62432.8683,-515872.2856,-437469.2882,-453439.4173
5002000,2346.8396,13631.6286,62157.307,-515179.2307,-437043.45550000004,-453021.92370000004
5003000,2364.5692,13744.0847,62272.9261,-515712.016,-437330.436,-453439.0899
5004000,2327.4814,13722.8034,61982.8281,-515436.1401,-437403.0272,-453453.31200000003
5005000,2364.7298,13656.1809,62306.5862,-515772.0876,-437444.59070000006,-453465.5014
5006000,2348.4035,13732.2298,62010.0164,-515012.5956,-436921.9459,-453002.5792
5007000,2377.2743,13701.3442,61964.8248,-514938.7195,-436895.2762,-452973.8947
5008000,2338.2062,13634.4129,61379.4902,-515241.0803,-437888.97099999996,-453861.5901
5009000,2367.7069,13758.3051,62658.2834,-517089.3766,-438305.0812,-454431.0932
5010000,2343.6821,13686.5907,62151.5086,-515613.284,-437431.5026,-453461.7754
5011000,2358.967,13827.8707,62111.0571,-515787.7835,-437489.8887,-453676.72640000004
5012000,2348.3232,13780.4704,61819.5475,-515734.0309,-437785.6898,-453914.4834
5013000,2333.7246,13734.722,61801.3368,-515483.1076,-437613.3242,-453681.7708
5014000,2386.7001,13804.9187,62139.943,-515953.7551,-437622.19330000004,-453813.8121
5015000,2369.7764,13805.4554,61958.9233,-516195.8801,-438061.725,-454236.9568
5016000,2324.0735,13724.5858,61811.3579,-514961.3196,-437101.3024,-453149.9617
5017000,2307.6136,13809.9438,62389.4901,-516291.4093,-437784.3618,-453901.9192
5018000,2320.0113,13706.4412,61871.9132,-514903.1618,-437004.79610000004,-453031.2486
5019000,2397.4403,13774.2108,61952.6805,-515400.0906,-437275.75899999996,-453447.4101
5020000,2362.9604,13694.9111,62081.9588,-516111.5862,-437971.7559,-454029.6274
5021000,2323.4913,13691.8288,61820.2047,-515888.9515,-438053.4267,-454068.7468
5022000,2397.7223,13719.2995,62064.1056,-516070.5175,-437889.3901,-454006.4119
5023000,2356.2029,13628.1423,61862.2137,-515885.231,-438038.6721,-454023.0173
5024000,2369.6059,13752.4715,61940.407,-515627.3411,-437564.8567,-453686.9341
5025000,2312.3102,13720.1814,62777.0424,-516210.2573,-437400.7233,-453433.2149
5026000,2364.2235,13831.7774,61980.8637,-515432.8208,-437255.9562,-453451.9571
5027000,2371.2605,13650.4897,61881.2655,-515260.6776,-437357.6619,-453379.4121
5028000,2357.3319,13650.7216,61559.9182,-515186.1654,-437618.1937,-453626.2472
5029000,2345.4979,13676.6392,62003.1487,-515170.273,-437144.9872,-453167.12429999997
5030000,2358.2205,13709.9871,62197.0489,-515955.4024,-437690.1459,-453758.3535
5031000,2362.4986,13718.2477,62033.4156,-515529.4636,-437415.3017,-453496.048
5032000,2338.6753,13701.0213,61778.6459,-515363.4243,-437545.08180000004,-453584.7784
5033000,2338.4639,13695.2072,61921.1054,-515691.0296,-437736.2531,-453769.9242
5034000,2370.9754,13706.589,62130.8101,-515277.9533,-437069.5788,-453147.1432
5035000,2340.9485,13804.3287,62249.3004,-515521.1118,-437126.5342,-453271.8114
5036000,2367.3083,13661.1781,62115.7645,-515498.3282,-437354.0773,-453382.5637
5037000,2342.1963,13643.9493,62130.1904,-515851.8245,-437735.4885,-453721.63409999997
5038000,2359.1048,13739.4046,61583.2278,-515451.6139,-437769.8767,-453868.3861
5039000,2333.0413,13690.1548,61923.7508,-515046.1282,-437099.18129999994,-453122.3774
5040000,2348.4155,13632.6801,61865.1304,-515194.4192,-437348.1932,-453329.2888
5041000,2368.415,13663.0421,61641.5436,-514874.5243,-437201.52359999996,-453232.9807
5042000,2390.857,13703.9835,61892.7145,-514815.6057,-436828.0507,-452922.8912
5043000,2337.3529,13672.3582,62100.3209,-515675.8948,-437565.8628,-453575.5739
5044000,2362.6974,13685.4367,61734.6602,-515143.6516,-437360.8573,-453408.9914
5045000,2361.4038,13676.3898,61968.0643,-516113.2839,-438107.426,-454145.21959999995
5046000,2377.9704,13877.0505,62277.2435,-515886.559,-437354.2946,-453609.3155
5047000,2361.0761,13749.375,61702.151,-515870.0454,-438057.4433,-454167.8944
5048000,2360.2954,13766.2649,61561.0047,-514671.7153,-436984.1503,-453110.7106
5049000,2366.154,13643.2142,61854.4977,-515423.1992,-437559.33329999994,-453568.70149999997
5050000,2358.8031,13692.1884,61824.2026,-514864.3613,-436989.1672,-453040.15869999997
5051000,2354.2259,13740.6955,62495.5237,-516631.8156,-438041.37049999996,-454136.29189999995
5052000,2366.9608,13781.6676,62489.657,-516922.1641,-438283.8787,-454432.5071
5053000,2308.7434,13646.2461,62185.1022,-516055.1281,-437915.0364,-453870.02589999995
5054000,2368.8604,13776.746,62060.4673,-515756.0418,-437549.9681,-453695.5745
5055000,2389.2766,13775.1002,61642.3094,-514906.1614,-437099.4752,-453263.85199999996
5056000,2349.4281,13755.0548,61961.0162,-515644.1358,-437578.6367,-453683.1196
5057000,2359.948,13748.9624,62909.0307,-516847.0285,-437829.0874,-453937.9978
5058000,2355.7468,13789.7301,61682.5612,-514726.6683,-436898.6302,-453044.1071
5059000,2365.8034,13865.5291,62235.6589,-515714.4656,-437247.4742,-453478.8067
5060000,2339.0353,13685.2666,62076.4386,-515274.6462,-437173.9057,-453198.2076
5061000,2376.3948,13743.9303,61805.5131,-515067.11,-437141.2718,-453261.5969
5062000,2346.7111,13737.8615,61817.8842,-515177.7845,-437275.3277,-453359.9003
5063000,2352.4176,13698.4331,61768.4025,-515237.245,-437417.9918,-453468.8425
5064000,2332.8121,13731.405,61945.4838,-515515.5309,-437505.83,-453570.0471
5065000,2357.5245,13726.8896,62004.8699,-515598.4955,-437509.21150000003,-453593.6256
5066000,2364.5346,13754.434,61400.2568,-514605.3268,-437086.1014,-453205.06999999995
5067000,2361.0721,13724.8337,61327.1721,-514465.9094,-437052.8315,-453138.7373
5068000,2327.4644,13815.3053,61964.5341,-515165.6858,-437058.382,-453201.1517
5069000,2377.2424,13794.1512,61839.1068,-515296.1213,-437285.6209,-453457.0145
5070000,2353.9751,13820.3283,61845.4601,-515447.4306,-437427.6671,-453601.97050000005
5071000,2382.3911,13688.8474,61736.9131,-514813.0727,-437004.92110000004,-453076.1596
5072000,2339.4271,13701.672,61694.6717,-515184.4083,-437448.6375,-453489.7366
5073000,2408.6046,13802.4828,62186.8572,-515820.7475,-437422.8029,-453633.89029999997
5074000,2354.6616,13768.1005,62391.5086,-515478.6587,-436964.38800000004,-453087.1501
5075000,2383.6382,13770.8447,62046.5888,-516062.1794,-437861.10770000005,-454015.5906
5076000,2372.3827,13728.4334,62406.7685,-516064.6738,-437557.0892,-453657.9053
5077000,2384.2935,13838.2312,62450.6435,-516443.6902,-437770.522,-453993.0467
5078000,2368.5895,13731.5972,61778.7006,-515510.0051,-437631.1178,-453731.3045
5079000,2324.6738,13680.7316,62070.595,-515781.2167,-437705.2163,-453710.6217
5080000,2344.1462,13790.5212,61565.2552,-515168.9325,-437469.0099,-453603.6773
5081000,2386.4631,13698.4029,61775.0733,-514711.2262,-436851.28689999995,-452936.1529
5082000,2360.2884,13610.0467,61738.5269,-515242.9754,-437534.11340000003,-453504.4485
5083000,2350.7941,13761.1528,61957.5478,-516103.6133,-438034.11860000005,-454146.0655
5084000,2347.3708,13668.4596,61894.1086,-515546.0201,-437636.0811,-453651.91150000005
5085000,2360.5343,13777.0106,62271.3306,-516015.2025,-437606.32700000005,-453743.8719
5086000,2363.1169,13727.8005,62083.4471,-515291.1161,-437116.75159999996,-453207.669
5087000,2298.7107,13711.6878,62312.5359,-515634.5891,-437311.65469999996,-453322.05319999997
5088000,2332.8464,13735.808,62431.9429,-515543.9726,-437043.37529999996,-453112.02969999996
5089000,2357.4586,13871.2997,62178.4144,-515629.9909,-437222.8182,-453451.57649999997
5090000,2341.6656,13787.1668,61963.5789,-515798.9077,-437706.49639999995,-453835.32879999996
5091000,2356.6741,13677.9956,62449.2714,-516227.1372,-437743.1961,-453777.8658
5092000,2340.6199,13729.6662,62236.2671,-515686.3511,-437379.7979,-453450.08400000003
5093000,2382.0992,13756.1157,62584.3403,-516572.1156,-437849.5604,-453987.77530000004
5094000,2355.624,13742.6944,61821.6567,-515135.8772,-437215.9021,-453314.2205
5095000,2374.2498,13825.1184,61654.4352,-514689.4225,-436835.6191,-453034.9873
5096000,2356.7737,13693.9309,62366.9278,-515791.6412,-437374.0088,-453424.7134
5097000,2346.3518,13727.5378,62055.1683,-515952.5414,-437823.4835,-453897.37309999997
5098000,2387.2429,13700.4055,61428.3025,-514845.0146,-437329.0637,-453416.7121
5099000,2368.6538,13675.6446,61580.1462,-515282.2886,-437657.84400000004,-453702.1424
5100000,2363.1054,13844.8788,62419.0738,-515797.9541,-437170.89609999995,-453378.88029999996
5101000,2365.9596,13773.4472,61985.3804,-514825.8382,-436701.051,-452840.4578
5102000,2377.9968,13716.5101,61897.9473,-514852.3577,-436859.9035,-452954.4104
5103000,2368.8679,13876.5095,62001.1784,-515857.194,-437610.63820000004,-453856.01560000004
5104000,2351.2991,13724.5455,61825.7352,-514843.6494,-436942.0696,-453017.9142
5105000,2364.5027,13798.6617,62285.4157,-515581.9223,-437133.34219999996,-453296.50659999996
5106000,2344.6649,13677.1599,61921.7091,-515051.6032,-437108.06930000003,-453129.89410000003
5107000,2358.5839,13759.5126,62403.4255,-515863.6792,-437342.1572,-453460.2537
5108000,2399.4892,13735.5764,62183.3621,-516038.9202,-437720.4925,-453855.5581
5109000,2377.4926,13863.9621,62218.6224,-515172.179,-436712.1019,-452953.5566
5110000,2387.3319,13714.9198,61661.2683,-514968.7648,-437205.2448,-453307.4965
5111000,2369.598,13858.467,62144.9129,-515934.0632,-437561.0853,-453789.1503
5112000,2344.5503,13716.2702,61881.2615,-515285.3672,-437343.2852,-453404.10569999996
5113000,2384.3873,13821.7746,61915.8432,-515458.0863,-437336.0812,-453542.2431
5114000,2393.6191,13783.1947,61929.1643,-515342.5129,-437236.53479999996,-453413.34859999997
5115000,2385.9508,13778.8485,62013.1828,-515709.661,-437531.6789,-453696.4782
5116000,2341.3476,13719.644,62593.0308,-516056.1383,-437402.1159,-453463.1075
5117000,2368.2613,13694.6697,62248.3881,-516246.6452,-437935.32610000006,-453998.25710000005
5118000,2338.6455,13763.9162,61880.2279,-515203.6244,-437220.83479999995,-453323.3965
5119000,2376.1238,13831.5194,61557.2,-514594.2419,-436829.3987,-453037.0419
5120000,2354.4208,13674.7219,62025.2727,-515280.8043,-437226.3889,-453255.5316
5121000,2313.119,13636.4555,62409.2151,-515797.7094,-437438.9198,-453388.4943
5122000,2349.2691,13770.5564,62185.5729,-516009.5914,-437704.19299999997,-453824.0185
5123000,2350.6438,13755.893,62068.0598,-516131.9554,-437957.3588,-454063.8956
5124000,2350.7855,13711.8106,62108.3952,-517020.5794,-438849.5881,-454912.1842
5125000,2385.3283,13729.1251,62281.8786,-515718.9063,-437322.5743,-453437.0277
5126000,2382.5223,13752.6756,62095.584,-516064.0142,-437833.2323,-453968.43019999994
5127000,2366.4548,13683.165,61549.2865,-515182.5176,-437583.6113,-453633.23110000003
5128000,2382.9688,13811.4401,61943.8557,-515106.3095,-436968.0449,-453162.45379999996
5129000,2357.7219,13669.2308,61758.7046,-515778.5105,-437992.8532,-454019.8059
5130000,2356.3026,13774.3398,61705.7259,-515307.491,-437471.12269999995,-453601.76509999996
5131000,2341.222,13794.7048,62169.866,-515962.6524,-437656.8596,-453792.78640000004
5132000,2373.7204,13763.1213,61599.0322,-514975.1308,-437239.2569,-453376.09859999997
5133000,2359.136,13799.9499,62273.5738,-516087.8648,-437655.20509999996,-453814.29099999997
5134000,2357.9104,13772.374,62121.6302,-515977.1885,-437725.2739,-453855.5583
5135000,2339.4083,13756.1429,62114.4815,-516011.3075,-437801.2748,-453896.826
5136000,2353.8409,13816.0999,61919.3246,-515516.0009,-437426.73549999995,-453596.6763
5137000,2363.9007,13803.4369,61401.256,-515390.0988,-437821.50519999996,-453988.8428
5138000,2367.8676,13697.1774,62495.8284,-516075.5486,-437514.6752,-453579.7202
5139000,2376.7296,13728.4808,62533.5965,-516500.1345,-437861.32759999996,-453966.538
5140000,2340.8268,13739.2803,62386.8953,-516063.659,-437596.6566,-453676.7637
5141000,2350.7784,13873.6029,62617.1518,-516363.0373,-437521.5042,-453745.88550000003
5142000,2365.5023,13771.72,61736.1727,-516048.4796,-438175.0846,-454312.3069
5143000,2371.2163,13773.4809,62160.7783,-515309.2797,-437003.8042,-453148.5014
5144000,2328.2824,13730.721,61999.8412,-515625.0625,-437566.2179,-453625.2213
5145000,2362.3416,13822.8612,61760.847,-515009.6969,-437063.64709999994,-453248.8499
5146000,2357.6759,13724.1322,62019.4719,-516027.3793,-437926.0993,-454007.90739999997
5147000,2362.3023,13782.876,62148.1955,-515829.2925,-437535.9187,-453681.09699999995
5148000,2376.2532,13878.6334,61661.4288,-515629.71,-437713.3946,-453968.2812
5149000,2391.839,13854.3644,62008.2656,-515137.1322,-436882.6632,-453128.8666
5150000,2366.8647,13651.4608,61708.5638,-514941.8295,-437214.94019999995,-453233.2657
5151000,2390.07,13739.1783,61676.398,-515230.0653,-437424.419,-453553.66730000003
5152000,2389.6389,13835.4021,61889.5902,-515564.485,-437449.8538,-453674.8948
5153000,2364.7421,13856.415,62614.2979,-516567.1748,-437731.71979999996,-453952.8769
5154000,2327.8742,13650.8461,62474.9962,-516010.981,-437557.26450000005,-453535.98480000003
5155000,2387.807,13830.1913,62133.2728,-515675.0486,-437323.77749999997,-453541.7758
5156000,2354.6648,13800.8261,61533.7265,-515139.0,-437449.78260000004,-453605.2735
5157000,2343.6489,13630.2076,61680.9799,-515175.3727,-437520.53630000004,-453494.39280000003
5158000,2327.2761,13665.6062,61718.4688,-514893.597,-437182.2459,-453175.12820000004
5159000,2350.6846,13738.4598,62225.6906,-515653.9332,-437339.0982,-453428.2426
5160000,2375.9223,13862.2692,62436.3385,-516704.6348,-438030.1048,-454268.2963
5161000,2403.5771,13759.5388,61965.3721,-516000.7653,-437872.2773,-454035.39320000005
5162000,2395.7172,13820.6709,62054.3718,-515351.1942,-437080.4343,-453296.8224
5163000,2409.3293,13760.4197,62462.2622,-516601.7952,-437969.784,-454139.533
5164000,2392.3251,13736.0066,62483.0154,-515508.624,-436897.2769,-453025.60860000004
5165000,2320.9778,13697.5066,62068.4534,-515612.6145,-437525.6767,-453544.1611
5166000,2390.4538,13741.0971,62191.6951,-515911.4821,-437588.23610000004,-453719.787
5167000,2363.2571,13720.2534,62127.87,-515648.1427,-437436.7622,-453520.27270000003
5168000,2353.1763,13779.7997,62235.076,-515756.8943,-437388.8423,-453521.8183
5169000,2399.1026,13963.8697,61788.6288,-515264.5818,-437112.98069999996,-453475.953
5170000,2346.9382,13809.1458,61524.0691,-514528.88,-436848.7269,-453004.8109
5171000,2369.4493,13823.4529,61663.7359,-515266.1033,-437409.46520000004,-453602.3674
5172000,2349.9951,13877.1779,61915.7842,-515680.679,-437537.7218,-453764.8948
5173000,2327.7224,13773.6774,62420.0024,-515645.5292,-437124.127,-453225.5268
5174000,2331.4286,13746.5491,62354.7145,-516335.4524,-437902.7602,-453980.7379
5175000,2345.0812,13726.248,62194.9946,-515561.4206,-437295.0968,-453366.42600000004
5176000,2357.5183,13734.0245,61869.2561,-515405.9494,-437445.1505,-453536.6933
5177000,2390.2026,13832.6281,62264.5141,-515763.8182,-437276.47339999996,-453499.30409999995
5178000,2357.271,13807.2946,61567.1709,-514447.4003,-436715.6638,-452880.22939999995
5179000,2345.4696,13755.7362,62248.9493,-515407.2712,-437057.1161,-453158.32190000004
5180000,2340.347,13768.5718,61600.2,-514656.7039,-436947.5851,-453056.5039
5181000,2355.5182,13745.3677,61970.3322,-515507.7046,-437436.4865,-453537.3724
5182000,2342.8438,13870.3408,61495.876,-514586.3658,-436877.30520000006,-453090.48980000004
5183000,2377.9793,13776.128,61933.1182,-515980.8425,-437893.617,-454047.7243
5184000,2349.4543,13838.0193,61899.7357,-515670.9029,-437583.6936,-453771.16719999997
5185000,2348.4154,13709.8849,62280.3559,-515651.3503,-437312.69409999996,-453370.99439999997
5186000,2376.6097,13732.3838,61256.1245,-514161.2226,-436796.10459999996,-452905.0981
5187000,2372.8172,13800.8038,61884.6879,-516113.9473,-438055.6384,-454229.2594
5188000,2380.2656,13753.7944,62313.5556,-515842.0186,-437394.403,-453528.463
5189000,2327.9861,13760.0087,62290.1994,-516327.3066,-437949.1124,-454037.1072
5190000,2334.2981,13700.4558,61776.2408,-514930.7366,-437119.7419,-453154.49580000003
5191000,2368.4972,13812.8799,62479.0343,-516068.8325,-437408.42110000004,-453589.7982
5192000,2392.3749,13777.5431,62134.3085,-515557.0443,-437252.8178,-453422.7358
5193000,2387.6116,13911.9984,61863.5254,-515662.807,-437499.6716,-453799.2816
5194000,2363.5985,13785.3027,61686.0006,-514888.1813,-437053.2795,-453202.1807
5195000,2326.0944,13839.5457,61728.7899,-515043.2765,-437148.8465,-453314.48659999995
5196000,2348.7101,13688.8167,62043.827,-515632.6341,-437551.28030000004,-453588.80710000003
5197000,2325.6634,13730.761,62386.5108,-515952.035,-437509.09979999997,-453565.5242
5198000,2366.0047,13801.1485,62179.9809,-515396.3499,-437049.2158,-453216.36899999995
5199000,2380.207,13780.6998,62138.6117,-516216.1636,-437916.6451,-454077.5519
5200000,2379.1888,13789.5888,62296.8025,-515811.9481,-437346.368,-453515.1456
5201000,2350.5872,13667.9225,61781.8084,-515289.0656,-437488.74749999994,-453507.2572
5202000,2337.9996,13674.4757,62079.0882,-516303.0924,-438211.52890000003,-454224.0042
5203000,2353.6412,13643.525,61984.0949,-515106.9718,-437125.7107,-453122.87690000003
5204000,2292.8422,13723.7171,62408.4241,-516394.2016,-437969.2182,-453985.77749999997
5205000,2364.6086,13718.9805,62257.7695,-515491.5644,-437150.2058,-453233.7949
5206000,2366.4027,13697.9246,62475.1006,-516984.8882,-438445.4603,-454509.7876
5207000,2346.8664,13773.6884,61661.4008,-515714.6134,-437932.6578,-454053.21259999997
5208000,2383.3907,13711.4365,62298.4151,-515380.2227,-436986.9804,-453081.8076
5209000,2319.3859,13682.2755,62306.8347,-515468.3855,-437159.8894,-453161.55079999997
5210000,2364.753,13706.6857,62140.6764,-515987.8185,-437775.7034,-453847.1421
5211000,2354.2724,13606.3665,62226.8913,-516382.919,-438195.38879999996,-454156.0277
5212000,2331.0283,13745.813,61870.3318,-514697.1431,-436749.97,-452826.8113
5213000,2401.3033,13793.0124,62142.0952,-515574.8907,-437238.4798,-453432.7955
5214000,2371.5745,13774.2349,62353.4071,-516444.7919,-437945.57540000003,-454091.3848
5215000,2359.5117,13650.683,61532.9709,-514782.2079,-437239.0423,-453249.23699999996
5216000,2345.6984,13764.5127,62094.4124,-515511.9671,-437307.3436,-453417.5547
5217000,2349.1735,13742.5417,61550.7184,-514885.4288,-437242.9952,-453334.7104
5218000,2357.518,13699.7736,61647.3898,-514646.9371,-436942.2557,-452999.5473
5219000,2381.5391,13856.9235,61422.6598,-515298.4285,-437637.3061,-453875.76869999996
5220000,2366.1579,13775.7942,62313.1603,-516252.2804,-437797.168,-453939.1201
5221000,2383.4535,13760.1047,62110.7369,-515581.3423,-437327.04720000003,-453470.6054
5222000,2353.8017,13780.8395,62240.6057,-516225.7356,-437850.4887,-453985.1299
5223000,2321.3381,13623.728,62063.6096,-515154.1056,-437145.4299,-453090.496
5224000,2349.135,13821.505,62022.5701,-515485.633,-437292.4229,-453463.06289999996
5225000,2371.4943,13813.1103,62523.624,-516552.1699,-437843.94129999995,-454028.54589999997
5226000,2380.6904,13960.801,61850.8265,-515987.8298,-437795.51190000004,-454137.0033
5227000,2360.4033,13795.1436,61654.9218,-515318.1161,-437507.6474,-453663.1943
5228000,2340.4784,13744.1072,61769.8077,-515011.1534,-437156.7601,-453241.3457
5229000,2333.038,13707.0215,62088.1629,-516125.9688,-437997.74639999995,-454037.8059
5230000,2362.6779,13731.9594,62226.9403,-516097.3918,-437775.81419999996,-453870.45149999997
5231000,2371.8042,13830.622,61611.0796,-514921.2818,-437107.776,-453310.2022
5232000,2383.5936,13833.8356,61746.9322,-515155.7111,-437191.3497,-453408.77890000003
5233000,2347.7044,13793.8795,62097.7444,-515632.9268,-437393.5985,-453535.1824
5234000,2356.7032,13768.6323,62200.0955,-515854.5768,-437529.1458,-453654.4813
5235000,2368.0749,13814.0147,62100.9648,-515927.5247,-437644.47030000004,-453826.5599
5236000,2358.826,13699.7624,62130.7224,-515670.5815,-437481.2707,-453539.8591
5237000,2387.729,13826.9493,62415.7687,-516584.2735,-437953.8265,-454168.5048
5238000,2347.0601,13760.0346,62361.3246,-516195.3468,-437726.9275,-453834.0222
5239000,2343.8887,13759.6415,62025.5663,-515482.4662,-437353.36970000004,-453456.8999
5240000,2347.4611,13831.6947,62484.9293,-516083.6328,-437419.5477,-453598.7035
5241000,2356.6816,13775.1258,62397.0771,-516274.6912,-437745.8067,-453877.6141
5242000,2386.1624,13707.7858,62097.399,-515177.615,-436986.26780000003,-453080.216
5243000,2352.081,13712.0961,62268.1453,-516264.6099,-437932.2875,-453996.4646
5244000,2354.7656,13690.2075,62031.6329,-515627.0275,-437550.42150000005,-453595.3946
5245000,2346.075,13845.4606,61559.7567,-515555.115,-437803.8227,-453995.35829999996
5246000,2337.8429,13677.8774,62337.5875,-516305.8381,-437952.5303,-453968.25059999997
5247000,2335.5726,13753.5173,62336.4487,-516616.0758,-438190.5372,-454279.6271
5248000,2338.9988,13736.6118,62376.2208,-516182.0824,-437730.25100000005,-453805.8616
5249000,2362.0984,13776.4825,62678.5448,-516895.2208,-438078.09510000004,-454216.676
5250000,2354.8403,13711.7948,62281.3409,-515437.7461,-437089.77009999997,-453156.4052
5251000,2353.7131,13700.1801,62184.7012,-515690.4562,-437451.8618,-453505.755
5252000,2331.0988,13759.5328,62088.3719,-514980.478,-436801.4745,-452892.1061
5253000,2370.2113,13775.7197,61819.3388,-514368.0751,-436402.8053,-452548.7363
5254000,2354.6979,13769.0993,62387.0527,-515992.5108,-437481.6609,-453605.4581
5255000,2369.4958,13816.0211,62416.0002,-516092.1625,-437490.6454,-453676.16229999997
5256000,2363.9729,13707.7655,62311.2731,-515523.5948,-437140.58330000006,-453212.32170000003
5257000,2355.8544,13710.7927,61909.5844,-515244.0506,-437267.8191,-453334.4662
5258000,2359.5513,13806.5081,62099.3713,-516007.5422,-437742.1115,-453908.1709
5259000,2363.7497,13706.6672,62463.745,-515882.6687,-437348.5068,-453418.9237
5260000,2332.6642,13694.1805,62988.6085,-517180.5536,-438165.1004,-454191.9451
5261000,2374.295,13833.1255,62254.4414,-516211.7207,-437749.8588,-453957.2793
5262000,2359.602,13721.9144,62217.6989,-515555.033,-437255.8177,-453337.3341
5263000,2357.2168,13658.7657,61929.8713,-515134.4805,-437188.6267,-453204.6092
5264000,2354.1014,13736.096,62178.7009,-515761.1161,-437492.2178,-453582.4152
5265000,2363.1989,13829.2117,62065.2867,-515591.1939,-437333.4966,-453525.9072
5266000,2363.2361,13669.1204,62357.0099,-515938.161,-437548.7946,-453581.1511
5267000,2365.6142,13734.4367,61861.9478,-515554.7688,-437592.7701,-453692.821
5268000,2355.5191,13718.8152,62162.9985,-515767.0199,-437529.6871,-453604.0214
5269000,2349.2285,13775.8784,62409.9722,-516128.3784,-437593.29929999996,-453718.40619999997
5270000,2349.1797,13804.3333,61776.9965,-515489.1977,-437558.68820000003,-453712.2012
5271000,2351.876,13755.4816,61893.9332,-515042.1195,-437040.82869999995,-453148.18629999994
5272000,2365.3615,13780.9403,62200.5679,-515665.678,-437318.80830000003,-453465.1101
5273000,2360.3903,13837.5954,61916.632,-515167.88,-437053.2623,-453251.248
5274000,2361.3907,13740.3479,62554.45,-516362.614,-437706.4254,-453808.164
5275000,2324.4312,13768.2958,62445.8616,-516197.9267,-437659.33810000005,-453752.0651
5276000,2336.3801,13720.6333,62049.8305,-515811.323,-437704.4791,-453761.4925
5277000,2367.0397,13861.7295,62182.2237,-516226.4076,-437815.41469999996,-454044.18389999995
5278000,2380.1318,13740.449,62692.3215,-516209.9895,-437397.0872,-453517.668
5279000,2366.1816,13778.1362,62351.31,-515894.2243,-437398.5965,-453542.9143
5280000,2373.2225,13797.1685,62304.6021,-515542.5615,-437067.5684,-453237.9594
5281000,2371.3993,13869.0152,62094.4507,-516081.3743,-437746.5091,-453986.92360000004
5282000,2368.858,13780.8343,61937.4249,-515392.2287,-437305.1115,-453454.8038
5283000,2346.5898,13723.1605,62323.2762,-515368.4185,-436975.392,-453045.1423
5284000,2354.8176,13819.9489,61962.6519,-515575.6636,-437438.2452,-453613.01170000003
5285000,2367.9686,13789.1263,62210.367,-515415.8604,-437048.3985,-453205.49340000004
5286000,2361.8127,13727.7212,62045.8443,-515717.9529,-437582.5747,-453672.1086
5287000,2370.9724,13846.3062,62122.7062,-516406.421,-438066.4362,-454283.71479999996
5288000,2376.9488,13872.5638,61914.9645,-515525.9966,-437361.5195,-453611.0321
5289000,2329.2045,13711.1746,61583.3236,-515021.78,-437398.0773,-453438.4564
5290000,2337.0524,13694.0155,62301.8671,-515866.2372,-437533.3022,-453564.37009999994
5291000,2365.3477,13764.2658,62529.6216,-516847.9538,-438188.7187,-454318.3322
5292000,2362.7025,13786.5774,61659.8168,-515080.935,-437271.8383,-453421.1182
5293000,2355.3136,13814.1107,62251.3223,-515792.029,-437371.28239999997,-453540.7067
5294000,2340.9537,13804.9363,61558.0091,-515404.9183,-437701.0192,-453846.9092
5295000,2355.3539,13726.7627,61370.7673,-515317.8354,-437864.95149999997,-453947.0681
5296000,2399.6105,13902.0462,62687.3985,-516125.2272,-437136.172,-453437.8287
5297000,2364.0857,13739.0822,62360.4836,-515927.9509,-437464.2994,-453567.4673
5298000,2345.3842,13803.0724,61939.3197,-514749.749,-436661.97270000004,-452810.4293
5299000,2343.2611,13769.9176,62030.8305,-515863.9134,-437719.9042,-453833.08290000004
5300000,2344.1748,13784.652,61787.797,-515397.431,-437480.8072,-453609.63399999996
5301000,2350.0902,13810.7463,62334.4195,-516340.829,-437845.57300000003,-454006.4095
5302000,2346.1192,13759.9416,61685.05,-514836.3213,-437045.21050000004,-453151.2713
5303000,2372.4518,13775.9591,61376.4814,-514384.7036,-436859.8113,-453008.2222
5304000,2358.6861,13739.5787,62201.262,-515385.712,-437086.1852,-453184.45
5305000,2327.2506,13793.0503,61997.6336,-515454.2317,-437336.29720000003,-453456.5981
5306000,2341.1118,13883.5772,62204.6641,-515837.4826,-437408.1295,-453632.8185
5307000,2326.6273,13709.9137,62090.4264,-515706.8457,-437579.8783,-453616.4193
5308000,2348.6284,13847.0476,62522.5801,-516406.8943,-437688.6382,-453884.31419999996
5309000,2332.4142,13750.884,62129.4968,-516233.1631,-438020.3681,-454103.6663
5310000,2360.5739,13740.3056,61510.9111,-515345.8119,-437734.02129999996,-453834.90079999994
5311000,2345.4558,13782.4267,61953.8807,-515410.5552,-437328.792,-453456.6745
5312000,2334.6921,13713.3355,62340.134,-516070.4503,-437682.28870000003,-453730.3163
5313000,2314.1314,13719.1085,62280.3067,-515970.6212,-437657.0746,-453690.3145
5314000,2355.363,13700.6956,62394.1303,-516471.4229,-438021.234,-454077.2926
5315000,2341.169,13923.5305,61983.9717,-515996.7019,-437748.0307,-454012.7302
5316000,2335.632,13841.932,62171.9025,-515800.6196,-437451.1531,-453628.7171
5317000,2318.919,13784.2197,62031.0029,-515878.8845,-437744.74289999995,-453847.88159999996
5318000,2354.0423,13781.3555,61866.3207,-515462.2276,-437460.5091,-453595.9069
5319000,2312.6002,13771.502,62184.882,-516062.6977,-437793.7135,-453877.81570000004
5320000,2356.6921,13713.8488,62005.1428,-515967.5257,-437891.842,-453962.38289999997
5321000,2336.9269,13898.7034,61489.3582,-515309.17,-437584.18149999995,-453819.81179999997
5322000,2374.5057,13805.763,62364.971,-515838.5142,-437293.27449999994,-453473.54319999996
5323000,2362.2294,13750.3012,62076.539,-515945.5096,-437756.44,-453868.9706
5324000,2320.2171,13863.9195,61937.0314,-515932.6162,-437811.4482,-453995.5848
5325000,2373.6798,13810.7892,62206.6293,-516336.7245,-437945.6262,-454130.0952
5326000,2355.121,13766.8861,62091.3702,-515756.9172,-437543.53990000003,-453665.547
5327000,2375.5092,13818.2001,61971.5748,-515725.5339,-437560.2498,-453753.9591
5328000,2338.6317,13807.3667,61942.0127,-515383.7283,-437295.7172,-453441.7156
5329000,2384.6901,13756.0127,61906.0032,-515760.245,-437713.539,-453854.2418
5330000,2350.5486,13799.7776,62199.1948,-515932.2062,-437582.6852,-453733.0114
5331000,2349.247,13844.7641,62186.212,-515998.6331,-437618.41,-453812.4211
5332000,2352.7745,13798.9484,62236.5929,-516377.2879,-437988.9721,-454140.695
5333000,2359.0687,13761.523,62445.8893,-516526.2857,-437959.8047,-454080.3964
5334000,2373.6247,13873.4874,61684.3413,-515703.6616,-437772.2082,-454019.3203
5335000,2354.1207,13735.2768,61778.8946,-515501.2467,-437632.95460000006,-453722.3521
5336000,2384.8765,13788.5124,62273.4808,-515719.1243,-437272.25460000004,-453445.6435
5337000,2355.9803,13887.1668,62250.9522,-516348.676,-437854.5767,-454097.7238
5338000,2360.9176,13752.6454,61558.066,-514930.9275,-437259.2985,-453372.8615
5339000,2351.4655,13741.7052,61993.2817,-515397.759,-437311.3066,-453404.4773
5340000,2329.122,13774.8067,62034.3202,-515444.8192,-437306.5703,-453410.499
5341000,2298.2261,13781.5922,61955.7443,-515380.2044,-437344.6418,-453424.46009999997
5342000,2316.8622,13732.1021,62250.1166,-516050.7486,-437751.6677,-453800.632
5343000,2343.1417,13779.1757,62025.3737,-515879.0628,-437731.3717,-453853.6891
5344000,2336.9418,13740.6538,61865.6814,-515189.633,-437246.35599999997,-453323.9516
5345000,2320.7743,13706.2735,61974.0564,-515810.5854,-437809.4812,-453836.529
5346000,2312.2089,13765.4286,62703.7154,-516495.5665,-437714.2136,-453791.8511
5347000,2391.8643,13799.384,62156.9321,-516460.4425,-438112.2621,-454303.5104
5348000,2346.1264,13697.9497,61573.4524,-515246.1813,-437628.6528,-453672.7289
5349000,2368.2333,13781.5009,61682.1066,-515218.1402,-437386.2994,-453536.0336
5350000,2341.3589,13737.2228,62023.6467,-515999.109,-437896.88060000003,-453975.4623
5351000,2363.1121,13892.7704,62901.0619,-516614.027,-437457.08259999997,-453712.96510000003
5352000,2365.6602,13809.5211,61875.9538,-515943.8963,-437892.7612,-454067.9425
5353000,2337.2001,13781.8591,62076.6369,-515700.7681,-437505.072,-453624.1312
5354000,2353.0786,13807.2702,62074.1313,-516335.5416,-438101.0615,-454261.4103
5355000,2345.9378,13829.8886,62107.1075,-515896.3933,-437613.4594,-453789.2858
5356000,2371.6594,13792.8206,62030.5266,-516223.743,-438028.73640000005,-454193.21640000003
5357000,2375.7808,13885.5658,61873.5534,-515680.8837,-437545.9837,-453807.33030000003
5358000,2346.76,13748.7855,62226.6998,-515498.4451,-437176.1998,-453271.7453
5359000,2365.201,13779.81,61528.6872,-514909.8025,-437236.1043,-453381.1153
5360000,2317.6198,13771.291,62014.5806,-515951.5191,-437848.0277,-453936.9385
5361000,2329.7951,13785.4592,61520.5715,-515442.6281,-437806.8023,-453922.05659999995
5362000,2360.7826,13754.5895,61722.4183,-515501.1751,-437663.3847,-453778.7568
5363000,2360.1263,13881.8146,62233.9663,-515447.5187,-436971.6115,-453213.55240000004
5364000,2349.3436,13799.7557,61597.6488,-514918.6711,-437171.92299999995,-453321.02229999995
5365000,2348.1988,13819.9919,61847.7539,-515661.3576,-437645.413,-453813.6037
5366000,2334.7556,13755.6777,61546.1183,-514946.837,-437310.2854,-453400.71869999997
5367000,2349.3826,13899.154,62134.3492,-515727.767,-437344.8812,-453593.4178
5368000,2371.9105,13801.0857,61997.4744,-515799.4275,-437628.9569,-453801.9531
5369000,2355.7682,13699.0648,62042.0261,-515954.468,-437857.6089,-453912.4419
5370000,2348.7876,13756.1997,62210.758,-516154.1411,-437838.3958,-453943.3831
5371000,2364.5475,13737.2666,62255.4412,-516275.8812,-437918.6259,-454020.44
5372000,2330.6015,13698.7893,62054.4577,-515703.3574,-437619.5089,-453648.89969999995
5373000,2358.8116,13743.5977,62734.2773,-516439.0869,-437602.4003,-453704.8096
5374000,2346.643,13788.0027,61965.1459,-515432.488,-437332.6964,-453467.3421
5375000,2360.8449,13790.5439,61948.4774,-515438.3328,-437338.4666,-453489.8554
5376000,2368.6309,13912.6098,61713.7963,-515155.6737,-437160.6367,-453441.8774
5377000,2361.9103,13786.9669,62197.9129,-515192.9362,-436846.1461,-452995.0233
5378000,2329.6261,13705.1993,61678.9231,-515111.5162,-437397.7677,-453432.5931
5379000,2361.9288,13770.3668,61891.5948,-514986.5481,-436962.6577,-453094.9533
5380000,2327.0177,13655.5803,62320.879,-515917.8019,-437614.3249,-453596.9229
5381000,2327.7155,13869.6083,61800.6497,-515379.2284,-437381.2549,-453578.5787
5382000,2362.2665,13753.4841,61754.6894,-514783.9154,-436913.4754,-453029.226
5383000,2362.8805,13762.4631,61746.9786,-514869.4541,-436997.1319,-453122.47549999994
5384000,2339.8142,13727.0732,61680.7734,-515140.9255,-437393.2647,-453460.1521
5385000,2346.2678,13800.6093,61814.8708,-515393.861,-437432.11309999996,-453578.9902
5386000,2377.9446,13845.5485,61953.6539,-515555.6282,-437378.4812,-453601.9743
5387000,2341.0044,13712.4519,61662.6594,-515218.8743,-437502.75860000006,-453556.2149
5388000,2357.1827,13722.2713,61773.4745,-515477.5574,-437624.6289,-453704.0829
5389000,2326.6759,13804.5483,61564.3156,-515346.4832,-437650.9434,-453782.16760000004
5390000,2355.1818,13788.8836,61583.2311,-515723.6897,-437996.3932,-454140.4586
5391000,2374.5622,13869.1703,62399.654,-516607.2497,-437963.86319999996,-454207.5957
5392000,2361.1069,13774.4412,62223.3337,-516150.1581,-437791.2763,-453926.8244
5393000,2390.132,13889.3835,62347.0308,-516656.3609,-438029.81460000004,-454309.3301
5394000,2357.8133,13736.4382,61886.874,-515434.9214,-437453.79589999997,-453548.0474
5395000,2360.3654,13710.5328,62253.6426,-516203.0601,-437878.5193,-453949.4175
5396000,2373.7823,13796.5618,62065.2053,-515881.9335,-437646.38409999997,-453816.7282
5397000,2351.3448,13736.7747,62156.7351,-515707.9252,-437463.0706,-453551.1901
5398000,2337.9631,13754.2156,61830.8564,-515778.063,-437855.02790000004,-453947.20660000003
5399000,2361.6933,13777.4113,62106.9608,-515751.625,-437505.55960000004,-453644.6642
5400000,2344.5269,13816.3687,61946.9194,-515771.8132,-437663.9982,-453824.89379999996
5401000,2342.0852,13767.1661,62153.7347,-515531.1703,-437268.18429999996,-453377.43559999997
5402000,2392.9226,13810.5654,61830.3824,-515613.8052,-437579.9348,-453783.4228
5403000,2335.6707,13753.6117,62021.0201,-515619.748,-437509.44550000003,-453598.7279
5404000,2351.4832,13857.0747,62025.2616,-515891.2756,-437657.4561,-453866.01399999997
5405000,2340.8299,13774.2523,62079.2544,-515722.0572,-437527.7206,-453642.8028
5406000,2337.3661,13752.5608,61655.7233,-515354.1406,-437608.4904,-453698.4173
5407000,2350.9917,13889.2516,61771.3518,-515098.6414,-437087.04630000005,-453327.2896
5408000,2327.2135,13775.666,62114.3109,-515800.9843,-437583.79390000005,-453686.6734
5409000,2337.2871,13764.6788,62105.2036,-516015.0851,-437807.9156,-453909.8815
5410000,2353.2339,13818.1909,61748.1821,-515027.3064,-437107.6995,-453279.1243
5411000,2342.3336,13864.2783,61961.2825,-515482.9692,-437315.0748,-453521.68669999996
5412000,2342.0459,13796.6343,62104.6254,-515757.7388,-437514.43319999997,-453653.1134
5413000,2344.0706,13690.4094,61997.63,-515318.7371,-437286.62710000004,-453321.1071
5414000,2347.5575,13828.1749,61811.8196,-515778.2735,-437790.7215,-453966.4539
5415000,2356.3923,13804.2647,62155.2805,-516180.644,-437864.7065,-454025.3635
5416000,2329.7868,13713.1219,62086.3591,-515248.7505,-437119.48270000005,-453162.3914
5417000,2321.2625,13718.5985,61781.4526,-515585.5413,-437764.2277,-453804.08869999996
5418000,2348.637,13796.7626,61283.8862,-514334.8322,-436905.5464,-453050.946
5419000,2351.7652,13723.7345,62969.8949,-516586.7871,-437541.3925,-453616.8922
5420000,2330.3615,13786.8418,61756.7447,-515995.9286,-438121.9806,-454239.1839
5421000,2331.9312,13815.2086,62129.5064,-516306.2666,-438029.62039999996,-454176.76019999996
5422000,2337.4611,13615.0873,62517.6759,-516089.5884,-437619.3641,-453571.9125
5423000,2344.2553,13872.0178,62315.6054,-516326.1667,-437794.2882,-454010.5613
5424000,2373.3469,13812.5701,62278.3143,-515850.8334,-437386.6021,-453572.51910000003
5425000,2350.2364,13801.5512,62102.6641,-515550.6014,-437296.14969999995,-453447.9373
5426000,2317.922,13718.7838,62320.9778,-516412.2532,-438054.5696,-454091.2754
5427000,2354.5742,13757.2808,62223.5931,-515655.503,-437320.05490000005,-453431.9099
5428000,2341.7436,13650.5216,62115.1601,-515718.4326,-437611.0073,-453603.2725
5429000,2330.2812,13720.4122,61929.8504,-515794.6043,-437814.0605,-453864.7539
5430000,2351.2037,13775.7671,62305.6033,-516021.069,-437588.49490000005,-453715.4657
5431000,2369.194,13777.4493,62245.3986,-515603.7169,-437211.675,-453358.3183
5432000,2362.0602,13729.2203,61559.1429,-514996.1823,-437345.7589,-453437.0394
5433000,2330.6881,13704.5365,62683.5789,-516813.2408,-438094.43730000005,-454129.6619
5434000,2357.0923,13784.4935,62379.4128,-516919.3839,-438398.3853,-454539.9711
5435000,2357.2297,13750.8782,61796.2915,-515254.9024,-437350.503,-453458.6109
5436000,2385.1974,13806.5471,61999.8579,-515680.355,-437488.7526,-453680.4971
5437000,2373.9403,13797.4245,61973.2858,-515703.4056,-437558.755,-453730.1198
5438000,2357.5427,13649.8238,61924.7689,-515036.4009,-437104.2655,-453111.632
5439000,2364.6856,13749.4085,62072.5862,-515655.7149,-437469.0346,-453583.1287
5440000,2364.9459,13832.9726,61800.0848,-515322.4846,-437324.48130000004,-453522.3998
5441000,2347.018,13820.207,62004.113,-514769.3063,-436597.9683,-452765.1933
5442000,2362.8067,13827.182,62231.699,-516671.3989,-438249.71119999996,-454439.69989999995
5443000,2314.6378,13824.5372,61680.5692,-515210.3869,-437390.64269999997,-453529.8177
5444000,2354.724,13817.5872,61683.9068,-515099.8629,-437243.6449,-453415.9561
5445000,2357.9894,13828.6857,61850.6823,-515108.055,-437070.69759999996,-453257.3727
5446000,2361.3132,13784.4872,62244.0175,-515951.0414,-437561.22349999996,-453707.0239
5447000,2343.3678,13783.9326,62728.0971,-517515.0717,-438659.6742,-454786.97459999996
5448000,2328.7247,13860.6609,62734.4195,-517322.4059,-438398.6008,-454587.9864
5449000,2343.5757,13732.0694,62667.4584,-515902.4734,-437159.36990000005,-453235.015
5450000,2304.9839,13773.3048,62110.1442,-516056.546,-437868.11309999996,-453946.4018
5451000,2312.3226,13753.5528,61988.3026,-515968.8772,-437914.6992,-453980.5746
5452000,2359.2026,13719.115,61720.0583,-515005.1584,-437206.78250000003,-453285.10010000004
5453000,2342.0793,13755.4098,61676.8811,-515046.1654,-437271.7952,-453369.2843
5454000,2329.32,13705.3449,61862.0494,-515169.1432,-437272.4289,-453307.0938
5455000,2329.2284,13885.0503,61990.0842,-515888.3967,-437684.0338,-453898.3125
5456000,2360.9901,13791.7187,62078.7635,-515928.8914,-437697.41910000006,-453850.1279
5457000,2325.7181,13838.8275,62504.8086,-516212.2806,-437542.9264,-453707.472
5458000,2352.4454,13751.1202,62348.1609,-516173.7138,-437721.98730000004,-453825.5529
5459000,2342.1284,13772.62,62006.541,-515573.8892,-437452.59979999997,-453567.3482
5460000,2350.3163,13887.4153,61487.6463,-514555.412,-436830.0341,-453067.7657
5461000,2366.2985,13868.2392,61785.9312,-514980.2833,-436959.81440000003,-453194.3521
5462000,2361.0421,13803.7267,62552.5066,-516301.9825,-437584.7071,-453749.47589999996
5463000,2368.0975,13727.0359,61500.865,-515088.4561,-437492.4577,-453587.5911
5464000,2370.9118,13880.2835,61919.2922,-515445.0548,-437274.5673,-453525.76259999996
5465000,2371.1984,13739.1871,62752.0583,-517250.699,-438388.2552,-454498.64070000005
5466000,2382.5141,13838.3263,61672.2224,-515002.2447,-437109.18189999997,-453330.02229999995
5467000,2351.1221,13828.4915,62042.3525,-515694.7515,-437472.7854,-453652.39900000003
5468000,2359.5088,13770.7493,62155.4229,-514798.2474,-436512.5664,-452642.8245
5469000,2375.1724,13851.7553,62765.8659,-516213.0384,-437220.2448,-453447.17250000004
5470000,2358.4915,13773.0166,62109.839,-515300.1359,-437058.7888,-453190.2969
5471000,2376.3505,13840.967,61817.8139,-515381.6797,-437346.54829999997,-453563.86579999997
5472000,2354.687,13848.9034,61759.6731,-514928.9116,-436965.6481,-453169.2385
5473000,2376.5999,13846.7056,62052.3814,-515964.5711,-437688.8842,-453912.1897
5474000,2348.964,13847.9992,62435.1296,-516070.5869,-437438.4941,-453635.4573
5475000,2352.3497,13775.0974,61618.4762,-515647.652,-437901.7287,-454029.1758
5476000,2351.6297,13827.8427,61876.0295,-515320.9892,-437265.48730000004,-453444.9597
5477000,2341.2738,13806.5866,61724.1677,-515582.9531,-437710.925,-453858.7854
5478000,2343.7831,13869.0943,62433.3096,-516222.5231,-437576.33609999996,-453789.2135
5479000,2374.7603,13839.3246,61863.8122,-515827.6123,-437749.7152,-453963.8001
5480000,2367.8709,13750.135,62173.9748,-515404.8534,-437112.8727,-453230.8786
5481000,2331.7072,13797.7315,62253.9837,-516567.258,-438183.8356,-454313.2743
5482000,2328.02,13833.8402,62079.9839,-515819.3255,-437577.4814,-453739.3416
5483000,2347.2919,13857.7532,62243.0139,-515753.52,-437305.461,-453510.5061
5484000,2391.8583,13768.6437,62046.1487,-515585.1417,-437378.491,-453538.99299999996
5485000,2316.1839,13751.5401,61814.0663,-515230.5477,-437348.7574,-453416.4814
5486000,2356.4831,13848.2364,62362.8402,-516920.3174,-438352.7577,-454557.4772
5487000,2346.065,13857.9568,62421.5173,-516122.7945,-437497.2554,-453701.2772
5488000,2375.0312,13841.1467,61807.8982,-515355.7428,-437331.6667,-453547.8446
5489000,2375.228,13860.3134,62414.7233,-516425.6266,-437775.3619,-454010.9033
5490000,2323.9024,13692.0435,61859.7622,-514995.6818,-437119.97370000003,-453135.9196
5491000,2365.2815,13800.9214,62109.0429,-515834.747,-437559.50119999994,-453725.7041
5492000,2337.63,13712.5638,62114.3765,-516192.125,-438027.5547,-454077.7485
5493000,2322.1636,13811.737,61836.7436,-515582.8333,-437612.1891,-453746.0897
5494000,2332.8169,13909.8263,62055.2677,-516498.0759,-438200.165,-454442.80819999997
5495000,2361.6178,13869.5172,62137.1363,-516489.6796,-438121.4083,-454352.54329999996
5496000,2370.3425,13856.4742,61837.3812,-516029.9631,-437965.7652,-454192.5819
5497000,2343.1024,13871.8923,62175.2236,-516049.5088,-437659.2905,-453874.28520000004
5498000,2357.2519,13853.6797,61742.486,-515703.3279,-437749.9103,-453960.8419
5499000,2355.5087,13966.1399,61653.7167,-515270.0623,-437294.697,-453616.3456
5500000,2331.4119,13829.9857,62339.8516,-516079.744,-437578.4948,-453739.8924
5501000,2366.0164,13843.7615,62185.3843,-516083.6384,-437688.47620000003,-453898.2541
5502000,2362.0843,13866.4587,62158.8226,-515925.1108,-437537.7452,-453766.2882
5503000,2351.6245,13739.4216,62178.3511,-515670.6116,-437401.2144,-453492.2605
5504000,2357.2503,13898.2865,62699.6729,-516724.1861,-437768.9764,-454024.5132
5505000,2342.2497,13867.1105,61826.0776,-515678.3661,-437642.92829999997,-453852.28849999997
5506000,2331.9243,13839.6852,61986.4236,-515971.8517,-437813.8186,-453985.4281
5507000,2360.6691,13866.1643,62102.002,-515409.5302,-437080.6948,-453307.5282
5508000,2345.7342,13847.3775,61881.0524,-515675.3015,-437601.1374,-453794.2491
5509000,2332.6748,13748.5075,61920.8644,-515320.624,-437318.5773,-453399.7596
5510000,2379.1204,13866.6416,62196.3997,-515857.5173,-437415.3556,-453661.1176
5511000,2353.2931,13748.9681,61893.8463,-515872.2365,-437876.129,-453978.3902
5512000,2364.4716,13916.13,62556.94,-516494.8756,-437657.33400000003,-453937.9356
5513000,2327.8213,13776.6528,62758.5808,-516778.4505,-437915.3956,-454019.8697
5514000,2342.9713,13841.695,61953.66,-515728.392,-437590.0657,-453774.73199999996
5515000,2374.2874,13883.6114,62543.1845,-516343.8282,-437542.7449,-453800.6437
5516000,2381.3116,13820.5388,62558.5832,-516943.8494,-438183.4158,-454385.2662
5517000,2339.8006,13758.9761,62273.8632,-515949.6021,-437576.9622,-453675.7389
5518000,2331.6427,13788.6737,61846.4323,-515724.9627,-437758.214,-453878.5304
5519000,2389.4567,13811.0647,61743.9882,-515267.2884,-437322.77880000003,-453523.3002
5520000,2353.0728,13788.5476,63007.6061,-516982.6193,-437833.39280000003,-453975.01320000004
5521000,2357.1952,13812.2965,62157.1393,-516218.6471,-437892.0161,-454061.5078
5522000,2364.5445,13771.5169,62071.1708,-516136.5027,-437929.2705,-454065.3319
5523000,2376.0086,13752.6825,61997.2858,-515312.4438,-437186.4669,-453315.158
5524000,2340.9173,13875.5983,61530.4863,-515335.3527,-437588.3508,-453804.8664
5525000,2354.448,13837.1702,61649.4029,-516185.4766,-438344.4555,-454536.0737
5526000,2322.6856,13805.5886,61796.4992,-515833.9543,-437909.1809,-454037.45509999996
5527000,2331.3108,13853.0912,61857.4176,-516267.615,-438225.7954,-454410.1974
5528000,2354.5987,13777.1605,62304.5402,-516240.9661,-437804.6667,-453936.42590000003
5529000,2352.6119,13808.0726,62209.2977,-515845.6377,-437475.6555,-453636.34
5530000,2377.7226,13755.332,62195.5197,-516366.5536,-438037.9793,-454171.0339
5531000,2355.1792,13868.6575,61511.258,-514968.7632,-437233.66849999997,-453457.5052
5532000,2367.8695,13856.0875,61431.45,-515012.5851,-437357.1781,-453581.1351
5533000,2377.2323,13819.7727,62075.4122,-515447.2892,-437174.872,-453371.877
5534000,2333.5814,13811.6603,62838.852,-517022.2113,-438038.1176,-454183.3593
5535000,2317.2859,13813.9463,61838.717,-515383.9133,-437413.9641,-453545.1963
5536000,2365.1482,13823.689,62936.8928,-517123.5254,-437997.7954,-454186.6326
5537000,2383.1496,13862.8686,61921.3224,-516088.0149,-437920.6743,-454166.6925
5538000,2348.4402,13817.8047,61693.1962,-515684.5997,-437825.1586,-453991.4035
5539000,2319.2938,13786.422,62574.6236,-516658.8591,-437978.5197,-454084.2355
5540000,2367.1534,13759.1698,62249.6092,-515788.02,-437412.0876,-453538.4108
5541000,2371.6269,13723.9734,61541.7449,-514920.8304,-437283.4852,-453379.0855
5542000,2356.8994,13838.0145,62001.961,-515404.1137,-437207.2388,-453402.1527
5543000,2349.0667,13814.1988,61767.9277,-515331.1681,-437399.97490000003,-453563.2404
5544000,2331.9179,13937.1187,62153.4011,-515912.5716,-437490.1339,-453759.1705
5545000,2376.3262,13751.0315,62028.9699,-515973.0252,-437816.69759999996,-453944.0553
5546000,2364.3315,13835.702,62537.1902,-516889.4858,-438152.26210000005,-454352.2956
5547000,2309.7637,13835.2137,62214.8145,-516131.7269,-437771.935,-453916.91240000003
5548000,2338.8484,13814.9575,61980.6346,-514953.4774,-436819.03689999995,-452972.8428
5549000,2340.3718,13860.1018,61783.2203,-515304.2849,-437320.591,-453521.06460000004
5550000,2396.7676,13936.9294,62437.5308,-516532.6944,-437761.4666,-454095.16359999997
5551000,2348.2564,13824.1604,62213.2135,-516143.8321,-437758.2018,-453930.6186
5552000,2343.0281,13769.8616,61617.5491,-515652.0656,-437921.62679999997,-454034.51649999997
5553000,2358.6633,13775.703,61925.146,-515987.228,-437927.7157,-454062.082
5554000,2348.3694,13852.4514,62126.3851,-516518.8814,-438191.6755,-454392.4963
5555000,2364.9806,13784.6883,62555.6124,-517320.5259,-438615.2446,-454764.9135
5556000,2363.1269,13683.1299,62327.9766,-516497.8951,-438123.66170000006,-454169.9185
5557000,2329.9211,13847.7428,62163.6063,-516332.5201,-437991.24990000005,-454168.91380000004
5558000,2336.5276,13848.5417,61862.0172,-515129.6298,-437082.5433,-453267.6126
5559000,2356.2879,13824.4528,62014.713,-515433.7815,-437238.32779999997,-453419.0685
5560000,2326.9595,13817.4344,62056.0757,-515248.9861,-437048.51649999997,-453192.9104
5561000,2383.2627,13870.2958,61502.6645,-515371.6447,-437615.4217,-453868.9802
5562000,2370.8586,13897.6978,61838.5163,-515112.0606,-437004.9879,-453273.5443
5563000,2334.3258,13782.5151,61561.9946,-515160.1161,-437481.2806,-453598.1215
5564000,2334.741,13810.1708,61769.4164,-515082.0544,-437167.72620000003,-453312.63800000004
5565000,2332.4047,13709.3262,62544.9428,-516490.6866,-437904.01290000003,-453945.7438
5566000,2329.8774,13842.6905,61753.8373,-515497.3338,-437570.92860000004,-453743.4965
5567000,2369.4314,13792.6407,62310.1563,-516416.0708,-437943.84239999996,-454105.91449999996
5568000,2351.3816,13719.7175,62259.0194,-516459.3422,-438129.22370000003,-454200.3228
5569000,2359.4651,13816.0166,61939.5987,-516061.7696,-437946.6892,-454122.1709
5570000,2357.601,13832.0163,62078.0848,-516312.5365,-438044.8344,-454234.4517
5571000,2346.535,13857.9336,62035.9566,-516364.4598,-438124.0346,-454328.50320000004
5572000,2327.1468,13813.0616,62399.6456,-516499.4257,-437959.57170000003,-454099.78010000003
5573000,2388.2981,13908.2445,62290.8527,-515980.1829,-437392.78760000004,-453689.3302
5574000,2356.4001,13749.5731,62203.9504,-516206.1737,-437896.25009999995,-454002.22329999995
5575000,2328.2784,13827.4396,62528.1001,-515963.6622,-437279.8441,-453435.56210000004
5576000,2364.9666,13818.6283,62185.9081,-516192.1656,-437822.66260000004,-454006.2575
5577000,2386.8038,13871.8792,62592.9588,-516118.4863,-437266.8445,-453525.52749999997
5578000,2360.87,13893.5028,61857.9669,-515666.9973,-437554.6576,-453809.0304
5579000,2320.654,13795.3397,62142.7882,-515930.9506,-437672.1687,-453788.1624
5580000,2343.5703,13799.0766,62369.9619,-516648.7322,-438136.12340000004,-454278.77030000003
5581000,2381.2507,13842.8202,62270.6394,-515730.1137,-437235.40339999995,-453459.4743
5582000,2366.5667,13932.2644,62453.5659,-517046.5467,-438294.1497,-454592.9808
5583000,2351.7409,13831.3385,62245.2827,-516760.5094,-438332.14729999995,-454515.2267
5584000,2366.3596,13863.2766,62098.2487,-515748.2572,-437420.3723,-453650.0085
5585000,2346.8866,13875.1598,62161.7195,-515606.5687,-437222.8028,-453444.8492
5586000,2363.9128,13769.5867,61768.5142,-515492.6682,-437590.6545,-453724.15400000004
5587000,2333.9963,13826.7881,61909.3075,-515585.1089,-437515.017,-453675.8014
5588000,2310.2538,13892.0559,61892.7125,-515565.831,-437470.8088,-453673.1185
5589000,2332.7431,13753.5384,62247.4153,-516245.7752,-437912.0784,-453998.3599
5590000,2365.0633,13806.9285,61969.9483,-516004.9196,-437862.9795,-454034.97130000003
5591000,2356.0776,13924.5291,62336.1277,-516758.9527,-438142.2183,-454422.825
5592000,2360.9624,13770.9704,62344.1509,-516688.3793,-438212.29559999995,-454344.22839999996
5593000,2336.8573,13762.2936,62306.1334,-515961.6064,-437556.3221,-453655.473
5594000,2351.1732,13793.522,62331.2008,-516443.5958,-437967.6998,-454112.395
5595000,2355.4104,13790.2447,62031.1983,-515494.1458,-437317.29240000003,-453462.9475
5596000,2339.9598,13838.0289,62346.2369,-516118.489,-437594.2634,-453772.2521
5597000,2352.3396,13745.018,61814.7851,-515345.0649,-437432.92220000003,-453530.2798
5598000,2368.3761,13859.5913,61879.6908,-515936.0506,-437828.3924,-454056.35980000003
5599000,2386.0103,13910.0939,62133.0529,-515468.6562,-437039.4991,-453335.6033
5600000,2371.4675,13792.7179,62233.5876,-516129.1787,-437731.4057,-453895.59109999996
5601000,2368.5424,13794.4364,61354.285,-514927.774,-437410.51019999996,-453573.48899999994
5602000,2365.4591,13833.9213,61900.687,-515568.3264,-437468.259,-453667.63940000004
5603000,2336.7719,13840.1744,62209.1954,-516143.7782,-437757.6365,-453934.5828
5604000,2360.9367,13910.8294,62212.5735,-516581.8176,-438097.478,-454369.2441
5605000,2349.2205,13887.4389,62163.3534,-515849.6041,-437449.5913,-453686.2507
5606000,2385.5071,13749.6492,62116.4442,-516339.4782,-438087.8777,-454223.034
5607000,2363.7042,13950.1259,62575.0845,-516641.9026,-437752.988,-454066.8181
5608000,2340.1583,13749.584,62064.2658,-516159.9137,-438005.90559999994,-454095.6479
5609000,2335.2562,13777.2339,62294.0878,-516655.6808,-438249.10289999994,-454361.593
5610000,2342.2843,13766.7197,62442.943,-517073.3094,-438521.36240000004,-454630.36640000006
5611000,2363.434,13900.1584,61705.6966,-515494.3852,-437525.0962,-453788.6886
5612000,2347.2524,13831.4635,62122.0987,-515365.5558,-437064.7412,-453243.4571
5613000,2373.0306,13841.9945,61597.3943,-514272.5217,-436460.10229999997,-452675.1274
5614000,2347.5647,13868.235,61856.8672,-515468.3635,-437395.69659999997,-453611.4963
5615000,2330.3276,13796.3726,61566.2468,-515033.2906,-437340.3436,-453467.0438
5616000,2390.4439,13765.5665,62462.9896,-516957.2339,-438338.2339,-454494.2443
5617000,2360.12,13931.3933,61757.3097,-515800.2715,-437751.44849999994,-454042.9618
5618000,2283.8006,13711.8841,62060.925,-515806.6394,-437750.02969999996,-453745.7144
5619000,2327.6033,13840.4729,61954.1561,-515943.7686,-437821.53630000004,-453989.6125
5620000,2345.4754,13767.2414,61966.005,-515294.5831,-437215.8613,-453328.5781
5621000,2357.9048,13829.9093,61832.4021,-515396.839,-437376.6228,-453564.4369
5622000,2328.8583,13817.4397,62055.9986,-516108.7147,-437906.4181,-454052.7161
5623000,2363.0357,13800.7068,61506.7249,-514791.5549,-437121.0875,-453284.82999999996
5624000,2382.6538,13759.5098,61883.9322,-515383.329,-437357.2332,-453499.39680000005
5625000,2324.8515,13747.5749,62033.0609,-516011.4876,-437906.0003,-453978.4267
5626000,2342.6867,13864.1238,62142.6834,-516167.8791,-437818.3852,-454025.19570000004
5627000,2341.4144,13764.0613,61929.6037,-515618.1226,-437583.0432,-453688.5189
5628000,2360.4273,13847.3757,62230.2128,-516456.3684,-438018.3526,-454226.1556
5629000,2376.5933,13780.0828,62211.4639,-516230.0248,-437861.8848,-454018.56090000004
5630000,2369.3107,13906.0037,61684.7422,-515917.0684,-437957.0118,-454232.3262
5631000,2368.6777,13889.3393,61651.7076,-515527.9965,-437618.2719,-453876.2889
5632000,2361.687,13780.0883,61605.2745,-515103.0949,-437356.04510000005,-453497.8204
5633000,2396.853,13831.6813,61602.6628,-514764.4682,-436933.2711,-453161.8054
5634000,2357.6359,13828.6676,62508.4255,-516205.5462,-437510.8172,-453697.12069999997
5635000,2330.9391,13837.6398,61597.6017,-515082.2851,-437316.1045,-453484.6834
5636000,2371.7784,13819.481,62450.9023,-516243.1839,-437601.0222,-453792.2816
5637000,2352.9642,13881.7243,61770.9474,-515398.0708,-437392.4349,-453627.1234
5638000,2362.2347,13870.0528,61560.9311,-514457.8117,-436664.59310000006,-452896.88060000003
5639000,2347.9439,13829.072,62494.9122,-515781.7593,-437109.83119999996,-453286.84709999996
5640000,2339.2007,13676.3981,61875.6417,-516437.1567,-438545.9162,-454561.515
5641000,2362.5834,13811.4264,62194.6598,-515921.9312,-437553.26159999997,-453727.27139999997
5642000,2362.1029,13816.2663,62387.6464,-516713.9439,-438147.9283,-454326.2975
5643000,2337.9125,13719.2145,61850.2099,-514528.9708,-436621.6339,-452678.7609
5644000,2385.6469,13930.7778,61839.7127,-515470.153,-437314.0156,-453630.4403
5645000,2362.3912,13708.8091,62325.707,-516201.3116,-437804.4043,-453875.6046
5646000,2354.2409,13812.7389,61957.145,-515507.6735,-437383.5487,-453550.52849999996
5647000,2364.7215,13809.3716,62186.7106,-515831.2158,-437470.4121,-453644.5052
5648000,2358.5095,13880.6709,61954.2865,-515544.4333,-437350.9664,-453590.1468
5649000,2315.6554,13774.8087,62307.6159,-515922.3592,-437524.2792,-453614.74330000003
5650000,2367.5091,13853.3636,62572.8829,-516878.1828,-438084.42720000003,-454305.2999
5651000,2365.6194,13841.4304,62237.4187,-515871.1891,-437426.7206,-453633.77040000004
5652000,2358.9227,13809.3928,62036.1054,-515291.0735,-437086.65260000003,-453254.9681
5653000,2373.2636,13703.0209,62304.5279,-516063.4325,-437682.6201,-453758.9046
5654000,2344.4918,13812.3433,61583.0507,-514640.0298,-436900.14400000003,-453056.9791
5655000,2347.4702,13769.992,62018.6008,-516328.501,-438192.43799999997,-454309.9002
5656000,2364.4629,13844.4622,62075.4926,-515737.8689,-437453.4512,-453662.3763
5657000,2386.4192,13797.8629,61821.6182,-515117.6991,-437111.79880000005,-453296.08090000006
5658000,2369.8339,13778.3455,61430.1919,-515226.3576,-437647.9863,-453796.1657
5659000,2360.5189,13818.2174,62171.5999,-516205.858,-437855.5218,-454034.2581
5660000,2377.3324,13929.5292,62247.4061,-515818.4362,-437264.1685,-453571.0301
5661000,2360.8738,13859.2019,62008.7135,-515592.107,-437363.3178,-453583.3935
5662000,2361.4192,13911.1717,62380.9137,-516012.4684,-437358.9638,-453631.55470000004
5663000,2379.2693,13880.5851,61802.3137,-515706.3189,-437644.1508,-453904.0052
5664000,2379.5773,13870.6047,62309.3265,-516354.703,-437795.1945,-454045.37649999995
5665000,2325.4932,13682.3006,61908.339,-515361.5746,-437445.44180000003,-453453.2356
5666000,2390.7604,13809.1259,61858.6586,-515314.7613,-437256.21640000003,-453456.1027
5667000,2392.7683,13842.612,61595.3522,-514982.8582,-437152.12570000003,-453387.506
5668000,2378.4452,13837.7038,61741.3393,-515256.2802,-437298.79189999995,-453514.9409
5669000,2342.8956,13822.1342,61862.0609,-515228.0718,-437200.9811,-453366.0109
5670000,2317.789,13741.2228,62438.4049,-516077.5121,-437580.0954,-453639.10719999997
5671000,2367.5089,13782.3507,61851.2652,-514712.523,-436711.3982,-452861.25779999996
5672000,2346.9482,13805.0647,61762.8975,-515773.8244,-437858.914,-454010.92689999996
5673000,2318.7129,13787.3387,62490.8027,-516223.3925,-437626.5382,-453732.5898
5674000,2362.6944,13723.0723,61399.9809,-514813.1754,-437327.4278,-453413.1945
5675000,2339.4949,13765.1405,61957.8099,-515692.8561,-437630.41079999995,-453735.0462
5676000,2372.2312,13936.1957,61910.9436,-515357.369,-437137.9985,-453446.4254
5677000,2348.356,13794.1194,62303.8234,-515873.9144,-437427.6156,-453570.091
5678000,2362.3053,13864.8097,61926.6288,-515451.8755,-437298.1317,-453525.2467
5679000,2364.7432,13941.2086,61525.7749,-514727.8394,-436896.1127,-453202.0645
5680000,2361.6759,13841.5554,62139.6235,-516157.4552,-437814.6004,-454017.83170000004
5681000,2345.7053,13824.5215,62309.8004,-516146.1114,-437666.0842,-453836.311
5682000,2374.5693,13859.1303,62446.0052,-516393.7651,-437714.0603,-453947.7599
5683000,2321.1598,13800.153,62352.1264,-516150.1432,-437676.704,-453798.0168
5684000,2354.9413,13779.9387,62009.8955,-515806.4601,-437661.68460000004,-453796.56460000004
5685000,2339.0137,13840.3367,61943.3498,-514796.1607,-436673.4605,-452852.8109
5686000,2345.8424,13848.1956,61786.9468,-514968.6624,-436987.6776,-453181.7156
5687000,2381.0642,13840.4471,62018.1136,-516036.179,-437796.5541,-454018.0654
5688000,2343.9574,13757.4621,62185.3678,-515078.8727,-436792.0854,-452893.5049
5689000,2324.8875,13837.9724,61831.013,-515599.3496,-437605.4767,-453768.33660000004
5690000,2354.5712,13834.0231,61881.1553,-515463.0359,-437393.28630000004,-453581.88060000003
5691000,2346.3143,13915.8092,61637.4887,-515352.1227,-437452.5105,-453714.634
5692000,2380.6256,13897.0444,62118.3422,-515905.2663,-437509.2541,-453786.9241
5693000,2329.1811,13803.9091,62196.5816,-516194.8079,-437865.1361,-453998.22630000004
5694000,2384.2245,13875.3219,61618.2888,-515554.1139,-437676.2787,-453935.8251
5695000,2396.5718,13927.9292,61865.7496,-515762.9303,-437572.6797,-453897.1807
5696000,2364.8934,13891.6132,62025.2721,-516150.1757,-437868.397,-454124.9036
5697000,2340.3555,13840.5085,62118.4134,-516841.9522,-438542.67480000004,-454723.5388
5698000,2352.7873,13860.5332,62296.1056,-516431.3088,-437921.8827,-454135.2032
5699000,2361.3087,13857.5456,62027.2478,-516303.924,-438057.8219,-454276.6762
5700000,2345.4382,13849.8977,62375.6973,-516555.9223,-437984.8891,-454180.225
5701000,2350.744,13861.7354,61965.8139,-516091.7013,-437913.408,-454125.8874
5702000,2366.5685,13888.939,62011.1444,-516033.8865,-437767.2346,-454022.74210000003
5703000,2372.8337,13771.0638,62197.9048,-515933.8272,-437592.0249,-453735.9224
5704000,2352.1114,13914.8824,62250.8625,-515889.9874,-437372.1311,-453639.1249
5705000,2315.4121,13841.5706,62553.2878,-516207.2066,-437496.9361,-453653.9188
5706000,2355.6846,13882.9031,61949.4712,-515565.9546,-437377.8957,-453616.4834
5707000,2365.016,13958.2582,61759.0624,-515650.0704,-437567.73380000005,-453891.00800000003
5708000,2352.1761,13863.5162,61815.8647,-515897.6542,-437866.09719999996,-454081.7895
5709000,2358.6788,13890.2833,62221.6257,-515282.2966,-436811.7088,-453060.6709
5710000,2329.198,13826.7935,61949.1946,-515497.3252,-437392.13910000003,-453548.13060000003
5711000,2351.9854,13807.658,62722.7972,-516660.4857,-437778.0451,-453937.68850000005
5712000,2334.2056,13795.3264,62056.9689,-515959.7232,-437773.2223,-453902.75430000003
5713000,2345.7561,13822.9935,62074.7497,-515474.4129,-437230.91359999997,-453399.6632
5714000,2363.4842,13789.0745,62135.5381,-516080.6375,-437792.5407,-453945.0994
5715000,2333.8166,13841.114,62626.6406,-516996.0088,-438194.4376,-454369.3682
5716000,2365.5924,13940.5532,61761.6597,-515191.9732,-437124.1679,-453430.3135
5717000,2371.4197,13851.4423,61257.48,-514512.3119,-437031.96989999997,-453254.8319
5718000,2367.8967,13783.0829,61461.9774,-515368.4493,-437755.4923,-453906.4719
5719000,2357.3318,13837.7752,61804.5772,-515453.6448,-437453.9606,-453649.0676
5720000,2313.556,13866.7422,61891.326,-515869.9421,-437798.31789999997,-453978.6161
5721000,2347.3876,13885.8413,61802.6578,-515148.5346,-437112.6479,-453345.8768
5722000,2357.1456,13795.4639,62209.5424,-515931.789,-437569.6371,-453722.2466
5723000,2368.8741,13868.4416,61917.8708,-515435.689,-437280.5025,-453517.81820000004
5724000,2374.3372,13931.9521,62194.5105,-516126.5531,-437625.75330000004,-453932.04260000004
5725000,2360.9935,13900.1131,61792.2631,-515764.8162,-437711.4465,-453972.5531
5726000,2354.0525,13936.0856,61981.9329,-515326.2521,-437054.1811,-453344.31919999997
5727000,2357.7578,13860.1348,61877.0427,-514695.738,-436600.8027,-452818.6953
5728000,2344.0083,13900.7386,62116.6493,-516052.9258,-437691.5296,-453936.27650000004
5729000,2345.7324,13866.4629,61839.6904,-515196.864,-437144.9783,-453357.1736
5730000,2377.7365,13833.7277,61947.1661,-515917.2129,-437758.58259999997,-453970.0468
5731000,2347.8842,13799.0311,61730.5509,-514985.6597,-437108.19350000005,-453255.10880000005
5732000,2357.153,13849.0981,61811.5156,-515065.0444,-437047.27770000004,-453253.52880000003
5733000,2361.6543,13767.3654,62563.2088,-516142.2746,-437450.04610000004,-453579.0658
5734000,2353.342,13951.2884,62013.4759,-515629.7858,-437311.6795,-453616.3099
5735000,2363.1566,13829.4081,62344.0053,-516208.446,-437671.876,-453864.4407
5736000,2335.0454,13801.1548,63068.458,-517019.7904,-437815.1322,-453951.3324
5737000,2376.4099,13767.3398,62455.0729,-516183.4219,-437584.5993,-453728.34900000005
5738000,2336.7191,13704.3656,61909.4391,-514880.8169,-436930.2931,-452971.37779999996
5739000,2360.5611,13808.051,62889.2852,-517004.0996,-437946.2023,-454114.81440000003
5740000,2353.4134,13875.9105,62505.2272,-516614.3737,-437879.8226,-454109.1465
5741000,2344.5473,13808.9579,62146.7572,-515855.5756,-437555.3132,-453708.8184
5742000,2354.602,13806.8297,61906.1037,-515928.6492,-437861.1138,-454022.5455
5743000,2352.0239,13829.7046,61899.2743,-516496.3924,-438415.3896,-454597.1181
5744000,2349.4449,13902.6646,61792.2605,-515390.1601,-437345.7901,-453597.8996
5745000,2336.5938,13719.7147,62159.1124,-515642.9191,-437427.49820000003,-453483.8067
5746000,2363.2805,13786.251,61997.9113,-516547.3814,-438399.9386,-454549.47010000004
5747000,2371.3432,13818.1979,62129.4446,-515997.327,-437678.3413,-453867.8824
5748000,2365.5293,13781.947,62538.1777,-516643.3885,-437957.7345,-454105.2108
5749000,2370.7147,13785.326,62293.4986,-516519.4912,-438069.9519,-454225.9926
5750000,2337.7138,13778.1328,62407.7758,-516416.2385,-437892.6161,-454008.4627
5751000,2360.6759,13817.6226,62638.2158,-516594.8622,-437778.3479,-453956.64639999997
5752000,2361.1635,13907.5758,61891.3405,-515916.0173,-437755.9375,-454024.6768
5753000,2342.4796,13899.9104,62144.0957,-516125.9294,-437739.4437,-453981.8337
5754000,2362.6567,13784.2692,62356.7399,-516175.8813,-437672.2155,-453819.1414
5755000,2337.8021,13768.785,62334.1859,-515545.5726,-437104.7996,-453211.38670000003
5756000,2369.1199,13834.6804,61779.4716,-515416.0496,-437432.77770000004,-453636.57800000004
5757000,2342.618,13787.2922,61786.6783,-515512.1704,-437595.5819,-453725.49210000003
5758000,2349.3765,13925.7143,62016.4411,-515490.652,-437199.1201,-453474.2109
5759000,2325.1573,13864.2304,61961.6773,-515377.457,-437226.392,-453415.7797
5760000,2352.4401,13858.9401,62048.045,-515566.5843,-437307.1591,-453518.5393
5761000,2350.9779,13787.8583,62321.0394,-516122.3774,-437662.50179999997,-453801.338
5762000,2377.7199,13928.5202,61551.6791,-515025.0765,-437167.1573,-453473.3974
5763000,2347.467,13869.0243,61715.2445,-514771.417,-436839.6812,-453056.1725
5764000,2340.5052,13729.0601,62030.369,-514992.9736,-436893.03930000006,-452962.6046
5765000,2350.85,13850.9714,62070.965,-515501.4778,-437228.6914,-453430.5128
5766000,2348.2203,13803.5469,61832.5559,-515260.3303,-437276.0072,-453427.7744
5767000,2346.0699,13806.5391,61943.1406,-515861.2228,-437765.4732,-453918.0822
5768000,2337.1402,13823.2377,62390.7342,-516996.986,-438445.8739,-454606.25179999997
5769000,2324.8324,13789.984,62002.4108,-515807.4484,-437690.2212,-453805.0376
5770000,2381.2613,13829.377,61466.5986,-515125.2835,-437448.0466,-453658.6849
5771000,2370.0905,13838.25,62125.9788,-515921.6884,-437587.3691,-453795.7096
5772000,2346.4308,13754.7617,61339.008,-514945.0966,-437504.8961,-453606.0886
5773000,2360.9348,13821.2419,61613.8852,-515264.5409,-437468.47900000005,-453650.6557
5774000,2361.8029,13836.6077,61337.7157,-515307.309,-437771.1827,-453969.5933
5775000,2391.8041,13866.9784,62075.9818,-515991.3405,-437656.5762,-453915.3587
5776000,2361.4875,13786.4056,62403.4571,-516893.6815,-438342.3313,-454490.2244
5777000,2332.3303,13882.7155,61653.6815,-515721.7957,-437853.0684,-454068.1142
5778000,2359.7278,13848.3393,62292.0692,-516124.651,-437624.5147,-453832.58180000004
5779000,2369.9781,13724.9617,61882.3103,-515857.095,-437879.84489999997,-453974.78469999996
5780000,2352.7818,13791.8725,62512.7788,-516257.0768,-437599.6437,-453744.29799999995
5781000,2377.1098,13879.5591,62406.5908,-516009.3985,-437346.1388,-453602.8077
5782000,2356.0034,13803.2911,62235.552,-516439.5272,-438044.6807,-454203.9752
5783000,2385.5299,13869.9392,61979.8877,-515798.6496,-437563.2928,-453818.7619
5784000,2348.4416,13828.9478,61846.8202,-515635.6321,-437611.4225,-453788.8119
5785000,2362.289,13839.3262,62073.8468,-515628.6324,-437353.1704,-453554.7856
5786000,2354.424,13836.6631,62065.7375,-514872.3346,-436615.51,-452806.5971
5787000,2374.9245,13779.6385,62211.6837,-515935.1989,-437568.9522,-453723.5152
5788000,2378.5659,13836.5305,61633.2859,-514832.6556,-436984.2733,-453199.3697
5789000,2365.809,13815.2918,62310.7954,-515729.1935,-437237.2973,-453418.3981
5790000,2366.3718,13869.5958,62286.7191,-516768.3883,-438245.7016,-454481.6692
5791000,2345.9945,13803.6163,62522.0517,-516366.2137,-437694.5512,-453844.162
5792000,2354.7766,13883.4338,62043.8432,-516667.8411,-438385.78750000003,-454623.9979
5793000,2337.4367,13864.4015,62513.4097,-517105.0763,-438389.8284,-454591.6666
5794000,2381.9181,13900.6905,62581.613,-516492.8074,-437628.5858,-453911.1944
5795000,2358.4114,13750.0671,62146.8876,-515819.0046,-437563.6385,-453672.11699999997
5796000,2372.1696,13726.0741,62267.3518,-516375.9473,-438010.3518,-454108.5955
5797000,2360.2067,13784.2242,62296.4872,-517108.6916,-438667.7735,-454812.20440000005
5798000,2399.8102,13798.7774,61999.33,-516245.661,-438047.74340000004,-454246.331
5799000,2360.387,13867.209,62440.2536,-516805.6477,-438137.79809999996,-454365.3941
5800000,2330.3425,13782.622,61887.0607,-515586.7263,-437586.70109999995,-453699.66559999995
5801000,2365.7357,13752.198,62110.431,-515834.5194,-437606.15469999996,-453724.0884
5802000,2341.0717,13767.2852,62398.5321,-516711.3738,-438204.4848,-454312.8417
5803000,2374.5993,13783.0795,62535.0605,-516596.6082,-437903.8689,-454061.5477
5804000,2365.4476,13860.2969,61932.4635,-515416.3911,-437258.1831,-453483.9276
5805000,2344.7207,13756.8292,62190.3132,-516293.4514,-438001.5883,-454103.13820000004
5806000,2336.6401,13854.3638,62007.6321,-515592.5016,-437393.8656,-453584.86950000003
5807000,2368.8199,13838.2611,61889.1622,-515423.7687,-437327.5255,-453534.6065
5808000,2336.988,13882.744,62220.2236,-516223.731,-437783.77540000004,-454003.5074
5809000,2361.3924,13790.9866,62217.0373,-515831.4395,-437462.02319999994,-453614.40219999995
5810000,2371.3811,13829.2518,61858.5161,-514868.2262,-436809.07719999994,-453009.71009999997
5811000,2377.8977,13867.7081,62054.8138,-515374.5792,-437074.15959999996,-453319.7654
5812000,2366.2828,13851.1585,62073.9927,-515920.7939,-437629.3599,-453846.8012
5813000,2388.0796,13964.247,61691.1425,-515426.4892,-437383.0201,-453735.3467
5814000,2379.6635,13882.5479,62285.1973,-516056.5799,-437509.1712,-453771.3826
5815000,2387.0559,13874.0376,62026.2539,-516260.7385,-437973.3911,-454234.48459999997
5816000,2374.166,13856.8603,62230.8636,-516251.6458,-437789.7559,-454020.7822
5817000,2340.9951,13816.8992,62321.4725,-515676.5941,-437197.22729999997,-453355.12159999995
5818000,2374.0437,13845.3807,62146.7659,-515733.1522,-437366.9619,-453586.3863
5819000,2358.6976,13879.313,61431.0065,-514774.8985,-437105.8814,-453343.892
5820000,2361.5721,13812.4642,61106.6505,-514669.7252,-437389.03839999996,-453563.0747
5821000,2374.8335,13881.2745,62250.8795,-516172.7622,-437665.7747,-453921.8827
5822000,2369.0048,13757.561,61737.7433,-515718.6477,-437854.33859999996,-453980.9044
5823000,2391.0178,13864.9297,61795.7053,-515152.5225,-437100.86970000004,-453356.81720000005
5824000,2333.13,13797.4121,61875.3604,-515646.1509,-437640.24840000004,-453770.7905
5825000,2345.9981,13846.2045,61980.4454,-515824.1973,-437651.5493,-453843.75190000003
5826000,2333.8551,13998.5275,62464.2783,-516472.9775,-437676.31659999996,-454008.6992
5827000,2352.0304,13810.9375,61732.2845,-515032.7847,-437137.5323,-453300.5002
5828000,2383.5872,13824.1901,61431.8711,-514358.5654,-436718.917,-452926.69430000003
5829000,2368.7653,13903.4483,61889.6348,-515896.9432,-437735.09479999996,-454007.3084
5830000,2330.6969,13830.4617,61985.9176,-516568.9541,-438421.87789999996,-454583.0365
5831000,2362.4314,13857.2503,62088.619,-516253.1649,-437944.86419999995,-454164.54589999997
5832000,2376.6817,13887.0542,62296.1949,-516202.6013,-437642.6705,-453906.4064
5833000,2349.2562,13804.3548,62547.4811,-516530.1424,-437829.0503,-453982.66130000004
5834000,2356.6318,13832.0677,61964.6798,-515337.3898,-437184.0105,-453372.71
5835000,2348.5302,13661.4613,61975.9738,-515451.8038,-437465.8385,-453475.83
5836000,2361.7619,13840.2906,62428.0416,-516819.4312,-438189.3371,-454391.3896
5837000,2366.3294,13831.4179,62518.5487,-515862.2612,-437145.9652,-453343.7125
5838000,2335.6873,13825.1531,62290.555,-516605.9766,-438154.5812,-454315.4216
5839000,2378.9041,13857.2477,62269.3613,-516642.5781,-438137.065,-454373.2168
5840000,2380.7984,13786.586,61895.7797,-515145.1656,-437082.0015,-453249.3859
5841000,2361.3744,13941.8717,61960.8963,-515852.9672,-437588.8248,-453892.0709
5842000,2372.4841,13954.186,61748.3567,-515802.5365,-437727.5097,-454054.1798
5843000,2372.1322,13833.2821,62018.3574,-515680.831,-437457.0593,-453662.4736
5844000,2356.9542,13837.7799,62071.9523,-516183.259,-437916.5726,-454111.3067
5845000,2338.9962,13834.0818,61838.5553,-515061.8411,-437050.20780000003,-453223.2858
5846000,2319.2623,13831.7534,62324.9442,-516599.8731,-438123.9132,-454274.92890000006
5847000,2367.8956,13914.1741,62016.8763,-516135.2374,-437836.2914,-454118.3611
5848000,2347.9774,13756.3607,62686.9216,-516839.881,-438048.6213,-454152.9594
5849000,2366.9353,13888.1381,62217.5761,-516337.0513,-437864.4018,-454119.4752
5850000,2346.697,13862.6235,62134.7991,-515861.86,-437517.7404,-453727.0609
5851000,2387.2028,13907.9443,61657.5967,-515034.1721,-437081.4283,-453376.57540000003
5852000,2359.0682,13858.637,62399.0333,-516268.0795,-437651.341,-453869.0462
5853000,2358.7068,13823.9379,62468.944,-517103.5173,-438451.9286,-454634.5733
5854000,2341.413,13837.1051,61980.8896,-515947.8794,-437788.4717,-453966.9898
5855000,2342.2958,13755.9763,61651.6209,-515367.0923,-437617.19930000004,-453715.47140000004
5856000,2327.2988,13821.2168,61467.7864,-515418.7775,-437802.47550000006,-453950.99110000004
5857000,2370.8218,13795.5775,61942.4534,-515838.3915,-437729.53880000004,-453895.9381
5858000,2326.668,13918.5945,61494.8417,-514820.9022,-437080.798,-453326.0605
5859000,2394.1766,13873.3012,61831.9645,-516269.7359,-438170.29360000003,-454437.7714
5860000,2361.0348,13835.2093,62298.7706,-515920.7602,-437425.7455,-453621.98960000003
5861000,2398.8543,13920.5931,61832.9519,-515390.7268,-437238.3275,-453557.7749
5862000,2347.9293,13821.8258,61824.9414,-515466.9388,-437472.2423,-453641.9974
5863000,2361.9739,13844.7908,62475.6855,-516668.7128,-437986.2626,-454193.02729999996
5864000,2388.2525,13818.486,61907.2261,-515559.2437,-437445.2791,-453652.0176
5865000,2369.4159,13841.4501,61928.003,-515549.0362,-437410.16719999997,-453621.03319999995
5866000,2383.8257,13870.3514,61912.3763,-515445.1123,-437278.55889999995,-453532.736
5867000,2316.3395,13879.466,61656.5343,-514766.895,-436914.5552,-453110.3607
5868000,2322.7789,13829.5875,61839.3167,-515046.9018,-437055.21869999997,-453207.58509999997
5869000,2394.467,13823.4621,62129.0383,-515719.3672,-437372.3998,-453590.32889999996
5870000,2326.9368,13914.4531,61968.0782,-515741.8629,-437532.3948,-453773.7847
5871000,2365.5302,13713.5985,62831.471,-517350.3158,-438439.71609999996,-454518.84479999996
5872000,2369.6487,13794.9764,61668.1751,-515936.2549,-438103.4547,-454268.0798
5873000,2371.2573,13834.5505,61894.6948,-516057.121,-437956.6184,-454162.4262
5874000,2353.6742,13824.7454,62350.2369,-516160.5706,-437631.9141,-453810.33369999996
5875000,2355.8651,13806.073,62200.2271,-515962.1054,-437599.9402,-453761.8783
5876000,2356.179,13832.0399,62270.8022,-515949.196,-437490.1749,-453678.3938
5877000,2350.43,13932.6041,61750.0122,-515174.4205,-437141.3742,-453424.4083
5878000,2391.2982,13848.6391,61861.2882,-515399.5814,-437298.3559,-453538.2932
5879000,2389.5817,13878.8624,62154.9677,-515931.3072,-437507.8954,-453776.3395
5880000,2364.5848,13823.7298,62038.6383,-515927.5729,-437700.62,-453888.93460000004
5881000,2387.5115,13883.8648,62175.9089,-515914.7684,-437467.4832,-453738.8595
5882000,2364.5265,13793.3898,62197.6245,-516570.0927,-438214.55189999996,-454372.4682
5883000,2333.2078,13817.744,62049.1796,-515314.3814,-437114.25,-453265.20180000004
5884000,2368.1369,13914.1122,62373.5917,-516715.176,-438059.3352,-454341.5843
5885000,2363.0481,13915.5317,61605.7375,-515807.4172,-437923.09990000003,-454201.67970000004
5886000,2346.2686,13860.2544,62016.4624,-515834.017,-437611.0316,-453817.5546
5887000,2400.6379,13831.7943,62353.2797,-516709.5036,-438123.7917,-454356.2239
5888000,2403.2964,13828.1524,62431.7253,-516155.364,-437492.1899,-453723.6387
5889000,2380.5526,13882.2777,62605.5849,-516585.3915,-437716.97630000004,-453979.8066
5890000,2406.4626,13840.6619,61929.6857,-515760.2378,-437583.4276,-453830.5521
5891000,2358.0184,13900.5792,61995.5635,-515314.7718,-437060.61069999996,-453319.2083
5892000,2385.8288,13897.4562,61942.4566,-516171.083,-437945.3414,-454228.6264
5893000,2366.0041,13839.1998,62453.1609,-516455.893,-437797.52819999994,-454002.73209999996
5894000,2385.9297,13829.0424,62164.8289,-515734.8597,-437355.05869999994,-453570.03079999995
5895000,2350.5555,13745.1206,62263.9574,-516494.738,-438135.1045,-454230.7806
5896000,2372.7469,13833.2998,61896.3215,-515457.2979,-437354.9297,-453560.9764
5897000,2364.6985,13837.5678,61418.3405,-514604.1082,-436983.5014,-453185.7677
5898000,2350.2011,13848.4283,62477.1776,-516248.5744,-437572.7674,-453771.3968
5899000,2374.4874,13880.95,62277.809,-515925.0512,-437391.8048,-453647.2422
5900000,2337.2164,13742.2141,62481.4143,-516593.2576,-438032.41280000005,-454111.8433
5901000,2389.6158,13901.9116,62696.6805,-516803.6048,-437815.39689999993,-454106.92429999996
5902000,2361.5844,13830.2146,61916.3955,-515990.4362,-437882.2417,-454074.0407
5903000,2365.0688,13850.77,61468.9451,-515280.0847,-437595.3008,-453811.1396
5904000,2367.6717,13864.9351,61450.5174,-515293.2452,-437610.12100000004,-453842.7278
5905000,2393.7227,13792.8646,61655.7213,-515279.5091,-437437.20050000004,-453623.78780000005
5906000,2364.7095,13870.878,61992.6595,-515713.6744,-437485.42740000004,-453721.0149
5907000,2335.7231,13732.267,62098.4604,-516196.611,-438030.1605,-454098.1506
5908000,2370.3318,13808.7141,62121.4439,-516613.96,-438313.47020000004,-454492.5161
5909000,2375.2537,13790.3745,62297.1769,-516371.8701,-437909.065,-454074.6932
5910000,2371.916,13944.4918,62468.3683,-516925.0243,-438140.2482,-454456.65599999996
5911000,2339.4639,13853.5604,61851.0457,-515925.7692,-437881.6992,-454074.72349999996
5912000,2404.2991,13915.8326,62207.6394,-516208.4184,-437680.6473,-454000.77900000004
5913000,2369.2167,13859.5564,61516.4344,-514988.0297,-437242.82220000005,-453471.59530000004
5914000,2346.492,13886.5523,61913.2782,-515466.4022,-437320.0797,-453553.124
5915000,2350.7648,13824.0262,61723.8241,-515334.0791,-437435.464,-453610.255
5916000,2345.9536,13855.1228,61632.6867,-514930.0641,-437096.30100000004,-453297.3774
5917000,2350.9587,13911.6584,61755.4282,-515031.5566,-437013.5113,-453276.1284
5918000,2318.9231,13803.2856,61991.4827,-515463.1704,-437349.479,-453471.6877
5919000,2329.3865,13811.6843,62083.6562,-514927.4507,-436702.7237,-452843.79449999996
5920000,2361.9487,13847.677,62057.7431,-515733.1284,-437465.7596,-453675.38529999997
5921000,2371.5979,13917.7869,62223.2096,-516381.4609,-437868.8665,-454158.2513
5922000,2356.4836,13821.5009,62487.5597,-516654.6993,-437989.1551,-454167.1396
5923000,2349.027,13884.8944,61965.2345,-516247.904,-438048.74809999997,-454282.66949999996
5924000,2351.3016,13856.4766,61511.9477,-514998.6291,-437278.90320000006,-453486.6814
5925000,2367.8143,13852.401,62646.7375,-516207.6414,-437340.6886,-453560.90390000003
5926000,2320.1624,13806.8342,61588.377,-515378.568,-437663.19440000004,-453790.19100000005
5927000,2358.0397,13887.979,62497.5481,-515707.0109,-436963.44409999996,-453209.4628
5928000,2320.2307,13875.198,62083.5347,-515916.7511,-437637.7877,-453833.2164
5929000,2362.0792,13861.5995,62023.2357,-515876.2551,-437629.3407,-453853.0194
5930000,2310.6996,13762.5681,62099.7654,-516075.1294,-437902.0963,-453975.364
5931000,2352.9974,13798.6602,61918.2993,-515631.1691,-437561.2122,-453712.8698
5932000,2343.1334,13794.4623,62161.6404,-515839.9007,-437540.6646,-453678.2603
5933000,2343.9894,14013.3367,62494.1899,-516516.0021,-437664.4861,-454021.8122
5934000,2384.0727,13864.9025,61672.2182,-514906.4746,-436985.2812,-453234.2564
5935000,2382.0888,13782.0944,61943.7875,-514844.8504,-436736.8797,-452901.0629
5936000,2358.9994,13740.3974,61725.9519,-514820.956,-436995.60730000003,-453095.0041
5937000,2368.3865,13885.4707,62471.2538,-516256.9516,-437531.8406,-453785.69779999997
5938000,2348.0567,13744.7662,62235.6325,-516060.6843,-437732.2289,-453825.0518
5939000,2338.4189,13867.1654,62244.205,-516408.397,-437958.6077,-454164.192
5940000,2361.3367,13859.6738,62124.0434,-516242.0261,-437896.9722,-454117.9827
5941000,2362.2257,13868.3223,61709.3414,-515586.3558,-437646.46640000003,-453877.01440000004
5942000,2365.2397,13877.3255,62130.7,-515832.3585,-437459.09329999995,-453701.65849999996
5943000,2354.9653,13761.0954,62444.1627,-516394.8627,-437834.6393,-453950.7
5944000,2337.6046,13851.2108,62030.696,-516465.2086,-438245.6972,-454434.5126
5945000,2373.5644,13746.2177,62461.1239,-515885.7102,-437304.80419999996,-453424.58629999997
5946000,2328.4828,13795.4463,62085.6407,-515829.1753,-437619.6055,-453743.5346
5947000,2342.7221,13829.998,61964.0632,-515672.4837,-437535.7004,-453708.4205
5948000,2361.5706,13872.2629,62008.2026,-515919.5819,-437677.54579999996,-453911.3793
5949000,2363.2493,13851.6712,62384.824,-516216.8285,-437617.08400000003,-453832.0045
5950000,2345.9407,13821.5268,61650.9523,-515690.4511,-437872.03130000003,-454039.4988
5951000,2366.2705,13817.0297,62471.7415,-517048.6605,-438393.6188,-454576.919
5952000,2353.9031,13830.6555,62147.9395,-515865.1956,-437532.6975,-453717.2561
5953000,2349.6638,13854.9371,62408.4683,-516545.3224,-437932.25320000004,-454136.8541
5954000,2341.5346,13776.9083,62369.8666,-516371.9789,-437883.6694,-454002.1123
5955000,2317.902,13735.2219,62228.6045,-516801.173,-438519.4446,-454572.5685
5956000,2366.691,13885.0154,61627.747,-515210.4258,-437330.9724,-453582.6788
5957000,2368.5944,13915.402,61585.9846,-514951.1595,-437081.17850000004,-453365.1749
5958000,2342.6036,13945.226,62017.9977,-515413.0473,-437107.22,-453395.04959999997
5959000,2365.9889,13878.7502,61648.191,-515383.6917,-437490.7616,-453735.50070000003
5960000,2369.3871,13888.4223,61944.5203,-516036.7594,-437834.4297,-454092.2391
5961000,2333.7274,13751.0586,62110.6839,-515981.6388,-437786.16890000005,-453870.9549
5962000,2385.5608,13797.3029,61991.4207,-515288.9267,-437114.6423,-453297.506
5963000,2352.1809,13872.8393,62118.8605,-516238.8875,-437895.0068,-454120.027
5964000,2332.8396,13802.23,62041.789,-515301.9552,-437125.09660000005,-453260.16620000004
5965000,2348.1084,13822.73,62089.0257,-515694.524,-437434.65989999997,-453605.4983
5966000,2370.2092,13888.5319,61758.7422,-515420.2147,-437402.73140000005,-453661.47250000003
5967000,2338.1386,13736.7739,62023.1959,-515749.4179,-437651.3095,-453726.222
5968000,2347.0886,13916.0409,62152.9141,-515643.3347,-437227.29110000003,-453490.4206
5969000,2369.8411,13843.4633,62192.6293,-516185.9998,-437780.0661,-453993.37049999996
5970000,2356.375,13955.3505,62045.6826,-515631.9212,-437274.5131,-453586.2386
5971000,2376.6572,13761.5604,61800.2151,-515270.5137,-437332.081,-453470.2986
5972000,2350.119,13787.5324,62410.7185,-516869.7363,-438321.3664,-454459.0178
5973000,2340.9012,13880.8468,62036.5218,-515817.3707,-437559.1009,-453780.84890000004
5974000,2346.8453,13837.9298,61627.5087,-514884.0011,-437071.7173,-453256.4924
5975000,2356.4789,13924.5954,62065.212,-515597.8488,-437251.5625,-453532.6368
5976000,2365.6091,13866.9925,61885.2886,-515089.5221,-436971.63190000004,-453204.2335
5977000,2343.382,13813.1446,62123.12,-516548.0058,-438268.35919999995,-454424.8858
5978000,2323.606,13855.5158,62073.8826,-516199.6013,-437946.5969,-454125.71869999997
5979000,2352.4196,13913.7937,62464.1275,-516839.6452,-438109.3044,-454375.5177
5980000,2369.9873,13913.9553,61836.1192,-515434.091,-437314.0292,-453597.9718
5981000,2376.4407,13867.5675,62113.9272,-516112.2062,-437754.2708,-453998.27900000004
5982000,2350.2447,13847.1767,62282.9322,-515790.4117,-437310.0581,-453507.4795
5983000,2371.5012,13894.0013,61777.202,-515651.3833,-437608.6788,-453874.1813
5984000,2354.4127,13724.5166,61818.268,-515730.2132,-437833.0159,-453911.9452
5985000,2361.3225,13897.4371,61882.3137,-515670.1527,-437529.0794,-453787.839
5986000,2381.7449,13894.3742,61863.5854,-515051.3105,-436911.606,-453187.72510000004
5987000,2368.5676,13833.5475,61943.0739,-515346.2878,-437201.0988,-453403.2139
5988000,2341.4585,13858.439,61994.3213,-515719.8315,-437525.61269999994,-453725.51019999996
5989000,2389.1615,13872.2861,62324.5846,-516380.6744,-437794.6422,-454056.0898
5990000,2359.9271,13787.0887,62226.1964,-515695.8943,-437322.6821,-453469.69789999997
5991000,2378.8132,13789.3151,61712.7844,-515362.4351,-437481.5224,-453649.6507
5992000,2362.5952,13840.0992,62628.1669,-516579.469,-437748.6077,-453951.3021
5993000,2360.8585,13806.4854,62323.0822,-515722.8936,-437232.4675,-453399.8114
5994000,2410.4177,13901.2416,61944.1854,-515600.727,-437344.8823,-453656.5416
5995000,2352.4725,13851.8165,62050.7658,-515426.8428,-437171.788,-453376.077
5996000,2363.9296,13729.0875,61822.3588,-515108.8767,-437193.50080000004,-453286.51790000004
5997000,2351.2764,13882.1112,61859.3905,-515653.3686,-437560.5905,-453793.9781
5998000,2368.5092,13774.6765,62000.2602,-515657.5008,-437514.0549,-453657.24059999996
5999000,2365.5369,13838.5477,61008.9831,-514888.3639,-437675.2962,-453879.3808
6000000,2384.9547,13880.9473,61760.1997,-515189.0557,-437162.954,-453428.856
6001000,2375.8268,13815.0385,61706.5386,-515925.5376,-438028.1337,-454218.99899999995
6002000,2365.5494,13826.2632,62536.1596,-516780.6509,-438052.6787,-454244.4913
6003000,2368.7732,13920.6934,61824.8815,-515730.1958,-437615.8477,-453905.31429999997
6004000,2358.4073,13880.9182,61979.281,-515813.6791,-437595.0726,-453834.3981
6005000,2378.8186,13884.6891,62565.0349,-516569.8586,-437741.316,-454004.82369999995
6006000,2390.7492,13874.8707,61899.7606,-515555.2933,-437389.91280000005,-453655.53270000004
6007000,2354.1618,13769.6816,62084.6717,-514980.0616,-436771.5465,-452895.3899
6008000,2314.0737,13751.45,62190.6422,-515700.5627,-437444.3968,-453509.9205
6009000,2372.432,13682.4138,61854.1674,-515778.6081,-437869.5949,-453924.44070000004
6010000,2345.2146,13726.7685,62021.7779,-515582.4267,-437488.6657,-453560.6488
6011000,2336.7192,13862.8657,61965.0543,-516018.9944,-437854.3552,-454053.9401
6012000,2352.6246,13820.3779,62051.0629,-516202.6335,-437978.56810000003,-454151.5706
6013000,2360.4108,13848.8822,62117.6142,-516018.2547,-437691.3475,-453900.6405
6014000,2348.795,13802.1984,62040.3516,-515926.8458,-437735.50080000004,-453886.4942
6015000,2373.2568,13757.6908,61732.0955,-515007.6817,-437144.6386,-453275.5862
6016000,2342.1496,13878.1723,62402.9584,-516079.9457,-437456.6654,-453676.9873
6017000,2383.4846,13825.153,61820.3156,-515340.7898,-437311.83660000004,-453520.47420000006
6018000,2380.076,13880.9367,62221.4805,-516096.7879,-437614.29469999997,-453875.3074
6019000,2375.2873,13894.056,62557.8065,-516908.7562,-438081.6064,-454350.9497
6020000,2357.8892,13793.2732,61841.1923,-515345.1737,-437352.819,-453503.9814
6021000,2362.6932,13835.8601,62020.021,-515853.155,-437634.58070000005,-453833.134
6022000,2352.2712,13748.4811,62222.5545,-516464.8947,-438141.58790000004,-454242.3402
6023000,2340.0447,13843.8021,62605.6104,-516717.6986,-437928.2414,-454112.0882
6024000,2361.8454,13862.8639,62512.5681,-516414.5936,-437677.3162,-453902.02550000005
6025000,2337.0745,13823.1746,62124.6818,-515892.9184,-437607.98750000005,-453768.2366
6026000,2355.4451,13783.4516,61890.5394,-515341.634,-437312.1979,-453451.0946
6027000,2347.6349,13920.0905,62031.5293,-515828.4239,-437529.1692,-453796.8946
6028000,2410.0717,13850.8249,62217.6267,-516160.3998,-437681.8765,-453942.7731
6029000,2374.668,13874.3203,62348.802,-516149.342,-437551.5517,-453800.54
6030000,2355.6903,13779.2144,62131.6584,-516547.207,-438280.6439,-454415.5486
6031000,2334.0344,13902.8311,62207.671,-516222.1047,-437777.56820000004,-454014.43370000005
6032000,2407.496,13872.8483,62096.271,-515421.7137,-437045.0984,-453325.4427
6033000,2378.8894,13794.7534,62057.5383,-516334.5899,-438103.40880000003,-454277.0516
6034000,2357.9061,13718.7769,62402.6187,-516036.1334,-437556.8317,-453633.5147
6035000,2324.7019,13730.5994,62042.8883,-515502.6592,-437404.4696,-453459.7709
6036000,2342.5416,13806.9935,61922.1849,-516317.3285,-438245.6085,-454395.1436
6037000,2380.0623,13757.3568,62038.0734,-516058.8903,-437883.39780000004,-454020.81690000003
6038000,2353.5884,13847.0325,62184.7615,-515694.2561,-437308.8737,-453509.4946
6039000,2338.9277,13805.9013,61807.6783,-515843.4117,-437890.9044,-454035.7334
6040000,2371.8177,13769.0181,62264.3147,-516692.3114,-438287.1609,-454427.9967
6041000,2378.5644,13866.0487,61739.2996,-515917.7122,-437933.7995,-454178.41260000004
6042000,2366.9522,13866.7045,62004.6166,-515670.3081,-437432.0348,-453665.6915
6043000,2349.1731,13771.1235,62096.3425,-515179.0546,-436962.4155,-453082.7121
6044000,2323.2486,13811.5791,62685.0687,-516385.5613,-437565.6649,-453700.4926
6045000,2342.7753,13818.1059,62028.0202,-515584.8962,-437395.9948,-453556.87600000005
6046000,2352.9982,13727.4215,62649.4298,-516697.6773,-437967.82779999997,-454048.2475
6047000,2366.1262,13779.4056,62406.2641,-515905.1699,-437353.37399999995,-453498.90579999995
6048000,2327.8505,13805.9714,62723.3258,-517049.6247,-438192.47699999996,-454326.2989
6049000,2334.5444,13841.8809,61813.691,-514990.1066,-436999.9903,-453176.4156
6050000,2369.4772,13765.7457,62206.8863,-515267.2475,-436925.1383,-453060.3612
6051000,2346.4053,13843.3397,62106.5798,-516210.7195,-437914.3947,-454104.1397
6052000,2353.0034,13810.3893,61943.2758,-515701.3073,-437594.63879999996,-453758.0315
6053000,2358.1338,13771.4653,62265.1288,-515848.8666,-437454.1387,-453583.7378
6054000,2305.2221,13843.4113,62365.9582,-516562.5083,-438047.9167,-454196.5501
6055000,2351.4387,13736.4382,61722.7387,-515873.963,-438063.34739999997,-454151.2243
6056000,2340.3726,13862.7906,62096.5323,-515746.2139,-437446.51839999994,-453649.68159999995
6057000,2358.3699,13824.8138,62419.673,-515991.5218,-437388.6651,-453571.8488
6058000,2367.9733,13913.9752,61719.3122,-515405.6789,-437404.4182,-453686.3667
6059000,2353.5007,13763.9129,62198.9364,-515907.9074,-437591.55740000005,-453708.971
6060000,2411.1474,13841.6666,61931.0276,-515619.6619,-437435.8203,-453688.63430000003
6061000,2380.9569,13815.2814,62002.2458,-516191.2969,-437992.8128,-454189.05110000004
6062000,2346.8436,13728.1063,62248.9289,-516012.1111,-437688.2323,-453763.1822
6063000,2313.5606,13873.3035,61900.2616,-516247.8051,-438160.6794,-454347.5435
6064000,2339.015,13736.3457,61985.8065,-515777.5163,-437716.3491,-453791.7098
6065000,2343.1223,13806.5219,61918.9618,-516213.0463,-438144.4403,-454294.0845
6066000,2340.976,13898.6722,62431.5605,-516119.1112,-437447.90249999997,-453687.55069999996
6067000,2355.0979,13785.3704,62285.2915,-516555.2427,-438129.4829,-454269.9512
6068000,2337.793,13839.9638,61918.1299,-516046.6095,-437950.7228,-454128.4796
6069000,2379.6259,13758.8308,62082.4241,-516255.8819,-438035.0011,-454173.4578
6070000,2367.5807,13903.2418,62760.5968,-516946.0206,-437914.6013,-454185.4238
6071000,2342.2039,13764.1508,62038.6036,-516072.53,-437927.57170000003,-454033.9264
6072000,2373.1284,13830.0708,61610.2281,-515448.1878,-437634.76050000003,-453837.9597
6073000,2353.2461,13862.1466,61518.9179,-515279.1094,-437544.7988,-453760.1915
6074000,2378.448,13835.6894,62392.1752,-516119.5972,-437513.2846,-453727.422
6075000,2371.881,13796.7181,62004.0815,-515146.5864,-436973.90579999995,-453142.50489999994
6076000,2341.1271,13877.7499,62156.6086,-516019.07,-437643.5844,-453862.46140000003
6077000,2365.7925,13785.0214,62073.4181,-515706.0334,-437481.8014,-453632.6153
6078000,2347.8406,13837.1944,62387.2263,-515789.9356,-437217.6743,-453402.70930000005
6079000,2351.5256,13801.8214,61666.4474,-515331.6702,-437511.8758,-453665.2228
6080000,2339.4462,13821.0178,61467.759,-514576.1478,-436947.9248,-453108.38879999996
6081000,2343.0354,13818.4449,62315.771,-516759.4634,-438282.2121,-454443.6924
6082000,2328.7995,13820.2835,61578.8737,-514706.9239,-436978.9672,-453128.0502
6083000,2353.21,13911.2697,62198.9259,-515332.7223,-436869.3167,-453133.7964
6084000,2347.1622,13821.5651,61967.7524,-515884.8453,-437748.3656,-453917.0929
6085000,2375.2628,13836.4391,61937.3915,-515032.8332,-436883.7398,-453095.44169999997
6086000,2321.1609,13822.0929,61865.6192,-515243.9354,-437235.06240000005,-453378.3162
6087000,2358.9001,13872.7515,61652.274,-515322.9099,-437438.9843,-453670.63590000005
6088000,2357.0104,13720.1161,62054.1725,-515634.2046,-437502.9056,-453580.0321
6089000,2370.8613,13890.8798,62479.039,-516890.4355,-438149.65540000005,-454411.39650000003
6090000,2351.6479,13898.0563,62004.4392,-515249.8002,-436995.6568,-453245.361
6091000,2357.4962,13812.542,62158.9843,-516009.6906,-437680.6681,-453850.70629999996
6092000,2355.7735,13866.3852,62238.5515,-516127.2085,-437666.4983,-453888.657
6093000,2308.2323,13880.1487,62524.2013,-516814.3224,-438101.7401,-454290.1211
6094000,2341.9164,13777.5068,62584.0418,-516618.8337,-437915.3687,-454034.7919
6095000,2350.5058,13799.9417,62103.6524,-515404.1935,-437150.0936,-453300.5411
6096000,2356.037,13799.2635,62269.1011,-516020.7389,-437596.3373,-453751.6378
6097000,2337.0957,13757.5967,62089.8871,-515699.2572,-437514.6777,-453609.3701
6098000,2388.5692,13798.4724,62197.6423,-515823.2297,-437438.5458,-453625.5874
6099000,2330.4139,13851.2964,61690.3254,-515854.4446,-437982.4089,-454164.11919999996
6100000,2327.9446,13807.362,62351.4151,-516726.8612,-438240.1395,-454375.4461
6101000,2332.7921,13887.4536,61923.3034,-516061.6495,-437918.1004,-454138.3461
6102000,2344.4101,13802.6737,62185.1645,-516347.2158,-438014.9675,-454162.0513
6103000,2334.0847,13778.8258,62360.7672,-516150.9059,-437677.2282,-453790.1387
6104000,2332.0071,13817.1509,61811.5746,-515670.7698,-437710.0372,-453859.1952
6105000,2332.8823,13607.1646,62164.2038,-515595.937,-437491.68629999994,-453431.73319999996
6106000,2371.318,13762.3323,61596.1639,-515139.8606,-437410.0464,-453543.69670000003
6107000,2355.3789,13728.9525,62168.4341,-516000.091,-437747.32550000004,-453831.6569
6108000,2362.7647,13794.1303,61718.2715,-515549.587,-437674.4205,-453831.3155
6109000,2364.2622,13787.2546,62155.1464,-515649.4714,-437342.80819999997,-453494.32499999995
6110000,2391.4219,13832.2069,62383.4822,-516977.8506,-438370.7396,-454594.36840000004
6111000,2374.8924,13837.7513,61934.9488,-515405.1472,-437257.5547,-453470.1984
6112000,2332.3658,13697.003,61670.349,-515439.493,-437739.77520000003,-453769.14400000003
6113000,2353.9131,13873.7411,62289.1444,-516373.6472,-437856.8486,-454084.5028
6114000,2335.473,13893.1789,61961.479,-515458.9508,-437268.8199,-453497.4718
6115000,2326.3158,13892.2247,61830.4071,-515663.9731,-437615.0255,-453833.566
6116000,2338.5648,13831.3323,61290.9308,-515144.3582,-437683.5303,-453853.42740000004
6117000,2300.3305,13716.3553,61720.5396,-514701.671,-436964.4456,-452981.13139999995
6118000,2324.3162,13763.6669,61280.2529,-514201.8602,-436833.62419999996,-452921.6073
6119000,2330.988,13815.7297,61807.5807,-515475.2003,-437520.90190000006,-453667.61960000003
6120000,2356.7271,13760.9483,62125.3474,-516200.3329,-437957.3101,-454074.98549999995
6121000,2375.7428,13822.4202,62318.2972,-516385.6395,-437869.17929999996,-454067.3423
6122000,2350.8269,13785.8588,61861.896,-514932.9575,-436934.37580000004,-453071.0615
6123000,2356.2984,13868.3823,62212.2389,-515753.5372,-437316.6176,-453541.2983
6124000,2371.8476,13952.0504,61717.5854,-515111.6374,-437070.154,-453394.052
6125000,2328.5087,13732.2594,62399.1258,-515725.3592,-437265.46530000004,-453326.2334
6126000,2372.6552,13768.3336,61577.2081,-514530.8001,-436812.6032,-452953.592
6127000,2332.6031,13852.5887,61627.921,-514476.6892,-436663.5764,-452848.76820000005
6128000,2306.3053,13815.9617,61555.3246,-514963.7688,-437286.17720000003,-453408.4442
6129000,2333.1361,13742.5913,62077.496,-515694.4643,-437541.2409,-453616.9683
6130000,2346.3657,13744.119,62237.3322,-515292.4912,-436964.67429999996,-453055.159
6131000,2319.0391,13727.7238,61524.5865,-514594.3307,-437022.9813,-453069.7442
6132000,2354.2151,13728.8317,62529.4278,-516248.3524,-437635.87779999996,-453718.92459999997
6133000,2339.5883,13798.5996,61572.5044,-514778.005,-437067.3127,-453205.5006
6134000,2366.774,13894.047,61670.6337,-515566.1097,-437634.65499999997,-453895.47599999997
6135000,2367.8522,13758.6903,61653.5322,-515152.2531,-437372.1784,-453498.72089999996
6136000,2356.1594,13811.8784,61643.4878,-515535.6567,-437724.1311,-453892.1689
6137000,2352.5907,13802.817,61423.6871,-514701.7288,-437122.63399999996,-453278.0417
6138000,2376.606,13938.2333,61984.1715,-515663.8278,-437364.81700000004,-453679.65630000003
6139000,2349.3014,13895.9728,62199.4739,-515970.5023,-437525.75419999997,-453771.0284
6140000,2355.6259,13775.125,61963.5728,-515866.1941,-437771.8704,-453902.6213
6141000,2349.4688,13788.8066,62221.2834,-516236.0754,-437876.5166,-454014.79199999996
6142000,2385.4913,13881.6748,62028.2367,-516056.9879,-437761.5851,-454028.7512
6143000,2348.964,13765.8584,61302.1145,-515412.3766,-437995.4397,-454110.2621
6144000,2356.2553,13885.745,61879.5559,-515743.295,-437621.7388,-453863.7391
6145000,2364.9746,13826.0204,62176.1424,-515504.9727,-437137.8353,-453328.8303
6146000,2344.6792,13848.387,62429.8184,-516194.8339,-437571.94930000004,-453765.01550000004
6147000,2341.094,13835.8274,62126.0555,-516554.0421,-438251.0652,-454427.9866
6148000,2377.5351,13925.9636,62508.7295,-516949.5707,-438137.34249999997,-454440.84119999997
6149000,2376.289,13779.7994,62093.8939,-515909.7025,-437659.7202,-453815.8086
6150000,2361.1759,13814.1024,61698.6436,-514945.3339,-437071.412,-453246.6903
6151000,2394.669,13926.9433,61935.8114,-515934.1361,-437676.7124,-453998.3247
6152000,2344.6156,13777.7744,62438.5999,-515884.2531,-437323.2632,-453445.65319999994
6153000,2357.3268,13763.5582,61610.7935,-514879.8814,-437148.20290000003,-453269.08790000004
6154000,2352.2219,13927.0626,62214.2932,-516448.1654,-437954.58770000003,-454233.8722
6155000,2363.3873,13766.8189,61963.5604,-516319.7482,-438225.98159999994,-454356.18779999996
6156000,2376.0853,13982.6268,61772.189,-515768.7859,-437637.8848,-453996.5969
6157000,2364.8131,13906.6453,61738.152,-515429.9574,-437420.347,-453691.8054
6158000,2386.0958,13961.5976,61762.7355,-516139.4772,-438029.0483,-454376.7417
6159000,2330.3622,13844.5117,61710.1753,-515268.734,-437383.6848,-453558.5587
6160000,2345.2263,13914.9432,62032.1889,-516037.3768,-437745.01840000006,-454005.1879
6161000,2308.6416,13820.2371,61761.5641,-515498.9232,-437608.4804,-453737.3591
6162000,2343.9021,13791.8434,61665.5453,-515005.1334,-437203.8426,-453339.5881
6163000,2326.5879,13840.6731,61447.8818,-514282.4928,-436667.35,-452834.61100000003
6164000,2325.4935,13862.2641,61529.4834,-514949.5189,-437232.27790000004,-453420.0355
6165000,2369.8975,13845.4596,62175.7286,-515912.7623,-437521.6766,-453737.0337
6166000,2356.1062,13829.975,62329.973,-516500.4001,-437984.3459,-454170.42710000003
6167000,2345.6439,13865.9811,61564.5703,-515172.567,-437396.3717,-453607.99669999996
6168000,2335.6329,13798.2555,61708.0297,-515115.8661,-437273.948,-453407.8364
6169000,2346.9726,13771.177,62121.1978,-516096.6828,-437857.3354,-453975.485
6170000,2375.317,13809.5603,62231.0639,-516576.5673,-438160.6261,-454345.5034
6171000,2356.7706,13825.599,62020.1183,-515789.1479,-437586.66,-453769.0296
6172000,2393.1984,13876.9324,62170.1289,-516343.0133,-437902.7536,-454172.8844
6173000,2342.2866,13813.1284,61892.8512,-515880.4624,-437832.1962,-453987.61120000004
6174000,2354.0356,13774.3905,62005.0787,-516328.161,-438194.6562,-454323.0823
6175000,2381.6472,13954.8047,61844.5018,-516179.6544,-437998.7007,-454335.15260000003
6176000,2338.7906,13865.621,61901.0843,-516182.5663,-438077.07039999997,-454281.482
6177000,2374.5123,13903.5066,62254.9781,-516862.3535,-438329.3565,-454607.3754
6178000,2357.4713,13777.1138,62766.8695,-516189.3898,-437287.9352,-453422.5203
6179000,2305.4945,13948.1159,61789.2043,-514907.048,-436864.2333,-453117.8437
6180000,2362.6423,13919.6712,62031.6059,-515861.0214,-437547.102,-453829.4155
6181000,2301.8412,13789.3783,62158.0714,-515452.2318,-437202.94090000005,-453294.1604
6182000,2370.4817,13862.076,62397.7711,-515914.0078,-437283.679,-453516.2367
6183000,2347.5254,13758.2578,62304.2926,-515861.8612,-437451.7854,-453557.5686
6184000,2360.4088,13723.8298,62047.1596,-515883.5791,-437752.1809,-453836.41949999996
6185000,2333.1662,13787.8383,61849.2499,-515873.3644,-437903.11,-454024.1145
6186000,2341.9598,13740.2902,62271.2897,-515997.6929,-437644.15320000006,-453726.4032
6187000,2336.8032,13848.0259,62315.9249,-517103.5375,-438602.78349999996,-454787.6126
6188000,2365.6089,13873.9556,62104.3236,-515651.6316,-437307.7435,-453547.308
6189000,2343.1669,13843.3422,62002.0131,-515684.7269,-437496.2047,-453682.7138
6190000,2335.9034,13716.9607,61806.4957,-515672.2329,-437812.87309999997,-453865.7372
6191000,2347.5799,13866.4105,62007.2184,-516161.4489,-437940.24010000005,-454154.2305
6192000,2361.7953,13820.138,61974.5764,-515613.5152,-437457.0055,-453638.9388
6193000,2370.6851,13858.5348,61770.4448,-516281.3901,-438281.7254,-454510.9453
6194000,2334.8468,13874.0155,61784.0879,-515317.7728,-437324.82259999996,-453533.6849
6195000,2346.033,13837.713,62743.8117,-516789.9821,-437862.4244,-454046.1704
6196000,2330.2103,13781.0188,61624.237,-514916.8739,-437181.4078,-453292.6369
6197000,2360.1843,13782.8476,62442.398,-516341.0757,-437755.6458,-453898.6777
6198000,2334.5896,13836.5232,62103.3782,-516431.1795,-438156.68850000005,-454327.80130000005
6199000,2324.7969,13733.9182,62554.1495,-516314.1236,-437701.25899999996,-453759.9741
6200000,2371.4549,13879.7797,61769.2284,-515239.8073,-437219.3443,-453470.57889999996
6201000,2313.9318,13814.6065,61695.7316,-515185.0562,-437360.7863,-453489.3246
6202000,2379.3146,13900.3985,61652.3382,-515532.8143,-437600.76300000004,-453880.4761
6203000,2339.2926,13917.3664,61632.617,-515635.0452,-437745.7692,-454002.42819999997
6204000,2296.2459,13800.5191,61952.4722,-515644.5503,-437595.3131,-453692.0781
6205000,2342.2243,13717.3578,62276.9937,-516101.2057,-437764.6299,-453824.212
6206000,2383.9339,13895.6064,62232.8138,-516307.6456,-437795.2915,-454074.8318
6207000,2351.0204,13801.6731,62192.305,-515755.2134,-437410.2149,-453562.9084
6208000,2328.0939,13849.1231,62030.4412,-516105.0014,-437897.3432,-454074.5602
6209000,2363.3087,13817.6397,62091.1407,-515754.0041,-437481.91500000004,-453662.86340000003
6210000,2343.4232,13762.4849,62096.0131,-515694.8364,-437492.9152,-453598.8233
6211000,2338.3792,13782.5543,62498.9438,-515846.7221,-437226.8448,-453347.7783
6212000,2349.4904,13888.4789,62509.1337,-516719.0697,-437971.9667,-454209.936
6213000,2334.6455,13863.0798,62131.4892,-516267.9256,-437938.7111,-454136.4364
6214000,2338.9798,13729.0991,61873.9129,-515007.1475,-437065.1557,-453133.2346
6215000,2348.7499,13816.8452,62042.4311,-515927.8525,-437719.82629999996,-453885.4214
6216000,2350.9994,13832.3572,61997.6061,-515737.8325,-437556.8698,-453740.22640000004
6217000,2336.8176,13802.3451,61817.351,-515848.5429,-437892.0292,-454031.1919
6218000,2342.3877,13845.4561,62010.2487,-515916.8996,-437718.8071,-453906.6509
6219000,2359.2512,13823.3915,62341.7357,-516371.8714,-437847.493,-454030.1357
6220000,2350.7418,13871.5052,62246.3392,-516722.7422,-438254.15599999996,-454476.403
6221000,2360.9442,13809.5497,62299.9564,-516900.5324,-438430.0821,-454600.576
6222000,2342.6275,13816.9154,62090.7475,-516612.9001,-438362.60970000003,-454522.15260000003
6223000,2336.2836,13829.2867,62084.996,-516201.8867,-437951.32039999997,-454116.8907
6224000,2363.4409,13883.7606,62281.5348,-516625.524,-438096.7877,-454343.98919999995
6225000,2348.3462,13828.4366,62321.4212,-516099.8889,-437601.6849,-453778.46770000004
6226000,2364.2921,13850.3088,61523.1714,-515423.2437,-437685.4714,-453900.0723
6227000,2361.148,13869.2977,62537.3231,-516479.829,-437712.0602,-453942.50590000005
6228000,2363.8838,13898.3802,61759.9049,-515344.4165,-437322.2476,-453584.51159999997
6229000,2358.0058,13960.6989,62257.2296,-516458.599,-437882.66469999996,-454201.36939999997
6230000,2373.2961,13893.0019,62371.5755,-515631.6341,-436993.76060000004,-453260.05860000005
6231000,2356.7082,13967.9006,62238.8516,-516022.6372,-437459.1768,-453783.7856
6232000,2348.2098,13896.071,62069.841,-516203.3242,-437889.20239999995,-454133.48319999996
6233000,2341.3421,13813.9101,62033.7882,-516040.422,-437851.3816,-454006.6338
6234000,2320.0189,13764.167,62417.514,-516124.5595,-437622.85959999997,-453707.04549999995
6235000,2393.4693,13864.5338,62305.69,-515806.0818,-437242.3887,-453500.3918
6236000,2344.7168,13825.1454,62546.5281,-516195.1782,-437478.7879,-453648.6501
6237000,2353.4434,13811.2365,62211.2517,-516053.9227,-437677.9911,-453842.671
6238000,2416.7814,13866.0214,61917.6966,-515562.441,-437361.9416,-453644.74439999997
6239000,2349.4101,13783.9328,62360.7539,-516312.8185,-437818.7217,-453952.0646
6240000,2366.1945,13833.0506,62095.7802,-515860.889,-437565.8637,-453765.10880000005
6241000,2328.1321,13803.4801,61719.947,-515621.7831,-437770.2239,-453901.8361
6242000,2374.2055,13951.1001,62214.8287,-515811.608,-437271.4737,-453596.7793
6243000,2359.0335,13897.1135,62166.6746,-515831.9757,-437409.15410000004,-453665.30110000004
6244000,2324.7567,13800.4606,62208.1014,-515709.1125,-437375.7938,-453501.0111
6245000,2354.0068,13761.7465,62114.5926,-516304.8313,-438074.4854,-454190.2387
6246000,2374.987,13832.1801,61826.8995,-515591.5631,-437557.4965,-453764.6636
6247000,2367.3964,13799.5912,61747.4499,-515573.524,-437659.0865,-453826.07409999997
6248000,2351.8914,13804.3892,62266.9403,-515907.387,-437484.1661,-453640.4467
6249000,2372.8632,13940.2997,62282.1615,-516636.6824,-438041.358,-454354.5209
6250000,2357.8863,13848.3743,62288.2684,-516352.2296,-437857.70060000004,-454063.9612
6251000,2353.5714,13866.645,62491.067,-516310.7602,-437599.4768,-453819.69320000004
6252000,2325.7294,13892.6467,61750.4907,-515713.3992,-437744.53239999997,-453962.90849999996
6253000,2336.8723,13900.3776,62054.6176,-516194.5047,-437902.6372,-454139.8871
6254000,2397.3356,13991.1393,62264.3275,-516759.6228,-438106.8204,-454495.2953
6255000,2352.8124,13929.8128,62312.1401,-516552.1988,-437957.43350000004,-454240.0587
6256000,2364.3078,13885.8334,62264.5137,-516283.8045,-437769.1496,-454019.2908
6257000,2359.7158,13833.9388,62144.3279,-516070.523,-437732.5405,-453926.1951
6258000,2336.1813,13783.4339,62596.5766,-516869.8452,-438153.65339999995,-454273.26859999995
6259000,2349.411,13731.9883,62016.0598,-515295.6375,-437198.1784,-453279.5777
6260000,2343.8888,13839.7546,62307.5336,-516433.2922,-437942.1152,-454125.7586
6261000,2329.1776,13754.8382,62205.7918,-516012.3816,-437722.574,-453806.5898
6262000,2338.9692,13841.0288,61988.2327,-515803.4986,-437635.2679,-453815.2659
6263000,2360.0723,13874.9231,62425.763,-516674.1699,-438013.4115,-454248.4069
6264000,2360.6082,13867.3792,61936.5335,-515720.6603,-437556.1394,-453784.12679999997
6265000,2325.0922,13865.8661,61779.3051,-515368.5262,-437398.2628,-453589.2211
6266000,2391.7886,13979.9767,62123.1743,-516407.1681,-437912.2285,-454283.9938
6267000,2389.3502,13957.8614,61994.7429,-516046.3333,-437704.3788,-454051.5904
6268000,2370.485,13827.1899,62525.3046,-516620.0891,-437897.10959999997,-454094.78449999995
6269000,2332.9119,13762.8021,62034.3845,-515896.1237,-437766.02520000003,-453861.7392
6270000,2386.6851,13760.5565,62440.2998,-516090.7842,-437503.2428,-453650.4844
6271000,2366.2387,13830.8538,61778.4412,-515208.1718,-437232.6381,-453429.7306
6272000,2377.3804,13787.2469,61296.4563,-514692.5971,-437231.5135,-453396.1408
6273000,2395.885,13807.1523,61799.0156,-515254.3432,-437252.2903,-453455.3276
6274000,2338.1152,13704.7107,62011.2094,-515947.5923,-437893.55700000003,-453936.3829
6275000,2351.5712,13717.7452,62453.4761,-516003.7767,-437480.9842,-453550.30059999996
6276000,2368.5819,13813.7098,62305.6061,-515829.5313,-437341.6335,-453523.9252
6277000,2400.6919,13766.4847,62197.7982,-516010.0306,-437645.0558,-453812.2324
6278000,2351.7762,13902.7687,62018.8177,-515424.6904,-437151.3278,-453405.8727
6279000,2324.8977,13797.15,62011.5419,-515584.3227,-437450.7331,-453572.7808
6280000,2327.6181,13747.9346,61977.7559,-515582.8969,-437529.5883,-453605.141
6281000,2323.9952,13689.2548,62251.4968,-515749.6628,-437484.91599999997,-453498.16599999997
6282000,2366.7742,13795.523,61699.3036,-515249.5502,-437387.9494,-453550.2466
6283000,2327.6071,13765.5799,61822.9617,-514763.1618,-436847.0131,-452940.2001
6284000,2340.5916,13887.7977,61778.3579,-515877.9851,-437871.2379,-454099.6272
6285000,2369.655,13884.266,61801.3595,-515772.6121,-437717.33160000003,-453971.2526
6286000,2371.0258,13798.3156,62204.5056,-515571.2873,-437197.4403,-453366.78170000005
6287000,2390.7511,13802.5183,61932.1162,-515014.3345,-436888.9489,-453082.2183
6288000,2343.7472,13845.5198,61883.1735,-515300.1061,-437227.66559999995,-453416.9326
6289000,2363.2144,13751.8293,61541.988,-515368.2806,-437711.2489,-453826.2926
6290000,2342.8564,13667.5522,61636.5746,-515240.0083,-437593.02509999997,-453603.4337
6291000,2384.7171,13802.268,62041.5995,-515751.3223,-437522.7377,-453709.7228
6292000,2382.5635,13854.7507,61893.8625,-515525.9472,-437394.7705,-453632.0847
6293000,2368.5185,13741.8624,62474.5825,-516170.9349,-437585.9715,-453696.3524
6294000,2353.7403,13755.9306,62232.9724,-516044.918,-437702.2747,-453811.9456
6295000,2374.75,13793.8461,61931.0188,-515820.5883,-437720.9734,-453889.5695
6296000,2367.3163,13893.0548,61805.7941,-515960.8326,-437894.66740000003,-454155.0385
6297000,2345.5734,13734.1574,61715.386,-515320.6428,-437525.52599999995,-453605.2568
6298000,2345.5776,13763.9729,62097.4995,-515751.3474,-437544.29740000004,-453653.84790000005
6299000,2326.5307,13772.7243,62342.4789,-516048.7117,-437606.9778,-453706.2328
6300000,2334.7665,13846.6762,62275.667,-516173.3979,-437716.28819999995,-453897.73089999997
6301000,2349.4415,13714.5939,62090.8642,-515692.5058,-437537.6062,-453601.6416
6302000,2347.8589,13838.2328,62034.1486,-515286.5864,-437066.34609999997,-453252.43779999996
6303000,2386.1074,13804.6181,61651.0363,-515342.4809,-437500.7191,-453691.44460000005
6304000,2350.0057,13733.1777,61874.4327,-515093.2819,-437135.6658,-453218.8492
6305000,2358.7355,13830.1188,62063.7823,-515736.3025,-437483.6659,-453672.52019999997
6306000,2367.1119,13806.7363,61838.6887,-515584.3404,-437571.8035,-453745.6517
6307000,2375.7489,13852.9156,61555.9875,-515096.4905,-437311.8385,-453540.503
6308000,2382.8974,13743.0191,62154.3875,-515890.7115,-437610.4075,-453736.32399999996
6309000,2338.5136,13774.4973,62351.576,-516110.1603,-437645.5734,-453758.5843
6310000,2374.4161,13765.4158,62468.6275,-516761.8982,-438153.4388,-454293.2707
6311000,2338.6858,13702.4582,62254.553,-516061.2381,-437765.54110000003,-453806.6851
6312000,2356.7901,13865.1992,61905.2799,-515192.9991,-437065.72990000003,-453287.7192
6313000,2375.2711,13791.7582,61875.7622,-515761.2902,-437718.4987,-453885.528
6314000,2382.7506,13797.7615,62069.6333,-515755.573,-437505.42759999994,-453685.9397
6315000,2364.2159,13845.5572,62244.3535,-515856.8376,-437402.711,-453612.4841
6316000,2353.4154,13821.3078,62339.0071,-515822.534,-437308.8037,-453483.5269
6317000,2344.0052,13917.9923,62348.3023,-516080.3141,-437470.01430000004,-453732.01180000004
6318000,2352.6477,13797.7469,62232.4069,-515867.1362,-437484.3347,-453634.7293
6319000,2312.7144,13781.3426,62237.8502,-515803.4063,-437471.49909999996,-453565.5561
6320000,2345.5417,13781.1937,62103.0223,-515270.898,-437041.14029999997,-453167.8757
6321000,2334.6655,13708.3258,61832.6129,-515208.2772,-437332.673,-453375.6643
6322000,2373.3532,13906.4347,62484.869,-516895.5811,-438130.9242,-454410.7121
6323000,2382.3177,13900.8244,61818.8943,-515987.0665,-437885.03010000003,-454168.17220000003
6324000,2392.5171,13877.6159,62241.9613,-516316.2637,-437804.1694,-454074.3024
6325000,2365.983,13710.1024,62155.5165,-515952.7398,-437721.1379,-453797.22329999995
6326000,2321.5579,13792.1244,62579.8369,-516398.5285,-437705.00930000003,-453818.6916
6327000,2342.0873,13860.5383,62332.4345,-516053.2588,-437518.1987,-453720.8243
6328000,2338.5688,13770.6206,62384.6506,-516529.1074,-438035.2674,-454144.4568
6329000,2374.047,13827.4623,61496.3113,-515128.5272,-437430.70660000003,-453632.2159
6330000,2372.5748,13791.9365,62513.5801,-516592.1599,-437914.06850000005,-454078.5798
6331000,2364.4281,13848.7471,61725.2367,-515036.6441,-437098.23219999997,-453311.40739999997
6332000,2368.1767,13867.1485,62601.0604,-516798.4306,-437962.04500000004,-454197.3702
6333000,2351.4762,13857.0529,62350.0203,-516364.7543,-437806.2049,-454014.734
6334000,2344.6401,13939.8838,61918.0026,-515961.3277,-437758.8012,-454043.3251
6335000,2336.4546,13756.2405,62636.0969,-516844.5418,-438115.7498,-454208.4449
6336000,2364.5004,13749.6466,62120.6883,-516231.7796,-437996.9443,-454111.09130000003
6337000,2359.8993,13786.3237,61729.8138,-515069.242,-437193.2052,-453339.4282
6338000,2336.66,13841.3794,61659.0807,-515087.578,-437250.4579,-453428.4973
6339000,2350.8632,13877.1819,61778.6409,-515343.7408,-437337.05480000004,-453565.09990000003
6340000,2355.7978,13811.194,61579.4508,-514913.9345,-437167.49189999996,-453334.4837
6341000,2387.1989,13829.8944,62029.0229,-516043.0462,-437796.93,-454014.0233
6342000,2356.1929,13726.7318,62041.8112,-515870.1571,-437745.4212,-453828.3459
6343000,2358.0998,13827.3269,62462.6562,-516286.0274,-437637.94450000004,-453823.37120000005
6344000,2350.7519,13784.2344,62194.1054,-516076.6871,-437747.5954,-453882.5817
6345000,2355.3333,13926.9289,61976.9497,-516005.8757,-437746.6638,-454028.926
6346000,2362.3213,13698.0565,61955.0443,-515483.851,-437468.42890000006,-453528.8067
6347000,2338.4214,13798.1978,62056.7379,-515715.2858,-437521.92870000005,-453658.5479
6348000,2376.6333,13764.0983,62040.5629,-515378.3835,-437197.08900000004,-453337.8206
6349000,2337.5725,13862.1337,62074.8084,-515688.0562,-437413.5416,-453613.2478
6350000,2331.928,13809.6553,61739.9029,-515248.2478,-437366.7616,-453508.3449
6351000,2327.3484,13834.3033,62493.6616,-515701.6429,-437046.3296,-453207.9813
6352000,2364.3604,13769.0187,61689.5144,-514935.121,-437112.2275,-453245.6066
6353000,2317.03,13697.7998,62199.8701,-515841.3489,-437626.649,-453641.4788
6354000,2366.0402,13872.2455,62029.1833,-515945.7063,-437678.23730000004,-453916.52300000004
6355000,2383.6228,13821.496,62297.1815,-516453.8767,-437951.5764,-454156.6952
6356000,2360.7628,13797.5716,62383.3563,-515955.4499,-437413.7592,-453572.0936
6357000,2356.6517,13865.6164,62131.2702,-515965.1685,-437611.6302,-453833.8983
6358000,2409.0761,13817.0121,62155.2002,-515991.9697,-437610.6813,-453836.7695
6359000,2355.4417,13776.0469,62391.2736,-516195.0865,-437672.3243,-453803.81289999996
6360000,2392.8048,13834.0026,61912.0453,-516075.2002,-437936.34750000003,-454163.1549
6361000,2335.9473,13813.1326,62016.254,-515084.4491,-436919.1152,-453068.1951
6362000,2340.8818,13814.8346,61916.4991,-515246.3072,-437174.0917,-453329.80809999997
6363000,2329.8446,13852.0407,61648.3186,-515145.7395,-437315.53560000006,-453497.4209
6364000,2349.0906,13853.8554,62710.9068,-516914.6921,-438000.8393,-454203.7853
6365000,2330.8234,13784.7515,62296.2475,-515931.5205,-437519.6981,-453635.273
6366000,2352.8255,13842.0411,61991.1576,-516170.9365,-437984.9123,-454179.77890000003
6367000,2351.4599,13847.9478,62210.3472,-516273.8389,-437864.084,-454063.49169999996
6368000,2356.4084,13868.8881,61563.9018,-514860.6526,-437071.4543,-453296.7508
6369000,2303.6766,13807.966,61528.2626,-515595.8409,-437955.93570000003,-454067.5783
6370000,2339.1832,13857.7508,61734.8559,-515267.9911,-437336.2012,-453533.13519999996
6371000,2362.4804,13755.4313,62251.0779,-516037.4096,-437668.42000000004,-453786.33170000004
6372000,2349.4471,13747.3111,62007.5485,-515412.6696,-437308.3629,-453405.12110000005
6373000,2366.9834,13798.0035,62445.5576,-516362.1459,-437751.6014,-453916.5883
6374000,2339.1949,13754.8335,61937.9314,-516004.368,-437972.4082,-454066.4366
6375000,2331.5242,13815.3649,62207.4262,-515777.081,-437422.7657,-453569.6548
6376000,2346.7372,13872.8778,62286.1228,-516033.0673,-437527.3295,-453746.9445
6377000,2312.0847,13823.4906,62478.8783,-515880.3203,-437265.8667,-453401.44200000004
6378000,2345.9669,13804.4449,62227.2154,-515897.0786,-437519.4514,-453669.8632
6379000,2330.3958,13774.8834,61706.9964,-515373.03,-437560.75440000003,-453666.0336
6380000,2334.8452,13833.9224,62530.3485,-516230.4632,-437531.3471,-453700.1147
6381000,2272.3078,13804.729,62533.1231,-516884.1018,-438273.9419,-454350.9787
6382000,2388.4437,13836.8499,61909.6869,-515692.9915,-437558.011,-453783.30460000003
6383000,2355.4382,13681.306,61429.046,-515930.389,-438464.59880000004,-454501.343
6384000,2334.3402,13791.8158,61935.1533,-515714.5031,-437653.1938,-453779.34979999997
6385000,2381.5969,13763.2101,61539.6716,-514650.8983,-436966.41969999997,-453111.2267
6386000,2347.3133,13784.445,61782.7717,-515458.0116,-437543.48160000006,-453675.23990000004
6387000,2332.1362,13745.6681,62525.31,-517269.0106,-438665.89629999996,-454743.7006
6388000,2358.0777,13826.4358,61485.5582,-514950.0893,-437280.0176,-453464.5311
6389000,2362.7627,13811.333,61651.7616,-515125.4349,-437299.57759999996,-453473.6733
6390000,2345.1796,13800.1116,61848.4296,-515398.917,-437405.1962,-453550.4874
6391000,2328.1502,13715.055,61906.1926,-514733.8552,-436784.45739999996,-452827.6626
6392000,2362.6459,13827.0243,62212.7165,-515728.8143,-437326.42760000005,-453516.09780000005
6393000,2368.8219,13757.3148,61918.536,-515445.3952,-437400.72250000003,-453526.8592
6394000,2376.2924,13754.3303,61811.5648,-515725.3342,-437783.1467,-453913.7694
6395000,2337.4179,13755.1553,61560.3502,-515608.1832,-437955.2598,-454047.83300000004
6396000,2359.8101,13784.7537,62090.7335,-515718.3849,-437483.08759999997,-453627.6514
6397000,2353.0274,13794.2247,62079.6214,-515516.5614,-437289.6879,-453436.94
6398000,2382.0149,13827.0423,61711.7433,-514938.222,-437017.4215,-453226.4787
6399000,2363.29,13886.0283,62654.7857,-516557.2217,-437653.1177,-453902.436
6400000,2356.1218,13726.4488,61818.2612,-515296.5912,-437395.75940000004,-453478.33
6401000,2324.4756,13738.4023,61572.159,-514867.7103,-437232.67339999997,-453295.5513
6402000,2346.5861,13865.6633,62340.275,-516167.4482,-437614.9238,-453827.17319999996
6403000,2362.9099,13820.1209,62076.2874,-516238.4351,-437979.1169,-454162.1477
6404000,2347.8686,13770.541,62010.2814,-516126.7492,-437998.0582,-454116.46780000004
6405000,2354.4967,13845.7638,62122.4301,-516460.1033,-438137.4127,-454337.6732
6406000,2337.9983,13736.3412,62281.084,-515883.6714,-437528.24789999996,-453602.58739999996
6407000,2361.1448,13769.4231,62355.4195,-515896.4382,-437410.4508,-453541.01869999996
6408000,2338.1829,13860.7474,62106.9257,-516336.42,-438030.564,-454229.49429999996
6409000,2358.1495,13912.7283,61348.3902,-515168.6825,-437549.4145,-453820.2923
6410000,2347.1218,13871.3346,61356.8343,-515062.7986,-437487.50789999997,-453705.9643
6411000,2323.676,13790.8231,61868.2759,-515995.1376,-438012.3626,-454126.8617
6412000,2357.1123,13768.222,61822.7774,-515199.0742,-437250.96249999997,-453376.29679999995
6413000,2348.8126,13842.2949,62345.1239,-516446.1366,-437909.90520000004,-454101.0127
6414000,2339.3995,13825.2535,62299.4021,-516344.3551,-437880.3,-454044.953
6415000,2371.349,13842.5412,62461.6581,-516700.7958,-438025.24750000006,-454239.1377
6416000,2336.0515,13839.5737,61947.6488,-516109.0741,-437985.8001,-454161.4253
6417000,2341.0193,13728.6665,61814.4768,-515434.548,-437550.3854,-453620.0712
6418000,2350.9522,13804.2082,61848.5457,-515546.7572,-437543.0511,-453698.2115
6419000,2409.5257,13862.6017,61776.9739,-515302.539,-437253.4377,-453525.5651
6420000,2363.5589,13779.6714,61668.6398,-515268.632,-437456.7619,-453599.9922
6421000,2354.2036,13804.9651,62050.8718,-515427.477,-437217.4365,-453376.6052
6422000,2336.5183,13727.5405,62306.5175,-515952.4237,-437581.84739999997,-453645.90619999997
6423000,2345.674,13716.5546,61602.2457,-515107.0154,-437442.5411,-453504.76969999995
6424000,2368.8165,13788.4613,61580.0094,-515454.2938,-437717.00659999996,-453874.2844
6425000,2357.1938,13774.4407,61857.3451,-515459.9667,-437470.9871,-453602.6216
6426000,2333.5703,13814.5976,62480.7824,-516419.9602,-437791.00989999995,-453939.17779999995
6427000,2350.5754,13729.2974,61834.2047,-515588.9409,-437674.8634,-453754.7362
6428000,2333.7818,13796.0326,61885.555,-515994.3757,-437979.0063,-454108.8207
6429000,2320.9009,13736.4697,63031.8509,-516829.7066,-437740.4851,-453797.85569999996
6430000,2345.934,13757.8326,61551.4754,-514934.4733,-437279.2313,-453382.9979
6431000,2350.0016,13890.9279,61935.3426,-516215.0224,-438038.7503,-454279.67980000004
6432000,2304.7162,13737.9091,62112.739,-516192.7682,-438037.4039,-454080.0292
6433000,2355.6671,13773.3384,62123.6443,-516383.3875,-438130.7377,-454259.7432
6434000,2335.9432,13825.9717,62124.586,-516490.1385,-438203.6376,-454365.5525
6435000,2362.3512,13843.4913,62633.8718,-516764.7065,-437924.9922,-454130.83469999995
6436000,2395.3095,13848.6367,62173.6074,-516323.9751,-437906.4215,-454150.3677
6437000,2346.5133,13729.8196,61564.5844,-515800.6995,-438159.7822,-454236.1151
6438000,2363.316,13802.0336,61789.0801,-515635.5879,-437681.15819999995,-453846.50779999996
6439000,2323.9945,13806.5237,62326.2727,-516640.5547,-438183.76379999996,-454314.282
6440000,2344.7767,13719.6528,62155.85,-515533.0064,-437312.7269,-453377.15640000004
6441000,2344.8678,13717.9481,62400.4181,-516527.5988,-438064.3648,-454127.18069999997
6442000,2354.3377,13862.8142,62217.23,-515507.7555,-437073.37360000005,-453290.52550000005
6443000,2386.5563,13859.4269,62145.8324,-515897.3622,-437505.5466,-453751.52979999996
6444000,2358.0481,13801.8238,62125.7172,-515501.1917,-437215.60260000004,-453375.4745
6445000,2375.6756,13870.5512,61749.1564,-514877.9727,-436882.5895,-453128.8163
6446000,2343.4458,13762.8969,62435.4774,-516288.4143,-437746.5942,-453852.9369
6447000,2332.2866,13915.2553,62355.5672,-516273.3141,-437670.205,-453917.7469
6448000,2331.0589,13826.7283,61940.3205,-515623.6166,-437525.5089,-453683.29610000004
6449000,2348.7668,13797.7664,61917.6016,-515707.3608,-437643.226,-453789.75920000003
6450000,2349.0967,13735.373,62040.2134,-515893.9509,-437769.26780000003,-453853.7375
6451000,2349.2189,13777.9777,62253.7782,-515778.3459,-437397.3711,-453524.5677
6452000,2341.5134,13800.8077,61664.9909,-514921.9496,-437114.6376,-453256.9587
6453000,2374.0416,13729.3572,61978.7817,-516147.3999,-438065.2194,-454168.6182
6454000,2377.7508,13761.5831,62041.3611,-515311.0843,-437130.3893,-453269.7232
6455000,2362.9221,13729.4081,62333.7967,-516261.6793,-437835.55240000004,-453927.8826
6456000,2350.0039,13791.0539,61620.0661,-515677.6736,-437916.5497,-454057.6075
6457000,2302.4997,13797.6857,61668.9412,-515342.1448,-437573.0182,-453673.2036
6458000,2356.9658,13822.1128,61706.8904,-515456.1475,-437570.17850000004,-453749.25710000005
6459000,2348.9462,13778.4711,61819.2225,-515688.7747,-437742.1349,-453869.55220000003
6460000,2385.7753,13846.4498,61877.6334,-515133.7262,-437023.86769999994,-453256.0928
6461000,2361.2137,13739.1262,61975.9233,-515076.4826,-437000.2194,-453100.55929999996
6462000,2364.5046,13738.6482,61954.2166,-515801.9502,-437744.5808,-453847.73360000004
6463000,2351.9543,13855.4462,61696.5692,-515037.1598,-437133.1901,-453340.5906
6464000,2341.9671,13765.8421,62185.9372,-515216.9767,-436923.2303,-453031.0395
6465000,2379.1298,13775.6726,62115.5422,-515838.5085,-437568.1639,-453722.9663
6466000,2402.5421,13832.1233,62104.2485,-515923.5669,-437584.653,-453819.3184
6467000,2359.6056,13714.8406,62135.6918,-515656.6322,-437446.49419999996,-453520.94039999996
6468000,2412.081,13806.9646,62411.9041,-516647.0765,-438016.1268,-454235.17240000004
6469000,2355.9604,13818.6705,62074.642,-516224.7638,-437975.49090000003,-454150.1218
6470000,2377.8312,13864.4104,62088.5701,-515941.9246,-437611.11290000007,-453853.3545
6471000,2316.2297,13827.613,62564.8425,-517138.7376,-438430.0524,-454573.89509999997
6472000,2342.2855,13797.62,61756.9238,-515823.6408,-437926.8115,-454066.717
6473000,2365.5058,13796.9571,62186.8271,-516237.5818,-437888.2918,-454050.7547
6474000,2350.0781,13778.0751,62251.3638,-515859.5187,-437480.0017,-453608.1549
6475000,2321.6385,13798.1732,62616.6047,-516670.0875,-437933.67110000004,-454053.4828
6476000,2355.1569,13724.4104,61608.4414,-515598.6581,-437910.6494,-453990.2167
6477000,2365.5347,13761.3903,61983.9689,-516147.9472,-438037.0533,-454163.9783
6478000,2376.9708,13714.2317,62624.8374,-517404.8311,-438688.7912,-454779.9937
6479000,2315.8822,13840.7249,61881.9291,-515689.8621,-437651.32590000005,-453807.933
6480000,2398.1856,13880.6734,62399.9897,-516665.144,-437986.2953,-454265.1543
6481000,2321.7895,13942.9465,62172.4539,-515690.2175,-437253.02760000003,-453517.7636
6482000,2370.4134,13791.1225,62077.2867,-515889.0233,-437650.2007,-453811.7366
6483000,2331.6847,13731.111,61936.2374,-515422.6778,-437423.6447,-453486.4404
6484000,2348.0804,13985.4783,62041.2674,-515504.9332,-437130.1071,-453463.6658
6485000,2375.9126,13747.0799,61448.5392,-515117.2152,-437545.6835,-453668.676
6486000,2328.6658,13735.969,62222.1239,-515690.6037,-437403.845,-453468.4798
6487000,2329.3777,13809.2598,61338.4196,-514371.9882,-436894.93110000005,-453033.5686
6488000,2374.3995,13883.6669,62047.3296,-515919.5446,-437614.1486,-453872.215
6489000,2351.097,13729.17,62451.3045,-515827.1567,-437295.5852,-453375.85219999996
6490000,2335.2731,13788.089,62158.0726,-515642.256,-437360.8213,-453484.1834
6491000,2364.8482,13756.2845,61940.4858,-515149.1144,-437087.49590000004,-453208.6286
6492000,2332.382,13689.1482,62272.5106,-516206.8499,-437912.80909999995,-453934.3393
6493000,2362.0804,13941.9348,62206.4182,-515942.8277,-437432.39430000004,-453736.4095
6494000,2376.6953,13692.0062,62077.9902,-515895.7475,-437749.0558,-453817.7573
6495000,2373.0325,13688.429,61799.148,-515718.8494,-437858.2399,-453919.7014
6496000,2352.7531,13691.236,62202.9471,-515894.9867,-437648.0505,-453692.0396
6497000,2343.4441,13667.6887,62094.1533,-515770.4914,-437665.20530000003,-453676.3381
6498000,2335.18,13835.9191,61879.7874,-515658.5765,-437607.69000000006,-453778.78910000005
6499000,2322.7912,13812.4977,61738.8149,-515737.0425,-437862.9387,-453998.2276
6500000,2352.8762,13834.4279,62161.9915,-516278.6607,-437929.3651,-454116.6692
6501000,2346.0157,13757.2186,62339.9636,-515899.3828,-437456.1849,-453559.4192
6502000,2371.6518,13747.3027,62000.222,-515424.0359,-437304.8594,-453423.8139
6503000,2345.7997,13790.6526,61825.5961,-515129.0948,-437167.0464,-453303.4987
6504000,2348.3502,13775.3953,61822.5181,-515877.7765,-437931.5129,-454055.2584
6505000,2358.7661,13806.7955,61647.8074,-514879.9774,-437066.60839999997,-453232.17
6506000,2356.698,13728.7036,62598.689,-516738.5711,-438054.4805,-454139.8821
6507000,2341.035,13780.484,62089.9191,-516065.8893,-437854.4512,-453975.9702
6508000,2330.5724,13755.7155,61874.382,-515861.1316,-437900.46170000004,-453986.74960000004
6509000,2359.3804,13855.5121,61917.9891,-515838.6538,-437705.7722,-453920.66469999996
6510000,2343.204,13691.5806,61751.6632,-515852.0555,-438065.60770000005,-454100.3923
6511000,2365.5548,13660.0322,62191.9926,-515677.0232,-437459.4436,-453485.0306
6512000,2317.139,13700.7287,61613.4564,-515002.0562,-437370.7321,-453388.59979999997
6513000,2357.142,13847.937,61932.041,-515842.655,-437705.53500000003,-453910.61400000006
6514000,2354.1859,13753.8418,62141.0913,-515564.7218,-437315.6028,-453423.63049999997
6515000,2352.5099,13758.5425,62223.5109,-515684.5659,-437350.0026,-453461.055
6516000,2354.7774,13720.4667,61769.1225,-515324.6532,-437480.2866,-453555.5307
6517000,2352.2083,13791.9958,62416.4205,-516827.486,-438266.8614,-454411.06549999997
6518000,2279.5879,13807.7213,62046.2068,-515789.8917,-437656.3757,-453743.6849
6519000,2376.8997,13841.7251,62361.2644,-516612.4566,-438032.56739999994,-454251.1922
6520000,2354.3966,13883.9336,62258.2174,-516434.2598,-437937.7122,-454176.0424
6521000,2318.7073,13845.9194,62243.2822,-516013.3675,-437605.4586,-453770.0853
6522000,2322.4103,13687.4466,61935.5114,-515785.1941,-437839.8258,-453849.6827
6523000,2315.0085,13755.7672,62278.2374,-516539.0515,-438190.0384,-454260.8141
6524000,2353.4825,13699.8402,61777.3808,-515375.9609,-437545.2574,-453598.5801
6525000,2350.6254,13729.6152,62309.2074,-516452.461,-438063.01300000004,-454143.2536
6526000,2362.3547,13767.4772,62455.6429,-516147.6121,-437562.13730000006,-453691.96920000005
6527000,2324.2324,13786.7403,62255.0591,-516533.6494,-438167.6176,-454278.5903
6528000,2378.5804,13774.1615,62418.3874,-515873.9774,-437302.84809999994,-453455.58999999997
6529000,2347.738,13821.6222,61903.7877,-515105.4104,-437032.2625,-453201.6227
6530000,2364.3449,13781.3848,61803.5144,-515487.4499,-437538.2058,-453683.9355
6531000,2326.6141,13767.3257,62694.2422,-516572.1179,-437783.93590000004,-453877.87570000003
6532000,2346.1203,13736.7543,62315.0287,-516390.5759,-437992.6726,-454075.5472
6533000,2342.695,13815.1266,62224.1346,-516245.2986,-437863.34239999996,-454021.164
6534000,2350.2753,13720.4911,62180.4904,-515802.2732,-437551.01639999996,-453621.7828
6535000,2374.8345,13873.8628,62176.3011,-515970.668,-437545.6696,-453794.3669
6536000,2326.9091,13821.1114,61949.5097,-515050.7936,-436953.26339999994,-453101.2839
6537000,2324.8405,13806.1753,62269.2772,-515949.2493,-437548.9563,-453679.9721
6538000,2326.1307,13675.0269,61911.4947,-514863.9694,-436951.3171,-452952.4747
6539000,2344.8395,13829.1118,62646.6501,-517009.8436,-438189.24220000004,-454363.19350000005
6540000,2365.6294,13586.4499,62010.4448,-515531.0434,-437568.51930000004,-453520.5986
6541000,2337.0616,13855.0526,62231.2553,-515747.3258,-437323.95629999996,-453516.0705
6542000,2350.9174,13760.9698,62015.0938,-515502.1309,-437375.14989999996,-453487.03709999996
6543000,2348.7986,13783.3554,62151.9572,-516237.822,-437953.7108,-454085.8648
6544000,2379.6329,13780.4951,61992.065,-516334.9332,-438182.7402,-454342.8682
6545000,2371.9895,13910.4655,62312.9081,-515393.4939,-436798.1308,-453080.5858
6546000,2355.9472,13865.7287,61963.0654,-515835.7296,-437650.9883,-453872.6642
6547000,2334.2758,13725.6669,61679.9402,-514591.0473,-436851.1644,-452911.10709999996
6548000,2354.7703,13787.4041,62044.6185,-515541.9574,-437355.1645,-453497.33890000003
6549000,2357.8224,13797.6067,62390.2171,-516269.6408,-437723.9946,-453879.4237
6550000,2330.8443,13796.457,62285.0812,-515713.8252,-437301.4427,-453428.744
6551000,2321.9575,13815.7157,62245.6771,-515758.983,-437375.6327,-453513.30590000004
6552000,2370.5226,13868.005,62359.7189,-515842.0927,-437243.84619999997,-453482.3738
6553000,2342.0565,13831.3374,62268.3356,-516129.2276,-437687.49809999997,-453860.892
6554000,2372.06,13874.1571,62235.5311,-515905.2247,-437423.4765,-453669.6936
6555000,2367.0549,13730.7033,61830.3142,-515557.655,-437629.5826,-453727.3408
6556000,2342.9445,13746.9592,62395.8343,-516267.5327,-437781.79469999997,-453871.6984
6557000,2360.6858,13741.9798,61929.6041,-516234.8351,-438202.5654,-454305.231
6558000,2356.7579,13835.9271,61764.6858,-515577.3475,-437619.9767,-453812.6617
6559000,2339.9317,13797.8619,61945.4405,-516098.6413,-438015.4072,-454153.2008
6560000,2329.8471,13837.7771,62418.767,-516840.2524,-438253.8612,-454421.4854
6561000,2333.0626,13726.6815,61814.735,-516018.1683,-438143.6892,-454203.43330000003
6562000,2358.9251,13743.4223,62267.5157,-516314.917,-437945.0539,-454047.4013
6563000,2337.4675,13778.1719,61900.8018,-515891.1106,-437874.6694,-453990.3088
6564000,2346.7383,13922.7175,62185.4197,-515804.6831,-437349.80760000006,-453619.26340000005
6565000,2352.6932,13747.7585,61789.9125,-515671.8021,-437781.43789999996,-453881.8896
6566000,2364.395,13792.1134,62246.7573,-515720.1083,-437316.84260000003,-453473.351
6567000,2356.0483,13842.4801,61985.2075,-515421.3444,-437237.6085,-453436.1369
6568000,2382.1168,13831.4709,61491.9072,-514874.9236,-437169.4287,-453383.01639999996
6569000,2390.7882,13852.1286,62071.9259,-516587.8107,-438272.968,-454515.8848
6570000,2345.1491,13716.0139,62201.5616,-515619.5866,-437356.86199999996,-453418.02499999997
6571000,2364.1984,13719.4075,61649.6875,-515312.9636,-437579.67020000005,-453663.2761
6572000,2356.6756,13825.545,61647.3387,-515223.2117,-437393.6524,-453575.87299999996
6573000,2312.2373,13772.6645,62450.9176,-516298.9832,-437763.1638,-453848.06560000003
6574000,2362.493,13850.5578,61667.1165,-515683.1719,-437803.0046,-454016.0554
6575000,2352.992,13765.6952,61906.4981,-516121.1967,-438096.01139999996,-454214.6986
6576000,2344.2783,13695.5153,62218.8024,-516154.9217,-437896.3257,-453936.1193
6577000,2367.6164,13846.762,62129.1971,-515988.7125,-437645.137,-453859.51540000003
6578000,2339.5388,13766.0414,62232.5859,-515591.1902,-437253.02410000004,-453358.6043
6579000,2385.6689,13856.5091,62513.2804,-516382.7412,-437627.2828,-453869.4608
6580000,2350.8035,13930.3374,62421.0584,-516504.0843,-437801.885,-454083.0259
6581000,2349.2255,13855.4429,62009.1103,-515623.6132,-437409.8345,-453614.5029
6582000,2364.4288,13839.6728,61885.4616,-515693.5612,-437603.998,-453808.0996
6583000,2350.8219,13806.4273,62132.7638,-515774.9945,-437484.9815,-453642.23069999996
6584000,2317.7365,13783.97,61846.1355,-515722.9536,-437775.1116,-453876.81810000003
6585000,2372.3783,13800.4218,62232.929,-516479.3834,-438073.6543,-454246.4544
6586000,2344.8144,13743.188,62104.8184,-516003.393,-437810.5722,-453898.5746
6587000,2379.1304,13847.3718,61401.0145,-514932.4162,-437304.8995,-453531.4017
6588000,2361.3555,13748.8817,61564.1591,-515474.9163,-437800.52,-453910.7572
6589000,2359.2878,13717.6661,62089.1205,-515927.02,-437760.94560000004,-453837.8995
6590000,2331.9411,13783.6972,61873.4382,-515273.9868,-437284.9103,-453400.54860000004
6591000,2363.873,13739.5909,62284.5684,-515740.9162,-437352.8839,-453456.3478
6592000,2357.3895,13942.4621,62306.6576,-516071.6774,-437465.16819999996,-453765.0198
6593000,2332.1714,13742.6684,62114.0711,-515433.9254,-437245.0145,-453319.8543
6594000,2341.5123,13726.0043,61862.9283,-515156.5946,-437226.1497,-453293.66630000004
6595000,2362.7878,13712.6767,62079.6776,-516533.4524,-438378.3103,-454453.7748
6596000,2339.2642,13741.0611,61794.0833,-515619.574,-437745.16540000006,-453825.4907
6597000,2388.484,13871.6393,62296.1352,-515937.2473,-437380.9888,-453641.11209999997
6598000,2405.4977,13769.0756,62155.1461,-516290.4499,-437960.7305,-454135.3038
6599000,2366.7105,13894.084,62589.4731,-517025.5011,-438175.2335,-454436.028
6600000,2348.4731,13793.6938,62432.9388,-516455.0125,-437879.9068,-454022.0737
6601000,2360.8048,13744.3321,62030.9168,-515960.0943,-437824.0406,-453929.1775
6602000,2343.9605,13807.1807,61739.9899,-515783.4132,-437892.2821,-454043.4233
6603000,2359.6564,13701.5579,62337.9712,-515863.5427,-437464.35719999997,-453525.57149999996
6604000,2326.2831,13751.7102,61867.4068,-515520.713,-437575.3129,-453653.3062
6605000,2350.2831,13700.5012,61990.6748,-515288.7059,-437247.24679999996,-453298.0311
6606000,2363.0833,13822.1495,62292.1589,-515692.5995,-437215.2078,-453400.44060000003
6607000,2339.9083,13709.6811,62163.0998,-515919.7997,-437707.11049999995,-453756.69989999995
6608000,2336.6089,13753.5792,62432.2163,-515666.0693,-437143.6649,-453233.853
6609000,2337.4056,13802.2077,62053.6565,-515935.6043,-437742.3345,-453881.9478
6610000,2362.8284,13746.3197,61975.3568,-515783.1954,-437698.6905,-453807.8386
6611000,2341.9364,13767.7535,62293.8954,-516279.2615,-437875.6762,-453985.36610000004
6612000,2376.4625,13784.1654,62009.2093,-515715.2079,-437545.37069999997,-453705.9986
6613000,2326.4292,13753.928,61946.4505,-515796.612,-437769.8043,-453850.16150000005
6614000,2379.8863,13867.2004,62004.831,-515885.0154,-437633.0977,-453880.18439999997
6615000,2342.6913,13786.5947,62245.9882,-515775.2741,-437399.9999,-453529.28589999996
6616000,2311.5883,13869.2061,61841.4266,-515841.1771,-437818.95609999995,-453999.75049999997
6617000,2380.7798,13827.7056,62203.0462,-516176.143,-437764.6114,-453973.0968
6618000,2347.7448,13744.6381,61914.7807,-515654.4047,-437647.2411,-453739.624
6619000,2355.4055,13783.5771,61841.6922,-515275.8832,-437295.2084,-453434.191
6620000,2362.4099,13654.8189,61904.4952,-515497.5902,-437575.8662,-453593.095
6621000,2372.0601,13804.9624,61707.8531,-515185.2087,-437300.33310000005,-453477.3556
6622000,2350.5358,13739.8133,62246.0964,-516165.2329,-437828.78740000003,-453919.1365
6623000,2377.2802,13800.2392,62178.2285,-516463.6031,-438107.8552,-454285.3746
6624000,2347.3303,13729.539,62447.9518,-515850.9691,-437326.148,-453403.0173
6625000,2359.0637,13757.6714,62056.0546,-516132.6337,-437959.844,-454076.5791
6626000,2349.6316,13607.2816,62462.7045,-516124.916,-437705.2983,-453662.21150000003
6627000,2342.4594,13838.4135,61872.4283,-516008.1683,-437954.86710000003,-454135.74
6628000,2326.693,13707.0563,61664.292,-515654.8162,-437956.7749,-453990.5242
6629000,2364.8961,13800.9878,62608.9309,-516777.4553,-438002.6405,-454168.5244
6630000,2360.6623,13724.8532,61960.9516,-515893.3424,-437846.8753,-453932.39080000005
6631000,2328.4926,13721.9642,62206.5883,-515943.4918,-437686.44670000003,-453736.9035
6632000,2317.331,13665.8238,62114.1513,-515437.0511,-437339.745,-453322.8998
6633000,2349.2702,13647.1584,62397.505,-516525.7358,-438131.80220000003,-454128.2308
6634000,2366.5149,13711.7203,62134.9871,-515493.3486,-437280.1263,-453358.3615
6635000,2333.2966,13709.8598,61860.8332,-515250.412,-437346.42240000004,-453389.5788
6636000,2339.3949,13753.0434,61688.1206,-515580.6134,-437800.05449999997,-453892.49279999995
6637000,2322.947,13722.5521,61686.9445,-515275.1504,-437542.7068,-453588.2059
6638000,2362.086,13792.6608,62224.0899,-515617.2916,-437238.4549,-453393.2017
6639000,2336.1969,13796.2381,61682.9373,-514689.1034,-436873.73110000003,-453006.16610000003
6640000,2323.7643,13651.4753,61691.5084,-515270.2721,-437603.52410000004,-453578.7637
6641000,2341.761,13747.4895,62298.0523,-515600.8662,-437213.5634,-453302.8139
6642000,2323.7039,13732.9785,61994.3458,-516393.7768,-438342.7486,-454399.431
6643000,2385.5746,13793.869,62535.3338,-516314.1567,-437599.3793,-453778.82289999997
6644000,2352.7734,13785.2967,61298.2848,-515105.15,-437668.7951,-453806.8652
6645000,2339.0882,13772.2696,61460.2512,-515123.1833,-437551.5743,-453662.9321
6646000,2348.122,13884.0529,61890.8123,-515613.7968,-437490.80960000004,-453722.9845
6647000,2331.7689,13730.0242,62017.74,-515132.2448,-437052.7117,-453114.5048
6648000,2342.214,13755.8762,61772.7906,-515836.1158,-437965.23500000004,-454063.3252
6649000,2374.6256,13797.3103,61868.3135,-515721.9615,-437681.7121,-453853.648
6650000,2358.4265,13798.2021,62223.6539,-515834.9347,-437454.6522,-453611.2808
6651000,2375.7837,13820.5103,61647.9088,-515398.1201,-437553.9173,-453750.2113
6652000,2330.8048,13818.9246,61907.5696,-514884.566,-436827.267,-452976.9964
6653000,2334.5713,13770.1412,61655.9841,-515408.2682,-437647.5716,-453752.2841
6654000,2341.6288,13890.729,61857.417,-516297.4386,-438207.6638,-454440.0216
6655000,2358.0063,13877.2962,62239.8539,-515545.5578,-437070.4014,-453305.7039
6656000,2344.6129,13901.3831,62239.1757,-516311.3337,-437826.162,-454072.158
6657000,2339.3321,13793.422,62071.0678,-515379.9303,-437176.1084,-453308.8625
6658000,2375.913,13773.6831,61455.9254,-514643.6021,-437038.0806,-453187.6767
6659000,2350.7988,13809.2231,61784.8089,-515765.0052,-437820.1744,-453980.1963
6660000,2299.5198,13746.2101,62317.7681,-516662.004,-438298.506,-454344.2359
6661000,2334.6992,13788.0684,62223.0011,-516228.9364,-437883.1677,-454005.9353
6662000,2357.4076,13747.1719,62080.343,-515604.0282,-437419.1057,-453523.6852
6663000,2339.4568,13772.8488,62072.8743,-515786.3995,-437601.2196,-453713.5252
6664000,2339.93,13778.742,61649.8734,-515614.3568,-437845.8114,-453964.4834
6665000,2327.0307,13801.7992,61977.8171,-516153.3382,-438046.6912,-454175.5211
6666000,2379.9238,13838.5104,62021.4669,-515770.9204,-437531.0193,-453749.4535
6667000,2353.2979,13687.1036,62595.2424,-516699.3666,-438063.72270000004,-454104.1242
6668000,2349.5688,13768.4334,61916.3323,-515251.322,-437216.9875,-453334.9897
6669000,2310.7727,13749.2128,61759.3543,-515906.5477,-438087.2079,-454147.1934
6670000,2367.7578,13847.1957,62459.9107,-516410.5521,-437735.68789999996,-453950.64139999996
6671000,2309.833,13795.0779,62165.0858,-516083.3334,-437813.3367,-453918.2476
6672000,2334.2968,13736.0508,61995.5451,-515086.6591,-437020.76639999996,-453091.114
6673000,2345.6159,13769.5395,61745.7743,-515345.7722,-437484.8425,-453599.9979
6674000,2388.4495,13687.684,62155.9227,-515469.7337,-437237.6775,-453313.811
6675000,2329.7566,13774.1994,62333.3155,-516477.9712,-438040.6997,-454144.6557
6676000,2356.8922,13755.0151,61688.1347,-515828.0833,-438028.0413,-454139.9486
6677000,2342.7971,13832.6786,62364.0486,-516367.0354,-437827.5111,-454002.9868
6678000,2356.1964,13818.0898,61908.0196,-515804.9271,-437722.6213,-453896.9075
6679000,2362.6294,13812.8158,62011.9346,-515739.6038,-437552.224,-453727.6692
6680000,2351.3947,13651.7714,62167.0472,-516335.6245,-438165.4112,-454168.5773
6681000,2364.6026,13732.1465,62161.9415,-515912.8043,-437654.1137,-453750.8628
6682000,2344.8296,13646.032,62206.7636,-516032.726,-437835.1008,-453825.9624
6683000,2308.529,13635.981,62193.8594,-516143.7178,-438005.3484,-453949.85839999997
6684000,2352.6859,13715.599,61685.013,-515170.8703,-437417.5724,-453485.85730000003
6685000,2341.1093,13738.0898,61399.5512,-514358.8573,-436880.10699999996,-452959.3061
6686000,2337.922,13774.9624,61713.7923,-514697.7259,-436871.0492,-452983.9336
6687000,2365.0331,13648.4094,61630.2059,-515529.8962,-437886.2478,-453899.6903
6688000,2341.9054,13669.0554,61834.9903,-515249.0187,-437403.0676,-453414.0284
6689000,2348.273,13677.7504,62311.6318,-516097.5459,-437759.8907,-453785.91410000005
6690000,2337.6691,13762.3081,62063.3,-515639.0863,-437475.8091,-453575.78630000004
6691000,2318.5999,13721.398,62141.5399,-515222.9042,-437041.3664,-453081.3643
6692000,2330.0401,13747.1684,61632.4334,-515424.7956,-437715.1537,-453792.36220000003
6693000,2319.6308,13743.0996,61529.4978,-515406.1361,-437813.9079,-453876.6383
6694000,2339.7316,13776.8767,61972.3949,-516261.9613,-438172.95810000005,-454289.5664
6695000,2353.5097,13801.1659,62281.69,-516899.6584,-438463.2928,-454617.9684
6696000,2327.8978,13630.4459,62195.9794,-515811.0273,-437656.70420000004,-453615.0479
6697000,2356.0828,13790.5444,62019.8518,-516435.1781,-438268.6991,-454415.3263
6698000,2361.112,13719.1426,61784.7062,-515453.6991,-437588.7383,-453668.9929
6699000,2382.2621,13830.8508,62124.9179,-515914.7142,-437576.6834,-453789.7963
6700000,2363.7447,13777.8964,62282.5163,-515704.7989,-437280.6415,-453422.2826
6701000,2362.8413,13720.6321,61692.107,-515078.8731,-437303.2927,-453386.7661
6702000,2332.1015,13788.6171,62834.1963,-517047.4607,-438092.54579999996,-454213.2644
6703000,2333.8739,13768.012,61768.0724,-515302.2251,-437432.2668,-453534.1527
6704000,2330.2152,13697.8453,62058.9491,-515196.9404,-437109.93080000003,-453137.9913
6705000,2353.8532,13794.6902,61908.9611,-515663.8223,-437606.3178,-453754.8612
6706000,2359.2916,13844.1342,62127.5279,-515795.1126,-437464.1589,-453667.5847
6707000,2359.8441,13655.6953,62014.1259,-515580.0378,-437550.3725,-453565.9119
6708000,2322.391,13753.4372,61854.8917,-515286.4063,-437355.6864,-453431.5146
6709000,2360.414,13763.5804,61925.9523,-515542.861,-437492.91429999995,-453616.90869999997
6710000,2321.2202,13716.3685,62397.557,-516268.22,-437833.0743,-453870.66299999994
6711000,2349.1302,13755.9986,61587.0045,-515040.7017,-437348.5684,-453453.6972
6712000,2409.9767,13825.8644,62085.2379,-515712.5252,-437391.4462,-453627.28729999997
6713000,2315.366,13753.8906,62385.4514,-516923.9378,-438469.22980000003,-454538.4864
6714000,2355.8854,13764.6107,62427.5626,-516850.7979,-438302.7392,-454423.2353
6715000,2334.6201,13633.8401,62998.5071,-517360.1596,-438393.1923,-454361.6525
6716000,2349.8618,13917.8847,61988.3594,-516177.407,-437921.30110000004,-454189.0476
6717000,2344.8587,13818.9451,62456.8452,-516665.1033,-438044.4543,-454208.25810000004
6718000,2337.4922,13782.5918,62079.2831,-515537.1111,-437337.74399999995,-453457.828
6719000,2389.6512,13884.5909,62019.0453,-515169.2448,-436875.95739999996,-453150.1995
6720000,2378.5142,13774.1582,62595.5103,-516289.6301,-437541.4474,-453694.1198
6721000,2346.5078,13823.195,62297.6944,-515942.3796,-437474.9824,-453644.6852
6722000,2328.1337,13727.5276,62112.8923,-515652.0639,-437483.5103,-453539.1716
6723000,2367.0588,13750.3122,61737.8053,-515024.8859,-437169.7096,-453287.0806
6724000,2326.1143,13658.5018,61604.4893,-515122.2192,-437533.1138,-453517.7299
6725000,2345.6034,13763.7473,62404.2326,-516453.4314,-437939.8481,-454049.1988
6726000,2374.7052,13736.7243,62037.2143,-515451.2369,-437302.5931,-453414.0226
6727000,2349.8993,13834.5837,62191.7574,-515931.7506,-437555.5102,-453739.9932
6728000,2334.5979,13761.5928,62234.6576,-516033.6169,-437702.7686,-453798.95930000005
6729000,2353.4256,13682.1841,61754.8393,-515218.3022,-437427.8532,-453463.4629
6730000,2360.7856,13824.5063,62234.211,-515962.4795,-437542.9766,-453728.2685
6731000,2355.1404,13810.2227,62522.3424,-516371.5335,-437683.82800000004,-453849.1911
6732000,2320.3262,13726.5693,61588.4893,-514923.8578,-437288.473,-453335.3685
6733000,2366.2662,13737.8874,61655.7689,-515267.4836,-437507.5611,-453611.71469999995
6734000,2338.4164,13716.5252,62113.3614,-515609.5382,-437441.2352,-453496.1768
6735000,2331.4398,13763.6802,61892.2134,-515299.0498,-437311.7164,-453406.8364
6736000,2378.8882,13776.4794,61695.3868,-515208.7807,-437358.0263,-453513.3939
6737000,2353.132,13700.8575,61660.4217,-515074.5907,-437360.17949999997,-453414.169
6738000,2361.5843,13733.7282,62328.4448,-515943.2856,-437519.5283,-453614.8408
6739000,2377.1889,13681.8419,62679.7204,-517088.1722,-438349.421,-454408.4518
6740000,2358.7101,13815.6458,61885.8069,-515657.2964,-437597.1336,-453771.48949999997
6741000,2380.2656,13831.7039,62012.553,-516485.1916,-438260.6691,-454472.6386
6742000,2339.2683,13722.6652,61955.1669,-516006.0361,-437988.93570000003,-454050.8692
6743000,2337.9909,13874.4777,61787.431,-515560.2421,-437560.34249999997,-453772.8111
6744000,2346.6344,13797.9225,62701.727,-516454.7981,-437608.51420000003,-453753.0711
6745000,2352.1091,13838.2125,61676.1496,-515115.4271,-437248.95589999994,-453439.27749999997
6746000,2309.6989,13803.1133,61822.7696,-516119.0575,-438183.4757,-454296.2879
6747000,2348.4135,13907.5474,61928.7212,-515103.1368,-436918.4547,-453174.41559999995
6748000,2332.1392,13686.8602,61852.3509,-515578.2843,-437706.934,-453725.9334
6749000,2354.4867,13694.4395,62233.3592,-515616.2435,-437333.9581,-453382.8843
6750000,2339.3492,13715.9242,62272.8794,-515170.5695,-436842.4167,-452897.6901
6751000,2363.585,13862.3379,61815.5361,-515043.9232,-437002.46420000005,-453228.38710000005
6752000,2348.7909,13750.4647,61957.0281,-515411.8903,-437355.60660000006,-453454.86220000003
6753000,2309.3353,13810.3999,62117.2807,-515727.4652,-437490.4493,-453610.1845
6754000,2375.9347,13724.9819,62216.9498,-516025.4118,-437707.5454,-453808.462
6755000,2350.5625,13814.5674,61847.1517,-516118.7972,-438106.5156,-454271.6455
6756000,2375.8918,13808.3536,61707.9271,-515459.8787,-437567.7062,-453751.95160000003
6757000,2369.4287,13766.4302,62061.5132,-516535.6067,-438338.23459999997,-454474.0935
6758000,2381.8636,13779.6857,62545.4701,-516878.7632,-438171.7438,-454333.2931
6759000,2379.9138,13809.233,62571.8926,-516419.2638,-437658.2244,-453847.3712
6760000,2342.018,13793.2002,62158.6779,-516223.9393,-437930.0432,-454065.2614
6761000,2300.4017,13713.4894,62366.8659,-516114.3863,-437733.62930000003,-453747.52040000004
6762000,2354.8955,13786.5251,62350.9295,-516082.0758,-437589.7257,-453731.1463
6763000,2334.8028,13870.3105,61970.5181,-515956.1626,-437780.53119999997,-453985.6445
6764000,2363.7284,13810.0627,61650.7085,-515639.5415,-437815.0419,-453988.833
6765000,2357.4884,13887.9943,62191.1921,-516228.3403,-437791.6655,-454037.1482
6766000,2324.9827,13839.9298,61887.6959,-516434.8783,-438382.26989999996,-454547.1824
6767000,2362.9055,13769.9369,62507.9211,-517013.1318,-438372.3683,-454505.2107
6768000,2352.943,13857.9231,61628.4051,-515627.7678,-437788.49659999995,-453999.36269999994
6769000,2350.1895,13770.1407,61955.9384,-515329.767,-437253.4984,-453373.8286
6770000,2340.2982,13789.2623,61368.7255,-514928.6807,-437430.39470000006,-453559.9552
6771000,2342.8861,13837.0873,61600.1709,-515434.8548,-437654.7105,-453834.68389999995
6772000,2365.4931,13865.3274,62223.6893,-516512.6466,-438058.1368,-454288.9573
6773000,2327.4248,13782.6129,62559.3829,-516260.4738,-437591.05319999997,-453701.09089999995
6774000,2349.7491,13737.3803,62547.5874,-516234.0097,-437599.2929,-453686.4223
6775000,2356.8927,13735.3922,62067.0982,-515840.627,-437681.2439,-453773.5288
6776000,2364.7933,13744.6365,61965.9313,-515530.8148,-437455.4537,-453564.8835
6777000,2357.9362,13716.5279,61798.472,-515109.7106,-437236.7745,-453311.2386
6778000,2319.454,13708.7497,61738.4261,-515415.8408,-437649.211,-453677.4147
6779000,2349.3754,13699.2981,61857.9783,-515530.1555,-437623.5037,-453672.1772
6780000,2309.5072,13750.5346,62107.6491,-515863.2971,-437695.60620000004,-453755.64800000004
6781000,2397.5435,13860.4528,62087.2679,-516422.8367,-438077.5725,-454335.5688
6782000,2359.3534,13788.1028,62204.4884,-516049.8968,-437697.9522,-453845.40839999996
6783000,2355.4151,13789.6667,61935.2351,-515308.0572,-437227.74029999995,-453372.8221
6784000,2342.9304,13740.4427,61683.7834,-514782.4083,-437015.2518,-453098.6249
6785000,2348.8273,13731.928,62171.3238,-515904.7099,-437652.63080000004,-453733.3861
6786000,2309.4146,13748.5812,62298.0747,-516574.9368,-438218.8663,-454276.8621
6787000,2377.1914,13883.9542,62213.7105,-516033.7362,-437558.88009999995,-453820.0257
6788000,2343.3869,13782.0334,62092.6226,-515860.0026,-437641.9597,-453767.38
6789000,2371.0258,13772.6755,62283.3067,-516473.4462,-438046.4382,-454190.1395
6790000,2349.7753,13775.0636,61831.7262,-515666.1313,-437709.5662,-453834.40510000003
6791000,2383.2454,13814.8249,61313.2114,-515036.4239,-437525.1422,-453723.2125
6792000,2354.6354,13836.3519,61849.6789,-515369.2479,-437328.5817,-453519.569
6793000,2381.4618,13836.969,61195.9805,-514579.2749,-437164.86360000004,-453383.2944
6794000,2366.8918,13874.2198,62218.4926,-516090.1758,-437630.5716,-453871.6832
6795000,2375.7535,13778.5729,62567.9943,-516567.417,-437845.09630000003,-453999.4227
6796000,2346.0004,13731.9514,62517.1102,-516656.9465,-438061.88450000004,-454139.8363
6797000,2358.1488,13830.4551,61596.5559,-515209.4336,-437424.27379999997,-453612.8777
6798000,2367.2343,13816.1742,62050.3067,-516184.1652,-437950.44999999995,-454133.8585
6799000,2378.1234,13847.2408,62461.7249,-516616.4917,-437929.40260000003,-454154.7668
6800000,2355.2876,13744.0862,62129.5491,-516098.765,-437869.8421,-453969.2159
6801000,2374.7501,13792.0923,62841.3693,-517559.186,-438550.9743,-454717.81669999997
6802000,2373.8752,13716.0181,62066.992,-515985.1572,-437828.27190000005,-453918.16520000005
6803000,2374.4375,13799.5406,62199.4772,-516366.7986,-437993.34329999995,-454167.32139999996
6804000,2342.9276,13907.6583,62712.6398,-516874.5966,-437911.3709,-454161.9568
6805000,2330.3521,13740.0857,62002.2346,-515398.1263,-437325.45389999996,-453395.8917
6806000,2348.1567,13801.7266,62009.9978,-516177.0933,-438017.2122,-454167.0955
6807000,2376.0609,13858.1825,63031.3986,-517558.3905,-438292.7485,-454526.99189999996
6808000,2356.1415,13764.9868,61928.2694,-515654.5095,-437605.11179999996,-453726.2401
6809000,2369.6337,13835.4706,62003.9185,-515622.2435,-437413.22069999995,-453618.32499999995
6810000,2334.3494,13721.2442,62077.188,-516301.7189,-438168.9373,-454224.53089999995
6811000,2349.738,13758.8941,61410.6865,-514444.844,-436925.5254,-453034.1575
6812000,2355.9536,13813.9808,61791.6424,-515436.6094,-437475.03260000004,-453644.967
6813000,2348.6628,13781.8918,61995.2198,-515540.1003,-437414.3259,-453544.88049999997
6814000,2348.7607,13678.5745,62587.4332,-516266.0273,-437651.2589,-453678.5941
6815000,2384.3061,13807.2153,62057.9365,-515998.2207,-437748.7628,-453940.2842
6816000,2342.9791,13771.5246,62163.2853,-516237.3997,-437959.6107,-454074.1144
6817000,2372.2151,13757.6248,61502.1381,-515295.8054,-437663.8274,-453793.66730000003
6818000,2367.5508,13817.4033,61948.8558,-515518.0801,-437384.2702,-453569.2243
6819000,2379.9947,13851.8645,62103.2395,-516413.0679,-438077.96920000005,-454309.8284
6820000,2404.6458,13863.5702,61909.3979,-516140.269,-437962.6551,-454230.8711
6821000,2343.0586,13822.0125,62027.7054,-516456.3744,-438263.59789999994,-454428.669
6822000,2340.1753,13749.2063,62281.9258,-516369.4824,-437998.175,-454087.5566
6823000,2313.2588,13694.7151,62475.3947,-517039.5875,-438556.21890000004,-454564.1928
6824000,2347.7751,13821.1226,62483.2499,-516456.2551,-437804.10750000004,-453973.0052
6825000,2351.8743,13783.2073,61967.978,-516407.1881,-438304.1285,-454439.2101
6826000,2341.1338,13763.5786,62108.5072,-515950.9678,-437737.7482,-453842.4606
6827000,2382.0076,13674.8335,62329.9943,-516195.9273,-437809.0919,-453865.93299999996
6828000,2335.5607,13794.1018,61616.3771,-515148.282,-437402.2424,-453531.9049
6829000,2344.2627,13801.8507,62275.0136,-516284.1124,-437862.9854,-454009.0988
6830000,2365.6489,13768.3163,62130.6574,-515741.6636,-437477.041,-453611.00620000006
6831000,2340.4345,13792.5418,61767.9587,-515135.165,-437234.23,-453367.20629999996
6832000,2354.5181,13764.3221,62029.1321,-515997.0921,-437849.1198,-453967.96
6833000,2304.05,13721.6695,62691.391,-515788.4704,-437071.3599,-453097.0794
6834000,2331.8883,13796.0298,62397.9176,-516400.6762,-437874.8405,-454002.7586
6835000,2363.2631,13723.091,62213.7879,-516509.4461,-438209.3041,-454295.6582
6836000,2375.501,13784.6383,61839.6015,-515420.2051,-437420.4643,-453580.60360000003
6837000,2363.321,13781.4048,61925.0926,-515622.8902,-437553.07180000003,-453697.79760000005
6838000,2360.9299,13822.6811,61945.7272,-516168.2383,-438038.9001,-454222.5111
6839000,2399.3381,13915.1864,62231.3835,-515999.1622,-437453.2542,-453767.7787
6840000,2322.6734,13758.0749,62161.289,-515671.5946,-437429.5573,-453510.3056
6841000,2355.2993,13745.2914,62039.9985,-516557.1964,-438416.6072,-454517.1979
6842000,2320.8123,13703.5838,61841.6675,-515895.6961,-438029.6325,-454054.0286
6843000,2353.051,13839.8922,61668.4318,-515196.8713,-437335.4963,-453528.4395
6844000,2327.2605,13807.496,61530.8709,-515278.0001,-437612.3727,-453747.1292
6845000,2375.9008,14007.9795,61783.1659,-515772.3124,-437605.2662,-453989.1465
6846000,2363.1366,13836.1251,62374.4769,-516319.3886,-437745.65,-453944.9117
6847000,2406.1323,13788.402,61711.7325,-515519.2631,-437612.9963,-453807.5306
6848000,2354.5444,13794.3177,61933.482,-515560.7116,-437478.3675,-453627.22959999996
6849000,2375.7331,13772.9401,61518.0462,-514748.9611,-437082.2417,-453230.91490000003
6850000,2383.4014,13902.2259,62261.449,-516134.7922,-437587.7159,-453873.3432
6851000,2335.1813,13719.1654,62035.8054,-516015.4895,-437925.3374,-453979.6841
6852000,2346.3869,13737.1015,61662.738,-514761.7536,-437015.5272,-453099.0156
6853000,2344.985,13755.3677,61613.7743,-515056.0484,-437341.92140000005,-453442.27410000004
6854000,2357.8703,13752.4951,61898.7173,-515630.7797,-437621.69700000004,-453732.0624
6855000,2353.1825,13783.715,62239.3123,-515725.7976,-437349.5878,-453486.4853
6856000,2405.4483,13820.3049,62100.9949,-515670.6092,-437343.8611,-453569.6143
6857000,2389.7856,13818.7477,61805.311,-515283.4616,-437269.6173,-453478.1506
6858000,2379.3019,13817.3569,61861.9675,-515714.2972,-437655.67089999997,-453852.3297
6859000,2340.4128,13767.251,62083.0898,-515905.2808,-437714.5272,-453822.191
6860000,2336.4508,13783.0012,62056.9048,-516956.1917,-438779.8349,-454899.2869
6861000,2352.3772,13757.4959,62319.4784,-516205.4818,-437776.1303,-453886.0034
6862000,2364.5016,13789.2459,62931.8165,-516850.2953,-437764.7313,-453918.4788
6863000,2376.1843,13811.8812,61890.4225,-515686.2608,-437607.7728,-453795.8383
6864000,2346.1442,13809.4647,61845.0844,-515458.0932,-437457.3999,-453613.0088
6865000,2353.8516,13738.8057,62355.5119,-516353.369,-437905.1998,-453997.8571
6866000,2348.5528,13801.4737,61675.9492,-515032.8102,-437206.8345,-453356.86100000003
6867000,2349.5608,13702.4732,62389.8242,-516620.7024,-438178.8442,-454230.87820000004
6868000,2336.2677,13816.5843,61986.5696,-516103.103,-437963.6814,-454116.5334
6869000,2388.0199,13841.0502,62318.6482,-516679.5469,-438131.8286,-454360.8987
6870000,2377.1862,13744.8968,61861.8108,-516344.7305,-438360.8367,-454482.9197
6871000,2375.2485,13732.2925,62698.237,-517165.6882,-438359.9102,-454467.45119999995
6872000,2380.0011,13831.9986,62677.7752,-516305.3392,-437415.56429999997,-453627.564
6873000,2351.4561,13783.9994,62231.0662,-516064.5482,-437698.02650000004,-453833.482
6874000,2331.7539,13768.8193,61989.7816,-515538.5412,-437448.1864,-453548.7596
6875000,2354.9983,13789.2974,62245.8986,-516025.1998,-437635.00549999997,-453779.3012
6876000,2335.8919,13766.8566,61797.0326,-515365.8312,-437466.0501,-453568.79860000004
6877000,2370.8276,13855.544,62166.5817,-515985.8966,-437592.9433,-453819.3149
6878000,2328.9829,13757.4033,62250.892,-516010.6567,-437673.3785,-453759.7647
6879000,2349.6797,13762.5799,62351.0612,-515554.2891,-437090.9683,-453203.2279
6880000,2351.0158,13739.8918,61475.041,-514872.1826,-437306.234,-453397.1416
6881000,2368.6963,13840.023,61734.6706,-515408.3773,-437464.9874,-453673.7067
6882000,2356.6118,13742.5294,62063.5944,-516591.0538,-438428.3182,-454527.4594
6883000,2334.1055,13754.4256,61400.5128,-515007.7264,-437518.6825,-453607.2136
6884000,2387.2085,13797.2383,62253.5084,-515355.409,-436917.4538,-453101.9006
6885000,2361.3951,13836.6581,62095.443,-515981.7321,-437688.2359,-453886.28910000005
6886000,2362.8267,13815.5588,61755.0636,-515074.8691,-437141.42000000004,-453319.8055
6887000,2361.8742,13721.3811,61669.868,-514923.1172,-437169.9939,-453253.24919999996
6888000,2392.3974,13795.4953,61352.7251,-514867.3152,-437326.6974,-453514.59010000003
6889000,2338.932,13814.8078,62180.0242,-515825.6957,-437491.93169999996,-453645.6715
6890000,2403.7343,13866.0572,62161.5009,-516073.791,-437642.49860000005,-453912.29010000004
6891000,2382.676,13805.9181,62426.8649,-517408.9824,-438793.52339999995,-454982.1175
6892000,2362.954,13751.9966,61825.1673,-516130.1522,-438190.0343,-454304.98490000004
6893000,2340.5745,13844.9691,61795.4492,-515698.7079,-437717.7151,-453903.2587
6894000,2354.1354,13766.8525,62185.1822,-516014.0295,-437707.8594,-453828.8473
6895000,2342.7553,13762.5614,62076.4744,-516499.6109,-438317.81980000006,-454423.1365
6896000,2376.2043,13763.9071,62356.705,-516565.4227,-438068.6063,-454208.7177
6897000,2351.9871,13722.4765,62330.8591,-516455.0073,-438049.6846,-454124.1482
6898000,2346.1171,13774.7091,62113.2068,-515829.5721,-437595.5391,-453716.3653
6899000,2366.732,13828.3841,62295.7152,-515775.3652,-437284.53390000004,-453479.65
6900000,2346.0359,13889.4152,61711.8542,-515742.8823,-437795.577,-454031.0281
6901000,2387.0067,13870.1318,62251.3513,-515909.7736,-437401.28380000003,-453658.42230000003
6902000,2333.8959,13778.8484,62117.1211,-516017.4942,-437787.6288,-453900.3731
6903000,2372.4679,13799.6614,61575.1747,-515509.7355,-437762.4315,-453934.5608
6904000,2342.0215,13753.7097,62186.0427,-516252.2785,-437970.5046,-454066.2358
6905000,2353.0877,13722.5692,62576.8288,-516634.5185,-437982.0328,-454057.6897
6906000,2363.2236,13797.1593,62370.8783,-516445.3747,-437914.1135,-454074.4964
6907000,2323.4013,13753.1655,62073.4028,-515776.8925,-437626.9229,-453703.48970000003
6908000,2375.0197,13841.086,62106.7221,-516462.4202,-438139.59239999996,-454355.6981
6909000,2386.0304,13820.437,61821.9692,-515577.9858,-437549.5492,-453756.01660000003
6910000,2350.6093,13696.1638,62569.3543,-516344.5344,-437728.407,-453775.1801
6911000,2354.7664,13786.9863,62411.8054,-515984.9838,-437431.4257,-453573.1784
6912000,2344.0355,13827.5064,61836.7822,-515570.1363,-437561.81220000004,-453733.3541
6913000,2358.5624,13802.3178,62193.9588,-516029.2245,-437674.3855,-453835.2657
6914000,2337.7127,13724.0803,61974.2877,-515739.9606,-437703.8799,-453765.6729
6915000,2341.5742,13812.7254,61954.5277,-515623.82,-437514.9927,-453669.29230000003
6916000,2338.7129,13788.7904,61792.5337,-514918.7894,-436998.7524,-453126.2557
6917000,2355.3939,13865.1586,62300.6251,-515307.6984,-436786.5208,-453007.0733
6918000,2363.5262,13857.0258,62335.5061,-516383.8321,-437827.774,-454048.326
6919000,2308.6327,13787.9346,61880.7574,-516008.8807,-438031.556,-454128.1233
6920000,2385.2737,13723.1483,62606.7794,-516481.6907,-437766.48929999996,-453874.9113
6921000,2348.4255,13809.0638,62015.6305,-515689.8146,-437516.6948,-453674.18409999995
6922000,2378.195,13723.5589,61700.4444,-515483.5015,-437681.3032,-453783.05710000003
6923000,2357.9051,13770.3819,62298.4738,-516191.4045,-437764.6437,-453892.9307
6924000,2346.4913,13723.5587,61427.3051,-514978.0952,-437480.7401,-453550.7901
6925000,2345.2052,13771.8567,62042.7943,-515903.6452,-437743.789,-453860.8509
6926000,2337.286,13741.7807,61966.7585,-515649.5456,-437603.7204,-453682.7871
6927000,2373.4841,13781.6156,61962.3977,-515759.9383,-437642.4409,-453797.54059999995
6928000,2336.2251,13820.379,62485.5494,-516902.4802,-438260.3267,-454416.9308
6929000,2341.3185,13805.5487,62584.6709,-516534.9247,-437803.38659999997,-453950.25379999995
6930000,2321.1823,13866.0624,62289.3796,-516301.1128,-437824.4885,-454011.7332
6931000,2328.0141,13809.7576,62153.1588,-515581.626,-437290.6955,-453428.4672
6932000,2349.4737,13824.7716,62566.7778,-516295.1255,-437554.10240000003,-453728.34770000004
6933000,2375.2102,13789.6863,61805.1243,-515585.695,-437615.6742,-453780.5707
6934000,2347.9751,13797.4406,62142.898,-516016.4274,-437728.1137,-453873.5294
6935000,2372.0836,13890.0627,62388.5194,-516230.985,-437580.3193,-453842.4656
6936000,2387.0918,13862.4429,62087.2425,-515794.7712,-437457.994,-453707.5287
6937000,2330.1779,13719.73,61787.3268,-515395.489,-437558.25430000003,-453608.1622
6938000,2363.8555,13805.0694,62341.3303,-516139.011,-437628.7558,-453797.6807
6939000,2368.192,13862.7594,62110.9058,-516548.1818,-438206.32460000005,-454437.276
6940000,2326.3199,13724.2028,61915.5291,-515945.5066,-437979.4548,-454029.97750000004
6941000,2348.9798,13837.0405,61762.8474,-514533.83,-436584.9623,-452770.9826
6942000,2330.7588,13708.1765,61967.2215,-515299.3516,-437293.1948,-453332.1301
6943000,2309.6518,13672.1996,61666.9619,-515339.9013,-437691.088,-453672.93940000003
6944000,2360.1582,13777.6944,62090.5747,-515500.3094,-437271.88210000005,-453409.73470000003
6945000,2334.0415,13890.1957,62209.4831,-515972.9334,-437539.2131,-453763.45029999997
6946000,2367.6154,13866.3827,62036.1269,-515798.4373,-437528.3123,-453762.31039999996
6947000,2381.4946,13856.5223,62488.148,-515769.9036,-437043.7387,-453281.75560000003
6948000,2424.2798,13844.5993,61674.4916,-515343.1462,-437399.7755,-453668.6546
6949000,2386.172,13897.2688,62251.8466,-515865.8857,-437330.59829999995,-453614.0391
6950000,2339.0471,13790.7727,62573.3419,-516496.5073,-437793.3456,-453923.1654
6951000,2318.9307,13727.488,61929.4499,-515412.6494,-437436.7808,-453483.1995
6952000,2339.8467,13799.3513,61728.0099,-515423.8329,-437556.625,-453695.823
6953000,2365.5933,13769.3846,62094.1389,-514936.3159,-436707.19909999997,-452842.17699999997
6954000,2350.394,13895.7926,62050.4687,-515594.2291,-437297.5738,-453543.7604
6955000,2389.9553,13812.2564,62227.684,-516220.8076,-437790.9119,-453993.1236
6956000,2396.1939,13901.9045,62024.48,-515493.2961,-437170.7177,-453468.8161
6957000,2356.7312,13866.7041,61626.701,-515572.5972,-437722.4609,-453945.8962
6958000,2344.9069,13822.431,62315.706,-516225.7011,-437742.6572,-453909.9951
6959000,2318.7045,13795.1594,62411.5172,-516553.327,-438027.9459,-454141.8098
6960000,2355.6966,13848.6213,62117.1897,-516307.631,-437986.1234,-454190.4413
6961000,2311.1476,13849.4861,61978.6053,-515830.8054,-437691.5664,-453852.2001
6962000,2370.0536,13752.4034,62069.2794,-515973.4031,-437781.6667,-453904.1237
6963000,2340.8447,13860.6941,61883.4116,-515493.6224,-437408.672,-453610.2108
6964000,2314.4536,13702.7915,61767.0136,-515039.5423,-437255.28359999997,-453272.52869999997
6965000,2332.4687,13700.0318,62194.8659,-516336.3153,-438108.9489,-454141.44940000004
6966000,2353.934,13762.0633,62034.535,-516328.6531,-438178.1208,-454294.11809999996
6967000,2357.7756,13797.1034,61840.7187,-515757.9628,-437762.3651,-453917.2441
6968000,2380.2922,13810.9777,61342.9635,-514784.9704,-437250.73699999996,-453442.0069
6969000,2360.0836,13689.658,61563.3154,-515133.8262,-437520.7692,-453570.5108
6970000,2308.4983,13845.4883,62236.6589,-516555.6633,-438165.01780000003,-454319.00440000003
6971000,2357.4481,13825.2718,62116.9437,-515528.8469,-437229.18330000003,-453411.9032
6972000,2358.1322,13804.3867,62544.7598,-516391.0618,-437683.7831,-453846.302
6973000,2353.6194,13789.9875,61604.0433,-515291.0188,-437543.36860000005,-453686.9755
6974000,2351.7985,13845.5518,61960.2005,-515478.9602,-437321.4094,-453518.7597
6975000,2358.3657,13780.0504,62386.8579,-515118.1936,-436592.9196,-452731.3357
6976000,2306.626,13800.9135,61577.4009,-514352.5571,-436667.61669999996,-452775.15619999997
6977000,2380.1498,13814.9643,62084.6194,-515583.6528,-437303.91929999995,-453499.03339999996
6978000,2337.184,13725.4487,62201.9382,-515008.5429,-436743.972,-452806.6047
6979000,2355.2134,13734.5639,61693.6617,-514874.0049,-437090.5659,-453180.3432
6980000,2318.0153,13812.1477,61747.3133,-514915.3101,-437037.8338,-453167.9968
6981000,2330.1741,13704.1653,62188.0753,-515805.9623,-437583.54760000005,-453617.887
6982000,2364.4949,13851.5464,61939.1955,-515290.5084,-437135.2716,-453351.3129
6983000,2339.6391,13757.5019,61790.2001,-515814.2112,-437926.8701,-454024.0111
6984000,2357.1782,13755.3204,61830.9255,-515273.8677,-437330.4436,-453442.9422
6985000,2364.9557,13869.6636,62210.9882,-516042.5852,-437596.9777,-453831.59699999995
6986000,2344.4162,13727.5004,61651.6695,-515195.7726,-437472.1865,-453544.1031
6987000,2320.5189,13810.4372,61657.9034,-515188.3926,-437399.5331,-453530.4892
6988000,2351.6608,13841.7674,62270.5491,-515535.4529,-437071.4756,-453264.9038
6989000,2356.6812,13766.4307,62283.1652,-515662.5083,-437256.2312,-453379.3431
6990000,2359.7834,13836.2587,62151.7025,-515401.5149,-437053.7703,-453249.8124
6991000,2356.901,13830.1961,61462.2258,-514800.52,-437151.1971,-453338.2942
6992000,2349.7819,13816.1079,62033.6633,-516536.1576,-438336.60449999996,-454502.49429999996
6993000,2354.0679,13798.4944,61633.1532,-514987.2,-437201.4845,-453354.0468
6994000,2364.2651,13854.5143,61792.4418,-515070.3124,-437059.0912,-453277.8706
6995000,2326.2635,13886.3501,61896.0886,-515153.9443,-437045.2421,-453257.85569999996
6996000,2352.2006,13890.6674,61768.7481,-515105.9959,-437094.3798,-453337.2478
6997000,2349.17,13705.5454,61930.4831,-514615.2375,-436630.039,-452684.7544
6998000,2349.5277,13827.7429,61858.4476,-515416.0341,-437380.3159,-453557.5865
6999000,2334.6193,13889.8563,61714.8395,-515977.9678,-438038.6527,-454263.1283
7000000,2307.2054,13820.9481,61641.1927,-515593.6358,-437824.2896,-453952.4431
7001000,2364.808,13812.0067,61949.1177,-515685.3219,-437559.3895,-453736.2042
7002000,2340.9341,13715.032,61582.065,-515748.1156,-438110.0845,-454166.0506
7003000,2341.1764,13803.7585,62354.8634,-516981.2659,-438481.4676,-454626.40249999997
7004000,2379.7383,13777.1855,61718.0609,-515472.1843,-437597.19960000005,-453754.12340000004
7005000,2410.3955,13797.5101,62319.6705,-516683.9818,-438156.4057,-454364.3113
7006000,2356.2985,13794.7272,61913.4813,-515946.1901,-437881.6831,-454032.7088
7007000,2361.9841,13814.0419,62017.7301,-515251.0387,-437057.2826,-453233.3086
7008000,2345.4759,13766.2115,61810.3621,-515523.1951,-437601.14560000005,-453712.833
7009000,2355.4951,13792.3159,62079.1004,-515448.5492,-437221.6378,-453369.4488
7010000,2347.7311,13869.9719,61935.7906,-515222.4982,-437069.0046,-453286.70759999997
7011000,2366.4198,13863.2173,62243.0845,-516262.8208,-437790.0992,-454019.7363
7012000,2387.6512,13853.8432,61960.3088,-516108.9126,-437907.10939999996,-454148.6038
7013000,2394.2057,13715.0498,62009.8217,-516164.1766,-438045.0994,-454154.35490000003
7014000,2366.9148,13816.889,62501.8096,-516909.3074,-438223.694,-454407.4978
7015000,2372.8643,13776.0937,61771.2479,-515552.351,-437632.1451,-453781.1031
7016000,2332.8039,13812.519,62452.982,-516011.2147,-437412.9098,-453558.2327
7017000,2352.9577,13845.7656,61566.2459,-515366.1791,-437601.2099,-453799.9332
7018000,2356.5965,13828.7287,61368.1975,-514564.644,-437011.1213,-453196.44649999996
7019000,2359.993,13760.3215,61992.9108,-515676.6432,-437563.4179,-453683.7324
7020000,2348.6755,13807.0511,62603.5111,-516656.2108,-437896.9731,-454052.6997
7021000,2341.842,13714.2404,62252.5919,-515661.3414,-437352.66709999996,-453408.7495
7022000,2348.5966,13834.6278,61965.064,-515963.7422,-437815.4538,-453998.67819999997
7023000,2319.3902,13746.6438,62211.8916,-515851.7406,-437573.815,-453639.84900000005
7024000,2354.5383,13815.2509,61861.7625,-515370.5107,-437338.959,-453508.7482
7025000,2336.6363,13822.0743,62457.0357,-516702.7106,-438086.9643,-454245.6749
7026000,2342.568,13825.2168,62155.6755,-515785.0801,-437461.6198,-453629.4046
7027000,2328.9534,13719.4755,61724.3514,-515343.3119,-437570.5316,-453618.9605
7028000,2386.8687,13680.2123,62310.2537,-516090.7284,-437713.3937,-453780.4747
7029000,2327.4263,13701.8109,61846.6224,-515217.8988,-437342.0392,-453371.27640000003
7030000,2384.1008,13799.5676,62161.2217,-516102.8951,-437758.005,-453941.6734
7031000,2357.8333,13742.1306,61403.8292,-515291.5415,-437787.7484,-453887.7123
7032000,2370.3653,13806.4397,62094.6095,-515864.5806,-437593.1661,-453769.97109999997
7033000,2332.6136,13720.9868,62435.7363,-516415.3499,-437926.0132,-453979.6136
7034000,2324.0361,13702.3178,62632.7913,-516240.3745,-437581.2293,-453607.5832
7035000,2351.8895,13755.5718,61589.8438,-515212.2642,-437514.9591,-453622.42039999994
7036000,2350.6607,13728.1809,61969.7067,-515545.721,-437497.1727,-453576.01430000004
7037000,2364.1565,13823.9843,61739.9646,-515296.3502,-437368.2448,-453556.3856
7038000,2329.8916,13691.2849,62272.0295,-515926.7694,-437633.5634,-453654.7399
7039000,2347.9594,13721.6283,62056.5481,-516108.8833,-437982.7475,-454052.3352
7040000,2374.319,13737.2799,62163.3476,-516237.5914,-437962.64489999996,-454074.2438
7041000,2340.9398,13757.9201,62268.3365,-515841.9249,-437474.72849999997,-453573.5884
7042000,2366.6738,13733.8228,62243.1358,-516296.5565,-437952.9241,-454053.4207
7043000,2325.8285,13793.3038,61876.1435,-515721.5565,-437726.2807,-453845.413
7044000,2346.7533,13776.9268,61965.3031,-515800.427,-437711.4438,-453835.1239
7045000,2354.8673,13728.8421,62290.0704,-516560.1484,-438186.36860000005,-454270.078
7046000,2306.0871,13686.9352,62535.2135,-516342.2615,-437814.0257,-453807.048
7047000,2367.6486,13824.4143,63125.0255,-517235.0379,-437917.9495,-454110.0124
7048000,2369.9788,13742.219,61685.4481,-515518.5975,-437720.9516,-453833.1494
7049000,2346.9867,13755.4753,62169.8441,-516209.2625,-437936.9564,-454039.4184
7050000,2359.1351,13841.6086,62097.8267,-516010.5631,-437711.99270000006,-453912.73640000005
7051000,2370.0632,13759.7262,61729.5538,-515191.9629,-437332.6197,-453462.4091
7052000,2376.8126,13775.0223,61959.8334,-515552.0885,-437440.4202,-453592.2551
7053000,2365.2034,13754.7063,61974.446,-515989.0903,-437894.73459999997,-454014.6443
7054000,2361.147,13756.0579,61746.0634,-514856.9753,-436993.707,-453110.9119
7055000,2390.6901,13766.9591,61637.6945,-515325.8955,-437530.5518,-453688.201
7056000,2375.6013,13807.1767,61943.8331,-515905.1364,-437778.5253,-453961.3033
7057000,2374.0872,13803.9967,62163.8912,-516568.9177,-438226.9426,-454405.0265
7058000,2351.9552,13739.0844,61685.4712,-515485.4505,-437708.9397,-453799.9793
7059000,2297.7937,13813.1957,62170.7485,-515747.5387,-437465.80079999997,-453576.7902
7060000,2355.7169,13764.0928,61961.3508,-516290.0549,-438208.8944,-454328.7041
7061000,2381.5427,13844.4053,61964.2509,-515947.0638,-437756.8649,-453982.8129
7062000,2362.2825,13716.7447,61886.7658,-515458.3765,-437492.5835,-453571.6107
7063000,2347.2394,13721.7486,62065.2653,-515429.8496,-437295.59630000003,-453364.5843
7064000,2366.2896,13767.7137,61728.9627,-515314.8675,-437451.9015,-453585.9048
7065000,2330.7795,13762.0078,61725.3149,-515046.7354,-437228.63320000004,-453321.4205
7066000,2343.5501,13755.7365,61949.7463,-515591.3629,-437542.33,-453641.6166
7067000,2370.3103,13752.7601,62011.2544,-515574.5004,-437440.1756,-453563.24600000004
7068000,2323.0999,13754.9053,61669.7667,-515272.5403,-437524.7684,-453602.7736
7069000,2354.7407,13740.1582,62370.0555,-515904.0052,-437439.0508,-453533.9497
7070000,2351.4886,13754.8383,61854.6433,-515940.9477,-437979.97750000004,-454086.3044
7071000,2356.3803,13715.7563,62775.8244,-516608.1475,-437760.1865,-453832.32310000004
7072000,2305.9205,13630.4416,62022.4755,-515786.3347,-437827.49710000004,-453763.8592
7073000,2338.602,13799.1599,62179.3223,-516508.3494,-438191.2652,-454329.0271
7074000,2310.1947,13670.986,62181.2769,-515855.4184,-437692.9608,-453674.1415
7075000,2370.7721,13768.1478,61763.0998,-515361.0043,-437458.98459999997,-453597.90449999995
7076000,2362.4718,13939.8312,61800.4412,-515277.8842,-437175.13999999996,-453477.44299999997
7077000,2357.7092,13784.6612,62002.4195,-515394.0898,-437249.2999,-453391.6703
7078000,2347.1871,13780.5017,61276.2085,-514336.1857,-436932.28839999996,-453059.97719999996
7079000,2349.8596,13892.4889,62251.9364,-515528.399,-437034.1141,-453276.46259999997
7080000,2363.339,13810.9187,61792.7168,-515018.662,-437051.6875,-453225.9452
7081000,2370.8847,13908.7693,62264.2764,-515727.3696,-437183.43919999996,-453463.0932
7082000,2359.6478,13725.2395,61807.8616,-514757.7492,-436865.0003,-452949.8876
7083000,2355.4674,13796.7429,61867.51,-515168.8921,-437149.1718,-453301.3821
7084000,2316.6664,13837.428,61682.6134,-514678.1906,-436841.4828,-452995.57719999994
7085000,2382.5638,13697.5871,61796.416,-515202.429,-437325.8621,-453406.01300000004
7086000,2368.9536,13753.9033,61912.3708,-515419.1921,-437383.9644,-453506.8213
7087000,2342.3084,13724.7554,62851.4984,-516325.1847,-437406.6225,-453473.6863
7088000,2372.8278,13729.4224,62047.2946,-515696.0064,-437546.46160000004,-453648.7118
7089000,2366.9084,13757.1168,62021.8228,-515411.8882,-437266.0402,-453390.06539999996
7090000,2344.1769,13735.5695,62109.7411,-515967.801,-437778.3135,-453858.0599
7091000,2334.9669,13675.9568,62130.9827,-515713.9599,-437572.05350000004,-453582.9772
7092000,2369.5658,13776.5818,62250.6547,-516165.4774,-437768.6751,-453914.82269999996
7093000,2360.1122,13809.9739,62505.9982,-516669.1727,-437993.0884,-454163.17449999996
7094000,2322.9482,13782.2933,62033.4931,-515959.1428,-437820.40819999995,-453925.64969999995
7095000,2365.7971,13848.4991,61744.5308,-515743.9714,-437785.1444,-453999.4406
7096000,2366.3886,13822.0447,62238.5476,-516748.1234,-438321.14249999996,-454509.5758
7097000,2323.7653,13708.6564,61845.0927,-515698.8884,-437821.374,-453853.7957
7098000,2314.1956,13787.334,62270.9423,-516336.178,-437963.7061,-454065.2357
7099000,2327.0041,13730.1489,61928.7797,-516052.1799,-438066.2472,-454123.4002
7100000,2363.5204,13782.0174,62387.5018,-515978.6206,-437445.581,-453591.11880000005
7101000,2358.1945,13780.7428,62587.3421,-516575.9342,-437849.6548,-453988.5921
7102000,2359.5021,13780.4555,62343.9983,-516303.7014,-437819.7455,-453959.70310000004
7103000,2383.772,13892.2689,62451.4896,-516917.6926,-438190.1621,-454466.203
7104000,2344.1671,13736.3237,61870.8478,-515399.0894,-437447.7508,-453528.2416
7105000,2310.1176,13806.5068,62428.5719,-516763.2041,-438218.00779999996,-454334.6322
7106000,2338.1055,13813.2329,61949.9669,-515702.3722,-437601.0669,-453752.4053
7107000,2365.016,13876.8999,62417.9187,-515670.3692,-437010.5346,-453252.45050000004
7108000,2345.6738,13819.9192,61590.8805,-515152.4889,-437396.01540000003,-453561.6084
7109000,2352.9989,13861.3739,62281.5359,-515820.7271,-437324.8184,-453539.1912
7110000,2358.1223,13727.5234,62295.0273,-515795.7979,-437415.1249,-453500.7706
7111000,2313.434,13735.6331,61624.0499,-515287.9038,-437614.7868,-453663.8539
7112000,2342.8242,13768.8392,62125.2401,-516330.6789,-438093.7754,-454205.4388
7113000,2369.3376,13842.3745,62341.3908,-517207.5911,-438654.4882,-454866.2003
7114000,2364.8822,13741.921,62153.3322,-516426.3222,-438166.1868,-454272.99
7115000,2331.985,13691.1393,62493.0967,-516440.301,-437924.07999999996,-453947.2043
7116000,2312.2155,13688.3871,62266.1917,-516548.5939,-438281.79959999997,-454282.40219999995
7117000,2305.0169,13781.3579,62172.6194,-515837.1625,-437578.16829999996,-453664.54309999995
7118000,2338.8058,13815.2642,62230.8975,-516225.1932,-437840.22569999995,-453994.29569999996
7119000,2357.7164,13790.4523,61716.0009,-515593.2894,-437729.1198,-453877.2885
7120000,2322.7984,13720.4941,61807.0314,-515766.9152,-437916.5913,-453959.8838
7121000,2349.8174,13771.1531,62932.1368,-517258.4655,-438205.3582,-454326.3287
7122000,2377.8273,13863.9901,62145.4377,-516182.5736,-437795.3185,-454037.1359
7123000,2342.197,13913.6209,62186.4574,-515960.6843,-437518.40900000004,-453774.2269
7124000,2358.6387,13935.7547,62366.5352,-516636.7354,-437975.8068,-454270.2002
7125000,2342.8211,13802.8985,62240.9623,-515861.4726,-437474.7907,-453620.51029999997
7126000,2369.7041,13833.0874,61887.885,-515643.4282,-437552.7517,-453755.5432
7127000,2354.7249,13767.2338,62181.6356,-516043.945,-437740.3507,-453862.3094
7128000,2363.7794,13889.2709,62500.2154,-516474.4784,-437721.21270000003,-453974.26300000004
7129000,2372.6013,13842.3349,61634.0323,-515762.6693,-437913.7008,-454128.637
7130000,2341.8039,13794.5459,61471.2161,-514854.8843,-437247.3184,-453383.66819999996
7131000,2341.2234,13818.6757,62187.8113,-516577.7784,-438230.068,-454389.9671
7132000,2356.6178,13679.4227,62051.4874,-516021.0227,-437933.4948,-453969.5353
7133000,2315.9708,13739.5042,61551.3434,-515368.01,-437761.1916,-453816.6666
7134000,2356.8173,13866.662,61792.2817,-515288.7746,-437273.0136,-453496.4929
7135000,2343.9092,13829.4878,62120.2795,-516028.0693,-437734.3928,-453907.78979999997
7136000,2376.4859,13722.2041,62783.9337,-517072.2887,-438189.665,-454288.355
7137000,2347.1517,13664.2903,62851.9705,-516803.9828,-437940.5703,-453952.0123
7138000,2317.9591,13728.9411,62091.2263,-515753.2705,-437615.144,-453662.0442
7139000,2341.5111,13768.4849,62006.3683,-515268.8359,-437152.4716,-453262.4676
7140000,2354.1264,13753.2077,62383.7369,-516609.5078,-438118.4368,-454225.7709
7141000,2324.5072,13744.7356,61657.5589,-515176.9752,-437450.1735,-453519.4163
7142000,2399.9422,13876.2153,61975.4668,-515432.4027,-437180.77839999995,-453456.9359
7143000,2309.4781,13741.9912,62277.5636,-515980.332,-437651.2991,-453702.7684
7144000,2384.2329,13886.0067,61774.0471,-515490.0569,-437445.7702,-453716.0098
7145000,2359.4519,13825.626,61927.167,-515672.8376,-437560.59270000004,-453745.6706
7146000,2365.2184,13855.47,62274.088,-516680.3577,-438185.58129999996,-454406.2697
7147000,2344.0909,13857.6408,62316.6182,-516110.6344,-437592.28449999995,-453794.01619999995
7148000,2366.4651,13885.5022,62011.135,-515837.3796,-437574.27729999996,-453826.2446
7149000,2340.595,13786.6384,62058.3834,-516381.8251,-438196.2083,-454323.4417
7150000,2391.4835,13822.4089,61810.9769,-515961.3846,-437936.51529999997,-454150.4077
7151000,2353.4843,13827.2934,62352.0944,-516649.4497,-438116.57759999996,-454297.3553
7152000,2325.9064,13650.3785,62176.6528,-516386.0533,-438233.1156,-454209.40050000005
7153000,2363.0124,13858.5079,62089.2099,-516180.314,-437869.5838,-454091.1041
7154000,2370.6716,13814.7009,61906.2387,-516313.1723,-438221.5611,-454406.9336
7155000,2335.004,13844.1453,62429.3307,-516512.6523,-437904.17230000003,-454083.3216
7156000,2337.6437,13792.5243,61949.1167,-515897.2825,-437817.99779999995,-453948.16579999996
7157000,2345.485,13735.8922,61833.0507,-515620.7818,-437706.3539,-453787.7311
7158000,2363.8886,13845.3351,61889.1036,-515443.0989,-437344.7716,-453553.99529999995
7159000,2343.3991,13784.9535,61847.8493,-515187.5007,-437211.2988,-453339.6514
7160000,2360.7066,13752.1172,61878.6728,-514815.1004,-436823.6038,-452936.4276
7161000,2336.4835,13928.4276,62003.0711,-515882.4161,-437614.43389999995,-453879.345
7162000,2344.6661,13788.5231,62292.3508,-516315.8144,-437890.2744,-454023.46359999996
7163000,2328.8066,13791.7389,62161.2397,-516012.4639,-437730.6787,-453851.2242
7164000,2361.5163,13884.9686,62158.6028,-516904.4145,-438499.32680000004,-454745.8117
7165000,2333.4635,13750.4626,62456.7102,-517013.9504,-438473.31409999996,-454557.2402
7166000,2383.6798,13780.0449,62043.989,-515529.2191,-437321.50539999997,-453485.2301
7167000,2344.5049,13818.4053,61879.8454,-516148.52,-438105.7644,-454268.6746
7168000,2362.817,13853.4528,61395.5756,-515537.4222,-437925.5768,-454141.8466
7169000,2323.2236,13739.0764,62292.1362,-516684.8263,-438330.3901,-454392.6901
7170000,2343.6834,13823.9058,61850.0013,-515165.4186,-437147.8281,-453315.4173
7171000,2370.9203,13828.5401,61950.7549,-514960.3232,-436810.1079,-453009.5683
7172000,2352.0018,13823.9455,62170.4981,-516005.0408,-437658.5954,-453834.5427
7173000,2354.0664,13704.6616,62158.4741,-516240.3594,-438023.1573,-454081.8853
7174000,2358.0916,13763.0611,61938.3605,-515528.8233,-437469.3101,-453590.4628
7175000,2343.0618,13770.7315,62344.6044,-516546.9861,-438088.5884,-454202.38169999997
7176000,2322.2307,13827.0522,62277.0891,-515820.351,-437393.97900000005,-453543.26190000004
7177000,2366.0137,13734.2602,61549.2354,-514865.3734,-437215.8641,-453316.138
7178000,2343.6953,13849.0624,62112.0554,-516370.6429,-438065.82979999995,-454258.58749999997
7179000,2300.7437,13821.1918,61905.7827,-515709.3175,-437681.5993,-453803.5348
7180000,2339.3889,13863.9817,62192.242,-515751.9981,-437356.38550000003,-453559.7561
7181000,2374.3696,13803.5111,61873.9239,-515650.4281,-437598.6235,-453776.5042
7182000,2360.8394,13702.9199,61921.1197,-516435.1727,-438450.2937,-454514.053
7183000,2366.4271,13786.599,61413.3606,-515218.6164,-437652.2297,-453805.2558
7184000,2374.8407,13756.3868,61797.3959,-515665.4901,-437736.8667,-453868.0942
7185000,2338.5344,13809.3372,62485.0631,-516266.7146,-437633.7799,-453781.65150000004
7186000,2358.7744,13828.0933,61562.2892,-514518.1765,-436769.0196,-452955.8873
7187000,2356.6433,13789.9956,62211.1748,-516189.0783,-437831.2646,-453977.9035
7188000,2369.5041,13802.5566,62037.1127,-515793.6147,-437584.44129999995,-453756.502
7189000,2346.0197,13854.4331,61747.9682,-515326.8217,-437378.4007,-453578.85349999997
7190000,2337.0834,13779.8441,62061.0974,-515384.9367,-437206.9118,-453323.8393
7191000,2382.1709,13609.2764,62150.0167,-515670.5843,-437529.12029999995,-453520.5676
7192000,2369.8161,13753.5531,61941.5444,-515292.6705,-437227.75690000004,-453351.1261
7193000,2343.3931,13844.2149,62093.0334,-515795.7079,-437515.06649999996,-453702.67449999996
7194000,2373.5994,13815.186,61725.6982,-515601.2762,-437686.79260000004,-453875.57800000004
7195000,2376.6291,13841.1839,61789.7493,-515808.0107,-437800.4484,-454018.26139999996
7196000,2348.2857,13813.662,61894.0987,-514699.8404,-436643.794,-452805.7417
7197000,2356.9398,13711.4479,62364.6916,-516413.9201,-437980.8408,-454049.22849999997
7198000,2374.3553,13722.3963,62318.4582,-516165.2966,-437750.0868,-453846.8384
7199000,2346.2396,13815.9072,62061.1061,-515820.8679,-437597.615,-453759.76180000004
7200000,2356.1009,13726.5604,61737.8468,-514882.9376,-437062.42949999997,-453145.0908
7201000,2344.7564,13724.7626,62241.8991,-515081.0901,-436769.67199999996,-452839.191
7202000,2371.5653,13788.6784,62276.155,-515731.6229,-437295.2242,-453455.46790000005
7203000,2352.8041,13831.7944,61434.0588,-514911.3817,-437292.72440000006,-453477.3229
7204000,2338.8818,13769.5773,61889.7261,-515605.6034,-437607.4182,-453715.87730000005
7205000,2372.4062,13856.8553,62059.6651,-515536.4874,-437247.5608,-453476.8223
7206000,2353.3771,13876.1618,61944.4728,-515718.2199,-437544.2082,-453773.74710000004
7207000,2348.9535,13775.39,62223.4458,-516024.3959,-437676.6066,-453800.9501
7208000,2322.211,13707.6447,61796.1255,-515055.019,-437229.03779999993,-453258.89349999995
7209000,2317.0598,13733.1545,62227.558,-515979.7113,-437701.939,-453752.1533
7210000,2339.196,13839.5998,62164.988,-515452.7058,-437108.922,-453287.7178
7211000,2375.3455,13737.6745,62072.3403,-515249.0352,-437063.6749,-453176.6949
7212000,2359.4748,13714.9759,61919.9644,-515132.8823,-437138.4672,-453212.9179
7213000,2335.5336,13765.2194,61755.5968,-515166.0167,-437309.66689999995,-453410.4199
7214000,2360.2892,13800.589,62185.9428,-515464.2674,-437117.4464,-453278.3246
7215000,2386.2485,13802.318,62510.5208,-516673.851,-437974.7637,-454163.3302
7216000,2364.7377,13720.4316,62382.1203,-516268.1048,-437800.81519999995,-453885.98449999996
7217000,2345.7669,13775.8182,62119.7733,-515224.8452,-436983.48679999996,-453105.0719
7218000,2356.3375,13799.7165,62424.4587,-516237.3182,-437656.80549999996,-453812.85949999996
7219000,2321.0591,13842.3951,61812.4474,-515972.5529,-437996.6513,-454160.1055
7220000,2363.2734,13804.9759,62345.8249,-516282.8491,-437768.77489999996,-453937.0242
7221000,2349.7355,13801.4826,61910.4805,-516720.3101,-438658.6115,-454809.8296
7222000,2350.6273,13782.3984,62471.4267,-516902.5813,-438298.1289,-454431.1546
7223000,2331.0714,13756.345,62154.5013,-515822.3405,-437580.4228,-453667.8392
7224000,2307.5977,13686.0303,62152.0524,-516149.7164,-438004.03599999996,-453997.664
7225000,2354.7866,13748.2436,61945.1145,-515766.6355,-437718.49079999997,-453821.52099999995
7226000,2353.6575,13787.0753,62299.7814,-516024.2944,-437583.78020000004,-453724.51300000004
7227000,2340.2741,13691.9639,61915.4884,-515908.6391,-437960.9127,-453993.1507
7228000,2335.8682,13671.894,61758.4003,-515550.1931,-437784.03059999994,-453791.7928
7229000,2347.7464,13774.2337,61729.6463,-514957.9572,-437106.3308,-453228.3109
7230000,2365.72,13766.2453,62166.2584,-515717.5344,-437419.31070000003,-453551.276
7231000,2342.5502,13862.2789,61936.8992,-515749.339,-437607.61069999996,-453812.4398
7232000,2343.8329,13788.9839,62555.6037,-516270.5929,-437582.1724,-453714.9892
7233000,2322.7185,13742.1507,62453.6353,-516673.4157,-438154.9112,-454219.7804
7234000,2356.3781,13687.5893,62520.3104,-516404.11,-437839.8322,-453883.79959999997
7235000,2328.4964,13806.9516,61961.4683,-516165.811,-438068.8947,-454204.3427
7236000,2321.3296,13807.6767,61764.712,-514990.8867,-437097.16839999997,-453226.1747
7237000,2313.8315,13797.1336,61858.3904,-515287.582,-437318.2265,-453429.1916
7238000,2332.323,13751.6493,62450.9913,-515878.0958,-437343.1322,-453427.1045
7239000,2378.903,13775.2618,61672.7972,-515282.7323,-437455.7703,-453609.9351
7240000,2375.6621,13788.1244,61576.2016,-514937.7175,-437197.7294,-453361.5159
7241000,2353.0229,13935.1751,61711.2577,-515255.0787,-437255.623,-453543.821
7242000,2343.7418,13827.026,61882.8002,-515776.7455,-437723.1775,-453893.9453
7243000,2332.5811,13809.5355,61699.495,-514491.838,-436650.2264,-452792.343
7244000,2364.6773,13803.6171,61523.2383,-514803.8672,-437112.3345,-453280.6289
7245000,2330.9956,13731.3084,61574.0572,-515259.646,-437623.2848,-453685.5888
7246000,2360.0842,13651.2199,62199.3718,-515968.5432,-437757.86730000004,-453769.1714
7247000,2342.2953,13759.3302,61996.1638,-515595.712,-437497.9227,-453599.5482
7248000,2342.0602,13697.1329,62139.4806,-516480.3144,-438301.6407,-454340.83379999996
7249000,2323.0538,13841.1442,62091.2929,-516000.5062,-437745.01529999997,-453909.2133
7250000,2381.6107,13690.5849,62285.8642,-515889.9752,-437531.9154,-453604.111
7251000,2327.7572,13775.0542,62004.6535,-515876.4864,-437769.0215,-453871.8329
7252000,2363.4272,13762.8903,62312.436,-515978.6175,-437539.864,-453666.1815
7253000,2362.0187,13726.1524,62076.45,-516331.1577,-438166.5366,-454254.70769999997
7254000,2353.7782,13742.6991,62140.8217,-515950.5552,-437713.2562,-453809.7335
7255000,2331.3584,13723.2607,61660.1251,-514912.2411,-437197.49689999997,-453252.116
7256000,2357.1461,13810.0334,62312.1317,-516404.8843,-437925.5731,-454092.7526
7257000,2379.5171,13774.7299,62284.6901,-516085.3501,-437646.413,-453800.66
7258000,2328.7006,13790.8442,61967.0999,-515398.1874,-437311.5427,-453431.0875
7259000,2314.1531,13695.6364,61847.7363,-515383.8247,-437526.2989,-453536.0884
7260000,2352.4763,13784.5771,62425.8043,-516141.0317,-437578.174,-453715.2274
7261000,2364.3568,13727.4397,62522.5416,-515053.5557,-436439.21760000003,-452531.01410000003
7262000,2388.6532,13644.0547,62000.3889,-515776.6421,-437743.5453,-453776.2532
7263000,2349.0045,13724.1262,62631.2802,-516579.5068,-437875.09589999996,-453948.2266
7264000,2305.6276,13708.9336,62052.7726,-515815.1076,-437747.77379999997,-453762.33499999996
7265000,2360.0005,13816.787,62272.1818,-516157.7643,-437708.795,-453885.58249999996
7266000,2353.1636,13826.2457,61469.6275,-514755.8046,-437106.7678,-453286.1771
7267000,2328.9334,13731.6081,62155.1401,-515747.6134,-437531.93179999996,-453592.47329999995
7268000,2342.6242,13749.85,62271.5518,-516517.3248,-438153.2988,-454245.773
7269000,2334.5987,13822.2573,61862.1607,-515370.5989,-437351.58219999995,-453508.4382
7270000,2379.234,13901.0669,62552.0649,-516221.5211,-437389.1553,-453669.4562
7271000,2333.49,13724.0834,62149.1861,-515599.855,-437393.0955,-453450.6689
7272000,2344.6635,13713.415,61870.6292,-515241.7466,-437313.03890000004,-453371.1174
7273000,2382.0321,13812.7761,61787.1954,-515694.3061,-437712.3025,-453907.11069999996
7274000,2336.8946,13790.4642,62262.6994,-516566.2863,-438176.22809999995,-454303.5869
7275000,2347.6676,13842.6181,62265.3452,-516697.1104,-438241.4795,-454431.7652
7276000,2345.4763,13805.3527,62302.7715,-516834.217,-438380.6165,-454531.44550000003
7277000,2368.5512,13766.595,61852.7828,-515400.7024,-437412.7734,-453547.9196
7278000,2356.3146,13843.4511,62190.5869,-515824.0378,-437433.6852,-453633.4509
7279000,2346.0777,13778.5823,62276.8352,-515874.46,-437472.9648,-453597.6248
7280000,2349.0898,13743.4406,62475.6109,-516658.1349,-438089.9936,-454182.524
7281000,2354.0516,13818.4874,61982.3676,-516264.0722,-438109.1656,-454281.7046
7282000,2365.7964,13755.7787,62123.3123,-515701.8144,-437456.92699999997,-453578.5021
7283000,2353.7079,13829.781,62185.3631,-515538.0515,-437169.1995,-453352.6884
7284000,2372.6251,13896.3611,61424.7175,-514664.973,-436971.2693,-453240.25549999997
7285000,2371.7719,13757.3929,61843.1169,-515216.1754,-437243.8937,-453373.0585
7286000,2346.5679,13892.8939,62110.035,-515573.9215,-437224.4247,-453463.8865
7287000,2369.2297,13786.303,61682.2115,-515068.1035,-437230.3593,-453385.89200000005
7288000,2380.5503,13821.7854,62597.0225,-517175.4853,-438376.1271,-454578.4628
7289000,2357.3018,13709.4,61687.2743,-515791.85,-438037.8739,-454104.5757
7290000,2334.1063,13857.7225,61648.4489,-515674.5936,-437834.31590000005,-454026.1447
7291000,2356.5516,13736.1248,61462.0377,-515048.2062,-437493.49210000003,-453586.1685
7292000,2328.3685,13777.1503,61814.845,-515109.5144,-437189.1506,-453294.6694
7293000,2358.6805,13851.2384,62410.7317,-516031.6114,-437410.9608,-453620.8797
7294000,2342.208,13727.8442,61998.2788,-516519.843,-438451.512,-454521.5642
7295000,2341.0243,13828.7244,61827.7286,-515679.0766,-437681.5993,-453851.348
7296000,2343.1359,13785.6002,62037.5364,-515839.9196,-437673.64710000006,-453802.38320000004
7297000,2358.1451,13749.265,62043.4347,-516132.1459,-437981.30110000004,-454088.7112
7298000,2311.1097,13795.8802,62432.9766,-516921.3909,-438381.4244,-454488.4143
7299000,2344.2204,13778.3723,62156.9691,-516044.5804,-437765.01859999995,-453887.6113
7300000,2340.7699,13787.2249,61839.227,-515519.0009,-437551.7791,-453679.7739
7301000,2371.1538,13815.4057,62714.8486,-517518.0012,-438616.5931,-454803.15260000003
7302000,2364.7323,13881.1086,62440.7298,-516839.3625,-438152.7918,-454398.63269999996
7303000,2359.3585,13941.0842,62134.4846,-516401.4088,-437966.4815,-454266.92419999995
7304000,2343.3996,13765.7062,62247.2847,-515825.9295,-437469.53900000005,-453578.6448
7305000,2329.8468,13799.6313,62032.1609,-515328.7936,-437167.1546,-453296.63269999996
7306000,2353.3085,13806.5813,61995.9077,-515503.2285,-437347.43100000004,-453507.32080000004
7307000,2343.1326,13765.6088,61950.7409,-515938.0376,-437878.5553,-453987.2967
7308000,2376.7913,13823.0024,62051.1878,-516142.0995,-437891.118,-454090.9117
7309000,2375.7025,13791.0873,62154.7281,-515985.0539,-437663.53599999996,-453830.3258
7310000,2342.9169,13826.8337,62154.7921,-516415.8204,-438091.27770000004,-454261.0283
7311000,2338.3807,13794.3122,61738.6144,-515046.4356,-437175.12830000004,-453307.8212
7312000,2355.0953,13789.7937,61794.4376,-515043.8118,-437104.4852,-453249.3742
7313000,2355.3079,13834.6795,61889.1482,-515714.8594,-437635.72380000004,-453825.7112
7314000,2374.7084,13931.2382,62104.1057,-515527.8722,-437117.8199,-453423.76649999997
7315000,2347.0623,13873.7439,62075.5895,-516032.2166,-437735.8209,-453956.6271
7316000,2363.7911,13792.1824,61909.919,-515086.1251,-437020.2326,-453176.2061
7317000,2344.7211,13866.4132,62081.236,-515101.7919,-436809.4216,-453020.55590000004
7318000,2329.076,13681.8106,62101.632,-515264.0521,-437151.53349999996,-453162.4201
7319000,2357.1409,13850.5411,61527.164,-515612.6172,-437877.77119999996,-454085.4532
7320000,2342.8554,13684.3497,62164.3358,-515305.1696,-437113.6287,-453140.8338
7321000,2362.409,13756.8774,61845.1242,-515896.3812,-437931.9706,-454051.257
7322000,2342.2024,13777.5465,61843.0146,-515630.6133,-437667.8498,-453787.59870000003
7323000,2381.906,13732.4075,62209.4626,-515472.2247,-437148.4486,-453262.76210000005
7324000,2375.1362,13840.7233,62233.5168,-515658.3388,-437208.9625,-453424.82200000004
7325000,2361.7201,13842.3325,62140.695,-516068.3819,-437723.6343,-453927.6869
7326000,2332.7075,13750.6007,61615.5377,-515031.1602,-437332.31429999997,-453415.6225
7327000,2350.4067,13794.9383,62541.2284,-515622.4155,-436935.8421,-453081.1871
7328000,2369.8423,13850.8167,62058.6157,-515815.7593,-437536.48459999997,-453757.14359999995
7329000,2339.5649,13810.9645,62170.4639,-516322.3573,-438001.36399999994,-454151.89339999994
7330000,2335.7128,13787.9907,62297.9141,-516136.1483,-437714.5307,-453838.2342
7331000,2374.6864,13906.8709,62078.2257,-515632.026,-437272.243,-453553.8003
7332000,2338.8571,13750.2642,61939.0964,-515676.9249,-437648.70719999995,-453737.8285
7333000,2316.1112,13779.3175,61664.9017,-515348.7837,-437588.45330000005,-453683.88200000004
7334000,2352.0736,13862.9227,62403.4162,-515972.4336,-437354.0211,-453569.0174
7335000,2335.0338,13777.0852,62023.184,-515542.0122,-437406.7092,-453518.8282
7336000,2404.2014,13836.1766,62142.4007,-515251.5408,-436868.76210000005,-453109.1401
7337000,2368.6458,13849.0101,61780.6681,-514890.6454,-436892.32139999996,-453109.97729999997
7338000,2363.2989,13836.3953,62304.4369,-516087.7306,-437583.5995,-453783.29370000004
7339000,2354.8866,13755.8039,62269.7826,-515964.9598,-437584.4867,-453695.17720000003
7340000,2351.425,13819.5,62005.0042,-515229.4512,-437053.522,-453224.447
7341000,2359.1995,13879.1784,61860.1591,-515810.3083,-437711.77129999996,-453950.1492
7342000,2381.7902,13818.9521,61903.1316,-515366.7302,-437262.8563,-453463.59859999997
7343000,2336.6796,13831.0283,62092.7441,-515877.0502,-437616.5982,-453784.3061
7344000,2353.3582,13878.956,62005.0461,-516188.7453,-437951.385,-454183.69920000003
7345000,2372.344,13851.1024,61761.1031,-515555.4555,-437570.90599999996,-453794.3524
7346000,2377.0353,13894.1902,62438.1037,-515758.4364,-437049.1072,-453320.3327
7347000,2302.5095,13895.6698,62369.3945,-516100.4017,-437532.8279,-453731.0072
7348000,2363.5591,13916.7096,61679.6765,-514865.2328,-436905.2876,-453185.5563
7349000,2374.9881,13891.6153,61844.7858,-515750.6013,-437639.2121,-453905.81549999997
7350000,2338.531,13807.341,61904.7418,-515625.9148,-437575.30100000004,-453721.173
7351000,2350.814,13849.3808,62230.6731,-516126.2499,-437695.382,-453895.5768
7352000,2334.0666,13877.0625,61692.8526,-515298.7148,-437394.7331,-453605.86220000003
7353000,2395.6843,13759.0629,61758.6101,-515219.076,-437305.71869999997,-453460.4659
7354000,2395.5846,13980.4664,61774.3915,-515058.4814,-436908.0389,-453284.0899
7355000,2366.5363,13871.0526,61981.1646,-515035.1858,-436816.4323,-453054.02119999996
7356000,2386.5967,13888.1991,62112.8661,-516129.8795,-437742.2176,-454017.0134
7357000,2359.6213,13805.4535,61774.4707,-515073.473,-437133.9275,-453299.0023
7358000,2329.8102,13855.8378,62539.8003,-516698.0518,-437972.6035,-454158.2515
7359000,2310.4359,13859.3024,62281.6717,-516329.6206,-437878.2106,-454047.9489
7360000,2367.4676,13751.3476,61634.468,-515703.357,-437950.0738,-454068.889
7361000,2352.2447,13772.3218,61793.6116,-516017.772,-438099.5939,-454224.1604
7362000,2346.7411,13886.8106,61984.3101,-516242.7703,-438024.90849999996,-454258.4602
7363000,2370.8153,13630.8288,62088.7478,-516102.3748,-438011.9829,-454013.627
7364000,2352.214,13761.3664,61747.6482,-515570.9219,-437709.69330000004,-453823.2737
7365000,2362.8994,13797.0609,61924.1932,-515662.6942,-437578.5407,-453738.50100000005
7366000,2328.1699,13727.0855,62387.7479,-516379.5604,-437936.55710000003,-453991.8125
7367000,2340.5088,13814.3002,62040.2843,-516116.5265,-437921.43319999997,-454076.2422
7368000,2370.0124,13878.3374,62441.9659,-516041.8581,-437351.54240000003,-453599.8922
7369000,2366.2731,13766.2365,62362.6968,-515799.0465,-437303.84010000003,-453436.3497
7370000,2397.6845,13890.5306,61996.699,-516197.862,-437912.9479,-454201.163
7371000,2355.7575,13809.2915,62294.6655,-516090.5888,-437630.8743,-453795.9233
7372000,2380.8334,13764.609,61794.0509,-515319.5456,-437380.0523,-453525.49470000004
7373000,2377.5374,13772.0304,61776.7546,-515538.6445,-437612.3221,-453761.8899
7374000,2338.832,13761.3421,61567.4965,-515123.057,-437455.38639999996,-453555.56049999996
7375000,2348.3562,13834.7622,62044.6346,-515879.6937,-437651.94070000004,-453835.0591
7376000,2331.7412,13731.4214,62498.85,-516943.4267,-438381.4141,-454444.57670000003
7377000,2370.9468,13789.7966,61891.0851,-516164.4137,-438112.5852,-454273.3286
7378000,2344.7255,13842.7899,61550.6307,-515331.7698,-437593.6237,-453781.13910000003
7379000,2365.5743,13744.6082,61892.2241,-515076.7283,-437074.32170000003,-453184.5042
7380000,2374.4832,13954.7165,61868.7584,-515793.3423,-437595.38420000003,-453924.5839
7381000,2366.5521,13902.5706,62143.0105,-515885.9238,-437473.7906,-453742.9133
7382000,2345.5741,13828.6574,62011.7562,-515161.0319,-436975.0442,-453149.2757
7383000,2344.1433,13855.4111,61670.8684,-515212.2966,-437341.8738,-453541.4282
7384000,2350.7616,13873.3874,61996.0894,-515888.8717,-437668.6333,-453892.7823
7385000,2368.6475,13764.3176,61858.5202,-515160.2189,-437168.7336,-453301.69869999995
7386000,2347.8267,13809.0532,61477.679,-515256.3885,-437621.8296,-453778.7095
7387000,2347.1271,13842.2684,62160.1102,-515488.712,-437139.20629999996,-453328.6018
7388000,2389.0834,13850.9593,61747.193,-515633.1778,-437645.9421,-453885.9848
7389000,2372.4673,13945.7079,62093.9181,-515791.4238,-437379.3305,-453697.5057
7390000,2324.2856,13811.0686,62492.6979,-516592.0419,-437963.9898,-454099.34400000004
7391000,2352.1275,13687.2759,62220.216,-515862.9693,-437603.34990000003,-453642.7533
7392000,2410.4725,13772.5469,61949.3913,-515598.2236,-437465.8129,-453648.8323
7393000,2387.5854,13890.468,62688.8404,-516730.974,-437764.08019999997,-454042.1336
7394000,2356.0152,13734.4833,62218.2849,-515470.4554,-437161.67199999996,-453252.1705
7395000,2381.0739,13891.2412,62109.4186,-516214.7136,-437832.97990000003,-454105.29500000004
7396000,2375.2171,13812.8715,62349.053,-516255.303,-437718.1614,-453906.25
7397000,2345.7384,13872.4577,62214.7503,-515546.1253,-437113.1789,-453331.375
7398000,2347.2657,13787.3849,62182.8541,-515933.9657,-437616.461,-453751.1116
7399000,2368.8991,13774.5707,62120.9523,-515568.9165,-437304.49439999997,-453447.9642
7400000,2377.126,13831.6294,61965.2427,-515313.5868,-437139.58869999996,-453348.3441
7401000,2362.7717,13793.3837,61881.1393,-515029.6608,-436992.3661,-453148.52150000003
7402000,2334.0906,13827.1618,61971.4388,-516003.3942,-437870.703,-454031.9554
7403000,2326.9618,13755.7559,61943.7026,-515928.3192,-437901.89890000003,-453984.6166
7404000,2368.5201,13858.5093,62371.6477,-516343.6242,-437744.9471,-453971.9765
7405000,2324.7209,13788.3199,62469.5628,-516078.195,-437495.59140000003,-453608.6322
7406000,2329.9483,13794.2434,61898.5272,-515523.3468,-437500.6279,-453624.8196
7407000,2365.4866,13758.6343,61639.5938,-515584.2155,-437820.5008,-453944.6217
7408000,2359.9105,13796.1986,62000.2875,-516319.7959,-438163.39930000005,-454319.50840000005
7409000,2323.3543,13778.8217,62289.7176,-516960.7428,-438568.8492,-454671.02520000003
7410000,2354.6235,13686.5887,61988.1931,-515675.5382,-437646.1329,-453687.34510000004
7411000,2373.3096,13723.3086,61539.812,-515047.8797,-437411.4495,-453508.0677
7412000,2391.813,13900.1605,61762.3795,-516011.6099,-437957.2569,-454249.2304
7413000,2347.2163,13865.108,62041.4131,-515651.6311,-437397.8937,-453610.218
7414000,2368.3421,13830.4853,61883.4792,-515280.6906,-437198.38399999996,-453397.2114
7415000,2375.5778,13833.7168,61751.5315,-515456.1095,-437495.2834,-453704.57800000004
7416000,2369.1567,13811.1257,61874.9016,-515130.4141,-437075.2301,-453255.5125
7417000,2328.3366,13785.9316,61863.029,-515493.3812,-437516.08400000003,-453630.3522
7418000,2372.1905,13750.4673,62431.8323,-515678.8589,-437124.3688,-453247.0266
7419000,2370.8565,13799.0983,62177.5825,-515351.1135,-437003.5762,-453173.53099999996
7420000,2366.4001,13933.3178,62099.8304,-516057.5426,-437657.9943,-453957.7122
7421000,2363.7772,13826.6496,61773.5967,-515090.4045,-437126.381,-453316.8078
7422000,2327.5606,13851.9243,61752.8331,-515502.5698,-437570.25179999997,-453749.7367
7423000,2350.8351,13818.418,61757.1648,-515774.1834,-437847.7655,-454017.01859999995
7424000,2352.8198,13829.4031,62525.011,-516593.3276,-437886.0937,-454068.3166
7425000,2321.5087,13742.202,62112.2344,-515518.5111,-437342.566,-453406.2767
7426000,2397.3511,13845.3602,62246.9414,-515845.2526,-437355.59990000003,-453598.3112
7427000,2353.7917,13808.7361,61992.4389,-516024.0001,-437869.0334,-454031.5612
7428000,2326.5888,13826.6118,62035.2982,-516124.1173,-437935.6185,-454088.81909999996
7429000,2355.3693,13801.5555,61791.4334,-515374.4559,-437426.0977,-453583.0225
7430000,2339.563,13774.7419,61798.3177,-515281.9718,-437369.3492,-453483.6541
7431000,2346.5844,13727.6629,61919.297,-514969.2825,-436975.73819999996,-453049.98549999995
7432000,2395.507,13936.3695,62232.2399,-516149.4376,-437585.3212,-453917.1977
7433000,2377.0465,13843.4882,62377.4743,-516259.1937,-437661.1847,-453881.7194
7434000,2357.2371,13792.8463,62053.3964,-515217.861,-437014.38119999995,-453164.46459999995
7435000,2352.8692,13845.9108,62842.7943,-516774.3265,-437732.7522,-453931.5322
7436000,2373.438,13825.8751,62111.0401,-515548.019,-437237.66579999996,-453436.9789
7437000,2374.3368,13900.689,61608.8298,-515902.5685,-438018.7129,-454293.7387
7438000,2346.5152,13755.6527,61851.9496,-515991.4999,-438037.3824,-454139.5503
7439000,2350.7322,13725.2857,61675.5017,-515429.8281,-437678.3085,-453754.32639999996
7440000,2338.8509,13745.9484,62522.3563,-515955.9992,-437348.8436,-453433.64290000004
7441000,2354.5056,13871.3899,61985.4167,-516368.8108,-438157.4986,-454383.3941
7442000,2388.7716,13856.3575,61332.3366,-515188.8242,-437611.3585,-453856.4876
7443000,2369.8078,13758.6821,62241.2277,-516085.9167,-437716.19909999997,-453844.689
7444000,2326.3518,13824.7293,62405.7172,-516477.7138,-437920.9155,-454071.9966
7445000,2345.5488,13851.7699,62027.8655,-516164.4806,-437939.2964,-454136.6151
7446000,2384.663,13884.1444,62398.9861,-516672.2936,-438004.50009999995,-454273.3075
7447000,2338.0875,13823.3626,61888.171,-515692.3902,-437642.76910000003,-453804.21920000005
7448000,2346.9281,13810.9542,61786.5625,-516115.8608,-438171.416,-454329.2983
7449000,2359.5456,13873.0378,61222.802,-514145.7788,-436690.39339999994,-452922.97679999995
7450000,2359.9633,13809.1405,61769.8904,-515683.8987,-437744.9045,-453914.00830000004
7451000,2343.5618,13721.1113,62416.3534,-516312.457,-437831.4305,-453896.1036
7452000,2388.7033,13716.9393,62198.8814,-516117.9641,-437813.4401,-453919.08269999997
7453000,2365.6998,13814.1832,62474.1073,-516317.2808,-437663.2905,-453843.17350000003
7454000,2327.9589,13757.0463,61584.9628,-515444.5134,-437774.5454,-453859.5506
7455000,2383.697,13820.2815,62292.782,-516367.697,-437870.93649999995,-454074.915
7456000,2393.4543,13858.44,62281.708,-516337.1658,-437803.56350000005,-454055.45780000003
7457000,2373.1033,13817.0933,61934.7783,-515826.9866,-437702.01170000003,-453892.2083
7458000,2335.954,13820.6198,61831.8238,-515292.5048,-437304.10719999997,-453460.681
7459000,2347.5062,13785.378,62026.865,-515704.7362,-437544.98699999996,-453677.8712
7460000,2339.4247,13787.7289,62050.9879,-515940.2709,-437762.1294,-453889.283
7461000,2337.0515,13769.181,62146.5423,-516163.5915,-437910.81669999997,-454017.0492
7462000,2320.8296,13777.5277,62259.2494,-516110.8954,-437753.2887,-453851.64599999995
7463000,2371.2842,13835.2851,61720.7826,-515248.2348,-437320.88289999997,-453527.4522
7464000,2349.3862,13965.4192,62092.6802,-516247.7919,-437840.3063,-454155.1117
7465000,2336.5737,13836.6597,61706.6183,-514770.581,-436890.7293,-453063.96270000003
7466000,2322.8597,13775.1512,62250.9648,-516105.3678,-437756.3921,-453854.403
7467000,2348.7953,13794.3805,61692.8423,-515204.443,-437368.42490000004,-453511.6007
7468000,2325.5608,13828.8992,61708.1181,-515763.5903,-437901.0122,-454055.47219999996
7469000,2350.056,13865.4964,62312.9442,-516269.6156,-437741.119,-453956.6714
7470000,2340.7355,13805.9322,61751.1725,-515112.5878,-437214.7476,-453361.4153
7471000,2388.0205,13851.4549,62083.0039,-515832.3354,-437509.8561,-453749.3315
7472000,2342.3881,13813.8093,62352.6179,-515673.9828,-437165.1675,-453321.3649
7473000,2367.9468,13757.8029,61750.8274,-515275.8963,-437399.3192,-453525.0689
7474000,2375.6777,13870.7506,61886.3725,-514891.5749,-436758.77410000004,-453005.2024
7475000,2369.4686,13855.3832,61935.978,-515758.3878,-437597.558,-453822.4098
7476000,2372.0028,13793.0341,61782.0085,-514819.5102,-436872.4648,-453037.5017
7477000,2333.153,13872.6007,62242.6583,-515698.7034,-437250.2914,-453456.0451
7478000,2342.2823,13808.7137,61963.0893,-515708.4795,-437594.3942,-453745.3902
7479000,2358.549,13846.3945,61740.8968,-514608.6754,-436662.8351,-452867.7786
7480000,2329.3037,13797.9762,62072.5494,-515665.7646,-437465.9353,-453593.2152
7481000,2350.8118,13665.4024,61982.4568,-515166.3911,-437167.72010000004,-453183.9343
7482000,2353.6468,13801.7885,62061.2142,-515441.8348,-437225.1853,-453380.6206
7483000,2387.1325,13764.2346,61931.3664,-515091.9524,-437009.2189,-453160.586
7484000,2359.0061,13769.183,62270.9297,-515638.8661,-437239.7473,-453367.9364
7485000,2371.935,13806.273,62074.3226,-515743.4409,-437490.9103,-453669.1183
7486000,2351.7989,13755.0203,61860.5307,-515407.0733,-437439.7234,-453546.5426
7487000,2394.9214,13645.3626,61873.6688,-516338.4661,-438424.5133,-454464.79730000003
7488000,2343.9571,13842.3704,62447.405,-516057.8512,-437424.1187,-453610.4462
7489000,2341.6496,13859.1618,62547.7155,-516364.9263,-437616.3994,-453817.2108
7490000,2347.8924,13822.8062,61535.643,-515077.1213,-437370.7797,-453541.4783
7491000,2331.2601,13811.9101,61698.9683,-515244.1956,-437402.0571,-453545.22729999997
7492000,2357.0012,13775.6949,61796.5061,-515221.7999,-437292.5977,-453425.2938
7493000,2374.5781,13748.1481,61933.8915,-515647.3588,-437590.7411,-453713.4673
7494000,2346.9139,13847.5996,61919.3271,-515885.2866,-437771.446,-453965.9595
7495000,2342.3711,13781.5632,62428.1323,-516741.8137,-438189.74710000004,-454313.6814
7496000,2352.8508,13836.3402,61896.8834,-515923.2505,-437837.17610000004,-454026.36710000003
7497000,2336.2362,13788.5279,61723.2949,-515230.2763,-437382.2173,-453506.98140000005
7498000,2364.7663,13830.2702,61789.8519,-515597.1176,-437612.2292,-453807.2657
7499000,2325.1908,13728.8041,61934.7111,-515825.8916,-437837.18559999997,-453891.18049999996
7500000,2367.4132,13733.2415,61984.341,-515529.5263,-437444.53060000006,-453545.1853
7501000,2355.7929,13653.7737,61794.4559,-515091.0511,-437287.02859999996,-453296.5952
7502000,2335.8782,13812.2453,61500.1565,-515715.1303,-438066.85030000005,-454214.97380000004
7503000,2331.8975,13770.2052,62329.3553,-516474.1764,-438042.7184,-454144.8211
7504000,2337.2967,13818.1077,62087.5023,-516621.8338,-438378.92710000003,-454534.33150000003
7505000,2350.7823,13744.5796,62100.9688,-516236.4452,-438040.1145,-454135.47640000004
7506000,2356.7501,13809.5114,62461.1918,-516540.027,-437912.5737,-454078.8352
7507000,2351.2347,13814.5843,62070.8077,-515732.7059,-437496.07920000004,-453661.8982
7508000,2364.9149,13723.0872,61823.8201,-515545.9236,-437634.1014,-453722.10349999997
7509000,2368.6141,13790.6225,61894.8724,-515191.8079,-437137.6989,-453296.9355
7510000,2337.1582,13884.4201,62183.2246,-516073.7929,-437668.99,-453890.5683
7511000,2358.8478,13712.7398,61881.1564,-515011.6781,-437058.9341,-453130.52170000004
7512000,2332.227,13781.6701,61937.4249,-515360.3407,-437309.0187,-453422.9158
7513000,2402.6664,13880.3719,61866.3327,-515579.2339,-437429.8629,-453712.90119999996
7514000,2338.2041,13755.5352,61817.9926,-515247.5517,-437335.8198,-453429.5591
7515000,2369.3364,13822.628,62430.9116,-516541.7781,-437918.9021,-454110.8665
7516000,2336.2608,13758.3796,61691.5604,-514873.0881,-437086.8873,-453181.5277
7517000,2360.0736,13722.5679,62261.6428,-516077.705,-437733.4207,-453816.06220000004
7518000,2368.9496,13791.2514,61839.8039,-515544.2254,-437544.2205,-453704.4215
7519000,2362.0438,13818.022,62052.3282,-516078.4767,-437846.0827,-454026.1485
7520000,2359.2034,13760.1865,62495.5841,-516088.9824,-437474.0084,-453593.3983
7521000,2385.5169,13872.5857,62543.2863,-516908.0558,-438106.66689999995,-454364.7695
7522000,2362.2527,13748.6715,61226.9015,-515074.2713,-437736.44560000004,-453847.36980000004
7523000,2349.416,13768.2248,62309.8609,-516119.2139,-437691.71219999995,-453809.353
7524000,2314.8876,13838.7955,62441.6202,-516433.0312,-437837.72790000006,-453991.411
7525000,2366.6178,13886.1406,62652.4807,-516960.6014,-438055.3623,-454308.12069999997
7526000,2349.9839,13833.7596,61948.9743,-516228.5122,-438095.7944,-454279.5379
7527000,2356.7143,13858.6134,62151.4524,-515727.2774,-437360.49730000005,-453575.825
7528000,2363.7715,13788.3931,62327.2778,-516018.1771,-437538.7347,-453690.8993
7529000,2355.43,13840.6954,61747.5081,-515435.6125,-437491.979,-453688.1044
7530000,2356.3111,13776.166,61910.1284,-515774.997,-437732.39149999997,-453864.8686
7531000,2348.3454,13870.6803,61983.294,-515754.4845,-437552.1648,-453771.1905
7532000,2325.3982,13786.088,61591.7622,-514719.3665,-437016.1181,-453127.6043
7533000,2361.4238,13822.5794,61994.883,-515796.7418,-437617.8556,-453801.85880000005
7534000,2319.8017,13731.5301,61811.7839,-515139.0904,-437275.9747,-453327.3065
7535000,2300.3262,13750.4925,62237.1667,-516997.4233,-438709.4379,-454760.2566
7536000,2357.621,13811.4534,62113.2714,-515913.1005,-437630.7547,-453799.8291
7537000,2335.4502,13748.6556,61858.2456,-515268.4676,-437326.1162,-453410.22199999995
7538000,2313.4276,13827.2485,62473.0478,-516105.8477,-437492.1238,-453632.7999
7539000,2360.5997,13776.6141,62990.1441,-516855.2895,-437727.9316,-453865.14540000004
7540000,2325.1244,13717.548,62460.4592,-516645.5054,-438142.37380000006,-454185.04620000004
7541000,2345.9143,13672.4959,62055.1528,-516164.7326,-438091.16959999996,-454109.5798
7542000,2320.1625,13769.4132,61946.2055,-516027.843,-437992.0618,-454081.6375
7543000,2371.6079,13836.903,61806.6397,-515634.6608,-437619.5102,-453828.0211
7544000,2326.9891,13774.1672,62325.1176,-515537.7492,-437111.47530000005,-453212.6316
7545000,2376.9925,13850.0256,61545.3794,-515393.2564,-437620.8589,-453847.87700000004
7546000,2350.6038,13804.62,62007.0141,-515583.4029,-437421.165,-453576.38879999996
7547000,2375.5167,13775.3019,61988.4363,-516152.1035,-438012.8486,-454163.6672
7548000,2357.293,13766.4557,61829.4678,-515675.6506,-437722.4341,-453846.1828
7549000,2321.4945,13781.7749,61679.5667,-515939.9724,-438157.1363,-454260.4057
7550000,2324.5231,13735.041,62478.5053,-515906.9953,-437368.92590000003,-453428.49
7551000,2308.1913,13816.8956,62320.4499,-516316.6616,-437871.1248,-453996.2117
7552000,2336.4654,13702.1402,61967.0202,-515002.6114,-436996.9856,-453035.5912
7553000,2340.4794,13756.959,61854.8862,-515189.8802,-437237.5556,-453334.994
7554000,2287.8931,13706.4308,61769.6627,-515830.6718,-438066.6852,-454061.0091
7555000,2348.9598,13629.6761,62358.5508,-516225.2017,-437888.015,-453866.6509
7556000,2333.6036,13824.8221,62933.7971,-517486.6009,-438394.37810000003,-454552.8038
7557000,2331.0449,13778.0046,62526.0821,-516620.0391,-437984.9075,-454093.957
7558000,2373.4654,13811.0671,62122.1544,-516579.4027,-438272.7158,-454457.2483
7559000,2321.851,13812.7037,61884.3581,-516068.2866,-438049.3738,-454183.9285
7560000,2342.2036,13780.756,62092.0314,-516263.5998,-438048.60880000005,-454171.56840000005
7561000,2366.4281,13757.0427,62127.0631,-515867.2497,-437616.7158,-453740.1866
7562000,2324.6024,13913.0988,61877.8372,-515789.7375,-437674.19909999997,-453911.9003
7563000,2341.6599,13787.0725,62173.2542,-515649.8453,-437347.8587,-453476.59109999996
7564000,2367.7483,13916.4455,61716.12,-515550.808,-437550.4942,-453834.688
7565000,2371.7567,13796.524,62186.7697,-515911.4166,-437556.3662,-453724.6469
7566000,2350.6888,13754.5918,62291.1307,-516156.7033,-437760.292,-453865.5726
7567000,2351.5289,13829.333,62229.2664,-516214.6854,-437804.55710000003,-453985.419
7568000,2350.8156,13776.7172,61677.6679,-515171.8002,-437366.5995,-453494.1323
7569000,2365.0856,13801.1671,62066.0581,-515568.5789,-437336.2681,-453502.5208
7570000,2314.3172,13828.7406,62276.057,-516256.8199,-437837.7051,-453980.7629
7571000,2354.6197,13820.586,62956.6659,-516897.5915,-437765.71989999997,-453940.92559999996
7572000,2346.3757,13816.4667,61873.5785,-515750.7455,-437714.32460000005,-453877.167
7573000,2342.0993,13762.471,62193.3651,-515953.7082,-437655.7728,-453760.3431
7574000,2376.3966,13820.6055,61981.8594,-515616.5485,-437437.687,-453634.68909999996
7575000,2355.8856,13700.1292,61969.6921,-515553.5254,-437527.8185,-453583.8333
7576000,2356.5545,13720.8656,61499.877,-515328.599,-437751.30189999996,-453828.722
7577000,2336.8091,13863.1532,61950.3299,-515922.4412,-437772.149,-453972.1113
7578000,2366.9065,13819.9666,62153.6022,-516153.7609,-437813.2856,-454000.15869999997
7579000,2357.2521,13860.9814,62155.1538,-516559.2444,-438185.8571,-454404.0906
7580000,2363.891,13809.3205,61939.4978,-515592.5624,-437479.8531,-453653.0646
7581000,2342.8029,13778.409,61996.6336,-515597.9489,-437480.1034,-453601.3153
7582000,2356.8657,13848.104,62444.5391,-516274.8631,-437625.3543,-453830.324
7583000,2384.5665,13806.46,62267.4876,-516340.0165,-437881.5024,-454072.52890000003
7584000,2356.4386,13758.2683,62311.1185,-515353.6133,-436927.7879,-453042.49480000004
7585000,2357.6678,13728.2418,62211.1717,-516086.3175,-437789.23620000004,-453875.1458
7586000,2322.2261,13814.3247,62620.0516,-516747.3036,-437990.7012,-454127.252
7587000,2323.1955,13744.9523,62192.1127,-515988.0085,-437727.748,-453795.8958
7588000,2363.1065,13694.2577,62086.1422,-516219.4376,-438075.9312,-454133.2954
7589000,2364.5885,13889.4359,62207.037,-516950.1998,-438489.1384,-454743.1628
7590000,2366.6163,13738.3613,61887.0461,-515955.3277,-437963.304,-454068.28160000005
7591000,2370.4731,13803.6447,62134.2591,-516415.1083,-438106.73140000005,-454280.8492
7592000,2350.5996,13738.1302,62167.8609,-516362.4877,-438105.897,-454194.62679999997
7593000,2353.4706,13794.3394,62332.3922,-516127.5915,-437647.3893,-453795.1993
7594000,2344.1326,13719.9068,62019.9634,-516205.4953,-438121.4925,-454185.5319
7595000,2329.9765,13863.1647,61870.8773,-515330.464,-437266.4455,-453459.5867
7596000,2366.125,13828.9644,61950.6599,-516291.3994,-438145.65009999997,-454340.7395
7597000,2309.3246,13782.0414,61996.542,-516227.8452,-438139.9372,-454231.30319999997
7598000,2382.4211,13753.471,62182.9687,-515697.1206,-437378.2598,-453514.15190000006
7599000,2354.6671,13866.0602,62003.3651,-515560.8011,-437336.70869999996,-453557.436
7600000,2341.771,13754.6051,61636.6641,-515261.764,-437528.72380000004,-453625.09990000003
7601000,2350.1349,13901.1012,62158.6335,-516655.9919,-438246.12230000005,-454497.3584
7602000,2347.5593,13820.0778,61901.4368,-516481.7837,-438412.7098,-454580.3469
7603000,2328.4928,13799.801,63020.0414,-517739.1276,-438590.79240000003,-454719.0862
7604000,2338.3631,13762.1976,62273.1482,-516014.2738,-437640.5649,-453741.1256
7605000,2345.8796,13840.7195,62307.7103,-516486.8125,-437992.5031,-454179.1022
7606000,2374.2587,13824.4272,62307.8952,-516238.7138,-437732.1327,-453930.8186
7607000,2352.2204,13843.218,61696.2178,-514912.004,-437020.3478,-453215.78620000003
7608000,2359.5051,13881.2243,61733.0643,-515711.2921,-437737.49840000004,-453978.2278
7609000,2364.2831,13826.8081,62387.6066,-516131.698,-437553.0002,-453744.0914
7610000,2377.531,13886.5961,61983.4138,-515479.6588,-437232.11789999995,-453496.245
7611000,2354.9055,13902.3137,62118.8247,-516410.5781,-438034.5342,-454291.7534
7612000,2357.6219,13807.3284,62087.2207,-515486.0644,-437233.89339999994,-453398.84369999997
7613000,2351.1225,13837.2597,61559.9546,-514847.9216,-437099.5848,-453287.967
7614000,2352.9726,13831.1821,62163.5408,-516321.528,-437973.8325,-454157.9872
7615000,2373.0616,13836.9478,61722.004,-515012.338,-437080.3246,-453290.334
7616000,2338.0161,13824.7751,61571.2667,-514839.3575,-437105.29959999997,-453268.0908
7617000,2341.7349,13843.0776,62112.7137,-515670.0317,-437372.50549999997,-453557.31799999997
7618000,2335.5594,13818.9556,61761.0197,-515764.6155,-437849.0808,-454003.5958
7619000,2349.4533,13860.4514,62138.3865,-515802.9591,-437454.6679,-453664.57259999996
7620000,2373.5141,13758.5964,62036.646,-515237.7576,-437069.0011,-453201.1116
7621000,2359.8778,13812.3308,62407.91,-516650.2741,-438070.1555,-454242.3641
7622000,2346.7827,13750.885,62115.7707,-515417.222,-437203.7836,-453301.4513
7623000,2380.6696,13935.2544,61617.8073,-514438.6521,-436504.9208,-452820.8448
7624000,2377.127,13804.2413,62509.6048,-515917.7306,-437226.7575,-453408.12580000004
7625000,2333.3403,13695.6064,62260.2527,-516149.3942,-437860.1948,-453889.14149999997
7626000,2378.3792,13713.2891,61482.9526,-514984.1957,-437409.5748,-453501.24309999996
7627000,2355.7449,13789.9429,61621.9177,-514669.6078,-436902.0023,-453047.6901
7628000,2388.4479,13787.7241,62244.6321,-515753.1401,-437332.336,-453508.50800000003
7629000,2344.681,13799.0105,62190.4638,-515900.5376,-437566.3823,-453710.0738
7630000,2338.1656,13811.4844,62334.485,-516233.6136,-437749.4786,-453899.1286
7631000,2360.3096,13840.7459,62146.0923,-515907.0452,-437559.8974,-453760.9529
7632000,2365.1365,13733.7769,62401.6542,-516655.7112,-438155.1436,-454254.05700000003
7633000,2369.7625,13854.8939,62233.306,-515588.0728,-437130.1104,-453354.76680000004
7634000,2365.9232,13759.4898,61708.8082,-515354.7807,-437520.5595,-453645.97250000003
7635000,2371.4212,13792.8164,61376.4405,-515363.3926,-437822.7145,-453986.9521
7636000,2314.6599,13697.6909,62112.0961,-514966.7176,-436842.2707,-452854.62149999995
7637000,2328.6148,13731.3074,62151.3196,-516009.7141,-437798.47229999996,-453858.3945
7638000,2362.8037,13768.3644,62264.7801,-515659.529,-437263.5808,-453394.7489
7639000,2338.6493,13852.2955,62095.5786,-515696.4162,-437409.8928,-453600.83759999997
7640000,2332.0923,13771.4839,62275.3454,-516446.6272,-438067.7056,-454171.2818
7641000,2385.5808,13797.3535,62106.124,-515508.2043,-437219.14599999995,-453402.0803
7642000,2329.1498,13801.3005,61654.0309,-515168.3674,-437383.8862,-453514.3365
7643000,2350.4193,13889.4525,62406.442,-516755.6159,-438109.3021,-454349.1739
7644000,2368.9705,13782.0436,62365.0667,-516630.5864,-438114.5056,-454265.51969999995
7645000,2370.7179,13859.8164,62726.4452,-516427.4127,-437470.43319999997,-453700.96749999997
7646000,2384.3603,13921.4694,62065.911,-515455.8686,-437084.12789999996,-453389.95759999997
7647000,2372.4848,13820.966,61848.6181,-515635.5028,-437593.4339,-453786.8847
7648000,2340.6244,13833.7806,61849.6338,-515411.9578,-437387.919,-453562.32399999996
7649000,2409.3866,13917.1112,61817.668,-515206.7946,-437062.6288,-453389.1266
7650000,2343.9268,13848.8795,61464.2976,-515330.1191,-437673.0152,-453865.8215
7651000,2360.0961,13797.5804,61729.9388,-515424.4127,-437536.7974,-453694.4739
7652000,2379.7044,13868.2979,61734.5439,-515419.0112,-437436.465,-453684.4673
7653000,2345.0246,13885.9115,62515.926,-516264.6189,-437517.7568,-453748.6929
7654000,2343.749,13838.1293,62110.3105,-516102.1169,-437809.9281,-453991.8064
7655000,2351.3346,13812.5987,62724.5633,-516572.9972,-437684.50059999997,-453848.4339
7656000,2361.1971,13894.5108,62057.8304,-515860.3214,-437546.7831,-453802.49100000004
7657000,2329.2326,13759.1322,61679.9861,-514772.2847,-437003.9338,-453092.29860000004
7658000,2351.7071,13837.4798,61668.8124,-515567.6736,-437709.67429999996,-453898.8612
7659000,2368.1517,13787.2858,61862.9923,-514859.8216,-436841.39180000004,-452996.82930000004
7660000,2343.5482,13809.4045,61972.8033,-515674.3573,-437548.6013,-453701.554
7661000,2344.2139,13850.8844,62123.3381,-515727.4232,-437408.9868,-453604.0851
7662000,2352.0736,13810.5317,61915.4214,-515517.4433,-437439.4166,-453602.0219
7663000,2351.3519,13814.3347,61666.957,-515200.8757,-437368.23209999996,-453533.9187
7664000,2324.5518,13863.9862,61885.5407,-515260.6636,-437186.5849,-453375.1229
7665000,2398.4844,13900.9786,62221.2003,-515905.6337,-437384.9704,-453684.4334
7666000,2355.4347,13818.9738,61653.4814,-515932.2433,-438104.35339999996,-454278.7619
7667000,2369.5409,13794.6705,62283.6248,-516392.4588,-437944.6226,-454108.83400000003
7668000,2363.814,13722.87,61785.9019,-515212.5633,-437339.9774,-453426.6614
7669000,2353.1649,13905.5371,62332.2714,-516026.1814,-437435.208,-453693.91000000003
7670000,2344.6539,13803.953,61317.7055,-515046.657,-437580.3446,-453728.9515
7671000,2380.7216,13847.3242,61956.1774,-516047.8257,-437863.6025,-454091.6483
7672000,2373.2402,13762.8674,62476.4862,-516383.3495,-437770.7557,-453906.8633
7673000,2331.803,13688.3429,62144.7903,-516053.3078,-437888.3716,-453908.5175
7674000,2364.7644,13684.0495,62030.9523,-515632.0666,-437552.3004,-453601.1143
7675000,2347.2796,13901.5169,61897.3906,-516060.3461,-437914.15900000004,-454162.95550000004
7676000,2355.2042,13877.1266,61359.003,-515459.9887,-437868.65489999996,-454100.98569999996
7677000,2330.9999,13867.6666,61757.506,-515777.3616,-437821.1891,-454019.8556
7678000,2361.4917,13827.3782,61684.4418,-515648.2284,-437774.9167,-453963.7866
7679000,2348.4235,13834.262,62075.3423,-515593.7699,-437335.74210000003,-453518.4276
7680000,2335.7953,13791.9547,61880.9434,-515458.99,-437450.2966,-453578.0466
7681000,2325.9257,13716.9534,61593.9267,-515611.1684,-437974.3626,-454017.2417
7682000,2374.715,13813.7297,61994.106,-516179.332,-437996.78130000003,-454185.226
7683000,2387.7247,13812.5971,61865.1128,-515736.9862,-437671.5516,-453871.8734
7684000,2367.0584,13744.8067,62105.5858,-515797.5849,-437580.134,-453691.9991
7685000,2355.7012,13877.031,62212.6103,-516116.5453,-437671.20279999997,-453903.935
7686000,2346.2,13833.7805,62111.9109,-515810.3608,-437518.4694,-453698.4499
7687000,2340.043,13671.8787,62047.2746,-515132.9718,-437073.7755,-453085.6972
7688000,2340.2493,13810.1726,61415.3012,-515259.5827,-437693.8596,-453844.28150000004
7689000,2297.2552,13857.5563,61723.9335,-515833.0218,-437954.2768,-454109.0883
7690000,2349.562,13705.64,61878.3188,-515110.2263,-437176.7055,-453231.9075
7691000,2348.3326,13806.821,62092.1032,-516397.4693,-438150.2125,-454305.3661
7692000,2347.0472,13777.9542,61985.1511,-515500.9412,-437390.78870000003,-453515.7901
7693000,2360.5512,13883.4479,62066.872,-515993.9288,-437683.0577,-453927.0568
7694000,2384.9428,13825.7582,61978.3196,-515873.3034,-437684.2828,-453894.9838
7695000,2380.0296,13810.1351,61475.345,-515254.037,-437588.5273,-453778.69200000004
7696000,2384.3865,13813.9674,62110.7962,-515899.2994,-437590.14930000005,-453788.50320000004
7697000,2337.9903,13669.9415,61710.2817,-515115.2904,-437397.0769,-453405.0087
7698000,2366.0274,13770.2038,62179.0291,-515819.0867,-437503.8264,-453640.0576
7699000,2354.077,13756.6286,62561.9718,-516422.53,-437749.85260000004,-453860.5582
7700000,2351.843,13774.4479,61703.3263,-515924.912,-438095.29480000003,-454221.5857
7701000,2338.5717,13761.4335,62441.3248,-516542.8085,-438001.47849999997,-454101.4837
7702000,2358.2228,13799.8296,62163.9763,-515899.271,-437577.24230000004,-453735.2947
7703000,2359.3474,13798.7667,61972.803,-515331.2289,-437200.31179999997,-453358.4259
7704000,2349.088,13796.581,62238.2661,-516102.4787,-437718.5436,-453864.21259999997
7705000,2334.9249,13871.8497,61575.344,-515309.1645,-437527.0459,-453733.82050000003
7706000,2339.727,13781.2647,61588.5889,-514879.1357,-437169.5551,-453290.5468
7707000,2346.2868,13799.4711,61971.354,-515320.3615,-437203.2496,-453349.0075
7708000,2374.2001,13825.5777,62075.9934,-516076.8462,-437801.075,-454000.85280000005
7709000,2332.3212,13722.5247,62659.1006,-516441.1769,-437727.2304,-453782.0763
7710000,2346.5113,13782.7321,62229.2403,-515934.4364,-437575.9527,-453705.1961
7711000,2325.3275,13782.4177,62003.7075,-516240.7898,-438129.3371,-454237.0823
7712000,2358.7742,13848.7381,61972.2595,-515520.0165,-437340.24470000004,-453547.75700000004
7713000,2320.8716,13768.8993,62183.8914,-515990.5164,-437716.8541,-453806.625
7714000,2355.3697,13786.7766,62048.9796,-515759.2889,-437568.163,-453710.30929999996
7715000,2370.7089,13811.5826,61861.8282,-515339.0847,-437294.96499999997,-453477.2565
7716000,2366.9807,13829.5366,61979.7549,-516400.6428,-438224.37059999997,-454420.8879
7717000,2383.4602,13771.0382,62289.8301,-516305.1096,-437860.7811,-454015.2795
7718000,2340.7846,13790.0674,62268.8905,-516313.0805,-437913.338,-454044.19
7719000,2361.2353,13765.928,61735.2619,-515586.2835,-437723.8583,-453851.02160000004
7720000,2363.9638,13738.0126,61829.1313,-515585.0265,-437653.9188,-453755.89519999997
7721000,2346.9957,13727.3442,62460.5706,-516793.5788,-438258.6683,-454333.00820000004
7722000,2359.6049,13763.256,62327.0052,-515974.553,-437524.68690000003,-453647.5478
7723000,2352.0137,13807.0314,61464.517,-515598.4646,-437974.9025,-454133.9476
7724000,2341.7391,13765.1462,62028.4596,-515537.5987,-437402.25379999995,-453509.1391
7725000,2344.5146,13805.362,62163.1104,-515592.4055,-437279.4185,-453429.2951
7726000,2359.6295,13677.7752,62692.4623,-516607.5831,-437877.71609999996,-453915.1208
7727000,2359.8607,13791.034,61506.5764,-515102.956,-437445.48490000004,-453596.3796
7728000,2359.2316,13782.1374,62041.0299,-515574.2422,-437391.84329999995,-453533.21229999996
7729000,2338.8876,13715.9057,62049.2037,-515864.3297,-437760.3327,-453815.126
7730000,2368.2273,13803.5951,62229.5438,-516726.3014,-438324.9352,-454496.7576
7731000,2365.8382,13814.928,62524.5888,-517048.3652,-438343.0102,-454523.7764
7732000,2345.5316,13886.2564,62288.8416,-516298.7707,-437778.1411,-454009.9291
7733000,2359.4118,13798.3829,62570.4974,-516843.9607,-438115.6686,-454273.4633
7734000,2363.295,13863.2234,62031.0915,-515730.4116,-437472.80169999995,-453699.3201
7735000,2380.396,13813.7171,62145.3763,-516022.2656,-437682.77619999996,-453876.8893
7736000,2381.8092,13721.2686,61812.8587,-515367.2053,-437451.26879999996,-453554.3466
7737000,2361.1198,13794.1491,61505.2455,-514197.456,-436536.9416,-452692.2105
7738000,2328.7283,13728.9231,61900.5022,-515467.2868,-437509.1332,-453566.7846
7739000,2373.9718,13837.6541,62230.6772,-516344.5734,-437902.2703,-454113.8962
7740000,2369.0489,13774.487,62196.1664,-516097.4338,-437757.7315,-453901.2674
7741000,2326.0138,13838.6262,62122.6827,-515563.2996,-437275.9769,-453440.6169
7742000,2331.4165,13811.4944,61349.901,-514842.4522,-437349.64029999997,-453492.5512
7743000,2363.7093,13872.4817,61970.4751,-515843.6348,-437636.96869999997,-453873.1597
7744000,2347.1439,13826.6946,62438.5861,-517102.1926,-438489.76800000004,-454663.6065
7745000,2327.7383,13699.453,62368.0099,-516658.0665,-438262.8653,-454290.0566
7746000,2347.0833,13799.5407,62135.1684,-516127.0498,-437845.2574,-453991.88139999995
7747000,2326.7063,13669.0519,62564.7502,-516372.1195,-437811.6111,-453807.36929999996
7748000,2365.3034,13832.3816,61938.6105,-515708.2005,-437571.90499999997,-453769.58999999997
7749000,2388.4929,13802.3515,62086.8912,-515453.4665,-437175.73089999997,-453366.57529999997
7750000,2354.332,13781.3255,62380.0607,-515947.5661,-437431.8479,-453567.5054
7751000,2364.3538,13814.0571,62240.1095,-515668.2963,-437249.7759,-453428.18679999997
7752000,2341.1039,13756.1049,61725.0536,-514729.2763,-436907.0139,-453004.22270000004
7753000,2373.5379,13807.3988,62247.9273,-515807.244,-437378.38,-453559.3167
7754000,2322.5252,13725.1335,61891.1723,-515121.3766,-437182.5456,-453230.20430000004
7755000,2342.0173,13801.3188,61907.6685,-515163.1353,-437112.13070000004,-453255.46680000005
7756000,2339.1601,13737.8613,61622.7272,-514945.0176,-437245.26900000003,-453322.2904
7757000,2369.2976,13823.9716,61996.1058,-515500.1596,-437310.7846,-453504.0538
7758000,2374.9708,13835.974,61574.9991,-515029.8246,-437243.8807,-453454.8255
7759000,2350.5412,13878.3154,62336.0795,-517079.777,-438514.8409,-454743.6975
7760000,2338.1075,13786.911,62039.0787,-515942.8779,-437778.7807,-453903.7992
7761000,2351.1977,13742.3692,61710.1093,-515658.8543,-437855.1781,-453948.745
7762000,2312.9817,13807.3719,61567.3107,-515825.5048,-438137.8405,-454258.19409999996
7763000,2357.4247,13778.9242,62206.0335,-515779.137,-437436.7546,-453573.10349999997
7764000,2358.4528,13694.1988,62113.6263,-515776.501,-437610.2231,-453662.8747
7765000,2348.3253,13775.8201,61938.4404,-516266.1795,-438203.5937,-454327.7391
7766000,2340.9437,13804.6947,61828.2248,-515973.0224,-437999.1592,-454144.7976
7767000,2342.3678,13712.9158,62084.3563,-516036.2604,-437896.6205,-453951.90410000004
7768000,2322.0009,13792.6873,62208.8717,-515991.3262,-437667.7663,-453782.4545
7769000,2371.5544,13692.812,62530.5942,-516234.7069,-437639.7463,-453704.1127
7770000,2373.7192,13904.4973,61969.8633,-514888.6671,-436640.5873,-452918.8038
7771000,2381.5823,13859.8907,62262.323,-515979.6399,-437475.8439,-453717.31690000003
7772000,2339.7321,13877.7795,62296.6086,-515917.0403,-437402.9201,-453620.4317
7773000,2400.9952,13805.755,62702.6239,-516538.9442,-437629.5701,-453836.3203
7774000,2340.3154,13745.3544,62590.6705,-515801.8282,-437125.4879,-453211.1577
7775000,2384.1117,13814.9762,62185.2412,-515864.8872,-437480.5581,-453679.646
7776000,2351.0755,13740.7879,62101.9103,-516044.697,-437850.92329999997,-453942.7867
7777000,2379.022,13862.7921,61647.7346,-515013.5409,-437123.99220000004,-453365.8063
7778000,2379.8996,13749.1762,62397.2727,-516572.2485,-438045.89999999997,-454174.9758
7779000,2341.8359,13789.6257,61988.8536,-515055.954,-436935.6388,-453067.1004
7780000,2365.8146,13739.7055,62713.3219,-515716.3579,-436897.5159,-453003.036
7781000,2386.1496,13710.1752,61864.1893,-515795.4755,-437834.96140000003,-453931.2862
7782000,2340.1137,13815.4309,61882.7152,-515053.6044,-437015.3446,-453170.88920000003
7783000,2342.9492,13787.7367,61990.6429,-515265.3994,-437144.0706,-453274.7565
7784000,2378.051,13869.8779,62151.6312,-515687.3422,-437287.7821,-453535.711
7785000,2393.057,13782.485,61848.5133,-515788.9584,-437764.9031,-453940.4451
7786000,2351.3766,13883.4258,62062.4297,-516229.6128,-437932.3807,-454167.1831
7787000,2383.6672,13676.0524,62524.797,-516451.81,-437867.29339999997,-453927.013
7788000,2349.8707,13849.2765,62098.804,-515831.9221,-437533.9709,-453733.1181
7789000,2345.9383,13715.0629,62562.2031,-516041.7142,-437418.5099,-453479.5111
7790000,2357.2893,13842.8573,61739.6,-515788.134,-437848.3874,-454048.53400000004
7791000,2359.2971,13750.8653,62705.1275,-517121.9647,-438306.67480000004,-454416.8372
7792000,2347.8753,13859.2698,62302.5069,-516227.4503,-437717.7983,-453924.94340000005
7793000,2400.8546,13744.8364,61805.1818,-515632.0319,-437681.1591,-453826.8501
7794000,2337.6724,13797.4666,61669.7596,-514875.566,-437070.6674,-453205.8064
7795000,2364.3311,13856.9628,62629.0412,-516465.7816,-437615.44649999996,-453836.7404
7796000,2355.403,13811.8193,62412.9065,-516462.0731,-437881.9443,-454049.1666
7797000,2353.1211,13774.8535,62014.3533,-515544.5517,-437402.22380000004,-453530.1984
7798000,2368.0902,13807.115,62465.8919,-516873.662,-438232.5649,-454407.7701
7799000,2333.4139,13869.0709,61792.4611,-515639.0755,-437644.1296,-453846.61439999996
7800000,2379.5811,13830.9611,62006.9861,-515402.9194,-437185.3911,-453395.93330000003
7801000,2330.8247,13849.2006,62231.6629,-515997.4902,-437585.802,-453765.8273
7802000,2365.9189,13792.0467,62559.7757,-516510.3797,-437792.6384,-453950.604
7803000,2375.9082,13858.3109,61939.7241,-516183.7596,-438009.8164,-454244.0355
7804000,2322.7984,13776.5665,62232.5572,-516775.35,-438443.4279,-454542.7928
7805000,2355.4639,13927.7427,62162.147,-516329.7821,-437884.42850000004,-454167.6351
7806000,2337.0102,13926.1047,61941.0514,-515858.8984,-437654.7321,-453917.847
7807000,2354.857,13844.5264,62314.2461,-516457.7293,-437944.0998,-454143.4832
7808000,2346.1709,13863.8386,61637.6432,-515539.2902,-437691.63749999995,-453901.647
7809000,2354.6762,13804.0207,61833.4378,-514769.1797,-436777.045,-452935.74189999996
7810000,2343.7044,13851.1255,61273.9156,-514498.3269,-437029.58139999997,-453224.4113
7811000,2332.4231,13759.1379,61918.2763,-515763.7148,-437753.8775,-453845.43850000005
7812000,2347.5248,13802.8802,61722.439,-515498.5962,-437625.75220000005,-453776.1572
7813000,2343.444,13735.898,62122.3063,-515747.0273,-437545.379,-453624.721
7814000,2354.8167,13878.5696,61852.2798,-515646.9744,-437561.30830000003,-453794.6946
7815000,2349.5403,13809.3209,61964.9985,-515614.4537,-437490.59400000004,-453649.4552
7816000,2324.7277,13725.4758,61737.3661,-514730.0995,-436942.5299,-452992.7334
7817000,2318.9157,13874.3653,61701.7152,-515423.2364,-437528.2402,-453721.5212
7818000,2383.1714,13930.1549,62095.7363,-516315.3507,-437906.2881,-454219.6144
7819000,2368.6096,13860.2319,62006.6604,-515763.748,-437528.2461,-453757.0876
7820000,2310.087,13758.8991,62188.2437,-515986.4411,-437729.21129999997,-453798.1974
7821000,2341.4322,13761.9229,62408.4592,-515995.9383,-437484.12399999995,-453587.4791
7822000,2365.6329,13877.3916,61944.2627,-515732.7726,-437545.4854,-453788.5099
7823000,2358.1375,13883.5994,62298.7156,-516515.6306,-437975.17809999996,-454216.915
7824000,2363.4079,13808.7781,61997.8608,-516009.4884,-437839.44159999996,-454011.62759999995
7825000,2345.1004,13854.3112,62188.9951,-515812.7658,-437424.3591,-453623.7707
7826000,2344.566,13795.7577,61692.8237,-515267.6371,-437434.4897,-453574.8134
7827000,2330.2811,13834.8197,62073.8822,-515599.024,-437360.04099999997,-453525.1418
7828000,2367.755,13928.4769,61888.6543,-516161.0236,-437976.1374,-454272.3693
7829000,2381.4148,13822.2774,62029.9153,-516048.7816,-437815.1741,-454018.8663
7830000,2367.0134,13858.3563,62546.0325,-516548.1364,-437776.7342,-454002.1039
7831000,2333.9948,13779.5529,61961.4628,-515887.2425,-437812.23199999996,-453925.7797
7832000,2312.8072,13728.6188,62547.5717,-516321.6641,-437732.6664,-453774.09239999996
7833000,2350.5232,13831.7741,62327.716,-516204.6223,-437694.609,-453876.9063
7834000,2363.6625,13861.1065,62363.5058,-516605.8058,-438017.53099999996,-454242.3
7835000,2322.3492,13814.0327,61896.6821,-516357.2951,-438324.2311,-454460.613
7836000,2319.6238,13695.9922,62202.6524,-516997.0032,-438778.7348,-454794.35079999996
7837000,2352.8735,13816.616,61500.3076,-515492.7025,-437822.90540000005,-453992.3949
7838000,2367.3085,13792.6229,62210.4079,-516310.366,-437940.0267,-454099.9581
7839000,2344.7936,13757.6364,62318.3822,-515873.6971,-437452.8849,-453555.3149
7840000,2345.7756,13936.8443,62060.0926,-516199.2712,-437856.5587,-454139.1786
7841000,2339.6635,13786.2286,62565.4643,-516531.7058,-437840.3494,-453966.2415
7842000,2338.9669,13805.6452,62254.5269,-516065.4409,-437666.30189999996,-453810.914
7843000,2353.0209,13786.3111,61647.8541,-514605.9266,-436818.7405,-452958.0725
7844000,2354.2988,13851.8721,62412.5348,-515566.8007,-436948.09500000003,-453154.2659
7845000,2327.7849,13781.8498,62302.5239,-516413.848,-438001.68940000003,-454111.32409999997
7846000,2370.1091,13785.4541,62304.6517,-516532.2425,-438072.0276,-454227.5908
7847000,2373.4557,13802.7483,61742.6342,-515128.9008,-437210.0626,-453386.2666
7848000,2348.4019,13909.6072,62537.4839,-516411.1773,-437615.68429999996,-453873.6934
7849000,2380.999,13904.1583,61930.8587,-516321.2934,-438105.2774,-454390.43470000004
7850000,2398.3972,13906.8674,62950.035,-517094.7486,-437839.449,-454144.7136
7851000,2341.1664,13776.3488,62398.4133,-516980.3549,-438464.4264,-454581.94159999996
7852000,2344.1692,13783.8734,61852.7558,-515082.1516,-437101.3532,-453229.3958
7853000,2364.8765,13762.2865,61815.1469,-515431.5905,-437489.2806,-453616.4436
7854000,2337.6661,13768.8063,61838.0864,-515256.2419,-437311.6831,-453418.1555
7855000,2338.4813,13775.634,61957.1018,-515881.6494,-437810.4323,-453924.5476
7856000,2353.4688,13840.7147,62158.263,-516695.2549,-438342.8084,-454536.9919
7857000,2366.6732,13859.4441,62063.7298,-516028.1836,-437738.3365,-453964.4538
7858000,2352.2986,13833.3446,61979.3904,-515944.2748,-437779.24120000005,-453964.88440000004
7859000,2361.4026,13774.3496,61679.3356,-515085.338,-437270.2502,-453406.0024
7860000,2341.6893,13768.8856,62103.4232,-515843.2239,-437629.2258,-453739.80069999996
7861000,2366.2066,13840.4374,62134.9527,-515178.4413,-436836.8446,-453043.4886
7862000,2354.9411,13871.1372,61917.8959,-515995.7864,-437851.8122,-454077.8905
7863000,2365.6304,13774.9351,61832.2868,-515300.4787,-437327.62639999995,-453468.1919
7864000,2340.6854,13779.2004,62098.8929,-515925.3504,-437706.5717,-453826.4575
7865000,2365.6456,13767.5633,61630.1125,-514690.4965,-436927.1751,-453060.384
7866000,2345.1295,13898.8738,61280.6,-515219.5003,-437694.897,-453938.90030000004
7867000,2362.7133,13737.2932,61737.6369,-516067.3753,-438229.7319,-454329.73840000003
7868000,2373.8562,13798.9812,62033.1062,-516100.8101,-437894.8665,-454067.7039
7869000,2365.4938,13721.7606,62162.1223,-516513.5264,-438264.14969999995,-454351.4041
7870000,2370.9935,13781.8698,62452.1297,-517001.2748,-438396.2818,-454549.1451
7871000,2311.9338,13880.9579,61648.5167,-515647.5935,-437806.1851,-453999.07680000004
7872000,2356.754,13784.1009,62158.7362,-516232.0648,-437932.4737,-454073.3286
7873000,2360.0234,13790.6332,61434.8287,-514994.1769,-437408.6916,-453559.3482
7874000,2389.1256,13759.1788,62145.6233,-515624.3718,-437330.4441,-453478.74850000005
7875000,2342.1402,13810.5845,62379.8721,-516100.3804,-437567.7836,-453720.50830000004
7876000,2370.6659,13760.4209,62164.1949,-515898.5444,-437603.2627,-453734.3495
7877000,2352.8151,13732.0916,62239.9292,-516252.5397,-437927.7038,-454012.6105
7878000,2348.9216,13777.262,62490.8173,-516487.6405,-437870.6396,-453996.8232
7879000,2357.1105,13779.4074,62021.2743,-515290.6159,-437132.82369999995,-453269.3416
7880000,2357.8086,13714.6278,61910.0706,-515784.9328,-437802.4258,-453874.86220000003
7881000,2369.2803,13896.2837,62272.3501,-516304.9386,-437767.0245,-454032.5885
7882000,2356.9912,13755.9312,62152.7544,-515524.556,-437258.87919999997,-453371.8016
7883000,2337.6296,13824.1291,61877.0355,-515825.9197,-437787.1255,-453948.88420000003
7884000,2359.9778,13812.3825,61869.8985,-515909.4862,-437867.2274,-454039.5877
7885000,2370.7475,13850.9052,61542.3286,-515674.3571,-437910.37580000004,-454132.0285
7886000,2365.1881,13798.0268,61920.5156,-515808.5991,-437724.8686,-453888.0835
7887000,2348.0454,13826.9638,62105.0958,-515718.2336,-437438.12859999994,-453613.13779999997
7888000,2364.5362,13854.4327,61933.4935,-516451.8014,-438299.33900000004,-454518.3079
7889000,2344.3687,13746.3316,61852.6188,-515462.7832,-437519.4641,-453610.1644
7890000,2348.8068,13843.7622,62172.6766,-515849.2006,-437483.95499999996,-453676.524
7891000,2344.805,13755.1739,61330.4836,-514425.3197,-436994.85719999997,-453094.8361
7892000,2402.5501,13786.958,61665.2868,-515434.7126,-437579.9177,-453769.4258
7893000,2348.8787,13819.1512,62396.9854,-516282.8959,-437717.88060000003,-453885.9105
7894000,2361.5974,13760.0988,62607.7314,-516635.7254,-437906.2978,-454027.994
7895000,2376.773,13854.0442,62350.5733,-516943.4152,-438362.0247,-454592.8419
7896000,2362.1378,13871.5594,62216.8758,-515856.4538,-437405.88080000004,-453639.57800000004
7897000,2382.5167,13801.3373,62342.6442,-516528.1088,-438001.6106,-454185.4646
7898000,2371.0212,13855.712,62139.9689,-516063.4801,-437696.778,-453923.5112
7899000,2345.2723,13834.7695,62345.0261,-516471.141,-437946.0731,-454126.1149
7900000,2330.7274,13703.1159,62110.3682,-516645.9599,-438501.74840000004,-454535.5917
7901000,2389.7242,13877.3773,62367.5444,-516196.8025,-437562.1566,-453829.2581
7902000,2358.8083,13687.8374,62038.0225,-516019.2814,-437934.61319999996,-453981.25889999996
7903000,2333.6136,13792.5292,62087.0292,-515705.8649,-437492.6929,-453618.8357
7904000,2352.7906,13744.4621,61669.3478,-515266.4917,-437499.8912,-453597.1439
7905000,2323.2749,13754.1278,61793.2313,-514936.4696,-437065.8356,-453143.2383
7906000,2329.8968,13747.4815,61906.1964,-515208.3188,-437224.7441,-453302.1224
7907000,2353.4419,13814.4518,62571.6563,-516421.4402,-437681.8902,-453849.78390000004
7908000,2340.7663,13783.9968,61830.3761,-515577.6693,-437622.5301,-453747.2932
7909000,2361.446,13835.2823,61782.2182,-515878.641,-437899.6945,-454096.4228
7910000,2352.6837,13748.8552,61984.4215,-515886.7111,-437800.75070000003,-453902.2896
7911000,2363.4379,13802.6411,62306.5469,-515816.6763,-437344.0504,-453510.1294
7912000,2322.2831,13791.8502,61671.1447,-515004.6434,-437219.3654,-453333.4987
7913000,2352.239,13713.8036,62091.2781,-516362.2699,-438204.94920000003,-454270.9918
7914000,2340.0017,13689.7766,62319.1154,-516767.1449,-438418.2512,-454448.0295
7915000,2355.2604,13877.9955,61716.5903,-516187.0784,-438237.23219999997,-454470.4881
7916000,2350.1122,13820.8294,62137.358,-516125.0036,-437816.704,-453987.6456
7917000,2359.5817,13804.5275,62202.1124,-516228.2731,-437862.0515,-454026.1607
7918000,2345.1859,13831.0737,61872.9848,-515648.9002,-437599.65579999995,-453775.9154
7919000,2344.4388,13728.5351,62330.9704,-515764.9956,-437361.05130000005,-453434.02520000003
7920000,2361.2359,13812.2889,62555.9371,-517011.7138,-438282.25190000003,-454455.77670000005
7921000,2342.931,13796.8239,62248.4759,-515973.0287,-437584.7979,-453724.5528
7922000,2375.0415,13787.8922,62131.1056,-516459.3154,-438165.2761,-454328.2098
7923000,2394.5711,13925.0023,62243.2415,-516372.9184,-437810.1035,-454129.6769
7924000,2398.6436,13803.0233,62142.1551,-516437.6014,-438093.7794,-454295.44629999995
7925000,2350.368,13878.8449,62242.8345,-516402.4656,-437930.4182,-454159.6311
7926000,2372.0407,13749.5728,62502.5775,-516731.0239,-438106.8329,-454228.44639999996
7927000,2341.0954,13893.6564,62131.138,-515888.1019,-437522.2121,-453756.96390000003
7928000,2392.6705,13818.926,61904.7039,-516397.621,-438281.3206,-454492.91709999996
7929000,2360.5845,13841.0857,61897.0659,-515677.2392,-437578.5031,-453780.1733
7930000,2356.0898,13732.0429,62049.1202,-515296.1356,-437158.88269999996,-453247.0154
7931000,2367.2659,13826.8422,62638.6086,-515926.9903,-437094.2736,-453288.3817
7932000,2353.6531,13895.9693,62023.0023,-515994.4661,-437721.84140000003,-453971.4638
7933000,2363.1284,13848.6498,61662.5484,-515101.3895,-437227.0629,-453438.84109999996
7934000,2345.1292,13710.3728,62116.0578,-516016.0262,-437844.46640000003,-453899.9684
7935000,2338.7475,13731.6797,61920.9834,-515121.2407,-437129.8301,-453200.25730000006
7936000,2346.4091,13710.7971,61981.5381,-515979.8852,-437941.1409,-453998.3471
7937000,2308.8196,13764.1336,61823.6868,-515522.6147,-437625.97469999996,-453698.92789999995
7938000,2309.9553,13721.8215,61915.9514,-515697.5131,-437749.78489999997,-453781.56169999996
7939000,2368.3799,13820.6681,61700.4691,-515154.2473,-437264.7302,-453453.7782
7940000,2360.6118,13796.46,62124.1562,-516257.9375,-437976.7095,-454133.78130000003
7941000,2361.176,13753.6113,61893.8446,-515399.5324,-437390.90050000005,-453505.6878
7942000,2338.3364,13726.2737,62443.7038,-515809.3221,-437301.0082,-453365.6183
7943000,2368.0782,13876.1546,62057.1938,-516191.8564,-437890.4298,-454134.6626
7944000,2323.041,13748.3292,62097.6024,-515847.4624,-437678.4898,-453749.86
7945000,2339.0372,13781.5246,62123.8016,-516594.1416,-438349.77819999994,-454470.33999999997
7946000,2336.924,13790.0978,62019.2711,-516035.038,-437888.7451,-454015.7669
7947000,2365.5014,13764.5877,62757.2649,-516345.7948,-437458.4408,-453588.52989999996
7948000,2335.787,13700.5472,62081.3027,-516518.3461,-438400.70920000004,-454437.0434
7949000,2324.2049,13759.5875,62413.2265,-515644.6436,-437147.62470000004,-453231.4171
7950000,2335.4138,13786.0081,62296.0147,-515775.4344,-437357.9978,-453479.4197
7951000,2326.5798,13816.3032,61846.4584,-515768.8626,-437779.52119999996,-453922.4042
7952000,2355.796,13750.9133,62452.9462,-516271.9256,-437712.2701,-453818.9794
7953000,2333.2537,13656.0664,62273.624,-515808.048,-437545.1039,-453534.424
7954000,2322.7559,13697.3905,62288.0028,-515792.8066,-437484.6574,-453504.8038
7955000,2366.5933,13860.1879,62443.5896,-516055.015,-437384.6442,-453611.4254
7956000,2375.2623,13798.5281,61591.8732,-514980.0882,-437214.4246,-453388.21499999997
7957000,2404.0524,13815.5399,62489.987,-516208.9949,-437499.4156,-453719.00789999997
7958000,2346.5583,13800.0394,62111.3876,-515428.3738,-437170.3885,-453316.9862
7959000,2331.2473,13761.5864,61612.1857,-515504.2827,-437799.2633,-453892.09699999995
7960000,2383.497,13736.2096,61962.1675,-516346.0218,-438264.1477,-454383.8543
7961000,2346.8158,13720.6032,62255.4752,-516537.4428,-438214.54860000004,-454281.96760000003
7962000,2381.1534,13688.4342,61776.3854,-515753.8698,-437907.8968,-453977.48439999996
7963000,2326.9321,13749.4332,62019.7407,-515921.4624,-437825.35640000005,-453901.7217
7964000,2340.4088,13707.3784,61404.469,-514661.7029,-437209.4467,-453257.2339
7965000,2319.6607,13813.8098,62139.5462,-516009.9508,-437736.9341,-453870.4046
7966000,2296.6661,13737.3745,61910.0461,-515544.8819,-437600.7952,-453634.8358
7967000,2369.2388,13754.3351,62205.4197,-515690.0411,-437361.0475,-453484.62139999995
7968000,2369.954,13751.8488,61831.5691,-515618.0505,-437664.6786,-453786.4814
7969000,2378.8947,13841.0437,61884.639,-515852.0093,-437747.43189999997,-453967.37029999995
7970000,2354.2169,13790.1552,61977.2632,-516188.7634,-438067.1281,-454211.5002
7971000,2352.1114,13855.9204,62221.1985,-516790.5939,-438361.3636,-454569.3954
7972000,2344.9808,13759.2974,61517.5568,-515421.8455,-437800.0105,-453904.2887
7973000,2365.2954,13754.1885,62116.3149,-516087.5314,-437851.7326,-453971.2165
7974000,2324.0019,13792.2336,62176.6431,-516145.773,-437852.8944,-453969.1299
7975000,2340.5825,13914.8912,61855.1671,-515281.2922,-437170.65140000003,-453426.1251
7976000,2324.5887,13821.6083,62104.9385,-515881.098,-437629.9625,-453776.1595
7977000,2354.2971,13776.5285,61809.9943,-515326.5329,-437385.713,-453516.53859999997
7978000,2370.8081,13882.819,61938.6872,-515525.4842,-437333.1699,-453586.797
7979000,2345.5709,13839.4841,61975.2676,-515626.6105,-437466.2879,-453651.3429
7980000,2337.2766,13710.0682,61808.7207,-515680.979,-437824.9135,-453872.2583
7981000,2375.8024,13794.7903,62445.1449,-515717.717,-437101.9794,-453272.5721
7982000,2339.6539,13775.2945,61835.6702,-515635.9534,-437685.3348,-453800.2832
7983000,2328.0346,13664.3798,62040.9989,-515677.7334,-437644.3201,-453636.7345
7984000,2366.4832,13907.5065,62688.522,-516677.938,-437715.42630000005,-453989.416
7985000,2315.3526,13777.5678,62085.5704,-515734.1825,-437555.69169999997,-453648.6121
7986000,2349.4581,13667.2927,62379.9024,-516021.9855,-437625.3323,-453642.0831
7987000,2364.4937,13808.6321,61945.3954,-515876.2387,-437757.71749999997,-453930.8433
7988000,2359.0189,13784.9969,62168.7517,-515755.9555,-437443.18799999997,-453587.20379999996
7989000,2326.0791,13798.0329,62039.2038,-515572.739,-437409.42319999996,-453533.5352
7990000,2315.5104,13732.1073,61735.7687,-515769.9969,-437986.6105,-454034.2282
7991000,2378.281,13891.9302,62063.186,-516303.1259,-437969.7287,-454239.9399
7992000,2388.137,13800.2378,61979.2295,-515822.5758,-437654.9715,-453843.3463
7993000,2334.2825,13670.0384,61914.3148,-515297.316,-437378.6803,-453383.0012
7994000,2391.0356,13864.7543,61862.3869,-515492.2931,-437374.1163,-453629.9062
7995000,2353.0432,13867.0496,61809.7978,-515477.8632,-437447.97260000004,-453668.0654
7996000,2359.3182,13750.2502,61820.7989,-515474.2123,-437543.84500000003,-453653.4134
7997000,2355.5289,13799.9835,61635.8858,-515228.0789,-437436.6807,-453592.19310000003
7998000,2365.6007,13873.4971,62050.8749,-515962.8006,-437672.82790000003,-453911.9257
7999000,2353.0298,13767.1129,62137.1065,-515638.6332,-437381.38399999996,-453501.5267
8000000,2343.4401,13756.2477,62293.7551,-515506.5731,-437113.1302,-453212.81799999997
8001000,2336.2932,13771.6779,61903.0283,-515438.4609,-437427.4615,-453535.4326
8002000,2329.5918,13720.999,61797.9184,-515486.8851,-437638.3759,-453688.9667
8003000,2375.2564,13823.8133,61394.639,-514599.12,-437005.4113,-453204.48099999997
8004000,2344.2488,13747.6112,62163.7712,-515755.0044,-437499.3732,-453591.23319999996
8005000,2351.0788,13745.3054,61646.1169,-515262.6965,-437520.1954,-453616.5796
8006000,2294.7031,13776.038,61761.4498,-515405.0368,-437572.8459,-453643.587
8007000,2341.3306,13656.1144,62459.4078,-515700.6458,-437243.793,-453241.238
8008000,2354.3128,13706.6772,61534.4423,-515675.8509,-438080.41860000003,-454141.4086
8009000,2314.7925,13737.2839,61536.9787,-515077.9777,-437488.9226,-453540.999
8010000,2338.3185,13687.6419,62345.9248,-515877.4393,-437505.5541,-453531.51450000005
8011000,2322.41,13823.1435,62511.8806,-516046.447,-437389.0129,-453534.5664
8012000,2352.8033,13743.1475,61848.6728,-515330.5732,-437385.9496,-453481.9004
8013000,2347.3469,13825.21,62012.4443,-515694.7599,-437509.7587,-453682.3156
8014000,2394.5376,13876.8508,62394.1461,-516170.8672,-437505.33269999997,-453776.72109999997
8015000,2372.5001,13908.8044,61755.3055,-515595.2254,-437558.6154,-453839.9199
8016000,2355.1853,13796.9686,62312.2291,-516490.5335,-438026.1505,-454178.3044
8017000,2346.272,13817.7266,62379.825,-516043.7434,-437499.9198,-453663.91839999997
8018000,2372.5928,13846.4451,62135.4689,-515929.2859,-437574.77910000004,-453793.81700000004
8019000,2383.36,13892.3778,61538.6735,-514695.5895,-436881.1782,-453156.916
8020000,2357.701,13764.078,62150.8293,-515365.2953,-437092.68700000003,-453214.466
8021000,2375.6065,13845.0151,61739.9651,-515713.9623,-437753.3756,-453973.9972
8022000,2317.3278,13741.1449,62039.2975,-515997.437,-437899.6668,-453958.1395
8023000,2340.0517,13782.5228,62141.6017,-515938.7865,-437674.6103,-453797.1848
8024000,2310.0236,13805.9107,62616.6307,-516938.477,-438205.912,-454321.84630000003
8025000,2342.8002,13803.5347,62129.3407,-515969.1037,-437693.42809999996,-453839.763
8026000,2356.1595,13803.2832,62155.8227,-516017.0113,-437701.7459,-453861.1886
8027000,2373.1891,13825.8495,62160.3716,-516412.7959,-438053.38570000004,-454252.4243
8028000,2358.5897,13845.5343,62283.1392,-516293.3946,-437806.1314,-454010.2554
8029000,2356.7643,13759.9513,62166.8406,-515823.6658,-437540.1096,-453656.8252
8030000,2366.2011,13905.3261,62351.7488,-516176.0162,-437552.7402,-453824.2674
8031000,2360.1981,13856.416,62211.8964,-516543.7845,-438115.274,-454331.8881
8032000,2321.8838,13830.2774,61825.185,-516014.5419,-438037.19570000004,-454189.3569
8033000,2365.9488,13795.443,62094.425,-516118.8087,-437862.9919,-454024.3837
8034000,2319.4734,13754.1425,61696.0588,-515102.2362,-437332.56149999995,-453406.1774
8035000,2358.5515,13807.1424,62093.9738,-516383.8592,-438124.1915,-454289.8854
8036000,2384.4371,13823.3519,61964.0327,-516205.5371,-438033.7154,-454241.50440000003
8037000,2361.5819,13757.5629,62001.3779,-515965.5382,-437845.0155,-453964.1603
8038000,2301.8295,13822.7603,62293.763,-516834.1536,-438415.8008,-454540.39060000004
8039000,2341.344,13826.6781,61894.8333,-515496.4966,-437433.6412,-453601.6633
8040000,2365.7527,13773.6823,62309.1694,-516345.5556,-437896.9512,-454036.3862
8041000,2382.3623,13728.7579,62112.8426,-515789.0395,-437565.0767,-453676.1969
8042000,2346.489,13743.1364,62021.6895,-515638.2373,-437526.9224,-453616.5478
8043000,2346.3291,13846.9188,61959.873,-515622.0901,-437468.9692,-453662.21709999995
8044000,2345.393,13662.9346,61902.1669,-515272.6901,-437362.1956,-453370.5232
8045000,2358.097,13888.7698,61875.8468,-515519.4838,-437396.77019999997,-453643.637
8046000,2378.4385,13806.6641,61684.4702,-515805.4521,-437935.8793,-454120.9819
8047000,2371.233,13816.6647,62431.129,-516612.956,-437993.9293,-454181.827
8048000,2344.3379,13878.4667,62384.5472,-516781.1454,-438173.7936,-454396.5982
8049000,2343.5571,13789.1153,62221.5608,-515984.4064,-437630.17319999996,-453762.8456
8050000,2352.0686,13756.9433,62451.2198,-516352.915,-437792.6833,-453901.69519999996
8051000,2391.2268,13828.8094,61716.3038,-515558.6638,-437622.3238,-453842.36
8052000,2377.7982,13931.951,61809.2526,-515581.3425,-437462.34070000006,-453772.0899
8053000,2317.4961,13788.7998,61862.0575,-515635.949,-437667.5956,-453773.8915
8054000,2354.5073,13649.3806,62002.6274,-515764.0454,-437757.5301,-453761.418
8055000,2370.2353,13790.0565,61824.2054,-515190.7377,-437206.2405,-453366.5323
8056000,2331.8832,13881.9417,61879.5857,-515820.0169,-437726.6063,-453940.4312
8057000,2353.944,13831.8216,61732.7703,-516150.0216,-438231.48569999996,-454417.2513
8058000,2376.981,13775.2738,62210.92,-515856.4448,-437493.27,-453645.5248
8059000,2365.8875,13748.1166,61727.3155,-515310.4916,-437469.172,-453583.17610000004
8060000,2350.8601,13778.1596,61438.0182,-514928.5073,-437361.4694,-453490.4891
8061000,2377.5664,13833.6393,61168.8992,-514351.0032,-436970.8983,-453182.104
8062000,2363.3382,13819.0691,62213.7248,-515685.9369,-437289.8048,-453472.21209999995
8063000,2339.1042,13749.3109,61848.6136,-515341.7842,-437404.75549999997,-453493.1706
8064000,2341.3654,13968.9956,61820.8683,-516213.4846,-438082.2553,-454392.6163
8065000,2330.372,13742.9249,62237.4857,-515760.7975,-437450.0149,-453523.31179999997
8066000,2378.1615,13801.6873,61907.4363,-515366.7952,-437279.51009999996,-453459.3589
8067000,2368.2801,13840.5577,61792.163,-515784.4425,-437783.4417,-453992.2795
8068000,2343.4119,13771.5922,61893.8857,-516006.1162,-437997.2264,-454112.2305
8069000,2352.8935,13811.6614,62064.3777,-516067.3404,-437838.4078,-454002.9627
8070000,2348.3432,13795.3363,62206.8202,-516197.3103,-437846.8106,-453990.4901
8071000,2357.6322,13646.0496,61931.2258,-516272.8192,-438337.9116,-454341.5934
8072000,2360.5784,13837.8049,62093.1622,-516475.3105,-438183.765,-454382.1483
8073000,2335.8912,13731.8118,62057.8338,-515809.1516,-437683.6148,-453751.31779999996
8074000,2323.3193,13853.8919,62481.0041,-516384.9388,-437726.7235,-453903.9347
8075000,2347.514,13728.2746,61965.3519,-515860.533,-437819.39249999996,-453895.1811
8076000,2327.983,13757.4132,62090.5392,-516125.8096,-437949.87419999996,-454035.2704
8077000,2375.915,13773.1046,61915.8515,-515745.5872,-437680.7161,-453829.7357
8078000,2328.4271,13808.3153,62180.0595,-516119.9628,-437803.16089999996,-453939.9033
8079000,2360.2887,13906.6728,61655.3564,-515037.1196,-437114.80169999995,-453381.7632
8080000,2354.6584,13712.3128,61840.2057,-514683.0885,-436775.9116,-452842.8828
8081000,2347.7652,13722.1994,62077.5967,-516620.0964,-438472.5351,-454542.4997
8082000,2346.508,13841.8221,61932.7419,-515890.4208,-437769.34880000004,-453957.6789
8083000,2335.2394,13816.258,61815.7935,-515824.2049,-437856.914,-454008.4114
8084000,2376.2448,13808.8785,62204.3194,-516216.9124,-437827.46969999996,-454012.593
8085000,2327.5661,13715.852,62513.5136,-516148.7764,-437591.84469999996,-453635.26279999997
8086000,2370.4715,13746.3018,61473.1487,-514980.224,-437390.302,-453507.07529999997
8087000,2349.0075,13793.0573,62001.9244,-516090.8189,-437946.8297,-454088.8945
8088000,2342.9051,13755.7007,61445.5501,-514826.6085,-437282.45259999996,-453381.0584
8089000,2355.6261,13694.0994,61817.1911,-515450.425,-437583.5084,-453633.2339
8090000,2363.017,13752.7054,61429.9935,-515081.4032,-437535.6873,-453651.4097
8091000,2355.0431,13865.9713,61545.8653,-515346.4015,-437579.5218,-453800.5362
8092000,2370.8198,13748.0181,61775.2286,-515356.975,-437462.90849999996,-453581.74639999995
8093000,2370.489,13842.332,61975.0854,-516311.491,-438123.58459999994,-454336.4056
8094000,2372.9915,13845.2349,62531.2701,-516267.0152,-437517.5187,-453735.7451
8095000,2342.9224,13717.7232,61664.7404,-515283.5893,-437558.2033,-453618.8489
8096000,2346.5803,13788.8514,61681.9541,-515758.5061,-437941.1203,-454076.552
8097000,2359.5786,13811.4804,61907.1079,-515486.5775,-437408.4106,-453579.4696
8098000,2357.2221,13784.6182,61965.4863,-515718.9934,-437611.6668,-453753.5071
8099000,2352.9785,13867.2393,61858.3879,-515756.3637,-437677.758,-453897.9758
8100000,2353.6197,13794.2283,61861.7678,-515901.4228,-437891.80700000003,-454039.655
8101000,2308.0654,13785.192,61315.4856,-514767.8545,-437359.1115,-453452.3689
8102000,2334.2694,13857.4675,61696.0958,-515131.1798,-437243.3471,-453435.084
8103000,2324.2907,13788.0935,61830.1055,-516014.0045,-438071.5148,-454183.899
8104000,2392.89,13796.5897,61874.1684,-516195.6991,-438132.05100000004,-454321.5307
8105000,2339.3138,13785.0771,61940.3811,-516198.1052,-438133.3332,-454257.7241
8106000,2361.0951,13911.6752,62077.0424,-516161.8571,-437812.0444,-454084.81470000005
8107000,2367.1976,13804.1413,61992.8851,-516660.7745,-438496.5505,-454667.8894
8108000,2348.544,13812.4969,62496.2886,-516133.7676,-437476.4381,-453637.47900000005
8109000,2373.1018,13820.0158,62011.3289,-515768.4929,-437564.0464,-453757.164
8110000,2325.5277,13794.184,61994.599,-515126.1872,-437011.8765,-453131.5882
8111000,2347.365,13756.7046,62193.6842,-516597.9565,-438300.20269999997,-454404.27229999995
8112000,2387.228,13883.1878,62153.7702,-516313.2647,-437889.0787,-454159.49450000003
8113000,2366.1827,13847.2761,62117.1691,-515888.2041,-437557.5762,-453771.035
8114000,2346.383,13820.734,61713.4353,-515212.8127,-437332.2604,-453499.3774
8115000,2349.6637,13852.8315,62033.65,-515676.3567,-437440.2115,-453642.7067
8116000,2332.0594,13788.7634,61877.2105,-515832.2208,-437834.1875,-453955.0103
8117000,2381.9722,13850.6482,62318.1782,-516264.5353,-437713.7367,-453946.35709999996
8118000,2336.2761,13771.0255,61831.8431,-515247.6253,-437308.4806,-453415.7822
8119000,2336.3146,13881.3346,62060.8464,-516007.0333,-437728.5377,-453946.18690000003
8120000,2331.4549,13863.3174,62016.9534,-516710.1007,-438498.375,-454693.1473
8121000,2359.8841,13788.499,61968.7262,-516571.1341,-438454.0248,-454602.40790000005
8122000,2327.2466,13740.8288,61708.7106,-515448.503,-437671.71700000006,-453739.79240000003
8123000,2368.3821,13868.7307,62147.6931,-516659.2489,-438274.443,-454511.55580000003
8124000,2316.714,13863.2297,61530.6597,-514991.4858,-437280.8824,-453460.8261
8125000,2368.4245,13849.945,62293.9481,-516550.2027,-438037.8851,-454256.25460000004
8126000,2342.16,13839.9251,62052.879,-515777.8181,-437542.854,-453724.93909999996
8127000,2342.2822,13758.4003,62525.438,-516361.7765,-437735.65599999996,-453836.33849999995
8128000,2359.0722,13898.0904,62103.796,-515785.8231,-437424.86449999997,-453682.02709999995
8129000,2388.4618,13826.4398,61883.1312,-514957.9502,-436859.91740000003,-453074.819
8130000,2328.3481,13744.0642,61927.3607,-515653.0662,-437653.2932,-453725.7055
8131000,2308.8663,13784.6547,62479.4755,-516252.5323,-437679.5358,-453773.0568
8132000,2381.3329,13841.924,61812.8032,-515686.7286,-437650.66849999997,-453873.92539999995
8133000,2336.8351,13883.9695,61931.9231,-515947.9969,-437795.26920000004,-454016.0738
8134000,2338.551,13755.6621,63078.9659,-517340.3803,-438167.2013,-454261.4144
8135000,2352.0958,13894.8189,61653.6814,-515640.6922,-437740.09609999997,-453987.0108
8136000,2326.2825,13825.7071,62093.6796,-516387.0796,-438141.4104,-454293.4
8137000,2344.8763,13909.0398,62152.7747,-516124.5874,-437717.89660000004,-453971.8127
8138000,2339.7456,13632.1276,62226.2985,-515823.81,-437625.6383,-453597.5115
8139000,2342.4472,13693.3836,61075.541,-513812.2908,-436700.919,-452736.7498
8140000,2345.1496,13644.2405,61980.5349,-514977.2096,-437007.2846,-452996.6747
8141000,2374.5507,13774.8936,61480.0776,-515174.8779,-437545.356,-453694.8003
8142000,2348.5053,13823.0093,62019.2907,-515544.1921,-437353.3868,-453524.9014
8143000,2399.9625,13833.0497,61811.2666,-516147.9484,-438103.6696,-454336.6818
8144000,2335.7298,13646.6437,62039.9456,-515552.4263,-437530.10719999997,-453512.4807
8145000,2364.6381,13781.5156,62483.925,-516445.0939,-437815.01519999997,-453961.1689
8146000,2350.2263,13780.4171,61547.7106,-514523.3737,-436845.0197,-452975.6631
8147000,2365.6997,13745.9029,61491.8548,-514495.7582,-436892.30079999997,-453003.90339999995
8148000,2356.9373,13822.697,62304.8647,-515786.4425,-437301.9435,-453481.5778
8149000,2391.7806,13781.8514,62174.0113,-516083.9738,-437736.3305,-453909.96249999997
8150000,2380.8341,13802.5689,62486.091,-516582.6668,-437913.1728,-454096.5758
8151000,2402.4929,13796.9832,62384.8773,-515974.9464,-437390.593,-453590.0691
8152000,2315.5085,13774.2277,61416.085,-514499.3423,-436993.5211,-453083.2573
8153000,2354.1676,13826.4545,61973.8974,-515906.5903,-437752.0708,-453932.69289999997
8154000,2350.1409,13761.3559,61425.9415,-514845.9479,-437308.5096,-453420.0064
8155000,2354.8186,13753.2155,62261.6621,-516149.4384,-437779.7422,-453887.77629999997
8156000,2357.2028,13797.8803,61886.6242,-515240.7379,-437199.0306,-453354.1137
8157000,2383.5107,13851.3793,62203.0408,-515719.4059,-437281.47510000004,-453516.3651
8158000,2363.9515,13830.3797,62017.5584,-516373.3435,-438161.4539,-454355.78510000004
8159000,2317.9858,13710.113,62015.7587,-515939.6347,-437895.7772,-453923.876
8160000,2353.5177,13758.5771,61602.5975,-514927.4024,-437212.7101,-453324.8049
8161000,2360.2496,13825.9496,62255.5606,-516130.5999,-437688.8401,-453875.03929999995
8162000,2321.9935,13767.0321,62021.9026,-516466.3831,-438355.4549,-454444.48049999995
8163000,2342.0262,13766.322,62309.4635,-516682.5579,-438264.74620000005,-454373.0944
8164000,2366.56,13817.9339,62187.9378,-516153.3114,-437780.8797,-453965.3736
8165000,2385.988,13862.4092,62317.0093,-516502.3323,-437936.9258,-454185.32300000003
8166000,2359.9281,13762.4633,62246.3866,-516371.7114,-438002.9334,-454125.32479999994
8167000,2344.6042,13770.3876,62510.9074,-516251.1326,-437625.2334,-453740.2252
8168000,2356.2736,13774.3495,61828.1443,-515385.1556,-437426.3882,-453557.0113
8169000,2356.3405,13789.2185,62112.0157,-515714.6482,-437457.0735,-453602.6325
8170000,2329.2062,13756.5136,62533.2876,-516182.3416,-437563.3342,-453649.054
8171000,2346.4652,13795.2838,61847.3834,-515018.5908,-437029.4584,-453171.2074
8172000,2309.7496,13724.9305,61976.1294,-514838.3633,-436827.5538,-452862.23390000005
8173000,2346.2184,13761.2005,61679.4232,-514516.0281,-436729.186,-452836.6049
8174000,2316.4393,13784.2768,62113.1907,-515955.1076,-437741.2008,-453841.9169
8175000,2349.7814,13760.3129,62743.7102,-516416.3441,-437562.5396,-453672.6339
8176000,2359.9499,13821.8613,62393.3169,-516285.9014,-437710.7733,-453892.5845
8177000,2373.6178,13864.1335,61674.6758,-515918.988,-438006.56090000004,-454244.31220000004
8178000,2314.0535,13738.4444,62211.5988,-516117.0806,-437852.9839,-453905.4818
8179000,2349.6533,13834.236,62032.4466,-515905.8101,-437689.4742,-453873.3635
8180000,2376.8663,13736.0186,61868.7493,-515590.8288,-437609.19460000005,-453722.0795
8181000,2354.8462,13803.2206,62551.0788,-516754.2283,-438045.0827,-454203.1495
8182000,2342.7205,13778.5736,62224.2872,-515758.8518,-437413.2705,-453534.5646
8183000,2350.6518,13759.0307,61799.9204,-515516.9622,-437607.3593,-453717.0418
8184000,2346.9515,13782.3002,61846.8564,-515526.198,-437550.08989999996,-453679.3416
8185000,2388.2399,13886.785,61838.2597,-514957.6089,-436844.3243,-453119.3492
8186000,2319.8119,13804.0033,61899.5572,-515506.26,-437482.8876,-453606.7028
8187000,2331.4038,13767.3872,62211.7053,-515800.7348,-437490.2385,-453589.02949999995
8188000,2324.426,13798.0109,61950.4566,-515695.7234,-437622.8299,-453745.26680000004
8189000,2333.0012,13684.3454,62316.7334,-515503.3781,-437169.29809999996,-453186.64469999995
8190000,2349.3457,13833.7208,61863.6221,-515525.1556,-437478.467,-453661.5335
8191000,2359.901,13845.0156,62110.4141,-516044.5749,-437729.2442,-453934.1608
8192000,2357.726,13813.7769,62794.0142,-516871.5865,-437906.0694,-454077.5723
8193000,2366.953,13788.2019,62173.8941,-515638.5369,-437309.4879,-453464.64280000003
8194000,2349.4792,13790.5321,62359.8608,-516024.5195,-437524.6474,-453664.65869999997
8195000,2334.8755,13769.6147,62130.5859,-515951.1383,-437716.0622,-453820.5524
8196000,2383.1226,13741.8305,61891.8424,-515792.0522,-437775.25669999997,-453900.20979999995
8197000,2345.7712,13735.7256,62001.8122,-516110.065,-438026.756,-454108.2528
8198000,2349.9022,13762.4678,62454.8056,-516082.0757,-437514.90009999997,-453627.27009999997
8199000,2340.5708,13707.4791,62628.9685,-516216.0371,-437539.0187,-453587.0686
8200000,2360.6869,13778.8895,61512.5071,-514653.7264,-437001.6429,-453141.2193
8201000,2379.0305,13777.2163,61821.8078,-515130.604,-437152.5494,-453308.7962
8202000,2347.0282,13821.0759,61506.3899,-514591.3193,-436916.82529999997,-453084.92939999996
8203000,2355.8952,13699.3022,62173.1425,-515666.625,-437438.2851,-453493.4825
8204000,2345.6428,13792.6302,61834.3958,-515574.3614,-437601.6926,-453739.9656
8205000,2344.9115,13725.8409,61901.4473,-515852.4177,-437880.218,-453950.9704
8206000,2353.7472,13760.5712,62289.3666,-515881.9012,-437478.2162,-453592.5346
8207000,2351.4972,13800.3042,62177.6858,-515963.2384,-437633.75119999994,-453785.5526
8208000,2297.5402,13803.291,62318.0057,-516526.943,-438108.10610000003,-454208.93730000005
8209000,2360.3995,13818.2251,62444.4,-516719.0038,-438095.9792,-454274.6038
8210000,2322.3888,13744.538,61613.9888,-515100.4887,-437419.5731,-453486.4999
8211000,2316.9445,13742.0463,62136.2672,-516003.5678,-437808.30980000005,-453867.3006
8212000,2304.0446,13779.2407,61923.7325,-515153.8157,-437146.7979,-453230.0832
8213000,2355.8942,13739.5807,62340.4423,-516447.6133,-438011.69610000006,-454107.17100000003
8214000,2354.2411,13746.621,62327.3257,-515734.3745,-437306.18669999996,-453407.0488
8215000,2329.9487,13808.5458,62177.0647,-516226.552,-437910.9928,-454049.48730000004
8216000,2318.6943,13740.5935,62198.3805,-514935.9277,-436678.2594,-452737.54720000003
8217000,2352.8266,13777.413,61917.2754,-516384.295,-438336.77999999997,-454467.0196
8218000,2338.4587,13792.2856,62163.7626,-516565.7586,-438271.2517,-454401.996
8219000,2350.5533,13787.0869,62376.7197,-516526.6867,-438012.32680000004,-454149.967
8220000,2331.2879,13768.645,62476.404,-516334.6355,-437758.2986,-453858.2315
8221000,2360.3929,13785.4294,61871.8631,-515636.214,-437618.52859999996,-453764.35089999996
8222000,2346.6899,13752.4453,61572.5392,-515000.9925,-437329.3181,-453428.4533
8223000,2356.0394,13809.7923,62223.1335,-516535.3321,-438146.3669,-454312.1986
8224000,2347.3682,13855.6687,62008.3293,-516304.1695,-438092.8033,-454295.84020000004
8225000,2384.2007,13746.2256,62265.2418,-516024.7687,-437629.1006,-453759.5269
8226000,2346.2914,13764.6493,61893.5213,-515576.6926,-437572.2306,-453683.1713
8227000,2353.7622,13777.4229,62010.6604,-514948.4086,-436806.5631,-452937.74820000003
8228000,2335.1163,13769.4832,62174.504,-515832.9865,-437553.88300000003,-453658.4825
8229000,2340.2546,13772.7774,61835.2223,-514909.3852,-436961.1309,-453074.1629
8230000,2361.1732,13769.0264,61712.7393,-515209.2726,-437366.3337,-453496.5333
8231000,2341.946,13896.1543,62258.5498,-516090.5624,-437593.91229999997,-453832.0126
8232000,2318.1554,13784.3838,61672.8267,-516114.372,-438339.0061,-454441.5453
8233000,2362.6362,13780.9224,62174.4038,-516555.6255,-438237.6631,-454381.2217
8234000,2360.034,13811.6377,61737.7195,-515975.4909,-438066.09969999996,-454237.77139999997
8235000,2419.7554,13812.825,62118.0404,-515533.5964,-437182.9756,-453415.556
8236000,2333.2887,13840.2067,62772.8218,-517227.7957,-438281.4785,-454454.97390000004
8237000,2354.0157,13765.7595,62018.4492,-515471.6769,-437333.4525,-453453.22770000005
8238000,2357.634,13913.9572,61811.6666,-515623.5621,-437540.30429999996,-453811.8955
8239000,2353.3645,13838.9674,61918.1222,-515267.3456,-437156.8915,-453349.2234
8240000,2369.8489,13834.9241,61498.585,-514848.6547,-437145.2967,-453350.0697
8241000,2342.9717,13732.752,62429.1628,-516240.3259,-437735.43940000003,-453811.1631
8242000,2340.1772,13792.3243,61620.1441,-515525.528,-437772.8824,-453905.3839
8243000,2355.9267,13900.4101,61797.1227,-515890.4678,-437837.0083,-454093.3451
8244000,2345.1408,13742.6398,62163.2641,-516097.5498,-437846.50509999995,-453934.2857
8245000,2388.4325,13860.4278,61984.9285,-515440.2579,-437206.4691,-453455.32940000005
8246000,2367.2342,13783.7032,60984.6189,-513842.7972,-436707.2409,-452858.17829999997
8247000,2361.7001,13894.382,61915.4947,-515308.1175,-437136.5407,-453392.6228
8248000,2354.9172,13769.2641,62294.0102,-515761.2613,-437343.0698,-453467.2511
8249000,2326.2513,13735.9773,61881.3591,-515680.3677,-437736.78,-453799.0086
8250000,2348.1013,13837.7174,62366.1959,-516236.8178,-437684.8032,-453870.6219
8251000,2354.4714,13693.2411,61708.4906,-515205.4624,-437449.25930000003,-453496.9718
8252000,2370.8767,13937.8004,62234.0049,-515850.4266,-437307.7446,-453616.4217
8253000,2352.6581,13756.7261,61744.2455,-515272.2988,-437418.6691,-453528.05329999997
8254000,2333.6117,13777.3659,61943.7927,-515184.6916,-437129.92130000005,-453240.89890000003
8255000,2356.7827,13768.8652,61981.8938,-515784.5923,-437677.0506,-453802.6985
8256000,2377.8261,13786.5414,61631.7185,-515253.3179,-437457.2319,-453621.5994
8257000,2334.9905,13769.8491,61473.5596,-515102.4873,-437524.0881,-453628.9277
8258000,2348.5655,13802.9041,62328.4598,-515865.4179,-437385.4885,-453536.9581
8259000,2377.0765,13843.7927,61826.1921,-515669.3743,-437622.313,-453843.18220000004
8260000,2355.2489,13818.0308,62086.6668,-516051.8396,-437791.8931,-453965.1728
8261000,2350.2911,13770.3123,61561.7562,-515167.5805,-437485.22089999996,-453605.8243
8262000,2356.1688,13925.4203,62277.2084,-516040.0712,-437481.2737,-453762.8628
8263000,2358.9898,13838.2376,61790.1357,-515729.3651,-437742.002,-453939.2294
8264000,2361.7327,13792.0082,61593.6167,-515127.9652,-437380.6076,-453534.34849999996
8265000,2361.105,13803.9982,61420.2925,-515016.5768,-437431.1811,-453596.2843
8266000,2356.0508,13755.1403,61703.5965,-515667.5155,-437852.7279,-453963.919
8267000,2324.4754,13791.6718,61744.1835,-515150.4012,-437290.07050000003,-453406.21770000004
8268000,2360.1877,13866.1537,62903.7096,-516894.8692,-437764.8182,-453991.1596
8269000,2360.1394,13804.0252,61943.0233,-515857.2882,-437750.1003,-453914.2649
8270000,2346.7692,13739.6302,61484.9022,-515089.9626,-437518.661,-453605.0604
8271000,2376.49,13747.4872,61998.2872,-515202.6685,-437080.40410000004,-453204.3813
8272000,2350.1707,13867.7367,61963.4426,-516348.3224,-438166.97239999997,-454384.8798
8273000,2349.9007,13829.1891,62427.304,-516717.1889,-438110.7951,-454289.8849
8274000,2334.7455,13774.4573,62076.9698,-516450.27,-438264.0974,-454373.3002
8275000,2372.0578,13717.1536,62651.3043,-516658.0143,-437917.4986,-454006.70999999996
8276000,2361.3912,13828.4294,62042.8499,-515880.6801,-437648.0096,-453837.83019999997
8277000,2365.9245,13759.1423,61860.8185,-515437.7107,-437451.8254,-453576.8922
8278000,2372.827,13827.3615,61795.1915,-515356.2607,-437360.8807,-453561.06919999997
8279000,2370.6241,13856.6499,61686.107,-515086.1376,-437172.7566,-453400.0306
8280000,2342.2195,13739.7097,61876.421,-515653.3307,-437694.9805,-453776.90969999996
8281000,2371.5008,13789.6153,62117.5747,-516228.5492,-437949.8584,-454110.9745
8282000,2349.7373,13721.0442,61661.6458,-514877.614,-437145.1867,-453215.9682
8283000,2363.9876,13813.3553,62239.2985,-516215.2407,-437798.5993,-453975.94220000005
8284000,2315.0517,13788.507,61765.5697,-515602.2926,-437733.1642,-453836.7229
8285000,2359.3575,13819.4795,61679.4,-515729.0103,-437870.7733,-454049.6103
8286000,2367.6856,13781.3463,62137.066,-516146.2849,-437860.18700000003,-454009.21890000004
8287000,2358.298,13778.8381,61847.7921,-516076.2075,-438091.27930000005,-454228.4154
8288000,2391.9613,13792.1099,62264.6837,-516278.6597,-437829.9048,-454013.976
8289000,2354.2554,13762.4723,61845.5584,-515544.2154,-437581.92929999996,-453698.657
8290000,2357.347,13804.6309,61965.8186,-516430.5856,-438302.7891,-454464.767
8291000,2337.2182,13746.0204,61693.1578,-514952.1727,-437175.7763,-453259.0149
8292000,2345.02,13688.5855,61832.5795,-514662.2116,-436796.0266,-452829.6321
8293000,2348.7179,13711.8459,61584.3743,-515109.0185,-437464.0804,-453524.6442
8294000,2381.0289,13865.5672,61494.3525,-514977.9306,-437236.982,-453483.57810000004
8295000,2334.769,13733.6997,61973.9481,-516102.5864,-438060.16959999996,-454128.6383
8296000,2332.7679,13745.3659,61993.1828,-516405.9735,-438334.6569,-454412.7907
8297000,2348.4486,13870.7439,62342.1559,-515872.0077,-437310.6593,-453529.8518
8298000,2356.9958,13789.5152,62024.4041,-515880.2365,-437709.3214,-453855.8324
8299000,2391.3887,13767.6844,62303.5014,-515890.2562,-437427.6817,-453586.7548
8300000,2361.0334,13717.889,62011.4877,-516167.2552,-438076.84510000004,-454155.7675
8301000,2355.9627,13810.5404,62052.3941,-515914.6349,-437695.7377,-453862.2408
8302000,2362.2887,13825.0782,62994.3398,-516729.5063,-437547.7996,-453735.1665
8303000,2386.8654,13781.5801,62303.9876,-516592.7189,-438120.28579999995,-454288.7313
8304000,2375.5225,13914.884,61593.2754,-515890.4448,-438006.7629,-454297.1694
8305000,2362.2451,13839.5279,62360.3773,-516394.0681,-437831.9178,-454033.6908
8306000,2345.584,13815.306,61566.156,-516239.3904,-438512.34439999994,-454673.23439999996
8307000,2342.6582,13795.8748,61982.4762,-516234.2701,-438113.2609,-454251.79390000005
8308000,2380.3664,13882.4636,62060.7507,-516463.1142,-438139.5335,-454402.36350000004
8309000,2369.9635,13800.8775,62672.4053,-517395.4391,-438552.1928,-454723.03380000003
8310000,2357.3122,13787.9935,62579.1072,-517417.086,-438692.6731,-454837.97880000004
8311000,2363.1976,13832.9488,62295.4813,-516731.1229,-438239.4952,-454435.64160000003
8312000,2354.1853,13878.0612,62041.2068,-515786.291,-437512.83770000003,-453745.08420000004
8313000,2375.983,13785.774,61588.7172,-515607.1362,-437856.662,-454018.419
8314000,2328.4742,13739.4978,61795.2065,-516165.9879,-438302.8094,-454370.7814
8315000,2331.641,13782.4376,61821.0825,-515153.6716,-437218.5105,-453332.5891
8316000,2372.9536,13787.8562,62123.8029,-515694.7291,-437410.1164,-453570.9262
8317000,2350.5455,13835.0007,61612.0773,-515336.7024,-437539.0789,-453724.6251
8318000,2349.3661,13809.4242,62272.5411,-516586.8024,-438155.471,-454314.2613
8319000,2300.7084,13733.9153,61396.0996,-514527.5904,-437096.8671,-453131.49079999997
8320000,2375.1343,13799.9085,62017.1089,-515872.961,-437680.8093,-453855.8521
8321000,2369.5683,13806.7517,62614.3438,-516781.1821,-437990.5183,-454166.83829999994
8322000,2335.539,13693.4141,62033.8842,-515702.3931,-437639.5558,-453668.5089
8323000,2352.3489,13735.1202,62358.9507,-516896.0859,-438449.66610000003,-454537.1352
8324000,2350.5601,13780.2499,62452.011,-516329.932,-437747.111,-453877.921
8325000,2334.2387,13769.2173,61824.4107,-515424.1911,-437496.3244,-453599.7804
8326000,2332.7101,13767.5571,62270.8622,-515860.7909,-437489.66150000005,-453589.92870000005
8327000,2397.9205,13900.7124,62299.0493,-516460.6125,-437862.9303,-454161.5632
8328000,2334.523,13732.2186,61824.6821,-515479.9046,-437588.4809,-453655.22250000003
8329000,2331.659,13856.3545,61998.9202,-515392.1989,-437205.2652,-453393.2787
8330000,2349.2322,13895.5676,61524.3598,-515013.7865,-437244.6269,-453489.4267
8331000,2362.0473,13803.7353,61892.1025,-514859.5022,-436801.6171,-452967.3997
8332000,2327.9752,13742.9407,62240.6155,-515519.5466,-437208.0152,-453278.9311
8333000,2343.3791,13688.2426,62442.6641,-516452.0263,-437977.7405,-454009.36220000003
8334000,2338.9736,13867.2419,61699.1352,-515400.6851,-437495.3344,-453701.5499
8335000,2350.0277,13759.1005,61932.6845,-515358.4945,-437316.68179999996,-453425.80999999994
8336000,2357.4198,13838.7873,62390.4844,-516677.9631,-438091.2716,-454287.4787
8337000,2379.8995,13897.6014,62347.4313,-515757.9425,-437133.0103,-453410.5112
8338000,2351.9399,13844.9174,61771.4677,-515874.8285,-437906.5035,-454103.3608
8339000,2379.3389,13897.8957,61866.7297,-516177.7486,-438033.7843,-454311.01889999997
8340000,2349.781,13844.6975,61522.2034,-514604.7563,-436888.07440000004,-453082.5529
8341000,2346.8297,13828.1929,62132.5351,-515384.7706,-437077.2129,-453252.2355
8342000,2364.7811,13871.0838,61837.5316,-514895.1101,-436821.7136,-453057.5785
8343000,2347.9821,13856.1848,62160.4702,-515325.7292,-436961.0921,-453165.259
8344000,2356.1791,13888.0592,62848.1817,-516937.7317,-437845.3117,-454089.55
8345000,2357.9979,13817.643,62522.5354,-516564.7848,-437866.60850000003,-454042.24940000003
8346000,2359.642,13831.3168,61914.0008,-515425.7471,-437320.7875,-453511.7463
8347000,2326.9534,13770.0396,62135.5516,-515923.9127,-437691.36809999996,-453788.3611
8348000,2344.9193,13820.6373,61748.6688,-515373.7495,-437459.5241,-453625.0807
8349000,2326.7732,13737.8341,62604.5891,-516431.0753,-437761.8789,-453826.48620000004
8350000,2355.6112,13782.3434,62255.1545,-516542.4696,-438149.3605,-454287.3151
8351000,2359.2882,13878.7046,61317.5411,-515262.2324,-437706.69849999994,-453944.69129999995
8352000,2353.8589,13948.6415,62047.7233,-515676.2378,-437326.01410000003,-453628.5145
8353000,2348.5661,13808.099,62066.2644,-515765.9294,-437542.99990000005,-453699.66500000004
8354000,2345.83,13820.9129,61819.0255,-515548.4955,-437562.7271,-453729.47000000003
8355000,2365.3785,13832.2951,61937.4556,-515514.8945,-437379.76529999997,-453577.4389
8356000,2363.0714,14002.2563,61991.0189,-515338.4328,-436982.0862,-453347.4139
8357000,2345.0984,13754.8676,62270.0662,-516132.5576,-437762.5254,-453862.4914
8358000,2344.1195,13861.9772,61788.6041,-515733.8024,-437739.1016,-453945.1983
8359000,2354.0489,13833.6857,62446.8872,-516992.4186,-438357.7968,-454545.5314
8360000,2375.0048,13817.4812,62349.5122,-515703.6562,-437161.65800000005,-453354.14400000003
8361000,2358.2403,13895.598,62370.1787,-516543.1254,-437919.1084,-454172.94670000003
8362000,2337.1568,13767.2411,62137.391,-515823.7087,-437581.91980000003,-453686.3177
8363000,2361.0965,13779.4747,61636.2111,-515791.6829,-438014.9006,-454155.4718
8364000,2352.1994,13812.5285,61676.3416,-515682.0687,-437840.9992,-454005.7271
8365000,2339.1794,13857.2133,62137.6029,-516616.48,-438282.48439999996,-454478.8771
8366000,2323.8772,13878.7339,62134.1481,-516051.9754,-437715.2162,-453917.8273
8367000,2310.136,13759.2306,62045.6238,-515785.8471,-437670.8567,-453740.2233
8368000,2381.7686,13926.1486,61808.173,-516347.6951,-438231.60490000003,-454539.5221
8369000,2366.0561,13683.9516,63200.2045,-517738.6805,-438488.4683,-454538.476
8370000,2387.2246,13928.2468,62779.1465,-517634.1155,-438539.4976,-454854.96900000004
8371000,2371.2024,13804.6735,62294.7119,-516407.9824,-437937.3946,-454113.2705
8372000,2360.1719,13797.0032,62447.9208,-516569.5618,-437964.4659,-454121.641
8373000,2342.1044,13780.1934,62193.1073,-516283.576,-437968.1709,-454090.46869999997
8374000,2346.3562,13753.6034,62503.4276,-516575.6664,-437972.2792,-454072.2388
8375000,2355.8079,13854.4029,62039.4088,-516951.8652,-438702.2456,-454912.4564
8376000,2320.9449,13853.8809,62167.6362,-516266.594,-437924.132,-454098.9578
8377000,2345.6438,13871.1524,62095.0157,-515995.3613,-437683.5494,-453900.3456
8378000,2341.6465,13763.2345,62232.9907,-515825.6801,-437487.8084,-453592.6894
8379000,2379.7677,13753.1196,61973.4945,-515948.3125,-437841.9307,-453974.81799999997
8380000,2364.1633,13897.0655,61966.4568,-515284.1007,-437056.4151,-453317.6439
8381000,2362.8024,13830.6972,62169.0743,-516922.6052,-438560.0313,-454753.5309
8382000,2356.7238,13714.5356,62349.5476,-516109.8447,-437689.0377,-453760.2971
8383000,2360.7963,13763.4576,62778.9314,-517646.611,-438743.42569999996,-454867.6796
8384000,2373.4738,13890.2327,62329.5367,-515629.1586,-437035.91540000006,-453299.6219
8385000,2381.6835,13830.7889,62038.881,-515799.287,-437547.9336,-453760.406
8386000,2320.4771,13813.6354,61504.4203,-514828.3435,-437189.81070000003,-453323.9232
8387000,2366.6333,13790.4575,62350.5878,-516357.2968,-437849.6182,-454006.70900000003
8388000,2338.7832,13692.1622,62003.3292,-515734.406,-437700.1314,-453731.07680000004
8389000,2367.355,13813.1908,62581.6361,-516709.659,-437947.4771,-454128.0229
8390000,2357.3987,13764.8263,62266.4635,-516248.8877,-437860.19920000003,-453982.4242
8391000,2364.4341,13797.3344,61922.6332,-515368.2168,-437283.8151,-453445.5836
8392000,2345.5477,13745.2311,61986.6729,-515565.6273,-437488.17559999996,-453578.9544
8393000,2343.8352,13853.2366,62183.1482,-515669.8813,-437289.66130000004,-453486.7331
8394000,2352.2768,13826.4576,62336.1106,-516717.5829,-438202.73789999995,-454381.47229999996
8395000,2353.9853,13727.6829,62442.3773,-516022.1592,-437498.1137,-453579.7819
8396000,2347.6776,13824.2588,62156.849,-516629.0083,-438300.2229,-454472.1593
8397000,2334.0239,13866.4864,61687.2768,-515464.8595,-437577.0724,-453777.5827
8398000,2360.1586,13918.7484,62185.6732,-516107.4014,-437642.8212,-453921.72819999995
8399000,2376.3364,13769.1067,62365.5771,-516969.318,-438458.29780000006,-454603.74090000003
8400000,2336.7896,13799.8131,62828.9101,-516326.5958,-437361.083,-453497.68570000003
8401000,2359.3147,13918.0258,62256.3186,-516434.5062,-437900.8471,-454178.1876
8402000,2365.777,13805.5103,62098.9942,-515475.6348,-437205.3533,-453376.6406
8403000,2330.9443,13877.853,61788.5578,-515098.8332,-437101.4781,-453310.2754
8404000,2339.7745,13803.4873,61695.0214,-515158.5752,-437320.292,-453463.5538
8405000,2381.2062,13818.1123,62590.5999,-516763.6822,-437973.76379999996,-454173.0823
8406000,2382.3379,13828.4287,62311.6499,-516495.2735,-437972.857,-454183.6236
8407000,2351.4357,13819.7501,62283.2293,-515762.4027,-437307.9876,-453479.17339999997
8408000,2395.8962,13942.625,62164.343,-516072.654,-437569.78979999997,-453908.311
8409000,2363.3846,13840.6687,62141.5433,-516073.373,-437727.77640000003,-453931.8297
8410000,2352.9263,13894.2905,62345.5693,-516428.3072,-437835.5211,-454082.73789999995
8411000,2373.4643,13830.1761,61510.9941,-515694.9192,-437980.2847,-454183.9251
8412000,2365.2893,13906.8294,62405.4917,-516260.4047,-437582.7943,-453854.913
8413000,2344.1154,13909.447,61998.3707,-516000.9384,-437749.00529999996,-454002.5677
8414000,2335.3934,13794.3093,62055.6827,-515863.8971,-437678.51170000003,-453808.2144
8415000,2374.0305,13844.9833,61794.3197,-515458.553,-437445.2195,-453664.2333
8416000,2389.5273,13842.9179,61958.4902,-515740.5697,-437549.6343,-453782.0795
8417000,2335.7167,13852.2422,62227.991,-516147.2698,-437731.3199,-453919.27880000003
8418000,2365.4786,13792.937,62441.5908,-516167.5221,-437567.5157,-453725.9313
8419000,2352.4738,13817.9473,61916.7437,-515556.6017,-437469.4369,-453639.858
8420000,2358.6844,13842.1637,61971.2701,-515494.4711,-437322.35290000006,-453523.201
8421000,2320.4562,13727.7392,61553.6826,-514692.9877,-437091.10970000003,-453139.3051
8422000,2368.5593,13822.5154,62422.9767,-516113.6992,-437499.6478,-453690.7225
8423000,2374.6164,13913.4738,62182.0128,-516729.5935,-438259.4905,-454547.58070000005
8424000,2318.7837,13792.087,62224.1428,-516188.2008,-437853.1873,-453964.05799999996
8425000,2433.4337,13856.5146,62262.3872,-516778.9503,-438226.61480000004,-454516.5631
8426000,2350.9753,13761.977,61828.8231,-515961.2414,-438019.466,-454132.4183
8427000,2361.3235,13740.5137,61463.1908,-515142.1932,-437577.1652,-453679.0024
8428000,2372.6372,13842.9965,62052.5925,-515534.6905,-437266.4643,-453482.098
8429000,2344.9277,13854.1713,61729.9301,-515293.1215,-437364.0924,-453563.1914
8430000,2328.4807,13825.0486,62203.764,-516224.1102,-437866.8169,-454020.34619999997
8431000,2368.8631,13893.8843,61809.8466,-515509.8852,-437437.29120000004,-453700.0386
8432000,2375.5158,13830.0648,62264.4027,-516045.9416,-437575.95830000006,-453781.53890000004
8433000,2327.1066,13672.1621,61984.3097,-515143.5932,-437160.0148,-453159.2835
8434000,2322.361,13723.2542,61427.0484,-514837.1213,-437364.4577,-453410.0729
8435000,2308.7175,13771.5297,61814.6927,-515528.505,-437633.5651,-453713.8123
8436000,2384.936,13837.0717,62092.802,-516006.8741,-437692.06440000003,-453914.0721
8437000,2327.6083,13769.6945,61680.5741,-515266.6814,-437488.80449999997,-453586.10730000003
8438000,2323.2848,13767.6434,61824.1838,-515065.6365,-437150.52450000006,-453241.4527
8439000,2348.7927,13849.8334,61428.3429,-515127.6692,-437500.7002,-453699.3263
8440000,2352.142,13733.1598,62528.1475,-516593.7355,-437980.28620000003,-454065.588
8441000,2359.2707,13702.2646,61939.0648,-515114.3771,-437113.777,-453175.3123
8442000,2385.6508,13731.9569,62073.3247,-515863.7889,-437672.8565,-453790.4642
8443000,2340.2258,13815.4117,62017.7942,-515873.8887,-437700.457,-453856.0945
8444000,2355.3918,13868.7402,61763.5662,-515592.1979,-437604.49970000004,-453828.6317
8445000,2353.5129,13705.238,62320.1925,-516156.2002,-437777.25680000003,-453836.0077
8446000,2380.2411,13774.8637,61914.9318,-515822.3777,-437752.3411,-453907.4459
8447000,2342.134,13816.0854,62104.3714,-515861.2216,-437598.6308,-453756.8502
8448000,2329.2184,13754.7994,62231.9999,-515013.5427,-436697.525,-452781.5428
8449000,2353.0209,13773.4582,61622.228,-515076.7711,-437328.064,-453454.5431
8450000,2310.9415,13866.4443,62122.482,-516042.314,-437742.4462,-453919.832
8451000,2350.8444,13864.4978,61947.507,-515332.0172,-437169.168,-453384.5102
8452000,2332.3768,13825.2253,62162.2914,-516980.251,-438660.3575,-454817.9596
8453000,2370.6662,13844.5572,62440.6104,-516440.3484,-437784.5146,-453999.738
8454000,2347.8162,13776.3387,62030.2478,-515374.8262,-437220.42350000003,-453344.5784
8455000,2356.3467,13871.1341,62877.3024,-516726.7612,-437621.978,-453849.4588
8456000,2333.6697,13782.0627,61687.5449,-514953.9081,-437150.6308,-453266.3632
8457000,2356.5336,13739.8324,62199.5962,-516128.2568,-437832.29459999996,-453928.66059999994
8458000,2316.7266,13797.0494,62022.3302,-516017.5436,-437881.4374,-453995.2134
8459000,2357.2724,13679.4989,62264.3006,-516373.0391,-438071.96719999996,-454108.7385
8460000,2354.2717,13817.6627,62182.5064,-516103.3396,-437748.8988,-453920.8332
8461000,2383.2188,13808.0935,62445.4533,-517049.2336,-438412.468,-454603.7803
8462000,2365.5701,13823.7127,62180.1987,-516143.1898,-437773.7083,-453962.9911
8463000,2328.9734,13777.4327,62055.6581,-516224.6391,-438062.5749,-454168.98099999997
8464000,2314.2888,13773.3338,62323.3295,-515698.478,-437287.5259,-453375.1485
8465000,2339.2955,13725.8459,61963.6552,-515530.9248,-437502.1282,-453567.2696
8466000,2376.6592,13824.0044,61654.1738,-515768.592,-437913.7546,-454114.4182
8467000,2369.8485,13735.4699,61873.7369,-515582.6887,-437603.6334,-453708.9518
8468000,2337.1555,13833.899,62720.1534,-515788.1012,-436896.8933,-453067.94779999997
8469000,2359.293,13772.2421,62531.5686,-515961.5948,-437298.49110000004,-453430.0262
8470000,2377.4478,13785.8897,61766.9529,-515680.9632,-437750.6728,-453914.0103
8471000,2379.8133,13839.9107,61920.3316,-515253.4563,-437113.4007,-453333.12470000004
8472000,2338.5164,13746.8807,62244.5257,-515910.5784,-437580.6556,-453666.0527
8473000,2343.2329,13767.4128,62588.6867,-516720.3065,-438020.9741,-454131.6198
8474000,2368.232,13780.0086,62216.5697,-516386.9771,-438022.1668,-454170.4074
8475000,2354.3067,13817.8471,61999.409,-516091.5922,-437920.0294,-454092.1832
8476000,2347.6553,13769.2379,62551.6713,-516751.0351,-438082.4706,-454199.3638
8477000,2350.0043,13810.209,61973.1089,-516689.1068,-438555.7846,-454715.9979
8478000,2351.8644,13844.302,62028.3183,-516049.8343,-437825.34959999996,-454021.516
8479000,2369.8197,13751.3099,62209.8199,-516364.6388,-438033.6893,-454154.8189
8480000,2337.5325,13816.0244,61842.4039,-515282.0299,-437286.0691,-453439.62600000005
8481000,2357.222,13832.3137,62094.1773,-516246.91,-437963.197,-454152.7327
8482000,2310.9197,13841.7794,62263.4071,-516490.663,-438074.5568,-454227.2559
8483000,2355.6224,13856.1691,62289.5986,-516457.0005,-437955.6104,-454167.40190000006
8484000,2334.6943,13770.1295,62889.0536,-517277.9151,-438284.0377,-454388.8615
8485000,2333.8785,13653.746,62000.0878,-515989.9747,-438002.2624,-453989.88690000004
8486000,2375.4679,13803.7503,61857.8099,-515570.7356,-437533.7075,-453712.9257
8487000,2371.4573,13782.2975,61669.9337,-515203.1151,-437379.4266,-453533.1814
8488000,2337.009,13744.4847,61921.5758,-515745.0656,-437741.9961,-453823.4898
8489000,2363.7303,13846.8674,62108.1169,-516148.0037,-437829.2891,-454039.8868
8490000,2345.5721,13811.7698,62147.9449,-515879.6092,-437574.3224,-453731.6643
8491000,2379.1099,13842.2351,62310.4648,-516634.9716,-438103.1618,-454324.5068
8492000,2339.4018,13766.9334,62104.4873,-516051.3099,-437840.4874,-453946.8226
8493000,2357.3312,13831.0529,62174.1826,-515849.4304,-437486.8637,-453675.2478
8494000,2332.5996,13918.1586,61513.0689,-515132.583,-437368.7559,-453619.5141
8495000,2358.0535,13775.1019,62290.5544,-515756.4606,-437332.7508,-453465.90619999997
8496000,2371.2069,13780.3279,61890.7949,-514832.743,-436790.4133,-452941.94810000004
8497000,2351.766,13766.6012,61722.3512,-514756.6262,-436915.9078,-453034.275
8498000,2370.3301,13883.8068,62052.4028,-515910.9957,-437604.456,-453858.59290000005
8499000,2346.3892,13783.4309,62753.1348,-516384.2671,-437501.3122,-453631.1323
8500000,2370.8316,13722.0321,62262.4507,-516002.0833,-437646.7689,-453739.6326
8501000,2357.7097,13836.5486,62144.4099,-515552.6667,-437213.9985,-453408.2568
8502000,2347.9142,13780.3234,62390.6268,-515801.3084,-437282.444,-453410.6816
8503000,2363.7641,13778.7459,61814.6144,-515368.6022,-437411.4778,-453553.9878
8504000,2326.0215,13718.3406,62639.7587,-516494.8981,-437810.77729999996,-453855.1394
8505000,2331.6723,13773.1793,61697.8601,-515200.2074,-437397.4957,-453502.3473
8506000,2369.8018,13817.2954,61842.4514,-515779.2133,-437749.6647,-453936.7619
8507000,2326.6045,13712.7421,62066.2458,-515603.8922,-437498.29980000004,-453537.6464
8508000,2329.8153,13728.4856,62513.3133,-516607.0159,-438035.4017,-454093.7026
8509000,2344.4511,13745.4953,61977.2206,-515618.201,-437551.034,-453640.9804
8510000,2342.4439,13883.9513,62029.3263,-515592.5073,-437336.7858,-453563.181
8511000,2336.3256,13809.2865,62115.1353,-515399.695,-437138.9476,-453284.5597
8512000,2377.6088,13765.1161,62225.7533,-516248.4693,-437879.9911,-454022.716
8513000,2373.8387,13852.8212,62543.7043,-516093.6885,-437323.3243,-453549.9842
8514000,2350.2662,13777.4597,62428.8196,-516171.7682,-437615.2227,-453742.9486
8515000,2356.0347,13765.8895,61825.2693,-515191.997,-437244.8035,-453366.7277
8516000,2374.9488,13829.3522,61633.0049,-514937.7102,-437100.40429999994,-453304.7053
8517000,2367.8173,13785.9401,62193.9754,-515738.0464,-437390.3136,-453544.071
8518000,2370.64,13863.6775,62003.7933,-515376.9932,-437138.8824,-453373.1999
8519000,2394.3225,13867.3706,61802.9761,-515533.6035,-437468.9343,-453730.6274
8520000,2374.3274,13824.9427,62157.6585,-514937.6003,-436580.6717,-452779.9418
8521000,2359.3818,13745.5887,61851.8574,-514700.5214,-436743.69350000005,-452848.66400000005
8522000,2388.9167,13784.8943,61702.4309,-515688.7791,-437812.5372,-453986.3482
8523000,2327.6138,13931.0036,62171.5125,-515862.135,-437432.0051,-453690.6225
8524000,2385.9772,13787.7116,61670.3509,-515529.031,-437684.9913,-453858.6801
8525000,2307.835,13692.5409,62261.3483,-515779.2843,-437517.5601,-453517.936
8526000,2340.6774,13780.7097,62709.4652,-516850.938,-438020.08570000005,-454141.47280000005
8527000,2373.9717,13801.3536,62295.4931,-516759.6882,-438288.8698,-454464.19509999995
8528000,2383.6144,13806.1009,63057.9631,-516544.4721,-437296.79370000004,-453486.509
8529000,2334.2164,13800.6132,62143.0935,-515327.5055,-437049.5824,-453184.412
8530000,2334.5048,13756.7448,61804.4324,-515597.5548,-437701.8728,-453793.1224
8531000,2377.7792,13892.5321,62168.1243,-515979.3182,-437540.8826,-453811.19389999995
8532000,2356.3601,13761.1002,61863.1343,-515857.3642,-437876.7696,-453994.22990000003
8533000,2344.4271,13788.1856,62275.9531,-516335.7784,-437927.2126,-454059.8253
8534000,2339.1535,13809.5195,61857.7591,-515219.7642,-437213.3321,-453362.00509999995
8535000,2318.7373,13752.3927,62014.4,-514733.4254,-436647.89540000004,-452719.0254
8536000,2335.1827,13794.5093,61575.0239,-514733.7904,-437029.0745,-453158.7665
8537000,2358.8922,13752.8728,61849.4382,-516226.4318,-438265.22860000003,-454376.99360000005
8538000,2352.5911,13823.8816,61648.3385,-515142.5895,-437317.7783,-453494.251
8539000,2372.8684,13773.3939,62788.0379,-516851.8545,-437917.5543,-454063.8166
8540000,2372.8436,13744.2241,61936.6014,-515473.1954,-437419.5263,-453536.59400000004
8541000,2365.9733,13831.4314,62128.5206,-516001.6524,-437675.7271,-453873.13180000003
8542000,2344.6027,13774.5671,61798.8966,-515975.5884,-438057.522,-454176.69180000003
8543000,2351.8131,13847.9959,62362.8083,-515831.0399,-437268.4226,-453468.2316
8544000,2365.1167,13737.374,62262.392,-516370.8836,-438006.0009,-454108.4916
8545000,2355.0069,13797.8651,61694.6332,-515027.2009,-437179.6957,-453332.5677
8546000,2356.5582,13779.3106,62093.7017,-516247.8346,-438018.26410000003,-454154.1329
8547000,2343.9093,13753.8336,62447.7592,-516200.3084,-437654.8063,-453752.5492
8548000,2365.9602,13799.555,62745.8414,-516729.8324,-437818.4758,-453983.99100000004
8549000,2388.4905,13871.7162,62035.2865,-515848.0482,-437552.55500000005,-453812.76170000003
8550000,2323.6484,13791.8216,61868.1551,-515686.7475,-437703.1224,-453818.59239999996
8551000,2326.3386,13776.9277,61985.5366,-515634.7464,-437545.9435,-453649.2098
8552000,2350.1572,13809.4373,61588.6089,-514672.1571,-436923.9537,-453083.5482
8553000,2332.6163,13786.1644,61820.4754,-515643.6764,-437704.4203,-453823.201
8554000,2358.3612,13789.3036,61935.5188,-515610.1967,-437527.0131,-453674.67789999995
8555000,2339.9582,13767.5689,62667.1878,-516540.0146,-437765.2997,-453872.8268
8556000,2375.2304,13779.3443,61868.7918,-515138.4638,-437115.0973,-453269.672
8557000,2378.6371,13832.4303,62311.9044,-516087.0036,-437564.0318,-453775.0992
8558000,2376.751,13870.8111,62050.4512,-516197.6047,-437899.59140000003,-454147.1535
8559000,2387.428,13753.9655,62429.2403,-516185.3444,-437614.7106,-453756.1041
8560000,2343.3209,13807.7215,62257.4018,-516325.4516,-437917.0074,-454068.0498
8561000,2352.1809,13820.1109,62111.3309,-515565.1165,-437281.4938,-453453.7856
8562000,2349.8742,13818.1228,62005.6653,-515567.836,-437394.17370000004,-453562.1707
8563000,2369.5259,13791.1692,61573.5144,-515206.9996,-437472.7901,-453633.4852
8564000,2381.2158,13874.3563,62176.466,-516290.4577,-437858.4196,-454113.9917
8565000,2330.5118,13778.1234,61995.3371,-515937.5704,-437833.59810000006,-453942.2333
8566000,2354.951,13770.8025,62089.5967,-515992.9228,-437777.5726,-453903.3261
8567000,2355.051,13931.1302,62179.7283,-516444.7015,-437978.792,-454264.9732
8568000,2327.0951,13851.0289,62045.8245,-516557.6491,-438333.7006,-454511.8246
8569000,2372.5082,13906.9984,62796.5415,-516976.0738,-437900.0257,-454179.5323
8570000,2376.6827,13845.411,62004.1463,-515772.7563,-437546.5163,-453768.61
8571000,2375.1719,13904.0866,62463.403,-516302.5995,-437559.938,-453839.1965
8572000,2323.7591,13770.0767,62313.0678,-515754.1769,-437347.2733,-453441.1091
8573000,2405.4226,13912.7416,62187.6877,-516574.0017,-438068.1498,-454386.314
8574000,2319.0303,13813.0342,62534.3991,-516360.5092,-437694.04559999995,-453826.1101
8575000,2346.0877,13770.9776,61879.1191,-515619.7871,-437623.60270000005,-453740.668
8576000,2398.8705,13847.2274,61977.3843,-516192.1534,-437968.6712,-454214.76910000003
8577000,2356.7229,13767.7684,62136.527,-516371.9474,-438110.9291,-454235.4204
8578000,2365.9352,13805.2918,61661.0667,-516282.5707,-438450.277,-454621.50399999996
8579000,2351.2058,13847.8786,62383.477,-516435.1904,-437852.629,-454051.7134
8580000,2336.3312,13820.1173,61782.0755,-515498.307,-437559.78299999994,-453716.2315
8581000,2355.6823,13694.02,62494.6337,-516437.0647,-437892.7287,-453942.431
8582000,2372.9924,13854.5777,62179.0357,-515926.5433,-437519.9375,-453747.5076
8583000,2385.645,13891.9713,61949.4574,-516010.6382,-437783.5645,-454061.1808
8584000,2356.7891,13838.4474,62440.1393,-516397.5073,-437762.1315,-453957.368
8585000,2397.2918,13831.9825,62071.2743,-515962.3837,-437661.8351,-453891.1094
8586000,2376.7205,13813.6487,62457.7756,-516326.5337,-437678.3889,-453868.75810000004
8587000,2368.8028,13763.3403,62484.063,-516494.9262,-437878.7201,-454010.86319999996
8588000,2365.1885,13828.4694,62130.4621,-516198.5679,-437874.4479,-454068.1058
8589000,2339.1954,13772.0648,62908.7278,-517149.2024,-438129.2144,-454240.4746
8590000,2330.5623,13772.0996,62050.8031,-516012.0811,-437858.6161,-453961.278
8591000,2340.7227,13903.5968,62030.1293,-516179.7187,-437905.2699,-454149.58940000006
8592000,2388.4253,13857.4468,62111.9434,-515678.7606,-437320.9451,-453566.8172
8593000,2389.9308,13800.4329,61722.0517,-514775.486,-436863.0706,-453053.43429999996
8594000,2362.0526,13874.19,61895.1643,-515300.4446,-437169.0377,-453405.2803
8595000,2359.9878,13955.0325,61864.2533,-515685.1855,-437505.9119,-453820.93220000004
8596000,2355.1807,13859.8175,62093.7906,-515312.2098,-437003.42100000003,-453218.4192
8597000,2333.2839,13788.9393,61865.4888,-515125.8856,-437138.1736,-453260.3968
8598000,2333.19,13774.4403,61985.2523,-515851.8135,-437758.9309,-453866.5612
8599000,2339.1896,13798.3704,62001.9055,-515588.7553,-437449.2898,-453586.8498
8600000,2333.43,13937.6573,62188.9425,-515295.7521,-436835.72229999996,-453106.8096
8601000,2396.0597,13938.3272,61461.5501,-514453.245,-436657.30799999996,-452991.6949
8602000,2356.3767,13844.2529,61844.3818,-515074.1186,-437029.10719999997,-453229.73679999996
8603000,2356.5267,13885.1782,62405.8537,-516245.1214,-437597.5628,-453839.2677
8604000,2362.4236,13856.8903,62765.1717,-516899.45,-437914.9644,-454134.2783
8605000,2352.1656,13805.2893,62313.5239,-515853.4518,-437382.473,-453539.9279
8606000,2362.5911,13813.2516,61999.929,-515527.983,-437352.2113,-453528.054
8607000,2373.8334,13831.5758,61536.206,-515411.8095,-437670.1943,-453875.60349999997
8608000,2376.2689,13827.3684,62133.8881,-515889.055,-437551.5296,-453755.1669
8609000,2361.3526,13891.0723,61478.2037,-514823.681,-437093.0524,-453345.47729999997
8610000,2348.3609,13852.2223,61844.2516,-514990.8627,-436946.0279,-453146.6111
8611000,2364.3281,13850.416,62073.067,-515552.5937,-437264.78260000004,-453479.52670000005
8612000,2359.1082,13860.2252,62223.6923,-515791.7369,-437348.7112,-453568.0446
8613000,2361.7131,13880.1196,62357.9594,-516291.1164,-437691.3243,-453933.157
8614000,2377.4522,13869.8451,62282.7953,-516352.5406,-437822.448,-454069.7453
8615000,2341.7866,13795.205,62225.9684,-515779.6832,-437416.7232,-453553.7148
8616000,2361.2431,13779.807,62137.7588,-515374.7084,-437095.8995,-453236.9496
8617000,2344.9189,13887.9482,62020.1771,-516208.9538,-437955.9096,-454188.77670000005
8618000,2335.6602,13862.874,62154.2076,-516010.2303,-437657.4885,-453856.0227
8619000,2405.2366,13812.0263,62429.7201,-516031.1231,-437384.1401,-453601.40300000005
8620000,2364.1517,13907.3932,61854.0562,-515876.6045,-437751.00340000005,-454022.5483
8621000,2365.4546,13814.56,61793.8272,-515873.6861,-437899.8443,-454079.8589
8622000,2355.7789,13783.7619,62830.1668,-517212.9968,-438243.2892,-454382.83
8623000,2318.5672,13787.6621,62055.3657,-516174.6164,-438013.02139999997,-454119.2507
8624000,2349.3923,13856.781,62337.4621,-515839.8472,-437296.21180000005,-453502.3851
8625000,2390.9592,13920.0675,62191.5656,-516078.8196,-437576.22729999997,-453887.25399999996
8626000,2354.7741,13854.6296,61884.1596,-515741.6229,-437648.05960000004,-453857.4633
8627000,2339.3218,13758.0576,62375.3929,-516600.6812,-438127.9089,-454225.2883
8628000,2354.6822,13908.9815,61800.8083,-515264.2503,-437199.7783,-453463.44200000004
8629000,2344.8472,13842.4808,61601.1681,-515284.0724,-437495.5763,-453682.9043
8630000,2373.9501,13923.7286,62273.1556,-516495.3126,-437924.4783,-454222.157
8631000,2360.6292,13805.5775,62362.4865,-516626.8445,-438098.1513,-454264.358
8632000,2323.0112,13731.4277,62222.3414,-515801.7409,-437524.9606,-453579.3995
8633000,2314.6151,13790.4644,62469.2632,-515922.4683,-437348.1256,-453453.2051
8634000,2341.9404,13875.2111,63044.0173,-516663.3276,-437402.15880000003,-453619.3103
8635000,2369.5835,13848.2546,62877.2692,-516585.1244,-437490.01709999994,-453707.8552
8636000,2315.1289,13836.8569,62147.1561,-515736.1827,-437437.0408,-453589.0266
8637000,2344.4255,13724.1173,61884.4941,-515567.1464,-437614.1095,-453682.6523
8638000,2377.3637,13781.7005,62105.2154,-515701.2698,-437436.9902,-453596.0544
8639000,2343.665,13802.8664,62533.2685,-517012.4722,-438332.67230000003,-454479.2037
8640000,2387.1758,13907.0165,62373.6084,-516768.9215,-438101.12080000003,-454395.3131
8641000,2359.4567,13880.7801,62489.8688,-516814.9894,-438084.8838,-454325.1206
8642000,2322.1286,13860.6594,62353.2243,-517111.0404,-438575.0281,-454757.8161
8643000,2366.0963,13774.0123,62299.9526,-515927.0712,-437487.01,-453627.1186
8644000,2372.1533,13900.0521,61924.7122,-516402.9685,-438206.05090000003,-454478.2563
8645000,2358.8529,13837.3038,62209.3682,-516351.746,-437946.22109999997,-454142.3778
8646000,2365.5325,13831.055,61847.351,-514970.5627,-436926.6242,-453123.2117
8647000,2335.0354,13950.1591,61984.8489,-515862.0954,-437592.052,-453877.2465
8648000,2370.0677,13747.4534,62535.966,-516729.3435,-438075.85640000005,-454193.3775
8649000,2358.5507,13783.2069,62191.0408,-516095.4466,-437762.64820000005,-453904.4058
8650000,2358.9001,13779.5094,61927.6452,-515536.525,-437470.47030000004,-453608.8798
8651000,2363.0141,13691.0943,62079.9192,-516096.3515,-437962.32389999996,-454016.4323
8652000,2324.3989,13801.2964,62174.2105,-515929.9163,-437630.0105,-453755.7058
8653000,2370.1652,13723.7885,61764.5123,-515647.7221,-437789.2561,-453883.2098
8654000,2347.2133,13802.013,61940.0072,-516083.2916,-437994.0581,-454143.2844
8655000,2382.676,13827.0242,62421.3544,-517038.5195,-438407.4649,-454617.1651
8656000,2345.2952,13827.1398,62694.0504,-516803.1037,-437936.6183,-454109.05329999997
8657000,2349.126,13796.9506,62355.0277,-516186.899,-437685.79469999997,-453831.8713
8658000,2341.4967,13765.1408,61690.1312,-514834.6836,-437037.9149,-453144.5524
8659000,2359.735,13824.6372,62071.3273,-515715.1298,-437459.4303,-453643.8025
8660000,2374.6377,13874.6083,62064.4129,-516015.5085,-437701.84959999996,-453951.0956
8661000,2338.3589,13869.6616,61827.2168,-515814.7089,-437779.47160000005,-453987.49210000003
8662000,2339.3656,13789.1814,61245.9251,-514857.0359,-437482.5638,-453611.1108
8663000,2359.3799,13912.3081,61933.4989,-514964.9542,-436759.76729999995,-453031.4553
8664000,2338.431,13762.5987,61159.7016,-514526.957,-437266.2257,-453367.2554
8665000,2334.7263,13764.7158,61844.3984,-515848.4023,-437904.5618,-454004.0039
8666000,2364.2671,13858.8332,61985.1529,-516303.8415,-438095.58829999994,-454318.6886
8667000,2365.2272,13814.6025,61981.871,-515487.735,-437326.0343,-453505.864
8668000,2336.8788,13839.5959,61851.2593,-515405.5691,-437377.8351,-453554.30980000005
8669000,2326.0344,13733.27,62277.7085,-516334.1356,-437997.12269999995,-454056.4271
8670000,2335.9222,13802.0629,62422.8339,-516628.6458,-438067.8268,-454205.8119
8671000,2353.9987,13784.1921,61988.0383,-516133.9396,-438007.7105,-454145.90129999997
8672000,2338.7344,13753.536,62824.1639,-516362.0841,-437445.6498,-453537.9202
8673000,2358.8967,13822.6521,62544.986,-516598.8166,-437872.2818,-454053.83060000004
8674000,2332.8788,13747.6269,62032.3015,-515654.2049,-437541.39770000003,-453621.9034
8675000,2362.9497,13750.0501,62380.9841,-516463.0399,-437969.056,-454082.0558
8676000,2365.8769,13861.0998,62240.6673,-515981.5403,-437513.8963,-453740.873
8677000,2330.5695,13753.0614,62359.4113,-516176.5851,-437733.5429,-453817.17380000005
8678000,2411.0354,13816.6743,62203.7723,-516577.2242,-438145.7422,-454373.4519
8679000,2339.6903,13752.3792,62110.3364,-516022.4484,-437820.0425,-453912.11199999996
8680000,2324.5297,13741.0506,61816.3841,-515495.4345,-437613.4701,-453679.05039999995
8681000,2320.8204,13850.08,61514.8422,-514914.3821,-437228.6395,-453399.5399
8682000,2375.2664,13779.1652,62749.2844,-516843.4639,-437939.74789999996,-454094.17949999997
8683000,2307.4621,13826.8686,61847.9064,-515499.0755,-437516.8384,-453651.1691
8684000,2347.4963,13865.3523,62549.6729,-517029.9527,-438267.4312,-454480.2798
8685000,2312.0781,13743.0871,62201.3174,-516653.3916,-438396.909,-454452.0742
8686000,2347.0022,13822.0144,62345.5541,-516752.3711,-438237.8004,-454406.817
8687000,2331.4076,13769.7764,62287.4336,-516203.8966,-437815.279,-453916.463
8688000,2334.3619,13842.4001,62790.634,-516574.7776,-437607.38159999996,-453784.14359999995
8689000,2347.829,13796.4325,62060.4317,-515836.2511,-437631.5579,-453775.8194
8690000,2359.8005,13830.0948,62268.0849,-515915.0905,-437457.1103,-453647.0056
8691000,2348.2491,13802.309,61635.4797,-515628.0761,-437842.0383,-453992.5964
8692000,2377.5416,13826.266,61712.047,-516360.5956,-438444.74100000004,-454648.5486
8693000,2349.9914,13878.6442,62276.3573,-516605.895,-438100.9021,-454329.5377
8694000,2359.5801,13788.9245,62358.7682,-515972.4661,-437465.19330000004,-453613.6979
8695000,2367.5295,13841.1354,61746.4765,-515556.4571,-437601.31570000004,-453809.9806
8696000,2374.8735,13771.2399,62005.4814,-515612.9294,-437461.33460000006,-453607.44800000003
8697000,2365.8245,13786.4209,62040.7285,-515932.7044,-437739.7305,-453891.97589999996
8698000,2357.7485,13822.3221,62092.3475,-516295.401,-438022.9829,-454203.05350000004
8699000,2345.9987,13831.934,62303.8102,-515927.4376,-437445.6947,-453623.6274
8700000,2367.8569,13936.1145,61726.486,-515066.4021,-437035.9447,-453339.91610000003
8701000,2326.7027,13758.8091,61831.5189,-515015.631,-437098.6003,-453184.11209999997
8702000,2349.3056,13847.4604,61909.0844,-515489.1927,-437383.3423,-453580.1083
8703000,2348.7401,13844.5921,62448.7531,-516499.0967,-437857.01139999996,-454050.3436
8704000,2358.4091,13795.2524,61936.6523,-515400.6434,-437310.3296,-453463.9911
8705000,2356.7126,13751.4881,62337.3315,-516140.0707,-437694.53849999997,-453802.73919999995
8706000,2350.3032,13831.2447,61987.0746,-515142.9501,-436974.3276,-453155.8755
8707000,2342.7814,13888.4071,61770.5479,-515730.01,-437728.2736,-453959.4621
8708000,2356.9185,13789.3675,61910.4644,-515993.5592,-437936.8088,-454083.0948
8709000,2376.7376,13823.5151,62451.3141,-516269.0755,-437617.5087,-453817.76139999996
8710000,2357.8599,13790.9789,62575.28,-516711.1813,-437987.0625,-454135.9013
8711000,2378.732,13814.8467,62632.6245,-516893.2406,-438067.03740000003,-454260.61610000004
8712000,2367.7098,13896.5536,62066.8296,-515441.1437,-437110.0507,-453374.3141
8713000,2353.6323,13819.1516,61527.1337,-515550.1714,-437850.2538,-454023.0377
8714000,2336.1089,13807.2019,61790.0017,-515406.1004,-437472.7879,-453616.0987
8715000,2351.3165,13831.6875,62256.3398,-515911.2596,-437471.91579999996,-453654.9198
8716000,2354.3477,13850.1235,61859.5999,-515509.4859,-437445.4148,-453649.88600000006
8717000,2356.9697,13785.2132,62729.0723,-517402.4367,-438531.1815,-454673.3644
8718000,2363.1245,13863.7478,62262.6808,-516604.9775,-438115.42439999996,-454342.29669999995
8719000,2361.5437,13828.671,61757.3773,-515293.9012,-437346.3092,-453536.52390000003
8720000,2348.1834,13825.6204,62805.7915,-516688.0642,-437708.46890000004,-453882.27270000003
8721000,2382.1914,13863.1817,61938.7127,-515795.5138,-437611.428,-453856.80110000004
8722000,2336.367,13863.4022,62484.6313,-516412.4115,-437728.011,-453927.7802
8723000,2324.6821,13751.8575,61744.3393,-515434.7341,-437613.8552,-453690.3948
8724000,2373.0573,13870.4136,62094.0987,-515924.2055,-437586.6359,-453830.10679999995
8725000,2352.2915,13855.7804,62207.6732,-516110.5711,-437694.826,-453902.8979
8726000,2347.3053,13781.4391,62213.5822,-516252.9768,-437910.65020000003,-454039.3946
8727000,2369.8832,13790.0756,62169.2955,-516578.077,-438248.8227,-454408.7815
8728000,2334.7819,13702.6236,62186.3251,-516220.1908,-437996.4602,-454033.86569999997
8729000,2347.7028,13683.5864,62380.1818,-516538.3199,-438126.8489,-454158.1381
8730000,2395.7248,13776.8199,62510.2612,-516224.5299,-437541.72400000005,-453714.2687
8731000,2385.7748,13781.1302,61750.4031,-515226.5501,-437309.24199999997,-453476.147
8732000,2346.5814,13752.6911,61780.0256,-514878.3885,-436999.0904,-453098.3629
8733000,2374.3625,13822.512,61998.4467,-514966.2669,-436770.9457,-452967.82019999996
8734000,2342.6723,13791.5619,61753.2479,-515425.1271,-437537.64499999996,-453671.87919999997
8735000,2349.1401,13894.7165,61602.7583,-515139.3364,-437292.7215,-453536.5781
8736000,2379.2765,13813.1907,62292.4969,-515817.938,-437332.97390000004,-453525.44110000005
8737000,2349.2412,13874.4355,61720.717,-515455.2551,-437510.8614,-453734.5381
8738000,2358.2713,13830.9815,62077.9911,-516161.5738,-437894.3299,-454083.5827
8739000,2383.361,13988.0182,61441.7479,-515448.7084,-437635.5813,-454006.9605
8740000,2373.2975,13883.1561,61956.4979,-516060.0715,-437847.12,-454103.5736
8741000,2332.8116,13812.5097,62044.3582,-515864.8448,-437675.1653,-453820.4866
8742000,2366.8413,13782.0893,61858.0746,-515137.6292,-437130.624,-453279.55460000003
8743000,2344.4739,13804.8689,61604.2679,-515157.0627,-437403.45200000005,-453552.79480000003
8744000,2352.7222,13866.4951,61873.312,-515748.647,-437656.1177,-453875.335
8745000,2335.3302,13751.8325,61731.1475,-515300.2944,-437481.9842,-453569.1469
8746000,2318.7426,13760.2287,62370.9224,-516086.0947,-437636.201,-453715.17230000003
8747000,2365.2105,13847.8976,62258.0411,-516107.0109,-437635.8617,-453848.96979999996
8748000,2320.5329,13767.6655,61305.3874,-514774.1539,-437380.5681,-453468.76649999997
8749000,2372.2667,13775.9803,62100.7273,-515521.1516,-437272.1773,-453420.42429999996
8750000,2351.169,13878.529,62128.4426,-516149.2226,-437791.082,-454020.77999999997
8751000,2347.3911,13897.4012,62230.1716,-516172.976,-437698.01210000005,-453942.8044
8752000,2350.0223,13741.0226,62225.6129,-515953.15,-437636.49220000004,-453727.5371
8753000,2379.1001,13907.6557,62005.4286,-516285.7637,-437993.5793,-454280.3351
8754000,2392.3002,13807.3411,61976.9888,-516082.916,-437906.2859,-454105.92720000003
8755000,2355.8463,13771.2479,62444.9063,-516398.965,-437826.9645,-453954.05870000005
8756000,2397.9525,13801.4523,62187.9691,-516322.2503,-437934.8764,-454134.2812
8757000,2354.7641,13877.3563,62384.809,-516496.0888,-437879.1594,-454111.2798
8758000,2320.7623,13883.44,62245.999,-516793.4318,-438343.2305,-454547.4328
8759000,2377.2651,13769.6352,62179.0365,-515996.558,-437670.62120000005,-453817.52150000003
8760000,2387.4372,13784.6,61951.4567,-515767.6318,-437644.1379,-453816.1751
8761000,2356.2747,13851.4232,61822.1222,-515846.765,-437816.9449,-454024.64280000003
8762000,2336.8109,13744.6168,61913.6411,-515449.4855,-437454.4167,-453535.8444
8763000,2340.7804,13823.5361,61852.2344,-515472.1106,-437455.5597,-453619.8762
8764000,2367.4833,13884.1537,61205.0728,-514767.3595,-437310.6497,-453562.2867
8765000,2344.5232,13786.7994,61845.9217,-515053.8513,-437076.60699999996,-453207.9296
8766000,2390.3225,13786.7459,61784.6238,-515213.4986,-437251.8064,-453428.8748
8767000,2341.7386,13800.9961,62121.8395,-515807.6884,-437543.11419999995,-453685.8489
8768000,2360.9646,13784.9272,62413.5609,-515852.661,-437293.20830000006,-453439.10010000004
8769000,2368.0407,13773.8251,62044.8616,-515436.2788,-437249.5514,-453391.41719999997
8770000,2345.9215,13753.5366,61914.1959,-515770.7765,-437757.1225,-453856.5806
8771000,2352.6034,13769.0499,61950.5021,-514960.9541,-436888.7987,-453010.452
8772000,2359.1597,13791.3758,62324.702,-515926.8827,-437451.6452,-453602.1807
8773000,2349.2102,13751.9352,62312.6333,-516110.5751,-437696.7964,-453797.94180000003
8774000,2358.4604,13810.2268,62179.6539,-515532.1016,-437183.7605,-453352.4477
8775000,2364.9211,13900.2121,61746.1977,-515129.3455,-437118.0146,-453383.1478
8776000,2347.0773,13841.7033,62084.7641,-515102.0706,-436828.5259,-453017.30649999995
8777000,2368.5312,13729.2576,61909.3347,-514809.5246,-436802.4011,-452900.1899
8778000,2345.5013,13802.3352,61584.4263,-514857.7784,-437125.51560000004,-453273.3521
8779000,2332.5781,13783.601,62225.8289,-515713.6159,-437371.60789999994,-453487.78699999995
8780000,2340.9596,13835.2624,61685.8795,-515606.1491,-437744.0476,-453920.2696
8781000,2347.4587,13896.5019,61630.7912,-515496.1263,-437621.37450000003,-453865.3351
8782000,2346.3601,13819.2151,62311.7281,-516197.7644,-437720.46109999996,-453886.0363
8783000,2340.784,13889.6381,62093.9009,-516450.0598,-438125.73679999996,-454356.1589
8784000,2344.8611,13847.8647,62222.8497,-516509.8381,-438094.2626,-454286.9884
8785000,2395.2192,13777.826,62128.2692,-515765.4492,-437464.1348,-453637.18
8786000,2359.6322,13833.9582,62362.5436,-516933.9026,-438377.76859999995,-454571.359
8787000,2340.7637,13827.7676,62413.3767,-516409.2926,-437827.3846,-453995.91589999996
8788000,2368.5193,13821.8206,62696.5205,-516890.1619,-438003.3015,-454193.6414
8789000,2356.072,13800.8491,62172.0368,-516038.1439,-437709.186,-453866.1071
8790000,2324.0778,13811.0071,62188.5275,-515343.6244,-437020.012,-453155.0969
8791000,2402.2061,13841.3532,62456.8731,-516582.6457,-437882.2133,-454125.7726
8792000,2344.6909,13953.1567,61889.6546,-515675.0783,-437487.5761,-453785.4237
8793000,2356.283,13882.781,61536.3327,-515148.2734,-437372.8767,-453611.94070000004
8794000,2357.0664,13808.2497,62553.8684,-516633.3195,-437914.135,-454079.4511
8795000,2368.1316,13848.1737,62061.2289,-515588.6296,-437311.0954,-453527.4007
8796000,2354.2219,13704.2748,62082.9193,-515956.2943,-437814.8783,-453873.375
8797000,2329.2183,13811.4335,61866.6117,-515549.0538,-437541.7903,-453682.4421
8798000,2350.5593,13734.9878,61827.4982,-515600.6308,-437687.5855,-453773.1326
8799000,2393.3133,13896.0142,61845.8302,-515830.4526,-437695.29490000004,-453984.6224
8800000,2337.8707,13795.7492,61727.4967,-515967.5621,-438106.4455,-454240.06539999996
8801000,2355.2003,13893.2933,62223.8683,-516570.6168,-438098.2549,-454346.7485
8802000,2351.3756,13828.5114,62267.7543,-516707.5461,-438259.90479999996,-454439.7918
8803000,2328.4276,13742.833,62757.7436,-516961.8317,-438132.8275,-454204.0881
8804000,2334.6765,13804.6145,61947.874,-516171.0514,-438083.88639999996,-454223.1774
8805000,2331.8878,13790.8108,62600.1191,-516446.1092,-437723.2915,-453845.9901
8806000,2340.9742,13764.5442,62133.425,-516266.8753,-438027.9319,-454133.4503
8807000,2359.7199,13868.027,61915.6783,-515932.4028,-437788.9776,-454016.7245
8808000,2346.8283,13774.4432,62427.9009,-516266.5105,-437717.3381,-453838.60959999997
8809000,2363.8888,13807.3905,61965.4178,-516021.2458,-437884.5487,-454055.828
8810000,2352.8334,13751.5493,61918.6832,-515446.6373,-437423.5714,-453527.9541
8811000,2354.9553,13855.3075,61871.2196,-516337.5414,-438256.059,-454466.3218
8812000,2325.0894,13821.3539,62052.543,-516439.475,-438240.4887,-454386.932
8813000,2365.9412,13817.8325,61556.2528,-515581.9321,-437841.90559999994,-454025.67929999996
8814000,2336.7492,13706.7525,61967.987,-515350.4075,-437338.9188,-453382.42049999995
8815000,2356.3665,13775.6871,62329.2875,-516163.9402,-437702.5991,-453834.65270000004
8816000,2364.3709,13703.7681,61912.6735,-515436.7354,-437455.9229,-453524.06190000003
8817000,2367.1607,13718.5351,62204.6635,-515330.6946,-437040.3353,-453126.03109999996
8818000,2354.0642,13747.683,62797.8592,-516731.9747,-437832.36830000003,-453934.1155
8819000,2345.8199,13860.7231,61457.0519,-515092.543,-437428.94810000004,-453635.4911
8820000,2305.9576,13816.5318,62446.8312,-516685.6403,-438116.3197,-454238.8091
8821000,2349.9851,13798.6198,61944.1366,-516295.1433,-438202.4018,-454351.0067
8822000,2369.6625,13812.5813,61580.1086,-514879.9619,-437117.6095,-453299.8533
8823000,2319.9895,13820.7569,62441.108,-516375.2189,-437793.36449999997,-453934.11089999997
8824000,2366.1419,13781.5151,62077.8072,-515839.5526,-437614.0884,-453761.7454
8825000,2349.2826,13772.0614,62957.4303,-517478.4038,-438399.6295,-454520.97349999996
8826000,2370.5339,13778.0725,61562.3053,-515304.9724,-437594.06070000003,-453742.6671
8827000,2365.036,13813.915,61915.2525,-515115.7325,-437021.529,-453200.48
8828000,2361.0868,13806.4974,62402.0558,-515926.9599,-437357.3199,-453524.90410000004
8829000,2329.5257,13803.4839,61664.2755,-515016.7306,-437219.44550000003,-453352.4551
8830000,2342.1539,13788.0223,62012.2963,-515386.2232,-437243.7507,-453373.9269
8831000,2335.2232,13854.1801,62600.2207,-516498.019,-437708.39499999996,-453897.79829999997
8832000,2345.263,13784.1313,62319.2494,-515946.324,-437497.6803,-453627.07460000005
8833000,2334.7189,13829.4111,61734.8509,-515425.3995,-437526.4186,-453690.5486
8834000,2381.975,13900.4629,61912.3418,-516361.1901,-438166.4104,-454448.8483
8835000,2376.2901,13804.9679,62091.9533,-516248.9138,-437975.7025,-454156.9605
8836000,2339.732,13718.1041,61803.0669,-515178.5823,-437317.6793,-453375.51540000003
8837000,2316.9719,13701.588,62028.9385,-516083.7437,-438036.2453,-454054.8052
8838000,2330.2276,13833.8881,62376.1397,-516408.4229,-437868.1675,-454032.2832
8839000,2348.0654,13788.2675,61442.2141,-515022.8673,-437444.3203,-453580.6532
8840000,2350.6009,13766.5219,61824.7974,-515490.1666,-437548.2464,-453665.3692
8841000,2316.0181,13826.4044,62337.4983,-516378.9752,-437899.0544,-454041.4769
8842000,2342.0633,13876.3142,62029.0157,-516137.0584,-437889.6652,-454108.0427
8843000,2359.7068,13782.4871,61803.5106,-515619.3986,-437673.6941,-453815.88800000004
8844000,2362.9763,13742.425,61972.364,-515765.6796,-437687.91429999995,-453793.3156
8845000,2351.1643,13894.9485,61831.1293,-515607.3759,-437530.13379999995,-453776.24659999995
8846000,2372.5584,13859.0269,62423.2,-516128.2933,-437473.50800000003,-453705.0933
8847000,2355.2589,13858.8914,61510.5683,-515420.2289,-437695.51029999997,-453909.6606
8848000,2330.6185,13759.8706,61606.8745,-514903.4025,-437206.03890000004,-453296.52800000005
8849000,2359.0536,13837.5753,62027.6279,-515368.4213,-437144.16449999996,-453340.79339999997
8850000,2345.1962,13815.7913,62221.1865,-516345.9137,-437963.7397,-454124.72719999996
8851000,2339.8862,13809.4823,62398.2871,-516317.9987,-437770.3431,-453919.7116
8852000,2340.9211,13768.9129,61714.2328,-515436.4757,-437612.40890000004,-453722.2429
8853000,2327.9364,13753.3081,62483.2663,-516944.7107,-438380.1999,-454461.4444
8854000,2383.8139,13718.4587,61919.8587,-515902.8936,-437880.7623,-453983.0349
8855000,2333.5972,13785.1653,61938.8258,-515381.0157,-437323.4274,-453442.1899
8856000,2352.3818,13796.9196,62180.9022,-515794.5595,-437464.35589999997,-453613.65729999996
8857000,2348.044,13737.7846,62043.6297,-515682.4389,-437552.9806,-453638.8092
8858000,2335.0859,13859.1059,61952.2638,-515728.4154,-437581.9598,-453776.1516
8859000,2385.8607,13812.4892,62651.1828,-516509.5774,-437660.04469999997,-453858.3946
8860000,2414.0569,13826.6791,62224.7974,-516208.8593,-437743.3259,-453984.06190000003
8861000,2376.8301,13730.6062,61986.8688,-515472.8644,-437378.5593,-453485.9956
8862000,2363.9774,13866.6167,62272.9252,-516112.072,-437608.5527,-453839.1468
8863000,2362.6495,13789.6764,62335.4835,-516245.1312,-437757.32180000003,-453909.6477
8864000,2354.3996,13780.6618,62091.4189,-515806.2185,-437579.7382,-453714.7996
8865000,2348.0471,13838.4957,62434.599,-516755.3095,-438134.1677,-454320.7105
8866000,2369.5379,13889.1989,62429.9817,-516371.5865,-437682.868,-453941.6048
8867000,2378.4739,13790.6835,62631.005,-516630.36,-437830.19759999996,-453999.355
8868000,2353.1814,13769.101,62055.5787,-515234.7868,-437056.9257,-453179.2081
8869000,2351.809,13757.1888,62087.5409,-515547.6058,-437351.0671,-453460.0649
8870000,2365.9559,13795.4592,62100.163,-515706.2478,-437444.6697,-453606.0848
8871000,2346.6116,13817.7565,62072.1318,-516193.5381,-437957.0382,-454121.40630000003
8872000,2334.1026,13798.5301,62164.0442,-515515.4801,-437218.80319999997,-453351.4359
8873000,2345.6397,13658.2021,61978.5703,-515105.6045,-437123.1924,-453127.0342
8874000,2346.7866,13791.5119,62604.4756,-516142.629,-437399.85490000003,-453538.1534
8875000,2359.3549,13764.5371,61977.2833,-515831.2947,-437730.1194,-453854.0114
8876000,2329.7405,13799.0458,62390.278,-516386.5094,-437867.4451,-453996.2314
8877000,2346.1702,13765.0357,62235.936,-516454.3165,-438107.1746,-454218.3805
8878000,2369.0745,13858.8591,62230.5436,-516497.6722,-438039.19499999995,-454267.1286
8879000,2340.2755,13810.2894,61557.831,-515774.9004,-438066.5045,-454217.0694
8880000,2394.0984,13806.7629,61892.614,-515727.8752,-437634.3999,-453835.2612
8881000,2370.2037,13840.0518,61773.1525,-515382.3996,-437398.9916,-453609.24710000004
8882000,2352.247,13727.7731,62469.7979,-516497.2875,-437947.4695,-454027.4896
8883000,2335.6436,13775.9562,61874.3151,-515857.1288,-437871.2139,-453982.8137
8884000,2351.2359,13683.7802,61585.0092,-515193.828,-437573.8027,-453608.8188
8885000,2353.4858,13798.2052,62628.695,-516095.8092,-437315.4232,-453467.1142
8886000,2377.2565,13724.2737,62181.4411,-515525.6239,-437242.65260000003,-453344.1828
8887000,2360.5728,13737.226,61620.4308,-515011.322,-437293.09239999996,-453390.89119999995
8888000,2354.0551,13682.301,61934.7436,-515432.5647,-437461.46499999997,-453497.8211
8889000,2357.9325,13782.0133,62174.1586,-516254.764,-437940.6596,-454080.6054
8890000,2349.6418,13751.9603,62356.4912,-516340.1887,-437882.0954,-453983.6975
8891000,2383.4172,13794.1464,62183.4355,-515728.0738,-437367.0747,-453544.6383
8892000,2340.1254,13814.1414,61323.4917,-514686.6209,-437208.8624,-453363.12919999997
8893000,2330.4534,13802.3636,62138.7204,-516162.7887,-437891.2513,-454024.0683
8894000,2328.4042,13800.9685,62183.0734,-516290.8117,-437978.3656,-454107.7383
8895000,2324.3886,13686.112,62025.5179,-515764.2029,-437728.18439999997,-453738.685
8896000,2379.2178,13858.2209,61959.6002,-515629.4622,-437432.4233,-453669.862
8897000,2352.6727,13744.255,61940.1633,-515881.9731,-437844.8821,-453941.8098
8898000,2331.2264,13799.8008,62424.7737,-516443.0222,-437887.2213,-454018.2485
8899000,2390.8416,13765.8042,62335.8529,-516529.5902,-438037.0915,-454193.7373
8900000,2349.6802,13814.8719,62283.9925,-516117.3422,-437668.79760000005,-453833.3497
8901000,2365.6545,13838.565,61677.0969,-515871.8893,-437990.57289999997,-454194.7924
8902000,2357.8497,13878.9907,61534.0296,-514732.4204,-436961.5504,-453198.3908
8903000,2338.5714,13683.5735,61974.9584,-515078.7997,-437081.69639999996,-453103.8413
8904000,2368.6492,13735.3891,62165.3735,-515840.9766,-437571.5648,-453675.6031
8905000,2335.8135,13770.9504,61627.7941,-515126.9379,-437392.3799,-453499.1438
8906000,2326.1904,13750.2148,62282.2466,-516279.1029,-437920.4511,-453996.8563
8907000,2366.3896,13889.7111,62190.3249,-515627.6991,-437181.2735,-453437.3742
8908000,2366.1532,13810.6033,62456.58,-516170.1481,-437536.8116,-453713.5681
8909000,2362.7416,13750.6056,62205.9256,-516907.3025,-438588.02969999996,-454701.3769
8910000,2364.1742,13803.8939,62146.0286,-515702.6316,-437388.5349,-453556.603
8911000,2366.7177,13818.3578,61982.6319,-515971.5848,-437803.8774,-453988.95290000003
8912000,2342.1589,13730.4757,62258.1861,-515381.1957,-437050.375,-453123.0096
8913000,2347.5159,13837.2655,61946.0857,-515992.9435,-437862.0764,-454046.8578
8914000,2338.0252,13839.7097,62324.8132,-516547.8815,-438045.3334,-454223.06830000004
8915000,2340.1885,13759.432,62135.5164,-515708.66,-437473.5231,-453573.14359999995
8916000,2308.5049,13826.0538,62305.4104,-515841.9731,-437402.004,-453536.5627
8917000,2332.2958,13743.2259,61854.5177,-515647.6173,-437717.5779,-453793.09959999996
8918000,2322.4276,13858.0315,62073.024,-515844.52,-437591.0369,-453771.49600000004
8919000,2360.7552,13842.9854,62173.4346,-516230.4919,-437853.3167,-454057.05730000004
8920000,2324.7168,13693.7311,61583.7283,-515324.0609,-437721.8847,-453740.33259999997
8921000,2361.679,13803.7305,61766.5206,-515981.262,-438049.3319,-454214.7414
8922000,2339.2635,13773.9893,61909.9926,-515490.4702,-437467.22479999997,-453580.4776
8923000,2333.122,13744.4902,62062.2535,-516265.5887,-438125.723,-454203.33520000003
8924000,2352.9684,13791.3064,62281.8445,-516249.9542,-437823.8349,-453968.1097
8925000,2388.4174,13790.0185,61691.1103,-515512.5602,-437643.014,-453821.4499
8926000,2300.3172,13753.8504,61658.6506,-515530.8558,-437818.03760000004,-453872.2052
8927000,2340.759,13704.0107,61947.8867,-515493.2333,-437500.5769,-453545.34660000005
8928000,2347.4883,13775.6723,62720.6403,-517182.1368,-438338.33589999995,-454461.4965
8929000,2365.7241,13828.2523,61883.1626,-515778.3698,-437701.2308,-453895.2072
8930000,2380.3101,13777.6885,62336.44,-515983.328,-437488.8894,-453646.888
8931000,2389.1119,13850.5863,62095.3045,-515801.3751,-437466.3724,-453706.0706
8932000,2320.4784,13815.0278,61745.7698,-515915.9008,-438034.6248,-454170.131
8933000,2346.5769,13762.3238,62127.6424,-515624.8796,-437388.3365,-453497.2372
8934000,2375.4394,13834.5049,62153.0753,-515615.7337,-437252.7141,-453462.65839999996
8935000,2338.1043,13766.7127,61896.3184,-515249.8186,-437248.68319999997,-453353.5002
8936000,2376.3907,13792.6758,62110.0457,-515893.9039,-437614.79169999994,-453783.85819999996
8937000,2355.3744,13828.4496,61618.4017,-514905.4745,-437103.2488,-453287.0728
8938000,2339.9111,13850.9566,62636.1488,-516438.8292,-437611.8127,-453802.68039999995
8939000,2376.02,13788.0164,62174.7493,-516349.7245,-438010.9388,-454174.9752
8940000,2360.97,13781.5994,62057.3071,-515820.5293,-437620.6528,-453763.2222
8941000,2352.7605,13686.43,62655.2649,-516594.7057,-437900.25029999996,-453939.4408
8942000,2356.1216,13808.9775,62494.931,-516726.4433,-438066.41319999995,-454231.5123
8943000,2365.9645,13827.8684,62813.7537,-516676.9781,-437669.3915,-453863.2244
8944000,2286.266,13676.3569,62044.1098,-515972.0871,-437965.3544,-453927.9773
8945000,2346.5309,13839.6286,62187.2256,-516792.6701,-438419.285,-454605.4445
8946000,2379.2366,13667.9359,61767.6911,-516066.7257,-438251.8621,-454299.0346
8947000,2355.5232,13836.2622,62136.9817,-515908.5417,-437579.7746,-453771.56
8948000,2337.2594,13768.2244,62288.5233,-516314.3624,-437920.3553,-454025.8391
8949000,2376.5378,13777.6707,62128.7079,-515967.1394,-437684.223,-453838.4315
8950000,2323.2023,13712.761,62245.7213,-515803.9925,-437522.3079,-453558.2712
8951000,2334.1425,13763.9286,62344.0204,-516715.1549,-438273.06340000004,-454371.13450000004
8952000,2373.0322,13737.7582,62153.4334,-516027.9527,-437763.7289,-453874.51930000004
8953000,2323.1967,13768.4612,62335.4627,-516470.8421,-438043.7215,-454135.37940000003
8954000,2338.2785,13717.4408,62474.2161,-515937.9531,-437408.01769999997,-453463.73699999996
8955000,2322.2381,13719.3456,62276.4864,-515842.9625,-437524.8924,-453566.4761
8956000,2350.5343,13713.313,62117.9795,-515389.1478,-437207.321,-453271.16829999996
8957000,2335.3083,13805.9823,62105.5092,-516345.2048,-438098.405,-454239.6956
8958000,2385.601,13812.639,62356.4079,-516908.2295,-438353.58160000003,-454551.8216
8959000,2371.0272,13817.4238,62034.8932,-516006.0341,-437782.6899,-453971.1409
8960000,2345.1236,13827.1801,62327.3154,-516226.951,-437727.3319,-453899.6356
8961000,2354.0658,13755.8024,62400.5571,-516270.9462,-437760.5209,-453870.38910000003
8962000,2346.3601,13825.8886,62101.6666,-516158.7334,-437884.81810000003,-454057.06680000003
8963000,2361.9872,13799.3079,61786.9778,-515485.4464,-437537.17350000003,-453698.4686
8964000,2347.4812,13791.05,62365.1033,-516013.2867,-437509.6522,-453648.1834
8965000,2361.8421,13907.694,62272.893,-516021.0811,-437478.652,-453748.1881
8966000,2353.1525,13823.2246,61313.7056,-514621.9968,-437131.91410000005,-453308.29120000004
8967000,2373.6786,13865.0841,61816.773,-515053.8249,-436998.2892,-453237.0519
8968000,2363.6638,13821.1242,62027.4893,-516084.8095,-437872.53219999996,-454057.32019999996
8969000,2388.8763,13842.2906,62377.4437,-516628.5866,-438019.97599999997,-454251.1429
8970000,2356.8303,13759.9798,61454.5014,-515896.3884,-438325.0769,-454441.887
8971000,2336.1776,13740.4012,62331.7291,-515846.0667,-437437.7588,-453514.3376
8972000,2328.5595,13858.5096,62191.1965,-516109.5191,-437731.2535,-453918.32259999996
8973000,2361.8095,13733.2082,61867.4907,-515608.6583,-437646.1499,-453741.1676
8974000,2340.6796,13894.3576,62616.93,-517007.1301,-438155.1629,-454390.2001
8975000,2350.3535,13762.5352,62526.8238,-516726.6029,-438086.89040000003,-454199.7791
8976000,2320.4896,13776.0793,61773.4238,-515491.332,-437621.3393,-453717.9082
8977000,2360.8775,13905.4967,62369.575,-516560.469,-437924.5198,-454190.894
8978000,2346.7025,13801.0694,61989.132,-515886.0011,-437749.09719999996,-453896.8691
8979000,2326.7158,13773.8264,62235.7292,-516232.8421,-437896.57070000004,-453997.1129
8980000,2350.9967,13732.6042,62173.8479,-515879.8656,-437622.4168,-453706.0177
8981000,2377.2558,13845.465,61738.317,-515717.7596,-437756.7218,-453979.4426
8982000,2364.3655,13751.5754,62223.166,-515395.6206,-437056.5137,-453172.45460000006
8983000,2365.9105,13803.2056,62127.412,-516007.5313,-437711.0032,-453880.11929999996
8984000,2332.7149,13851.9051,62084.3932,-516151.4465,-437882.43330000003,-454067.0533
8985000,2348.048,13833.0978,62257.4078,-516170.7926,-437732.239,-453913.3848
8986000,2339.8127,13788.914,62458.3162,-516189.409,-437602.3661,-453731.0928
8987000,2346.3481,13824.3494,62475.2107,-516685.074,-438039.1658,-454209.8633
8988000,2326.4235,13837.013,62341.9552,-516374.1294,-437868.7377,-454032.1742
8989000,2344.1335,13770.9944,61712.5083,-515338.5355,-437510.8993,-453626.0272
8990000,2374.2574,13817.3646,62320.1257,-516376.5148,-437864.7671,-454056.38910000003
8991000,2306.7104,13719.3601,61688.271,-515365.9269,-437651.58540000004,-453677.6559
8992000,2337.8088,13796.6178,62315.3634,-515715.2692,-437265.47919999994,-453399.90579999995
8993000,2377.324,13780.0592,61977.6564,-515492.7127,-437357.67309999996,-453515.0563
8994000,2378.044,13882.8352,62700.3038,-516588.4204,-437627.2374,-453888.1166
8995000,2334.673,13781.847,61987.5726,-515751.1357,-437647.0431,-453763.56309999997
8996000,2362.7089,13834.189,62497.3748,-516749.2622,-438054.9895,-454251.8874
8997000,2336.7654,13874.0139,62030.8225,-516130.8781,-437889.27629999997,-454100.05559999996
8998000,2337.8863,13759.0744,62004.3681,-515913.6222,-437812.29339999997,-453909.25409999996
8999000,2359.2484,13902.3145,62148.8806,-515730.8726,-437320.4291,-453581.992
9000000,2351.2468,13784.9981,61707.2289,-515444.3085,-437600.8347,-453737.0796
9001000,2349.3364,13874.8101,61678.7554,-516049.9083,-438147.0064,-454371.1529
9002000,2335.3887,13857.4209,62125.3232,-516366.2518,-438048.11900000006,-454240.92860000004
9003000,2336.1063,13720.3331,62632.3778,-516992.5061,-438303.6889,-454360.1283
9004000,2344.5751,13748.0132,61719.6955,-515432.9982,-437620.71439999994,-453713.3027
9005000,2335.8013,13672.0362,61826.7162,-515613.7367,-437779.183,-453787.0205
9006000,2370.7297,13771.4833,61730.0342,-515390.6622,-437518.41500000004,-453660.628
9007000,2316.9182,13688.3485,61800.1397,-515938.7223,-438133.31590000005,-454138.5826
9008000,2358.9676,13810.8683,62414.8681,-516099.1294,-437514.42539999995,-453684.26129999995
9009000,2366.4727,13778.6618,61244.0885,-514533.3248,-437144.1018,-453289.2363
9010000,2330.6796,13721.8728,61634.1715,-515047.9146,-437361.19070000004,-453413.7431
9011000,2371.5493,13725.1791,62504.8132,-516055.6709,-437454.12930000003,-453550.85770000005
9012000,2348.5371,13814.6248,62331.4168,-516055.378,-437560.7993,-453723.9612
9013000,2345.2732,13767.9805,61872.6325,-515297.3512,-437311.46499999997,-453424.71869999997
9014000,2326.8258,13836.502,61777.0641,-514954.3347,-437013.9428,-453177.2706
9015000,2369.116,13803.2885,62385.3047,-516017.5143,-437459.8051,-453632.2096
9016000,2347.7681,13748.6627,61862.2677,-516054.8186,-438096.1201,-454192.55090000003
9017000,2369.7969,13854.3118,61806.5244,-515649.6057,-437618.9726,-453843.0813
9018000,2352.3009,13811.626,62183.2481,-515779.5152,-437432.34020000004,-453596.26710000006
9019000,2379.988,13879.456,61428.0204,-514535.8832,-436848.4188,-453107.8628
9020000,2347.7686,13790.3142,62521.4049,-515481.3675,-436821.8798,-452959.96259999997
9021000,2344.3473,13774.6282,62508.7864,-515616.1832,-436988.42130000005,-453107.39680000005
9022000,2379.3366,13840.8334,62087.2306,-516049.2416,-437741.841,-453962.011
9023000,2360.8511,13834.2291,61870.307,-515288.3953,-437223.0081,-453418.08829999994
9024000,2362.4683,13800.7406,62251.9776,-515787.8758,-437372.68929999997,-453535.8982
9025000,2366.8732,13845.6578,61946.1313,-515114.4751,-436955.81279999996,-453168.3438
9026000,2320.0807,13861.1768,62528.4101,-516129.5582,-437419.89060000004,-453601.14810000005
9027000,2373.6195,13789.2887,62119.7895,-515858.4795,-437575.7818,-453738.69
9028000,2352.0228,13804.3341,61811.4101,-515521.708,-437553.941,-453710.2979
9029000,2369.9691,13761.5007,61983.6503,-515750.353,-437635.2329,-453766.7027
9030000,2373.1158,13905.7582,62587.3107,-516497.3191,-437631.13440000004,-453910.00840000005
9031000,2360.4006,13849.7113,62113.1546,-515470.8664,-437147.59990000003,-453357.7118
9032000,2361.7392,13744.0648,62124.918,-515076.9504,-436846.22839999996,-452952.03239999997
9033000,2330.6127,13783.2011,61776.6922,-514864.3846,-436973.8786,-453087.6924
9034000,2359.6255,13863.2899,62341.47,-516128.1225,-437563.7371,-453786.65249999997
9035000,2353.3398,13875.7209,62015.4965,-515222.2301,-436977.6729,-453206.7336
9036000,2348.9511,13951.5693,61571.6494,-515122.2266,-437250.0568,-453550.5772
9037000,2372.2036,13836.6644,61704.1007,-515230.066,-437317.0973,-453525.9653
9038000,2357.3728,13753.6665,61959.8728,-515788.2346,-437717.3225,-453828.3618
9039000,2368.8231,13789.7163,61763.2974,-514995.1568,-437073.32,-453231.8594
9040000,2360.1369,13745.496,62430.083,-516147.6569,-437611.941,-453717.5739
9041000,2381.031,13810.2569,62152.799,-515305.3898,-436961.3029,-453152.5908
9042000,2339.9063,13856.8199,62039.5097,-515022.8824,-436786.64650000003,-452983.3727
9043000,2348.2772,13821.5669,61792.9956,-515389.1562,-437426.3165,-453596.1606
9044000,2382.8659,13818.5097,61921.6805,-515986.5567,-437863.5006,-454064.8762
9045000,2371.385,13896.0393,62457.7787,-516717.2516,-437992.0486,-454259.4729
9046000,2390.9227,13845.0264,62294.6669,-515918.7616,-437388.14560000005,-453624.0947
9047000,2342.2464,13787.9159,61945.2095,-515171.047,-437095.67520000006,-453225.8375
9048000,2346.981,13809.098,61675.8709,-515164.5149,-437332.565,-453488.64400000003
9049000,2370.5167,13830.5208,62245.8649,-516590.4706,-438143.5682,-454344.6057
9050000,2343.404,13819.9281,61777.4585,-516178.4791,-438237.6885,-454401.0206
9051000,2355.7616,13830.5616,61771.9264,-515408.5514,-437450.3018,-453636.625
9052000,2395.3958,13832.9957,61878.4843,-515301.1533,-437194.2775,-453422.669
9053000,2329.3525,13785.2834,62173.2773,-516221.3356,-437933.4224,-454048.0583
9054000,2375.2128,13824.6881,62183.694,-516130.8887,-437747.2938,-453947.1947
9055000,2370.5394,13884.7288,61912.7747,-515099.6005,-436931.5576,-453186.8258
9056000,2341.2497,13768.8195,62226.6962,-516022.3422,-437685.57680000004,-453795.646
9057000,2379.4452,13815.4962,61855.2467,-515249.2921,-437199.10400000005,-453394.0454
9058000,2307.3591,13818.4451,62187.1262,-516414.8964,-438101.966,-454227.7702
9059000,2346.3245,13820.5399,62197.5433,-516372.2921,-438007.88440000004,-454174.7488
9060000,2346.6894,13769.2719,62305.2636,-516409.0107,-437987.78579999995,-454103.7471
9061000,2348.1501,13784.3601,62026.0431,-516111.4401,-437952.8868,-454085.397
9062000,2339.162,13786.4935,62155.8232,-516180.7337,-437899.255,-454024.9105
9063000,2330.7763,13851.6623,62533.4725,-516408.4568,-437692.5457,-453874.9843
9064000,2352.1923,13756.1422,61773.3112,-515229.5409,-437347.8952,-453456.2297
9065000,2359.4461,13805.9181,61751.4421,-515911.0891,-437994.2828,-454159.647
9066000,2341.4488,13864.5989,61906.991,-515923.7604,-437810.7217,-454016.76940000005
9067000,2363.4958,13745.8766,61869.0314,-516015.1363,-438036.73250000004,-454146.10490000003
9068000,2342.2603,13797.0492,61738.8493,-515390.6091,-437512.4503,-453651.7598
9069000,2373.6285,13704.836,62078.6826,-515160.3094,-437003.1623,-453081.6268
9070000,2414.0116,13824.893,61994.4341,-515555.5702,-437322.2315,-453561.1361
9071000,2374.8247,13847.7782,62519.784,-516340.5524,-437598.1655,-453820.7684
9072000,2320.9937,13838.7976,62013.4485,-516202.0246,-438028.7848,-454188.5761
9073000,2363.3546,13798.7988,62132.5118,-515729.6505,-437434.9853,-453597.1387
9074000,2352.6004,13827.7485,62250.5926,-515885.676,-437454.73449999996,-453635.0834
9075000,2367.1157,13761.2884,62287.4783,-515784.9519,-437369.0695,-453497.47359999997
9076000,2358.8859,13848.7838,61785.9713,-516029.347,-438035.706,-454243.37570000003
9077000,2325.4864,13796.1086,62012.4623,-515661.6698,-437527.6125,-453649.20749999996
9078000,2355.3663,13804.1851,61898.4232,-515941.1767,-437883.2021,-454042.7535
9079000,2355.1053,13887.7543,62246.8529,-515942.8353,-437453.1228,-453695.9824
9080000,2331.2032,13807.7179,62406.5882,-516045.9823,-437500.473,-453639.3941
9081000,2331.2436,13822.4388,62003.4676,-515829.5123,-437672.3623,-453826.04469999997
9082000,2374.4541,13796.0162,62030.9302,-515968.9568,-437767.5563,-453938.0266
9083000,2359.9287,13877.4448,62040.2461,-515849.3191,-437571.69950000005,-453809.07300000003
9084000,2342.4469,13958.5306,62190.6807,-516602.6134,-438110.95519999997,-454411.9327
9085000,2366.9118,13842.8859,62344.8765,-515963.661,-437408.9868,-453618.7845
9086000,2338.3346,13882.6763,62066.6877,-515857.742,-437570.0434,-453791.0543
9087000,2369.8724,13832.5508,61966.4915,-515534.0441,-437365.1294,-453567.5526
9088000,2374.954,13833.3135,61758.7942,-515433.3339,-437466.2722,-453674.5397
9089000,2328.8368,13877.4733,61806.9321,-515785.7791,-437772.5369,-453978.847
9090000,2383.8485,13829.4352,61850.595,-515279.1859,-437215.3072,-453428.59089999995
9091000,2362.6962,13845.7505,62444.1105,-516736.0256,-438083.4684,-454291.9151
9092000,2357.3803,13737.0435,62182.7824,-516302.4884,-438025.28219999996,-454119.706
9093000,2362.7447,13851.7856,61955.2197,-515819.8877,-437650.1377,-453864.668
9094000,2403.2951,13872.0983,61981.3858,-515275.6461,-437018.8669,-453294.2603
9095000,2370.0792,13876.9061,61926.3864,-514824.2016,-436650.82989999995,-452897.81519999995
9096000,2380.356,13708.1593,61776.7132,-514625.8651,-436760.63659999997,-452849.1519
9097000,2332.2795,13778.5077,62064.147,-515883.9129,-437708.9787,-453819.7659
9098000,2371.081,13739.6884,62239.6589,-515567.1076,-437216.67929999996,-453327.4487
9099000,2347.0967,13797.6942,62063.2952,-515485.4148,-437277.3287,-453422.11960000003
9100000,2355.0871,13813.1508,62029.867,-515931.5833,-437733.4784,-453901.7163
9101000,2332.7459,13827.9489,61768.9773,-515765.4548,-437835.7827,-453996.47750000004
9102000,2375.1094,13870.4702,61801.3273,-514984.6948,-436937.7879,-453183.3675
9103000,2365.3466,13692.8085,62213.2024,-515446.566,-437175.2085,-453233.3636
9104000,2381.0928,13822.3732,62464.9392,-517105.9648,-438437.55960000004,-454641.0256
9105000,2348.7487,13847.1747,62405.997,-517016.4117,-438414.4913,-454610.41469999996
9106000,2372.6865,13758.4648,62110.8969,-515808.7193,-437566.6711,-453697.8224
9107000,2347.5309,13808.8634,62768.984,-516132.0321,-437206.65380000003,-453363.0481
9108000,2358.7249,13874.7187,61747.9417,-515380.711,-437399.32570000004,-453632.7693
9109000,2328.1164,13757.1688,62515.1094,-516530.008,-437929.6134,-454014.89859999996
9110000,2339.6344,13885.6686,62007.9134,-515440.0154,-437206.799,-453432.10199999996
9111000,2385.5253,13861.8954,62091.1018,-516018.803,-437680.2805,-453927.7012
9112000,2368.9885,13865.2962,61789.188,-515802.8218,-437779.3491,-454013.63379999995
9113000,2326.2367,13769.8192,61920.2578,-516474.0283,-438457.7146,-454553.7705
9114000,2333.7005,13819.7838,62593.5554,-517022.1851,-438275.14540000004,-454428.6297
9115000,2381.0238,13872.6391,61455.1633,-515013.5557,-437304.7295,-453558.3924
9116000,2339.235,13732.3964,62056.7271,-515825.6089,-437697.2504,-453768.8818
9117000,2343.3647,13793.3665,61994.6065,-516036.2364,-437904.8987,-454041.6299
9118000,2360.061,13874.4296,61748.4762,-515892.0366,-437909.0698,-454143.5604
9119000,2346.4668,13845.5775,62022.0879,-515777.1495,-437563.0173,-453755.0616
9120000,2389.5905,13899.4325,61934.8819,-516182.6883,-437958.78339999996,-454247.8064
9121000,2368.5858,13757.8653,61349.6912,-515442.656,-437966.5137,-454092.9648
9122000,2367.4825,13792.7996,62278.7431,-516840.3302,-438401.30500000005,-454561.5871
9123000,2332.7126,13786.9034,62420.3136,-516361.9225,-437821.99289999995,-453941.6089
9124000,2323.7294,13732.1659,62097.5728,-516336.5949,-438183.1268,-454239.0221
9125000,2352.3126,13747.53,61686.3585,-515315.489,-437529.2879,-453629.13049999997
9126000,2353.1175,13868.5792,62120.9014,-515770.0329,-437427.4348,-453649.1315
9127000,2385.0247,13872.3046,61530.4321,-515018.0606,-437230.2992,-453487.62850000005
9128000,2370.3361,13898.7219,62081.3045,-515731.7732,-437381.4107,-453650.46869999997
9129000,2363.835,13812.2343,61846.0162,-515692.2659,-437670.1804,-453846.2497
9130000,2385.79,13898.2497,61921.6655,-515726.6414,-437520.9362,-453804.9759
9131000,2365.8826,13907.1481,61812.5922,-515806.0431,-437720.4202,-453993.4509
9132000,2358.2983,13891.685,62047.5816,-515911.4829,-437613.918,-453863.9013
9133000,2338.9067,13840.4166,62003.2132,-515973.8723,-437791.3358,-453970.6591
9134000,2358.664,13799.8247,62117.9978,-515748.4964,-437472.0099,-453630.4986
9135000,2367.3744,13954.1416,62057.9453,-516319.1578,-437939.69649999996,-454261.21249999997
9136000,2374.6489,13843.5564,62438.1028,-516551.4523,-437895.1442,-454113.3495
9137000,2360.2375,13781.9321,62321.6717,-516714.6959,-438250.85459999996,-454393.0242
9138000,2385.7901,13789.0338,62357.9067,-515850.1864,-437317.4558,-453492.2797
9139000,2345.0592,13832.4389,61699.9281,-514827.9823,-436950.5561,-453128.05419999996
9140000,2364.0691,13873.916,61959.4977,-515507.026,-437309.5432,-453547.5283
9141000,2319.3241,13934.8604,62053.2847,-516374.8835,-438067.4143,-454321.5988
9142000,2337.8986,13848.8202,61925.5854,-515352.8599,-437240.55569999997,-453427.2745
9143000,2376.4259,13844.5393,61442.9484,-514989.4423,-437325.5287,-453546.4939
9144000,2354.6679,13826.2003,61993.5707,-516284.3,-438109.8611,-454290.7293
9145000,2389.7794,13920.1956,62289.7932,-516147.9052,-437548.137,-453858.11199999996
9146000,2346.5486,13778.3264,62138.6988,-515499.6036,-437236.02979999996,-453360.90479999996
9147000,2387.4716,13905.7438,62147.4721,-515584.076,-437143.3885,-453436.6039
9148000,2377.3356,13975.3764,61897.7216,-515775.1849,-437524.7513,-453877.4633
9149000,2395.5563,13814.9659,62169.3787,-516147.1335,-437767.2326,-453977.7548
9150000,2371.2979,13943.1354,62063.8112,-516006.0467,-437627.80220000003,-453942.2355
9151000,2380.308,13853.3292,62072.8058,-516943.4307,-438636.98770000006,-454870.62490000005
9152000,2415.7609,13825.5332,61606.5408,-515415.138,-437567.30309999996,-453808.59719999996
9153000,2359.8391,13828.7066,62593.9503,-516812.9308,-438030.4348,-454218.98049999995
9154000,2380.1026,13883.9287,62105.2036,-515972.8974,-437603.66250000003,-453867.6938
9155000,2365.9061,13898.7998,62304.7302,-516435.3911,-437865.955,-454130.6609
9156000,2363.0277,13738.2449,62349.2699,-516227.8628,-437777.3203,-453878.5929
9157000,2369.0486,13817.7428,62516.6991,-516920.1664,-438216.6759,-454403.4673
9158000,2373.8377,13932.6496,62182.5357,-515937.4388,-437448.4158,-453754.9031
9159000,2370.7164,13818.1814,61965.4096,-515856.0892,-437701.7818,-453890.6796
9160000,2384.4575,13805.1785,62123.8848,-515851.0178,-437537.497,-453727.133
9161000,2385.5445,13805.4034,62108.1737,-515871.2814,-437572.15979999996,-453763.1077
9162000,2378.5206,13819.456,61739.4293,-515581.6668,-437644.2609,-453842.2375
9163000,2396.9168,13819.147,61945.1,-515907.2034,-437746.0396,-453962.1034
9164000,2382.8177,13756.9004,62626.1465,-516330.7159,-437564.8513,-453704.56940000004
9165000,2369.1132,13717.9455,61777.7047,-515189.7778,-437325.0144,-453412.0731
9166000,2369.6973,13823.2052,62430.9441,-516838.2932,-438214.4466,-454407.3491
9167000,2340.113,13816.2877,61823.007,-515255.9831,-437276.57540000003,-453432.9761
9168000,2372.402,13925.5928,62268.9303,-515269.4957,-436702.57060000004,-453000.5654
9169000,2398.2669,13800.4796,61946.183,-515487.6165,-437342.68700000003,-453541.4335
9170000,2379.2367,13869.3119,62020.9005,-515640.3088,-437370.85970000003,-453619.4083
9171000,2332.5975,13894.8758,62189.0869,-515948.6643,-437532.1041,-453759.5774
9172000,2311.3355,13729.4339,61883.8129,-515762.3476,-437837.76529999997,-453878.53469999996
9173000,2307.9856,13771.2475,62148.279,-516205.6457,-437978.1336,-454057.3667
9174000,2351.1962,13815.1285,61962.2139,-515418.9268,-437290.38820000004,-453456.71290000004
9175000,2354.4649,13813.8834,61740.7107,-515394.2201,-437485.16109999997,-453653.5094
9176000,2356.5467,13856.1217,62309.7352,-515921.008,-437398.60439999995,-453611.2728
9177000,2349.1965,13833.2463,61990.3032,-515631.7246,-437458.97860000003,-453641.4214
9178000,2361.9479,13855.5834,62105.5615,-515320.4537,-436997.3609,-453214.8922
9179000,2373.1683,13815.3819,62238.5714,-515789.0662,-437361.9446,-453550.4948
9180000,2331.4425,13750.1729,62398.4192,-516464.6107,-437984.5761,-454066.1915
9181000,2353.5913,13836.6935,61805.1512,-515372.7588,-437377.3228,-453567.6076
9182000,2359.4361,13842.0403,61511.122,-515171.6715,-437459.0731,-453660.54949999996
9183000,2360.0609,13815.7254,62040.7512,-515629.0895,-437412.552,-453588.3383
9184000,2371.0233,13891.5284,61749.0627,-515311.5353,-437299.92089999997,-453562.4726
9185000,2379.6642,13810.371,62341.9195,-516060.4744,-437528.5197,-453718.5549
9186000,2332.7889,13850.8956,62541.055,-515934.6437,-437209.9042,-453393.5887
9187000,2380.6426,13803.6776,62506.6223,-516505.7289,-437814.7864,-453999.1066
9188000,2340.7263,13752.3132,62451.256,-516233.3756,-437689.0801,-453782.11960000003
9189000,2375.2526,13847.8098,62216.1159,-515429.7595,-436990.5812,-453213.6436
9190000,2338.6079,13780.0996,61989.9571,-515446.3883,-437337.7237,-453456.4312
9191000,2341.8311,13895.4109,62155.5412,-516722.9971,-438330.2139,-454567.4559
9192000,2380.7358,13814.6754,62184.0974,-516288.9208,-437909.4122,-454104.8234
9193000,2379.047,13809.3976,61444.8098,-515096.4711,-437463.2167,-453651.66130000004
9194000,2342.075,13789.794,61659.7038,-514894.9937,-437103.4209,-453235.2899
9195000,2345.0563,13861.9387,62237.0381,-515465.1872,-437021.1541,-453228.1491
9196000,2348.0821,13900.6098,61631.8649,-515402.5756,-437522.01879999996,-453770.7107
9197000,2361.2783,13848.8337,62259.3566,-515839.5813,-437370.11270000006,-453580.2247
9198000,2336.5167,13904.0946,62606.2979,-516528.1662,-437681.257,-453921.8683
9199000,2362.5524,13821.7559,62315.2436,-516357.3005,-437857.7486,-454042.0569
9200000,2378.3683,13768.9897,62418.7026,-516537.878,-437971.81740000006,-454119.1754
9201000,2385.3969,13899.8993,62021.0772,-515561.0645,-437254.6911,-453539.9873
9202000,2384.3435,13886.5881,61964.8754,-515400.2946,-437164.4876,-453435.4192
9203000,2336.1535,13834.2536,61877.8955,-516149.1574,-438100.85480000003,-454271.26190000004
9204000,2369.539,13791.6834,61983.2934,-515723.5328,-437579.017,-453740.23939999996
9205000,2365.0784,13860.2274,62282.5449,-516393.3713,-437885.5206,-454110.8264
9206000,2364.1374,13836.2756,61941.3594,-515547.2298,-437405.45739999996,-453605.87039999996
9207000,2354.0867,13797.026,61746.7234,-515554.8428,-437657.00669999997,-453808.11939999997
9208000,2350.0225,13834.3371,61782.4837,-515253.8448,-437287.0015,-453471.36110000004
9209000,2379.0933,13833.2107,61700.4748,-515030.8455,-437118.06669999997,-453330.37069999997
9210000,2332.3643,13875.6781,61801.3811,-515228.1567,-437218.7332,-453426.7756
9211000,2344.4047,13845.9779,61550.9493,-515128.3284,-437386.9965,-453577.3791
9212000,2346.768,13794.8574,61927.9414,-515894.0884,-437824.5216,-453966.147
9213000,2377.295,13851.2786,61552.8644,-515339.7224,-437558.2844,-453786.858
9214000,2368.9111,13728.4649,61926.966,-515578.2913,-437553.9493,-453651.32529999997
9215000,2377.1802,13898.3311,61604.6812,-514959.9398,-437079.7473,-453355.2586
9216000,2397.3997,13847.2206,61841.8369,-516149.1637,-438062.7065,-454307.3268
9217000,2365.4837,13781.2756,61960.2862,-515676.8258,-437569.7803,-453716.5396
9218000,2340.9304,13885.8527,62352.6561,-517231.0147,-438651.57550000004,-454878.3586
9219000,2339.9561,13892.4724,62025.5182,-516240.6934,-437982.7467,-454215.1752
9220000,2340.0774,13790.5462,62148.4535,-516650.4999,-438371.4228,-454502.0464
9221000,2371.6485,13927.2046,62331.2676,-515793.3453,-437163.22459999996,-453462.07769999997
9222000,2347.4695,13868.6042,61853.2245,-515480.3837,-437411.08550000004,-453627.1592
9223000,2350.4281,13865.0104,62171.6648,-516514.7127,-438127.60939999996,-454343.0479
9224000,2349.714,13841.9259,61576.1943,-515524.8433,-437757.0091,-453948.649
9225000,2364.12,13858.974,61941.4798,-515834.8092,-437670.2354,-453893.32940000005
9226000,2362.4342,13850.8135,61671.5325,-515442.7538,-437557.9736,-453771.2213
9227000,2358.9131,13900.9851,61621.3181,-515400.8302,-437519.6139,-453779.51210000005
9228000,2365.4071,13883.5871,62535.6903,-516478.5586,-437693.8741,-453942.8683
9229000,2362.7194,13808.9695,62089.7631,-516198.7578,-437937.30580000003,-454108.99470000004
9230000,2350.1727,13810.5559,62187.6435,-516696.1479,-438347.7758,-454508.5044
9231000,2379.8769,13840.4833,62301.8961,-516571.8442,-438049.5879,-454269.9481
9232000,2346.5096,13922.9133,62353.4642,-516763.4986,-438140.6115,-454410.0344
9233000,2338.3696,13914.6405,61781.1413,-515226.8345,-437192.6831,-453445.6932
9234000,2355.2185,13899.1171,62447.7099,-516132.6014,-437430.5559,-453684.89149999997
9235000,2338.946,13933.2178,62484.936,-517067.1686,-438310.0688,-454582.2326
9236000,2375.3465,13846.3655,61871.6259,-516347.4676,-438254.1297,-454475.8417
9237000,2348.2019,13796.8503,62027.9101,-516689.2154,-438516.2531,-454661.3053
9238000,2342.6065,13852.8685,61801.5755,-515278.2927,-437281.2422,-453476.7172
9239000,2329.9746,13879.6807,61885.7786,-515640.1137,-437544.6798,-453754.33509999997
9240000,2363.2162,13769.2796,62451.2006,-516634.952,-438051.2556,-454183.7514
9241000,2352.0369,13810.8221,61700.6822,-515989.6249,-438126.08369999996,-454288.9427
9242000,2353.0357,13832.5524,62104.5991,-515779.9215,-437489.7343,-453675.3224
9243000,2359.8134,13803.6135,61914.9232,-515513.9878,-437435.6377,-453599.0646
9244000,2363.8771,13803.766,62223.0182,-515764.4834,-437373.82210000005,-453541.46520000004
9245000,2393.6232,13896.2254,61999.14,-516001.3766,-437712.38800000004,-454002.2366
9246000,2356.1753,13817.0066,61866.2748,-515014.8629,-436975.4062,-453148.5881
9247000,2382.2397,13839.7975,61944.3662,-515283.128,-437116.7246,-453338.76180000004
9248000,2346.0657,13852.5407,61915.5337,-514755.9779,-436641.8378,-452840.4442
9249000,2357.8585,13924.7157,61654.6254,-515024.3429,-437087.1433,-453369.71749999997
9250000,2349.8044,13883.2523,61073.769,-513995.9895,-436689.16380000004,-452922.22050000005
9251000,2409.3267,13772.0341,62249.6499,-515964.5608,-437533.5501,-453714.91089999996
9252000,2334.3589,13867.2419,61974.8494,-515366.7249,-437190.27469999995,-453391.87549999997
9253000,2341.0541,13853.1239,62275.5457,-516259.6114,-437789.88769999996,-453984.0657
9254000,2350.9263,13852.4302,61716.6201,-515374.3909,-437454.4143,-453657.7708
9255000,2373.2039,13742.3145,62365.4492,-516052.7754,-437571.80779999995,-453687.3262
9256000,2350.2683,13859.9634,61707.7154,-514964.2206,-437046.2735,-453256.5052
9257000,2336.8218,13860.5188,62350.645,-516699.657,-438151.6714,-454349.012
9258000,2340.436,13894.737,62109.6642,-515884.6322,-437539.795,-453774.968
9259000,2358.4856,13821.9263,62126.4019,-516634.3442,-438327.5304,-454507.9423
9260000,2361.6884,13971.863,61910.2314,-515765.6089,-437521.8261,-453855.3775
9261000,2361.7478,13746.5934,61771.6225,-515940.0989,-438060.1352,-454168.4764
9262000,2369.8095,13811.9609,62119.9124,-516580.1321,-438278.4493,-454460.2197
9263000,2343.7182,13784.1463,61710.0567,-515756.9036,-437918.98240000004,-454046.8469
9264000,2340.9846,13743.5605,61828.6945,-515650.5082,-437737.26859999995,-453821.8137
9265000,2316.5393,13783.7892,62187.8851,-516099.4527,-437811.2391,-453911.5676
9266000,2321.1746,13763.3272,62956.1084,-517358.8366,-438318.2264,-454402.7282
9267000,2344.7621,13834.395,62307.3311,-516343.787,-437857.2988,-454036.4559
9268000,2385.3323,13708.6617,62078.9087,-515981.4201,-437808.5174,-453902.51139999996
9269000,2337.4059,13779.1569,62025.5281,-516695.0689,-438552.978,-454669.5408
9270000,2364.7751,13756.1937,61809.6893,-515721.9062,-437791.2481,-453912.2169
9271000,2364.1765,13892.1199,62368.3592,-516019.737,-437395.0814,-453651.3778
9272000,2353.7881,13791.344,62546.5644,-516433.3267,-437741.63019999996,-453886.76229999994
9273000,2342.8137,13835.9904,61885.8859,-514867.281,-436802.591,-452981.3951
9274000,2392.3409,13861.918,62096.2901,-515640.8749,-437290.3259,-453544.5848
9275000,2347.3203,13801.4722,61649.7425,-515865.0649,-438066.52989999996,-454215.3224
9276000,2335.5309,13832.5932,61878.4851,-516411.6282,-438365.019,-454533.1431
9277000,2380.1362,13891.5186,61848.6817,-515565.2897,-437444.9532,-453716.608
9278000,2348.0425,13793.4506,62964.5031,-516540.3987,-437434.4025,-453575.89560000005
9279000,2389.4617,13857.7541,61797.9991,-515391.0268,-437345.8119,-453593.0277
9280000,2370.5083,13823.3506,61917.7348,-515862.8487,-437751.255,-453945.1139
9281000,2397.1633,13799.5466,62057.8041,-515534.7724,-437280.25840000005,-453476.9683
9282000,2352.5447,13820.719,62184.1588,-515987.629,-437630.20650000003,-453803.47020000004
9283000,2316.9069,13802.7261,62360.3653,-516289.2443,-437809.24600000004,-453928.879
9284000,2386.2045,13801.7658,61956.7996,-515888.0986,-437743.3287,-453931.299
9285000,2345.2172,13759.5975,62224.7508,-515548.9717,-437219.40619999997,-453324.2209
9286000,2358.2312,13812.0381,62331.7101,-516051.9258,-437549.9464,-453720.21570000006
9287000,2357.343,13771.781,62241.0781,-516371.6079,-438001.4058,-454130.5298
9288000,2402.6783,13791.6808,62137.579,-515700.8924,-437368.9543,-453563.3134
9289000,2376.8173,13879.326,61882.9248,-515849.9099,-437710.84180000005,-453966.98510000005
9290000,2348.3761,13695.3711,62140.654,-515838.0287,-437653.6275,-453697.37470000004
9291000,2380.2159,13833.9932,62045.6395,-515622.9166,-437363.06799999997,-453577.2771
9292000,2400.9712,13899.6722,61817.9967,-515201.9281,-437083.288,-453383.9314
9293000,2364.7928,13872.6251,62305.9138,-516450.5794,-437907.24769999995,-454144.6656
9294000,2343.7741,13849.3608,62643.0082,-516440.5874,-437604.44430000003,-453797.57920000004
9295000,2391.222,13844.5022,61859.3828,-515916.2711,-437821.1641,-454056.8883
9296000,2313.7185,13792.2222,62077.8216,-515666.2168,-437482.4545,-453588.39519999997
9297000,2374.1846,13789.1694,62264.9551,-515760.2595,-437331.9504,-453495.30439999996
9298000,2380.3018,13789.9025,61969.4341,-515216.2007,-437076.5623,-453246.7666
9299000,2340.5166,13806.9343,62245.4848,-515674.8089,-437281.87320000003,-453429.3241
9300000,2393.686,13899.5451,62017.1215,-515603.9886,-437293.636,-453586.8671
9301000,2323.6993,13724.214,62277.1484,-516103.8131,-437778.75140000007,-453826.6647
9302000,2378.1589,13729.2695,62441.2729,-516342.4276,-437793.7263,-453901.1547
9303000,2367.9325,13824.2731,61680.754,-515382.5645,-437509.6049,-453701.81049999996
9304000,2363.1258,13815.2951,62030.2219,-515446.655,-437238.0122,-453416.4331
9305000,2337.042,13781.7771,61861.6827,-515704.5429,-437724.04110000003,-453842.8602
9306000,2337.9834,13730.219,62000.2355,-515470.2825,-437401.84459999995,-453470.04699999996
9307000,2349.2883,13799.9181,62289.048,-515826.9318,-437388.67740000004,-453537.8838
9308000,2363.3827,13890.3268,62328.5029,-516543.1008,-437960.8884,-454214.5979
9309000,2367.563,13761.0519,62540.8065,-516277.0946,-437607.6732,-453736.2881
9310000,2385.5941,13781.8952,61929.1256,-515935.1634,-437838.54850000003,-454006.03780000005
9311000,2348.0954,13742.9703,62326.2652,-515906.2207,-437488.8898,-453579.9555
9312000,2334.3884,13772.3978,61982.1454,-515495.7491,-437406.8175,-453513.60370000004
9313000,2368.915,13827.6492,61607.5266,-514671.1659,-436867.0751,-453063.63930000004
9314000,2369.9513,13781.0472,62359.0083,-516140.0842,-437630.07739999995,-453781.0759
9315000,2337.9092,13772.4476,62312.3561,-516665.8391,-438243.1262,-454353.483
9316000,2335.0715,13797.5613,62046.9619,-516047.1166,-437867.5219,-454000.1547
9317000,2364.8677,13858.128,62579.9607,-517056.1193,-438253.1629,-454476.1586
9318000,2341.325,13881.3159,62140.555,-516617.0883,-438253.8924,-454476.5333
9319000,2325.3949,13833.9904,62003.9469,-516219.2583,-438055.9261,-454215.3114
9320000,2334.1682,13718.9542,62225.9435,-516060.8429,-437781.777,-453834.8994
9321000,2336.5644,13746.6394,62282.4616,-516208.3262,-437842.6608,-453925.86460000003
9322000,2371.6003,13829.4151,62475.31,-516533.6449,-437857.3195,-454058.3349
9323000,2343.0547,13783.9368,62594.9168,-516304.3777,-437582.4694,-453709.4609
9324000,2353.3548,13769.7045,62152.0309,-515717.8442,-437442.75399999996,-453565.8133
9325000,2346.5526,13822.5742,62010.117,-516007.0429,-437827.7991,-453996.92590000003
9326000,2375.6531,13779.3722,62277.2978,-516830.5364,-438398.2133,-454553.2386
9327000,2317.1456,13753.4354,62277.9984,-516850.3727,-438501.7933,-454572.3743
9328000,2363.1434,13934.2585,62583.2069,-516935.9417,-438055.33290000004,-454352.73480000003
9329000,2356.3285,13859.5906,61784.5582,-515568.7238,-437568.2465,-453784.16559999995
9330000,2345.1524,13881.693,62271.1258,-516859.546,-438361.57479999994,-454588.4202
9331000,2343.4924,13870.3539,62140.099,-516698.3167,-438344.3714,-454558.21770000004
9332000,2371.5367,13760.8183,62243.8127,-516437.2069,-438061.0392,-454193.3942
9333000,2356.9443,13806.561,61902.9439,-515680.2952,-437613.846,-453777.3513
9334000,2373.9839,13825.0899,62445.3227,-516043.0041,-437398.6076,-453597.6814
9335000,2358.2648,13832.4047,62514.7925,-516295.3524,-437589.8904,-453780.5599
9336000,2366.0481,13946.4435,61970.8507,-515980.5515,-437697.2092,-454009.7008
9337000,2343.4921,13767.0164,62214.0098,-516082.0872,-437757.5689,-453868.0774
9338000,2364.7929,13901.4986,61671.6186,-515566.9514,-437629.04130000004,-453895.33280000003
9339000,2341.283,13805.9409,61291.8282,-514879.0889,-437440.0368,-453587.2607
9340000,2356.6214,13800.7964,61693.2662,-515723.5326,-437872.84859999997,-454030.26639999996
9341000,2344.1898,13869.5599,61896.442,-515770.2088,-437660.01710000006,-453873.76680000004
9342000,2341.2818,13785.0314,62052.1964,-515896.6792,-437718.1696,-453844.4828
9343000,2343.2617,13859.0839,62378.82,-516680.0445,-438098.8789,-454301.2245
9344000,2373.0425,13893.7783,62468.3373,-516263.9112,-437528.7531,-453795.57389999996
9345000,2324.9683,13750.3343,62150.256,-515381.5702,-437156.0116,-453231.3142
9346000,2382.1867,13763.3907,62110.1083,-515628.068,-437372.38230000006,-453517.9597
9347000,2371.0774,13854.7649,61893.6352,-515338.1966,-437218.71910000005,-453444.5614
9348000,2356.5004,13788.8221,61925.2385,-515190.6147,-437120.0537,-453265.3762
9349000,2363.5005,13799.3278,62221.714,-515420.8568,-437036.3145,-453199.14280000003
9350000,2320.8095,13729.9067,62233.7337,-515373.1301,-437088.6802,-453139.3964
9351000,2352.1574,13887.5305,62084.8427,-515690.0088,-437365.4782,-453605.16610000003
9352000,2388.6342,13773.7878,62490.7672,-516883.2817,-438230.09249999997,-454392.5145
9353000,2355.4323,13824.2003,61641.4139,-515344.0935,-437523.047,-453702.67960000003
9354000,2363.2061,13851.6708,62033.0386,-515668.713,-437420.7975,-453635.6744
9355000,2357.7539,13804.8827,62356.0954,-516247.4209,-437728.6889,-453891.32550000004
9356000,2366.2716,13861.9943,61551.3466,-515395.4389,-437615.8264,-453844.0923
9357000,2368.7126,13898.1111,61970.3773,-515795.352,-437558.151,-453824.9747
9358000,2365.922,13864.0153,62536.6504,-516428.6655,-437662.07779999997,-453892.0151
9359000,2349.5255,13911.5659,62350.2196,-516482.6286,-437871.3176,-454132.409
9360000,2333.7408,13797.5947,62071.2719,-515806.5404,-437603.933,-453735.2685
9361000,2397.1457,13854.3716,62383.1564,-515986.4171,-437351.74340000004,-453603.26070000004
9362000,2351.9925,13680.6379,62431.247,-515918.9375,-437455.0601,-453487.6905
9363000,2351.6156,13782.8068,61962.2941,-516474.666,-438377.94950000005,-454512.3719
9364000,2362.0129,13815.5423,62388.2775,-516918.0955,-438352.2628,-454529.81799999997
9365000,2339.4601,13862.8177,62685.7849,-517016.7899,-438128.72719999996,-454331.005
9366000,2333.1034,13864.4195,62161.6464,-516192.4994,-437833.33009999996,-454030.853
9367000,2355.3852,13687.8581,62063.5795,-515639.6166,-437532.7938,-453576.0371
9368000,2318.2877,13759.2996,61669.7566,-514992.7607,-437245.4168,-453323.00409999996
9369000,2377.5035,13803.7188,62888.4799,-516481.7427,-437412.0405,-453593.2628
9370000,2365.2985,13786.9452,61948.2995,-515780.8238,-437680.2806,-453832.5243
9371000,2351.4865,13792.8155,62111.109,-515191.7406,-436936.32960000006,-453080.6316
9372000,2343.0675,13796.0025,62012.677,-515537.5517,-437385.8047,-453524.8747
9373000,2348.6393,13859.4592,62071.413,-515744.6169,-437465.1054,-453673.2039
9374000,2333.9398,13829.7311,61900.0944,-515764.9478,-437701.1825,-453864.8534
9375000,2324.5689,13775.6005,61917.4331,-515218.1476,-437200.5451,-453300.7145
9376000,2331.2695,13811.7532,62007.5464,-515911.399,-437760.8299,-453903.8526
9377000,2356.8802,13833.6691,62143.49,-516088.5331,-437754.4938,-453945.0431
9378000,2328.4095,13814.6689,61823.5032,-515840.3952,-437873.8136,-454016.89200000005
9379000,2357.5017,13914.4484,62482.0775,-516184.2175,-437430.1899,-453702.14
9380000,2329.7323,13776.2157,61553.4162,-515351.622,-437692.25779999996,-453798.2058
9381000,2365.876,14030.3144,62159.1805,-516245.0952,-437689.7243,-454085.91469999996
9382000,2355.5626,13807.6994,62077.7391,-516617.8072,-438376.8061,-454540.0681
9383000,2312.9673,13885.8839,62450.3632,-516363.1342,-437713.9198,-453912.77099999995
9384000,2366.0462,13875.42,62252.8299,-516156.2974,-437662.0013,-453903.46749999997
9385000,2338.1137,13802.4677,62073.559,-515675.0039,-437460.8635,-453601.4449
9386000,2360.0818,13776.5875,61677.0268,-515853.5751,-438039.879,-454176.5483
9387000,2331.1714,13827.9391,61993.7464,-515239.2623,-437086.4054,-453245.5159
9388000,2360.6959,13774.8675,62486.2897,-517078.5465,-438456.6934,-454592.2568
9389000,2356.3655,13824.3057,62245.9095,-516124.9093,-437698.3286,-453878.9998
9390000,2351.7272,13836.9281,62037.7938,-516244.4676,-438018.0185,-454206.6738
9391000,2333.7174,13828.0204,61714.3508,-515254.3955,-437378.30689999997,-453540.04469999997
9392000,2382.5097,13807.6028,62388.0519,-516182.9397,-437604.7753,-453794.88779999997
9393000,2330.1746,13793.7539,62073.2756,-515553.8179,-437356.61380000005,-453480.54230000003
9394000,2366.6113,13844.2707,62003.4396,-515593.5308,-437379.20920000004,-453590.0912
9395000,2384.6447,13875.8158,61736.929,-515600.7116,-437603.3221,-453863.7826
9396000,2316.8657,13761.9944,62050.7466,-516297.5399,-438167.93319999997,-454246.79329999996
9397000,2374.3584,13788.01,61614.0093,-514927.3614,-437150.9837,-453313.3521
9398000,2359.766,13944.8686,62159.1537,-515830.3739,-437366.5856,-453671.2202
9399000,2372.5756,13759.0808,61982.3019,-515973.0413,-437859.083,-453990.73939999996
9400000,2348.9178,13857.3765,62020.2944,-515974.8247,-437748.23600000003,-453954.5303
9401000,2367.2869,13777.5141,62391.3325,-516426.1073,-437889.9738,-454034.77479999996
9402000,2329.1905,13690.0167,61881.5947,-515496.02,-437595.2181,-453614.4253
9403000,2367.2286,13818.339,62167.5155,-515805.7747,-437452.6916,-453638.25920000003
9404000,2343.8838,13819.2468,62070.2149,-516148.7998,-437915.4543,-454078.58489999996
9405000,2328.8646,13830.4044,62153.8839,-515871.9959,-437558.843,-453718.11199999996
9406000,2346.8916,13837.3489,62779.027,-516928.5765,-437965.309,-454149.5495
9407000,2356.8008,13791.1641,62228.0539,-516198.0603,-437822.04150000005,-453970.0064
9408000,2372.5886,13845.9233,62319.4069,-516263.108,-437725.1892,-453943.7011
9409000,2338.2223,13824.5988,62254.8616,-516099.8854,-437682.2027,-453845.0238
9410000,2406.4426,13870.9659,62272.8752,-516256.0154,-437705.7317,-453983.14019999997
9411000,2384.8134,13855.3721,62789.0768,-517175.6565,-438146.3942,-454386.5797
9412000,2370.4821,13895.9936,62119.724,-515670.206,-437284.0063,-453550.482
9413000,2332.7705,13730.3844,61982.6165,-516262.2218,-438216.4504,-454279.6053
9414000,2361.3683,13772.0734,62113.0643,-515511.817,-437265.311,-453398.75269999995
9415000,2351.3651,13819.8806,61825.767,-515321.7506,-437324.73790000007,-453495.98360000004
9416000,2349.7424,13764.0868,61962.2984,-515827.3949,-437751.2673,-453865.0965
9417000,2347.8028,13772.739,61821.7047,-515616.9496,-437674.7031,-453795.2449
9418000,2352.905,13718.3759,62035.4229,-515812.8254,-437706.12159999995,-453777.40249999997
9419000,2349.7141,13776.8706,62102.6489,-516147.6745,-437918.44090000005,-454045.02560000005
9420000,2362.2077,13799.5703,61817.5597,-515622.1314,-437642.79370000004,-453804.57170000003
9421000,2341.3382,13791.0178,62478.7384,-515990.1228,-437379.0284,-453511.3844
9422000,2364.28,13738.1217,62431.5715,-516255.6287,-437721.6555,-453824.0572
9423000,2360.8853,13712.4083,62632.2326,-516395.2665,-437689.7403,-453763.03390000004
9424000,2359.5826,13779.4866,62226.8069,-516740.8769,-438375.0008,-454514.06999999995
9425000,2341.6039,13757.4017,61767.0366,-515494.6297,-437628.5875,-453727.5931
9426000,2331.234,13834.2487,61756.5279,-515560.1017,-437638.09109999996,-453803.5738
9427000,2336.6835,13843.9372,61955.2503,-516090.2087,-437954.33770000003,-454134.9584
9428000,2375.941,13740.9271,61886.1288,-515143.1649,-437140.16799999995,-453257.03609999997
9429000,2354.4594,13797.2057,62579.2438,-516750.4555,-438019.5466,-454171.2117
9430000,2353.2715,13794.1484,61789.9933,-515952.6045,-438015.1913,-454162.61120000004
9431000,2374.6049,13883.2921,62062.4386,-515841.1865,-437520.8509,-453778.7479
9432000,2369.3915,13804.2836,62260.5737,-516242.5028,-437808.254,-453981.9291
9433000,2329.7885,13788.5552,62209.1913,-516239.7903,-437912.25529999996,-454030.599
9434000,2337.8162,13776.3767,61996.2792,-515382.129,-437271.6569,-453385.8498
9435000,2352.7485,13837.7973,61714.5342,-515433.7666,-437528.68659999996,-453719.2324
9436000,2350.7852,13767.4476,61781.8093,-515742.5275,-437842.4854,-453960.7182
9437000,2351.9698,13828.5111,62631.0049,-516550.7478,-437739.262,-453919.7429
9438000,2366.0344,13742.3331,62120.2011,-515975.4574,-437746.8888,-453855.2563
9439000,2334.736,13738.5722,61936.2629,-515895.5077,-437885.9366,-453959.2448
9440000,2340.3909,13847.8952,62222.2144,-516186.3548,-437775.8543,-453964.1404
9441000,2336.6067,13827.3263,62272.5857,-516689.8226,-438253.3039,-454417.2369
9442000,2328.0656,13733.3479,61505.5182,-515467.8864,-437900.9547,-453962.3682
9443000,2336.1444,13808.8936,62262.243,-516502.2576,-438094.9766,-454240.0146
9444000,2340.2625,13791.2717,61782.5734,-515757.1173,-437843.0097,-453974.5439
9445000,2340.3676,13840.0804,62132.3379,-516315.3547,-438002.5688,-454183.01680000004
9446000,2370.2579,13844.8834,62126.3306,-516953.1751,-438611.7032,-454826.8445
9447000,2332.2546,13731.032,61894.3093,-515424.1682,-437466.5723,-453529.8589
9448000,2343.6122,13789.1402,61644.1682,-514420.0068,-436643.08619999996,-452775.83859999996
9449000,2368.5895,13752.5893,61687.4575,-515080.499,-437271.8627,-453393.0415
9450000,2364.1977,13785.3479,61656.9521,-514974.3675,-437167.8698,-453317.4154
9451000,2315.8583,13855.8723,61822.8312,-515678.2719,-437683.7101,-453855.4407
9452000,2379.6969,13777.1474,61920.6702,-516363.3468,-438285.8323,-454442.6766
9453000,2328.2882,13866.7104,61792.0485,-515644.893,-437657.84589999996,-453852.8445
9454000,2368.7694,13762.1583,61884.1888,-515191.088,-437175.9715,-453306.8992
9455000,2375.84,13821.7913,62666.8969,-516281.6785,-437417.1503,-453614.7816
9456000,2343.928,13812.1441,62375.0193,-516317.7502,-437786.6588,-453942.7309
9457000,2348.258,13788.6638,62256.5803,-516175.9978,-437782.4957,-453919.4175
9458000,2359.374,13773.2516,61962.6566,-515299.773,-437204.49079999997,-453337.1164
9459000,2348.3642,13820.7729,61783.4081,-515492.6878,-437540.1426,-453709.2797
9460000,2336.9487,13751.2346,62075.767,-515948.6772,-437784.7269,-453872.9102
9461000,2352.9669,13915.8044,62422.7329,-516481.6127,-437790.1085,-454058.8798
9462000,2378.6652,13708.9094,62140.089,-515613.0539,-437385.39029999997,-453472.9649
9463000,2364.3254,13774.0773,62072.7604,-515607.9157,-437396.7526,-453535.1553
9464000,2357.6298,13822.8976,61800.6037,-514731.2691,-436750.138,-452930.6654
9465000,2355.4613,13759.0349,61804.1814,-515104.9571,-437186.2795,-453300.7757
9466000,2342.6161,13856.0647,61592.6172,-515287.5124,-437496.2144,-453694.8952
9467000,2329.7988,13814.8537,62535.7282,-516207.7753,-437527.3946,-453672.04709999997
9468000,2340.0536,13745.2405,61627.9893,-515378.1884,-437664.90499999997,-453750.19909999997
9469000,2359.7643,13841.6417,62080.6543,-515075.4899,-436793.4296,-452994.8356
9470000,2339.2645,13746.5173,61581.961,-515380.7403,-437712.9975,-453798.7793
9471000,2324.1975,13714.8958,61728.5987,-515282.0678,-437514.37580000004,-453553.4691
9472000,2338.634,13792.3792,61700.5005,-515135.3341,-437303.82039999997,-453434.83359999995
9473000,2355.7691,13816.7606,61972.6157,-515990.806,-437845.66059999994,-454018.19029999996
9474000,2365.1127,13861.1472,62305.3822,-516705.6488,-438174.0067,-454400.26660000003
9475000,2358.8442,13686.0346,62381.6412,-516358.3224,-437931.8024,-453976.6812
9476000,2351.4266,13853.2219,62129.2101,-516341.9202,-438008.0616,-454212.7101
9477000,2320.9354,13804.6735,61949.0043,-516406.5431,-438331.9299,-454457.5388
9478000,2366.6661,13854.9194,62205.179,-516922.1079,-438495.3434,-454716.9289
9479000,2345.5547,13829.9156,61964.6102,-515688.2912,-437548.21069999994,-453723.681
9480000,2395.6237,13849.273,62522.2327,-516995.1532,-438228.02379999997,-454472.9205
9481000,2352.114,13843.1986,62091.3097,-516926.3071,-438639.6848,-454834.9974
9482000,2332.8489,13774.9052,61444.2309,-515198.2879,-437646.3029,-453754.057
9483000,2354.9571,13826.5124,61954.3479,-515604.2567,-437468.4393,-453649.90880000003
9484000,2363.154,13801.6093,61941.9982,-515472.3425,-437365.581,-453530.3443
9485000,2361.6512,13724.8987,61804.9227,-515292.0364,-437400.5638,-453487.1137
9486000,2393.3383,13941.2786,61836.4645,-515253.7646,-437082.68319999997,-453417.3001
9487000,2379.8963,13860.5642,62221.6736,-515890.0375,-437427.90339999995,-453668.3639
9488000,2375.2258,13802.8579,62040.4865,-516239.4042,-438020.834,-454198.9177
9489000,2324.8425,13920.1449,62680.8961,-516641.3291,-437715.4456,-453960.43299999996
9490000,2359.8194,13759.327,61963.4066,-515784.1033,-437701.5503,-453820.69670000003
9491000,2359.9631,13851.6515,61606.7472,-515288.5519,-437470.1901,-453681.80470000004
9492000,2375.7389,13731.2197,62246.3982,-516215.3915,-437862.0347,-453968.99330000003
9493000,2359.0047,13773.8869,61535.6671,-514842.1767,-437173.618,-453306.5096
9494000,2371.317,13840.3136,61775.8652,-515825.0315,-437837.5357,-454049.1663
9495000,2343.9181,13806.2935,62393.3931,-515920.2571,-437376.6524,-453526.864
9496000,2351.1491,13833.488,61613.9721,-515425.3176,-437626.7084,-453811.3455
9497000,2362.2661,13764.4787,61731.8125,-515662.6429,-437804.0856,-453930.8304
9498000,2353.2204,13831.2997,62084.4581,-516129.4087,-437860.4305,-454044.95060000004
9499000,2336.0545,13715.6152,62228.7614,-516020.3871,-437739.956,-453791.6257
9500000,2327.7405,13882.476,62221.3128,-516217.88,-437786.3507,-453996.5672
9501000,2356.3737,13825.8586,62187.7865,-515486.2179,-437116.19909999997,-453298.4314
9502000,2364.3983,13774.7226,61741.3231,-515503.2126,-437622.7686,-453761.88950000005
9503000,2342.3281,13800.3238,62283.5447,-516248.9804,-437822.7838,-453965.43570000003
9504000,2366.6508,13788.4752,61925.6981,-515532.7783,-437451.95420000004,-453607.0802
9505000,2353.0678,13787.9968,61870.8896,-515927.709,-437915.7548,-454056.8194
9506000,2380.7425,13928.4075,62040.1545,-516227.3744,-437878.0699,-454187.21989999997
9507000,2340.1103,13832.2561,62310.1607,-516877.6614,-438395.1343,-454567.5007
9508000,2353.7129,13843.5911,62327.699,-516379.9556,-437854.95259999996,-454052.25659999996
9509000,2353.1982,13887.3543,62351.4664,-516935.3886,-438343.36970000004,-454583.92220000003
9510000,2303.8654,13778.102,61470.4624,-515431.6178,-437879.188,-453961.1554
9511000,2372.9189,13884.0846,62235.8841,-515577.5317,-437084.6441,-453341.64759999997
9512000,2391.0365,13882.2404,62022.8938,-516104.0505,-437807.8798,-454081.1567
9513000,2381.7668,13807.3368,62314.9499,-516237.042,-437732.98850000004,-453922.0921
9514000,2369.6388,13833.0524,61847.1415,-515468.26,-437418.4273,-453621.1185
9515000,2319.2098,13802.5765,62024.0647,-515567.4558,-437421.6048,-453543.3911
9516000,2355.9688,13796.4314,62032.1019,-515432.1112,-437247.6091,-453400.0093
9517000,2344.1772,13770.5127,62052.4464,-515974.0657,-437806.92939999996,-453921.61929999996
9518000,2353.9234,13767.3036,61668.242,-515373.724,-437584.255,-453705.48199999996
9519000,2394.888,13857.067,61608.8415,-515694.4938,-437833.6973,-454085.6523
9520000,2378.0582,13813.3187,62100.222,-515942.322,-437650.7231,-453842.1
9521000,2360.6891,13938.4329,62110.1178,-515930.5198,-437521.28,-453820.402
9522000,2329.7095,13888.1791,61896.4554,-515738.9895,-437624.64550000004,-453842.53410000005
9523000,2345.0844,13791.5616,62574.0751,-516663.5405,-437952.81940000004,-454089.4654
9524000,2335.2262,13844.4664,62383.5128,-516060.8341,-437497.6287,-453677.32129999995
9525000,2343.259,13886.8969,62349.426,-516475.5287,-437895.94680000003,-454126.10270000005
9526000,2348.5554,13754.2238,61517.4243,-515223.8176,-437603.6141,-453706.3933
9527000,2360.5162,13807.3313,61924.9733,-515411.7298,-437318.909,-453486.75649999996
9528000,2360.6388,13866.5088,61838.6426,-515563.3524,-437497.5622,-453724.70979999995
9529000,2342.3935,13857.657,62126.8786,-516600.6666,-438273.7375,-454473.788
9530000,2406.0947,13819.4674,62290.7528,-516149.1666,-437632.8517,-453858.4138
9531000,2335.2929,13852.7895,62600.6267,-516381.5669,-437592.8578,-453780.94019999995
9532000,2375.1205,13895.2833,62086.2828,-515356.6377,-436999.9511,-453270.35490000003
9533000,2363.593,13814.2452,61940.3274,-515535.5141,-437417.34849999996,-453595.18669999996
9534000,2358.1068,13821.2318,61989.4794,-515891.6045,-437722.78650000005,-453902.1251
9535000,2377.4398,13820.5485,61713.3598,-515402.7231,-437491.375,-453689.3633
9536000,2377.7586,13866.4474,61882.6938,-515546.8702,-437419.9704,-453664.1764
9537000,2355.0952,13695.9252,61759.9434,-514849.0785,-437038.11470000003,-453089.1351
9538000,2350.9676,13824.2814,61930.3075,-515592.6583,-437487.1018,-453662.3508
9539000,2363.651,13860.0234,62056.0562,-516080.3403,-437800.6097,-454024.2841
9540000,2363.3443,13830.9669,62060.2369,-515725.9375,-437471.3894,-453665.7006
9541000,2377.9199,13707.2665,62499.4128,-516599.1143,-438014.5151,-454099.7015
9542000,2334.7479,13773.8562,62282.1392,-515721.2886,-437330.5453,-453439.14940000005
9543000,2357.9439,13820.1587,61633.1949,-515146.7956,-437335.4981,-453513.6007
9544000,2374.8265,13802.6152,62352.3932,-516648.8364,-438119.00149999995,-454296.4432
9545000,2369.3199,13912.4666,61866.5363,-516571.1325,-438422.8097,-454704.5962
9546000,2392.0956,13870.8829,61907.3309,-515831.1285,-437660.81909999996,-453923.7976
9547000,2365.4655,13887.8577,62565.6161,-516359.6042,-437540.6649,-453793.9881
9548000,2356.1359,13790.7347,62220.4086,-516099.429,-437732.1498,-453879.0204
9549000,2355.9543,13867.9693,62068.0621,-515951.2873,-437659.3016,-453883.22520000004
9550000,2345.0697,13831.4916,62330.5948,-516562.999,-438055.84290000005,-454232.4042
9551000,2380.294,13847.1779,62120.77,-516480.3715,-438132.1296,-454359.6015
9552000,2338.1148,13794.8136,62365.6313,-516038.7661,-437540.2064,-453673.1348
9553000,2368.3383,13869.1545,61997.287,-515838.0875,-437603.3077,-453840.8005
9554000,2352.4908,13797.5533,62050.5275,-516119.7853,-437919.21369999996,-454069.2578
9555000,2372.6452,13820.7821,61994.7168,-515153.4681,-436965.324,-453158.7513
9556000,2377.0442,13866.4267,61961.4224,-516138.46,-437933.5667,-454177.03760000004
9557000,2370.8708,13857.8181,62003.5638,-515612.9051,-437380.65239999996,-453609.3413
9558000,2360.5489,13822.7198,62396.3782,-516043.2887,-437463.6418,-453646.9105
9559000,2324.4011,13947.2894,61606.3567,-515353.0383,-437474.9911,-453746.6816
9560000,2334.7162,13891.7256,61666.3373,-515705.4806,-437812.7015,-454039.1433
9561000,2372.2471,13863.4123,61721.7811,-515992.1782,-438034.73770000006,-454270.3971
9562000,2377.9141,13806.6557,62068.6653,-516109.2034,-437855.9683,-454040.5381
9563000,2348.887,13784.6877,61848.8877,-515815.612,-437833.1496,-453966.7243
9564000,2366.9081,13811.0455,62281.0711,-516387.9147,-437928.89,-454106.8436
9565000,2384.0419,13877.4524,62250.8392,-515950.4548,-437438.1213,-453699.6156
9566000,2346.7555,13787.4303,61436.2467,-514957.6287,-437387.1962,-453521.382
9567000,2363.9703,13678.3458,62252.5801,-515845.1526,-437550.25639999995,-453592.57249999995
9568000,2354.8412,13779.9272,62113.7074,-516100.0883,-437851.6125,-453986.3809
9569000,2400.3483,13939.4801,61371.6786,-514997.2234,-437285.71640000003,-453625.54480000003
9570000,2367.9422,13737.1665,62029.3492,-516055.2048,-437920.7469,-454025.8556
9571000,2336.1304,13845.6775,62413.5539,-516506.8901,-437911.5283,-454093.3362
9572000,2396.3199,13867.7299,62448.5391,-516571.0765,-437858.4876,-454122.53740000003
9573000,2340.4491,13840.7696,62501.0972,-516506.5904,-437824.2745,-454005.49319999997
9574000,2357.4806,13788.3519,62727.6331,-516289.1398,-437415.6742,-453561.5067
9575000,2367.4021,13873.1451,61967.7271,-515518.3871,-437310.1128,-453550.66
9576000,2365.8098,13828.9206,62258.059,-516861.9164,-438409.127,-454603.8574
9577000,2359.6398,13830.3132,61870.4091,-515459.985,-437399.62289999996,-453589.5759
9578000,2350.9329,13926.0305,62217.313,-516071.4646,-437577.1882,-453854.1516
9579000,2378.6014,13762.9925,61646.2419,-514744.2961,-436956.4603,-453098.05419999996
9580000,2359.9937,13747.3649,61907.0494,-515191.6532,-437177.2452,-453284.6038
9581000,2322.2728,13857.2203,62288.1269,-516700.1079,-438232.4879,-454411.981
9582000,2397.159,13789.7311,62542.1041,-517092.1775,-438363.1833,-454550.0734
9583000,2336.3974,13815.9836,62478.6878,-516621.4661,-437990.3973,-454142.7783
9584000,2357.7817,13788.4921,62088.9854,-515819.3835,-437584.1243,-453730.3981
9585000,2370.7096,13784.8164,62195.7665,-516088.2507,-437736.9582,-453892.48419999995
9586000,2316.4996,13750.4097,62005.5078,-515786.6065,-437714.18940000003,-453781.0987
9587000,2367.9961,13836.4037,61735.5926,-515593.3016,-437653.3092,-453857.70900000003
9588000,2383.6077,13879.3262,62148.383,-516402.7794,-437991.4625,-454254.39639999997
9589000,2397.1166,13888.8041,61889.6664,-516042.0897,-437866.5026,-454152.4233
9590000,2388.0528,13726.5105,62457.1788,-516726.9463,-438155.20420000004,-454269.7675
9591000,2339.0237,13874.2609,62330.2987,-516514.7998,-437971.2165,-454184.5011
9592000,2375.5294,13906.3284,62108.4826,-515965.561,-437575.2206,-453857.0784
9593000,2358.0867,13843.4431,61786.9084,-515872.3629,-437883.9247,-454085.4545
9594000,2373.4981,13706.0285,61977.3489,-515414.8571,-437357.98160000006,-453437.50820000004
9595000,2378.1234,13828.2979,61675.9689,-515812.369,-437929.97880000004,-454136.4001
9596000,2377.1749,13764.5023,61413.1833,-515405.4748,-437850.6143,-453992.29150000005
9597000,2344.4656,13839.3334,61658.5566,-515651.9236,-437809.56799999997,-453993.36699999997
9598000,2359.8491,13796.6264,62205.8068,-516599.9963,-438237.71400000004,-454394.1895
9599000,2364.5213,13730.8223,61959.9124,-515336.2052,-437280.94920000003,-453376.29280000005
9600000,2347.9381,13814.4594,61770.2948,-515855.4962,-437922.8039,-454085.2014
9601000,2337.8527,13827.1335,62451.2657,-516528.734,-437912.4821,-454077.4683
9602000,2370.5259,13861.4909,62601.8024,-516791.6941,-437957.87490000005,-454189.89170000004
9603000,2339.6079,13817.679,62198.1794,-516246.6082,-437891.14190000005,-454048.4288
9604000,2391.9506,13773.8577,62441.03,-516497.3051,-437890.4668,-454056.27509999997
9605000,2345.9126,13774.0564,62345.8393,-516265.1991,-437799.39080000005,-453919.35980000003
9606000,2337.7367,13797.362,61888.2313,-515831.428,-437808.098,-453943.19670000003
9607000,2360.254,13860.5058,62630.901,-516889.4996,-438037.83879999997,-454258.59859999997
9608000,2364.9498,13692.8402,62450.3634,-515915.9865,-437407.8331,-453465.62309999997
9609000,2360.1845,13855.6988,61803.6026,-516018.3628,-437998.87690000003,-454214.7602
9610000,2378.4506,13765.1949,61740.1493,-515926.4237,-438042.6289,-454186.2744
9611000,2361.9582,13800.5726,61678.9537,-515725.5807,-437884.0962,-454046.627
9612000,2340.318,13792.7979,62662.087,-517167.7608,-438372.5579,-454505.6738
9613000,2361.1299,13867.3538,61923.5638,-515774.9433,-437622.8958,-453851.3795
9614000,2360.1868,13798.1687,62657.3137,-516563.0751,-437747.4059,-453905.7614
9615000,2341.6308,13739.1987,62259.109,-516320.1672,-437980.22870000004,-454061.0582
9616000,2393.5912,13849.2739,62228.0647,-516647.1571,-438176.2273,-454419.0924
9617000,2344.8648,13709.828,61867.7501,-515510.6971,-437588.25419999997,-453642.947
9618000,2371.2715,13767.2914,62164.2337,-516645.6547,-438342.8581,-454481.42100000003
9619000,2383.2832,13864.5821,61909.9251,-516388.0289,-438230.2385,-454478.1038
9620000,2371.2212,13957.3875,62994.8408,-517895.1512,-438571.70170000003,-454900.3104
9621000,2354.7086,13770.4259,62282.1255,-516686.6654,-438279.4054,-454404.5399
9622000,2354.2788,13799.547,62286.361,-516282.4425,-437842.2557,-453996.08150000003
9623000,2349.8561,13774.3285,62087.7484,-516081.151,-437869.218,-453993.40260000003
9624000,2360.9921,13868.6087,62047.0441,-516279.9295,-438003.2846,-454232.8854
9625000,2361.3258,13771.0664,61672.2082,-515545.7872,-437741.1868,-453873.579
9626000,2390.404,13800.2326,61972.8489,-516262.2144,-438098.7289,-454289.3655
9627000,2342.0585,13827.6449,62287.401,-515828.9894,-437371.885,-453541.5884
9628000,2366.0927,13811.9522,62191.6831,-515582.6412,-437212.9132,-453390.9581
9629000,2354.8418,13755.3278,61675.9475,-515263.7655,-437477.64839999995,-453587.81799999997
9630000,2359.5832,13842.7084,61927.4142,-515754.2528,-437624.547,-453826.8386
9631000,2348.3051,13882.5854,61445.0975,-514907.7275,-437231.73949999997,-453462.63
9632000,2343.5711,13772.9078,61989.1866,-516055.1738,-437949.5083,-454065.9872
9633000,2359.7029,13869.3633,62037.5847,-515631.3279,-437364.67699999997,-453593.74319999997
9634000,2343.7152,13817.464,62461.5641,-516453.0805,-437830.33719999995,-453991.51639999996
9635000,2370.3549,13852.6644,62108.6657,-516195.8502,-437864.1652,-454087.1845
9636000,2370.6244,13781.1413,61460.5008,-515033.8822,-437421.61569999997,-453573.3814
9637000,2341.2139,13714.4391,62281.4855,-515757.5787,-437420.4402,-453476.0932
9638000,2371.9054,13768.4493,61931.3778,-515689.3764,-437617.6439,-453757.9986
9639000,2381.5246,13806.83,62366.9201,-516598.125,-438042.8503,-454231.2049
9640000,2351.8363,13896.5286,62025.6101,-515780.3873,-437506.41229999997,-453754.7772
9641000,2320.7051,13791.1914,62033.4824,-515030.0191,-436884.64019999997,-452996.5367
9642000,2375.7265,13789.7615,61903.4745,-515679.2924,-437610.3299,-453775.81789999997
9643000,2323.8092,13734.1957,62014.0632,-515498.5609,-437426.4928,-453484.4977
9644000,2333.159,13743.1894,62000.3243,-516178.4158,-438101.7431,-454178.09150000004
9645000,2338.0803,13728.4323,62057.2893,-515304.6085,-437180.8066,-453247.31919999997
9646000,2326.0239,13658.8082,61876.575,-515262.8992,-437401.4921,-453386.3242
9647000,2353.6515,13834.1757,62200.8443,-515433.8452,-437045.1737,-453233.0009
9648000,2377.2,13764.0817,62397.1739,-515974.3511,-437435.89550000004,-453577.17720000003
9649000,2324.3342,13758.4405,61850.1495,-515182.149,-437249.22479999997,-453331.9995
9650000,2343.4465,13678.9279,61950.4555,-514848.0233,-436875.1934,-452897.5678
9651000,2376.3199,13745.4434,61826.7065,-515613.0774,-437664.6076,-453786.3709
9652000,2375.2331,13776.1809,61783.3654,-515860.0095,-437925.2301,-454076.6441
9653000,2335.5181,13779.7754,62157.4177,-516201.2903,-437928.5791,-454043.8726
9654000,2361.3326,13765.5158,62366.2064,-516476.2908,-437983.23600000003,-454110.0844
9655000,2367.5279,13841.97,62247.9329,-516121.4499,-437664.01910000003,-453873.517
9656000,2363.9019,13801.7346,62012.5658,-516166.3382,-437988.1359,-454153.7724
9657000,2384.5219,13716.5164,61803.4447,-515870.9411,-437966.4581,-454067.4964
9658000,2370.6636,13771.3468,61974.8477,-516148.4447,-438031.5866,-454173.597
9659000,2330.458,13848.8737,62288.7703,-516637.8396,-438169.7376,-454349.06930000003
9660000,2332.9456,13764.4374,61957.0083,-515886.4155,-437832.0242,-453929.4072
9661000,2342.0428,13755.6365,61933.0336,-515025.0046,-436994.2917,-453091.97099999996
9662000,2353.8584,13882.9183,61867.8441,-515401.6735,-437297.0527,-453533.8294
9663000,2354.1512,13788.8004,62465.9935,-516745.834,-438136.88889999996,-454279.8405
9664000,2373.4203,13876.9916,61648.1436,-515632.8536,-437734.29809999996,-453984.70999999996
9665000,2356.2458,13936.4156,62226.6737,-517194.5945,-438675.2594,-454967.9208
9666000,2338.5846,13832.1483,61955.1157,-516179.6413,-438053.7927,-454224.5256
9667000,2370.8644,13773.0668,62336.1585,-516517.4039,-438037.31419999996,-454181.24539999996
9668000,2340.9412,13806.6734,62325.8844,-516962.0848,-438488.5858,-454636.20040000003
9669000,2400.4221,13935.0585,62064.0234,-516044.4419,-437644.93789999996,-453980.41849999997
9670000,2344.1425,13808.2501,61796.9112,-515931.2181,-437981.9143,-454134.30689999997
9671000,2346.5843,13872.3247,62409.2965,-517075.3843,-438447.1788,-454666.0878
9672000,2368.0082,13794.9755,62203.8393,-516042.297,-437675.47400000005,-453838.4577
9673000,2374.2495,13776.6514,61772.2754,-515463.4915,-437540.3152,-453691.2161
9674000,2392.8306,13789.304,62679.6706,-516370.4122,-437508.607,-453690.7416
9675000,2317.855,13697.0346,62460.4921,-516253.583,-437778.20129999996,-453793.09089999995
9676000,2317.3294,13836.8845,62023.2081,-515244.5411,-437067.11909999995,-453221.333
9677000,2365.6214,13776.7095,61727.4356,-515213.9915,-437344.225,-453486.55590000004
9678000,2369.2204,13885.858,62090.9612,-515626.8824,-437280.8428,-453535.9212
9679000,2370.3532,13838.2043,62183.2003,-515875.4157,-437483.6579,-453692.2154
9680000,2362.9084,13866.1639,62154.426,-516196.0508,-437812.5525,-454041.62480000005
9681000,2365.6917,13750.1215,61594.0159,-515065.5079,-437355.6788,-453471.492
9682000,2347.8727,13766.5832,62291.5524,-515819.1769,-437413.16860000003,-453527.62450000003
9683000,2350.2936,13851.2786,61867.3049,-515770.1333,-437701.2562,-453902.8284
9684000,2365.5143,13897.3882,62622.8859,-516702.5218,-437816.73339999997,-454079.6359
9685000,2378.1497,13790.7181,62665.0505,-516831.5038,-437997.58550000004,-454166.4533
9686000,2360.8472,13820.8631,61723.8729,-515226.5075,-437320.9243,-453502.6346
9687000,2359.2043,13790.3104,62127.5906,-515950.5526,-437673.4473,-453822.962
9688000,2352.9092,13880.306,61660.2829,-516646.3896,-438752.8915,-454986.1067
9689000,2327.2812,13918.1365,62154.4551,-516477.2654,-438077.39259999996,-454322.81029999995
9690000,2374.2214,13899.3106,61960.5369,-515723.8695,-437489.80059999996,-453763.33259999997
9691000,2356.2124,13791.0708,62172.1509,-516193.8665,-437874.4324,-454021.7156
9692000,2383.5609,13861.8103,62095.7638,-516898.7817,-438557.6467,-454803.0179
9693000,2343.0688,13917.974,62148.5479,-516482.0851,-438072.4944,-454333.5372
9694000,2353.1834,13839.6544,61529.8707,-514729.4305,-437006.722,-453199.55980000005
9695000,2349.4278,13856.1287,62285.6993,-515810.3036,-437319.0478,-453524.6043
9696000,2384.4209,13836.218,62015.4885,-515710.8189,-437474.6915,-453695.33040000004
9697000,2394.5267,13903.5158,62265.9587,-515455.8873,-436891.8861,-453189.9286
9698000,2358.52,13916.7141,62588.424,-516781.7837,-437918.1256,-454193.35970000003
9699000,2375.136,13831.0505,61889.459,-515919.5526,-437823.9071,-454030.0936
9700000,2336.3006,13780.8266,62297.0993,-516395.5444,-437981.3179,-454098.4451
9701000,2350.4696,13767.9572,62394.6032,-516293.8956,-437780.8656,-453899.2924
9702000,2373.4221,13892.4609,61913.0729,-516136.4022,-437957.4463,-454223.3293
9703000,2348.7692,13836.1204,61833.4058,-516086.1049,-438067.8095,-454252.69909999997
9704000,2364.4126,13809.2818,61725.995,-515471.0318,-437571.34239999996,-453745.0368
9705000,2370.5822,13749.9564,61440.1705,-514551.0611,-436990.35199999996,-453110.8906
9706000,2353.774,13851.5449,61540.7044,-515432.2498,-437686.2265,-453891.5454
9707000,2388.8927,13807.1551,61967.3694,-515968.5471,-437805.12990000006,-454001.1777
9708000,2356.3453,13817.1343,62318.2367,-515880.7861,-437389.06980000006,-453562.5494
9709000,2358.5381,13983.7556,61322.1212,-514692.2669,-437027.85199999996,-453370.1457
9710000,2363.2349,13879.5981,62403.8785,-516484.4321,-437837.7206,-454080.5536
9711000,2363.9346,13958.4643,61606.2079,-516075.1842,-438146.5774,-454468.97630000004
9712000,2394.0999,13933.3503,62167.191,-516552.6019,-438057.9607,-454385.4109
9713000,2373.2929,13914.223,62144.7256,-516309.2776,-437877.03609999997,-454164.55199999997
9714000,2377.7322,13819.4884,61900.2729,-515604.8874,-437507.3939,-453704.6145
9715000,2394.5383,13869.9705,62907.3633,-516865.2473,-437693.3752,-453957.88399999996
9716000,2355.3304,13688.6492,61545.8767,-515287.1757,-437697.31940000004,-453741.299
9717000,2359.9198,13796.0997,61779.9122,-515909.7903,-437973.8586,-454129.8781
9718000,2352.9622,13842.7883,62247.0567,-516340.3141,-437897.50690000004,-454093.2574
9719000,2384.3084,13867.2864,62122.5158,-515668.1312,-437294.0206,-453545.6154
9720000,2376.6872,13909.7962,61947.5438,-516136.7901,-437902.7629,-454189.2463
9721000,2327.7041,13859.2734,61632.6074,-515602.5529,-437782.968,-453969.94550000003
9722000,2342.8275,13836.8277,62290.5794,-516019.8892,-437549.6546,-453729.3098
9723000,2322.0543,13757.5012,62206.4775,-516079.2009,-437793.1679,-453872.7234
9724000,2380.5505,13965.9168,61841.5257,-516530.4411,-438342.4481,-454688.9154
9725000,2353.0908,13752.6728,62337.9483,-516314.3298,-437870.6179,-453976.3815
9726000,2353.0604,13814.7266,61766.4624,-515886.0608,-437951.8114,-454119.59839999996
9727000,2353.5345,13864.1098,62255.6528,-516444.4874,-437971.1903,-454188.8346
9728000,2346.3321,13798.4629,62245.8307,-516610.9419,-438220.3162,-454365.1112
9729000,2363.0459,13952.973,61712.039,-516026.1748,-437998.11689999996,-454314.1358
9730000,2362.2336,13839.0231,61867.0154,-515995.9771,-437927.705,-454128.96170000004
9731000,2345.4108,13853.5793,62095.8258,-515983.2953,-437688.4794,-453887.4695
9732000,2378.3153,13812.793,62221.5884,-515595.6793,-437182.9826,-453374.0909
9733000,2371.3034,13857.9301,62493.7768,-517191.1337,-438468.12340000004,-454697.3569
9734000,2377.0313,13874.7676,61793.0898,-516229.5946,-438184.7059,-454436.5048
9735000,2368.4502,13815.058,62343.9132,-516717.8146,-438190.3932,-454373.9014
9736000,2377.637,13809.9432,62014.6202,-515589.9765,-437387.7761,-453575.3563
9737000,2363.9015,13811.7113,62889.3486,-516650.7905,-437585.8291,-453761.4419
9738000,2359.8431,13821.8632,62239.9396,-516196.543,-437774.8971,-453956.6034
9739000,2350.5461,13835.0967,61519.3554,-515134.1056,-437429.1074,-453614.7502
9740000,2321.9894,13791.7483,62283.7321,-516348.5654,-437951.0956,-454064.8333
9741000,2380.0072,13760.1589,61803.7204,-516021.3339,-438077.44740000006,-454217.61350000004
9742000,2353.5849,13812.0937,62401.77,-516763.7284,-438196.2798,-454361.9584
9743000,2344.6859,13731.7795,62402.4744,-516271.6278,-437792.688,-453869.1534
9744000,2367.3887,13844.2501,62568.7393,-516420.4137,-437640.03559999994,-453851.67439999996
9745000,2341.3351,13788.4087,62009.6946,-515482.7467,-437343.30830000003,-453473.05210000003
9746000,2357.6918,13833.8248,62198.6946,-515836.094,-437445.88279999996,-453637.3994
9747000,2390.1657,13773.3664,62157.0981,-516143.7719,-437823.1417,-453986.6738
9748000,2333.5421,13796.9396,62283.8709,-515651.1373,-437236.7847,-453367.2664
9749000,2377.2963,13728.2188,61653.9185,-515752.4876,-437993.054,-454098.56909999996
9750000,2316.0648,13849.0022,62252.5354,-516373.8855,-437956.2831,-454121.3501
9751000,2359.0224,13911.5484,63024.5282,-517124.7898,-437829.69080000004,-454100.2616
9752000,2345.437,13795.8694,62065.214,-516327.4269,-438120.90650000004,-454262.21290000004
9753000,2355.7919,13890.4987,61686.6615,-515622.1227,-437689.1706,-453935.4612
9754000,2364.6724,13872.635,62141.8627,-515977.1076,-437597.9375,-453835.2449
9755000,2318.4745,13762.8292,61885.7329,-515904.3469,-437937.3103,-454018.614
9756000,2369.9254,13807.9696,61945.5239,-515198.5012,-437075.0823,-453252.9773
9757000,2366.7285,13879.4533,62426.4155,-515796.1981,-437123.6008,-453369.7826
9758000,2381.3082,13800.7858,61780.7964,-515678.5623,-437715.67189999996,-453897.7659
9759000,2344.8546,13765.6731,61585.3491,-515083.8137,-437387.9369,-453498.4646
9760000,2370.1826,13805.166,62228.0286,-515978.3174,-437574.9402,-453750.2888
9761000,2375.0268,13863.1036,62010.5798,-515572.817,-437324.10679999995,-453562.2372
9762000,2383.9718,13875.6413,62141.3723,-516248.2897,-437847.3043,-454106.91740000003
9763000,2352.8302,13843.4196,62357.1022,-516696.926,-438143.57399999996,-454339.82379999995
9764000,2356.9937,13799.5507,62051.3296,-516743.1499,-438535.2759,-454691.8203
9765000,2373.101,13805.1425,61987.3777,-515897.129,-437731.5078,-453909.7513
9766000,2357.9923,13780.1364,62561.1243,-516627.3159,-437928.0629,-454066.19159999996
9767000,2373.5392,13792.3181,61768.8595,-515880.0859,-437945.3691,-454111.2264
9768000,2342.6697,13791.2431,61862.8832,-515119.2306,-437122.43460000004,-453256.3474
9769000,2349.4587,13868.9639,61875.1834,-515382.0749,-437288.4689,-453506.8915
9770000,2328.6584,13785.6766,62112.2053,-516220.1583,-437993.618,-454107.953
9771000,2353.3856,13763.3773,61845.311,-516069.9269,-438107.853,-454224.61590000003
9772000,2409.0401,13847.9116,62690.0038,-516921.7771,-437974.8216,-454231.7733
9773000,2378.7529,13797.2491,62216.1603,-516421.904,-438029.7417,-454205.7437
9774000,2357.2187,13821.6543,62051.7635,-515793.8708,-437563.2343,-453742.1073
9775000,2371.2893,13858.573,62209.0746,-516085.162,-437646.22510000004,-453876.0874
9776000,2365.7054,13890.9577,62010.7941,-515895.9071,-437628.4499,-453885.113
9777000,2332.3372,13826.1503,62170.7177,-516801.9962,-438472.79099999997,-454631.2785
9778000,2301.4257,13814.0276,63016.6846,-516935.0188,-437802.8809,-453918.33420000004
9779000,2359.8744,13863.0799,62280.0056,-515955.3617,-437452.4018,-453675.35610000003
9780000,2376.0348,13838.7928,62088.7734,-515894.902,-437591.301,-453806.1286
9781000,2355.2132,13798.7752,61738.4695,-515808.6119,-437916.15400000004,-454070.1424
9782000,2337.069,13870.8786,61967.3866,-515758.7304,-437583.3962,-453791.34380000003
9783000,2336.8211,13944.0138,61882.3719,-516021.0495,-437857.84270000004,-454138.67760000005
9784000,2337.3987,13771.1291,62409.0821,-516558.7963,-438041.1864,-454149.7142
9785000,2366.9994,13805.3723,62284.2407,-516714.4613,-438257.84890000004,-454430.2206
9786000,2354.5532,13824.5776,62120.7693,-515993.3565,-437693.4564,-453872.5872
9787000,2321.2923,13762.3506,61939.9324,-515548.3781,-437524.80279999995,-453608.4457
9788000,2342.7489,13824.7094,62233.2938,-516497.1035,-438096.35140000004,-454263.80970000004
9789000,2341.2847,13809.4005,62210.7601,-516343.8323,-437982.387,-454133.0722
9790000,2343.2811,13741.1089,61432.6689,-515205.2263,-437688.1674,-453772.5574
9791000,2370.6629,13816.1436,61908.6042,-515878.9322,-437783.5215,-453970.328
9792000,2361.4893,13810.9788,61670.481,-515023.4424,-437180.4933,-453352.96140000003
9793000,2360.6085,13830.0807,61929.4812,-515852.8731,-437732.7027,-453923.39190000005
9794000,2371.0677,13809.0653,62402.6458,-516767.2244,-438184.4456,-454364.5786
9795000,2372.9201,13853.9052,62449.2822,-516434.2543,-437758.1468,-453984.97209999996
9796000,2333.2738,13876.8345,62076.336,-515826.7615,-437540.31720000005,-453750.4255
9797000,2335.2318,13859.4272,62111.4068,-516246.3692,-437940.30340000003,-454134.9624
9798000,2386.2056,13818.4608,62311.5699,-516177.7454,-437661.5091,-453866.1755
9799000,2359.8215,13899.7357,61895.0801,-515676.5863,-437521.949,-453781.5062
9800000,2390.6581,13775.9208,61660.7943,-515351.902,-437524.5288,-453691.1077
9801000,2362.9626,13721.724,62051.6131,-516150.5325,-438014.2328,-454098.91939999996
9802000,2342.0872,13858.2517,62259.5419,-515801.2437,-437341.3629,-453541.7018
9803000,2376.4357,13893.3995,61790.2592,-516247.0395,-438186.9451,-454456.7803
9804000,2365.9062,13736.7358,62210.3292,-516529.145,-438216.1738,-454318.81580000004
9805000,2345.8113,13735.7496,61668.4184,-515902.2289,-438152.2496,-454233.81049999996
9806000,2388.086,13834.1197,62181.7287,-516072.2861,-437668.3517,-453890.55740000005
9807000,2405.8358,13937.1769,62000.5834,-515735.7249,-437392.12879999995,-453735.14149999997
9808000,2329.2273,13830.0452,62389.222,-516290.4254,-437741.93090000004,-453901.2034
9809000,2313.8955,13811.0986,62044.3788,-515909.2039,-437739.831,-453864.8251
9810000,2377.3709,13879.3518,62237.6708,-515948.6523,-437454.2588,-453710.9815
9811000,2314.3185,13768.7747,61750.2864,-515434.6221,-437601.2425,-453684.3357
9812000,2371.4485,13750.6408,62004.3275,-515818.0149,-437691.5981,-453813.6874
9813000,2367.6388,13781.5145,61984.8708,-515928.7491,-437794.72500000003,-453943.87830000004
9814000,2394.9385,13887.1817,61453.5983,-515031.0913,-437295.37279999995,-453577.49299999996
9815000,2360.0315,13846.562,62198.2356,-515914.188,-437509.3589,-453715.9524
9816000,2332.4065,13896.3345,62500.2614,-516618.6438,-437889.6414,-454118.3824
9817000,2350.5911,13942.9819,61993.893,-515932.2961,-437644.83009999996,-453938.4031
9818000,2331.425,13893.7657,61977.8112,-515076.0227,-436873.02079999994,-453098.2115
9819000,2322.0806,13756.1798,62119.4662,-515998.2219,-437800.4953,-453878.7557
9820000,2349.9428,13770.9829,62345.0899,-516049.4689,-437583.4533,-453704.37899999996
9821000,2347.7511,13785.1853,62709.0501,-517090.9715,-438248.985,-454381.9214
9822000,2396.1391,13849.7184,61849.6517,-515373.4116,-437277.9024,-453523.7599
9823000,2338.162,13864.1957,61285.2934,-514766.7677,-437279.1166,-453481.4743
9824000,2353.6072,13936.3786,61680.9028,-515448.59,-437477.7014,-453767.68720000004
9825000,2374.6417,13834.6968,61910.0953,-516418.9308,-438299.497,-454508.8355
9826000,2342.3282,13850.6096,61895.6052,-515848.3441,-437759.8011,-453952.7389
9827000,2355.3031,13907.8422,62113.3393,-515717.9156,-437341.431,-453604.5763
9828000,2379.4046,13828.3317,62096.3066,-516466.9513,-438162.9084,-454370.6447
9829000,2362.1455,13829.7409,62259.8872,-516308.4576,-437856.684,-454048.5704
9830000,2349.224,13877.9107,62256.7532,-516484.3301,-438000.44220000005,-454227.57690000004
9831000,2328.7574,13834.4907,62500.9362,-516755.6678,-438091.4835,-454254.7316
9832000,2338.835,13767.2363,61876.7691,-516035.0528,-438052.2124,-454158.2837
9833000,2338.4706,13795.7544,61662.8912,-515166.6942,-437369.57800000004,-453503.803
9834000,2346.9845,13898.2253,61993.7585,-516014.1485,-437775.1802,-454020.39
9835000,2349.9761,13847.1494,62099.5984,-515936.3929,-437639.669,-453836.79449999996
9836000,2351.8189,13878.6682,62155.528,-516276.6278,-437890.6127,-454121.0998
9837000,2378.7134,13885.0597,61538.5794,-515669.8938,-437867.54130000004,-454131.31440000003
9838000,2355.2948,13815.3866,62565.2131,-516540.2039,-437804.3094,-453974.9908
9839000,2335.0081,13829.4463,62620.9935,-516640.0099,-437854.56200000003,-454019.0164
9840000,2353.4022,13936.5744,62049.7041,-516025.0371,-437685.35640000005,-453975.333
9841000,2343.079,13813.4444,62224.7915,-516088.378,-437707.0631,-453863.58650000003
9842000,2352.1649,13948.6033,62028.8792,-515677.591,-437347.9436,-453648.7118
9843000,2351.316,13806.619,62107.573,-515976.555,-437711.047,-453868.982
9844000,2380.6977,13883.9354,62494.7086,-516341.5834,-437582.2417,-453846.8748
9845000,2351.8406,13844.6075,61974.8921,-516071.2497,-437899.9095,-454096.3576
9846000,2354.6199,13926.9819,61876.9072,-515828.8332,-437670.3242,-453951.926
9847000,2354.0276,13821.4878,62089.294,-516238.7019,-437973.89249999996,-454149.4079
9848000,2350.3513,13913.8234,62128.0465,-516794.9473,-438402.72609999997,-454666.9008
9849000,2364.7605,13802.7381,62389.4873,-516632.4254,-438075.4395,-454242.9381
9850000,2354.4909,13842.0529,61943.9086,-516335.6784,-438195.22599999997,-454391.76979999995
9851000,2371.8938,13793.5125,61976.0377,-516210.5938,-438069.14979999996,-454234.5561
9852000,2357.6938,13880.6467,61741.5655,-515747.6101,-437767.7041,-454006.0446
9853000,2374.7341,13813.2362,61430.2886,-514694.3743,-437076.1154,-453264.08570000005
9854000,2393.6288,13812.4864,61731.9151,-514941.9627,-437003.9324,-453210.0476
9855000,2344.3348,13804.8405,62263.0222,-516627.0251,-438214.8276,-454364.0029
9856000,2362.6266,13802.6217,62007.3696,-516435.0144,-438262.3965,-454427.6448
9857000,2372.4044,13901.4957,62300.9715,-515999.3227,-437424.4511,-453698.35120000003
9858000,2358.3753,13818.4222,61758.8072,-514675.254,-436739.64930000005,-452916.44680000003
9859000,2359.6984,13698.0047,62289.9669,-516200.9794,-437853.3094,-453911.0125
9860000,2377.1677,13825.7012,61675.3385,-515355.1243,-437476.9169,-453679.7858
9861000,2342.3526,13740.3379,62830.4571,-516627.3932,-437714.2456,-453796.9361
9862000,2341.6516,13795.8383,61970.9747,-515889.6638,-437781.1992,-453918.68909999996
9863000,2379.839,13937.2756,62177.3899,-516265.4141,-437770.9096,-454088.0242
9864000,2364.4553,13877.1226,61995.048,-516274.6007,-438037.9748,-454279.5527
9865000,2361.2608,13841.9796,61907.3599,-515541.2425,-437430.6422,-453633.8826
9866000,2328.5626,13863.1516,62170.3757,-515639.0412,-437276.95129999996,-453468.6655
9867000,2357.7054,13882.3798,62116.6847,-515344.8998,-436988.1299,-453228.21510000003
9868000,2359.152,13834.9943,62052.3545,-515455.9562,-437209.4554,-453403.6017
9869000,2377.5402,13855.0651,62011.0005,-515486.3387,-437242.7329,-453475.3382
9870000,2366.228,13828.5629,62194.3049,-516670.2664,-438281.1706,-454475.96150000003
9871000,2350.7096,13819.4627,62143.1163,-515944.9015,-437631.61289999995,-453801.7852
9872000,2389.3598,13817.3324,61621.921,-515709.5663,-437880.9531,-454087.6453
9873000,2350.0355,13807.0763,62536.5116,-516200.7477,-437507.1243,-453664.2361
9874000,2386.51,13839.5975,62162.1922,-515881.3031,-437493.00340000005,-453719.1109
9875000,2343.944,13793.3402,61564.5355,-515000.315,-437298.4953,-453435.7795
9876000,2335.9414,13838.3913,61756.2638,-515832.4597,-437901.8632,-454076.1959
9877000,2351.7737,13859.14,61635.1589,-515377.233,-437531.1604,-453742.0741
9878000,2348.1985,13695.2353,61741.1644,-515294.4186,-437509.82039999997,-453553.25419999997
9879000,2392.6009,13924.7859,62156.707,-515926.223,-437452.12919999997,-453769.516
9880000,2339.9126,13836.3709,61836.3438,-515668.7684,-437656.1411,-453832.4246
9881000,2353.9204,13781.278,61809.9532,-515069.6042,-437124.45259999996,-453259.651
9882000,2337.8681,13811.6206,61609.8437,-515450.1526,-437690.82019999996,-453840.30889999995
9883000,2344.6206,13813.851,61694.7487,-515350.8503,-437497.63,-453656.1016
9884000,2352.7159,13828.6814,61834.6819,-516314.5875,-438298.5083,-454479.9056
9885000,2374.8345,14011.4251,62146.9122,-516583.2493,-438050.0775,-454436.3371
9886000,2352.4301,13918.9119,62132.9848,-516572.379,-438168.05220000003,-454439.39420000004
9887000,2362.01,13907.131,61833.1335,-515825.7676,-437723.4931,-453992.6341
9888000,2371.2545,13834.4534,62040.0766,-515774.496,-437528.7115,-453734.4194
9889000,2338.4318,13819.4085,61779.2299,-515043.4695,-437106.3993,-453264.23960000003
9890000,2370.9777,13857.9755,62206.7044,-515977.8742,-437542.21660000004,-453771.16980000003
9891000,2380.9386,13868.4629,62110.6038,-516286.4629,-437926.45759999997,-454175.8591
9892000,2381.3832,13861.1134,61534.5027,-515427.9104,-437650.9111,-453893.4077
9893000,2349.9912,13767.7624,62009.9223,-515826.8671,-437699.1912,-453816.9448
9894000,2359.0912,13793.31,61836.2245,-515415.5409,-437426.91520000005,-453579.3164
9895000,2335.9425,13783.4881,62501.5669,-516250.5072,-437629.5097,-453748.9403
9896000,2318.2713,13838.8885,62157.006,-516038.5464,-437724.3806,-453881.5404
9897000,2324.3331,13785.3022,61822.2213,-515743.4793,-437811.6227,-453921.25800000003
9898000,2333.0111,13771.6089,61917.0142,-516317.7715,-438296.13729999994,-454400.7573
9899000,2367.0119,13779.2849,62276.7168,-516500.3573,-438077.34369999997,-454223.6405
9900000,2384.4956,13940.7266,62256.9957,-516135.4911,-437553.2732,-453878.4954
9901000,2322.3814,13939.9981,62126.9578,-515717.7874,-437328.45009999996,-453590.8296
9902000,2343.0979,13824.8386,62035.3296,-515538.5845,-437335.3184,-453503.2549
9903000,2352.723,13779.5563,62282.4499,-516031.4616,-437616.7324,-453749.0117
9904000,2346.2081,13842.6434,62003.142,-515385.7142,-437193.7207,-453382.5722
9905000,2344.2181,13822.5868,62015.5318,-516134.3146,-437951.9779,-454118.7828
9906000,2361.5052,13749.9023,61753.1643,-515331.3781,-437466.8063,-453578.21379999997
9907000,2365.8765,13812.2413,62768.513,-516797.82,-437851.1892,-454029.30700000003
9908000,2343.5915,13778.2658,62430.9183,-516026.7254,-437473.9498,-453595.8071
9909000,2339.2032,13931.143,61459.5689,-514730.9379,-437001.02280000004,-453271.369
9910000,2325.2295,13814.8611,62391.318,-517099.3428,-438567.9342,-454708.0248
9911000,2358.1607,13871.3333,62791.2852,-517807.2325,-438786.4533,-455015.9473
9912000,2319.3931,13888.4803,62253.0854,-516618.9201,-438157.96129999997,-454365.8347
9913000,2383.152,13857.6717,62658.5404,-517105.3682,-438206.0041,-454446.8278
9914000,2358.0304,13777.436,62388.7732,-516697.0468,-438172.80720000004,-454308.2736
9915000,2377.4517,13753.5307,61781.3867,-514900.4225,-436988.0534,-453119.03579999995
9916000,2336.5859,13739.1071,61563.0196,-514735.1184,-437096.40579999995,-453172.0988
9917000,2383.3075,13786.7503,61714.7347,-514986.0465,-437101.254,-453271.3118
9918000,2358.6589,13921.1876,62084.4449,-516154.8106,-437790.51920000004,-454070.3657
9919000,2343.8812,13807.5666,61645.4419,-515977.1326,-438180.2429,-454331.69070000004
9920000,2360.3349,13774.3202,61856.6207,-515883.9553,-437892.67949999997,-454027.33459999994
9921000,2336.8959,13803.3616,61852.8365,-515419.6153,-437426.5213,-453566.77880000003
9922000,2339.1477,13807.2213,61509.2842,-514596.8677,-436941.2145,-453087.5835
9923000,2347.9201,13770.687,62046.5861,-515415.1851,-437249.9919,-453368.599
9924000,2324.115,13796.4613,61733.2345,-515123.3536,-437269.54279999994,-453390.11909999995
9925000,2353.6232,13762.8086,62003.0601,-514889.7969,-436770.305,-452886.7368
9926000,2350.7476,13801.5216,61770.9955,-515338.0928,-437414.8281,-453567.09729999996
9927000,2328.8469,13782.9499,61856.4283,-515388.2607,-437420.0356,-453531.83239999996
9928000,2381.1675,13925.2406,61824.7243,-515276.4377,-437145.3053,-453451.7134
9929000,2328.8826,13765.065,62228.719,-516125.5547,-437802.8881,-453896.8357
9930000,2312.4064,13856.4357,62177.0467,-516318.0838,-437972.195,-454141.0371
9931000,2322.0171,13738.7573,61741.4891,-515599.8293,-437797.5658,-453858.3402
9932000,2357.5865,13753.2276,61766.4864,-515349.8967,-437472.59619999997,-453583.4103
9933000,2347.2732,13818.513,61938.3186,-515404.1503,-437300.0455,-453465.8317
9934000,2345.2211,13795.6073,62535.6353,-515523.7109,-436847.2472,-452988.0756
9935000,2368.4879,13756.9387,62132.7126,-515918.1678,-437660.02859999996,-453785.45519999997
9936000,2350.4335,13797.1643,62213.6042,-516408.6982,-438047.4962,-454195.094
9937000,2346.127,13815.6207,62135.6503,-515694.5651,-437397.1671,-453558.9148
9938000,2349.671,13893.3316,62357.283,-515403.3732,-436803.08759999997,-453046.0902
9939000,2341.2205,13699.4969,61575.6546,-515385.9114,-437769.5394,-453810.2568
9940000,2358.2196,13785.7934,62181.2327,-515894.069,-437568.82330000005,-453712.8363
9941000,2375.897,13875.0165,61760.5362,-515859.1412,-437847.6915,-454098.605
9942000,2322.1739,13829.1003,62039.4315,-516009.2169,-437818.5112,-453969.7854
9943000,2394.9359,13799.8894,61916.5833,-515515.0708,-437403.6622,-453598.4875
9944000,2381.7026,13777.9124,62218.2667,-516336.7574,-437958.8757,-454118.4907
9945000,2327.9995,13860.051,62044.7894,-516040.937,-437808.09709999996,-453996.14759999997
9946000,2349.2926,13820.488,62179.9584,-515928.3437,-437578.6047,-453748.3853
9947000,2338.8508,13784.2389,62376.7543,-516629.3223,-438129.4783,-454252.56799999997
9948000,2360.2826,13859.7294,61753.1633,-515637.6011,-437664.4258,-453884.4378
9949000,2362.0597,13861.2596,62101.221,-516776.7347,-438452.1944,-454675.51369999995
9950000,2399.0948,13858.6015,62586.5389,-516621.4816,-437777.2464,-454034.9427
9951000,2350.0807,13828.1028,62017.8319,-516399.5552,-438203.5398,-454381.7233
9952000,2338.053,13909.1062,62346.3741,-516828.4435,-438234.9102,-454482.0694
9953000,2366.419,13748.3655,61715.9659,-515109.2003,-437278.4499,-453393.2344
9954000,2354.45,13816.382,61947.5388,-515699.9079,-437581.53709999996,-453752.3691
9955000,2359.8861,13883.4634,61498.9615,-514940.7755,-437198.4645,-453441.814
9956000,2363.8707,13888.5277,61704.7579,-515569.7367,-437612.5804,-453864.97880000004
9957000,2356.8026,13789.36,61590.4618,-515203.7801,-437467.1557,-453613.3183
9958000,2380.6335,13928.3239,61858.8664,-515264.9871,-437097.1633,-453406.1207
9959000,2373.8854,13914.3344,61845.2924,-516048.9243,-437915.4121,-454203.63190000004
9960000,2315.243,13821.902,62073.3012,-515883.9049,-437673.4587,-453810.60370000004
9961000,2404.9382,13881.0083,62115.0905,-516042.0551,-437641.0181,-453926.9646
9962000,2346.0234,13816.9102,61940.7548,-515952.4359,-437848.7475,-454011.6811
9963000,2357.3339,14031.1255,61982.5392,-516033.9825,-437662.9839,-454051.4433
9964000,2359.5841,13849.0064,62220.3931,-515738.121,-437309.1374,-453517.7279
9965000,2332.7642,13767.92,62430.8169,-517203.6432,-438672.1421,-454772.8263
9966000,2364.9752,13844.913,61878.4517,-516002.6327,-437914.29280000005,-454124.18100000004
9967000,2338.8354,13811.6905,62151.6343,-516443.7382,-438141.57800000004,-454292.10390000005
9968000,2351.5096,13799.0062,62017.9572,-516394.7593,-438226.2863,-454376.8021
9969000,2362.905,13924.5306,62074.8501,-516417.5086,-438055.2229,-454342.6585
9970000,2327.2237,13774.0923,62061.3541,-515521.932,-437359.2619,-453460.5779
9971000,2341.4059,13893.0799,61843.6733,-515718.3593,-437640.2002,-453874.686
9972000,2346.5347,13780.7896,61671.503,-515680.0933,-437881.266,-454008.59030000004
9973000,2336.0057,13770.0783,61963.8627,-515967.4198,-437897.47309999994,-454003.5571
9974000,2354.9821,13909.6794,62474.3063,-516489.3819,-437750.4141,-454015.0756
9975000,2348.8084,13748.0444,61930.059,-515910.4437,-437883.5319,-453980.3847
9976000,2321.7792,13898.5198,61830.044,-516028.0301,-437977.6871,-454197.9861
9977000,2369.7587,13901.4655,62364.3999,-517186.2401,-438550.616,-454821.8402
9978000,2321.7638,13807.7341,61806.7852,-516017.3065,-438081.0234,-454210.5213
9979000,2376.3985,13896.314,62429.9507,-517243.6178,-438540.9546,-454813.6671
9980000,2355.6603,13841.439,62050.5167,-516518.2835,-438270.66750000004,-454467.76680000004
9981000,2368.2479,13779.2706,62129.4677,-516358.9248,-438081.9386,-454229.4571
9982000,2358.4016,13792.763,62127.665,-516256.0429,-437977.2133,-454128.3779
9983000,2327.4276,13905.5378,62425.3578,-516292.0823,-437633.7591,-453866.7245
9984000,2365.9572,13892.8713,61737.6551,-515536.8878,-437540.4042,-453799.23270000005
9985000,2330.3369,13778.2017,62124.0899,-515980.7321,-437748.10360000003,-453856.6422
9986000,2371.4628,13844.9793,62166.2982,-516272.3547,-437889.6144,-454106.0565
9987000,2345.228,13714.9096,62224.5338,-516554.2546,-438269.5832,-454329.7208
9988000,2343.032,13874.2036,62052.7315,-516493.7199,-438223.7528,-454440.98840000003
9989000,2337.6522,13774.4109,62534.5703,-516961.3704,-438314.737,-454426.8001
9990000,2350.4472,13826.1491,61861.4072,-515548.3683,-437510.3648,-453686.96109999996
9991000,2365.917,13904.1442,62289.7108,-516268.4641,-437708.6921,-453978.7533
9992000,2372.0473,13810.0958,62138.4551,-516248.562,-437927.96379999997,-454110.10689999996
9993000,2335.0157,13816.4133,62271.8444,-516458.9489,-438035.6755,-454187.1045
9994000,2356.7207,13762.3766,61731.6939,-515285.0267,-437434.2355,-453553.3328
9995000,2373.1067,13884.1422,61490.8101,-515168.8786,-437420.8196,-453678.0685
9996000,2349.6831,13790.0203,61816.5694,-515564.7917,-437608.5189,-453748.2223
9997000,2381.0924,13797.6135,62659.5446,-516664.3434,-437826.09290000005,-454004.7988
9998000,2366.1245,13780.6866,62232.4454,-515899.5601,-437520.3036,-453667.11470000003
9999000,2348.7434,13862.125,62463.4108,-516711.0672,-438036.788,-454247.6564
10000000,2348.1778,13871.9541,61727.7054,-515989.3122,-438041.4749,-454261.6068
10000000,2354.2728,13787.7716,62060.3096,-515770.0396,-437567.6856,-453709.73000000004
10000000,19.6903,64.7984,308.0025,566.2472,958.7384,874.2497000000001
